tree
version=v4
num_class=1
num_tree_per_iteration=1
label_index=0
max_feature_idx=38
objective=quantile
feature_names=open high low close volume log_return_1 return_1 log_return_2 return_2 log_return_3 return_3 log_return_6 return_6 log_return_12 return_12 vol_std_10 vol_std_20 vol_std_50 candle_body candle_range upper_wick lower_wick volume_mean_20 volume_zscore_20 volume_mean_50 volume_zscore_50 ema_20 sma_20 price_minus_ema_20 slope_ema_20 ema_50 sma_50 price_minus_ema_50 slope_ema_50 rsi atr macd macd_signal macd_hist
feature_infos=[76322.419999999998:124658.53999999999] [82753.210000000006:126199.63] [74620:123084] [79607.300000000003:124658.53999999999] [3282.1735199999998:75488.287719999993] [-0.075859746128425054:0.079227189821365701] [-0.073053794763213609:0.082450215808146599] [-0.094928540621620677:0.092593775538753087] [-0.090562079985270771:0.097016010004315589] [-0.10834761560214169:0.095245245101140963] [-0.10268437870014435:0.099928574145531135] [-0.10977645175727252:0.10875645868141645] [-0.10396558017095736:0.11489079530098945] [-0.1557895489062793:0.1602457205237113] [-0.14426073731408195:0.1737992621279707] [0.0067906840391973805:0.042626859548273464] [0.0083264029843529708:0.033178686941418678] [0.012886872089589071:0.035213899660556033] [-8887.9100000000035:6292.8000000000029] [631.05999999999767:20550] [5.3999999999941792:3467.9100000000035] [0.0099999999947613105:10774.5] [11697.126923:29874.631144999999] [-1.9753316745089218:3.7278130734512267] [13707.372944919998:32492.508029000001] [-1.8298876082340298:5.3727706585931179] [82419.844256257697:118503.50695870617] [82559.6685:118285.32549999999] [-10013.467900281466:9193.2285211668932] [-1054.049252661207:967.70826538599795] [85135.587283359666:116006.97126196776] [84084.938200000004:116632.12039999999] [-14074.867321957587:14783.515439838986] [-574.48438048806565:603.40879346281872] [21.959172124347589:89.107707392197852] [1934.8592857142855:5336.999285714287] [-3280.5511495466781:4230.04785159936] [-2554.7542914800069:3915.8172951622596] [-1513.9483335155799:1367.8943281556512]
tree_sizes=830 841 909 840 846 917 914 920 919 828 840 918 919 917 839 927 842 898 916 926 913 925 837 831 832 898 921 836 831 840 754 847 935 929 844 746 922 912 914 924 822 915 922 916 932 842 923 926 922 844 842 919 833 841 833 919 839 922 846 926 924 855 912 925 919 910 903 835 841 921 755 835 928 828 744 916 833 830 905 901 831 829 828 916 842 935 928 829 912 931 846 924 852 838 910 919 931 933 922 919 926 927 836 850 842 842 934 840 835 934 836 833 848 913 842 849 839 830 836 907

Tree=0
num_leaves=8
num_cat=0
split_feature=0 23 11 35 9 9 7
split_gain=2.99979 2.89568 1.61054 1.56279 2.11778 1.67748 0.804762
threshold=114435.69000000002 -1.008112018483567 0.018561647951258975 2501.3374999999992 0.0061353917298277933 0.01950566372958035 -0.010039682674548174
decision_type=2 2 2 2 2 2 2
left_child=1 -1 -2 -3 6 -6 -5
right_child=2 3 -4 4 5 -7 -8
leaf_value=0.0014793192560318858 0.00072901871171779928 0.0016961854475084693 0.001087205570365768 0.001223478402243927 0.00066598785924725239 0.00089656503987498579 0.0012674343830440193
leaf_weight=22 35 24 26 35 20 37 21
leaf_count=22 35 24 26 35 20 37 21
internal_value=0.00109157 0.00470792 -0.00833466 0.00200398 -0.000457101 -0.00724176 0.00644871
internal_weight=220 159 61 137 113 57 56
internal_count=220 159 61 137 113 57 56
is_linear=0
shrinkage=1


Tree=1
num_leaves=8
num_cat=0
split_feature=0 23 32 35 9 37 7
split_gain=2.63459 2.45637 1.76071 1.46622 2.08343 1.54032 1.06553
threshold=114435.69000000002 -1.0471335945031561 5750.8128554461446 2501.3374999999992 0.0061353917298277933 1012.8938417340725 -0.0073926936558411172
decision_type=2 2 2 2 2 2 2
left_child=1 -1 -2 -3 6 -6 -5
right_child=2 3 -4 4 5 -7 -8
leaf_value=0.00036836001294432213 -0.0003312032547182753 0.00057438289484707645 1.0637707673595283e-05 9.6871584828477368e-05 -3.9618169248569762e-05 -0.00040642403531819581 0.00031449821282876657
leaf_weight=20 34 24 27 37 36 22 20
leaf_count=20 34 24 27 37 36 22 20
internal_value=0.000227273 0.00361635 -0.00860656 0.00125899 -0.00108696 -0.00775862 0.00570175
internal_weight=220 159 61 139 115 58 57
internal_count=220 159 61 139 115 58 57
is_linear=0
shrinkage=0.05


Tree=2
num_leaves=9
num_cat=0
split_feature=27 11 18 5 15 35 26 24
split_gain=2.14125 1.98811 1.1413 1.30034 1.35174 1.32792 1.875 1.225
threshold=116555.54975000002 -0.038244576851407829 2229.5000000000005 0.0089955497568801664 0.012201626483293747 2728.3567857142857 105443.80399906462 18109.522527910001
decision_type=2 2 2 2 2 2 2 2
left_child=1 -1 3 4 -3 -6 -7 -8
right_child=-2 2 -4 -5 5 6 7 -9
leaf_value=0.000460954475987819 -0.000397504303583446 -0.00024073452380253004 0.00034007405904412733 -0.0003231244604030508 0.00055499010749917948 0.0001880296227900544 0.00024465899943243132 -0.00073206680458679342
leaf_weight=25 34 23 21 34 23 20 20 20
leaf_count=25 34 23 21 34 23 20 20 20
internal_value=-0.000227273 0.00188172 -0.00015528 -0.00178571 0.000943396 0.00391566 0 -0.00625
internal_weight=220 186 161 140 106 83 60 40
internal_count=220 186 161 140 106 83 60 40
is_linear=0
shrinkage=0.05


Tree=3
num_leaves=8
num_cat=0
split_feature=23 22 0 35 21 15 23
split_gain=2.07408 1.77658 2.28481 1.54822 1.16197 1.03712 0.989277
threshold=-1.0471335945031561 14200.118981900001 108310.26500000001 2954.2339285714297 973.75000000000011 0.02206853513711908 0.097657987970998963
decision_type=2 2 2 2 2 2 2
left_child=-1 -2 3 -3 6 -5 -4
right_child=1 2 4 5 -6 -7 -8
leaf_value=0.00029558545915569996 0.00024046884237832278 -0.00018193899359102944 -0.00027341329536279772 0.00041037732258046166 -0.00055597195419904892 0.00010733271139979481 0.00013083460398120224
leaf_weight=27 35 35 31 20 27 24 21
leaf_count=27 35 35 31 20 27 24 21
internal_value=0.000909091 -0.000906736 -0.00316456 0.0028481 -0.00917722 0.00909091 -0.00480769
internal_weight=220 193 158 79 79 44 52
internal_count=220 193 158 79 79 44 52
is_linear=0
shrinkage=0.05


Tree=4
num_leaves=8
num_cat=0
split_feature=27 11 15 22 3 15 9
split_gain=1.78072 1.90747 1.14845 1.76576 1.56174 1.50774 0.907407
threshold=116555.54975000002 -0.038244576851407829 0.012524622167138261 14200.118981900001 110225.49500000001 0.018022794059555414 0.0061353917298277933
decision_type=2 2 2 2 2 2 2
left_child=1 -1 -3 -4 5 -5 -7
right_child=-2 2 3 4 -6 6 -8
leaf_value=0.00043204004193208678 -0.00036071361455012382 -0.00021960084793285208 0.00030879013085750558 0.00030955422768332941 -0.00028006601346333129 0.0001136669778115538 -0.0002308512103427711
leaf_weight=25 34 35 24 25 23 27 27
leaf_count=25 34 35 24 25 23 27 27
internal_value=0.000227273 0.00215054 0.00015528 0.00238095 -0.000490196 0.0028481 -0.00185185
internal_weight=220 186 161 126 102 79 54
internal_count=220 186 161 126 102 79 54
is_linear=0
shrinkage=0.05


Tree=5
num_leaves=9
num_cat=0
split_feature=9 9 4 4 0 22 7 23
split_gain=2.02099 2.04617 1.70531 1.91782 1.4359 1.05834 1.03192 0.985089
threshold=0.0070524953151169479 0.022277771851573858 13650.034965000001 17055.868450000005 110088.14500000002 15058.815676400001 0.027176786962684905 -0.051760480249660956
decision_type=2 2 2 2 2 2 2 2
left_child=2 7 5 -4 -5 -1 -3 -2
right_child=1 6 3 4 -6 -7 -8 -9
leaf_value=1.3867410695175099e-05 -0.00022665875504119008 0.00044788550642666636 -0.00024833025840702072 0.00022481426246451837 -0.00013809552822453941 0.0003481322181880223 -0.00011202186360520046 -0.00029414202324101827
leaf_weight=22 33 23 21 28 24 21 27 21
leaf_count=22 33 23 21 28 24 21 27 21
internal_value=-0.000227273 -0.00528846 0.00431034 -0.000342466 0.00480769 0.0122093 0.002 -0.012037
internal_weight=220 104 116 73 52 43 50 54
internal_count=220 104 116 73 52 43 50 54
is_linear=0
shrinkage=0.05


Tree=6
num_leaves=9
num_cat=0
split_feature=9 9 37 7 19 7 28 34
split_gain=1.80377 2.06782 1.18812 1.28926 1.15885 1.0163 1.61712 0.894675
threshold=0.0070524953151169479 0.022277771851573858 379.91076896635991 -0.0073926936558411172 2473.9049999999993 -0.002159089409115046 1228.036544122195 54.826200305123173
decision_type=2 2 2 2 2 2 2 2
left_child=2 4 3 -1 -2 6 -4 -3
right_child=1 7 5 -5 -6 -7 -8 -9
leaf_value=0.00011265783168168083 -0.00029324280098790679 -0.00022927502778337014 -0.00015209755886970116 0.00031321539125209066 -0.00013508399540213486 -0.00023591374548666963 0.00031156619237635865 0.00026733875873031647
leaf_weight=20 25 22 33 21 29 21 21 28
leaf_count=20 25 22 33 21 29 21 21 28
internal_value=0.000454545 -0.00432692 0.00474138 0.0115854 -0.0111111 0.001 0.00462963 0.003
internal_weight=220 104 116 41 54 75 54 50
internal_count=220 104 116 41 54 75 54 50
is_linear=0
shrinkage=0.05


Tree=7
num_leaves=9
num_cat=0
split_feature=0 23 25 7 2 20 5 34
split_gain=1.85964 1.62329 1.6992 1.20459 1.14622 1.04121 1.05993 1.02783
threshold=114435.69000000002 -1.008112018483567 -0.46952680551426584 0.004788974714781501 116463.82500000003 1114.7450000000028 1.0000000180025095e-35 53.544310055691078
decision_type=2 2 2 2 2 2 2 2
left_child=1 -1 3 -3 -2 6 -4 -8
right_child=4 2 5 -5 -6 -7 7 -9
leaf_value=0.00029511690434584761 -0.00028470269178491571 1.8962365698235199e-05 0.00041734954724420873 -0.00035446410762589986 5.2679584844948027e-06 -0.0003204085851665901 -0.00021781127639420168 0.00011590576602449107
leaf_weight=22 31 23 27 21 30 20 22 24
leaf_count=22 31 23 27 21 30 20 22 24
internal_value=0.000454545 0.00330189 0.00127737 -0.00681818 -0.00696721 0.00510753 0.00787671 0.00326087
internal_weight=220 159 137 44 61 93 73 46
internal_count=220 159 137 44 61 93 73 46
is_linear=0
shrinkage=0.05


Tree=8
num_leaves=9
num_cat=0
split_feature=9 9 19 37 7 7 28 0
split_gain=1.44153 1.57763 1.20714 1.18812 1.28926 1.0163 1.61712 0.715505
threshold=0.0070524953151169479 0.027545829086590975 2381.1750000000034 379.91076896635991 -0.0073926936558411172 -0.002159089409115046 1228.036544122195 109643.72500000002
decision_type=2 2 2 2 2 2 2 2
left_child=3 2 -2 4 -1 6 -5 -3
right_child=1 7 -4 5 -6 -7 -8 -9
leaf_value=8.6157462735386353e-05 -0.00027507079128049038 0.00041608750513229113 -0.00013412508393325265 -0.00014544079921112785 0.00028279877647219374 -0.00022506617649724789 0.00028123203754024838 -3.9890286439935843e-05
leaf_weight=20 28 21 35 33 21 21 21 20
leaf_count=20 28 21 35 33 21 21 21 20
internal_value=0.000909091 -0.00336538 -0.00833333 0.00474138 0.0115854 0.001 0.00462963 0.00426829
internal_weight=220 104 63 116 41 75 54 41
internal_count=220 104 63 116 41 75 54 41
is_linear=0
shrinkage=0.05


Tree=9
num_leaves=8
num_cat=0
split_feature=31 22 35 7 9 21 0
split_gain=1.80945 1.32232 2.12338 1.69148 1.07813 0.9 0.890909
threshold=114197.62800000001 23052.129125125004 2522.3207142857145 0.010283525492775008 -0.019496162324684391 578.14499999999691 106257.34000000001
decision_type=2 2 2 2 2 2 2
left_child=1 2 -1 6 -2 -5 -4
right_child=4 -3 3 5 -6 -7 -8
leaf_value=0.00063426823717452482 2.2890505571293868e-05 0.00025852323145537622 -0.00013279379449358073 -0.0003325994667996528 -0.00026529629050481269 -1.0575502499248115e-05 5.137000304650759e-05
leaf_weight=24 20 32 30 20 38 20 36
leaf_count=24 20 32 30 20 38 20 36
internal_value=0.000681818 0.00339506 0.00115385 -0.00188679 -0.00689655 -0.01 0.0030303
internal_weight=220 162 130 106 58 40 66
internal_count=220 162 130 106 58 40 66
is_linear=0
shrinkage=0.05


Tree=10
num_leaves=8
num_cat=0
split_feature=0 24 0 16 15 5 7
split_gain=1.41075 1.19471 1.62096 1.96895 1.95486 1.57849 0.950151
threshold=114435.69000000002 16272.683941490002 108832.96000000001 0.017357167181111573 0.020684058127521731 -0.0008099935953335347 0.011441109318997807
decision_type=2 2 2 2 2 2 2
left_child=1 -1 3 -3 -5 -6 -2
right_child=6 2 -4 4 5 -7 -8
leaf_value=0.00024611113688341441 -3.6219403283071748e-08 -0.00020487787879959617 -0.00057430621479240653 0.00029219203412833176 0.000309125811547457 -0.00032979887691659117 -0.00015940850890207886
leaf_weight=37 39 22 24 29 22 25 22
leaf_count=37 39 22 24 29 22 25 22
internal_value=0.00113636 0.00361635 0.00122951 0.00408163 0.00789474 0.00159574 -0.00532787
internal_weight=220 159 122 98 76 47 61
internal_count=220 159 122 98 76 47 61
is_linear=0
shrinkage=0.05


Tree=11
num_leaves=9
num_cat=0
split_feature=4 26 9 38 16 28 35 0
split_gain=1.79201 1.37931 1.41186 1.94564 1.72811 1.36013 1.32105 0.942857
threshold=9608.6872385000006 104956.48465415016 -0.028782171230375343 63.402265830158065 0.019710405700233306 4105.4136315933001 2769.0714285714289 114004.47000000002
decision_type=2 2 2 2 2 2 2 2
left_child=-1 5 -3 4 7 -2 -5 -4
right_child=1 2 3 6 -6 -7 -8 -9
leaf_value=0.0002334390947532844 0.00038595954255880394 0.00010958982043294628 -0.0003643459930183574 0.00031481679692013187 -4.359120754386472e-05 -2.1090830442781716e-05 -0.00040175866993708134 -0.00021427659546796623
leaf_weight=36 24 29 22 21 20 26 22 20
leaf_count=36 24 29 22 21 20 26 22 20
internal_value=0.000909091 -0.00108696 -0.00373134 -0.00642857 -0.0120968 0.006 0.00174419 -0.0178571
internal_weight=220 184 134 105 62 50 43 42
internal_count=220 184 134 105 62 50 43 42
is_linear=0
shrinkage=0.05


Tree=12
num_leaves=9
num_cat=0
split_feature=1 32 15 18 35 24 1 21
split_gain=1.75905 1.6523 1.25565 1.86154 1.54647 2.07435 1.21493 0.572024
threshold=115253.53000000001 2345.4040175797568 0.018022794059555414 413.91500000000093 2954.2339285714297 17025.760915210005 104542.53500000002 745.72000000000128
decision_type=2 2 2 2 2 2 2 2
left_child=2 -2 4 6 5 -1 -4 -3
right_child=1 7 3 -5 -6 -7 -8 -9
leaf_value=0.00024911317040719473 -0.00029333901047901045 3.9504802162519819e-05 0.00033440571531752859 -0.00023586866253558431 0.00030319665536916501 -0.00023067435634382198 -3.311140385218168e-06 -7.9837936025715651e-05
leaf_weight=22 21 28 20 33 24 21 31 20
leaf_count=22 21 28 20 33 24 21 31 20
internal_value=0.000454545 -0.00615942 0.00347682 -0.000595238 0.00858209 0.00290698 0.00539216 -0.00104167
internal_weight=220 69 151 84 67 43 51 48
internal_count=220 69 151 84 67 43 51 48
is_linear=0
shrinkage=0.05


Tree=13
num_leaves=9
num_cat=0
split_feature=21 34 1 4 25 34 1 3
split_gain=1.44656 1.54575 1.53198 1.09598 1.51758 1.25956 1.18528 1.06522
threshold=1169.0649999999953 75.71804478868718 104542.53500000002 9608.6872385000006 -0.53476231984423583 50.917072486909696 113435.26000000001 108832.96500000001
decision_type=2 2 2 2 2 2 2 2
left_child=1 2 -1 -4 -5 6 -6 -2
right_child=7 -3 3 4 5 -7 -8 -9
leaf_value=0.00036900014449825643 1.0832895792077005e-05 -0.0002218990488063406 0.00021562563563384265 -0.00015843652795503312 0.00023259139671354874 0.00013354372358675626 -0.00027456287519202075 -0.00045768270843149391
leaf_weight=21 23 24 30 26 22 31 20 23
leaf_count=21 23 24 30 26 22 31 20 23
internal_value=0.00136364 0.00344828 0.00533333 0.00329457 0.000757576 0.00445205 -0.00119048 -0.00652174
internal_weight=220 174 150 129 99 73 42 46
internal_count=220 174 150 129 99 73 42 46
is_linear=0
shrinkage=0.05


Tree=14
num_leaves=8
num_cat=0
split_feature=9 9 37 38 21 11 0
split_gain=1.4239 1.89775 1.68269 1.39794 1.42567 0.801815 0.470383
threshold=0.0070524953151169479 0.027545829086590975 1084.4394123466254 -707.46247723636486 934.69000000000244 0.011774585548467508 109643.72500000002
decision_type=2 2 2 2 2 2 2
left_child=3 2 -2 -1 5 -5 -3
right_child=1 6 -4 4 -6 -7 -8
leaf_value=0.0003105256016421742 -2.4494097075697093e-05 0.00031243240760680542 -0.00034939522610344983 1.2888265277132818e-05 -0.00023663689792691265 0.00016089220515896663 -2.0771519416214421e-05
leaf_weight=26 39 21 24 38 32 20 20
leaf_count=26 39 21 24 38 32 20 20
internal_value=0.00136364 -0.00288462 -0.00833333 0.00517241 0.00222222 0.00689655 0.0054878
internal_weight=220 104 63 116 90 58 41
internal_count=220 104 63 116 90 58 41
is_linear=0
shrinkage=0.05


Tree=15
num_leaves=9
num_cat=0
split_feature=34 11 9 21 38 0 15 28
split_gain=1.37906 1.36731 1.63482 1.16667 1.36742 0.992063 1.7145 0.942308
threshold=33.658081560645691 -0.002965189086574845 -0.028782171230375343 516.7150000000039 248.24390137273838 111881.01000000002 0.019655711864613942 -673.36185563150491
decision_type=2 2 2 2 2 2 2 2
left_child=-1 2 -2 4 -3 6 -5 -4
right_child=1 3 7 5 -6 -7 -8 -9
leaf_value=0.00027051215696456443 0.00016124598727602568 5.4615665053194506e-05 -0.00058970990446047906 0.00049381110521455726 -0.00024908945791411312 -9.6288434443371865e-06 3.0349295929885852e-05 -8.3404930994667402e-05
leaf_weight=21 21 22 26 20 32 30 22 26
leaf_count=21 21 22 26 20 32 30 22 26
internal_value=0.000909091 -0.000376884 -0.00582192 0.00277778 -0.00277778 0.00694444 0.0119048 -0.0105769
internal_weight=220 199 73 126 54 72 42 52
internal_count=220 199 73 126 54 72 42 52
is_linear=0
shrinkage=0.05


Tree=16
num_leaves=8
num_cat=0
split_feature=31 37 7 35 23 38 13
split_gain=2.03302 1.5735 1.99146 1.02989 0.961538 1.46901 0.73125
threshold=114197.62800000001 1787.1299975236159 -0.0032904772716255432 3000.4775000000009 -0.16761274465600387 1.0000000180025095e-35 0.013824423662119624
decision_type=2 2 2 2 2 2 2
left_child=1 4 -3 -2 6 -6 -1
right_child=3 2 -4 -5 5 -7 -8
leaf_value=0.00036763220207933049 -1.7822543257503334e-06 0.00010412400272781161 -0.00015569484212201489 -0.00040257581027662896 -0.00020882706750617646 0.00016218270739183857 1.4512815169259267e-05
leaf_weight=32 28 26 32 30 31 21 20
leaf_count=32 28 26 32 30 31 21 20
internal_value=0.00113636 0.00401235 -0.00258621 -0.00689655 0.00769231 0.00288462 0.0125
internal_weight=220 162 58 58 104 52 52
internal_count=220 162 58 58 104 52 52
is_linear=0
shrinkage=0.05


Tree=17
num_leaves=9
num_cat=0
split_feature=31 31 4 4 26 3 4 4
split_gain=1.34594 1.36566 1.20161 2.86596 1.1414 1.08428 0.625 0.225
threshold=114197.62800000001 113226.70830000001 13005.005570000001 15822.982140000002 104956.48465415016 112608.94500000002 23169.080695000004 9608.6872385000006
decision_type=2 2 2 2 2 2 2 2
left_child=1 2 7 -4 6 -2 -5 -1
right_child=5 -3 3 4 -6 -7 -8 -9
leaf_value=0.00020567529156058069 2.1662632221195064e-05 0.00034000103448912302 -0.00024457804626806996 8.249098417583686e-05 -0.00022766250087680732 -0.00027400621708519593 0.0002721698074088247 5.4775308396700426e-05
leaf_weight=20 23 30 21 20 31 35 20 20
leaf_count=20 23 30 21 20 31 35 20 20
internal_value=0.00136364 0.0037037 0.00151515 -0.00163043 0.00316901 -0.00517241 0.00875 0.00875
internal_weight=220 162 132 92 71 58 40 40
internal_count=220 162 132 92 71 58 40 40
is_linear=0
shrinkage=0.05


Tree=18
num_leaves=9
num_cat=0
split_feature=9 9 38 28 22 38 16 7
split_gain=1.61758 1.80536 1.52011 1.54483 1.44685 1.28333 1.15714 0.783768
threshold=0.0070524953151169479 0.022277771851573858 -691.19660197687597 1036.3220908384103 16485.976210800003 269.97457884983839 0.017357167181111573 0.027176786962684905
decision_type=2 2 2 2 2 2 2 2
left_child=2 4 -1 6 -2 -5 -4 -3
right_child=1 7 3 5 -6 -7 -8 -9
leaf_value=0.0003034792212355396 -4.8928791279281935e-05 0.00034755299506872322 -0.00035082188650944254 0.00013603145942468194 -0.00039399069800507224 8.3577296687822249e-07 7.3433069540991929e-05 -6.2000099741510138e-05
leaf_weight=29 29 23 24 20 25 22 21 27
leaf_count=29 29 23 24 20 25 22 21 27
internal_value=0.000681818 -0.00384615 0.00474138 0.00143678 -0.0101852 0.00833333 -0.005 0.003
internal_weight=220 104 116 87 54 42 45 50
internal_count=220 104 116 87 54 42 45 50
is_linear=0
shrinkage=0.05


Tree=19
num_leaves=9
num_cat=0
split_feature=34 25 25 24 16 21 22 13
split_gain=1.2781 1.3401 1.98167 1.62192 1.63661 1.82494 1.21695 0.976449
threshold=33.658081560645691 -0.76384822538583497 -0.53476231984423583 23538.832630000001 0.020971860184641044 1082.2249999999988 14820.598458425002 0.020255790386398027
decision_type=2 2 2 2 2 2 2 2
left_child=-1 7 -3 4 5 6 -4 -2
right_child=1 2 3 -5 -6 -7 -8 -9
leaf_value=0.0002386454510594269 0.00012895042548217753 -0.00018855600431164348 -5.6010008109003243e-05 0.00020298314492532565 -0.00059103705421211222 -0.00016052748994655172 0.00010002374802637396 -6.579439544029081e-05
leaf_weight=21 24 25 29 21 20 31 27 22
leaf_count=21 24 25 29 21 20 31 27 22
internal_value=0.00136364 0.000125628 -0.00212418 0.000390625 -0.0021028 0.000862069 0.00625 0.0076087
internal_weight=220 199 153 128 107 87 56 46
internal_count=220 199 153 128 107 87 56 46
is_linear=0
shrinkage=0.05


Tree=20
num_leaves=9
num_cat=0
split_feature=9 11 3 22 15 21 15 24
split_gain=1.20646 1.89275 0.987662 1.65456 1.6 1.88929 1.30662 0.7
threshold=-0.0323698825867497 -0.019354360908737402 111671.24000000002 14003.216340250003 0.019387612893724478 578.14499999999691 0.012524622167138261 23538.832630000001
decision_type=2 2 2 2 2 2 2 2
left_child=-1 -2 4 -4 5 -3 -5 -6
right_child=1 2 3 6 7 -7 -8 -9
leaf_value=0.00016749703887000908 -0.00022881502001951445 3.0374047962873999e-05 0.00023233240540607256 -2.1434674467038181e-06 -0.00011494118548468077 0.00050598413574843139 -0.00031049452463748528 2.9846349564921668e-05
leaf_weight=30 36 24 23 20 21 21 21 24
leaf_count=30 36 24 23 20 21 21 21 24
internal_value=0.000681818 -0.000789474 0.00162338 -0.003125 0.005 0.0116667 -0.00914634 -0.00166667
internal_weight=220 190 154 64 90 45 41 45
internal_count=220 190 154 64 90 45 41 45
is_linear=0
shrinkage=0.05


Tree=21
num_leaves=9
num_cat=0
split_feature=9 9 20 11 19 19 7 7
split_gain=1.97932 2.06782 1.2964 1.08895 1.30279 1.21212 0.879917 0.783768
threshold=0.0070524953151169479 0.022277771851573858 496.15499999999889 -0.042112448391832154 2819.8099999999981 3689.7999999999961 -0.0036636480180501606 0.027176786962684905
decision_type=2 2 2 2 2 2 2 2
left_child=3 2 -2 -1 6 -6 -5 -3
right_child=1 7 -4 4 5 -7 -8 -9
leaf_value=0.00059059321892690995 -0.00011370092309087293 0.00032135922545043356 -0.00015400905223069187 0.00011407069234524258 -0.00030717287452178434 5.8876422524626584e-05 1.0540416586491873e-05 -1.3823515811954741e-05
leaf_weight=21 22 23 32 28 20 24 23 27
leaf_count=21 22 23 32 28 20 24 23 27
internal_value=0.000681818 -0.00432692 -0.0111111 0.00517241 0.00289474 -0.00340909 0.00833333 0.003
internal_weight=220 104 54 116 95 44 51 50
internal_count=220 104 54 116 95 44 51 50
is_linear=0
shrinkage=0.05


Tree=22
num_leaves=8
num_cat=0
split_feature=3 9 35 15 15 21 4
split_gain=1.50501 1.34822 1.65895 1.55977 1.83909 1.15559 1.13122
threshold=94872.430000000008 0.0070524953151169479 2522.3207142857145 0.019655711864613942 0.014873669516981448 934.69000000000244 13965.194605000002
decision_type=2 2 2 2 2 2 2
left_child=-1 5 -3 4 -4 6 -2
right_child=1 2 3 -5 -6 -7 -8
leaf_value=0.00011790102412262672 0.0001856733306371396 0.00036724658255881271 -0.00018944877673747265 -0.00053336935979810527 4.0547632525527679e-05 -8.3256634187653812e-05 -1.1573082207564441e-05
leaf_weight=24 37 20 28 21 22 36 32
leaf_count=24 37 20 28 21 22 36 32
internal_value=0.000681818 -0.000765306 -0.00521978 -0.00880282 -0.004 0.00309524 0.00688406
internal_weight=220 196 91 71 50 105 69
internal_count=220 196 91 71 50 105 69
is_linear=0
shrinkage=0.05


Tree=23
num_leaves=8
num_cat=0
split_feature=31 35 22 7 4 27 5
split_gain=2.24453 1.43369 1.61333 1.45533 1.34283 1.13575 0.602259
threshold=114197.62800000001 3038.138928571429 14003.216340250003 -0.0026542343769234214 18258.956505000006 106272.85175000002 0.0034672842111987405
decision_type=2 2 2 2 2 2 2
left_child=1 2 -1 -4 -2 -3 -5
right_child=4 5 3 6 -6 -7 -8
leaf_value=0.00020262044223697085 -6.3852322543333775e-06 0.00019761734970471994 8.2121440271028804e-05 -1.8346251091445193e-05 -0.00055599941784805222 1.1358574443035654e-05 -0.00016039637312820136
leaf_weight=25 37 30 28 23 21 32 24
leaf_count=25 37 30 28 23 21 32 24
internal_value=0.000681818 0.0037037 0 -0.00366667 -0.00775862 0.00967742 -0.00904255
internal_weight=220 162 100 75 58 62 47
internal_count=220 162 100 75 58 62 47
is_linear=0
shrinkage=0.05


Tree=24
num_leaves=8
num_cat=0
split_feature=31 3 31 26 11 17 21
split_gain=1.57462 1.47909 1.45812 1.18866 1.46991 1.25137 0.5464
threshold=114181.99260000001 111671.24000000002 113226.70830000001 105191.03626933724 0.0075926366212189745 0.017014042806612083 647.28500000000361
decision_type=2 2 2 2 2 2 2
left_child=2 -2 3 4 -1 -5 -3
right_child=1 6 -4 5 -6 -7 -8
leaf_value=0.00060509755138359316 4.6829018570074225e-05 -1.4840460034916729e-05 0.00036002977870799342 2.538284089030849e-05 7.3628615108002714e-06 -0.00019326862528986524 -0.00054864956802854294
leaf_weight=20 20 21 27 39 37 36 20
leaf_count=20 20 21 27 39 37 36 20
internal_value=0.000681818 -0.00614754 0.00330189 0.00113636 0.00657895 -0.003 -0.0115854
internal_weight=220 61 159 132 57 75 41
internal_count=220 61 159 132 57 75 41
is_linear=0
shrinkage=0.05


Tree=25
num_leaves=9
num_cat=0
split_feature=31 22 3 5 25 4 4 21
split_gain=1.63883 1.26545 1.06679 1.04898 1.78784 2.24074 0.99736 0.5464
threshold=114181.99260000001 24530.831186900006 111671.24000000002 0.0026235507325080812 0.29157920943480881 13005.005570000001 15822.982140000002 647.28500000000361
decision_type=2 2 2 2 2 2 2 2
left_child=1 3 -2 4 5 -1 -5 -4
right_child=2 -3 7 6 -6 -7 -8 -9
leaf_value=0.00016498949994891862 4.448756764157051e-05 0.0001755268202013571 -1.4098437033170891e-05 -0.00016201186996174884 0.00048757905474026058 -0.00021340309685161904 4.2539476603285789e-05 -0.00052121708962711588
leaf_weight=27 20 25 21 26 20 27 34 20
leaf_count=27 20 25 21 26 20 27 34 20
internal_value=0 0.00267296 -0.00696721 0.000746269 0.00472973 0 -0.00416667 -0.0115854
internal_weight=220 159 61 134 74 54 60 41
internal_count=220 159 61 134 74 54 60 41
is_linear=0
shrinkage=0.05


Tree=26
num_leaves=9
num_cat=0
split_feature=0 24 35 37 2 7 32 35
split_gain=1.97355 2.41672 1.52996 1.64113 1.51511 0.964286 0.8755 0.631431
threshold=108832.96000000001 15260.585310800003 2921.9092857142869 -667.17592869257453 113898.34000000001 -0.002159089409115046 4472.862519830066 3380.1885714285722
decision_type=2 2 2 2 2 2 2 2
left_child=2 4 5 -4 -2 -1 -6 -3
right_child=1 7 3 -5 6 -7 -8 -9
leaf_value=0.00015674002495147268 0.00036013438679828792 -0.00033112017132706144 7.3079347011630134e-05 0.0001009948068578368 -0.00011774204051054387 -0.00020273294200903811 3.2013925656111448e-06 -0.00027119862862425573
leaf_weight=21 22 22 28 26 20 27 33 21
leaf_count=21 22 22 28 26 20 27 33 21
internal_value=-0.000681818 -0.00508475 0.00441176 0.0101852 0.000333333 -0.00208333 -0.00424528 -0.0145349
internal_weight=220 118 102 54 75 48 53 43
internal_count=220 118 102 54 75 48 53 43
is_linear=0
shrinkage=0.05


Tree=27
num_leaves=8
num_cat=0
split_feature=0 18 5 7 26 19 35
split_gain=1.16403 1.18902 2.89951 1.14687 0.898761 1.64682 1.29769
threshold=114435.69000000002 2229.5000000000005 0.0096561823878407466 0.011441109318997807 105191.03626933724 3143.2850000000039 2863.808571428573
decision_type=2 2 2 2 2 2 2
left_child=1 2 4 -2 -1 6 -6
right_child=3 -3 -4 -5 5 -7 -8
leaf_value=0.00017128813329157658 1.2680762373148683e-06 0.0001653422922014672 -0.00027625482698900774 -0.00010965474104063001 -5.3090695844400433e-06 -0.00028213641308105775 0.00013481176243792893
leaf_weight=35 39 23 28 22 26 24 23
leaf_count=35 39 23 28 22 26 24 23
internal_value=0.00136364 0.00361635 0.00183824 -0.0045082 0.00555556 0.00239726 0.00765306
internal_weight=220 159 136 61 108 73 49
internal_count=220 159 136 61 108 73 49
is_linear=0
shrinkage=0.05


Tree=28
num_leaves=8
num_cat=0
split_feature=23 25 0 19 15 22 34
split_gain=1.27711 0.879615 1.33519 1.58355 1.1612 1.0744 0.881603
threshold=-1.0471335945031561 -0.53476231984423583 108510.08500000001 2567.9550000000022 0.020464036422253164 14978.127099675001 49.680943399010211
decision_type=2 2 2 2 2 2 2
left_child=-1 5 4 -4 -3 -2 -5
right_child=1 2 3 6 -6 -7 -8
leaf_value=0.0001436908745251056 1.2046724254491247e-06 0.00015707517759139386 8.9933475808070496e-05 -0.00026299892961006944 4.2892496482490534e-07 -0.00021897083446714358 -9.1466947639697678e-06
leaf_weight=27 21 27 23 25 34 27 36
leaf_count=27 21 27 23 25 34 27 36
internal_value=0 -0.00142487 0.000517241 -0.00357143 0.00614754 -0.00729167 -0.00778689
internal_weight=220 193 145 84 61 48 61
internal_count=220 193 145 84 61 48 61
is_linear=0
shrinkage=0.05


Tree=29
num_leaves=8
num_cat=0
split_feature=0 18 5 21 13 19 16
split_gain=1.37199 1.41197 1.8489 1.1612 0.941242 0.928043 0.813346
threshold=114435.69000000002 2229.5000000000005 0.0096561823878407466 777.17499999999575 0.020255790386398027 3143.2850000000039 0.017493690105462836
decision_type=2 2 2 2 2 2 2
left_child=1 2 4 -2 5 6 -1
right_child=3 -3 -4 -5 -6 -7 -8
leaf_value=0.00011169830758139188 -1.837499917688599e-06 0.00014922141871182416 -0.00025979399183909048 -0.0001304203638660653 -4.842443814705302e-07 -3.3986709825566122e-06 0.00018565489272605264
leaf_weight=25 34 23 28 27 38 23 22
leaf_count=25 34 23 28 27 38 23 22
internal_value=0.000227273 0.00267296 0.000735294 -0.00614754 0.0037037 0.00714286 0.0111702
internal_weight=220 159 136 61 108 70 47
internal_count=220 159 136 61 108 70 47
is_linear=0
shrinkage=0.05


Tree=30
num_leaves=7
num_cat=0
split_feature=38 11 34 28 13 34
split_gain=1.24591 1.3773 1.40824 1.45383 1.71361 0.579922
threshold=-691.19660197687597 -0.002965189086574845 74.239353626195907 3141.858133685259 0.004928467883902673 51.962738389206436
decision_type=2 2 2 2 2 2
left_child=-1 5 3 4 -3 -2
right_child=1 2 -4 -5 -6 -7
leaf_value=9.4534793388815867e-05 -0.00029067755633011434 0.00016817922136838273 -7.1333711712454395e-05 0.00022145205192376709 -4.0587623890817965e-05 -0.00020799808052471291
leaf_weight=39 33 25 36 25 39 23
leaf_count=39 33 25 36 25 39 23
internal_value=0.000227273 -0.00151934 0.0014 0.00477528 0.00078125 -0.00803571
internal_weight=220 181 125 89 64 56
internal_count=220 181 125 89 64 56
is_linear=0
shrinkage=0.05


Tree=31
num_leaves=8
num_cat=0
split_feature=34 25 5 16 25 19 17
split_gain=1.3281 1.0575 1.2393 1.0871 1.45265 1.68184 1.64616
threshold=33.658081560645691 -0.76384822538583497 0.00096090205976632527 0.020971860184641044 -0.53476231984423583 2795.8150000000028 0.016413247428771194
decision_type=2 2 2 2 2 2 2
left_child=-1 2 -2 4 -3 -6 -7
right_child=1 3 -4 -5 5 6 -8
leaf_value=0.00014178792287641539 -2.5956085117266473e-05 -0.00018175106192998042 0.00020824186596268002 -0.00019823441045051474 8.7558058208092308e-05 -0.00018694413797956688 0.00011979332483992187
leaf_weight=21 25 22 21 36 29 28 38
leaf_count=21 25 22 21 36 29 28 38
internal_value=0.00113636 -0.000125628 0.00652174 -0.00212418 0.000213675 0.00289474 -0.00151515
internal_weight=220 199 46 153 117 95 66
internal_count=220 199 46 153 117 95 66
is_linear=0
shrinkage=0.05


Tree=32
num_leaves=9
num_cat=0
split_feature=34 15 3 7 11 13 11 4
split_gain=1.2781 0.933001 1.35387 0.854701 0.875616 0.757254 0.692308 0.292741
threshold=33.658081560645691 0.021880378708095855 103194.12500000001 0.016829892012053715 -0.0078676253081274936 0.013824423662119624 0.022281942421489953 13965.194605000002
decision_type=2 2 2 2 2 2 2 2
left_child=-1 3 -3 4 7 -6 -7 -2
right_child=1 2 -4 -5 5 6 -8 -9
leaf_value=0.00013469852673259462 6.1837184716423173e-06 8.4435401870953074e-05 -0.00033676349073172383 -1.3945505549265424e-05 0.00010644763046845669 -8.7422670791214652e-05 9.7403368996220246e-05 -0.00018851062340197826
leaf_weight=21 20 22 21 39 24 26 26 21
leaf_count=21 20 22 21 39 24 26 26 21
internal_value=0.00136364 0.000125628 -0.00639535 0.00192308 0.00405983 0.00723684 0.00384615 -0.00182927
internal_weight=220 199 43 156 117 76 52 41
internal_count=220 199 43 156 117 76 52 41
is_linear=0
shrinkage=0.05


Tree=33
num_leaves=9
num_cat=0
split_feature=9 30 18 5 7 7 13 26
split_gain=0.892815 1.36187 1.2085 1.51983 1.29986 2.18166 1.67984 1.3913
threshold=-0.039021336714203943 114472.55592056421 2229.5000000000005 0.0096561823878407466 -0.013138069790795731 -0.0036636480180501606 -0.0053732035257661069 105903.52605885761
decision_type=2 2 2 2 2 2 2 2
left_child=-1 2 3 4 -2 -6 -7 -8
right_child=1 -3 -4 -5 5 6 7 -9
leaf_value=9.9791314080798987e-05 -0.00021167192200422194 -0.00047083535662454344 0.00012805899574328097 -0.00017212767582520748 0.00012009754716250865 0.00041692968296803951 8.4016214902352058e-06 -0.00017254903487483976
leaf_weight=21 26 20 23 33 29 22 23 23
leaf_count=21 26 20 23 33 29 22 23 23
internal_value=0.000909091 -0.000125628 0.00125698 -0.000320513 0.00223577 0.00489691 0 -0.00543478
internal_weight=220 199 179 156 123 97 68 46
internal_count=220 199 179 156 123 97 68 46
is_linear=0
shrinkage=0.05


Tree=34
num_leaves=8
num_cat=0
split_feature=9 11 38 7 28 34 35
split_gain=1.38896 1.69377 1.65517 1.56705 2.18758 1.52544 1.19914
threshold=0.0070524953151169479 -0.0045018486767520278 -691.19660197687597 -0.002159089409115046 821.53845951222331 74.848126909640129 2728.3567857142857
decision_type=2 2 2 2 2 2 2
left_child=2 -2 -1 4 -4 6 -3
right_child=1 5 3 -5 -6 -7 -8
leaf_value=0.00024018176220945957 -0.00030326909340927099 0.00047659285174177381 -6.4968286392723331e-05 -0.00018591327698431741 0.00015779020831739371 -7.0990749727420699e-05 -1.9667854543740039e-06
leaf_weight=29 20 26 34 26 27 23 35
leaf_count=29 20 26 34 26 27 23 35
internal_value=0.00227273 -0.00192308 0.00603448 0.00258621 0.00696721 0.00119048 0.00532787
internal_weight=220 104 116 87 61 84 61
internal_count=220 104 116 87 61 84 61
is_linear=0
shrinkage=0.05


Tree=35
num_leaves=7
num_cat=0
split_feature=9 30 4 25 21 19
split_gain=1.87274 1.80648 1.10761 1.536 1.34196 0.964818
threshold=-0.028782171230375343 113686.37872248507 9272.164995000001 -0.53476231984423583 626.55500000000768 3169.6949999999929
decision_type=2 2 2 2 2 2
left_child=-1 2 -2 -4 -5 -6
right_child=1 -3 3 4 5 -7
leaf_value=7.5900771482431949e-05 0.00014490272693686322 -0.000361397522652449 -4.6050458305964178e-05 -0.00015997175454757608 9.8170744979635724e-05 5.534989445910415e-05
leaf_weight=36 22 34 38 31 33 26
leaf_count=36 22 34 38 31 33 26
internal_value=0.000681818 -0.0013587 0.001 -0.00078125 0.00277778 0.00720339
internal_weight=220 184 150 128 90 59
internal_count=220 184 150 128 90 59
is_linear=0
shrinkage=0.05


Tree=36
num_leaves=9
num_cat=0
split_feature=9 11 34 27 19 19 35 11
split_gain=1.71305 1.78974 1.08682 0.825 0.916667 1.1201 0.789939 0.728455
threshold=-0.028782171230375343 -0.019354360908737402 73.54279416807158 116440.49075000001 3307.4100000000112 1797.1149999999982 2582.247142857143 0.011774585548467508
decision_type=2 2 2 2 2 2 2 2
left_child=-1 -2 3 4 5 -3 -4 -7
right_child=1 2 6 -5 -6 7 -8 -9
leaf_value=7.2105732908310351e-05 -0.00026813740284683298 8.9168748232163535e-05 -0.00010855592807297435 -8.7376455467330774e-05 0.00021501130869468348 7.7848900427345807e-06 6.6225406531126957e-06 -0.00019925530272823754
leaf_weight=36 33 23 20 20 24 20 23 21
leaf_count=36 33 23 20 20 24 20 23 21
internal_value=0.00113636 -0.000815217 0.00149007 0.00416667 0.00625 0.003125 -0.00523256 -0.00182927
internal_weight=220 184 151 108 88 64 43 41
internal_count=220 184 151 108 88 64 43 41
is_linear=0
shrinkage=0.05


Tree=37
num_leaves=9
num_cat=0
split_feature=0 31 18 5 13 20 2 37
split_gain=1.41075 1.42012 1.18902 2.22226 1.46492 1.03554 0.9 0.860119
threshold=114435.69000000002 114253.23220000001 2229.5000000000005 0.0096561823878407466 0.013824423662119624 833.8600000000007 103102.79000000002 400.15406763307629
decision_type=2 2 2 2 2 2 2 2
left_child=2 -2 3 4 5 7 -6 -1
right_child=1 -3 -4 -5 6 -7 -8 -9
leaf_value=0.00015399970077736329 3.6947191373286478e-06 -0.00016218938558792119 0.00012552124100077838 -0.00023977850648494614 9.1422454765578839e-05 -3.886853480557255e-05 -0.00050076272497419523 2.4674372232313665e-05
leaf_weight=27 34 27 23 28 20 20 20 21
leaf_count=27 34 27 23 28 20 20 20 21
internal_value=0.00113636 -0.00532787 0.00361635 0.00183824 0.00509259 0.00955882 -0.0025 0.0135417
internal_weight=220 61 159 136 108 68 40 48
internal_count=220 61 159 136 108 68 40 48
is_linear=0
shrinkage=0.05


Tree=38
num_leaves=9
num_cat=0
split_feature=9 38 7 7 19 0 22 31
split_gain=1.58032 1.79598 1.45385 2.10873 1.25772 1.22249 0.92803 0.645551
threshold=0.0070524953151169479 -691.19660197687597 0.0025726148707345842 0.016829892012053715 2819.8099999999981 110225.50000000001 15058.815676400001 111044.36580000001
decision_type=2 2 2 2 2 2 2 2
left_child=1 -1 -2 -4 6 -5 -3 -6
right_child=2 4 3 5 7 -7 -8 -9
leaf_value=0.00023791090771834776 -0.00022468665353553427 -4.466918455167378e-06 0.0001560545897546797 1.3793372432439065e-06 1.0931543416128442e-05 -0.00018356858253117605 9.2478397486514248e-05 -0.00058085627704260374
leaf_weight=29 20 20 33 27 20 24 24 23
leaf_count=29 20 20 33 27 20 24 24 23
internal_value=0.00159091 0.00560345 -0.00288462 0 0.00201149 -0.00637255 0.00795455 -0.00406977
internal_weight=220 116 104 84 87 51 44 43
internal_count=220 116 104 84 87 51 44 43
is_linear=0
shrinkage=0.05


Tree=39
num_leaves=9
num_cat=0
split_feature=9 27 9 7 19 19 4 1
split_gain=1.25904 1.40817 1.23417 1.01334 0.931199 1.33075 0.843494 0.513124
threshold=0.0070524953151169479 115223.15100000003 0.01950566372958035 0.028458274101315368 2896.8799999999978 2269.4800000000037 24583.571935000004 108474.53000000001
decision_type=2 2 2 2 2 2 2 2
left_child=4 2 -2 -4 5 7 -6 -1
right_child=1 -3 3 -5 6 -7 -8 -9
leaf_value=8.0662043647192503e-05 -5.9404153130440663e-05 -0.00019237534729466381 0.00020043328610018607 -3.3208471555625359e-06 -8.4388763544255822e-05 0.00018314054081580074 5.7220727610792639e-05 -4.2496414503802316e-06
leaf_weight=20 31 22 27 24 34 20 21 21
leaf_count=20 31 22 27 24 34 20 21 21
internal_value=0.00159091 -0.00240385 0.000609756 0.00539216 0.00517241 0.00942623 0.000454545 0.00426829
internal_weight=220 104 82 51 116 61 55 41
internal_count=220 104 82 51 116 61 55 41
is_linear=0
shrinkage=0.05


Tree=40
num_leaves=8
num_cat=0
split_feature=38 22 22 4 4 22 38
split_gain=1.2911 0.812716 1.21246 1.13112 1.66642 0.9375 1.6
threshold=-691.19660197687597 14003.216340250003 14820.598458425002 17926.726110000003 24583.571935000004 16275.741848499998 39.801561436869868
decision_type=2 2 2 2 2 2 2
left_child=-1 -2 -3 5 -5 -4 -7
right_child=1 2 3 4 -6 6 -8
leaf_value=4.092242191550931e-05 3.0770165326347554e-05 -0.00016534034477942543 4.8902767727662043e-05 -0.00025463465563819586 5.8801620350005551e-05 8.8972500030398666e-05 -8.9740110995878604e-05
leaf_weight=39 35 29 24 27 26 20 20
leaf_count=39 35 29 24 27 26 20 20
internal_value=0.00136364 -0.000414365 -0.00205479 0.000213675 -0.00518868 0.0046875 0
internal_weight=220 181 146 117 53 64 40
internal_count=220 181 146 117 53 64 40
is_linear=0
shrinkage=0.05


Tree=41
num_leaves=9
num_cat=0
split_feature=9 15 15 21 38 9 21 19
split_gain=1.38896 1.63083 1.50436 1.225 1.14943 0.967516 1.37434 0.470383
threshold=0.0070524953151169479 0.020292001128752468 0.014873669516981448 626.55500000000768 -691.19660197687597 -0.0021617532610304683 934.69000000000244 2269.4800000000037
decision_type=2 2 2 2 2 2 2 2
left_child=4 2 3 -2 -1 6 7 -6
right_child=1 -3 -4 -5 5 -7 -8 -9
leaf_value=0.00021481221419586486 -0.00020224344631293432 -0.00014789383333525057 2.7646063694681527e-05 4.1813380733042344e-06 -7.2050903649173681e-05 4.0738869030868739e-05 -0.00033719856873384093 7.9330852783051844e-05
leaf_weight=29 20 35 29 20 20 23 23 21
leaf_count=29 20 35 29 20 20 23 23 21
internal_value=0.00227273 -0.00192308 0.00253623 -0.00375 0.00603448 0.00316092 0 0.0054878
internal_weight=220 104 69 40 116 87 64 41
internal_count=220 104 69 40 116 87 64 41
is_linear=0
shrinkage=0.05


Tree=42
num_leaves=9
num_cat=0
split_feature=30 23 36 7 7 20 16 5
split_gain=0.933838 1.05974 0.868639 1.27741 1.20048 0.965714 0.97156 0.89966
threshold=114760.59311885732 1.3057766340142016 2942.5122340040621 -0.013138069790795731 0.012056707851049326 327.11000000000064 0.017100405808337726 0.012842056021625815
decision_type=2 2 2 2 2 2 2 2
left_child=1 2 3 -1 5 -5 -7 -6
right_child=-2 -3 -4 4 7 6 -8 -9
leaf_value=-0.00020032005747339533 -0.00036776060602332767 0.00014671013565481389 -0.00014073104989385882 0.00016502959772203183 -2.7214349599783805e-05 -1.6767758653367687e-05 7.1394841204079594e-05 7.536431014389927e-05
leaf_weight=28 22 23 28 20 28 21 29 21
leaf_count=28 22 23 28 20 28 21 29 21
internal_value=0.00295455 0.0040404 0.00271429 0.0042517 0.00651261 0.0107143 0.007 0.000510204
internal_weight=220 198 175 147 119 70 50 49
internal_count=220 198 175 147 119 70 50 49
is_linear=0
shrinkage=0.05


Tree=43
num_leaves=9
num_cat=0
split_feature=21 5 34 28 13 9 38 23
split_gain=1.36437 1.70585 1.47126 1.728 1.62069 1.40011 1.49991 2.19651
threshold=1169.0649999999953 1.0000000180025095e-35 75.71804478868718 3141.858133685259 0.020255790386398027 -0.0323698825867497 1.0000000180025095e-35 -0.096767368673938786
decision_type=2 2 2 2 2 2 2 2
left_child=2 -2 3 4 5 -1 7 -7
right_child=1 -3 -4 -5 -6 6 -8 -9
leaf_value=0.00016612770206438727 2.0349874930153167e-05 -0.00018825969941978053 -0.00014628427843216385 0.0002649509399765699 -0.00023043003306065019 5.782889246088986e-05 6.4924531095940545e-05 -0.0002415464108052672
leaf_weight=20 26 20 24 25 29 34 22 20
leaf_count=20 26 20 24 25 29 34 22 20
internal_value=0.00113636 -0.00652174 0.00316092 0.005 0.0026 0.00572917 0.00263158 -0.00185185
internal_weight=220 46 174 150 125 96 76 54
internal_count=220 46 174 150 125 96 76 54
is_linear=0
shrinkage=0.05


Tree=44
num_leaves=9
num_cat=0
split_feature=34 15 23 20 15 17 13 11
split_gain=0.954958 1.19178 1.61074 1.60569 0.991534 1.26257 1.06675 1.16667
threshold=33.658081560645691 0.024135350436240859 1.1083186452057479 244.96000000000643 0.014873669516981448 0.016114560287323727 0.017521913975169074 0.01447973028635203
decision_type=2 2 2 2 2 2 2 2
left_child=-1 2 3 -2 5 -5 -6 -8
right_child=1 -3 -4 4 6 -7 7 -9
leaf_value=6.8704650013659812e-05 -5.4447368803058313e-05 -0.00034700751979611249 0.00029106210473148593 1.4288967855140653e-05 6.6940326160955076e-05 -0.00029824531688321578 -0.00018371501252033241 1.3671287752469244e-05
leaf_weight=21 33 22 22 26 33 21 21 21
leaf_count=21 33 22 22 26 33 21 21 21
internal_value=0.00295455 0.00188442 0.00324859 0.00145161 0.00409836 -0.00159574 0.00766667 0.00238095
internal_weight=220 199 177 155 122 47 75 42
internal_count=220 199 177 155 122 47 75 42
is_linear=0
shrinkage=0.05


Tree=45
num_leaves=8
num_cat=0
split_feature=24 17 9 9 26 31 32
split_gain=1.39304 1.54286 1.83583 1.41677 1.20939 1.3545 1.10769
threshold=23538.832630000001 0.01912824796654863 -0.028782171230375343 1.0000000180025095e-35 112953.67468209336 114197.62800000001 3767.2808090471958
decision_type=2 2 2 2 2 2 2
left_child=1 2 -1 -3 6 -6 -4
right_child=-2 3 4 -5 5 -7 -8
leaf_value=0.00019047691363561462 9.9682266819638661e-05 1.2065197061511308e-05 7.4426318559535137e-05 -0.00018428175816151112 3.1073264803096828e-05 -0.00031219691539749244 -2.3503381499568449e-05
leaf_weight=20 31 26 32 28 36 27 20
leaf_count=20 31 26 32 28 36 27 20
internal_value=0.00227273 0.000661376 0.00351852 -0.00648148 0.00108696 -0.00357143 0.00673077
internal_weight=220 189 135 54 115 63 52
internal_count=220 189 135 54 115 63 52
is_linear=0
shrinkage=0.05


Tree=46
num_leaves=9
num_cat=0
split_feature=9 9 11 21 5 22 4 21
split_gain=1.40637 1.68606 1.08825 0.863404 0.768002 0.76516 1.00054 0.541126
threshold=0.0070524953151169479 0.027545829086590975 0.019990939704587148 1169.0649999999953 0.013439608272862559 14820.598458425002 13650.034965000001 632.85000000000593
decision_type=2 2 2 2 2 2 2 2
left_child=3 2 -2 5 -3 -1 -7 -8
right_child=1 4 -4 -5 -6 6 7 -9
leaf_value=5.7381848474123875e-06 -2.375378740706273e-05 0.00021926213056654267 -0.00013689635639180684 -0.00012580024489424664 -1.3936167518834672e-06 0.0001731058019889745 -7.0893142063066213e-05 5.1391239007699343e-05
leaf_weight=29 34 20 29 21 21 24 20 22
leaf_count=29 34 20 29 21 21 24 20 22
internal_value=0.00181818 -0.00240385 -0.00753968 0.00560345 0.0054878 0.00763158 0.0106061 0.00595238
internal_weight=220 104 63 116 41 95 66 42
internal_count=220 104 63 116 41 95 66 42
is_linear=0
shrinkage=0.05


Tree=47
num_leaves=9
num_cat=0
split_feature=26 11 24 1 16 16 5 9
split_gain=1.4812 1.70704 1.10781 1.149 1.82857 1.73865 1.32433 0.781417
threshold=105191.03626933724 0.01447973028635203 18812.984890610005 112631.82000000002 0.017997784313834978 0.017357167181111573 0.0041513880696726997 -0.0059404138956189031
decision_type=2 2 2 2 2 2 2 2
left_child=1 -1 3 5 6 -2 7 -5
right_child=2 -3 -4 4 -6 -7 -8 -9
leaf_value=0.00032169378569761706 -7.2661907277612106e-06 2.7418120412764911e-06 -0.00023233159224092141 8.3104462243897258e-06 -0.00032247577712388154 6.8210814763054522e-05 -5.0095093330786242e-05 0.00021083883485442127
leaf_weight=25 22 32 26 21 20 25 29 20
leaf_count=25 22 32 26 21 20 25 29 20
internal_value=0.00227273 0.00921053 -0.000153374 0.00164234 -0.00166667 0.00797872 0.00214286 0.00792683
internal_weight=220 57 163 137 90 47 70 41
internal_count=220 57 163 137 90 47 70 41
is_linear=0
shrinkage=0.05


Tree=48
num_leaves=9
num_cat=0
split_feature=26 18 5 23 21 4 27 35
split_gain=0.872727 1.45483 1.71677 1.37061 1.05965 1.63482 1.83203 0.775758
threshold=114532.5143268838 2229.5000000000005 0.0096561823878407466 -0.22408085591528212 842.40999999999633 11544.868195000003 106558.71250000001 3053.3678571428554
decision_type=2 2 2 2 2 2 2 2
left_child=1 2 4 -2 5 -1 -7 -6
right_child=3 -3 -4 -5 7 6 -8 -9
leaf_value=3.449380502059101e-05 2.1269253562931274e-05 0.00021450813275254219 -0.00011964732325159814 -0.00021612239114916017 1.0582295556801927e-05 1.0819430424430341e-05 -0.00021618566009617122 0.00027717804455988556
leaf_weight=29 21 21 29 34 24 20 22 20
leaf_count=29 21 21 29 34 24 20 22 20
internal_value=0.00136364 0.00318182 0.00138889 -0.00409091 0.00413043 0.000352113 -0.00595238 0.0102273
internal_weight=220 165 144 55 115 71 42 44
internal_count=220 165 144 55 115 71 42 44
is_linear=0
shrinkage=0.05


Tree=49
num_leaves=8
num_cat=0
split_feature=9 35 0 23 38 7 28
split_gain=0.974222 1.74784 2.06855 1.25022 1.03736 1.39671 1.41787
threshold=0.0070524953151169479 2728.3567857142857 110088.14500000002 -0.14087436070532178 -691.19660197687597 -0.002159089409115046 -608.76977156733471
decision_type=2 2 2 2 2 2 2
left_child=4 3 -3 -2 -1 6 -6
right_child=1 2 -4 -5 5 -7 -8
leaf_value=0.00018130615042402326 -2.9676579818583993e-05 -1.2683239603621057e-07 -0.00031167471184867518 0.00039327739312485833 -0.00011340469347125603 -0.00014146574191767171 0.00011834617931808715
leaf_weight=29 22 38 24 20 25 26 36
leaf_count=29 22 38 24 20 25 26 36
internal_value=0.00159091 -0.00192308 -0.00725806 0.00595238 0.00474138 0.00201149 0.00614754
internal_weight=220 104 62 42 116 87 61
internal_count=220 104 62 42 116 87 61
is_linear=0
shrinkage=0.05


Tree=50
num_leaves=8
num_cat=0
split_feature=34 35 7 7 20 26 7
split_gain=1.5396 1.63102 2.16513 1.94663 1.25466 0.915719 0.694231
threshold=76.560681049087506 2522.3207142857145 0.021926065082907568 -0.010039682674548174 690.87500000000011 106289.52568723531 -0.032657253572136148
decision_type=2 2 2 2 2 2 2
left_child=1 -1 3 6 5 -5 -3
right_child=-2 2 -4 4 -6 -7 -8
leaf_value=0.00030354762011471542 -0.00014083434157503792 1.5461835061660675e-05 -0.00011200950047353079 1.1310563583005209e-05 1.8543976759972482e-07 0.00016664995449678044 -0.00026795101020751587
leaf_weight=32 25 20 28 20 37 26 32
leaf_count=32 25 20 28 20 37 26 32
internal_value=0.000681818 0.00217949 0.000153374 0.00277778 0.00753012 0.0130435 -0.00480769
internal_weight=220 195 163 135 83 46 52
internal_count=220 195 163 135 83 46 52
is_linear=0
shrinkage=0.05


Tree=51
num_leaves=9
num_cat=0
split_feature=30 9 27 16 4 9 11 7
split_gain=1.11566 0.959114 1.06315 1.03634 0.931038 0.907506 1.06745 0.4
threshold=114760.59311885732 0.0070524953151169479 114179.96100000001 0.017171375387917267 19950.018585000005 0.027545829086590975 0.019990939704587148 0.030478057339984436
decision_type=2 2 2 2 2 2 2 2
left_child=1 2 3 -1 -5 6 -3 -7
right_child=-2 5 -4 4 -6 7 -8 -9
leaf_value=-6.8851018127564434e-06 -0.00029638431622051783 2.7460879438192395e-06 7.6183600939150017e-05 9.9084888557951422e-05 1.504462467160966e-06 0.00042549920740294988 -0.00013379262449628602 -2.8775004709437465e-06
leaf_weight=36 22 30 22 22 21 20 27 20
leaf_count=36 22 30 22 22 21 20 27 20
internal_value=0.00159091 0.00277778 0.00618812 0.00348101 0.00872093 -0.000773196 -0.00482456 0.005
internal_weight=220 198 101 79 43 97 57 40
internal_count=220 198 101 79 43 97 57 40
is_linear=0
shrinkage=0.05


Tree=52
num_leaves=8
num_cat=0
split_feature=34 26 24 0 16 5 16
split_gain=0.79947 1.58525 1.11888 1.71818 1.35 0.958623 0.736532
threshold=73.54279416807158 105191.03626933724 15260.585310800003 110225.50000000001 0.017493690105462836 0.0040268231757829868 0.013746246918398748
decision_type=2 2 2 2 2 2 2
left_child=1 -1 6 4 -4 -2 -3
right_child=5 2 3 -5 -6 -7 -8
leaf_value=0.00010222454446973911 3.6669808863399462e-06 5.3456840436748745e-06 -1.7187138180188967e-05 -0.00029371837351212574 3.8793923975742291e-05 -9.4321175623679615e-05 0.00012616179869891933
leaf_weight=34 21 27 30 28 30 22 28
leaf_count=34 21 27 30 28 30 22 28
internal_value=0.00204545 0.00353107 0.00122378 -0.00227273 0.0025 -0.00406977 0.00681818
internal_weight=220 177 143 88 60 43 55
internal_count=220 177 143 88 60 43 55
is_linear=0
shrinkage=0.05


Tree=53
num_leaves=8
num_cat=0
split_feature=9 27 38 7 28 9 19
split_gain=0.852279 1.5313 1.14943 1.81183 2.10565 0.939518 0.664927
threshold=0.0070524953151169479 115223.15100000003 -691.19660197687597 -0.002159089409115046 -608.76977156733471 0.01950566372958035 3123.3700000000031
decision_type=2 2 2 2 2 2 2
left_child=2 5 -1 4 -4 -2 -7
right_child=1 -3 3 -5 -6 6 -8
leaf_value=0.00015815946893223853 -1.6122143315829703e-05 -0.0001301117923132931 -9.3133035233824949e-05 -0.00013112461118379646 0.00011129875801128265 6.8596262200288154e-06 0.00024646348343890245
leaf_weight=29 31 22 25 26 36 31 20
leaf_count=29 31 22 25 26 36 31 20
internal_value=0.00136364 -0.00192308 0.00431034 0.00143678 0.00614754 0.00121951 0.00539216
internal_weight=220 104 116 87 61 82 51
internal_count=220 104 116 87 61 82 51
is_linear=0
shrinkage=0.05


Tree=54
num_leaves=8
num_cat=0
split_feature=34 27 20 24 27 20 9
split_gain=1.37257 1.57881 1.25662 0.941691 2.03173 1.39811 0.798441
threshold=73.54279416807158 116497.16400000002 643.60499999999604 17348.003678610003 105473.90175 630.55000000000302 1.0000000180025095e-35
decision_type=2 2 2 2 2 2 2
left_child=1 3 -2 5 -5 -1 -6
right_child=2 -3 -4 4 6 -7 -8
leaf_value=0.00011782916384202656 -0.00013545657613669803 -9.070514112936051e-05 5.1874308670124022e-06 0.00010021994187034633 2.5106190615067743e-05 -9.8981503512242964e-06 -0.00011578838189250733
leaf_weight=34 22 36 21 28 30 22 27
leaf_count=34 22 36 21 28 30 22 27
internal_value=0.000454545 0.00240113 -0.00755814 0.00478723 0.00147059 0.00982143 -0.00394737
internal_weight=220 177 43 141 85 56 57
internal_count=220 177 43 141 85 56 57
is_linear=0
shrinkage=0.05


Tree=55
num_leaves=9
num_cat=0
split_feature=32 15 16 9 21 7 32 4
split_gain=1.31871 1.20442 2.184 1.25536 1.08038 0.985153 0.691026 0.225
threshold=7162.2624687969519 0.018022794059555414 0.017493690105462836 0.0061353917298277933 524.97499999999866 -0.0095777773127252216 10041.063671197722 13005.005570000001
decision_type=2 2 2 2 2 2 2 2
left_child=1 2 4 5 -1 -3 -2 -6
right_child=6 3 -4 -5 7 -7 -8 -9
leaf_value=-0.00012007173166091677 -1.4943008112856133e-05 -1.7227171787297037e-05 0.00012539090319687365 -0.0002510465806256354 1.0215271322502559e-05 0.00026280629935636904 -1.1904911114080314e-07 6.6996566955322906e-05
leaf_weight=25 30 26 28 28 20 21 22 20
leaf_count=25 30 26 28 28 20 21 22 20
internal_value=0.000227273 0.00238095 0.0061828 -0.00233333 0.00115385 0.00265957 -0.00673077 0.00625
internal_weight=220 168 93 75 65 47 52 40
internal_count=220 168 93 75 65 47 52 40
is_linear=0
shrinkage=0.05


Tree=56
num_leaves=8
num_cat=0
split_feature=36 30 4 13 21 34 31
split_gain=1.0439 1.4611 1.20498 0.984989 0.830323 0.840723 0.69787
threshold=2921.0440876096477 113686.37872248507 8622.7720300000019 0.050022529061754605 842.40999999999633 48.383231469785038 114396.30470000002
decision_type=2 2 2 2 2 2 2
left_child=1 2 -1 4 5 -4 -3
right_child=-2 6 3 -5 -6 -7 -8
leaf_value=0.0001109699193251928 -2.4394526317634072e-05 -6.3566730902590174e-07 -9.4251021114416154e-05 7.732777480909232e-05 3.7272357269368432e-05 1.2152122077989988e-05 -0.00024108289297943998
leaf_weight=21 37 26 29 20 37 27 23
leaf_count=21 37 26 29 20 37 27 23
internal_value=0.000227273 0.00177596 0.00447761 0.00243363 0.000268817 -0.00357143 -0.00561224
internal_weight=220 183 134 113 93 56 49
internal_count=220 183 134 113 93 56 49
is_linear=0
shrinkage=0.05


Tree=57
num_leaves=9
num_cat=0
split_feature=32 1 1 15 9 13 32 9
split_gain=1.49664 1.14765 2.00207 1.6086 1.29739 1.21456 0.691026 0.654762
threshold=7162.2624687969519 115718.00000000001 117922.02500000001 0.018022794059555414 0.0061353917298277933 -0.028543502429205236 10041.063671197722 0.0034434523608635917
decision_type=2 2 2 2 2 2 2 2
left_child=1 3 -3 5 -5 -1 -2 -7
right_child=6 2 -4 4 -6 7 -8 -9
leaf_value=0.00033183402780796441 -1.4517803481006677e-05 -0.00011670743691344945 5.8705086204989037e-05 1.1169648830121543e-05 -0.00027597203469662202 8.362616654899926e-08 1.1066296602979489e-06 8.4556707327430983e-05
leaf_weight=22 30 23 20 38 23 22 22 20
leaf_count=22 30 23 20 38 23 22 22 20
internal_value=0.000681818 0.00297619 -0.00406977 0.0054 -0.000409836 0.0109375 -0.00673077 0.00595238
internal_weight=220 168 43 125 61 64 52 42
internal_count=220 168 43 125 61 64 52 42
is_linear=0
shrinkage=0.05


Tree=58
num_leaves=8
num_cat=0
split_feature=32 15 5 9 11 28 32
split_gain=1.40627 0.867857 0.766947 1.14759 1.46165 0.802778 0.691026
threshold=7162.2624687969519 0.024135350436240859 0.012356117073929819 -0.028782171230375343 -0.0073333307478891663 1779.1637267010449 10041.063671197722
decision_type=2 2 2 2 2 2 2
left_child=1 2 3 -1 -5 -6 -2
right_child=6 -3 -4 4 5 -7 -8
leaf_value=0.00013706223234424432 -1.3791913306956347e-05 -0.00016733442477724996 0.00013061871096346612 -0.00022319337648479552 1.7377752887574265e-05 -5.2931220976064085e-05 1.0512981772830524e-06
leaf_weight=24 30 28 21 35 36 24 22
leaf_count=24 30 28 21 35 36 24 22
internal_value=0.000454545 0.00267857 0.00428571 0.00273109 0.000263158 0.005 -0.00673077
internal_weight=220 168 140 119 95 60 52
internal_count=220 168 140 119 95 60 52
is_linear=0
shrinkage=0.05


Tree=59
num_leaves=9
num_cat=0
split_feature=9 38 9 35 27 23 11 37
split_gain=1.30912 1.26724 1.46732 1.09276 2.01567 0.88658 0.797785 0.595238
threshold=0.0070524953151169479 -691.19660197687597 -0.0053903282326520406 2728.3567857142857 105473.90175 -0.14087436070532178 -0.002965189086574845 119.74859208244844
decision_type=2 2 2 2 2 2 2 2
left_child=1 -1 6 5 -5 -2 -3 -6
right_child=3 2 -4 4 7 -7 -8 -9
leaf_value=0.00013850755469544605 -2.6836240830789486e-05 -0.00024441367684176527 2.2009476674726291e-05 1.3308241698068344e-05 -0.0001504592797638075 0.00034038257424910256 2.461732462262275e-05 -0.00021203370766055579
leaf_weight=29 22 34 32 20 21 20 21 21
leaf_count=29 22 34 32 20 21 20 21 21
internal_value=0.000227273 0.00387931 0.000862069 -0.00384615 -0.00806452 0.00238095 -0.00409091 -0.0142857
internal_weight=220 116 87 104 62 42 55 42
internal_count=220 116 87 104 62 42 55 42
is_linear=0
shrinkage=0.05


Tree=60
num_leaves=9
num_cat=0
split_feature=15 0 35 4 19 3 17 13
split_gain=1.36631 1.24717 2.14291 1.15343 1.05872 0.761326 0.971645 0.495501
threshold=0.020464036422253164 110088.14500000002 3092.3617857142876 15429.973355000002 2048.4150000000013 103194.12500000001 0.01912824796654863 0.017521913975169074
decision_type=2 2 2 2 2 2 2 2
left_child=1 2 7 4 -3 -2 -7 -1
right_child=5 3 -4 -5 -6 6 -8 -9
leaf_value=2.6929856202069004e-05 1.826715272974753e-05 -4.3759524791951945e-05 0.00018499199025887882 -0.00014993244985102617 3.1031061398669774e-05 -5.1409978684126676e-06 -0.00012899221857085862 -0.00013882273244050409
leaf_weight=20 31 21 23 37 23 22 20 23
leaf_count=20 31 21 23 37 23 22 20 23
internal_value=0.000454545 0.00323129 0.00833333 -0.000925926 0.00454545 -0.00513699 -0.00952381 0.00174419
internal_weight=220 147 66 81 44 73 42 43
internal_count=220 147 66 81 44 73 42 43
is_linear=0
shrinkage=0.05


Tree=61
num_leaves=8
num_cat=0
split_feature=9 9 9 15 16 17 7
split_gain=1.15125 1.11382 0.998755 0.859255 1.48611 0.761905 0.754704
threshold=0.0070524953151169479 0.027545829086590975 -0.0059404138956189031 0.021409681136721499 0.017171375387917267 0.018634678656932819 0.028458274101315368
decision_type=2 2 2 2 2 2 2
left_child=2 5 3 4 -1 -2 -3
right_child=1 6 -4 -5 -6 -7 -8
leaf_value=-1.2042055332344044e-05 -2.5732011233030338e-05 0.00037917359557807466 2.1322378468916349e-05 -1.2956724870190426e-05 0.00019579601210377613 -0.00013188159581847887 -9.7439364042006989e-06
leaf_weight=33 36 20 38 25 20 27 21
leaf_count=33 36 20 38 25 20 27 21
internal_value=0.000454545 -0.00336538 0.00387931 0.000641026 0.00424528 -0.00753968 0.00304878
internal_weight=220 104 116 78 53 63 41
internal_count=220 104 116 78 53 63 41
is_linear=0
shrinkage=0.05


Tree=62
num_leaves=9
num_cat=0
split_feature=15 1 21 22 2 21 38 24
split_gain=1.26039 2.02658 1.62015 1.12719 1.02783 1.01788 1.4632 0.512253
threshold=0.018022794059555414 115718.00000000001 1225.5299999999991 15058.815676400001 116463.82500000003 842.40999999999633 -166.73072153145844 18812.984890610005
decision_type=2 2 2 2 2 2 2 2
left_child=1 3 5 -1 -3 6 -2 -5
right_child=2 4 -4 7 -6 -7 -8 -9
leaf_value=9.4752022254619297e-06 -0.00024311801244780208 -9.5190239831258994e-05 -0.00015266337878398956 0.00011007366120403826 8.1494946878111776e-06 0.00011108553672898358 1.549323452311553e-05 3.0781944893353748e-05
leaf_weight=26 21 24 26 22 22 23 33 23
leaf_count=26 21 24 26 22 22 23 33 23
internal_value=0.00136364 0.00491453 -0.0026699 0.0102113 -0.00326087 0.000974026 -0.00277778 0.015
internal_weight=220 117 103 71 46 77 54 45
internal_count=220 117 103 71 46 77 54 45
is_linear=0
shrinkage=0.05


Tree=63
num_leaves=9
num_cat=0
split_feature=35 7 24 0 22 19 13 15
split_gain=1.0755 1.76604 1.27829 1.62288 1.16667 1.06061 0.895421 0.997584
threshold=2522.3207142857145 0.016829892012053715 15260.585310800003 110225.50000000001 18666.007760250006 2048.4150000000013 0.013824423662119624 0.02206853513711908
decision_type=2 2 2 2 2 2 2 2
left_child=5 2 -2 6 -3 -1 7 -4
right_child=1 4 3 -5 -6 -7 -8 -9
leaf_value=-8.1775237370456941e-06 2.3614909199221849e-05 -0.00016342017119303274 3.4085404640859227e-05 -0.00036435076430543989 -1.623570644791175e-06 0.00019859819322697427 -3.2712488198684886e-06 -1.5298800429084521e-07
leaf_weight=20 37 21 26 21 21 22 31 21
leaf_count=20 37 21 26 21 21 22 31 21
internal_value=0.00113636 -0.000561798 0.00220588 -0.000757576 -0.00952381 0.00833333 0.0025641 0.00691489
internal_weight=220 178 136 99 42 42 78 47
internal_count=220 178 136 99 42 42 78 47
is_linear=0
shrinkage=0.05


Tree=64
num_leaves=9
num_cat=0
split_feature=34 4 5 27 17 4 5 19
split_gain=0.870385 1.11351 1.00198 0.8004 0.964756 1.35016 0.982692 0.44971
threshold=72.814892709473398 8622.7720300000019 0.0040268231757829868 105473.90175 0.01912824796654863 11783.793495000002 0.0034672842111987405 2896.8799999999978
decision_type=2 2 2 2 2 2 2 2
left_child=1 -1 -2 -3 5 -5 7 -7
right_child=2 3 -4 4 -6 6 -8 -9
leaf_value=0.0001017882731381353 5.3394182435351235e-06 7.1418189454649193e-05 -9.0130269158827638e-05 -2.0821927617823431e-05 -0.00015655381661357605 2.2434163739260752e-05 -4.4882075582045066e-05 1.5811366340864245e-05
leaf_weight=21 22 25 24 24 35 21 28 20
leaf_count=21 22 25 24 24 35 21 28 20
internal_value=0.000681818 0.00229885 -0.00543478 0.000816993 -0.00078125 0.00188172 0.00543478 0.0103659
internal_weight=220 174 46 153 128 93 69 41
internal_count=220 174 46 153 128 93 69 41
is_linear=0
shrinkage=0.05


Tree=65
num_leaves=9
num_cat=0
split_feature=5 17 3 18 7 30 20 31
split_gain=0.706256 1.63663 1.95132 1.63043 1.48046 0.876783 0.788961 1.11364
threshold=0.0034672842111987405 0.01912824796654863 103401.49000000001 2229.5000000000005 0.0039418551297761692 112894.76755902097 463.9900000000053 111867.9488
decision_type=2 2 2 2 2 2 2 2
left_child=1 6 -3 4 -2 -6 -1 -8
right_child=3 2 -4 -5 5 -7 7 -9
leaf_value=9.2353890913717255e-06 6.5540195597892361e-05 0.00015606186914037326 -0.00017115126371138026 4.0657297204214215e-05 -0.00029582444372321885 -4.9665658595419477e-06 1.8539283463307819e-06 0.00037642573261160523
leaf_weight=33 22 24 23 27 26 21 22 22
leaf_count=33 22 24 23 27 26 21 22 22
internal_value=0.00113636 0.00362903 -0.0037234 -0.00208333 -0.00615942 -0.0111702 0.00811688 0.0125
internal_weight=220 124 47 96 69 47 77 44
internal_count=220 124 47 96 69 47 77 44
is_linear=0
shrinkage=0.05


Tree=66
num_leaves=9
num_cat=0
split_feature=31 4 4 23 21 20 26 21
split_gain=2.6882 1.29906 1.6 1.15335 1.10544 0.972222 0.800833 0.955857
threshold=114181.99260000001 13005.005570000001 20935.062505000005 -1.008112018483567 632.85000000000593 663.5900000000039 105191.03626933724 1169.0649999999953
decision_type=2 2 2 2 2 2 2 2
left_child=3 -2 -3 -1 5 -5 -6 -8
right_child=1 2 -4 4 6 -7 7 -9
leaf_value=0.00010803751528960082 -0.00010802869632661292 0.00017864755129839559 -0.00014575154681073515 -0.00019443245805158819 0.00012373094037507871 1.3125879514954146e-05 6.3477673933238726e-05 -8.5674337513563383e-05
leaf_weight=21 21 20 20 28 27 35 26 22
leaf_count=21 21 20 20 28 27 35 26 22
internal_value=0.00113636 -0.00778689 -0.0025 0.00455975 0.00289855 -0.00198413 0.007 0.003125
internal_weight=220 61 40 159 138 63 75 48
internal_count=220 61 40 159 138 63 75 48
is_linear=0
shrinkage=0.05


Tree=67
num_leaves=8
num_cat=0
split_feature=21 34 28 13 5 22 34
split_gain=1.20722 1.88282 1.82533 1.96673 1.70585 1.66448 1.78907
threshold=1169.0649999999953 75.71804478868718 3141.858133685259 0.013824423662119624 1.0000000180025095e-35 15859.709321900002 38.439168508112139
decision_type=2 2 2 2 2 2 2
left_child=1 2 3 5 -2 -1 -7
right_child=4 -3 -4 -5 -6 6 -8
leaf_value=-9.4090599654189821e-06 2.4379707236475877e-05 -0.00010088809623261187 0.00022049129498112174 -0.00013288098525679151 -9.9628302369078278e-05 1.6061196977339893e-05 0.00011620008937228177
leaf_weight=37 26 24 25 35 20 27 26
leaf_count=37 26 24 25 35 20 27 26
internal_value=0.000681818 0.00258621 0.00466667 0.0022 -0.00652174 0.00611111 0.0117925
internal_weight=220 174 150 125 46 90 53
internal_count=220 174 150 125 46 90 53
is_linear=0
shrinkage=0.05


Tree=68
num_leaves=8
num_cat=0
split_feature=27 18 18 5 5 0 25
split_gain=1.2222 1.31065 1.75846 1.02557 1.32758 2.13481 1.14469
threshold=116555.54975000002 2229.5000000000005 -1422.8899999999992 0.0089955497568801664 0.00039469453972758485 108310.26500000001 -0.42491800393367413
decision_type=2 2 2 2 2 2 2
left_child=1 2 -1 4 6 -6 -4
right_child=-2 -3 3 -5 5 -7 -8
leaf_value=2.5472558580452071e-05 -8.9698936286410308e-05 0.00013475111581583962 -2.8195926204905656e-05 -0.0001012702599075654 0.00010648683402620161 -4.1498466895626607e-05 5.6348402110523518e-05
leaf_weight=31 34 23 28 36 23 21 24
leaf_count=31 34 23 28 36 23 21 24
internal_value=0.00136364 0.00295699 0.00138037 -0.00113636 0.0015625 0.00795455 -0.00384615
internal_weight=220 186 163 132 96 44 52
internal_count=220 186 163 132 96 44 52
is_linear=0
shrinkage=0.05


Tree=69
num_leaves=9
num_cat=0
split_feature=21 34 28 21 5 35 22 21
split_gain=0.758902 1.39862 1.28133 1.54914 0.940635 0.922412 1.11189 0.996574
threshold=1169.0649999999953 75.71804478868718 3141.858133685259 842.40999999999633 1.0000000180025095e-35 2784.7949999999983 22278.449144375005 524.97499999999866
decision_type=2 2 2 2 2 2 2 2
left_child=1 2 3 5 -2 7 -7 -1
right_child=4 -3 -4 -5 -6 6 -8 -9
leaf_value=-1.4525395847703031e-05 2.1115197857377695e-05 -9.3201800230692966e-05 0.00021453024322744393 0.00017827197548395059 -8.958337425524607e-05 -0.00011491692269833273 8.2580471173049438e-06 0.00020497873573737096
leaf_weight=20 26 24 25 26 20 36 22 21
leaf_count=20 26 24 25 26 20 36 22 21
internal_value=0.00136364 0.00287356 0.00466667 0.0026 -0.00434783 -0.000252525 -0.00431034 0.0054878
internal_weight=220 174 150 125 46 99 58 41
internal_count=220 174 150 125 46 99 58 41
is_linear=0
shrinkage=0.05


Tree=70
num_leaves=7
num_cat=0
split_feature=27 38 34 13 23 4
split_gain=1.2222 1.36714 1.24467 1.3629 1.70922 0.946225
threshold=116555.54975000002 -691.19660197687597 48.073257499671108 0.013824423662119624 0.12402140011415554 11544.868195000003
decision_type=2 2 2 2 2 2
left_child=1 -1 -3 -4 5 -5
right_child=-2 2 3 4 -6 -7
leaf_value=3.7644186216859689e-05 -8.9975322969331487e-05 -5.1578069799461695e-05 7.2245541014396257e-05 1.1993785787578862e-05 0.00012444367219076395 -0.00012469321605217628
leaf_weight=29 34 34 29 23 35 36
leaf_count=29 34 34 29 23 35 36
internal_value=0.00136364 0.00295699 0.00111465 0.00345528 0.000531915 -0.00466102
internal_weight=220 186 157 123 94 59
internal_count=220 186 157 123 94 59
is_linear=0
shrinkage=0.05


Tree=71
num_leaves=8
num_cat=0
split_feature=0 15 22 13 11 20 37
split_gain=1.45005 1.38005 1.1544 1.26603 1.09832 0.642857 0.595238
threshold=114435.69000000002 0.020547544347270914 15058.815676400001 0.020255790386398027 0.0053076956657905792 449.2050000000018 -543.86594693857762
decision_type=2 2 2 2 2 2 2
left_child=1 2 -1 -4 -2 -3 -7
right_child=4 5 3 -5 -6 6 -8
leaf_value=5.3492057692987145e-07 -0.00010641238565306174 6.0633232477224795e-06 3.2593523862704678e-05 9.846713279478852e-06 4.9855609199295199e-06 -0.00023623303942338811 2.7705831646387871e-06
leaf_weight=33 27 21 37 26 34 21 21
leaf_count=33 27 21 37 26 34 21 21
internal_value=0.00204545 0.00455975 0.00833333 0.0123016 -0.0045082 -0.00119048 -0.0047619
internal_weight=220 159 96 63 61 63 42
internal_count=220 159 96 63 61 63 42
is_linear=0
shrinkage=0.05


Tree=72
num_leaves=9
num_cat=0
split_feature=34 15 24 35 17 7 23 17
split_gain=1.04249 1.08515 1.03315 1.41238 1.81446 1.77394 1.17228 0.761269
threshold=33.658081560645691 0.024135350436240859 23538.832630000001 2522.3207142857145 0.019997092137102289 0.016829892012053715 -0.56556417060382203 0.016413247428771194
decision_type=2 2 2 2 2 2 2 2
left_child=-1 2 3 -2 5 6 -5 -8
right_child=1 -3 -4 4 -6 -7 7 -9
leaf_value=3.5623447747784759e-05 0.00014712188579911145 -0.00016571656833537586 6.5506716372908591e-05 -9.8103243239707457e-07 -0.00013683339871719256 -0.00010217164120302693 4.1830319440912172e-06 9.5257406273035192e-05
leaf_weight=21 34 22 21 31 20 24 27 20
leaf_count=21 34 22 21 31 20 24 27 20
internal_value=0.0025 0.00138191 0.00268362 0.00128205 -0.00122951 0.00147059 0.00512821 0.0101064
internal_weight=220 199 177 156 122 102 78 47
internal_count=220 199 177 156 122 102 78 47
is_linear=0
shrinkage=0.05


Tree=73
num_leaves=8
num_cat=0
split_feature=31 35 37 4 4 34 9
split_gain=1.53966 1.1527 1.46525 1.01275 1.34292 0.775758 0.718784
threshold=114197.62800000001 3038.138928571429 -1069.7881298649197 13005.005570000001 15822.982140000002 72.814892709473398 -0.019496162324684391
decision_type=2 2 2 2 2 2 2
left_child=1 3 -3 -1 -5 -6 -2
right_child=6 2 -4 4 5 -7 -8
leaf_value=7.2587137050595483e-05 1.5405606982158999e-06 7.81502519920825e-06 3.3842275360395542e-05 -0.00017065347352150545 8.9105596889725954e-05 -3.9838053749031078e-05 -0.00010408294633128349
leaf_weight=35 20 27 35 21 24 20 38
leaf_count=35 20 27 35 21 24 20 38
internal_value=0.00181818 0.00432099 0.00967742 0.001 -0.00269231 0.00227273 -0.00517241
internal_weight=220 162 62 100 65 44 58
internal_count=220 162 62 100 65 44 58
is_linear=0
shrinkage=0.05


Tree=74
num_leaves=7
num_cat=0
split_feature=26 31 27 16 16 35
split_gain=0.741672 1.27429 1.04561 0.816063 1.27504 0.775758
threshold=114279.12068485269 114316.7991 111639.96875 0.021299133708186712 0.017171375387917267 3000.4775000000009
decision_type=2 2 2 2 2 2
left_child=2 -2 3 4 -1 -6
right_child=1 -3 -4 -5 5 -7
leaf_value=-2.7227664740312603e-06 1.1771895929246529e-05 -0.00014715792510662415 2.1154443283170619e-05 -7.5597000720192303e-06 8.1465471767096932e-06 0.00013042517841553653
leaf_weight=35 33 28 36 33 33 22
leaf_count=35 33 28 36 33 33 22
internal_value=0.00181818 -0.00286885 0.00361635 0.00142276 0.00388889 0.00863636
internal_weight=220 61 159 123 90 55
internal_count=220 61 159 123 90 55
is_linear=0
shrinkage=0.05


Tree=75
num_leaves=9
num_cat=0
split_feature=4 4 13 4 38 5 34 35
split_gain=1.09442 1.87154 1.17559 1.2925 1.13054 0.935086 0.808883 0.796859
threshold=20935.062505000005 24583.571935000004 -0.028543502429205236 17055.868450000005 -239.46899145499376 -0.0054190246202925367 72.814892709473398 2728.3567857142857
decision_type=2 2 2 2 2 2 2 2
left_child=2 -2 -1 4 -4 -3 7 -6
right_child=1 5 3 -5 6 -7 -8 -9
leaf_value=0.00015086054144292178 -9.9434165618284871e-05 9.8931070505879067e-05 -0.00013105435974816552 6.1695824647384488e-05 9.0413013980267468e-05 -5.332311111439544e-06 -6.2697099880639403e-05 5.06603492308219e-07
leaf_weight=32 27 23 24 26 21 20 21 26
leaf_count=32 27 23 24 26 21 20 21 26
internal_value=0.00159091 -0.00357143 0.004 0.00169492 -0.00108696 0.00290698 0.00220588 0.00585106
internal_weight=220 70 150 118 92 43 68 47
internal_count=220 70 150 118 92 43 68 47
is_linear=0
shrinkage=0.05


Tree=76
num_leaves=8
num_cat=0
split_feature=21 34 13 21 3 24 1
split_gain=0.820501 1.47126 1.18735 1.60947 1.06522 0.905906 1.0938
threshold=1169.0649999999953 75.71804478868718 0.046610977432099084 818.25000000000011 108832.96500000001 15260.585310800003 108474.53000000001
decision_type=2 2 2 2 2 2 2
left_child=1 2 3 5 -2 -1 -7
right_child=4 -3 -4 -5 -6 6 -8
leaf_value=3.6354359285077768e-05 4.6544285855049846e-06 -8.6847940507317971e-05 8.8815979764476238e-05 9.3610684307899374e-05 -9.4462457337370602e-05 2.3850801305845205e-06 -0.00011291091751789552
leaf_weight=34 23 24 28 32 23 27 29
leaf_count=34 23 24 28 32 23 27 29
internal_value=0.00159091 0.00316092 0.005 0.00286885 -0.00434783 -0.000555556 -0.00446429
internal_weight=220 174 150 122 46 90 56
internal_count=220 174 150 122 46 90 56
is_linear=0
shrinkage=0.05


Tree=77
num_leaves=8
num_cat=0
split_feature=4 25 4 22 4 31 38
split_gain=0.883132 0.955192 1.53792 1.37619 1.18125 1.09283 0.781345
threshold=8238.7853600000017 -0.46952680551426584 18851.864580000005 14820.598458425002 11544.868195000003 114181.99260000001 -37.33637845739883
decision_type=2 2 2 2 2 2 2
left_child=-1 4 3 -3 -2 6 -4
right_child=1 2 5 -5 -6 -7 -8
leaf_value=4.9096300777867665e-05 8.172212697767388e-07 -1.4590488818625381e-05 -8.0656913016646968e-05 7.1934396072827984e-05 -9.2108566482269059e-05 -9.5481535880619518e-05 0.00010879250584092497
leaf_weight=24 32 21 23 35 28 22 35
leaf_count=24 32 21 23 35 28 22 35
internal_value=0.00136364 0.000255102 0.00257353 0.00892857 -0.005 -0.001875 0.00172414
internal_weight=220 196 136 56 60 80 58
internal_count=220 196 136 56 60 80 58
is_linear=0
shrinkage=0.05


Tree=78
num_leaves=9
num_cat=0
split_feature=7 36 7 34 19 19 23 13
split_gain=1.55648 1.22949 1.58402 1.56202 1.03195 0.9 0.914286 0.81
threshold=0.016829892012053715 2942.5122340040621 -0.010039682674548174 50.242464197357812 3143.2850000000039 2206.9800000000037 -0.22408085591528212 0.0078795943849983684
decision_type=2 2 2 2 2 2 2 2
left_child=1 2 3 -1 -2 7 -7 -4
right_child=4 -3 5 -5 -6 6 -8 -9
leaf_value=-0.00023789423089974658 -0.00010249129484796979 -6.0599338897176163e-06 6.9908381961802379e-05 7.8787184380218812e-06 1.4482736277600904e-05 8.9015972420288322e-05 9.9189050741991082e-05 -5.5775313818476211e-05
leaf_weight=32 25 24 20 20 29 21 24 25
leaf_count=32 25 24 20 20 29 21 24 25
internal_value=0.00181818 0.00421687 0.00598592 -0.000961538 -0.00555556 0.01 0.015 0.005
internal_weight=220 166 142 52 54 90 45 45
internal_count=220 166 142 52 54 90 45 45
is_linear=0
shrinkage=0.05


Tree=79
num_leaves=9
num_cat=0
split_feature=0 9 3 0 5 31 32 9
split_gain=1.49698 2.08048 1.97594 1.86482 1.47 1.35428 1.2004 0.95087
threshold=108310.26500000001 -0.028782171230375343 111071.11500000001 106257.34000000001 0.0096561823878407466 114253.23220000001 7022.2139235814839 -0.0035857948049462644
decision_type=2 2 2 2 2 2 2 2
left_child=3 -2 -3 4 7 6 -4 -1
right_child=1 2 5 -5 -6 -7 -8 -9
leaf_value=-2.1410666961606089e-06 8.0232387814173922e-05 -8.0161917751381097e-05 0.00019310169841629327 0.00011310976481070014 -5.0311422842642214e-05 -9.7173797310586016e-05 -2.3454288526070669e-06 0.00011349874542415555
leaf_weight=23 21 21 24 21 27 37 21 25
leaf_count=23 21 21 24 21 27 37 21 25
internal_value=0 -0.00362903 -0.0065534 0.0046875 0.001 -0.00304878 0.00277778 0.00625
internal_weight=220 124 103 96 75 82 45 48
internal_count=220 124 103 96 75 82 45 48
is_linear=0
shrinkage=0.05


Tree=80
num_leaves=8
num_cat=0
split_feature=38 35 4 35 0 15 19
split_gain=1.3632 1.37788 1.03056 1.1139 0.937919 1.02783 0.9
threshold=-691.19660197687597 2522.3207142857145 9608.6872385000006 2842.1475000000005 110088.14500000002 0.020292001128752468 2115.6899999999955
decision_type=2 2 2 2 2 2 2
left_child=-1 6 -3 -4 5 -5 -2
right_child=1 2 3 4 -6 -7 -8
leaf_value=2.6284980828584138e-05 1.5686828997398829e-05 3.6137179453364694e-05 -7.4445210406765588e-05 1.7101430893116558e-05 -6.1966577547039093e-05 -7.9356877672022455e-06 0.00013934471980230957
leaf_weight=39 20 20 38 24 37 22 20
leaf_count=39 20 20 38 24 37 22 20
internal_value=0.00113636 -0.000690608 -0.00301418 -0.00475207 -0.00150602 0.00326087 0.0075
internal_weight=220 181 141 121 83 46 40
internal_count=220 181 141 121 83 46 40
is_linear=0
shrinkage=0.05


Tree=81
num_leaves=8
num_cat=0
split_feature=31 31 21 26 17 11 0
split_gain=1.01431 1.00763 1.24736 0.888752 1.80504 0.9 0.6974
threshold=114197.62800000001 113226.70830000001 398.21500000000384 105191.03626933724 0.017200066631840056 0.013484541181508037 114435.69000000002
decision_type=2 2 2 2 2 2 2
left_child=1 2 -1 5 -5 -4 -2
right_child=6 -3 3 4 -6 -7 -8
leaf_value=-7.8036523064820904e-05 5.1317035399999285e-07 0.00018897003524460292 0.00041205302675157866 3.4783399154304048e-06 -8.8292478265757416e-05 1.1855155183188349e-06 -8.0078241299444755e-05
leaf_weight=31 31 30 20 31 30 20 27
leaf_count=31 31 30 20 31 30 20 27
internal_value=0.00136364 0.00339506 0.00151515 0.00420792 0.000409836 0.01 -0.00431034
internal_weight=220 162 132 101 61 40 58
internal_count=220 162 132 101 61 40 58
is_linear=0
shrinkage=0.05


Tree=82
num_leaves=8
num_cat=0
split_feature=24 24 7 31 31 24 35
split_gain=0.914984 1.61082 1.05738 0.963021 0.998406 0.814881 1.4683
threshold=23538.832630000001 21550.745038920006 0.016829892012053715 114181.99260000001 114545.357 15053.55400523 3092.3617857142876
decision_type=2 2 2 2 2 2 2
left_child=1 2 3 5 -5 -1 -7
right_child=-2 -3 -4 4 -6 6 -8
leaf_value=0.00021922965027275896 3.7640979680456014e-05 -6.7405533023056908e-05 -3.5779759759434942e-05 -7.607432923447252e-05 5.2766124994059907e-06 -2.5133863207079453e-05 8.6049923632039275e-05
leaf_weight=24 31 24 37 25 23 34 22
leaf_count=24 31 24 37 25 23 34 22
internal_value=0.000909091 -0.000396825 0.00136364 0.00351563 -0.00208333 0.006875 0.00357143
internal_weight=220 189 165 128 48 80 56
internal_count=220 189 165 128 48 80 56
is_linear=0
shrinkage=0.05


Tree=83
num_leaves=9
num_cat=0
split_feature=32 34 7 25 4 34 21 11
split_gain=1.15205 0.974305 1.16386 2.21154 1.10132 1.10573 0.942308 0.5464
threshold=7162.2624687969519 48.841452285812956 -0.0026542343769234214 -0.44438205368792005 18851.864580000005 41.641618882949309 753.70999999999924 -0.0012696756390574457
decision_type=2 2 2 2 2 2 2 2
left_child=1 4 7 -4 5 -1 -2 -3
right_child=6 2 3 -5 -6 -7 -8 -9
leaf_value=0.00020940360650114473 7.6062727479617355e-06 4.887582682087607e-05 -9.0596812476697098e-05 0.00023289637582140515 -6.9713903941441435e-05 -1.5776517143968954e-05 -1.6800597458830864e-05 2.2938501175450485e-05
leaf_weight=26 26 20 26 20 32 23 26 21
leaf_count=26 26 20 26 20 32 23 26 21
internal_value=-0.000227273 0.00178571 0.00545977 0 -0.00216049 0.00255102 -0.00673077 0.0115854
internal_weight=220 168 87 46 81 49 52 41
internal_count=220 168 87 46 81 49 52 41
is_linear=0
shrinkage=0.05


Tree=84
num_leaves=8
num_cat=0
split_feature=32 21 31 5 7 16 24
split_gain=0.996637 0.942308 0.910826 1.31121 1.31252 1.4731 1.01507
threshold=7162.2624687969519 753.70999999999924 114181.99260000001 0.0089955497568801664 -0.013138069790795731 0.017559022926175758 15405.723217490002
decision_type=2 2 2 2 2 2 2
left_child=2 -2 3 4 -1 -6 -4
right_child=1 -3 6 -5 5 -7 -8
leaf_value=-4.0620875624048794e-05 7.225959110563653e-06 -1.5960567585889312e-05 3.1985088796625869e-06 -1.4752550623824255e-05 3.1654231172035045e-05 0.0002864729213480351 -8.1139643480386336e-05
leaf_weight=26 26 26 31 30 33 20 28
leaf_count=26 26 26 31 30 33 20 28
internal_value=-0.000681818 -0.00673077 0.00119048 0.00389908 0.00727848 0.0117925 -0.00381356
internal_weight=220 52 168 109 79 53 59
internal_count=220 52 168 109 79 53 59
is_linear=0
shrinkage=0.05


Tree=85
num_leaves=9
num_cat=0
split_feature=21 21 5 2 18 13 34 13
split_gain=0.793424 2.02491 1.70585 1.06979 1.27139 1.07616 0.957495 0.907786
threshold=1169.0649999999953 818.25000000000011 1.0000000180025095e-35 116463.82500000003 2229.5000000000005 0.012204918294052642 39.577845492695424 0.046610977432099084
decision_type=2 2 2 2 2 2 2 2
left_child=1 3 -2 4 5 6 -1 -7
right_child=2 -3 -4 -5 -6 7 -8 -9
leaf_value=-3.4117684446107272e-05 2.1490311662441229e-05 3.7396988948669225e-05 -6.7253532461411484e-05 6.6213380360803724e-05 9.4166179755808673e-05 -0.00041256839292397123 1.4764915880912875e-05 -3.7543099968704277e-05
leaf_weight=20 26 39 20 21 20 20 31 23
leaf_count=20 26 39 20 21 20 20 31 23
internal_value=-0.000681818 0.000862069 -0.00652174 -0.00203704 -0.00394737 -0.00638298 -0.00147059 -0.0122093
internal_weight=220 174 46 135 114 94 51 43
internal_count=220 174 46 135 114 94 51 43
is_linear=0
shrinkage=0.05


Tree=86
num_leaves=9
num_cat=0
split_feature=35 7 19 9 38 20 15 21
split_gain=1.52167 2.0956 1.06061 0.835695 1.16446 0.840742 0.898699 0.814815
threshold=2522.3207142857145 0.01979683458568916 2048.4150000000013 0.01992217385895417 269.97457884983839 1090.9250000000031 0.015069809414189192 973.75000000000011
decision_type=2 2 2 2 2 2 2 2
left_child=2 3 -1 4 5 6 -2 -8
right_child=1 -3 -4 -5 -6 -7 7 -9
leaf_value=2.639974179076117e-05 -1.0287298404733992e-05 -7.5626815962617268e-05 0.00018126150194026612 0.00014762937210661053 -5.5097640957490254e-05 -3.1182078826354536e-05 3.7933418339283575e-05 -6.3647616211107759e-06
leaf_weight=20 20 37 22 20 27 20 32 22
leaf_count=20 20 37 22 20 27 20 32 22
internal_value=-0.000227273 -0.00224719 0.00833333 0.000531915 -0.00103306 0.00159574 0.00405405 0.00740741
internal_weight=220 178 42 141 121 94 74 54
internal_count=220 178 42 141 121 94 74 54
is_linear=0
shrinkage=0.05


Tree=87
num_leaves=8
num_cat=0
split_feature=38 24 37 20 28 20 16
split_gain=0.845675 0.95599 1.2864 1.5678 1.78104 1.45833 0.625
threshold=-691.19660197687597 23538.832630000001 2793.8850764987178 183.48999999999799 -673.36185563150491 790.66999999999837 0.015441647108864731
decision_type=2 2 2 2 2 2 2
left_child=-1 2 3 -2 -5 6 -6
right_child=1 -3 -4 4 5 -7 -8
leaf_value=3.7222957466916729e-05 -8.3442484898759429e-05 3.58453775822913e-05 -5.2342758909615721e-05 -4.8350072277642987e-05 4.8138795502644713e-05 -3.8436534796175439e-05 0.00015802018768057766
leaf_weight=39 20 31 21 39 20 30 20
leaf_count=39 20 31 21 39 20 30 20
internal_value=-0.000909091 -0.00234807 -0.004 -0.00213178 0.000229358 0.005 0.01125
internal_weight=220 181 150 129 109 70 40
internal_count=220 181 150 129 109 70 40
is_linear=0
shrinkage=0.05


Tree=88
num_leaves=9
num_cat=0
split_feature=34 21 21 34 35 4 5 5
split_gain=0.780629 1.25136 1.27243 2.04456 0.936343 1.37286 1.20333 0.9
threshold=76.560681049087506 1169.0649999999953 842.40999999999633 38.439168508112139 3068.9603571428584 15822.982140000002 0.0058755719071795437 -0.0028510500328290125
decision_type=2 2 2 2 2 2 2 2
left_child=1 2 3 -1 5 6 -5 -3
right_child=-2 7 -4 4 -6 -7 -8 -9
leaf_value=-3.2302405841356964e-05 -6.9750469459132228e-05 1.363264735179139e-07 0.00014956021235158702 1.127653480296197e-05 -5.2645347685016664e-06 0.00025429032564140339 -5.7068449333975507e-05 -6.1266970045179442e-05
leaf_weight=22 25 20 30 30 33 20 20 20
leaf_count=22 25 20 30 30 33 20 20 20
internal_value=-0.000681818 0.000384615 0.00241935 0.0002 0.00315534 0.00642857 0.002 -0.0075
internal_weight=220 195 155 125 103 70 50 40
internal_count=220 195 155 125 103 70 50 40
is_linear=0
shrinkage=0.05


Tree=89
num_leaves=9
num_cat=0
split_feature=35 7 11 13 15 16 19 15
split_gain=0.91388 1.59493 1.33976 1.72634 1.718 0.594555 0.541126 0.426055
threshold=2522.3207142857145 0.01979683458568916 0.022281942421489953 -0.028543502429205236 0.02206853513711908 0.017617935125904424 2048.4150000000013 0.016400853768327381
decision_type=2 2 2 2 2 2 2 2
left_child=6 2 3 4 -2 7 -1 -5
right_child=1 -3 -4 5 -6 -7 -8 -9
leaf_value=2.6160338399047486e-05 0.00029509074102375692 -7.0853200571133426e-05 2.2159313652807031e-05 -0.0001744988334074691 -4.4110377368054106e-05 -5.0013080300765832e-06 0.0001784158753054539 -4.41545964994846e-06
leaf_weight=20 21 37 34 22 20 23 22 21
leaf_count=20 21 37 34 22 20 23 22 21
internal_value=-0.000681818 -0.00224719 0.000177305 -0.00257009 0.0054878 -0.00757576 0.00595238 -0.0110465
internal_weight=220 178 141 107 41 66 42 43
internal_count=220 178 141 107 41 66 42 43
is_linear=0
shrinkage=0.05


Tree=90
num_leaves=8
num_cat=0
split_feature=31 4 25 38 28 7 23
split_gain=1.00858 0.949781 1.26237 0.937729 1.10769 0.653992 0.63868
threshold=114181.99260000001 13005.005570000001 -0.46952680551426584 -82.230353997272559 4105.4136315933001 1.0000000180025095e-35 -0.24749623640261725
decision_type=2 2 2 2 2 2 2
left_child=1 5 -3 -4 -5 -1 -2
right_child=6 2 3 4 -6 -7 -8
leaf_value=7.8258016167458372e-05 -5.6753811446831268e-05 -9.4063492219822204e-05 -7.9712192691210219e-06 0.00049849296687290781 9.364055215360564e-07 6.2483440076664921e-06 -1.2506452854544378e-05
leaf_weight=22 24 20 39 20 32 26 37
leaf_count=22 24 20 39 20 32 26 37
internal_value=-0.000681818 0.00141509 -0.00112613 0.00137363 0.00576923 0.00729167 -0.00614754
internal_weight=220 159 111 91 52 48 61
internal_count=220 159 111 91 52 48 61
is_linear=0
shrinkage=0.05


Tree=91
num_leaves=9
num_cat=0
split_feature=21 5 36 21 34 19 0 19
split_gain=1.19071 1.38478 1.27203 1.41353 2.36067 1.30347 0.935488 0.886433
threshold=1169.0649999999953 1.0000000180025095e-35 2942.5122340040621 835.62499999999284 38.439168508112139 2345.9450000000002 111881.01000000002 1797.1149999999982
decision_type=2 2 2 2 2 2 2 2
left_child=2 -2 3 4 -1 7 -7 -6
right_child=1 -3 -4 -5 5 6 -8 -9
leaf_value=-2.8491110307629837e-05 1.6462393223108805e-05 -5.6697023186637116e-05 -3.3981644235069228e-05 0.00014067383184318547 8.1678940978859518e-06 6.580597575863822e-05 3.3427951634178967e-05 -8.1180088898829235e-05
leaf_weight=20 26 20 25 32 31 21 23 22
leaf_count=20 26 20 25 32 31 21 23 22
internal_value=-0.000454545 -0.0076087 0.00143678 0.00318792 0.000641026 0.00386598 0.0102273 -0.00141509
internal_weight=220 46 174 149 117 97 44 53
internal_count=220 46 174 149 117 97 44 53
is_linear=0
shrinkage=0.05


Tree=92
num_leaves=8
num_cat=0
split_feature=22 11 24 32 15 16 17
split_gain=0.879326 1.2156 0.890449 1.75786 1.72814 1.36033 0.715505
threshold=14003.216340250003 -0.042112448391832154 23538.832630000001 7162.2624687969519 0.018022794059555414 0.017493690105462836 0.016023617778061598
decision_type=2 2 2 2 2 2 2
left_child=-1 -2 3 4 5 6 -3
right_child=1 2 -4 -5 -6 -7 -8
leaf_value=3.5661975866755815e-05 0.0001930105583473769 3.4257241736244257e-05 1.4801082374833958e-05 -7.7335456415368923e-05 -0.00017530103954641702 4.4635907605187609e-05 -1.4385972221672711e-05
leaf_weight=36 21 20 30 27 38 27 21
leaf_count=36 21 20 30 27 38 27 21
internal_value=-0.00159091 -0.00298913 -0.00444785 -0.00620301 -0.00330189 0.00147059 -0.00426829
internal_weight=220 184 163 133 106 68 41
internal_count=220 184 163 133 106 68 41
is_linear=0
shrinkage=0.05


Tree=93
num_leaves=8
num_cat=0
split_feature=25 25 23 25 34 7 9
split_gain=0.784624 1.93951 1.49842 1.2164 1.31944 1.63924 1.99231
threshold=0.49932462086167345 1.2603851031538471 0.14513978333246955 -0.13906629313697141 43.552538778852096 -0.0026542343769234214 0.015016042308854139
decision_type=2 2 2 2 2 2 2
left_child=2 -2 3 4 -1 -6 -7
right_child=1 -3 -4 -5 5 6 -8
leaf_value=0.00017333860321454861 -7.2930674152659242e-05 5.438173067167647e-05 0.00016374288676747632 -4.7002162377161354e-05 1.1160866637863877e-05 -8.6092954067250687e-05 5.5277040127322754e-06
leaf_weight=24 30 22 33 21 34 33 23
leaf_count=24 30 22 33 21 34 33 23
internal_value=-0.00136364 -0.00673077 0.000297619 -0.00203704 0 -0.00277778 -0.00803571
internal_weight=220 52 168 135 114 90 56
internal_count=220 52 168 135 114 90 56
is_linear=0
shrinkage=0.05


Tree=94
num_leaves=9
num_cat=0
split_feature=0 24 0 15 1 21 21 35
split_gain=1.23717 1.72651 1.64024 0.98 1.03214 0.836968 2.26564 0.688144
threshold=108310.26500000001 15260.585310800003 106257.34000000001 0.019655711864613942 103846.25000000001 444.37500000000006 777.17499999999575 3380.1885714285722
decision_type=2 2 2 2 2 2 2 2
left_child=2 5 3 -1 -5 -2 -7 -3
right_child=1 7 -4 4 -6 6 -8 -9
leaf_value=3.2988947724525451e-06 -4.9553490412684086e-05 -0.00010994167704240702 8.048968691150788e-05 3.2544586480070476e-06 -4.9302578778866613e-05 0.0001858935515674469 -1.8395015271067918e-05 -7.2337565537446745e-06
leaf_weight=30 23 26 21 24 21 27 25 23
leaf_count=30 23 26 21 24 21 27 25 23
internal_value=-0.00113636 -0.00443548 0.003125 -0.000333333 -0.005 0.000333333 0.00384615 -0.0117347
internal_weight=220 124 96 75 45 75 52 49
internal_count=220 124 96 75 45 75 52 49
is_linear=0
shrinkage=0.05


Tree=95
num_leaves=9
num_cat=0
split_feature=31 38 9 7 38 4 4 7
split_gain=1.33377 1.3116 1.53334 1.47264 1.91742 0.927479 0.9 0.534349
threshold=114181.99260000001 -691.19660197687597 0.027545829086590975 -0.002159089409115046 -106.07055982841563 13005.005570000001 20935.062505000005 0.013056894411968474
decision_type=2 2 2 2 2 2 2 2
left_child=1 -1 3 4 -3 -2 -7 -5
right_child=5 2 -4 7 -6 6 -8 -9
leaf_value=4.5740825162816872e-05 -6.3779002864680295e-05 -0.00017297554316703353 8.0021048930103891e-05 -6.1843444165191928e-05 7.6465202565932473e-05 0.00017487416495278938 -5.6337404803006924e-05 -7.7690273461472494e-06
leaf_weight=24 21 23 32 27 27 20 20 26
leaf_count=24 21 23 32 27 27 20 20 26
internal_value=-0.000681818 0.00172956 -0.000185185 -0.00315534 0.003 -0.00696721 -0.0025 -0.00896226
internal_weight=220 159 135 103 50 61 40 53
internal_count=220 159 135 103 50 61 40 53
is_linear=0
shrinkage=0.05


Tree=96
num_leaves=9
num_cat=0
split_feature=35 7 7 9 7 17 18 9
split_gain=0.838 1.77537 1.54194 1.54591 1.14966 0.848033 1.49482 0.595238
threshold=2522.3207142857145 0.01979683458568916 0.0011165945172069605 0.00081072449023254843 0.010283525492775008 0.01912824796654863 -685.7849999999961 0.0070524953151169479
decision_type=2 2 2 2 2 2 2 2
left_child=7 2 3 5 -4 6 -2 -1
right_child=1 -3 4 -5 -6 -7 -8 -9
leaf_value=-3.2985950213559013e-06 0.00016440574766886471 -7.1358073394529376e-05 1.5174256434817612e-05 -3.2490425019856903e-05 -9.911707227474535e-08 -3.210781601052442e-05 -1.0027852900386034e-05 0.00016785516574143507
leaf_weight=21 21 37 21 22 28 24 25 21
leaf_count=21 21 37 21 22 28 24 25 21
internal_value=-0.00159091 -0.00308989 -0.000531915 -0.00434783 0.00663265 -0.000714286 0.00326087 0.0047619
internal_weight=220 178 141 92 49 70 46 42
internal_count=220 178 141 92 49 70 46 42
is_linear=0
shrinkage=0.05


Tree=97
num_leaves=9
num_cat=0
split_feature=31 9 23 23 19 16 22 30
split_gain=1.23906 1.01536 1.04354 2.29333 1.05567 0.98661 0.633756 0.502265
threshold=114181.99260000001 0.027545829086590975 -0.28591057876884612 0.14513978333246955 2206.9800000000037 0.017100405808337726 15114.617691500001 108624.43275046033
decision_type=2 2 2 2 2 2 2 2
left_child=1 2 4 -4 5 -1 -2 -5
right_child=6 -3 3 7 -6 -7 -8 -9
leaf_value=-5.8586342205864527e-05 -7.5228390927981932e-06 7.1444260929192345e-05 -6.9171368615724674e-05 5.6550613915183256e-05 2.9447792084682679e-05 2.4774194146811887e-06 -3.4846506134078081e-05 -1.8864963588858913e-05
leaf_weight=21 33 32 22 20 21 22 28 21
leaf_count=21 33 32 22 20 21 22 28 21
internal_value=-0.000909091 0.00141509 -0.000590551 -0.00515873 0.00390625 -0.000581395 -0.00696721 0.00182927
internal_weight=220 159 127 63 64 43 61 41
internal_count=220 159 127 63 64 43 61 41
is_linear=0
shrinkage=0.05


Tree=98
num_leaves=9
num_cat=0
split_feature=23 21 0 0 37 36 7 15
split_gain=1.01826 0.881665 1.7112 1.51779 1.12656 1.28262 1.04335 1.37724
threshold=-1.008112018483567 632.85000000000593 108310.26500000001 103401.49500000001 1938.177262004855 65.815864457021249 0.011441109318997807 0.016514820025362056
decision_type=2 2 2 2 2 2 2 2
left_child=-1 4 3 -3 5 -2 7 -4
right_child=1 2 6 -5 -6 -7 -8 -9
leaf_value=7.8279310208197021e-06 -3.6163267214035356e-05 9.5177392677683234e-07 9.2945453525390686e-06 0.00028328660995804653 -0.00014897012226780179 5.3723083219424096e-05 -7.6439866058581381e-05 -4.3524435293184743e-05
leaf_weight=30 27 24 20 22 21 34 21 21
leaf_count=30 27 24 20 22 21 34 21 21
internal_value=-0.000227273 -0.00157895 0.00138889 0.00869565 -0.0054878 -0.00204918 -0.00403226 0.000609756
internal_weight=220 190 108 46 82 61 62 41
internal_count=220 190 108 46 82 61 62 41
is_linear=0
shrinkage=0.05


Tree=99
num_leaves=9
num_cat=0
split_feature=38 28 7 9 7 16 22 1
split_gain=1.46432 0.916215 1.39275 1.59397 1.41788 1.15273 0.4 0.225
threshold=-691.19660197687597 -673.36185563150491 -0.0036636480180501606 0.015016042308854139 0.018614331079143665 0.01837234581362121 15648.231823000004 109058.13000000002
decision_type=2 2 2 2 2 2 2 2
left_child=-1 5 6 7 -5 -2 -3 -4
right_child=1 2 3 4 -6 -7 -8 -9
leaf_value=1.2173919358949648e-05 -0.00018115790404990494 5.2104774886474188e-05 -2.8781392982446153e-05 0.00013702527788502671 -1.1012566468490617e-05 -9.325093419871451e-06 6.9027798568591997e-06 -4.8734982945861876e-05
leaf_weight=39 20 20 20 20 38 23 20 20
leaf_count=39 20 20 20 20 38 23 20 20
internal_value=-0.000454545 -0.00234807 -0.000362319 -0.00357143 0.00172414 -0.00872093 0.0075 -0.01125
internal_weight=220 181 138 98 58 43 40 40
internal_count=220 181 138 98 58 43 40 40
is_linear=0
shrinkage=0.05


Tree=100
num_leaves=9
num_cat=0
split_feature=23 24 24 13 23 21 36 7
split_gain=1.68367 0.95207 1.32021 1.22492 1.35554 1.09578 1.00595 0.857143
threshold=-1.1242864643014954 23538.832630000001 21550.745038920006 -0.032135047581440958 -0.4761032401576798 1169.0649999999953 909.99768398972822 -0.0093887849575163464
decision_type=2 2 2 2 2 2 2 2
left_child=-1 2 3 7 -5 6 -6 -2
right_child=1 -3 -4 4 5 -7 -8 -9
leaf_value=1.6317932381129741e-05 -1.0521107674590479e-06 8.8264927256035515e-06 -4.357593657411314e-05 -7.543373514048502e-05 -1.5375887638582355e-05 -5.7044046623835541e-05 1.3598751677956225e-05 7.7382290899451634e-05
leaf_weight=24 21 30 23 24 32 21 24 21
leaf_count=24 21 30 23 24 32 21 24 21
internal_value=0 -0.00153061 -0.00301205 -0.00122378 -0.00420792 -0.000974026 0.00267857 0.00595238
internal_weight=220 196 166 143 101 77 56 42
internal_count=220 196 166 143 101 77 56 42
is_linear=0
shrinkage=0.05


Tree=101
num_leaves=9
num_cat=0
split_feature=23 0 15 21 24 34 20 34
split_gain=1.3822 0.979592 1.73574 2.11853 1.53196 1.13887 0.839874 0.677338
threshold=-1.1242864643014954 108310.26500000001 0.020684058127521731 711.60999999999342 15260.585310800003 62.864895988691565 508.48500000000064 52.738222589722859
decision_type=2 2 2 2 2 2 2 2
left_child=-1 2 3 -2 5 -3 -6 -4
right_child=1 4 7 -5 6 -7 -8 -9
leaf_value=1.5502035762073253e-05 -2.8458814346060723e-06 5.638410929354788e-05 7.4575299595590863e-07 0.00031415750057006274 -0.00022635881454762812 -9.4085102283944489e-06 -2.7001882027088521e-05 -3.6208227900577414e-05
leaf_weight=24 20 36 21 21 20 29 27 22
leaf_count=24 20 36 21 21 20 29 27 22
internal_value=-0.000909091 -0.00229592 0.00178571 0.00914634 -0.00535714 -0.000384615 -0.012234 -0.00523256
internal_weight=220 196 84 41 112 65 47 43
internal_count=220 196 84 41 112 65 47 43
is_linear=0
shrinkage=0.05


Tree=102
num_leaves=8
num_cat=0
split_feature=11 30 22 22 13 24 7
split_gain=1.09813 0.86631 1.21088 1.137 1.36878 2.1184 0.867594
threshold=-0.038244576851407829 113686.37872248507 13715.482711575001 15859.709321900002 0.013824423662119624 23538.832630000001 0.00369215162319579
decision_type=2 2 2 2 2 2 2
left_child=-1 2 -2 6 -5 -6 -4
right_child=1 -3 3 4 5 -7 -8
leaf_value=3.7717605770633184e-05 0.00011854886734241962 -3.4626456776300652e-05 -7.0863470436853544e-07 9.9742249838419811e-06 -8.7163461697089935e-05 9.4814947278092695e-06 -7.7132451219561097e-05
leaf_weight=33 20 34 23 39 26 25 20
leaf_count=33 20 34 23 39 26 25 20
internal_value=-0.00159091 -0.00307487 -0.00147059 -0.00319549 0 -0.00539216 -0.00988372
internal_weight=220 187 153 133 90 51 43
internal_count=220 187 153 133 90 51 43
is_linear=0
shrinkage=0.05


Tree=103
num_leaves=8
num_cat=0
split_feature=11 15 4 19 25 21 0
split_gain=0.875758 0.893464 1.1222 1.12268 1.59723 1.23766 1.15273
threshold=-0.042112448391832154 0.021880378708095855 21616.990555000004 2795.8150000000028 -0.42491800393367413 524.97499999999866 111881.01000000002
decision_type=2 2 2 2 2 2 2
left_child=-1 2 3 4 5 -2 -5
right_child=1 -3 -4 6 -6 -7 -8
leaf_value=0.00012904607667012509 9.2063811609149715e-07 -3.5228555265524141e-05 2.1703039899283966e-05 -1.3637032602505053e-06 0.00019441194525492671 -6.3789052612443558e-06 -0.00038445803165133499
leaf_weight=24 36 37 28 23 26 26 20
leaf_count=24 36 37 28 23 26 26 20
internal_value=-0.000681818 -0.00178571 -0.000157233 -0.00209924 0.00113636 -0.00322581 -0.00872093
internal_weight=220 196 159 131 88 62 43
internal_count=220 196 159 131 88 62 43
is_linear=0
shrinkage=0.05


Tree=104
num_leaves=8
num_cat=0
split_feature=5 18 26 38 11 15 0
split_gain=1.09113 1.42774 1.06371 1.1224 1.44298 1.21753 0.575513
threshold=0.0089955497568801664 2229.5000000000005 105191.03626933724 -691.19660197687597 0.0039533545289038262 0.015813560043526655 112885.69500000002
decision_type=2 2 2 2 2 2 2
left_child=2 -2 -1 -4 6 -6 -5
right_child=1 -3 3 4 5 -7 -8
leaf_value=8.5363751580317407e-05 -8.1883709097624682e-05 7.1955478069270657e-06 1.9802513762573906e-06 -2.9767283460966537e-05 -3.1298091126010205e-05 2.6884646890757217e-05 -5.937323581947109e-05
leaf_weight=35 39 27 27 26 22 20 24
leaf_count=35 39 27 27 26 22 20 24
internal_value=-0.000681818 -0.00606061 0.00162338 -0.000630252 -0.00326087 0.00357143 -0.009
internal_weight=220 66 154 119 92 42 50
internal_count=220 66 154 119 92 42 50
is_linear=0
shrinkage=0.05


Tree=105
num_leaves=8
num_cat=0
split_feature=23 23 25 25 34 34 32
split_gain=2.06333 1.04042 1.41442 2.10293 1.40947 0.892706 0.72208
threshold=-1.0471335945031561 0.14513978333246955 0.71069611876326522 1.2603851031538471 46.988595854907821 53.544310055691078 7162.2624687969519
decision_type=2 2 2 2 2 2 2
left_child=-1 4 -3 -4 -2 -6 -7
right_child=1 2 3 -5 5 6 -8
leaf_value=2.4133595688081199e-05 6.0939073756544748e-06 0.00016230934799951207 -5.5230876382050648e-05 3.1007126024841275e-05 -6.127894688214026e-05 -1.8199054288256826e-06 -6.7105710998991484e-06
leaf_weight=27 30 37 24 22 29 28 23
leaf_count=27 30 37 24 22 29 28 23
internal_value=-0.000909091 -0.00272021 0.00150602 -0.00434783 -0.00590909 -0.009375 -0.00539216
internal_weight=220 193 83 46 110 80 51
internal_count=220 193 83 46 110 80 51
is_linear=0
shrinkage=0.05


Tree=106
num_leaves=9
num_cat=0
split_feature=23 23 25 34 13 32 7 9
split_gain=1.43823 1.25022 1.23282 1.78182 1.02814 1.52111 0.946753 0.73083
threshold=-1.1242864643014954 0.14513978333246955 -0.13906629313697141 46.988595854907821 0.0064359966145517171 7445.0138156883559 -0.0032904772716255432 0.011004694699819045
decision_type=2 2 2 2 2 2 2 2
left_child=-1 2 3 -2 -3 -6 -5 -8
right_child=1 4 -4 6 5 -7 7 -9
leaf_value=2.7256418445685485e-05 0.00014016397769367662 -1.1060869706571039e-05 -3.2419159324109748e-05 5.8783667301315524e-06 0.00020864405824973838 -4.461386982536906e-06 -0.00010211278731140611 -5.2685342768621015e-06
leaf_weight=24 24 38 23 21 20 25 22 23
leaf_count=24 24 38 23 21 20 25 22 23
internal_value=-0.00113636 -0.00255102 -0.00597345 -0.00333333 0.00210843 0.00722222 -0.00757576 -0.0116667
internal_weight=220 196 113 90 83 45 66 45
internal_count=220 196 113 90 83 45 66 45
is_linear=0
shrinkage=0.05


Tree=107
num_leaves=8
num_cat=0
split_feature=23 35 36 32 21 21 36
split_gain=1.3822 1.29729 1.59634 1.18878 1.16689 1.27482 2.07416
threshold=-1.1242864643014954 2501.3374999999992 1227.6949092058424 8499.1774880251487 1225.5299999999991 835.62499999999284 -501.8805518685694
decision_type=2 2 2 2 2 2 2
left_child=-1 -2 4 -4 5 6 -3
right_child=1 2 3 -5 -6 -7 -8
leaf_value=2.5893597523401202e-05 0.00015441694994866332 -2.9491312356312628e-05 -3.0933395170322426e-05 -2.7538604063719641e-06 -7.4474936338312433e-05 0.00040017224756511014 4.8457324641801309e-06
leaf_weight=24 35 24 32 30 21 21 33
leaf_count=24 35 24 32 30 21 21 33
internal_value=-0.000909091 -0.00229592 -0.00419255 -0.0104839 -0.000252525 0.0025641 -0.00131579
internal_weight=220 196 161 62 99 78 57
internal_count=220 196 161 62 99 78 57
is_linear=0
shrinkage=0.05


Tree=108
num_leaves=8
num_cat=0
split_feature=31 4 4 15 4 4 15
split_gain=1.12949 1.43047 1.413 1.26332 0.969267 0.808173 0.7106
threshold=114197.62800000001 12335.289985000001 16548.873320000002 0.017687771269979075 18258.956505000006 21203.567095000002 0.01623014238267775
decision_type=2 2 2 2 2 2 2
left_child=1 6 -3 -4 -2 -5 -1
right_child=4 2 3 5 -6 -7 -8
leaf_value=7.1311181521410869e-06 -6.427171987688843e-06 -1.8534116847467834e-05 0.00025389799927709385 5.9125514711907363e-06 -5.2870294754912149e-05 -5.9349511401758933e-06 2.254009602851012e-05
leaf_weight=25 37 34 30 20 21 32 21
leaf_count=25 37 34 30 20 21 32 21
internal_value=-0.000909091 0.00123457 -0.00172414 0.00182927 -0.00689655 -0.00288462 0.00869565
internal_weight=220 162 116 82 58 52 46
internal_count=220 162 116 82 58 52 46
is_linear=0
shrinkage=0.05


Tree=109
num_leaves=9
num_cat=0
split_feature=25 25 23 13 19 32 15 24
split_gain=0.808081 1.42861 1.19849 1.03878 0.969788 1.25853 0.752477 0.647727
threshold=1.2603851031538471 0.49932462086167345 0.3397967276621478 0.027679221959245871 1697.4249999999959 2877.5586103219543 0.019387612893724478 23026.223167700005
decision_type=2 2 2 2 2 2 2 2
left_child=1 2 3 4 -1 6 -6 -5
right_child=-2 -3 -4 7 5 -7 -8 -9
leaf_value=2.970880600854896e-05 2.8143023357576925e-05 -5.0210971462269429e-05 0.00012775229130792837 -4.9148224154017807e-05 0.00013036448144515019 -4.6992177979359806e-06 -5.7033024888116911e-06 -2.4273831278569636e-07
leaf_weight=20 22 30 20 33 20 28 23 24
leaf_count=20 22 30 20 33 20 28 23 24
internal_value=-0.00227273 -0.00328283 -0.0014881 -0.00304054 0.000274725 -0.00246479 0.00290698 -0.00833333
internal_weight=220 198 168 148 91 71 43 57
internal_count=220 198 168 148 91 71 43 57
is_linear=0
shrinkage=0.05


Tree=110
num_leaves=8
num_cat=0
split_feature=31 31 13 7 35 9 4
split_gain=0.993512 1.3736 1.0532 1.38718 2.03462 1.03214 0.733998
threshold=114181.99260000001 111867.9488 -0.016358901549020567 -0.0032904772716255432 3000.4775000000009 0.01270851585898399 18851.864580000005
decision_type=2 2 2 2 2 2 2
left_child=1 2 -1 -4 5 -5 -2
right_child=6 -3 3 4 -6 -7 -8
leaf_value=-1.6199097784852557e-05 -5.4181373643710964e-06 0.00019142577740274654 3.9078435739739979e-05 -7.6838001570962759e-05 5.7655749176711329e-06 -1.4364527615338941e-05 -3.5969470619347638e-05
leaf_weight=22 39 39 33 24 20 21 22
leaf_count=22 39 39 33 24 20 21 22
internal_value=-0.00318182 -0.00110063 -0.00375 -0.00153061 -0.00576923 -0.0116667 -0.00860656
internal_weight=220 159 120 98 65 45 61
internal_count=220 159 120 98 65 45 61
is_linear=0
shrinkage=0.05


Tree=111
num_leaves=8
num_cat=0
split_feature=31 16 16 15 24 26 25
split_gain=0.964503 1.23646 1.02519 1.7991 1.62709 1.04619 1.03644
threshold=114197.62800000001 0.017997784313834978 0.017357167181111573 0.017687771269979075 17025.760915210005 113219.53091758085 -0.38025178178852409
decision_type=2 2 2 2 2 2 2
left_child=2 -2 4 -4 5 -1 -5
right_child=1 -3 3 6 -6 -7 -8
leaf_value=4.050483869733864e-05 6.840705637627468e-07 -4.5917757913085598e-05 0.0002677464264424648 8.5031248770631864e-06 -0.00030761348348932126 -8.1945984879708467e-06 -1.6487887465968569e-05
leaf_weight=20 27 31 23 26 21 34 38
leaf_count=20 27 31 23 26 21 34 38
internal_value=-0.00136364 -0.00689655 0.000617284 0.00431034 -0.00366667 0.000925926 0
internal_weight=220 58 162 87 75 54 64
internal_count=220 58 162 87 75 54 64
is_linear=0
shrinkage=0.05


Tree=112
num_leaves=8
num_cat=0
split_feature=23 19 24 38 23 35 30
split_gain=0.92047 1.02481 1.45142 1.36836 1.46904 1.25762 1.12949
threshold=-1.1242864643014954 1742.519999999997 23250.928062200004 -707.46247723636486 -0.53986888825937218 2682.3603571428575 110253.60626736045
decision_type=2 2 2 2 2 2 2
left_child=-1 -2 3 -3 -5 -6 -7
right_child=1 2 -4 4 5 6 -8
leaf_value=1.6589018713559568e-05 -7.1515372271264063e-05 2.518972734354599e-05 6.2247314537533913e-06 -0.00012414509012831178 0.0001615047492726853 -0.00020554140854856147 -1.4580059978811835e-06
leaf_weight=24 23 28 29 20 33 25 38
leaf_count=24 23 28 29 20 33 25 38
internal_value=-0.000909091 -0.00204082 -0.000722543 -0.00277778 -0.00517241 -0.00260417 -0.00674603
internal_weight=220 196 173 144 116 96 63
internal_count=220 196 173 144 116 96 63
is_linear=0
shrinkage=0.05


Tree=113
num_leaves=9
num_cat=0
split_feature=31 35 37 35 7 27 30 2
split_gain=1.32665 1.53967 1.63538 0.938496 1.50272 1.83687 0.687347 0.4
threshold=114197.62800000001 3000.4775000000009 -1069.7881298649197 2501.3374999999992 0.014702141688349607 106049.83975000001 113686.37872248507 105497.29000000002
decision_type=2 2 2 2 2 2 2 2
left_child=1 3 -3 -1 5 -5 -2 -4
right_child=6 2 7 4 -6 -7 -8 -9
leaf_value=0.00018603650110415784 8.7611078668319827e-07 -1.6255165739006463e-06 4.185707704273494e-05 -1.3133143433961234e-05 -7.5849250022250148e-05 1.9201826189176041e-05 -6.7128644696627164e-05 6.4203450533818221e-06
leaf_weight=25 21 27 20 23 21 26 37 20
leaf_count=25 21 27 20 23 21 26 37 20
internal_value=0.000454545 0.00277778 0.00858209 -0.00131579 -0.00428571 0.000510204 -0.00603448 0.015
internal_weight=220 162 67 95 70 49 58 40
internal_count=220 162 67 95 70 49 58 40
is_linear=0
shrinkage=0.05


Tree=114
num_leaves=8
num_cat=0
split_feature=38 24 20 20 21 36 21
split_gain=0.982128 1.01028 1.21462 1.1018 1.08365 0.898385 0.88955
threshold=-691.19660197687597 23384.695126500006 183.48999999999799 555.42500000000302 516.7150000000039 393.60428890147165 727.54499999999837
decision_type=2 2 2 2 2 2 2
left_child=-1 2 -2 6 -5 -6 -4
right_child=1 -3 3 4 5 -7 -8
leaf_value=1.1102539018499311e-05 -5.1643655123078351e-05 4.1514950379721843e-06 2.476036063345557e-05 -0.00010074205636457965 -0.00014442507102370425 4.079199570300018e-06 -2.7730226977644739e-05
leaf_weight=39 24 34 29 27 20 27 20
leaf_count=39 24 34 29 27 20 27 20
internal_value=0.00113636 -0.000414365 -0.00221088 -0.000203252 -0.00405405 0.000531915 0.00561224
internal_weight=220 181 147 123 74 47 49
internal_count=220 181 147 123 74 47 49
is_linear=0
shrinkage=0.05


Tree=115
num_leaves=8
num_cat=0
split_feature=38 24 20 11 13 9 35
split_gain=1.04514 1.08342 1.13564 0.979105 1.24556 0.935374 0.748801
threshold=-691.19660197687597 23384.695126500006 183.48999999999799 -0.0016918773583882161 0.056656009081756643 0.0090454597011569975 3092.3617857142876
decision_type=2 2 2 2 2 2 2
left_child=-1 2 -2 6 5 -5 -4
right_child=1 -3 3 4 -6 -7 -8
leaf_value=1.0547412067574364e-05 -4.9061472366924421e-05 3.9439202860735645e-06 -9.5704953546350675e-05 1.1939709604673507e-06 -4.6369782391277961e-05 0.00018459468771211019 1.3031203021051731e-06
leaf_weight=39 24 34 29 22 24 27 21
leaf_count=39 24 34 29 22 24 27 21
internal_value=0.000909091 -0.000690608 -0.00255102 -0.000609756 0.00308219 0.00765306 -0.006
internal_weight=220 181 147 123 73 49 50
internal_count=220 181 147 123 73 49 50
is_linear=0
shrinkage=0.05


Tree=116
num_leaves=8
num_cat=0
split_feature=31 11 28 7 20 16 25
split_gain=1.16403 1.18852 2.20594 1.53275 1.09091 0.820116 0.681818
threshold=114181.99260000001 0.016721991603579889 4424.6223665166917 -0.013138069790795731 327.11000000000064 0.017997784313834978 -0.44438205368792005
decision_type=2 2 2 2 2 2 2
left_child=1 3 -3 -1 -5 -2 -6
right_child=5 2 -4 4 6 -7 -8
leaf_value=-4.499433934525726e-05 2.5804336571869701e-06 -4.2856817541105293e-05 4.9531315127482825e-06 0.00012209766747339813 -5.670810031140929e-06 -2.429188517483732e-05 2.2453373538903063e-05
leaf_weight=27 28 32 34 22 20 33 24
leaf_count=27 28 32 34 22 20 33 24
internal_value=0.00136364 0.00361635 -0.00151515 0.00725806 0.0113636 -0.0045082 0.00681818
internal_weight=220 159 66 93 66 61 44
internal_count=220 159 66 93 66 61 44
is_linear=0
shrinkage=0.05


Tree=117
num_leaves=8
num_cat=0
split_feature=23 19 3 24 5 35 32
split_gain=0.930144 1.04501 1.0435 1.57668 2.08 1.75379 1.22328
threshold=-1.008112018483567 1831.6100000000008 105934.56000000001 15260.585310800003 0.0041513880696726997 3239.5846428571435 467.23663099910488
decision_type=2 2 2 2 2 2 2
left_child=-1 -2 6 4 -4 -5 -3
right_child=1 2 3 5 -6 -7 -8
leaf_value=4.862445606353908e-06 -8.4051871269497588e-05 -2.619690321075752e-05 8.0683943360960515e-05 -0.00018893945608882919 -2.3914333550820741e-05 8.6255941245292572e-07 8.5941601123963953e-06
leaf_weight=30 25 21 29 27 27 32 29
leaf_count=30 25 21 29 27 27 32 29
internal_value=0.00181818 0.000526316 0.0019697 -0.000652174 0.00535714 -0.00635593 0.008
internal_weight=220 190 165 115 56 59 50
internal_count=220 190 165 115 56 59 50
is_linear=0
shrinkage=0.05


Tree=118
num_leaves=8
num_cat=0
split_feature=0 21 23 21 15 4 37
split_gain=1.95034 1.42012 1.17377 0.876138 1.10809 1.1995 0.483439
threshold=114435.69000000002 777.17499999999575 -1.008112018483567 363.94499999999249 0.021880378708095855 16548.873320000002 400.15406763307629
decision_type=2 2 2 2 2 2 2
left_child=2 -2 -1 -4 5 6 -5
right_child=1 -3 3 4 -6 -7 -8
leaf_value=7.9079568253522928e-06 7.179382233997987e-07 -4.6778819546042417e-05 -3.0403046862302132e-05 1.1149923071170337e-05 -2.4887058050219668e-05 1.6358572551283353e-05 -3.6205344264639219e-05
leaf_weight=22 34 27 23 21 35 36 22
leaf_count=22 34 27 23 21 35 36 22
internal_value=0.00227273 -0.00532787 0.00518868 0.00346715 0.00526316 0.0085443 0.00290698
internal_weight=220 61 159 137 114 79 43
internal_count=220 61 159 137 114 79 43
is_linear=0
shrinkage=0.05


Tree=119
num_leaves=9
num_cat=0
split_feature=5 7 36 0 18 23 37 20
split_gain=1.1244 1.4799 1.3667 1.20888 1.49372 1.33434 1.19711 1.0967
threshold=0.0034672842111987405 -0.010039682674548174 181.30957723072063 114169.28000000001 2229.5000000000005 -0.16761274465600387 76.98969663010287 496.15499999999889
decision_type=2 2 2 2 2 2 2 2
left_child=1 2 -1 4 5 -2 -3 -8
right_child=3 6 -4 -5 -6 -7 7 -9
leaf_value=-0.00013961384325643819 1.3469026836694221e-06 6.2646866595375967e-05 5.4195826538371542e-06 -7.0169833984116519e-05 2.4381482387242448e-05 -0.00022527720287964819 -1.2679445530928373e-06 0.00010610744449558432
leaf_weight=21 32 21 29 20 23 21 27 26
leaf_count=21 32 21 29 20 23 21 27 26
internal_value=0.0025 0.00564516 -0.001 -0.0015625 0.00131579 -0.00330189 0.0101351 0.00613208
internal_weight=220 124 50 96 76 53 74 53
internal_count=220 124 50 96 76 53 74 53
is_linear=0
shrinkage=0.05


end of trees

feature_importances:
log_return_3=64
log_return_2=61
lower_wick=53
volume=49
vol_std_10=41
rsi=41
atr=41
open=38
volume_zscore_20=37
log_return_1=34
sma_50=32
candle_range=31
volume_mean_50=31
macd_hist=31
log_return_6=30
log_return_12=28
volume_mean_20=26
vol_std_20=25
volume_zscore_50=24
upper_wick=20
price_minus_ema_50=19
price_minus_ema_20=17
ema_20=16
sma_20=16
macd_signal=15
candle_body=14
close=13
vol_std_50=13
high=12
ema_50=10
macd=10
low=6

parameters:
[boosting: gbdt]
[objective: quantile]
[metric: quantile]
[tree_learner: serial]
[device_type: cpu]
[data_sample_strategy: bagging]
[data: ]
[valid: ]
[num_iterations: 120]
[learning_rate: 0.05]
[num_leaves: 31]
[num_threads: 0]
[seed: 42]
[deterministic: 0]
[force_col_wise: 0]
[force_row_wise: 0]
[histogram_pool_size: -1]
[max_depth: -1]
[min_data_in_leaf: 20]
[min_sum_hessian_in_leaf: 0.001]
[bagging_fraction: 1]
[pos_bagging_fraction: 1]
[neg_bagging_fraction: 1]
[bagging_freq: 0]
[bagging_seed: 400]
[bagging_by_query: 0]
[feature_fraction: 1]
[feature_fraction_bynode: 1]
[feature_fraction_seed: 30056]
[extra_trees: 0]
[extra_seed: 12879]
[early_stopping_round: 0]
[early_stopping_min_delta: 0]
[first_metric_only: 0]
[max_delta_step: 0]
[lambda_l1: 0]
[lambda_l2: 0]
[linear_lambda: 0]
[min_gain_to_split: 0]
[drop_rate: 0.1]
[max_drop: 50]
[skip_drop: 0.5]
[xgboost_dart_mode: 0]
[uniform_drop: 0]
[drop_seed: 17869]
[top_rate: 0.2]
[other_rate: 0.1]
[min_data_per_group: 100]
[max_cat_threshold: 32]
[cat_l2: 10]
[cat_smooth: 10]
[max_cat_to_onehot: 4]
[top_k: 20]
[monotone_constraints: ]
[monotone_constraints_method: basic]
[monotone_penalty: 0]
[feature_contri: ]
[forcedsplits_filename: ]
[refit_decay_rate: 0.9]
[cegb_tradeoff: 1]
[cegb_penalty_split: 0]
[cegb_penalty_feature_lazy: ]
[cegb_penalty_feature_coupled: ]
[path_smooth: 0]
[interaction_constraints: ]
[verbosity: -1]
[saved_feature_importance_type: 0]
[use_quantized_grad: 0]
[num_grad_quant_bins: 4]
[quant_train_renew_leaf: 0]
[stochastic_rounding: 1]
[linear_tree: 0]
[max_bin: 255]
[max_bin_by_feature: ]
[min_data_in_bin: 3]
[bin_construct_sample_cnt: 200000]
[data_random_seed: 175]
[is_enable_sparse: 1]
[enable_bundle: 1]
[use_missing: 1]
[zero_as_missing: 0]
[feature_pre_filter: 1]
[pre_partition: 0]
[two_round: 0]
[header: 0]
[label_column: ]
[weight_column: ]
[group_column: ]
[ignore_column: ]
[categorical_feature: ]
[forcedbins_filename: ]
[precise_float_parser: 0]
[parser_config_file: ]
[objective_seed: 16083]
[num_class: 1]
[is_unbalance: 0]
[scale_pos_weight: 1]
[sigmoid: 1]
[boost_from_average: 1]
[reg_sqrt: 0]
[alpha: 0.5]
[fair_c: 1]
[poisson_max_delta_step: 0.7]
[tweedie_variance_power: 1.5]
[lambdarank_truncation_level: 30]
[lambdarank_norm: 1]
[label_gain: ]
[lambdarank_position_bias_regularization: 0]
[eval_at: ]
[multi_error_top_k: 1]
[auc_mu_weights: ]
[num_machines: 1]
[local_listen_port: 12400]
[time_out: 120]
[machine_list_filename: ]
[machines: ]
[gpu_platform_id: -1]
[gpu_device_id: -1]
[gpu_use_dp: 0]
[num_gpu: 1]

end of parameters

pandas_categorical:[]
