tree
version=v4
num_class=1
num_tree_per_iteration=1
label_index=0
max_feature_idx=42
objective=quantile
feature_names=open high low close volume log_return_1 return_1 log_return_2 return_2 log_return_3 return_3 log_return_6 return_6 log_return_12 return_12 vol_std_10 vol_std_20 vol_std_50 candle_body candle_range upper_wick lower_wick volume_mean_20 volume_zscore_20 volume_mean_50 volume_zscore_50 ema_20 sma_20 price_minus_ema_20 slope_ema_20 ema_50 sma_50 price_minus_ema_50 slope_ema_50 ema_200 sma_200 price_minus_ema_200 slope_ema_200 rsi atr macd macd_signal macd_hist
feature_infos=[74810:126011.17999999999] [75491.059999999998:126199.63] [74508:125252.74000000001] [74810.009999999995:126011.17999999999] [55.663110000000003:22932.63034] [-0.050194534107679628:0.049046832698038376] [-0.048955604068812497:0.050269536544331084] [-0.054430650570970483:0.073476142573905459] [-0.05297581783309413:0.076242859981111355] [-0.051763945009398085:0.10037704986863207] [-0.050447012889056508:0.10558770119419636] [-0.089134294306237399:0.10288469684838659] [-0.085277276727932838:0.10836360389131627] [-0.11547459971848215:0.095308261010448495] [-0.10905679784217504:0.099997889328760969] [0.00043666998028047657:0.02093055959530522] [0.00064129677235217274:0.01653861037861672] [0.001119974649823826:0.014575197150878624] [-4402.6600000000035:3934.4700000000012] [41.580000000001746:13112.690000000002] [0:2210.4700000000012] [0:11451.860000000001] [122.12798100000001:4030.8873189999999] [-2.110438023074344:4.2001900222389192] [189.2571542:3088.6918599999999] [-1.7381946760067346:6.6553358521083466] [77071.386983985474:124694.10041516216] [76734.368500000011:124829.1735] [-5610.1596149673569:6976.4475902612758] [-590.54311736498494:734.36290423803439] [77877.609215548699:124031.47673128865] [77971.398199999996:124089.9958] [-8206.0916271875758:8167.5835344851075] [-334.9425153954071:333.37075650959741] [80709.759886852858:121156.2540190468] [80865.342950000006:122296.24195] [-11482.272730710625:8513.8839020029845] [-115.39972593678976:85.566672381944954] [1.5039170063437979:97.611937349984728] [129.42142857142503:2664.2164285714284] [-2434.5334785931191:2390.7359220770304] [-2230.2798034168663:1991.8154586057992] [-947.87349092399427:872.18259031331581]
tree_sizes=2817 2864 2849 2874 2889 2877 2883 2870 2884 2899 2897 2896 2863 2874 2890 2915 2884 2907 2902 2922 2916 2913 2913 2929 2923 2923 2902 2940 2928 2905 2924 2927 2932 2929 2909 2931 2902 2937 2905 2929 2959 2932 2922 2936 2923 2942 2951 2917 2936 2927 2905 2953 2926 2948 2947 2943 2944 2942 2955 2947 2949 2952 2904 2911 2941 2969 2937 2945 2937 2950 2929 2926 2932 2952 2947 2933 2935 2952 2917 2941 2945 2972 2935 2935 2952 2962 2929 2952 2963 2929 2955 2950 2950 2933 2922 2950 2905 2930 2930 2938 2948 2930 2916 2958 2958 2929 2946 2942 2966 2929 2950 2943 2974 2910 2949 2976 2963 2947 2934 2938

Tree=0
num_leaves=31
num_cat=0
split_feature=19 2 17 41 40 18 41 3 5 4 22 26 35 23 36 35 5 39 22 19 21 15 23 1 38 13 11 9 21 13
split_gain=25.8768 9.12631 3.42618 3.23912 3.13308 2.34982 2.41878 2.33037 2.29787 1.93686 1.87406 1.60426 1.49703 1.28296 1.08684 1.10276 1.08083 1.30149 1.91395 1.82141 2.16528 1.36638 1.21884 1.84254 1.53903 1.95656 1.68997 1.5956 1.4261 1.31701
threshold=635.06499999999517 100580.21500000001 0.0061171193043541069 -1260.9508440010889 -661.37922325589886 -658.09500000000105 -28.457743861080147 83601.085000000006 -0.00023465725471042993 526.07396000000006 1442.6971595000002 91513.56707712666 98440.375600000014 3.2607228082727002 -4354.0374096149744 104969.85887500001 0.0099158910170974446 893.29964285714289 1475.0031617500001 796.3200000000071 112.7150000000038 0.006935365762676316 0.24407731363916829 84293.145000000019 34.875057770632708 0.016067791612049933 0.0011456370078247896 0.00083362002503107756 210.77500000000148 -0.0081996145654223279
decision_type=2 2 2 2 2 2 2 2 2 2 2 2 2 2 2 2 2 2 2 2 2 2 2 2 2 2 2 2 2 2
left_child=2 3 9 7 8 6 11 -2 -3 -1 -11 -5 -12 16 -6 -16 17 22 21 -20 -21 -19 23 -7 -24 26 27 29 -28 -26
right_child=1 4 -4 5 14 13 -8 -9 -10 10 12 -13 -14 -15 15 -17 -18 18 19 20 -22 -23 24 -25 25 -27 28 -29 -30 -31
leaf_value=0.0043614227643626437 0.0051766829540450532 0.0045735201450702399 0.0044943095734500419 0.0049585858431924427 0.0045973356471364912 0.0045671839818187589 0.004595223629146555 0.00481630172020453 0.0044777953804708863 0.0044072647306972069 0.0045974648164447407 0.0045965177617968787 0.0044645570280489825 0.0050656955679889478 0.0044934992660459836 0.0044304151240939452 0.0044307809696676357 0.0045730567035380757 0.0043823395476057349 0.0048458062721552508 0.0046471843556589454 0.004846669019786809 0.0044182752285271531 0.0043899514484439048 0.0046248251330722519 0.0044350450705244581 0.0047514779091635539 0.0043351462751972797 0.0049440576144776042 0.0045185314129926098
leaf_weight=2945 27 94 356 59 35 36 70 25 98 1384 25 32 34 34 224 909 66 26 47 33 104 33 62 148 21 54 44 21 25 49
leaf_count=2945 27 94 356 59 35 36 70 25 98 1384 25 32 34 34 224 909 66 26 47 33 104 33 62 148 21 54 44 21 25 49
internal_value=0.00443663 0.00869589 0.00230341 0.0122811 0.00601751 0.0116254 0.0171385 0.0244366 0.0119366 0.00192068 0.00342139 0.0225136 0.0121485 0.0105201 0.00504451 0.00477644 0.0100998 0.0106742 0.0136342 0.0111214 0.0140352 0.0214705 0.00911055 0.00595837 0.011212 0.0132217 0.0159991 0.0115245 0.0219004 0.0151509
internal_weight=7120 2376 4744 1016 1360 964 161 52 192 4388 1443 91 59 803 1168 1133 769 703 243 184 137 59 460 184 276 214 160 91 69 70
internal_count=7120 2376 4744 1016 1360 964 161 52 192 4388 1443 91 59 803 1168 1133 769 703 243 184 137 59 460 184 276 214 160 91 69 70
is_linear=0
shrinkage=1


Tree=1
num_leaves=31
num_cat=0
split_feature=4 2 32 4 41 3 26 7 18 24 40 7 42 11 28 20 19 27 20 42 19 39 17 11 19 7 24 30 16 42
split_gain=24.6886 5.21836 3.58958 3.35223 2.42194 2.52894 1.99567 2.2686 1.85256 1.69989 2.74185 1.6855 1.905 1.56578 1.56893 1.4925 1.40082 1.35277 1.33186 1.59059 1.23385 2.1244 1.22931 1.20366 1.49979 2.06238 1.74818 1.18996 1.17443 1.09474
threshold=933.23153000000013 102410.75500000002 -2230.2812950453804 554.56545000000017 -1260.9508440010889 83601.085000000006 91513.56707712666 -0.0072517497221092847 -555.56500000000221 1543.4034860500003 -150.42005816168236 -0.0083032476542823728 -214.04164527401554 -0.0071857755919690442 -846.03384537351656 152.39499999999683 618.97999999999604 111362.08675 334.01999999999686 -25.012844957205825 495.51499999999947 424.84750000000093 0.006218852012572859 0.0038451654013066127 630.52500000000157 0.001949311602198249 809.92996810000011 88752.111696364474 0.0029903535809426458 90.623078617247742
decision_type=2 2 2 2 2 2 2 2 2 2 2 2 2 2 2 2 2 2 2 2 2 2 2 2 2 2 2 2 2 2
left_child=3 4 11 16 5 -2 7 -5 9 -6 -11 12 -3 -4 -15 -13 22 -17 -16 -20 -10 -22 -1 24 29 26 -26 -25 -23 -9
right_child=1 2 13 6 8 -7 -8 23 20 10 -12 15 -14 14 18 17 -18 -19 19 -21 21 28 -24 27 25 -27 -28 -29 -30 -31
leaf_value=-6.9241763311892477e-05 0.00070304693419369075 8.2403470118207523e-05 -5.3509928344816234e-05 0.00015717863428011615 0.00019964859032989878 0.00028515528417366598 -1.8471532310456063e-05 1.2191148605836777e-06 -3.6005851636592653e-05 0.00064336201981927564 0.00016074096262372304 -3.6215144425470096e-05 0.00020773193414840531 0.00011894037790023049 -5.1298131095643861e-06 0.00015728808058012607 3.4541707597881663e-05 3.7548826050837501e-05 0.000182626363477701 9.3453969774931977e-05 0.00022260416269225252 -7.691677737142188e-05 4.5800661930556078e-05 -4.8195502672807853e-05 3.2185123757046248e-05 -5.5734660044825062e-05 0.00025516728859879427 0.00031438972322738303 0.00019911223789542606 0.00013166997018617776
leaf_weight=3093 27 21 172 28 138 29 1327 171 71 34 33 38 33 35 409 22 163 25 22 123 23 25 112 172 21 22 30 25 652 24
leaf_count=3093 27 21 172 28 138 29 1327 171 71 34 33 38 33 35 409 22 163 25 22 123 23 25 112 172 21 22 30 25 652 24
internal_value=-4.2136e-05 0.00478261 0.002 -0.00183886 0.0072093 0.0173214 -0.000109891 0.00260649 0.0066291 0.0108537 0.0173881 0.00938849 0.0162963 0.000650459 0.00187606 0.005 -0.00277316 0.0109574 0.00122744 0.00534483 0.00550584 0.00614286 -0.00300312 0.00177419 0.00395522 0.0100685 0.0155882 -0.00119289 0.00563515 0.00166667
internal_weight=7120 1932 900 5188 1032 56 1820 493 976 205 67 139 54 761 589 85 3368 47 554 145 771 700 3205 465 268 73 51 197 677 195
internal_count=7120 1932 900 5188 1032 56 1820 493 976 205 67 139 54 761 589 85 3368 47 554 145 771 700 3205 465 268 73 51 197 677 195
is_linear=0
shrinkage=0.05


Tree=2
num_leaves=31
num_cat=0
split_feature=19 2 32 17 41 4 22 5 27 23 7 22 21 27 3 36 19 39 35 9 11 3 35 38 39 20 4 15 11 21
split_gain=21.0165 7.14695 4.21188 3.04943 3.01753 1.65501 1.51436 1.41427 1.32679 1.18724 1.52607 1.44677 2.29091 1.21 1.17876 1.92288 2.03059 1.2011 1.14855 1.14001 1.97242 1.30032 1.23419 1.20192 1.09173 1.09023 1.19239 1.18371 0.948239 1.58601
threshold=635.06499999999517 91450.150000000009 -2351.3980850199873 0.0061171193043541069 -1260.9508440010889 526.07396000000006 1442.6971595000002 0.0021539750983493992 84365.670000000027 3.1233107902173929 0.0066769132612132095 2132.3672131250005 195.51499999999945 86912.332250000021 83858.10000000002 -2255.5343537828444 775.31499999999517 773.57392857142895 98440.375600000014 -0.0016868572258277401 -0.011409596558160437 111214.26500000001 104652.7461 29.8817548298281 812.01535714285853 163.31999999999974 2277.0190250000001 0.0092762273535687712 -0.005949059213652891 231.13999999999945
decision_type=2 2 2 2 2 2 2 2 2 2 2 2 2 2 2 2 2 2 2 2 2 2 2 2 2 2 2 2 2 2
left_child=3 4 7 5 8 -1 -7 19 -2 10 11 14 -13 -14 15 -6 -17 28 -8 20 21 22 -3 -24 -19 26 -4 -27 -16 -30
right_child=1 2 25 -5 9 6 18 -9 -10 -11 -12 12 13 -15 17 16 -18 24 -20 -21 -22 -23 23 -25 -26 27 -28 -29 29 -31
leaf_value=-6.7988157839003884e-05 0.0005945039242939758 9.1103923422866477e-05 -1.2379353966176146e-05 5.171448160199243e-05 0.00023204055730349045 -2.7500856338536862e-05 0.00015488165482223633 4.9245850809438339e-06 0.00021403927042788846 0.00052518974259948279 0.00011179367944382704 0.00027448399831561394 0.00035746307348920249 0.00021895324758160404 -7.1840859520167717e-05 0.00025673567798403302 0.00013911051606171464 0.00017221268523342248 2.7250754800081837e-05 -3.2823565061612163e-06 0.00020254918655954223 -3.1174029345155779e-08 0.00023092070956948698 7.1766055077659993e-05 0.0001913600869617527 4.7723727745961953e-05 0.00020905741398708979 0.00017542838278567283 -2.3238177169992615e-05 0.00038291844059763042
leaf_weight=2945 20 20 678 356 79 1384 25 43 23 52 176 21 25 20 57 22 45 21 34 20 29 28 32 20 114 672 38 25 56 40
leaf_count=2945 20 20 678 356 79 1384 25 43 23 52 176 21 25 20 57 22 45 21 34 20 29 28 32 20 114 672 38 25 56 40
internal_value=-8.42709e-05 0.00375421 0.00185358 -0.00200675 0.00771076 -0.00236782 -0.000980597 0.00880208 0.0205814 0.00695055 0.00639053 0.0078 0.014697 0.00833333 0.00675115 0.010411 0.0166418 0.00489583 0.00686441 0.0111074 0.0128295 0.0095 0.0130556 0.0171154 0.00833333 0.000909411 -0.000460895 0.00231707 0.00186274 0.00489583
internal_weight=7120 2376 1605 4744 771 4388 1443 192 43 728 676 500 66 45 434 146 67 288 59 149 129 100 72 52 135 1413 716 697 153 96
internal_count=7120 2376 1605 4744 771 4388 1443 192 43 728 676 500 66 45 434 146 67 288 59 149 129 100 72 52 135 1413 716 697 153 96
is_linear=0
shrinkage=0.05


Tree=3
num_leaves=31
num_cat=0
split_feature=4 36 17 4 9 2 18 24 17 1 41 34 22 32 11 36 23 15 19 7 28 13 18 35 17 7 4 20 20 23
split_gain=18.9691 4.2518 3.66978 2.97109 2.04389 1.92965 1.80623 2.44421 1.82035 1.77473 2.13333 1.74944 1.86709 1.77424 1.36054 1.34458 1.40301 1.29926 1.81537 1.2527 1.6254 1.20259 1.91401 1.16667 1.13462 1.21527 1.07695 1.05062 1.25808 1.1394
threshold=933.23153000000013 -4354.0374096149744 0.0073575341066712723 421.59966000000003 0.017158159924208206 81463.740000000005 -438.07499999999703 1543.4034860500003 0.0046360936981321996 83928.780000000013 -984.84552970119569 105341.41735375281 769.56133375000013 -2230.2812950453804 0.019730423456233201 2715.4387169324696 3.1233107902173929 0.0061582559917020318 1107.9100000000037 -0.0075132814281682597 -251.22186829095878 -0.010364127655229193 79.044999999998268 90251.88930000001 0.0040363984653701097 0.0062659234240397587 1219.2275850000003 226.98999999999072 95.504999999997395 0.71682634915433219
decision_type=2 2 2 2 2 2 2 2 2 2 2 2 2 2 2 2 2 2 2 2 2 2 2 2 2 2 2 2 2 2
left_child=3 6 11 -1 14 -5 7 8 -2 10 -8 12 15 -13 27 16 21 18 -11 20 -7 -3 -23 -18 -14 -26 -19 28 -4 -29
right_child=1 2 4 5 -6 19 9 -9 -10 17 -12 13 24 -15 -16 -17 23 26 -20 -21 -22 22 -24 -25 25 -27 -28 29 -30 -31
leaf_value=-6.9768698569218842e-05 0.00017867897806117885 -4.276321946093165e-05 0.0001630128609600966 0.00012947735947082108 0.00053933121456770767 -1.6298821828815425e-05 0.00044034329826101088 0.00062204442063854579 0.00011848425455688054 0.00018698339404507556 0.00014500315826711268 0.00010966250097441983 -2.587605392517408e-05 -9.907734360398414e-06 -4.5221242443747959e-05 -6.7550613427981075e-05 0.00023529407554092986 0.0001278206118814229 0.00040265436227390354 -1.7379661334420922e-05 0.00013528127090981583 0.00026923583705296068 3.7972676368257627e-05 0.00020792729137804561 0.00015327183657821574 -1.3751567729848265e-05 -2.701239594177229e-05 0.0003634264692250274 -7.2827511583545992e-05 7.6587595529788573e-05
leaf_weight=2388 21 30 37 29 31 58 30 44 56 41 24 71 101 602 28 24 21 33 23 2682 31 42 45 21 273 119 84 58 42 31
leaf_count=2388 21 30 37 29 31 58 30 44 56 41 24 71 101 602 28 24 21 33 23 2682 31 42 45 21 273 119 84 58 42 31
internal_value=-0.000119383 0.00410973 0.00299492 -0.0016943 0.00887665 -0.000589287 0.00904494 0.0140083 0.00863636 0.00648936 0.0144444 0.00200519 0.00380177 0.000200593 0.00698979 0.00811475 0.00977987 0.00411602 0.00984375 -0.000723567 0.00511236 0.00696581 0.00994253 0.017619 0.00220081 0.00341837 0.000982905 0.00869047 0.00449367 0.0124157
internal_weight=7120 1932 1576 5188 227 2800 356 121 77 235 54 1349 676 673 196 183 159 181 64 2771 89 117 87 42 493 392 117 168 79 89
internal_count=7120 1932 1576 5188 227 2800 356 121 77 235 54 1349 676 673 196 183 159 181 64 2771 89 117 87 42 493 392 117 168 79 89
is_linear=0
shrinkage=0.05


Tree=4
num_leaves=31
num_cat=0
split_feature=19 2 32 17 22 41 17 5 23 27 7 9 4 39 35 27 7 28 13 42 22 35 30 20 20 15 32 36 22 11
split_gain=17.3316 5.82981 3.22445 2.81089 1.9623 1.94794 1.69903 1.55448 1.45594 1.34369 1.36705 1.32221 1.21894 1.12898 1.01511 1.00076 0.996597 0.98272 0.975891 1.25473 1.21195 0.905775 0.88629 0.867959 0.969817 0.903381 1.40037 1.78571 1.29426 0.9
threshold=615.52500000000157 91450.150000000009 -2351.3980850199873 0.006218852012572859 1442.6971595000002 -1260.9508440010889 0.0063564067660335805 -0.00023465725471042993 3.1233107902173929 77766.132000000027 0.011788253741670316 -0.0030368068708977254 314.68513000000007 527.82392857142838 112863.85855000002 84563.484750000018 -0.0080613279461422601 -487.32837941647443 -0.025393383931503397 -335.50906236585513 1406.1975172500001 97790.11407500002 80188.790478910785 261.55999999999773 280.79499999999831 0.0036136002704729134 753.25680391465733 2548.4967971015362 1739.8114662500002 0.0018450936309059799
decision_type=2 2 2 2 2 2 2 2 2 2 2 2 2 2 2 2 2 2 2 2 2 2 2 2 2 2 2 2 2 2
left_child=3 5 7 4 12 15 -5 18 9 -7 13 -6 -1 -11 16 -2 -14 -8 19 -3 -21 -13 -15 -4 29 26 -26 -28 -27 -25
right_child=1 2 23 6 11 8 17 -9 -10 10 -12 21 14 22 -16 -17 -18 -19 -20 20 -22 -23 -24 24 25 28 27 -29 -30 -31
leaf_value=-8.8422488652306188e-05 0.00051239106937126769 7.3240085762905685e-05 -8.1475378735124337e-07 5.6087716286784009e-05 0.00017389817450984689 0.00054917598785809486 -7.4429509560428806e-05 2.8913061904251926e-05 0.00048853389090060641 2.3882168151254782e-06 -1.8143318341203837e-05 0.00011448160797592727 8.2807648713390238e-05 -8.78073292841947e-05 -6.3346003344979919e-05 0.0001752968424794629 -2.7760723770986349e-05 5.1181267436168585e-05 8.0595604940645533e-05 0.00016458878258887095 0.00020863459081922129 -6.0726813713594912e-05 0.0001774026607237018 0.00027083570817568246 2.0574024655099465e-05 -1.3348196819385422e-05 0.00023316878949295394 5.0293993050649471e-05 0.00018258795193756112 3.8446128097533026e-05
leaf_weight=1380 22 24 1019 21 21 22 46 64 52 76 77 20 32 23 749 21 2092 238 59 25 22 33 512 20 135 218 28 28 21 20
leaf_count=1380 22 24 1019 21 21 22 46 64 52 76 77 20 32 23 749 21 2092 238 59 25 22 33 512 20 135 218 28 28 21 20
internal_value=-0.000126406 0.00323955 0.00156566 -0.00193437 -0.00226138 0.00673913 0.00270492 0.00762886 0.00615485 0.00556338 0.00517442 0.00581081 -0.00240184 0.00596563 -0.00181518 0.017093 -0.00125706 0.00169014 0.0107692 0.0147183 0.0194681 0.00160377 0.0067757 0.000775687 0.00255319 0.00186046 0.00442408 0.0110714 -0.000188286 0.01
internal_weight=7120 2488 1683 4632 4327 805 305 194 762 710 688 74 4253 611 2873 43 2124 284 130 71 47 53 535 1489 470 430 191 56 239 40
internal_count=7120 2488 1683 4632 4327 805 305 194 762 710 688 74 4253 611 2873 43 2124 284 130 71 47 53 535 1489 470 430 191 56 239 40
is_linear=0
shrinkage=0.05


Tree=5
num_leaves=31
num_cat=0
split_feature=4 28 0 4 26 23 7 27 20 20 31 17 22 13 0 35 17 23 40 20 20 42 11 21 2 27 36 35 17 36
split_gain=15.9702 3.40969 2.97047 2.59827 2.32881 2.09921 2.08932 1.37792 1.21465 1.19097 1.11523 1.29819 1.14248 1.32678 1.42696 2.42126 1.42984 1.33905 1.25164 1.12533 1.09151 1.42904 2.06906 1.04556 1.1545 1.011 0.971994 1.79145 1.00768 0.965362
threshold=933.23153000000013 -2146.4400262126869 104330.05500000001 310.6667700000001 91513.56707712666 -0.11917198430604281 -0.0072517497221092847 77766.132000000027 54.610000000000589 369.73000000000326 79339.362600000022 0.0073575341066712723 783.59936375000018 -0.017105354276907177 87047.72500000002 84597.580725000022 0.0044904334718710382 2.0984963443772573 74.880621372591136 142.75000000000003 334.01999999999686 -25.012844957205825 -0.011118464142716238 151.17500000000294 83049.440000000017 102763.9365 -1211.548680530628 85195.412475000019 0.0031576732702341 -1311.6177007792428
decision_type=2 2 2 2 2 2 2 2 2 2 2 2 2 2 2 2 2 2 2 2 2 2 2 2 2 2 2 2 2 2
left_child=3 5 7 -1 6 -2 -5 -3 -8 -7 -9 12 13 -12 15 -15 17 19 23 -16 -4 22 -22 -14 -25 -26 27 -10 -28 -13
right_child=1 2 20 4 -6 9 8 10 26 -11 11 29 18 14 16 -17 -18 -19 -20 -21 21 -23 -24 24 25 -27 28 -29 -30 -31
leaf_value=-8.3350760027356554e-05 0.0002653328742273226 0.00032349900960847226 -7.713661845587718e-06 0.00011936056513697146 -3.3529043905275239e-05 0.00018336819078333205 -4.8017480442090738e-05 -0.00010137254025732993 7.2748332048558221e-05 -1.7318293915328476e-05 -8.8715001064549809e-05 0.00018367833449096989 1.6158162450535439e-05 0.00012056545222367075 5.5068449632576419e-05 0.00075732448074286389 -5.9655463293270715e-05 0.00022456893393480579 -1.9395715313813006e-06 -4.975744492690751e-05 -4.2356844583978403e-05 4.6271525640291491e-05 0.000151873563020538 0.0001939161489074823 0.0001118405933346227 0.00017605942299083689 0.0001570025134166247 4.750656591576112e-05 -4.3914599657744835e-06 0.00021433438420369015
leaf_weight=1380 24 26 577 32 2880 112 271 30 28 32 20 112 117 28 20 23 32 35 236 27 20 118 38 25 138 29 27 196 374 113
leaf_count=1380 24 26 577 32 2880 112 271 30 28 32 20 112 117 28 20 23 32 35 236 27 20 118 38 25 138 29 27 196 374 113
internal_value=-0.000210675 0.00366977 0.00302154 -0.00165575 -0.000982144 0.0104762 0.00119612 0.00479228 0.000747767 0.00819444 0.00449238 0.00479057 0.00376712 0.00716216 0.00863636 0.0155882 0.00552631 0.00902439 0.00261468 0.00351064 0.000644089 0.00409091 0.0105172 0.00470874 0.00697917 0.00547904 0.00196 0.00459821 0.000486283 0.00811111
internal_weight=7120 1932 1764 5188 3808 168 928 1011 896 144 985 955 730 185 165 51 114 82 545 47 753 176 58 309 192 167 625 224 401 225
internal_count=7120 1932 1764 5188 3808 168 928 1011 896 144 985 955 730 185 165 51 114 82 545 47 753 176 58 309 192 167 625 224 401 225
is_linear=0
shrinkage=0.05


Tree=6
num_leaves=31
num_cat=0
split_feature=4 39 4 26 38 26 7 20 20 42 20 41 5 26 11 11 16 15 7 2 40 30 21 38 23 31 21 41 39 7
split_gain=13.8003 3.03986 2.30938 1.99569 2.14054 1.68886 1.6972 1.20304 1.12208 1.6646 1.03895 1.00361 1.42934 1.15238 1.0759 1.87837 0.994795 0.987302 1.225 0.887406 0.885749 1.05031 1.69817 3.26168 1.11521 1.68222 1.2816 1.11175 0.857108 0.821401
threshold=933.23153000000013 830.0132142857143 310.6667700000001 90194.072264552189 33.334130434982356 91513.56707712666 -0.0072517497221092847 138.67500000000294 362.23500000000791 -129.66790321559736 62.134999999994768 -1260.9508440010889 0.0099158910170974446 88793.048201581958 -0.0042880342874748447 0.004710519556396715 0.010657071510474651 0.0064357909158987781 -0.0068186481359703054 94789.835000000006 516.46758087102364 84294.010248580875 216.39499999999683 46.759799041001308 3.1233107902173929 113552.39840000002 188.14499999999683 16.228940964715928 389.39499999999992 0.0043283183251627754
decision_type=2 2 2 2 2 2 2 2 2 2 2 2 2 2 2 2 2 2 2 2 2 2 2 2 2 2 2 2 2 2
left_child=2 20 29 11 8 6 -4 -6 9 17 -8 -3 13 14 -13 -16 -17 18 -5 -9 21 22 -2 -24 -23 26 27 -26 -7 -1
right_child=1 3 5 4 7 28 10 19 -10 -11 -12 12 -14 -15 15 16 -18 -19 -20 -21 -22 24 23 -25 25 -27 -28 -29 -30 -31
leaf_value=-8.0900208690250358e-05 7.0813994203563566e-05 0.00046485558441493048 0.00011339253688012288 0.00020482030333701312 -4.952398736407036e-05 -6.8296531447285604e-05 -4.3059829867619307e-05 0.00014985768559956322 -9.2677732083771311e-06 0.0002515154596421529 3.4952898735870041e-05 0.00018632425084050261 -3.0490102511148073e-05 0.00022436200919208235 0.00032031340304875981 9.3169628929298156e-05 0.00018644876344873476 0.00011422119771566295 0.00017145261886684901 3.9126966621523327e-05 -8.8222218011359562e-06 3.4596490418975055e-05 -2.3673656423146622e-06 0.00032832787554308487 0.00017514280867834544 -0.00010270615634784212 2.1941643443312973e-05 0.00016973420862634225 -2.1858823204452579e-05 0.00016611216343192917
leaf_weight=1349 70 43 32 20 117 474 306 39 30 21 590 107 39 30 32 46 25 49 20 113 209 754 20 23 26 33 35 31 2406 31
leaf_count=1349 70 43 32 20 117 474 306 39 30 21 590 107 39 30 32 46 25 49 20 113 209 754 20 23 26 33 35 31 2406 31
internal_value=-0.000273878 0.00333333 -0.00161719 0.00587551 0.00355746 -0.000982144 0.000872844 0.000947954 0.00857143 0.0109091 0.000468749 0.00881987 0.00772401 0.00916667 0.00785714 0.0115049 0.00697183 0.00792135 0.01375 0.00388158 0.00178601 0.00240927 0.0069469 0.0147674 0.00182594 0.0062 0.00967391 0.0142982 -0.00157986 -0.00336957
internal_weight=7120 1932 5188 731 409 3808 928 269 140 110 896 322 279 240 210 103 71 89 40 152 1201 992 113 43 879 125 92 57 2880 1380
internal_count=7120 1932 5188 731 409 3808 928 269 140 110 896 322 279 240 210 103 71 89 40 152 1201 992 113 43 879 125 92 57 2880 1380
is_linear=0
shrinkage=0.05


Tree=7
num_leaves=31
num_cat=0
split_feature=19 3 40 17 5 41 23 15 16 4 7 7 26 17 24 18 3 3 4 42 15 41 38 25 39 13 35 16 21 9
split_gain=12.9612 3.94669 2.47601 2.09551 1.85684 1.80006 1.58395 1.90647 1.47059 1.399 1.13111 1.59061 1.44 1.26607 1.27339 1.29307 1.25826 1.07391 1.04235 1.26288 1.0191 1.29433 1.12594 2.52562 1.54731 1.69 1.01831 0.962791 0.896434 1.20145
threshold=650.24500000000273 102502.89500000002 -661.37922325589886 0.006218852012572859 0.0050749270713093013 -1260.9508440010889 0.16040578752850276 0.0059830122597481035 0.0058063726399269081 314.68513000000007 0.0015813860394180747 0.00011077930416135858 86919.697194389402 0.0079266471040074175 2137.9324671000004 -462.46499999999645 86051.415000000023 83601.085000000006 3569.0230300000003 -284.42362095426205 0.0062920077925131494 12.29437105274347 29.244358698176232 -0.080524294218067158 697.98607142857054 -0.0099642398032735256 112863.85855000002 0.0040356205744495836 338.77500000000151 0.0053180416720103379
decision_type=2 2 2 2 2 2 2 2 2 2 2 2 2 2 2 2 2 2 2 2 2 2 2 2 2 2 2 2 2 2
left_child=3 5 4 9 6 17 8 -8 -3 -1 11 13 -13 18 16 -16 -15 -2 19 -7 21 22 27 -24 25 -25 -11 -21 -12 -30
right_child=1 2 -4 -5 -6 10 7 -9 -10 26 28 12 -14 14 15 -17 -18 -19 -20 20 -22 -23 23 24 -26 -27 -28 -29 29 -31
leaf_value=-7.5277547660497821e-05 0.00055811528126324022 -1.8944703880833811e-05 -5.56102583915237e-07 3.9782009605003539e-05 -8.223953963490898e-05 0.00023650028974374679 0.00014935627637707339 8.4567193053394118e-05 9.8608172036941254e-05 -1.7982551695417437e-05 5.2600192233757102e-05 0.00041608780769285329 0.00021676225581348962 0.00057594255023017433 0.00038082915434821201 -9.0834310755471843e-05 0.00012710125917865097 0.00022347729760686708 -0.00013035513603422465 -6.4351053993330715e-05 -8.0347350625053143e-06 4.0065160468257975e-05 -9.7307027224254445e-06 0.00017800044842494297 0.00037331732405160062 0.00011956602838056947 -5.3071247385703415e-05 0.00014559565367359392 0.00024980204019300526 7.8010999894835651e-05
leaf_weight=1382 27 34 1075 335 36 31 34 32 34 2302 330 20 25 22 22 27 35 29 30 23 106 114 31 20 23 25 809 20 41 46
leaf_count=1382 27 34 1075 335 36 31 34 32 34 2302 330 20 25 22 22 27 35 29 30 23 106 114 31 20 23 25 809 20 41 46
internal_value=-0.000330057 0.00276614 0.000863453 -0.00179992 0.00647059 0.00502865 0.0091791 0.014697 0.00382353 -0.00208435 0.00453582 0.00597561 0.015 0.00520794 0.0100943 0.00418367 0.0151754 0.01375 0.00398345 0.00466921 0.00383978 0.00554687 0.00873239 0.0116667 0.0170588 0.0116667 -0.0014963 0.00197674 0.00255396 0.00706896
internal_weight=7120 2292 1245 4828 170 1047 134 66 68 4493 991 574 45 529 106 49 57 56 423 393 362 256 142 99 68 45 3111 43 417 87
internal_count=7120 2292 1245 4828 170 1047 134 66 68 4493 991 574 45 529 106 49 57 56 423 393 362 256 142 99 68 45 3111 43 417 87
is_linear=0
shrinkage=0.05


Tree=8
num_leaves=31
num_cat=0
split_feature=19 1 17 40 5 17 22 28 23 23 17 20 17 28 23 32 13 7 21 7 5 15 20 35 11 21 4 21 21 35
split_gain=11.6076 3.4002 2.34328 1.76878 1.8086 1.61588 1.60154 1.48806 2.85718 1.42043 1.2287 1.03657 1.01637 0.931678 0.859277 1.00711 2.67244 1.29595 2.18384 1.82552 1.72854 1.71753 0.923807 0.85867 1.02718 0.8343 0.827011 0.819493 0.779696 0.777912
threshold=615.52500000000157 102688.24500000001 0.006218852012572859 -661.37922325589886 -0.00067382005656199662 0.0043642156768563126 1442.6971595000002 -1926.2150142347525 -0.11917198430604281 0.57178053101457404 0.0063564067660335805 105.74500000000263 0.0052182893685244541 -487.32837941647443 3.1233107902173929 384.27879380478413 0.0004849974180328595 0.001152112743266778 117.945000000007 0.0072795650747971511 -0.0013132342908892542 0.0061090233465714138 226.98999999999072 87194.39850000001 -0.0288277435217732 26.345000000001168 1011.2335100000001 219.23500000000061 438.91000000000355 88700.674800000008
decision_type=2 2 2 2 2 2 2 2 2 2 2 2 2 2 2 2 2 2 2 2 2 2 2 2 2 2 2 2 2 2
left_child=2 7 6 4 5 -3 11 8 -2 -6 -4 -1 -8 -12 15 16 -9 20 -19 -20 21 -18 -16 -10 -25 -15 -17 -7 29 -28
right_child=1 3 10 -5 9 27 12 14 23 -11 13 -13 -14 25 22 26 17 18 19 -21 -22 -23 -24 24 -26 -27 28 -29 -30 -31
leaf_value=-6.0255552990221226e-05 0.00020467234748944302 9.8698478002861816e-05 4.6629119837891445e-05 -1.2565496450576488e-07 -2.2934754295891502e-05 -2.2140367052090831e-05 0.00014181925216462331 5.5058167313257724e-05 0.00055185689960984602 0.00012030994940932414 -6.903550321264067e-05 -2.0107253007613431e-05 -5.9658156787661343e-07 0.0002410302379136661 0.00045442072160725201 -3.0039475039908761e-05 -1.2643218994534137e-05 -4.6089013251142844e-05 0.00024427536039007945 0.00059499572369417768 0.00049926597982433314 0.00017991260328880279 0.00015287896188466961 -3.3464294613744232e-05 0.00014871556453017641 2.7021923896114979e-05 -6.0819680490979661e-06 0.00013947427704024179 0.00021074861794427309 0.00011538468389142958
leaf_weight=2637 28 39 21 1196 78 22 33 417 20 20 46 1616 41 33 22 102 22 35 25 26 22 28 36 51 37 205 140 26 29 67
leaf_count=2637 28 39 21 1196 78 22 33 417 20 20 46 1616 41 33 22 102 22 35 25 26 22 28 36 51 37 205 140 26 29 67
internal_value=-0.000379215 0.0023754 -0.00185881 0.000720491 0.00527027 0.0105172 -0.00215739 0.00443993 0.00933823 0.000612244 0.00237705 -0.00228427 0.00513513 0.00151408 0.00375386 0.00337897 0.00465217 0.0101899 0.00604651 0.0126471 0.0151389 0.01 0.00965517 0.00564815 0.00352273 0.00277311 0.00121302 0.004375 0.00283898 0.00176328
internal_weight=7120 2488 4632 1381 185 87 4327 1107 136 98 305 4253 74 284 971 913 575 158 86 51 72 50 58 108 88 238 338 48 236 207
internal_count=7120 2488 4632 1381 185 87 4327 1107 136 98 305 4253 74 284 971 913 575 158 86 51 72 50 58 108 88 238 338 48 236 207
is_linear=0
shrinkage=0.05


Tree=9
num_leaves=31
num_cat=0
split_feature=19 28 26 4 23 22 17 11 26 38 32 32 41 25 38 17 18 22 17 17 21 1 4 31 20 5 21 21 20 15
split_gain=10.7762 3.02308 2.53478 2.07845 1.90289 1.42922 1.33257 1.26455 1.1664 1.02007 1.1912 1.98366 0.992062 2.32339 1.54931 0.968631 0.919297 1.22554 1.24735 1.60044 0.853958 0.995935 0.796351 1.20333 0.754001 0.956092 1.5231 1.63831 0.724426 0.913571
threshold=615.52500000000157 -2146.4400262126869 91160.496292323383 554.56545000000017 -0.11917198430604281 1442.6971595000002 0.0052182893685244541 0.0089263735893524241 86778.943884962951 22.215181954857815 384.27879380478413 207.78865078871607 -334.92215233509512 0.98299354310186116 30.920324417711381 0.0023886478176969087 665.4300000000004 2598.6942412500007 0.0046360936981321996 0.0039199666032645785 473.11499999999802 91558.24500000001 994.08282000000008 89473.249300000025 369.73000000000326 -0.002927229596691696 246.67500000000294 111.43000000000031 261.55999999999773 0.0036136002704729134
decision_type=2 2 2 2 2 2 2 2 2 2 2 2 2 2 2 2 2 2 2 2 2 2 2 2 2 2 2 2 2 2
left_child=3 4 9 7 -2 -5 -7 -1 -9 -3 11 16 13 -4 -15 -10 17 18 19 -11 21 -12 -8 -24 25 26 27 -6 -14 -30
right_child=1 2 12 5 24 6 22 8 15 10 20 -13 28 14 -16 -17 -18 -19 -20 -21 -22 -23 23 -25 -26 -27 -28 -29 29 -31
leaf_value=-5.2156921106775414e-05 0.00019955495016367466 -9.7439857809676969e-05 8.8482039064466716e-06 -1.3624543372809626e-05 4.9991070026256322e-05 0.00014163282729189546 -1.6082274261715778e-05 8.6025144755558388e-05 7.6939155205525139e-05 0.00016832294373541167 -2.9475723504508221e-06 0.00039443098387026144 -1.0986494809121663e-05 0.00018697178890104526 0.00010534885890789881 -2.8740454498528327e-05 -2.8282074035809816e-05 0.00022113208160204315 0.00014410405533318762 0.00018987557625586805 0.00028900388636121785 0.00013313962497592006 0.00021769592095893881 -1.9831387705265743e-05 -3.2635583889188439e-05 0.0002827542130555255 -1.4443995715964284e-05 0.00021861537399684892 8.0066178859040089e-05 -6.485755841481036e-06
leaf_weight=3036 27 28 341 1278 20 29 77 28 20 37 205 32 836 37 44 114 49 28 215 30 25 41 30 20 32 22 44 22 174 199
leaf_count=3036 27 28 341 1278 20 29 77 28 20 37 205 32 836 37 44 114 49 28 215 30 25 41 30 20 32 22 44 22 174 199
internal_value=-0.000379215 0.00227492 0.00180741 -0.00180484 0.00877245 -0.000223153 0.00429487 -0.00251407 0.00179012 0.00434782 0.0047432 0.00650895 0.000732678 0.0028199 0.0104321 -0.000149255 0.00544568 0.00645161 0.00546099 0.0114179 0.00219557 0.00130081 0.00208661 0.007 0.00642857 0.00842592 0.00604651 0.0128571 4.13446e-06 0.00183646
internal_weight=7120 2488 2321 4632 167 1434 156 3198 162 690 662 391 1631 422 81 134 359 310 282 67 271 246 127 50 140 108 86 42 1209 373
internal_count=7120 2488 2321 4632 167 1434 156 3198 162 690 662 391 1631 422 81 134 359 310 282 67 271 246 127 50 140 108 86 42 1209 373
is_linear=0
shrinkage=0.05


Tree=10
num_leaves=31
num_cat=0
split_feature=4 39 28 4 31 11 11 23 19 34 4 16 21 41 18 40 17 15 28 18 16 2 15 9 32 22 9 24 30 22
split_gain=9.66942 2.6177 1.81656 1.80917 1.34346 1.3198 1.83532 2.53824 1.32816 1.2369 1.20211 1.11781 1.33333 0.955772 1.06768 1.39098 0.931564 1.00087 0.881869 0.81397 1.1546 1.24682 1.7457 0.89361 1.24616 0.859516 0.811688 1.28242 0.807118 1.22439
threshold=781.25311000000011 830.0132142857143 -1926.2150142347525 310.6667700000001 82674.189800000022 -0.0052080720669611044 0.0041062999152637345 1.0000000180025095e-35 1391.8600000000008 88252.396244131334 1393.4780150000001 0.010657071510474651 206.56500000000236 -149.95670781995875 -84.650000000001441 -721.87401322125504 0.0030218265815240525 0.0027845969389458168 1621.3721203837342 82.544999999998268 0.0063591962711648528 83533.665000000023 0.0046409258564876089 0.018664992329463278 2504.6064763494874 1442.6971595000002 0.0053180416720103379 1268.3727653000003 84795.620044412324 1241.5282810000003
decision_type=2 2 2 2 2 2 2 2 2 2 2 2 2 2 2 2 2 2 2 2 2 2 2 2 2 2 2 2 2 2
left_child=3 19 10 -1 26 -4 7 9 -9 -7 -3 -8 -13 14 15 -6 17 -17 -15 20 21 22 -2 -21 -25 -23 27 -5 -12 -30
right_child=1 2 5 4 13 6 11 8 -10 -11 28 12 -14 18 -16 16 -18 -19 -20 23 -22 25 -24 24 -26 -27 -28 -29 29 -31
leaf_value=-6.6836855717790743e-05 0.00016683116351861969 0.00011256943957607613 4.0245453906256049e-06 0.00012328314936285714 5.6424224576631448e-05 0.00031323280826058464 2.2661481277477414e-05 0.00032565056734404287 0.00017762321836544838 2.1038730482665148e-05 0.00048010174998679178 0.00062148834139312244 7.6507817567970251e-05 -3.4909231154786902e-05 -1.9474947143769034e-05 -5.0881683934026597e-05 -5.9167701813470751e-07 6.7254489823331693e-05 4.1038875577867841e-05 -7.504047293751419e-06 -4.9123340676319041e-05 4.2019874783991852e-05 2.5291903294369064e-05 0.00027929799454756574 -2.9170783586876422e-05 0.00010991823359281486 -4.8893804586805649e-05 4.4025780820511227e-05 0.00019517351389703382 9.7103143453767117e-05
leaf_weight=1380 31 22 226 25 36 26 249 28 27 88 21 21 28 2223 601 20 239 22 30 668 70 775 28 23 20 25 22 30 24 92
leaf_count=1380 31 22 226 25 36 26 249 28 27 88 21 21 28 2223 601 20 239 22 30 668 70 775 28 23 20 25 22 30 24 92
internal_value=-0.000428372 0.00208266 0.00433098 -0.00178047 -0.00113608 0.00322511 0.00474304 0.00890532 0.0177273 0.00464912 0.00915094 0.00238255 0.00928571 -0.00129455 6.53583e-05 0.00241325 0.00122776 0.00809524 -0.00184865 0.000914633 0.00188913 0.00239232 0.00940678 -0.000358651 0.00662791 0.001875 0.00538961 0.00863636 0.00740876 0.00577586
internal_weight=7120 2492 852 4628 3248 693 467 169 55 114 159 298 49 3171 918 317 281 42 2253 1640 929 859 59 711 43 800 77 55 137 116
internal_count=7120 2492 852 4628 3248 693 467 169 55 114 159 298 49 3171 918 317 281 42 2253 1640 929 859 59 711 43 800 77 55 137 116
is_linear=0
shrinkage=0.05


Tree=11
num_leaves=31
num_cat=0
split_feature=19 0 4 40 23 22 17 11 26 15 36 16 2 5 11 17 27 1 0 3 21 7 7 31 40 41 5 4 39 13
split_gain=8.53906 2.344 1.77206 1.50734 1.87433 1.45137 1.33257 1.18322 1.1664 1.15201 1.14279 1.20417 1.03601 0.986 1.33601 0.968631 0.890353 0.772659 0.910561 0.778905 0.68637 0.749139 1.75091 1.09455 0.841023 2.23114 1.02923 1.02887 0.823824 0.711593
threshold=615.52500000000157 102258.85000000002 554.56545000000017 -661.37922325589886 0.65968219302311526 1442.6971595000002 0.0052182893685244541 0.0089263735893524241 86778.943884962951 0.0059830122597481035 -7324.0040079236123 0.007282893092997361 83301.265000000014 -0.00067382005656199662 -0.010461018757326407 0.0023886478176969087 77766.132000000027 91426.345000000016 84951.675000000003 83110.025000000009 833.22999999999604 0.001476518299346952 0.00051749073253044571 102517.90070000001 -327.3702989422963 -72.483973933087057 -0.0013564900187502313 1208.3832950000003 475.66142857142773 -0.019149438494888617
decision_type=2 2 2 2 2 2 2 2 2 2 2 2 2 2 2 2 2 2 2 2 2 2 2 2 2 2 2 2 2 2
left_child=2 10 7 4 13 -4 -7 -1 -9 -6 11 -2 -13 14 -3 -10 -12 18 19 -8 21 22 23 24 -18 26 27 -26 -27 -30
right_child=1 3 5 -5 9 6 17 8 15 -11 16 12 -14 -15 -16 -17 20 -19 -20 -21 -22 -23 -24 -25 25 28 -28 -29 29 -31
leaf_value=-4.7070374388449389e-05 0.00017777543691362802 -2.7092105447186587e-06 -1.3496856218297586e-05 -1.2077458798532948e-06 0.00014345858904356231 0.0001304036761539241 0.00011471961688628604 8.3469349075519816e-05 7.4837659002988208e-05 8.3072923884518009e-05 0.00034350712713818198 0.00051088617563084147 -1.3483911790506627e-05 -2.5070504359167439e-05 9.3474595992185962e-05 -2.6329684416413454e-05 -5.1651147250873425e-06 -2.2651582743237322e-05 0.00020493413404249974 -0.00013042424553204014 0.00036587813162797375 5.2511411645547062e-05 0.0002208878146524718 0.00014447473212140068 2.4098773134859924e-05 0.00023290031308233935 0.00020459344761565481 0.00037585921106211151 0.00017317796697758966 -2.9913010485261248e-06
leaf_weight=3036 20 32 1278 1189 20 29 34 28 20 26 26 28 32 79 28 114 137 48 21 24 29 444 32 28 29 26 21 21 36 205
leaf_count=3036 20 32 1278 1189 20 29 34 28 20 26 26 28 32 79 28 114 137 48 21 24 29 444 32 28 29 26 21 21 36 205
internal_value=-0.000449439 0.00191318 -0.00171848 0.000531294 0.00472973 -0.000258021 0.00429487 -0.00237336 0.00179012 0.0134783 0.00361759 0.009375 0.00583333 0.00183453 0.00666667 -0.000149255 0.00317215 0.00208661 0.00512658 0.00189655 0.00293651 0.00271195 0.00397196 0.0032505 0.00268421 0.00402367 0.0119014 0.008 0.00192884 0.0010166
internal_weight=7120 2488 4632 1374 185 1434 156 3198 162 46 1114 80 60 139 60 134 1034 127 79 58 1008 979 535 503 475 338 71 50 267 241
internal_count=7120 2488 4632 1374 185 1434 156 3198 162 46 1114 80 60 139 60 134 1034 127 79 58 1008 979 535 503 475 338 71 50 267 241
is_linear=0
shrinkage=0.05


Tree=12
num_leaves=31
num_cat=0
split_feature=19 28 20 0 9 1 21 23 4 36 21 38 20 41 7 16 20 4 23 25 20 4 41 17 13 0 7 5 20 13
split_gain=7.82817 2.13685 1.99458 1.67157 1.49956 1.39779 1.33007 1.39142 1.43772 1.20644 1.11569 0.985774 0.826812 1.1859 0.991972 2.22288 0.860667 1.63294 0.775536 0.9 0.924458 1.43603 1.17666 1.28938 1.22304 1.06762 0.898544 1.48312 1.56877 1.02983
threshold=615.52500000000157 -2146.4400262126869 105.74500000000263 91849.125000000015 -0.01074875371862088 82526.080000000016 305.37500000000006 -0.11917198430604281 2093.6362550000008 -6068.8268514037618 597.44000000000244 22.215181954857815 261.55999999999773 -648.760147392568 0.001152112743266778 0.0065504360897682594 288.13999999999947 1137.1910900000003 3.1233107902173929 1.1091180849632312 206.63500000000207 1208.3832950000003 383.01205839850678 0.0061605686096578649 0.0056246546875558774 90385.550000000003 0.0096740041994154129 0.0042082084269412087 346.02999999999889 -0.0042095139488388155
decision_type=2 2 2 2 2 2 2 2 2 2 2 2 2 2 2 2 2 2 2 2 2 2 2 2 2 2 2 2 2 2
left_child=2 6 4 11 -1 -4 7 -2 -9 -10 -8 -3 13 14 15 -5 17 -14 19 20 21 -13 23 -23 -25 26 27 29 -29 -22
right_child=1 3 5 12 -6 -7 10 8 9 -11 -12 18 16 -15 -16 -17 -18 -19 -20 -21 25 22 -24 24 -26 -27 -28 28 -30 -31
leaf_value=7.6083642898939959e-05 0.00019711277299068 -0.00010193872917662065 0.00013077171884251352 9.7607855868069479e-05 -4.9910819711792199e-05 -6.7358765528244e-06 -1.9959298628429829e-05 -8.5482904299761056e-05 0.00048820896930859369 0.00012194048593101724 0.0003346955425107905 -1.4235442032795992e-05 -4.8658234704833429e-07 -6.0829992136754652e-06 -3.5604873708063268e-05 -4.6857762342081852e-05 4.5367281208149886e-05 0.000223295865752771 0.00043154143822486863 -6.9264011697315381e-06 6.8626371996971709e-06 0.00031120152058250022 -7.6093358498396393e-05 -5.4226256614841736e-06 0.00050841998993601454 0.00025313411898530779 -2.2684826647554036e-05 0.00040766326394233159 0.00017285137039006301 0.000148881731062595
leaf_weight=23 22 33 29 37 2794 1786 38 22 22 26 37 148 34 988 54 24 449 24 38 128 68 22 24 33 23 23 53 22 23 73
leaf_count=23 22 33 29 37 2794 1786 38 22 22 26 37 148 34 988 54 24 449 24 38 128 68 22 24 33 23 23 53 22 23 73
internal_value=-0.000449439 0.0018127 -0.00166451 0.00141965 -0.00249734 -0.000371902 0.00727545 0.0113043 0.00785714 0.0127083 0.00233333 0.00343882 0.000527949 -0.000240255 0.00456522 0.00893443 0.00219921 0.00793103 0.00384956 0.0034375 0.004375 0.0022 0.0067647 0.00974359 0.00571428 0.00645038 0.00546025 0.00709677 0.015 0.00457447
internal_weight=7120 2488 4632 2321 2817 1815 167 92 70 48 75 711 1610 1103 115 61 507 58 678 640 512 250 102 78 56 262 239 186 45 141
internal_count=7120 2488 4632 2321 2817 1815 167 92 70 48 75 711 1610 1103 115 61 507 58 678 640 512 250 102 78 56 262 239 186 45 141
is_linear=0
shrinkage=0.05


Tree=13
num_leaves=31
num_cat=0
split_feature=4 22 15 42 24 3 36 26 22 27 24 19 15 20 18 5 30 15 23 39 21 25 25 21 11 0 21 24 22 39
split_gain=7.04176 2.08218 1.68065 1.53366 1.84971 1.09579 1.0676 1.16525 1.05207 1.04394 1.1796 1.24062 1.24724 1.02789 1.09664 1.03949 1.39031 1.0197 1.11889 1.19659 1.42928 0.949777 1.72032 1.3241 0.914623 0.972196 0.896597 2.42009 2.6005 0.882184
threshold=781.25311000000011 1442.6971595000002 0.003268647082366806 -352.18052517156451 1706.5622927000002 87186.275000000009 -4354.0374096149744 82266.691467526791 1186.95091875 77766.132000000027 1041.4089339000002 1770.3000000000031 0.0098241119570202356 334.01999999999686 142.90000000000876 -0.0021022142088888058 113932.71318003228 0.0076773368248774275 0.10435712621581371 709.21178571428504 286.59000000000384 -0.44213894911154206 -0.54309858168437442 161.98000000000323 -0.014245418487968215 86793.765000000014 267.29499999999831 569.64851810000016 478.596451 616.18964285714344
decision_type=2 2 2 2 2 2 2 2 2 2 2 2 2 2 2 2 2 2 2 2 2 2 2 2 2 2 2 2 2 2
left_child=2 6 26 4 -3 24 17 -8 13 -5 -11 21 -13 -9 15 -15 29 18 -2 -20 -21 22 -12 -24 -4 -26 -1 28 -28 -17
right_child=1 3 5 9 -6 -7 7 8 -10 10 11 12 -14 14 -16 16 -18 -19 19 20 -22 -23 23 -25 25 -27 27 -29 -30 -31
leaf_value=-4.7942502767120596e-05 -7.4173789846497949e-06 0.00019999667644103182 8.3496072733612808e-05 0.00027433537460304087 7.5597318921636876e-05 -1.5707916799309508e-05 0.00022355613113111408 2.1547911832529672e-06 -3.5415116891529807e-05 0.00017495588595928225 3.7111829008758329e-06 0.00036026843744750646 7.4268472905657357e-05 3.348020762733023e-05 -5.3112841147032873e-06 0.00010538398535060827 -1.2617780628952994e-05 -2.0860378350728541e-05 3.9417255590317959e-05 0.00020727930286449579 7.7284526958742227e-05 -2.9710325283978826e-06 0.00051626003763017778 3.9642529734674208e-05 1.3783079551745286e-05 0.00012440389238575297 1.0453779009413572e-05 -5.6895286280694297e-05 0.00031409355163833277 0.00017946358857057911
leaf_weight=2773 29 26 20 28 33 1321 29 1196 225 36 92 31 30 72 124 42 26 21 26 36 26 280 20 21 321 25 35 109 24 43
leaf_count=2773 29 26 20 28 33 1321 29 1196 225 36 92 31 30 72 124 42 26 21 26 36 26 280 20 21 321 25 35 109 24 43
internal_value=-0.00042135 0.00172151 -0.0015752 0.00429648 0.0119492 -0.000317132 0.000910289 0.000577688 0.000410878 0.00345725 0.00294118 0.00227848 0.00893443 0.000888222 0.00346905 0.00592896 0.00896396 0.00514493 0.00696581 0.00977273 0.0135484 0.0012954 0.00477443 0.0132927 0.00210382 0.00150289 -0.00229684 0.00125 0.00940678 0.0120588
internal_weight=7120 2492 4628 597 59 1687 1895 1757 1728 538 510 474 61 1503 307 183 111 138 117 88 62 413 133 41 366 346 2941 168 59 85
internal_count=7120 2492 4628 597 59 1687 1895 1757 1728 538 510 474 61 1503 307 183 111 138 117 88 62 413 133 41 366 346 2941 168 59 85
is_linear=0
shrinkage=0.05


Tree=14
num_leaves=31
num_cat=0
split_feature=4 39 26 27 4 21 26 40 7 20 21 42 23 22 40 5 17 17 35 18 19 34 20 24 41 4 31 21 30 20
split_gain=6.22649 1.94451 1.55918 1.1698 1.15172 1.13952 0.980949 0.956641 1.57636 1.14618 1.47201 0.926913 1.2305 0.92611 1.17272 1.20422 2.08243 1.43442 0.8368 0.89721 1.73171 1.20911 0.809583 0.765344 0.968864 0.710227 0.818182 0.696579 0.675601 0.659987
threshold=933.23153000000013 422.46535714285716 103766.37040498403 77766.132000000027 310.6667700000001 934.66500000000099 91513.56707712666 -661.37922325589886 -0.0083032476542823728 152.39499999999683 186.15500000000614 -298.81535594531334 -0.34217362107795163 795.23659300000008 -310.41705174410885 0.00097719130042645116 0.0046203591990500144 0.0038543575363898601 84000.387525000013 343.86000000000064 787.58999999999662 84175.178539254804 174.50499999999741 709.11534460000007 84.512829161797825 2215.9223250000005 89048.594100000002 18.579999999994474 92347.316566990048 844.26999999999691
decision_type=2 2 2 2 2 2 2 2 2 2 2 2 2 2 2 2 2 2 2 2 2 2 2 2 2 2 2 2 2 2
left_child=1 22 3 -2 -3 11 18 8 -4 -10 -11 12 -5 14 -13 16 17 -16 -6 20 21 -20 -1 -17 -25 -14 -27 -23 -8 -15
right_child=2 4 7 5 6 -7 28 -9 9 10 -12 13 25 29 15 23 -18 -19 19 -21 -22 27 -24 24 -26 26 -28 -29 -30 -31
leaf_value=-5.9389536995286295e-05 0.00028272292349332116 -4.8110992558104519e-05 0.00013388838424631213 0.00014487050141224995 -1.34380821914266e-05 0.00036087215356866986 -9.2961980738121797e-05 -3.8886484227299645e-06 -9.0882841878840433e-05 -2.5556414683694583e-05 8.3885274621577893e-05 -6.1146937640815333e-05 -1.9055220571034144e-05 5.4857351223920377e-05 0.00010336189152879583 -3.181050809770142e-05 -3.4929060886918659e-05 0.00019597411108701298 8.7366428454012059e-05 -8.3630426809369935e-05 0.00021368057806368237 -6.8687849656312499e-05 4.1784188379131762e-06 0.00042825065319280559 -2.6263669240150116e-05 0.00019538873659678664 3.811711381563052e-06 4.7397391265014346e-05 -9.8934274877928248e-06 0.00030899814452071153
leaf_weight=1491 27 514 40 22 220 24 93 696 47 33 30 32 36 715 35 31 24 20 21 72 27 35 173 28 24 22 22 394 2148 24
leaf_count=1491 27 514 40 22 220 24 93 696 47 33 30 32 36 715 35 31 24 20 21 72 27 35 173 28 24 22 22 394 2148 24
internal_value=-0.000435394 -0.0013377 0.00198758 0.00324125 -0.000672532 0.00297922 -0.000299005 0.000378249 0.004 0.00090909 0.00531746 0.00272947 0.0072549 0.00223473 0.00530928 0.00703704 0.0114557 0.0168182 0.00124187 0.00228597 0.00307128 0.00233333 -0.0027464 0.00283132 0.00653846 0.004375 0.00863636 0.00175991 -0.000827757 0.0014276
internal_weight=7120 5188 1932 1086 3524 1059 3010 846 150 110 63 1035 102 933 194 162 79 55 769 549 477 450 1664 83 52 80 44 429 2241 739
internal_count=7120 5188 1932 1086 3524 1059 3010 846 150 110 63 1035 102 933 194 162 79 55 769 549 477 450 1664 83 52 80 44 429 2241 739
is_linear=0
shrinkage=0.05


Tree=15
num_leaves=31
num_cat=0
split_feature=19 20 0 9 1 40 23 11 27 42 21 17 21 18 31 20 41 13 24 35 7 25 39 20 4 23 17 19 39 39
split_gain=5.81427 1.72308 1.69295 1.45798 1.39072 0.992965 1.11377 1.62 0.942553 0.89712 2.29616 0.900339 1.81201 1.18708 1.6208 1.1124 1.14781 0.981417 0.903322 0.845587 0.82586 0.812249 0.810571 0.783944 1.85663 1.21 0.91448 0.778177 0.770599 0.983756
threshold=615.52500000000157 105.74500000000263 102258.85000000002 -0.01074875371862088 82526.080000000016 -647.26957499996922 0.65968219302311526 -0.013850412441830355 77766.132000000027 -352.18052517156451 161.98000000000323 0.0044904334718710382 431.20999999999918 381.15000000000151 94659.960300000006 136.76500000000672 -28.457743861080147 -0.0081996145654223279 1574.2963025500005 120219.14445000001 0.0038046600243001375 0.61535305404618257 326.98035714285498 112.96499999999652 489.76179500000006 -0.34890491078540775 0.0016836835862443903 260.28500000000355 950.7774999999998 1033.8553571428572
decision_type=2 2 2 2 2 2 2 2 2 2 2 2 2 2 2 2 2 2 2 2 2 2 2 2 2 2 2 2 2 2
left_child=1 3 8 -1 -3 6 -4 -8 -2 10 -10 12 13 14 15 -11 17 -17 -13 -7 -5 -20 -6 24 -24 -26 -25 -22 -28 -30
right_child=2 4 5 20 22 19 7 -9 9 11 -12 18 -14 -15 -16 16 -18 -19 21 -21 27 -23 23 26 25 -27 28 -29 29 -31
leaf_value=7.1202330650316779e-05 0.00028922975301498235 9.5817853895987522e-05 5.5896505989329811e-06 -4.6993725503971511e-05 -5.987337050721638e-05 -4.7211914036111775e-06 2.3445068701127622e-05 9.0203346257648629e-05 0.00016908007622038799 -3.0838688291013443e-05 6.3393585007454759e-05 -3.3876063517297814e-06 0.00025239407786623681 -1.401472877648945e-05 0.00020636661913438936 8.1624955562792552e-05 -9.2221456536583416e-06 0.0001365956607825561 8.0043347459858878e-05 0.00012434608858184529 0.00027897568110078601 0.00034177866305097068 -2.2598828104336313e-05 8.0828378391676437e-05 9.6037620997838901e-06 0.00011830250555790279 -1.0449475415248599e-05 -2.3714232956090443e-05 0.0001422369385468744 -6.0263517191820887e-05
leaf_weight=23 26 29 149 2429 152 1138 25 25 23 41 45 450 34 78 38 21 33 20 252 37 27 53 61 25 20 25 1435 338 31 37
leaf_count=23 26 29 149 2429 152 1138 25 25 23 41 45 450 34 78 38 21 33 20 252 37 27 53 61 25 20 25 1435 338 31 37
internal_value=-0.000498597 -0.00154577 0.00145096 -0.00231984 -0.000344354 0.000276564 0.00354271 0.01 0.00289946 0.00267463 0.00823529 0.00230392 0.00481132 0.00322511 0.00578431 0.00282609 0.00648649 0.0120732 0.00142384 -0.000276597 -0.00242305 0.00352459 -0.000520718 -0.00019584 0.00396226 0.0116667 -0.000484294 -0.000205481 -0.00064205 0.00455882
internal_weight=7120 4632 2488 2817 1815 1374 199 50 1114 1088 68 1020 265 231 153 115 74 41 755 1175 2794 305 1786 1634 106 45 1528 365 1503 68
internal_count=7120 4632 2488 2817 1815 1374 199 50 1114 1088 68 1020 265 231 153 115 74 41 755 1175 2794 305 1786 1634 106 45 1528 365 1503 68
is_linear=0
shrinkage=0.05


Tree=16
num_leaves=31
num_cat=0
split_feature=19 2 19 30 36 7 26 27 31 38 23 20 20 18 36 28 18 7 7 22 40 25 11 7 40 40 25 21 24 21
split_gain=5.27017 1.622 1.42801 1.13195 1.10405 1.03341 1.03264 0.96558 0.843659 1.95157 0.866897 0.876783 0.832791 1.11678 0.948661 1.35726 1.11777 1.53843 1.61626 0.875191 0.806451 0.947713 1.36845 1.99672 0.800873 0.983832 1.32964 0.790254 0.788005 0.754572
threshold=615.52500000000157 101477.76000000001 246.73999999999799 89502.942801051264 -2871.8667889507192 0.0038046600243001375 84501.164568527034 77766.132000000027 102291.02770000001 32.179731073330835 3.3580760841912221 255.48499999999333 206.63500000000207 611.00999999999487 -8061.2042935146446 -803.4792051651674 -131.88999999999939 0.001949311602198249 -0.0025438628313193862 2084.0038767500005 -647.26957499996922 0.34548205703099283 -0.013850412441830355 0.00029617584314115447 454.09230441549158 259.61285398533079 0.34548205703099283 338.77500000000151 1215.6186049000003 63.839999999996515
decision_type=2 2 2 2 2 2 2 2 2 2 2 2 2 2 2 2 2 2 2 2 2 2 2 2 2 2 2 2 2 2
left_child=2 7 5 4 6 -1 -4 -2 10 -10 12 -12 24 14 -14 19 29 18 -18 -16 21 -3 -23 -24 25 -9 -27 28 -19 -17
right_child=1 20 3 -5 -6 -7 -8 8 9 -11 11 -13 13 -15 15 16 17 27 -20 -21 -22 22 23 -25 -26 26 -28 -29 -30 -31
leaf_value=-6.7473567226938172e-05 0.00027476826536423324 -5.9406806694811086e-06 0.00017811894103971946 -2.2289161916285436e-05 -4.6903169988458613e-07 0.00021364365013090485 1.3022191730898326e-05 1.370483688548837e-05 0.0001853595962557845 -4.74250441040325e-05 0.00031296312558966668 0.00058898004800738031 0.00040819039159127265 -3.3283972980955767e-05 -4.5880961997079362e-05 0.00014245754685473659 9.442698964042719e-05 0.00017023381223322436 0.00039558703329329188 0.00026427617187207113 -3.2816436626502818e-06 -4.8566291840061611e-07 9.8994517963458279e-05 1.9085011140624428e-05 -5.2604310229434684e-05 -8.7456588293860238e-06 0.00020690775031050103 0.00015140376971890533 -4.8655033008081986e-05 -1.9514496053089138e-05
leaf_weight=878 26 98 38 2934 707 26 49 347 32 33 21 26 20 74 93 20 33 44 39 23 1187 48 29 28 89 22 23 23 36 74
leaf_count=878 26 98 38 2934 707 26 49 347 32 33 21 26 20 74 93 20 33 44 39 23 1187 48 29 28 89 22 23 23 36 74
internal_value=-0.000505619 0.00135048 -0.00150259 -0.00107028 0.000604533 -0.0032854 0.00591954 0.00278688 0.00255597 0.00807692 0.0021996 0.00882979 0.001875 0.00335073 0.00438271 0.00383117 0.00578067 0.00814286 0.01375 -0.000689656 0.000215826 0.00312808 0.00642857 0.0116667 0.000405404 0.00137755 0.00833333 0.0042233 0.001875 0.00138298
internal_weight=7120 2488 4632 3728 794 904 87 1098 1072 65 1007 47 960 479 405 385 269 175 72 116 1390 203 105 57 481 392 45 103 80 94
internal_count=7120 2488 4632 3728 794 904 87 1098 1072 65 1007 47 960 479 405 385 269 175 72 116 1390 203 105 57 481 392 45 103 80 94
is_linear=0
shrinkage=0.05


Tree=17
num_leaves=31
num_cat=0
split_feature=19 19 22 7 3 4 23 20 27 7 0 17 20 36 11 32 23 35 38 35 19 26 15 20 11 40 39 15 9 5
split_gain=4.78436 1.59413 1.55507 1.97617 1.58384 1.39457 1.41415 1.11882 1.15576 1.01819 1.13275 1.24076 0.85941 1.26124 1.13214 1.65197 2.40886 1.22003 1.65204 1.00672 1.28385 0.853959 1.99341 0.872145 1.78391 1.42407 2.10453 0.851665 0.820229 0.783361
threshold=650.24500000000273 246.73999999999799 1739.8114662500002 0.0046940093075439086 79015.010000000009 973.29015000000015 -0.41273408380906246 105.74500000000263 109436.36250000002 -0.0027461713303518266 87175.735000000015 0.0066649697258137535 86.565000000009618 2583.5450165333464 -0.010461018757326407 -1903.9744238818746 0.13159623200474449 106386.82537500001 30.920324417711381 118358.94182500002 846.25000000000011 108830.50768319005 0.003268647082366806 127.62000000000263 0.010791888159347262 53.609947645491054 482.80857142857042 0.0026443305281152675 -0.016347645986993942 0.007144162755905444
decision_type=2 2 2 2 2 2 2 2 2 2 2 2 2 2 2 2 2 2 2 2 2 2 2 2 2 2 2 2 2 2
left_child=1 -1 12 4 -4 -6 -7 -3 21 10 -8 -12 28 14 -14 16 -16 18 -17 -19 -21 23 -23 24 25 -9 -27 -15 -2 -20
right_child=2 7 3 -5 5 6 9 8 -10 -11 11 -13 13 27 15 17 -18 19 29 20 -22 22 -24 -25 -26 26 -28 -29 -30 -31
leaf_value=-6.259298014271051e-05 0.00010818795610800664 -2.7343695131636903e-05 0.00038070391608353279 -2.3588420659039481e-05 0.00013042726587381015 -1.0177696495822692e-05 -6.7061652748836171e-05 -3.5030597585961816e-05 -2.1068476687226356e-05 0.00032307582251023986 0.00024171372879666078 8.2518347501048511e-05 -6.0453262765662224e-06 0.00018970142124478029 2.3036440597413191e-06 0.00020847461266917789 0.00018554038325969662 -4.5135483694156531e-06 0.00010151444095640602 0.0001172142583057852 -4.6135360023836052e-05 -5.1754961266312087e-05 8.8032003780249199e-05 -1.7447344964236065e-06 8.6211107222081682e-05 0.00013078294069844551 3.7300526870125855e-05 -4.1996192569808145e-05 -1.3417977661481755e-05 -2.2487130351206178e-05
leaf_weight=904 41 2119 22 125 22 55 42 92 674 36 22 21 291 33 32 22 31 323 304 29 33 22 21 898 23 22 53 205 536 67
leaf_count=904 41 2119 22 125 22 55 42 92 674 36 22 21 291 33 32 22 31 323 304 29 33 22 21 898 23 22 53 205 536 67
internal_value=-0.000554776 -0.00144781 0.00132635 0.00442029 0.00727273 0.00585858 0.004375 -0.00101172 -9.69541e-05 0.00739669 0.00441176 0.0101163 0.000778119 0.00145985 0.00215548 0.00308561 0.010873 0.00245501 0.00441476 0.000454544 0.00629032 0.000879751 0.0077907 0.000606616 0.00368421 0.00188623 0.007 -0.00184874 -0.000840556 0.00362534
internal_weight=7120 4828 2292 345 220 198 176 3924 1805 121 85 43 1947 1370 1132 841 63 778 393 385 62 1131 43 1088 190 167 75 238 577 371
internal_count=7120 4828 2292 345 220 198 176 3924 1805 121 85 43 1947 1370 1132 841 63 778 393 385 62 1131 43 1088 190 167 75 238 577 371
is_linear=0
shrinkage=0.05


Tree=18
num_leaves=31
num_cat=0
split_feature=19 19 22 7 1 30 27 20 40 20 36 11 32 23 35 38 18 42 19 42 18 28 21 35 19 9 9 3 42 4
split_gain=4.43323 1.55162 1.37151 1.60611 1.59614 1.0086 1.02478 0.839822 1.56903 0.779889 0.941625 0.905225 1.42778 2.57514 1.17872 2.04308 0.966773 0.886754 1.79067 1.52381 0.878286 1.41821 2.04848 0.836257 0.959034 0.754225 0.740795 0.737567 0.727418 0.834059
threshold=615.52500000000157 246.73999999999799 1739.8114662500002 0.0046940093075439086 79595.955000000016 89502.942801051264 88385.570750000014 316.6199999999954 243.08960432709867 86.565000000009618 2715.4387169324696 -0.010461018757326407 -1954.3174991810226 0.13159623200474449 106500.72930000002 30.920324417711381 374.05999999999773 97.468563785039123 855.06999999999982 186.86368955248193 -131.88999999999939 201.84857964156984 360.03500000000355 118419.09755000002 846.25000000000011 -0.016347645986993942 0.012807190680091217 83858.10000000002 -335.50906236585513 2277.0190250000001
decision_type=2 2 2 2 2 2 2 2 2 2 2 2 2 2 2 2 2 2 2 2 2 2 2 2 2 2 2 2 2 2
left_child=1 -1 9 4 -4 6 -3 26 -9 25 11 -11 13 -13 15 -14 17 20 -19 -20 -17 22 -22 -16 -25 -2 -7 -27 -6 -30
right_child=2 5 3 -5 28 7 -8 8 -10 10 -12 12 14 -15 23 16 -18 18 19 -21 21 -23 -24 24 -26 27 -28 -29 29 -31
leaf_value=-5.9463331135574984e-05 0.00010242421286451103 1.4813106060899535e-06 0.00036874567620753237 -1.901874978887087e-05 7.2127514710209454e-05 -2.3512777208217063e-05 0.00011070977619234522 -8.3001392556082791e-06 0.00013781312210257583 -5.743060258827329e-06 -1.7982332030111618e-05 -3.0476596010738335e-07 0.00022638624507575336 0.00018934775205623868 -4.1077322508100603e-06 -1.1685505577719376e-05 -2.0405685205069578e-06 5.1315941935299994e-05 0.00018353232496009933 9.7728019952579123e-05 0.0002388152539342628 -1.8230772407403313e-05 -1.015410090304252e-05 0.00011135354539049596 -4.3300104562871581e-05 0.00011287802932328894 5.7171697633207671e-05 -2.0447416921886123e-05 3.9955193282177087e-05 0.00027505098320606283
leaf_weight=904 42 763 20 131 32 2802 31 65 42 301 234 35 27 29 369 98 154 48 21 21 33 32 22 29 32 31 25 564 126 57
leaf_count=904 42 763 20 131 32 2802 31 65 42 301 234 35 27 29 369 98 154 48 21 21 33 32 22 29 32 31 25 564 126 57
internal_value=-0.000512642 -0.00142703 0.00118971 0.00401639 0.00648936 -0.000976396 0.000604533 -0.00140423 0.00294392 0.000702167 0.00132997 0.0018745 0.00263158 0.00984375 0.00211061 0.00388158 0.00304196 0.00481818 0.00888889 0.0164286 0.00283784 0.00649425 0.0113636 0.000232557 0.00565574 -0.000761383 -0.0015688 -0.00121849 0.00523256 0.00401639
internal_weight=7120 4632 2488 366 235 3728 794 2934 107 2122 1485 1251 950 64 886 456 429 275 90 42 185 87 55 430 61 637 2827 595 215 183
internal_count=7120 4632 2488 366 235 3728 794 2934 107 2122 1485 1251 950 64 886 456 429 275 90 42 185 87 55 430 61 637 2827 595 215 183
is_linear=0
shrinkage=0.05


Tree=19
num_leaves=31
num_cat=0
split_feature=4 19 20 19 22 15 7 25 25 32 21 15 23 39 35 39 17 38 23 21 36 11 40 40 20 35 32 39 41 42
split_gain=4.25812 1.60775 1.24245 1.34049 1.02906 0.851253 1.04331 0.817158 3.00833 0.784277 0.769589 0.977508 1.16366 1.09746 1.00337 0.994293 1.02425 1.28675 0.981488 0.831776 0.768472 1.36019 0.832971 0.896003 0.762372 0.975464 0.892075 0.754566 0.959341 0.931692
threshold=781.25311000000011 246.73999999999799 310.1150000000053 1770.3000000000031 1810.1489842499998 0.0034231150512167873 -0.0075132814281682597 -0.37085427009116406 -0.50833803162581681 -2448.5308629677743 107.66499999999361 0.004902915124111791 1.8813463675019373 837.71750000000009 87029.71160000001 561.13321428571328 0.0036094040898889111 44.955832383196046 3.0037088224862263 276.14499999999686 -4910.4743240757225 -0.024533786221531184 -800.52394548270956 -477.34229072267038 92.019999999996813 107472.74870000001 -1214.0659493088676 640.79392857142909 -351.40806171881115 103.89038251903396
decision_type=2 2 2 2 2 2 2 2 2 2 2 2 2 2 2 2 2 2 2 2 2 2 2 2 2 2 2 2 2 2
left_child=1 -1 3 20 -5 24 -7 8 -4 -8 -9 12 15 -13 -15 -12 -17 -18 -14 -16 21 -2 -23 -24 -3 26 -26 28 29 -11
right_child=2 5 7 4 -6 6 9 10 -10 27 11 13 18 14 19 16 17 -19 -20 -21 -22 22 23 -25 25 -27 -28 -29 -30 -31
leaf_value=-5.6523114404742625e-05 8.6729335465780645e-05 -4.0492337678074391e-05 -1.5122853368184524e-05 0.00011573343940110752 0.00028737327420081917 8.3868401997273662e-05 5.2087282222948358e-05 2.3355430355644847e-05 0.00039300571704703566 3.3342372874080449e-05 3.0065071782229138e-05 -2.3188982888158818e-05 -0.00011463801659967568 0.00015107809193363154 0.00018341210960719537 0.00026499902109391088 0.00024559509073952406 3.8562556605686225e-05 0.00010539398005255117 -8.3075006291707715e-05 -1.1140697043685157e-06 -1.059480196316431e-05 0.00017462415413992737 -3.5917752849271472e-06 7.9762310442122299e-05 -3.3739003351594288e-05 3.6013734509029041e-06 -1.6987190174782123e-05 3.719063648191177e-07 -7.3395720283261893e-05
leaf_weight=896 31 1178 30 76 29 38 32 238 24 49 29 69 38 37 42 20 30 29 20 57 1541 92 34 26 32 599 478 868 438 20
leaf_count=896 31 1178 30 76 29 38 32 238 24 49 29 69 38 37 42 20 30 29 20 57 1541 92 34 26 32 599 478 868 438 20
internal_value=-0.000526687 -0.00142394 0.00113965 0.000467467 0.00595238 -0.000967311 -1.73022e-05 0.00299397 0.00888889 -0.000238096 0.00247126 0.00389488 0.00674699 0.00158536 0.00419118 0.00981481 0.0127215 0.00940678 0.00103448 0.00156566 0.000133409 0.00319672 0.00125 0.00583333 -0.00156756 -0.000626692 0.000980391 -0.000418183 0.0011144 0.0065942
internal_weight=7120 4628 2492 1829 105 3732 1445 663 54 1407 609 371 166 205 136 108 79 59 58 99 1724 183 152 60 2287 1109 510 1375 507 69
internal_count=7120 4628 2492 1829 105 3732 1445 663 54 1407 609 371 166 205 136 108 79 59 58 99 1724 183 152 60 2287 1109 510 1375 507 69
is_linear=0
shrinkage=0.05


Tree=20
num_leaves=31
num_cat=0
split_feature=4 21 5 0 17 16 16 35 21 13 9 27 28 24 20 41 38 5 21 9 7 15 25 20 7 21 31 7 9 40
split_gain=3.73609 1.42187 1.41644 1.34908 1.20062 1.40778 1.16667 1.02218 1.16404 1.4338 1.18347 1.09117 0.969879 1.27299 1.13393 1.20567 1.98334 1.21787 1.26925 1.14976 0.898883 0.885085 0.833822 0.783147 0.746956 0.824643 0.745091 0.734605 0.941327 0.801786
threshold=554.56545000000017 155.52499999999421 0.00013642994022252189 90997.455000000016 0.0024135109798231421 0.0037535613602972533 0.0020882116626712711 94900.334450000009 431.20999999999918 0.003914958541618197 0.006857007099709417 77766.132000000027 -2146.4400262126869 887.94205670000008 200.94499999999974 208.64159616150849 54.892213301096838 -0.0015483684741262663 136.47499999999857 0.018664992329463278 -0.00021059280464387668 0.0066108742088089286 -0.35863806916693602 170.98000000000323 0.019150035970779914 132.26999999999683 86791.203000000023 -0.0013239003217008518 0.00083362002503107756 -147.54270186302162
decision_type=2 2 2 2 2 2 2 2 2 2 2 2 2 2 2 2 2 2 2 2 2 2 2 2 2 2 2 2 2 2
left_child=1 23 -3 7 6 -6 -4 8 11 21 -11 -2 13 -5 19 -16 17 -17 -19 -14 -7 -10 -18 -1 25 26 -13 28 29 -25
right_child=3 2 4 12 5 20 -8 -9 9 10 -12 24 14 -15 15 16 22 18 -20 -21 -22 -23 -24 27 -26 -27 -28 -29 -30 -31
leaf_value=-4.110277964202716e-05 0.0002758933708549483 -3.1643396104830985e-05 4.3066513107176577e-05 0.00016472306031180934 -1.5659927228311849e-05 7.9385576819338943e-05 0.00018761616000073357 0.00014536392815330397 0.000124810959034866 0.00040447126372555425 0.00022885702832072622 2.1784005024529621e-05 -1.2019419962232751e-05 2.4238164464662725e-05 -2.5047841355211784e-06 0.00010432050222454657 0.00012148804147648631 9.0764764420959651e-05 0.00013106561671813398 5.9283057479203161e-05 1.130900747078335e-05 -2.8136622674846976e-05 1.5895876980499708e-05 2.3652664260169327e-05 0.00041383295976759227 -5.352839493262885e-06 0.00010593288952626183 -1.8537183738139584e-05 5.0701263559233684e-05 -9.7701803664283947e-06
leaf_weight=2190 24 396 21 22 164 39 21 23 36 20 23 312 1588 68 583 33 23 28 25 29 92 62 203 37 24 477 149 289 20 99
leaf_count=2190 24 396 21 22 164 39 21 23 36 20 23 312 1588 68 583 33 23 28 25 29 92 62 203 37 24 477 149 289 20 99
internal_value=-0.000554776 -0.00176366 0.000184173 0.000530383 0.00256676 0.00144068 0.0104762 0.00195652 0.00174357 0.00599291 0.0136046 0.0011359 -9.99243e-05 0.005 -0.000282645 0.00114525 0.00365384 0.0101163 0.0148113 -0.00107298 0.00530534 0.00265306 0.00119469 -0.0023055 0.00087318 0.000650319 0.00215835 -0.00039326 0.00237179 0.000882352
internal_weight=7120 3368 733 3752 337 295 42 1150 1127 141 43 986 2602 90 2512 895 312 86 53 1617 131 98 226 2635 962 938 461 445 156 136
internal_count=7120 3368 733 3752 337 295 42 1150 1127 141 43 986 2602 90 2512 895 312 86 53 1617 131 98 226 2635 962 938 461 445 156 136
is_linear=0
shrinkage=0.05


Tree=21
num_leaves=31
num_cat=0
split_feature=4 19 7 36 16 20 30 36 38 25 5 5 40 38 13 21 32 32 3 18 7 28 19 7 15 5 40 18 18 15
split_gain=3.74159 1.25252 1.1089 1.06598 1.09405 0.898341 0.889262 0.823262 1.01362 0.721975 0.763636 0.745868 0.857283 1.84674 1.00417 1.56697 0.937542 0.775008 0.692552 0.684079 0.677842 2.22756 0.677167 0.658476 0.662095 0.642398 0.696429 0.562448 1.36122 0.741118
threshold=781.25311000000011 246.73999999999799 0.0038046600243001375 -7724.4933030666643 0.0069552059605286461 310.1150000000053 82953.38086783023 -5186.13011567993 45.165614725337477 1.2227411315117787 -0.0082982647967046168 -0.0045428176308176015 -374.50483927783347 54.892213301096838 -0.0076615095581461928 136.47499999999857 21.763882320519773 1275.333082298763 84493.195000000022 711.16500000000826 -0.0075132814281682597 -251.22186829095878 1770.3000000000031 0.00068031846465551617 0.0053887246633647955 0.0014011610956699116 122.09916705602519 -54.764999999999411 -79.099999999991255 0.0056191466466019207
decision_type=2 2 2 2 2 2 2 2 2 2 2 2 2 2 2 2 2 2 2 2 2 2 2 2 2 2 2 2 2 2
left_child=1 2 -1 4 -2 22 25 8 -8 11 -11 -7 -13 14 -14 -16 -15 -18 -6 20 21 -9 27 -19 -25 26 -3 28 29 -5
right_child=3 6 -4 5 18 9 7 19 -10 10 -12 12 13 16 15 -17 17 23 -20 -21 -22 -23 -24 24 -26 -27 -28 -29 -30 -31
leaf_value=-5.3333986341404134e-05 0.00012340810457144914 4.7154000990265429e-06 0.00022493198070251013 1.6400678088517447e-05 0.00028033607428572412 -3.1123201523415983e-05 7.0059098686328872e-05 -0.00010102546229751112 -6.0437282520191114e-06 0.0001757618071607646 -1.2373861027166475e-05 4.0759758991627821e-05 0.00010739055835162911 0.00018011638387490874 9.4010415715109773e-05 0.00015519651988932682 -4.4049465388599604e-05 -4.344059076587321e-05 -1.6960004691431309e-05 0.00012148895238565518 -1.669143747730257e-05 0.00010438689279846973 0.00012980465855169792 4.2270945388937694e-05 0.00012110238041407242 -4.0507475381239212e-06 0.00010048380421927022 -6.4905380118475614e-06 0.00021473929569096906 -1.0693840843102198e-05
leaf_weight=872 21 24 24 573 29 33 22 34 41 21 210 113 40 20 27 35 50 24 32 25 3500 20 97 29 25 38 28 857 22 234
leaf_count=872 21 24 24 573 29 33 22 34 41 21 210 113 40 20 27 35 50 24 32 25 3500 20 97 29 25 38 28 857 22 234
internal_value=-0.000582866 -0.00142394 -0.00310268 0.000979132 0.00658536 0.000788381 -0.0010209 -0.00114223 0.00452381 0.00241627 0.000194804 0.00371212 0.00436639 0.006 0.0111765 0.0151613 0.00243243 0.000859374 0.00319672 -0.00124197 -0.00129994 0.00425926 0.000215927 0.00397436 0.00703704 0.00388889 0.0075 -1.77948e-05 0.000910735 0.000576207
internal_weight=7120 4628 896 2492 82 2410 3732 3642 63 627 231 396 363 250 102 62 148 128 61 3579 3554 54 1783 78 54 90 52 1686 829 807
internal_count=7120 4628 896 2492 82 2410 3732 3642 63 627 231 396 363 250 102 62 148 128 61 3579 3554 54 1783 78 54 90 52 1686 829 807
is_linear=0
shrinkage=0.05


Tree=22
num_leaves=31
num_cat=0
split_feature=4 19 28 20 27 31 23 4 11 11 7 21 20 28 42 21 42 21 35 24 19 38 40 40 13 39 19 5 3 38
split_gain=3.21948 1.36196 0.986998 0.941138 1.26227 1.05783 0.892857 0.927025 1.23217 0.843255 0.803243 1.29258 1.26981 1.27227 1.77068 1.35758 2.46762 0.767806 0.755587 0.716011 0.71553 0.920496 1.06854 1.45691 0.674772 0.672656 0.962345 0.778199 0.669636 0.999342
threshold=933.23153000000013 246.73999999999799 -2146.4400262126869 92.019999999996813 109436.36250000002 109790.74560000001 -0.11917198430604281 2547.9163650000005 -0.023343861227418095 -0.0092825111511770642 -0.0011264059242628091 252.0400000000009 104.05500000000031 805.55215912948927 143.63644591276923 163.53500000000352 -76.393341826180048 309.4900000000053 98440.375600000014 2256.6637641000002 735.03999999999371 32.671413590005059 111.65258242635902 489.43175692336814 -0.03146147444780175 737.66678571428315 924.41499999999371 -0.0035748109251597412 119337.26000000001 62.777792842238959
decision_type=2 2 2 2 2 2 2 2 2 2 2 2 2 2 2 2 2 2 2 2 2 2 2 2 2 2 2 2 2 2
left_child=1 -1 6 24 5 19 -2 -8 17 -4 11 12 18 14 15 16 -14 -9 -11 25 -13 -22 -23 -24 -3 26 -5 -27 -26 -30
right_child=2 3 9 4 -6 -7 7 8 -10 10 -12 20 13 -15 -16 -17 -18 -19 -20 -21 21 22 23 -25 28 27 -28 -29 29 -31
leaf_value=-4.9041020115785333e-05 0.00012778255682189131 5.3235972606282711e-05 -3.3292134972028462e-06 8.7119162127722259e-06 -1.4817180400894702e-05 7.5118334332263976e-05 -9.6991292441353065e-06 0.0001300279527904135 0.00033247438745641751 1.2773016883754378e-05 1.7554498712966782e-05 -5.4423334360698231e-05 0.00012289238719317004 -4.235358644991419e-05 0.00037341285537182062 0.0001150383436935982 -3.7108372515520404e-06 -6.4690971891824092e-05 -1.2074733873709691e-05 0.00010833125514535336 0.00025593906499826329 -5.707000942594249e-05 0.00023768744176857595 -1.0738235877723288e-05 -2.7586479353179441e-05 9.5601963416360193e-05 0.0001780878940501964 -2.5907155660995183e-05 3.9471720677789352e-05 -0.00011998368508161044
leaf_weight=900 24 20 426 983 899 25 58 27 20 29 905 49 25 22 21 33 52 39 51 25 21 64 31 35 1923 33 21 264 64 31
leaf_count=900 24 20 426 983 899 25 58 27 20 29 905 49 25 22 21 33 52 39 51 25 21 64 31 35 1923 33 21 264 64 31
internal_value=-0.000582866 -0.00123169 0.00115942 -0.000860542 -0.000155557 0.00081051 0.00482143 0.00333333 0.00662791 0.000810656 0.0014275 0.00319861 0.00572961 0.00839869 0.0102672 0.00772727 0.00409091 0.00333333 0.000624999 0.0006184 0.000249999 0.00195364 0.000384614 0.00484848 -0.00163886 0.000457339 0.0010757 -0.001633 -0.00172944 0.00236842
internal_weight=7120 5188 1932 4288 2250 1351 168 144 86 1764 1338 433 233 153 131 110 77 66 80 1326 200 151 130 66 2038 1301 1004 297 2018 95
internal_count=7120 5188 1932 4288 2250 1351 168 144 86 1764 1338 433 233 153 131 110 77 66 80 1326 200 151 130 66 2038 1301 1004 297 2018 95
is_linear=0
shrinkage=0.05


Tree=23
num_leaves=31
num_cat=0
split_feature=4 28 27 19 30 23 4 11 20 19 16 21 7 40 18 5 21 20 1 17 23 35 31 35 4 7 4 32 38 9
split_gain=2.53047 1.37061 1.24309 0.963465 0.9242 0.861761 0.949935 1.23217 0.798268 0.840164 1.36041 0.767806 0.718659 0.714108 0.96754 0.798841 0.932814 0.88324 0.825251 0.804189 1.09021 0.934444 0.774359 1.08746 1.53088 0.97361 0.75 0.728355 0.705863 0.738162
threshold=653.63186000000007 -2146.4400262126869 109300.10900000003 246.73999999999799 109085.76162517426 -0.11917198430604281 2547.9163650000005 -0.023343861227418095 58.16500000000088 363.4749999999986 0.0037222940300941022 309.4900000000053 0.0038046600243001375 -739.41530473974115 -90.184999999997657 -0.0013132342908892542 149.91500000000818 99.285000000003507 82878.005000000019 0.0022648531488026875 0.39009666920845165 112863.85855000002 87359.574500000002 84597.580725000022 508.37073500000002 -0.0025438628313193862 448.14837500000004 62.803045460022993 78.308414282384973 -0.0056536449437313589
decision_type=2 2 2 2 2 2 2 2 2 2 2 2 2 2 2 2 2 2 2 2 2 2 2 2 2 2 2 2 2 2
left_child=3 5 4 12 8 -2 -7 11 28 10 -10 -8 -1 14 -5 17 18 -15 -17 20 21 -18 23 -21 -25 -24 -16 -20 29 -3
right_child=1 2 -4 13 -6 6 7 -9 9 -11 -12 -13 -14 15 26 16 19 -19 27 22 -22 -23 25 24 -26 -27 -28 -29 -30 -31
leaf_value=-4.8360444969485938e-05 8.6241861019015285e-05 3.2236555956952175e-05 -1.0050195665830274e-05 6.5264390134306632e-05 0.00013205082857989234 -9.7480891543457141e-06 0.00012352655515089278 0.00031585066808359664 -3.5358535878016633e-05 3.3481051899045276e-05 4.5197389768295399e-05 -6.1456423297232894e-05 0.00022241671982454092 -4.9791288441714319e-05 4.7059291506506865e-05 2.5288623946521846e-05 0.00023571021899970059 -1.8642552769104876e-06 -3.486922018093114e-05 -1.3812754548849931e-05 -6.5847738102779629e-05 1.6104575402524148e-05 0.00011023913234713423 9.5187880279660683e-05 2.993239999566778e-06 -2.1008896163643757e-05 -7.7086297871749876e-05 -5.2257394819851418e-06 0.00016566309772104559 -3.4294627714124698e-05
leaf_weight=862 28 122 946 23 36 59 27 20 26 1509 31 39 23 592 20 23 25 312 580 53 23 20 62 30 33 507 30 766 25 268
leaf_count=862 28 122 946 23 36 59 27 20 26 1509 31 39 23 592 20 23 25 312 580 53 23 20 62 30 33 507 30 766 25 268
internal_value=-0.000561799 0.000500637 0.000248058 -0.00139809 0.000949429 0.00482659 0.00327586 0.00662791 0.000805148 0.00132184 0.0072807 0.00333333 -0.00285311 -0.000982576 0.00390411 -0.00110046 -0.000570218 -0.00234513 -0.0013477 0.000843292 0.00602941 0.0105556 0.000328466 0.00405172 0.00849206 -0.000430581 -1.19209e-09 -0.00150817 -0.00114458 -0.00166667
internal_weight=7120 3136 2963 3984 2017 173 145 86 1981 1566 57 66 885 3099 73 3026 2122 904 1369 753 68 45 685 116 63 569 50 1346 415 390
internal_count=7120 3136 2963 3984 2017 173 145 86 1981 1566 57 66 885 3099 73 3026 2122 904 1369 753 68 45 685 116 63 569 50 1346 415 390
is_linear=0
shrinkage=0.05


Tree=24
num_leaves=31
num_cat=0
split_feature=4 36 16 19 20 17 32 3 7 38 40 17 25 30 25 2 35 19 5 18 22 22 4 13 28 11 36 17 23 25
split_gain=2.66889 1.14364 1.09405 1.0225 0.863624 0.823613 0.779875 0.692552 0.660769 0.59355 1.04218 1.45433 0.574846 0.827992 0.795732 1.47759 0.961724 1.53064 0.763636 0.575323 0.851215 1.17304 0.905765 0.751111 0.568421 1.34136 0.698949 0.536077 0.742195 0.990774
threshold=781.25311000000011 -7724.4933030666643 0.0069552059605286461 246.73999999999799 310.1150000000053 0.0061171193043541069 -2448.5308629677743 84493.195000000022 0.0038046600243001375 59.536675786696016 -127.65739590386509 0.0079266471040074175 1.2227411315117787 114188.64280894016 0.88684035680353623 88818.425000000017 83543.334650000019 895.26000000000215 -0.0082982647967046168 485.60999999999336 1140.9490185000002 1007.1259347500001 887.13675000000012 0.019731053965848417 11.519918821606554 0.0041836425542931032 -2508.9659620537054 0.0034166592104435422 0.53355788874109933 -0.66480015306690232
decision_type=2 2 2 2 2 2 2 2 2 2 2 2 2 2 2 2 2 2 2 2 2 2 2 2 2 2 2 2 2 2
left_child=3 2 -2 8 -3 6 -5 -4 -1 10 24 -12 13 14 16 -16 17 -6 -14 20 21 22 -18 -21 25 26 -7 28 29 -8
right_child=1 4 7 5 12 9 27 -9 -10 -11 11 -13 18 -15 15 -17 19 -19 -20 23 -22 -23 -24 -25 -26 -27 -28 -29 -30 -31
leaf_value=-4.5797213770070359e-05 0.0001119947805183257 1.7920833476207355e-07 0.00023390301779443722 4.3071837679390637e-05 0.000129492245875261 6.6017778454141333e-05 -2.0581998372332067e-05 -2.6813225348905059e-05 0.00020501659668194688 -2.0484062748423105e-05 6.9009452261393418e-05 0.00018838627488708729 0.00013455747876412366 -1.2570482392276037e-05 -3.264868785616574e-05 0.00025067078842568572 0.00011459344171638761 -2.4732746357543172e-05 -1.6683191777512293e-05 0.00038418327280604177 -1.7699226848985049e-05 0.00010714126002394078 -1.8895468251509887e-05 4.7290089408344407e-06 -9.1401295732783491e-05 5.5785773308029891e-05 -7.5953866023630015e-05 -2.2313765232487932e-05 -3.2125432163497644e-05 5.8203300370022027e-06
leaf_weight=872 21 1783 29 29 23 36 279 32 24 97 32 20 21 38 20 26 28 20 210 25 107 20 69 20 30 21 38 1869 234 1047
leaf_count=872 21 1783 29 29 23 36 279 32 24 97 32 20 21 38 20 26 28 20 210 25 107 20 69 20 30 21 38 1869 234 1047
internal_value=-0.000540732 0.00077849 0.00658536 -0.00125108 0.000580912 -0.000886925 -0.00109601 0.00319672 -0.00276786 0.00175182 0.00347458 0.00942308 0.00217703 0.00333333 0.00407821 0.0102174 0.00317308 0.0101163 0.000194804 0.0020632 0.00102678 0.00397436 0.00170103 0.00722222 0.000999999 0.00289474 -0.000270271 -0.00116506 -0.00048077 -2.26256e-05
internal_weight=7120 2492 82 4628 2410 3732 3458 61 896 274 177 52 627 396 358 46 312 43 231 269 224 117 97 45 125 95 74 3429 1560 1326
internal_count=7120 2492 82 4628 2410 3732 3458 61 896 274 177 52 627 396 358 46 312 43 231 269 224 117 97 45 125 95 74 3429 1560 1326
is_linear=0
shrinkage=0.05


Tree=25
num_leaves=31
num_cat=0
split_feature=4 36 16 19 24 3 7 20 25 18 5 28 38 18 7 13 36 21 7 7 28 7 18 38 15 4 36 5 5 24
split_gain=2.46198 1.17547 1.09405 1.0225 0.802831 0.692552 0.660769 0.627124 0.601356 1.00305 1.34799 1.02679 1.05563 1.29459 1.39935 0.538695 0.822358 0.510395 1.33333 0.504839 1.98546 0.518282 0.480939 0.695476 0.976619 0.828157 0.473377 0.465755 0.615385 0.575686
threshold=781.25311000000011 -7724.4933030666643 0.0069552059605286461 246.73999999999799 2256.6637641000002 84493.195000000022 0.0038046600243001375 310.1150000000053 1.1484984221545196 -171.34999999999852 -0.00098320509115718165 -1075.5008701902914 54.892213301096838 419.47500000000588 -0.0011264059242628091 -0.028739540477438923 -2643.6407416457582 833.22999999999604 -0.0026376099330060968 -0.0075132814281682597 -251.22186829095878 -0.0049042853562593063 130.71499999999654 50.05684926983222 0.0035197335212768369 2788.9972100000005 512.02636733201518 -0.005180747884125511 -0.0021961953053679507 416.646278
decision_type=2 2 2 2 2 2 2 2 2 2 2 2 2 2 2 2 2 2 2 2 2 2 2 2 2 2 2 2 2 2
left_child=3 2 -2 6 15 -4 -1 17 9 -9 -11 -12 13 14 -13 16 -5 -3 -19 20 -17 -21 23 25 -25 -10 -16 -23 -29 -30
right_child=1 7 5 4 -6 -7 -8 8 22 10 11 12 -14 -15 26 19 -18 18 -20 21 -22 27 -24 24 -26 -27 -28 28 29 -31
leaf_value=-4.3507353081566834e-05 0.0001063950414924094 -1.5839448601549715e-06 0.00022220786690471539 0.00012630725213284223 0.00010980689781171355 -2.5472564081459808e-05 0.00019476576684784955 -3.780830911019045e-06 -2.1063968356111434e-05 0.00016586077801201903 -1.9550786969873783e-05 0.00011937949227802317 6.0339681955293416e-05 0.0004327896027392648 -5.2178806547590652e-05 -3.3243894642875543e-05 -4.0455285696300139e-05 -5.5711255192832709e-05 0.00013710807251433413 -3.07145714719937e-05 9.1463657158487636e-05 7.3391426628092408e-05 -3.3978785981417468e-05 0.0001714262737307438 2.2289157957176693e-05 0.0001278296048259175 0.00010093293495470299 -3.0494503556699092e-05 1.3219414513570337e-05 -1.1354139084427625e-05
leaf_weight=872 21 1733 29 21 22 32 24 88 48 31 51 24 114 20 35 36 20 30 20 204 22 36 116 20 39 21 20 472 328 2571
leaf_count=872 21 1733 29 21 22 32 24 88 48 31 51 24 114 20 35 36 20 30 20 204 22 36 116 20 39 21 20 472 328 2571
internal_value=-0.000568821 0.000698233 0.00658536 -0.00125108 -0.000886925 0.00319672 -0.00276786 0.000497924 0.00185805 0.00309399 0.00449152 0.00333333 0.00485915 0.00863636 0.00575949 -0.000943397 0.0047561 1.96286e-05 0.005 -0.00100709 0.00362069 -0.00108142 -8.19684e-05 0.00203125 0.00601695 -0.00137681 0.00136364 -0.000934841 -0.000995255 -0.000722664
internal_weight=7120 2492 82 4628 3732 61 896 2410 627 383 295 264 213 99 79 3710 41 1783 50 3669 58 3611 244 128 59 69 55 3407 3371 2899
internal_count=7120 2492 82 4628 3732 61 896 2410 627 383 295 264 213 99 79 3710 41 1783 50 3669 58 3611 244 128 59 69 55 3407 3371 2899
is_linear=0
shrinkage=0.05


Tree=26
num_leaves=31
num_cat=0
split_feature=19 36 18 22 24 2 32 41 11 7 41 20 9 17 24 40 20 13 20 13 13 24 21 24 15 39 7 38 41 15
split_gain=2.34116 1.45627 1.20404 1.3172 0.952637 0.867211 0.956112 0.924907 1.2524 0.786462 1.13511 0.762274 1.03399 1.24783 0.722604 0.869415 0.715143 0.707504 1.54705 1.32002 1.95406 1.44379 0.720743 0.697767 0.693285 0.688882 0.927999 1.12597 0.779221 0.666337
threshold=490.9700000000085 -4910.4743240757225 -438.07499999999703 2214.9187400000001 1030.8867244300002 83533.665000000023 2746.0950170410001 -193.83742658633744 0.00051027131416932225 0.00047832479689903685 45.018817223471935 261.55999999999773 0.017158159924208206 0.006218852012572859 691.97158700000011 264.56660602668131 410.27000000000413 0.014798287822628372 271.01999999999686 0.0049770242970960431 0.0076967041986681977 830.72492160000013 34.36499999999797 1114.8071451000003 0.0013035363111139422 1062.742142857142 -0.003395646940376521 42.429859779543612 -555.62439086701943 0.0053887246633647955
decision_type=2 2 2 2 2 2 2 2 2 2 2 2 2 2 2 2 2 2 2 2 2 2 2 2 2 2 2 2 2 2
left_child=5 2 3 4 -2 7 24 8 -1 -9 -11 12 -3 -14 15 -13 -17 18 -16 -20 -21 -22 29 -23 -7 26 -4 28 -28 -19
right_child=1 11 25 -5 -6 6 -8 9 -10 10 -12 14 13 -15 17 16 -18 22 19 20 21 23 -24 -25 -26 -27 27 -29 -30 -31
leaf_value=4.8434219611403347e-05 9.8692601423880583e-05 -4.8211522716098941e-06 -1.8228553848597575e-05 0.00032603079939460167 2.6507387189927193e-05 -5.9324599782973731e-05 0.00018838026097741208 -6.3359693073418847e-05 1.0880824373721253e-05 -3.6419555888162837e-05 6.5604267424246068e-05 -1.9239258814722092e-05 6.4933980876065619e-06 0.00029836785277565035 0.00010874138283263184 -3.3196678653768708e-06 0.00030139105436694522 -5.0310513657893202e-05 3.6494064573224697e-05 0.00024735242971873759 9.9326109775694954e-05 -7.6752777897573369e-05 -1.5992908528098011e-05 0.00027445608161931034 -2.0602085292854932e-05 -1.2457810150949621e-05 0.00033254331753888996 9.8199733889740278e-07 0.00011194310192322052 0.00010622566892306766
leaf_weight=20 21 2163 37 27 72 358 34 61 31 25 23 175 43 22 21 54 32 23 353 27 20 35 152 22 3042 129 20 35 22 21
leaf_count=20 21 2163 37 27 72 358 34 61 31 25 23 175 43 22 21 54 32 23 353 27 20 35 152 22 3042 129 20 35 22 21
internal_value=-0.000512642 0.000402721 0.0034022 0.0075 0.00467742 -0.00141069 -0.00157834 0.0021875 0.0077451 -0.000412845 0.004375 5.84876e-05 -0.000444346 0.00576923 0.00125668 -0.000977013 0.00313953 0.00212166 0.00315899 0.00254923 0.0075 0.00344156 -0.000408164 -0.000614036 -0.00166177 0.0013786 0.00421053 0.00733766 0.0128571 0.00522727
internal_weight=7120 3526 363 120 93 3594 3434 160 51 109 48 3163 2228 65 935 261 86 674 478 457 104 77 196 57 3400 243 114 77 42 44
internal_count=7120 3526 363 120 93 3594 3434 160 51 109 48 3163 2228 65 935 261 86 674 478 457 104 77 196 57 3400 243 114 77 42 44
is_linear=0
shrinkage=0.05


Tree=27
num_leaves=31
num_cat=0
split_feature=15 36 39 25 28 26 15 24 3 21 36 40 11 11 19 9 25 13 42 4 19 11 4 11 24 21 9 20 27 27
split_gain=2.03088 1.26905 1.01654 0.77741 0.76078 0.758332 0.962222 1.25289 0.926671 0.934444 0.687407 0.660979 1.02218 1.30194 0.976801 0.973558 0.96051 0.635495 1.60899 0.726379 0.629739 1.55579 0.767776 1.74003 0.580177 1.68698 0.977682 0.700752 0.958364 1.10006
threshold=0.0041333476629163103 -5346.5571537636197 285.04500000000036 0.61535305404618257 -1926.2150142347525 90795.166397226494 0.0053482538078897714 594.93267440000011 87560.490000000005 115.4850000000006 3106.8943068353697 236.5735642994114 0.012160444767570475 0.0072191037333089953 535.75000000000739 0.0052292821948735106 0.68550914729792589 -0.0099642398032735256 -83.439266071942754 2035.9202700000003 955.99500000000273 -0.024533786221531184 2547.9163650000005 -0.023343861227418095 469.63483239999999 270.26500000000675 0.0046303199077176354 72.184999999997686 111641.04700000002 110971.66600000001
decision_type=2 2 2 2 2 2 2 2 2 2 2 2 2 2 2 2 2 2 2 2 2 2 2 2 2 2 2 2 2 2
left_child=1 -1 -3 24 20 6 7 -6 -9 -10 -8 16 13 14 -13 -15 -5 18 -18 -19 21 -2 -22 -24 25 26 -4 -26 29 -29
right_child=4 2 3 11 5 -7 10 8 9 -11 -12 12 -14 15 -16 -17 17 19 -20 -21 22 -23 23 -25 27 -27 -28 28 -30 -31
leaf_value=0.00010877238581718194 6.4763611870318304e-05 -4.9097634146842027e-05 -1.707375598114782e-05 0.00011066229567848493 0.000120929750097097 -2.0745908245265129e-06 1.339972910575898e-06 3.3927101983321943e-05 0.00042069073322276683 6.6992540690069172e-05 7.559736060035127e-05 7.3016392675104571e-05 -5.3443470413496747e-05 0.0003384672457494939 -9.604449588624906e-06 2.1144113698674912e-05 -6.2048927372544384e-06 -3.2534888670920886e-05 0.00019879021519555933 5.2372955930594338e-05 -1.6358135458667068e-05 -2.2846184844247877e-05 1.6853515542319853e-05 0.00027618921049270875 -4.4450752871859944e-05 0.00018846343149754799 4.4484085356209002e-05 -3.4895377517292937e-06 -2.8865621880860642e-05 7.1585118572446376e-05
leaf_weight=39 32 512 399 37 22 1278 581 193 20 25 21 26 64 20 91 32 113 252 25 23 61 26 66 27 1265 25 42 1157 591 55
leaf_count=39 32 512 399 37 22 1278 581 193 20 25 21 26 64 20 91 32 113 252 25 23 61 26 66 27 1265 25 42 1157 591 55
internal_value=-0.000568821 -0.00116191 -0.00123599 -0.000980556 0.000633502 0.000350466 0.00149652 0.00403846 0.00298319 0.00944444 0.00039867 0.000563688 0.00272532 0.00476331 0.00183761 0.0113462 -0.000555557 -0.00124697 0.00152174 -0.00263636 0.00349056 0.00793103 0.00181818 0.00467742 -0.00127901 0.000364806 -0.000351475 -0.00152868 -0.000895731 -9.07603e-05
internal_weight=7120 4768 4729 4217 2352 2140 862 260 238 45 602 683 233 169 117 52 450 413 138 275 212 58 154 93 3534 466 441 3068 1803 1212
internal_count=7120 4768 4729 4217 2352 2140 862 260 238 45 602 683 233 169 117 52 450 413 138 275 212 58 154 93 3534 466 441 3068 1803 1212
is_linear=0
shrinkage=0.05


Tree=28
num_leaves=31
num_cat=0
split_feature=19 20 36 18 22 24 13 16 38 11 28 0 22 7 40 20 34 15 23 39 39 16 36 36 15 36 30 11 28 0
split_gain=2.08253 1.11699 0.871767 1.07008 1.01324 1.02894 0.840515 1.20402 1.2037 0.821006 0.801796 1.06853 0.914427 0.80222 0.772029 0.752988 0.74904 0.720872 1.14286 0.70856 0.669428 1.0174 0.757257 1.08353 0.871883 1.94171 0.723681 0.829221 1.96203 0.657446
threshold=615.52500000000157 105.74500000000263 -4910.4743240757225 -438.07499999999703 2214.9187400000001 1030.8867244300002 -0.01149454337814911 0.0036014188518902423 27.297649092370985 -0.0084898350992668268 285.8271743205915 121171.86000000002 280.84092449999997 0.0060761672033232102 606.94458112849691 144.49499999999537 81010.071457801663 0.0057677307986599693 0.13159623200474449 1090.5210714285715 326.98035714285498 0.0023279752386600283 651.09340664956119 1218.0759553092505 0.002077404185336243 -1040.1021194225393 83147.787954571671 0.0019964288764069307 651.72243273135257 118833.52
decision_type=2 2 2 2 2 2 2 2 2 2 2 2 2 2 2 2 2 2 2 2 2 2 2 2 2 2 2 2 2 2
left_child=1 6 3 4 5 -2 7 8 -1 -4 11 13 -12 -8 16 -7 -11 18 -5 -16 -3 22 24 -24 25 -22 27 -23 -29 -18
right_child=2 20 9 17 -6 15 10 -9 -10 14 12 -13 -14 -15 19 -17 29 -19 -20 -21 21 26 23 -25 -26 -27 -28 28 -30 -31
leaf_value=-8.3774820542319121e-08 9.3861699300365974e-05 -4.792809111826365e-05 -8.863526355174891e-06 -4.8598986320951682e-05 0.00030141677513308737 -3.9110474659872689e-05 -3.8557892180017124e-05 -1.6424208968301119e-05 4.1780094567021521e-05 0.00023708320611101711 5.206047480848053e-05 3.9786096895025933e-05 -1.1992012922007397e-05 0.00020711792884977603 -3.9229510860393173e-05 0.00025200426295929004 1.465262742362806e-05 -1.9936843531806856e-06 0.00012144215531502178 3.3809328836902784e-05 0.00014131633349533562 -1.8305171766119088e-05 7.9757572416423711e-05 1.6785540418957912e-05 -5.4670360826987325e-05 -3.3649294524018044e-05 -6.5412301033360559e-06 0.00012228261860767483 -2.3443227670140904e-05 5.0696135773910802e-05
leaf_weight=52 21 152 499 28 27 36 1666 150 37 23 32 23 836 21 211 34 1291 148 28 36 20 31 31 63 53 42 1380 23 20 106
leaf_count=52 21 152 499 28 27 36 1666 150 37 23 32 23 836 21 211 34 1291 148 28 36 20 31 31 63 53 42 1380 23 20 106
internal_value=-0.000519664 -0.00114637 0.000647105 0.00307453 0.00686441 0.00434066 -0.00176961 0.00106694 0.00567416 0.000286241 -0.00203258 -0.00266082 -0.000794932 -0.00280676 0.000818835 0.00142857 0.0012676 0.000882352 0.00571428 -0.00176113 -0.000179065 0.000111244 0.0033732 0.00670213 0.000652173 0.00467742 -0.000357635 0.00445946 0.00895349 0.00112026
internal_weight=7120 4632 2488 322 118 91 2817 239 89 2166 2578 1710 868 1687 1667 70 1420 204 56 247 1815 1663 209 94 115 62 1454 74 43 1397
internal_count=7120 4632 2488 322 118 91 2817 239 89 2166 2578 1710 868 1687 1667 70 1420 204 56 247 1815 1663 209 94 115 62 1454 74 43 1397
is_linear=0
shrinkage=0.05


Tree=29
num_leaves=31
num_cat=0
split_feature=20 4 34 35 3 24 7 15 1 25 24 7 7 21 11 35 26 4 20 7 32 38 30 11 36 38 16 15 21 7
split_gain=1.88898 1.35381 1.11631 1.20793 1.03786 1.25595 0.937476 0.810076 0.760745 0.74265 1.11536 0.841155 1.08406 0.762413 0.708906 1.21989 1.1017 1.40072 1.70938 1.72876 0.69512 0.850721 0.709179 0.688095 0.614625 0.978942 0.5965 1.2302 0.586797 0.568182
threshold=92.019999999996813 2277.0190250000001 104532.35470778866 104346.69945 119337.26000000001 683.40174050000007 -0.0018128542529881463 0.0066108742088089286 79595.955000000016 0.1752861881800323 1200.5027113000003 0.0018980888552470635 0.0012051224697630101 48.399999999994186 -0.0042880342874748447 110552.93815000002 118584.74951632063 814.13803500000006 142.75000000000003 -0.0032407798915190032 -1135.4037364588874 51.503378571644753 85015.28672009577 -0.0024176373188216386 3695.9156074267526 67.71670779592452 0.0031740779857005641 0.0030138840488800433 411.61000000000064 -0.0015127596122520724
decision_type=2 2 2 2 2 2 2 2 2 2 2 2 2 2 2 2 2 2 2 2 2 2 2 2 2 2 2 2 2 2
left_child=1 4 3 8 20 -6 14 -3 29 24 11 12 13 -11 -4 23 17 18 -17 -20 21 22 -1 -16 -8 -26 27 -24 -13 -2
right_child=2 7 6 -5 5 -7 9 -9 -10 10 -12 28 -14 -15 15 16 -18 -19 19 -21 -22 -23 26 -25 25 -27 -28 -29 -30 -31
leaf_value=5.0768008033146867e-05 0.00031273075719371934 0.00024935441869204682 -2.2334351768193081e-06 0.00020205811970106684 0.00018925427449099696 4.9742341107101217e-07 -3.3543894435629234e-05 6.1547146297325727e-06 1.5166922384718079e-05 7.6224555229301684e-05 0.00023945809791414403 -3.7315961455475867e-05 6.5973665440553138e-05 -1.0072712299933422e-05 5.9759991595531239e-05 -6.1453016620997489e-05 -2.7509519177749586e-05 0.00013320555125667619 5.0133158353004609e-07 0.0001281905642689499 -2.7885244151175258e-05 3.4886384165000353e-05 -6.4301118804476083e-05 -2.9127733663119325e-05 -4.3281439701060604e-05 5.1881294257209894e-05 -1.3069237089232347e-05 9.1436822113600879e-05 1.8016632899800664e-05 2.210605262832941e-05
leaf_weight=29 22 40 385 27 25 93 829 47 1695 27 26 274 31 89 20 37 43 29 32 36 2695 30 31 105 50 27 273 28 23 22
leaf_count=29 22 40 385 27 25 93 829 47 1695 27 26 274 31 89 20 37 43 29 32 36 2695 30 31 105 50 27 273 28 23 22
internal_value=-0.000505619 -0.00138408 0.000249411 0.00117214 -0.00155119 0.00305085 -0.000540476 0.00477011 0.0010092 -0.00129361 0.000319148 -0.000270271 0.00282313 0.000603447 0.000967976 0.00278146 0.00545198 0.00768657 0.005 0.00970588 -0.00172716 0.000242966 -0.000429364 -0.001 -0.00213024 0.00214286 -0.00108434 0.00347458 -0.00180135 0.0075
internal_weight=7120 3291 3829 1766 3204 118 2063 87 1739 1376 470 444 147 116 687 302 177 134 105 68 3086 391 361 125 906 77 332 59 297 44
internal_count=7120 3291 3829 1766 3204 118 2063 87 1739 1376 470 444 147 116 687 302 177 134 105 68 3086 391 361 125 906 77 332 59 297 44
is_linear=0
shrinkage=0.05


Tree=30
num_leaves=31
num_cat=0
split_feature=19 35 39 39 7 39 24 27 15 31 21 7 18 32 35 22 24 27 4 20 35 39 36 18 35 27 0 19 15 41
split_gain=1.75197 1.07695 0.966236 0.876789 1.89688 0.813605 0.790187 0.754452 1.15756 1.15595 1.09247 1.08574 0.740247 0.73373 0.726696 0.723708 0.974363 0.803042 0.8847 1.05834 0.82024 0.662273 0.633969 1.40386 0.631714 0.743989 1.55128 0.857294 0.748409 0.665279
threshold=615.52500000000157 112863.85855000002 910.22857142857345 970.27857142857363 0.00068031846465551617 285.04500000000036 520.87218100000007 109300.10900000003 0.0021311109538210337 109476.03820000002 231.13999999999945 -0.0023351214840801964 -935.54999999999552 -2302.5940919142954 85394.20600000002 1179.9126265000002 1139.3284824000002 116858.69975000001 616.45504000000005 90.735000000007872 115666.70180000002 297.37142857142629 -8061.2042935146446 -371.49500000000256 104881.01282500003 107049.06675000001 106441.51000000002 395.82999999999453 0.0025403167816408947 197.86662939536285
decision_type=2 2 2 2 2 2 2 2 2 2 2 2 2 2 2 2 2 2 2 2 2 2 2 2 2 2 2 2 2 2
left_child=1 2 5 4 -4 -1 14 8 11 22 -11 -2 13 -9 -7 16 17 -14 19 -19 -20 -16 23 -10 -23 26 28 -27 -26 -29
right_child=7 -3 3 -5 -6 6 -8 12 9 10 -12 -13 15 -15 21 -17 -18 18 20 -21 -22 24 -24 -25 25 27 -28 29 -30 -31
leaf_value=-4.2694559271136701e-05 -1.0732369227736943e-05 -2.8312332019744468e-05 -1.5740642580452605e-05 1.0425412094470643e-06 0.00013787897452105749 0.00014606840877510175 -1.215904837723907e-05 0.00022765719468913117 0.00019372386436128369 2.94539484265454e-05 0.00016073723792613354 0.00029045918570138983 -1.9626275728890584e-05 5.3242471253739555e-07 4.8892382506564466e-05 -4.651231547390691e-05 0.00010485201170616949 0.00012439063574358261 0.00021622659925832119 -4.4238692643069066e-08 -1.1523750316621529e-05 -2.9452288407523207e-05 1.2781893222739905e-05 -4.3900635418295315e-05 7.5287092167767748e-05 -3.3480066812199258e-05 5.7601148213922309e-05 7.5592601678802014e-05 -2.223738412191201e-05 -3.6087926653814258e-05
leaf_weight=373 20 1174 28 112 30 24 2372 20 22 23 20 27 379 36 26 126 30 22 39 21 183 119 1499 21 49 141 24 61 55 44
leaf_count=373 20 1174 28 112 30 24 2372 20 22 23 20 27 379 36 26 126 30 22 39 21 183 119 1499 21 49 141 24 61 55 44
internal_value=-0.000603934 -0.00117876 -0.00073453 0.00294118 0.00793103 -0.000924575 -0.000643226 0.000466237 0.00109681 0.000867507 0.00895349 0.00882979 -0.000735983 0.00482143 0.00107735 -0.001125 -0.000474779 -0.000885094 0.00122641 0.0077907 -4.50462e-05 0.000684007 0.000642022 0.00662791 0.000273832 0.00128342 0.004375 -0.000325204 0.00173077 0.00309524
internal_weight=7120 4632 3458 170 58 3288 2915 2488 1632 1585 43 47 856 56 543 800 674 644 265 43 222 519 1542 43 493 374 128 246 104 105
internal_count=7120 4632 3458 170 58 3288 2915 2488 1632 1585 43 47 856 56 543 800 674 644 265 43 222 519 1542 43 493 374 128 246 104 105
is_linear=0
shrinkage=0.05


Tree=31
num_leaves=31
num_cat=0
split_feature=20 27 31 5 4 1 25 7 11 41 24 15 25 7 3 24 35 36 38 40 36 32 25 25 24 24 7 9 11 17
split_gain=1.82849 1.15376 1.33064 1.03214 0.928241 0.854224 0.664322 0.654978 0.752872 1.59737 0.616776 0.616496 0.598639 0.568182 0.564255 1.07868 0.610865 0.55343 0.673899 0.539929 1.68064 0.489634 0.679977 0.963333 0.60486 0.517318 1.32205 0.666429 0.622881 0.850724
threshold=92.019999999996813 109354.56225 109476.03820000002 0.0017319836899548021 2277.0190250000001 79595.955000000016 0.075300596588323374 -0.0019169680347200257 -0.0039620974230325512 -139.87794238679689 582.04531510000015 0.0063681959969038001 -0.6112758105302184 -0.0015127596122520724 119337.26000000001 683.40174050000007 112075.734675 3040.1223568965875 67.71670779592452 -661.37922325589886 -3345.6718378789078 -1135.4037364588874 -0.75211914035145189 -0.92253679135745525 569.64851810000016 520.87218100000007 0.0060761672033232102 0.00025482170306368888 0.00025675366916348279 0.0024869371275603618
decision_type=2 2 2 2 2 2 2 2 2 2 2 2 2 2 2 2 2 2 2 2 2 2 2 2 2 2 2 2 2 2
left_child=4 2 5 -4 14 13 7 8 12 -10 -11 -6 -3 -2 16 -16 21 -9 -19 20 -8 22 23 -1 -24 26 27 -23 -29 -30
right_child=1 6 3 -5 11 -7 19 17 9 10 -12 -13 -14 -15 15 -17 -18 18 -20 -21 -22 25 24 -25 -26 -27 -28 28 29 -31
leaf_value=-2.8203857776238576e-05 0.00029757746642052513 0.00014239761590422329 4.0421405475731561e-05 9.0766496025614847e-05 0.00025176318372077217 7.8612680700793568e-06 -6.0399414832671525e-05 -4.1867804298115567e-05 7.9091180478208921e-05 3.0750495214245772e-05 -1.2326218115109943e-05 -8.9918969787453717e-07 -3.9743733419671555e-05 2.0361655335775904e-05 0.00017081695270127384 -2.4750292184772755e-06 -3.4274356191145207e-05 -5.2571671128855115e-05 7.0488003810999618e-05 -3.1488034757807181e-06 4.5215098933892566e-05 -3.1358336796742127e-05 3.7793712734715358e-05 3.2858615960938392e-05 -8.3672667718522348e-06 -2.7397310367242386e-05 0.00017829254959683547 -4.2820396490845866e-05 4.9809645773045888e-05 -6.6438083367856734e-06
leaf_weight=20 22 21 36 20 37 2377 29 495 31 20 76 50 77 22 25 93 816 56 29 492 26 262 26 30 165 1506 25 59 112 65
leaf_count=20 22 21 36 20 37 2377 29 495 31 20 76 50 77 22 25 93 816 56 29 492 26 262 26 30 165 1506 25 59 112 65
internal_value=-0.000610956 0.000131887 0.000773111 0.00839286 -0.00147524 0.00059686 -0.0010429 -0.00195652 0.000333332 0.00287401 -0.000312501 0.00362069 -0.00295918 0.0075 -0.00161361 0.00177966 -0.00174336 -0.00284483 0.000882352 0.000301644 0.005 -0.00132159 0.000809127 0.006 -0.000549739 -0.00157467 -0.000219886 -0.000783134 0.00114407 0.00262712
internal_weight=7120 3829 2477 56 3291 2421 1352 805 225 127 96 87 98 44 3204 118 3086 580 85 547 55 2270 241 50 191 2029 523 498 236 177
internal_count=7120 3829 2477 56 3291 2421 1352 805 225 127 96 87 98 44 3204 118 3086 580 85 547 55 2270 241 50 191 2029 523 498 236 177
is_linear=0
shrinkage=0.05


Tree=32
num_leaves=31
num_cat=0
split_feature=20 26 4 18 24 40 42 23 30 16 30 17 11 25 22 36 20 26 25 25 3 24 20 4 26 20 13 32 19 25
split_gain=1.58843 1.24757 0.93797 0.725226 0.921146 1.49664 0.758367 0.709629 0.708837 1.60303 0.687902 1.28612 1.14545 0.648214 0.600093 0.911037 0.889524 1.04153 0.763302 0.776742 0.926383 0.636153 0.708319 0.951452 0.670916 0.604902 1.03527 2.54883 0.89726 1.27866
threshold=110.07499999998983 109461.38933186802 2035.9202700000003 -74.965000000003769 875.73281720000011 -647.26957499996922 99.715330587777586 1.5464110099727961 82953.38086783023 0.0054148422979518928 108958.49794343165 0.0034350916414705923 0.0041836425542931032 1.1091180849632312 1442.6971595000002 -5346.5571537636197 142.75000000000003 103306.48993421077 1.1848112552386298 0.94736832993259157 87777.860000000015 1268.3727653000003 115.02499999999419 431.66644000000002 82777.496886144087 183.59500000000119 0.007809766371646449 1317.4906302780075 615.52500000000157 0.39879802777205747
decision_type=2 2 2 2 2 2 2 2 2 2 2 2 2 2 2 2 2 2 2 2 2 2 2 2 2 2 2 2 2 2
left_child=2 10 8 4 5 -3 -7 -5 9 -1 14 -12 -13 -9 15 -2 -16 -18 19 21 -21 22 23 -17 -23 -24 27 28 -27 -30
right_child=1 3 -4 7 -6 6 -8 13 -10 -11 11 12 -14 -15 16 18 17 -19 -20 20 -22 24 25 -25 -26 26 -28 -29 29 -31
leaf_value=9.096784938171634e-05 9.2336825524238586e-05 4.8984274566642531e-05 5.9414312247444349e-05 -2.8117690284325829e-05 -3.3495010600594814e-05 -2.9922008598483634e-06 8.9925980434931162e-05 0.00019376010295548611 -1.6557046572173145e-05 -3.6139028847024224e-05 -7.7151968801845761e-05 7.4160682257814813e-05 -7.6879292958668358e-05 -1.40609227065204e-05 -0.00010069752411873118 -6.9642793233667839e-06 6.8319878649307942e-05 0.00021000275091535218 -1.6333245394834022e-05 -4.499151562009783e-05 0.00021885041875313179 7.0312116088929756e-05 -1.222351877071544e-05 5.1718561429396478e-05 -5.4377070618350954e-05 -8.4104337770421069e-08 -1.2594086311176764e-05 0.00021001420692360652 0.00015139348244541003 -6.2653368319211039e-05
leaf_weight=33 39 20 118 623 107 253 53 20 3561 55 21 35 20 64 49 21 346 33 278 22 24 26 528 20 126 248 188 26 114 49
leaf_count=33 39 20 118 623 107 253 53 20 3561 55 21 35 20 64 49 21 346 33 278 22 24 26 528 20 126 248 188 26 114 49
internal_value=-0.000632024 0.000159557 -0.00133661 -0.00118421 0.000427251 0.00174847 0.000882352 -0.00217115 -0.00147849 0.00295454 0.000851784 0.00552631 0.00954545 0.00214286 0.000685539 0.000266236 0.00235981 0.00317942 8.98192e-05 0.000567528 0.00695652 0.000349182 0.000737017 0.00719512 -0.00269737 0.000507371 0.00156 0.00289474 0.00193431 0.00481595
internal_weight=7120 3353 3767 1140 433 326 306 707 3649 88 2213 76 55 84 2137 1709 428 379 1670 1392 46 1346 1194 41 152 1153 625 437 411 163
internal_count=7120 3353 3767 1140 433 326 306 707 3649 88 2213 76 55 84 2137 1709 428 379 1670 1392 46 1346 1194 41 152 1153 625 437 411 163
is_linear=0
shrinkage=0.05


Tree=33
num_leaves=31
num_cat=0
split_feature=20 34 4 4 24 11 7 11 35 28 7 21 19 38 38 41 21 24 38 28 32 41 38 7 1 24 4 3 5 17
split_gain=1.64282 0.94392 0.808458 0.770126 0.744336 0.932938 1.08989 1.02819 0.890622 1.93924 2.25882 0.784208 1.33333 0.733302 0.821177 1.15227 0.700917 0.765601 0.817268 0.672628 1.29345 1.52381 0.667885 0.612408 0.607558 0.815645 1.22587 0.623381 1.07581 0.602702
threshold=105.74500000000263 104614.02979486373 2035.9202700000003 2788.9972100000005 1574.2963025500005 0.018819650799547154 0.011336041617010042 0.0085656525786759283 103504.28772500002 740.96312906975811 0.00026245931218658039 80.680000000000305 855.06999999999982 71.074557869543355 69.329575868676585 237.62765264432147 110.76499999999943 371.74210490000007 51.661669139065808 -669.79286578735616 -963.86438187262672 -539.06218365043026 26.924309047357145 0.001476518299346952 83320.580000000016 1996.2484615999999 630.46404000000018 119337.26000000001 0.0037771960607173075 0.0030627173061860183
decision_type=2 2 2 2 2 2 2 2 2 2 2 2 2 2 2 2 2 2 2 2 2 2 2 2 2 2 2 2 2 2
left_child=2 4 24 13 8 6 7 11 19 10 -10 12 -6 14 16 -16 17 18 -3 -2 21 -21 -13 -19 25 26 -1 -26 -29 -18
right_child=1 3 -4 -5 5 -7 -8 -9 9 -11 -12 22 -14 -15 15 -17 29 23 -20 20 -22 -23 -24 -25 27 -27 -28 28 -30 -31
leaf_value=-1.7494585651127603e-06 -1.3935820848665016e-05 -7.1619935324735028e-05 5.8183311792512404e-05 2.2967018403639146e-05 0.000273225028549222 -7.220442666772085e-05 -5.3777805361831203e-05 0.0001622469783871937 5.7151316941856659e-05 -1.8738223342251779e-05 0.00056801354330395946 0.00016649824269542458 8.9422868586155713e-06 -3.7976992000977019e-05 -7.7585468376429136e-05 0.00018231544613118235 3.0361899452051447e-05 -5.7133958661449488e-06 6.8485884450364122e-05 -1.2274069493785763e-05 4.4589206771488704e-06 0.00021269606836189759 1.0342741986515574e-05 -4.6731568511877139e-05 -1.9380879799536922e-05 -9.331410433000947e-05 0.00019329840939740094 -1.2406305972130378e-06 0.00020528062459213372 -1.401690996393363e-06
leaf_weight=46 225 32 115 53 24 60 28 43 34 65 20 23 24 206 20 24 187 499 31 21 904 21 141 253 3304 29 36 112 20 520
leaf_count=46 225 32 115 53 24 60 28 43 34 65 20 23 24 206 20 24 187 499 31 21 904 21 141 253 3304 29 36 112 20 520
internal_value=-0.000561799 0.000219779 -0.00129984 -0.000561645 0.00109308 0.00316326 0.00436396 0.00539216 0.000542634 0.00466386 0.0116667 0.00396226 0.00958333 -0.000739279 -0.000370372 0.00636364 -0.000565047 -0.00156442 0.00373016 0.000123825 0.000708244 0.00928571 0.00231707 -0.00200798 -0.00143361 0.00220721 0.0047561 -0.00155122 0.00181818 0.000586986
internal_weight=7120 3458 3662 1825 1633 343 283 255 1290 119 54 212 48 1772 1566 44 1522 815 63 1171 946 42 164 752 3547 111 82 3436 132 707
internal_count=7120 3458 3662 1825 1633 343 283 255 1290 119 54 212 48 1772 1566 44 1522 815 63 1171 946 42 164 752 3547 111 82 3436 132 707
is_linear=0
shrinkage=0.05


Tree=34
num_leaves=31
num_cat=0
split_feature=35 27 15 15 21 18 22 5 20 7 7 18 21 23 32 20 17 11 19 18 27 27 34 38 15 32 36 42 3 42
split_gain=1.28815 1.63127 1.17193 1.05618 1.57403 1.62 1.19656 0.954349 0.951533 1.28607 2.44255 1.6292 1.51806 0.969901 1.37625 1.28456 1.84681 1.33646 0.94541 0.854211 0.80436 0.866534 0.785832 0.68622 1.07049 0.685112 1.22215 0.650938 1.14723 1.71905
threshold=112863.85855000002 118197.94125000002 0.0041819011775700117 0.0043427611267429457 116.87000000000263 -87.955000000001732 959.63544450000006 0.011987923435605509 169.40000000000148 0.0018980888552470635 0.0016553260000896075 157.62000000000265 109.80499999999303 0.24407731363916829 -1055.257098767506 243.31500000000236 0.0046713777611314565 -0.0024745702436791768 1225.2949999999985 687.72500000000593 110879.59550000004 109521.33850000003 111252.32895649863 48.686371154176307 0.0021311109538210337 -1274.1842266168967 -1279.8970334338881 60.260144475430678 84959.955000000016 140.04311835137267
decision_type=2 2 2 2 2 2 2 2 2 2 2 2 2 2 2 2 2 2 2 2 2 2 2 2 2 2 2 2 2 2
left_child=1 2 8 4 -4 -6 7 -5 18 10 11 13 -13 23 -15 -16 17 -17 25 20 21 22 -8 24 -10 26 -1 -27 29 -29
right_child=-2 -3 3 6 5 -7 19 -9 9 -11 -12 12 -14 14 15 16 -18 -19 -20 -21 -22 -23 -24 -25 -26 27 -28 28 -30 -31
leaf_value=-6.6313309304208209e-06 -1.3728141447865461e-05 0.00012746878744930877 -3.3916759665543414e-05 -1.567706363283378e-05 5.9496845078355751e-05 0.00014275219391372734 4.2095339135120603e-05 0.00030365378760277383 3.0010407715451135e-05 -1.8645242345600719e-05 0.00021903985596832096 8.8925291797698261e-05 -1.505400298037024e-05 -1.8022113180458123e-05 -4.5843302750029082e-05 0.00021123291020391026 -2.7074465871956604e-05 9.875260296018534e-05 0.0002671904829537679 -2.8476003699838436e-05 0.00019608265185433818 -4.9063609718222065e-05 6.1385760709833202e-05 -5.1803458885246843e-05 -1.0369669193562559e-06 -3.01025760051015e-05 3.9358836087322719e-05 0.0001359301073313696 -8.1419158297168428e-06 -7.6826879341918002e-06
leaf_weight=97 1792 26 47 651 25 25 908 21 26 276 21 29 21 37 47 20 27 39 21 152 21 45 21 147 129 1879 27 26 488 29
leaf_count=97 1792 26 47 651 25 25 908 21 26 276 21 29 21 37 47 20 27 39 21 152 21 45 21 147 129 1879 27 26 488 29
internal_value=-0.000575844 -0.000185812 -0.000247078 0.000741126 0.00582474 0.012 0.000470037 -0.00120536 -0.000806262 0.000677654 0.00209024 0.00141762 0.01 0.000508473 0.00352941 0.00590225 0.00953488 0.0144915 -0.00127971 0.00145161 0.00198492 0.00177618 0.00210441 -0.00119205 0.00112903 -0.00136685 0.00225806 -0.00155244 -2.76255e-05 0.00681818
internal_weight=7120 5328 5302 1916 97 50 1819 672 3386 819 543 522 50 472 170 133 86 59 2567 1147 995 974 929 302 155 2546 124 2422 543 55
internal_count=7120 5328 5302 1916 97 50 1819 672 3386 819 543 522 50 472 170 133 86 59 2567 1147 995 974 929 302 155 2546 124 2422 543 55
is_linear=0
shrinkage=0.05


Tree=35
num_leaves=31
num_cat=0
split_feature=15 26 1 38 15 38 38 22 36 15 11 39 9 9 28 24 20 20 41 38 40 17 38 28 31 15 21 41 41 21
split_gain=1.04205 1.0174 1.04676 1.06801 0.969781 0.797727 1.15227 0.729 0.667063 0.651495 0.948888 0.609698 0.620267 0.875975 1.80156 0.636582 0.773854 0.602556 0.739157 0.978732 1.0303 0.73963 0.755911 1.16126 1.33704 0.72803 0.720885 0.980273 0.884904 0.594571
threshold=0.0034231150512167873 90851.010225729624 88483.570000000022 60.250324301769446 0.0065603106639412498 77.155594878361029 83.377606925580764 520.67728800000009 -214.7432685783933 0.0034592602732034902 0.000902182160521331 261.05714285714259 0.004945497937566881 0.0046303199077176354 464.13040064278908 475.36297830000007 115.02499999999419 92.019999999996813 -429.84426466442841 46.071013020040844 -545.59431678680983 0.0016836835862443903 33.334130434982356 -536.13404591344431 109164.30550000002 0.0028863372979407113 171.66499999999363 -244.97761781976581 755.45608420452447 188.14499999999683
decision_type=2 2 2 2 2 2 2 2 2 2 2 2 2 2 2 2 2 2 2 2 2 2 2 2 2 2 2 2 2 2
left_child=11 2 7 4 -4 -5 -7 -2 -6 10 -3 -1 13 17 -15 16 -14 -13 19 20 25 -20 -23 24 -24 -19 28 -28 -25 -29
right_child=1 9 3 5 8 6 -8 -9 -10 -11 -12 12 15 14 -16 -17 -18 18 21 -21 -22 22 23 26 -26 -27 27 29 -30 -31
leaf_value=-4.6937305319054993e-05 0.00014446831065533465 -2.2135570047582249e-05 0.0001818530648393242 -2.9233073610563174e-05 0.00027889955607102119 0.00033095136736000419 -5.9931405864476453e-05 1.0822464600645774e-05 -7.1272469205841021e-06 -3.8366009308384335e-06 0.00018866754556270406 -2.5637718549458576e-05 7.8617386806979645e-05 -2.6538140667719137e-05 0.00033062180692319397 -4.532712808995134e-05 -2.0983578160464876e-05 -8.1078870684080547e-06 5.7657392870752492e-05 -3.551087427449496e-05 0.00017827172465370149 -2.7687169946864393e-05 6.1445438381793721e-05 -1.3041755452091939e-05 -3.1577412067863182e-05 4.2342748038444544e-05 9.4869923155659828e-05 4.0967710448579831e-05 0.00012550818732447229 -1.0588101043277259e-06
leaf_weight=372 20 20 38 60 24 24 20 980 21 2130 23 1522 50 34 24 298 47 24 40 39 24 214 24 737 30 20 20 33 22 186
leaf_count=372 20 20 38 60 24 24 20 980 21 2130 23 1522 50 34 24 298 47 24 40 39 24 214 24 737 30 20 20 33 22 186
internal_value=-0.000625001 1.48798e-05 0.00119208 0.00462567 0.00885542 0.00125 0.00636364 0.000549999 0.00388889 -0.000628165 0.00546512 -0.00119681 -0.000985834 -0.000740061 0.00534483 -0.0028481 0.000670102 -0.000860308 -0.000116774 0.0038785 0.0075 -0.000444105 -0.000655609 -0.000104564 0.00703704 0.00295454 -0.000490983 0.00190376 -0.00124506 0.000936072
internal_weight=7120 3360 1187 187 83 104 44 1000 45 2173 43 3760 3388 2993 58 395 97 2935 1413 107 68 1306 1266 1052 54 44 998 239 759 219
internal_count=7120 3360 1187 187 83 104 44 1000 45 2173 43 3760 3388 2993 58 395 97 2935 1413 107 68 1306 1266 1052 54 44 998 239 759 219
is_linear=0
shrinkage=0.05


Tree=36
num_leaves=31
num_cat=0
split_feature=20 26 4 30 17 11 30 26 23 16 34 15 39 42 23 36 30 7 36 2 9 21 13 28 13 38 2 32 7 20
split_gain=1.06447 1.00149 0.761018 0.653675 1.25072 1.29059 0.580747 1.18687 1.51553 0.898068 0.739661 0.731467 1.08 0.774118 0.771429 0.695973 1.10827 0.806666 1.01042 1.03052 0.813522 1.81409 1.30508 1.4854 1.57563 1.45066 1.06603 0.839566 0.81982 0.643588
threshold=105.74500000000263 109461.38933186802 2035.9202700000003 108958.49794343165 0.0034350916414705923 0.0041836425542931032 108424.4782873709 107569.07664740126 0.077455456691993607 0.0032152530775307799 104412.84763593467 0.0020982959570338354 357.13857142857216 -207.31126467693736 -0.10865066840461778 2026.0433779424277 103611.09588158033 0.011788253741670316 1777.1986631691545 92215.390000000014 -0.0043129661815403215 223.34500000000119 -0.021730005225571114 260.33658770421613 -0.0022133950789009469 42.132993936031504 79209.950000000012 887.65546108915453 0.0092502633507904417 339.65000000000151
decision_type=2 2 2 2 2 2 2 2 2 2 2 2 2 2 2 2 2 2 2 2 2 2 2 2 2 2 2 2 2 2
left_child=2 3 -1 6 -5 -6 7 10 9 -9 15 12 -12 -13 -14 16 17 18 20 -20 26 28 -23 24 25 -24 -2 -25 -22 -17
right_child=1 -3 -4 4 5 -7 -8 8 -10 -11 11 13 14 -15 -16 29 -18 -19 19 -21 21 22 23 27 -26 -27 -28 -29 -30 -31
leaf_value=-1.3379012962523431e-05 0.00026816103802783348 -6.5009004112069359e-06 5.3361209292672636e-05 -7.2313512641705138e-05 6.6948440860701281e-05 -9.5425873909202872e-05 -5.792145117134844e-05 6.0222218580031496e-05 -9.0092146903292008e-06 0.00011686366006346951 -3.2577363381787703e-05 2.5882568170477474e-05 1.7856536838002518e-05 -2.4546654334516727e-05 8.8337992915095743e-05 -2.1161637244943967e-05 0.00023266386114518406 -4.1111116361762809e-05 0.00016847776151165722 1.5661750061542845e-05 4.5795821092069754e-06 -6.5687384508175323e-05 8.6725130599723643e-05 -2.4701968768222075e-05 0.0003940254314105452 -1.302884048531345e-05 -1.153917429276353e-05 9.9711518905289364e-05 0.0002827501248487519 4.315168887791571e-05
leaf_weight=3547 30 1178 115 22 35 22 106 22 43 23 27 29 28 306 20 312 23 88 20 22 518 20 23 35 29 24 304 32 28 89
leaf_count=3547 30 1178 115 22 35 22 106 22 43 23 27 29 28 306 20 312 23 88 20 22 518 20 23 35 29 24 304 32 28 89
internal_value=-0.000582866 4.62683e-05 -0.00117695 0.000657894 0.00512658 0.00903509 0.0004975 0.00068019 0.00636364 0.0127778 0.00043099 -0.00146342 0.003 -0.00246269 0.0075 0.000917344 0.00152174 0.00130861 0.00168203 0.00928571 0.00137584 0.00233427 0.00696319 0.00863636 0.0134211 0.00776596 -0.000658684 0.00320895 0.00095238 -0.000885288
internal_weight=7120 3458 3662 2280 79 57 2201 2095 88 45 2007 410 75 335 48 1597 1196 1173 1085 42 1043 709 163 143 76 47 334 67 546 401
internal_count=7120 3458 3662 2280 79 57 2201 2095 88 45 2007 410 75 335 48 1597 1196 1173 1085 42 1043 709 163 143 76 47 334 67 546 401
is_linear=0
shrinkage=0.05


Tree=37
num_leaves=31
num_cat=0
split_feature=39 0 23 17 21 27 5 20 9 7 39 40 16 30 5 0 34 24 22 7 36 4 40 0 27 26 1 9 42 11
split_gain=0.961532 0.806438 0.683675 0.704082 0.779391 0.668046 0.900845 0.58109 1.27173 0.818482 0.734215 1.06229 0.721052 0.630755 0.571941 0.883474 1.41523 0.7643 1.04561 0.574473 0.540026 0.633856 0.92803 1.21212 0.533352 0.624875 0.988423 0.788119 0.740801 0.572441
threshold=285.04500000000036 110835.97000000002 3.3580760841912221 0.0055407260832028562 75.434999999997686 111079.9335 0.00085286133914020746 174.50499999999741 0.020653851171310581 0.0096740041994154129 1062.742142857142 571.30735687453137 0.0019307236317009074 83147.787954571671 0.0019449375569264525 82831.050000000017 83995.581192005557 482.69405440000008 506.51366075000004 0.00023048465683336489 906.66518659480801 375.04391500000003 -132.68035352526928 108377.68000000001 110971.66600000001 111944.28446021841 111747.11500000001 -0.00061244395791851291 44.761571262926559 0.023209118152894968
decision_type=2 2 2 2 2 2 2 2 2 2 2 2 2 2 2 2 2 2 2 2 2 2 2 2 2 2 2 2 2 2
left_child=-1 2 5 4 -4 7 -7 8 14 10 12 13 -9 -12 15 16 -2 18 20 -20 21 22 -17 -24 -3 26 -26 -28 -29 -27
right_child=1 24 3 -5 -6 6 -8 9 -10 -11 11 -13 -14 -15 -16 17 -18 -19 19 -21 -22 -23 23 -25 25 29 27 28 -30 -31
leaf_value=-3.6524615854442378e-05 -1.2374862380691753e-05 -5.5966894828979698e-05 -2.1607056761163124e-05 0.00098241720001272358 4.0252848156683904e-05 0.00010497715626652122 -4.6866683438188551e-06 4.5416696117334267e-05 0.0002066605400220645 -3.0365068742974408e-05 0.00025199723307504072 0.00014808264686173389 3.2083249096096497e-06 3.3754174276786676e-05 -2.2990919836218999e-05 -1.3165275811924806e-05 9.4175358306605576e-05 -7.8602001506282397e-06 3.9694965378519674e-05 0.00015637940303976544 -5.7567779840151554e-05 -6.9831757970692155e-05 4.9854090315369171e-05 -3.1852545427376183e-05 -1.8465725868681144e-05 -1.0806628249824218e-05 0.00027100735663966732 0.00016026447096132717 -3.236838150431568e-05 8.3637578523172739e-05
leaf_weight=512 47 113 26 24 35 22 37 20 21 145 23 20 1125 114 814 33 34 1756 25 27 50 54 33 22 85 1791 25 24 42 21
leaf_count=512 47 113 26 24 35 22 37 20 21 145 23 20 1125 114 814 33 34 1756 25 27 50 54 33 22 85 1791 25 24 42 21
internal_value=-0.000568821 -0.000407084 -2.99546e-05 0.00441176 0.00155738 -0.000115334 0.00516949 -0.000186799 -0.00059328 0.000632342 0.00102918 0.00423567 0.000589518 0.00266423 -0.000682212 -0.000242673 0.00487654 -0.000450001 0.00217213 0.00846154 0.000468749 0.00204225 0.00465909 0.00863636 -0.00121609 -0.00102616 0.00181818 0.00543956 0.00257576 -0.00130243
internal_weight=7120 6608 4507 85 61 4422 59 4363 2916 1447 1302 157 1145 137 2895 2081 81 2000 244 52 192 142 88 55 2101 1988 176 91 66 1812
internal_count=7120 6608 4507 85 61 4422 59 4363 2916 1447 1302 157 1145 137 2895 2081 81 2000 244 52 192 142 88 55 2101 1988 176 91 66 1812
is_linear=0
shrinkage=0.05


Tree=38
num_leaves=31
num_cat=0
split_feature=15 15 21 22 20 15 18 19 25 39 22 19 21 40 39 21 13 13 21 21 7 42 23 24 1 21 5 20 24 23
split_gain=1.0026 0.780191 1.12734 0.873072 0.823052 1.57747 0.809039 0.693247 0.619446 0.751954 1.84586 1.14707 1.13426 0.961019 0.900845 0.570229 0.826292 0.974436 0.559339 1.10133 1.23554 1.15256 1.56567 0.647463 0.667063 0.620279 0.639683 0.696114 1.20471 0.579359
threshold=0.0042091124286954265 0.0043720443107650277 107.66499999999361 959.63544450000006 226.98999999999072 0.0042754989441623767 687.72500000000593 787.58999999999662 -0.41786312727825298 607.80714285714259 802.36752899999988 1056.6500000000017 117.945000000007 343.16310208298825 482.80857142857042 1.0000000180025095e-35 0.0016069431782602505 0.0040015572118281724 81.565000000002343 62.134999999994768 6.3139026806688183e-05 157.86416438051896 -0.6660831138070219 962.93623486000013 104505.97000000002 114.27999999999885 0.0063554176511556705 12.459999999991853 1017.7727925300002 0.13159623200474449
decision_type=2 2 2 2 2 2 2 2 2 2 2 2 2 2 2 2 2 2 2 2 2 2 2 2 2 2 2 2 2 2
left_child=7 2 -2 -3 5 -4 18 15 -9 13 11 12 -11 -10 -15 16 -1 -18 19 21 -21 23 -23 24 -5 -20 27 28 -27 -29
right_child=1 3 4 6 -6 -7 -8 8 9 10 -12 -13 -14 14 -16 -17 17 -19 25 20 -22 22 -24 -25 -26 26 -28 29 -30 -31
leaf_value=-1.0378769418332066e-05 -3.4695259207331433e-05 -1.0138509006848772e-05 9.6730120579344487e-05 0.00014741471727768786 0.00014730847078669784 -5.9121024780588618e-05 -2.6333492925301288e-05 -9.1912205383460724e-05 -1.4007354609678994e-05 4.1043964107603498e-05 -1.3275860724314067e-06 1.7451662933304429e-05 0.00017556206205581013 0.00027308210000733885 -1.6122444107577484e-06 -1.3823198906216187e-05 0.00012371701161996464 2.9679833616921462e-05 -3.6416491117748823e-05 9.5653744669342236e-05 3.07469108946765e-05 8.8372081892461901e-05 -4.5553731248509055e-06 -2.7710657920678113e-05 -1.8847289359183577e-05 0.0002074346406193727 0.00026561020077789816 -4.2914952865041756e-06 9.7630530723524835e-08 6.071465892426725e-05
leaf_weight=88 63 807 27 24 21 29 170 45 245 24 160 31 30 22 37 4094 20 56 87 34 30 29 38 94 21 26 20 478 38 232
leaf_count=88 63 807 27 24 21 29 170 45 245 24 160 31 30 22 37 4094 20 56 87 34 30 29 38 94 21 26 20 478 38 232
internal_value=-0.000554776 0.00031305 0.00392857 7.51868e-05 0.00798701 0.00482143 0.000866766 -0.00096043 0.000639729 0.001102 0.00316326 0.00911765 0.0135185 -0.000559212 0.00516949 -0.00118366 0.00170732 0.00552631 0.00134231 0.00333333 0.0090625 0.0015534 0.0069403 -0.00104317 0.00388889 0.000732121 0.00117128 0.000943151 0.0059375 0.000492957
internal_weight=7120 2268 140 2128 77 56 1321 4852 594 549 245 85 54 304 59 4258 164 76 1151 270 64 206 67 139 45 881 794 774 64 710
internal_count=7120 2268 140 2128 77 56 1321 4852 594 549 245 85 54 304 59 4258 164 76 1151 270 64 206 67 139 45 881 794 774 64 710
is_linear=0
shrinkage=0.05


Tree=39
num_leaves=31
num_cat=0
split_feature=39 35 27 36 25 20 5 11 28 4 9 9 23 19 0 34 35 38 36 0 24 42 42 34 20 41 21 21 5 38
split_gain=0.935828 0.743246 1.61742 0.648867 0.843241 0.732537 0.807708 0.662466 0.645909 0.693617 1.18458 1.03078 0.728139 0.664716 0.624367 0.610503 0.960018 1.2544 0.800699 0.728139 0.688165 0.851331 1.11668 1.01879 0.762508 1.21405 0.606911 0.605133 0.790924 0.624383
threshold=285.04500000000036 112863.85855000002 118197.94125000002 2026.0433779424277 3.5035757285150551 108.97499999999856 0.008048150748392097 -0.010137280697651735 285.8271743205915 452.17493500000006 -0.0017373623044857611 0.0046303199077176354 -0.61889874302019543 945.86499999999808 105723.70500000002 104614.02979486373 103504.28772500002 65.276328153512296 1777.1986631691545 92357.785000000018 1574.2963025500005 361.70747276313153 169.40154590824423 90327.592414217259 123.47500000000583 101.49029021156223 108.81999999999972 0.01000000000203727 0.0029656989556631698 73.06275946879704
decision_type=2 2 2 2 2 2 2 2 2 2 2 2 2 2 2 2 2 2 2 2 2 2 2 2 2 2 2 2 2 2
left_child=-1 2 3 4 5 7 15 -2 -9 10 -10 -12 -13 -11 -6 16 18 -18 20 -20 24 22 -22 -24 25 -7 -17 28 -5 -29
right_child=1 -3 -4 27 14 6 -8 8 9 13 11 12 -14 -15 -16 26 17 -19 19 -21 21 -23 23 -25 -26 -27 -28 29 -30 -31
leaf_value=-3.4007225116409442e-05 1.1185831773481867e-05 -9.1285415295632042e-06 0.00010651401483194618 7.9292135398399157e-05 5.5995480919435997e-05 8.2454314245483432e-06 -1.4853142062765546e-05 -1.557544430338026e-05 4.5832149980215412e-05 -2.4774286379028121e-05 -1.4661250656089405e-05 0.00010823052518220821 0.0001241451006156333 0.00017528776624228115 0.00010441183120543333 -1.5766218803032751e-05 0.00031874032147442816 -3.7988785565164164e-05 0.00015481041324251393 1.5962832511307928e-05 5.4573911009124252e-05 -8.1721048138993577e-05 0.00038923170640373463 5.7592633289577829e-05 -2.2447785646279439e-06 8.1487304722483507e-05 1.1004840628513881e-05 -2.8313538492722206e-05 -7.6597525018509559e-06 5.5534023239140478e-06
leaf_weight=512 226 1659 26 32 42 52 90 1155 25 246 124 20 22 33 23 356 38 25 20 22 178 28 30 25 632 23 322 821 33 280
leaf_count=512 226 1659 26 32 42 52 90 1155 25 246 124 20 22 33 23 356 38 25 20 22 178 28 30 25 632 23 322 821 33 280
internal_value=-0.000596911 -0.00043735 -0.000130331 -0.00019602 0.000123768 2.43758e-05 0.00073058 -0.000678013 -0.00103077 0.000531914 0.0028534 0.0013253 0.00809524 -0.00105735 0.00576923 0.000968017 0.00171016 0.00769841 0.00133663 0.00809524 0.00104339 0.00323755 0.00422747 0.0104545 0.000233379 0.005 -0.000206491 -0.00122642 0.00346154 -0.00150318
internal_weight=7120 6608 4949 4923 3757 3692 1841 1851 1625 470 191 166 42 279 65 1751 1073 63 1010 42 968 261 233 55 707 75 678 1166 65 1101
internal_count=7120 6608 4949 4923 3757 3692 1841 1851 1625 470 191 166 42 279 65 1751 1073 63 1010 42 968 261 233 55 707 75 678 1166 65 1101
is_linear=0
shrinkage=0.05


Tree=40
num_leaves=31
num_cat=0
split_feature=4 9 34 35 9 20 20 23 5 9 39 7 17 17 5 22 22 19 5 5 7 7 36 20 28 21 25 13 9 15
split_gain=0.843589 0.646309 0.549249 0.796509 1.57545 0.673182 0.554087 0.864286 0.581349 0.73676 0.952778 0.915414 0.786776 1.7639 1.41626 1.69326 0.838821 1.15496 0.575779 0.559849 0.529351 0.521964 0.487874 0.609978 0.768627 0.787343 2.27594 0.993164 0.922143 1.36758
threshold=171.18566500000003 -0.0019206006133534071 104614.02979486373 104070.46195000003 0.0015681498873029178 147.42500000000294 684.79500000000564 1.3547021841432183 -0.0027395916360511579 0.0012045334802205435 1457.2046428571441 0.00068031846465551617 0.0048204378001157752 0.0042113672184105758 -0.0082982647967046168 798.64874150000014 1426.4674015000003 871.08000000000186 -0.0032353310966464258 -0.0021022142088888058 -0.0019169680347200257 0.013356605380461467 2026.0433779424277 110.07499999998983 -846.03384537351656 228.83499999999916 -0.6112758105302184 0.015652266946251832 0.006613654197234778 0.0054793007587702917
decision_type=2 2 2 2 2 2 2 2 2 2 2 2 2 2 2 2 2 2 2 2 2 2 2 2 2 2 2 2 2 2
left_child=1 -1 3 6 5 -5 8 -8 9 10 11 12 13 20 -15 -16 -14 -18 -11 -10 -2 -4 23 -21 -25 27 -27 28 -26 -30
right_child=2 -3 21 4 -6 -7 7 -9 19 18 -12 -13 16 14 15 -17 17 -19 -20 22 -22 -23 -24 24 25 26 -28 -29 29 -31
leaf_value=1.4195195647481508e-05 -1.007513808196231e-05 -4.7097245288785777e-05 -7.2819060437973431e-06 0.00012200355212610977 -2.3243183842876602e-05 0.00016727858223106765 0.0002005145498156457 -2.5849350966081707e-05 -5.0684596378949159e-05 -4.9551329033609509e-05 0.00022643302481493792 0.00014189660945310568 -4.9938129662609746e-05 -5.2444217790619584e-06 4.6314406431006462e-05 0.00012648110506968544 0.00010206895408298019 -5.4255429747170821e-05 6.7644877678704757e-05 -1.0857570117027236e-05 7.3219264951739589e-05 2.7466477672663384e-05 -2.0376803484928516e-05 -3.3669930318794988e-05 1.0175710450824096e-05 9.6934758279935333e-05 5.7256938330449197e-05 -5.3213140764342741e-05 0.00024270034874714939 -3.9310004255753114e-05
leaf_weight=37 121 279 3783 29 64 22 28 35 144 86 24 21 148 23 22 27 38 60 20 679 20 41 553 136 344 29 136 106 38 27
leaf_count=37 121 279 3783 29 64 22 28 35 144 86 24 21 148 23 22 27 38 60 20 679 20 41 553 136 344 29 136 106 38 27
internal_value=-0.000575844 -0.00310127 -0.000458555 5.03344e-05 0.00413043 0.0106863 -0.000113439 0.00452381 -0.000217703 0.00114754 0.00194444 0.00145833 0.000991284 0.00321596 0.00958333 0.0143878 -0.000934961 0.00265306 -0.00264151 -0.000597629 -3.54622e-05 -0.000855127 -0.000385743 8.36108e-05 0.0010049 0.00169118 0.00469697 0.000728154 0.00184596 0.00730769
internal_weight=7120 316 6804 2980 115 51 2865 63 2802 610 504 480 459 213 72 49 246 98 106 2192 141 3824 2048 1495 816 680 165 515 409 65
internal_count=7120 316 6804 2980 115 51 2865 63 2802 610 504 480 459 213 72 49 246 98 106 2192 141 3824 2048 1495 816 680 165 515 409 65
is_linear=0
shrinkage=0.05


Tree=41
num_leaves=31
num_cat=0
split_feature=20 7 7 21 35 18 7 4 7 2 20 42 15 16 5 11 38 38 16 11 18 0 22 15 0 36 40 9 38 7
split_gain=0.875208 0.643055 1.03793 0.771092 0.929349 0.781987 0.909347 1.4077 0.765105 0.752816 0.620542 1.11801 0.703807 0.773359 0.729167 0.629977 0.984432 0.930349 1.1624 1.61731 0.964472 1.21805 0.818501 1.13019 1.24203 2.03368 1.01551 0.759863 1.23223 0.701146
threshold=105.74500000000263 0.0018980888552470635 0.0017592143904461984 91.090000000003798 89759.867025000029 319.24999999999278 0.0074668408821002763 1309.7391750000004 0.0054313761609782428 79209.950000000012 115.02499999999419 89.335371281548461 0.0023062963402316317 0.0032479405002727299 -0.0010549575464067218 -0.0082766581542701601 53.687598178017126 50.866289353557306 0.0034263509833208131 0.00095797607425228426 -555.56500000000221 105723.70500000002 430.79189125000005 0.0022458404458779685 108265.64500000002 754.89153937142703 436.81172665327909 0.0056686174798945945 69.834338375149827 -0.0017153479842394548
decision_type=2 2 2 2 2 2 2 2 2 2 2 2 2 2 2 2 2 2 2 2 2 2 2 2 2 2 2 2 2 2
left_child=-1 2 9 4 -3 -5 7 8 -7 -2 11 12 -11 -14 -15 -12 17 20 19 -19 21 -17 -22 24 25 -24 29 -18 -29 -25
right_child=1 3 -4 5 -6 6 -8 -9 -10 10 15 -13 13 14 -16 16 27 18 -20 -21 22 -23 23 26 -26 -27 -28 28 -30 -31
leaf_value=-9.4559157423095339e-06 0.00024690492655436458 3.532198939424444e-05 0.00010685776550631832 -8.5524625861638326e-06 -3.0031962032125306e-05 -6.120770520665567e-05 -1.9137962849518641e-05 0.00022433388413792347 0.00038594193187204871 -3.0856863216005163e-05 -1.2475904919511633e-05 9.0009419692868727e-05 2.2278100467043578e-05 -4.4702487170970699e-05 0.00010074064177166411 -2.0619450566766772e-05 -1.0687690003726886e-05 4.2452138628476916e-05 6.4479222468200511e-07 0.00030015504208009606 -5.0693451998145439e-05 0.00017522951523872915 0.00024236488784204905 1.5801583611061523e-05 2.6308946841112987e-06 3.8424017996867787e-05 9.3078772569431327e-05 8.3232861182957755e-05 -2.6486867252153613e-05 -1.8381456693482482e-05
leaf_weight=3662 36 150 36 481 398 40 109 37 21 41 495 21 33 28 20 22 620 32 46 20 103 24 21 213 74 22 33 30 35 217
leaf_count=3662 36 150 36 481 398 40 109 37 21 41 495 21 33 28 20 22 620 32 46 20 103 24 21 213 74 22 33 30 35 217
internal_value=-0.000610956 -4.0487e-05 0.000468046 -0.000954694 -0.00235402 0.000159883 0.00272947 0.00622449 0.00155738 0.000329368 0.000209301 0.00339161 0.00155738 0.00425926 0.000208332 -1.74402e-05 0.000489417 0.00165054 0.00622449 0.0113462 0.00103566 0.00804348 0.000563688 0.0012931 0.00568376 0.0124419 0.000183584 -0.00091241 0.00423077 -0.000465117
internal_weight=7120 3458 2222 1236 548 688 207 98 61 2186 2150 143 122 81 48 2007 1512 827 98 52 729 46 683 580 117 43 463 685 65 430
internal_count=7120 3458 2222 1236 548 688 207 98 61 2186 2150 143 122 81 48 2007 1512 827 98 52 729 46 683 580 117 43 463 685 65 430
is_linear=0
shrinkage=0.05


Tree=42
num_leaves=31
num_cat=0
split_feature=39 11 20 26 23 35 35 26 5 38 30 17 13 17 3 38 9 40 42 2 17 24 32 21 0 39 15 21 16 2
split_gain=0.77199 0.723949 0.678788 0.60602 0.957375 0.543532 1.01061 0.614031 1.55683 0.610212 0.595799 0.604064 1.01588 0.79151 0.79721 0.578143 0.920883 1.16655 1.0828 0.643596 0.786725 1.52979 1.03214 0.575795 0.670364 0.465349 1.46839 0.750669 0.659566 1.57297
threshold=261.05714285714259 0.0042785200847937346 51.23999999999797 90795.166397226494 3.3580760841912221 84597.580725000022 84688.592550000016 82266.691467526791 -0.00082672461166439159 22.682055161484133 90738.163469622392 0.0039828673763912205 -0.010751275891340874 0.0044904334718710382 86801.055000000008 64.846918932522186 0.0044060776112954357 683.66839754896512 125.36119953861019 84117.605000000025 0.0046713777611314565 728.94470660000013 -242.56667742176066 128.76499999999945 79766.480000000025 950.7774999999998 0.0064357909158987781 190.34999999999857 0.0041122174153214166 86611.885000000009
decision_type=2 2 2 2 2 2 2 2 2 2 2 2 2 2 2 2 2 2 2 2 2 2 2 2 2 2 2 2 2 2
left_child=1 -1 -3 4 5 15 -7 8 -8 -9 11 12 -11 14 -13 19 17 18 -17 20 21 -2 -23 24 -22 28 27 -27 29 -15
right_child=3 2 -4 -5 -6 6 7 9 -10 10 -12 13 -14 25 -16 16 -18 -19 -20 -21 23 22 -24 -25 -26 26 -28 -29 -30 -31
leaf_value=-4.6046377877376307e-05 -2.6559139440290085e-05 4.6676008749817601e-05 -3.4180120586282978e-05 -5.3397008266210447e-06 0.00042500391952049466 0.00011298699342213696 0.00024007382066223968 -3.1279454363448995e-05 -7.1953713325261849e-06 2.5051330996597831e-05 0.00011608510053888739 7.2873620486855993e-05 -2.2933535802813984e-05 -2.7269428536551946e-05 3.6554730853365339e-06 1.2619825983347436e-05 -3.2332868248124447e-05 -8.1711193426245768e-05 0.00021988186403231597 -5.3646824446304847e-05 0.00030015638351499943 1.0127135855237421e-05 6.3461827074847487e-05 -4.0746277281240143e-05 -2.5640435494332645e-05 0.00011663366436723152 -6.1895185409483134e-07 0.00014520913738259473 -1.7079675005020005e-05 0.00015325717131929326
leaf_weight=330 46 20 22 5063 38 21 29 84 40 25 27 33 141 59 52 35 65 20 22 126 24 36 20 111 83 26 174 20 285 43
leaf_count=330 46 20 22 5063 38 21 29 84 40 25 27 33 141 59 52 35 65 20 22 126 24 36 20 111 83 26 174 20 285 43
internal_value=-0.000632024 -0.00284946 0.00333333 -0.000509782 0.000311572 0.000130539 0.000807364 0.000587667 0.00514493 0.000263157 0.000649716 0.000419579 -0.00228916 0.00106936 0.00558823 -0.00108844 0.00169014 0.00538961 0.00903509 -0.0019731 -0.000781251 0.00284314 0.00839286 -0.00247707 0.000140186 0.000436572 0.00227273 0.0102174 -0.000607236 0.00284314
internal_weight=7120 372 42 6748 1685 1647 1059 1038 69 969 885 858 166 692 85 588 142 77 57 446 320 102 56 218 107 607 220 46 387 102
internal_count=7120 372 42 6748 1685 1647 1059 1038 69 969 885 858 166 692 85 588 142 77 57 446 320 102 56 218 107 607 220 46 387 102
is_linear=0
shrinkage=0.05


Tree=43
num_leaves=31
num_cat=0
split_feature=39 35 27 36 20 21 5 20 40 24 22 19 23 32 7 21 25 19 23 31 36 31 5 38 34 9 7 38 20 38
split_gain=0.862823 0.560475 1.17114 0.643517 0.881861 0.777018 0.913135 0.748147 1.05789 0.723933 1.00437 0.935699 0.900097 0.832798 0.764433 1.03926 0.664233 0.875837 0.640244 0.58858 0.618755 1.56379 1.25448 0.558144 0.769575 0.954449 0.579638 0.674906 1.34622 0.51591
threshold=272.17428571428542 112863.85855000002 118197.94125000002 2026.0433779424277 108.97499999999856 0.01000000000203727 0.0029656989556631698 123.47500000000583 300.34604043803853 576.8094275000002 840.79672725 258.10500000000326 2.2459321021049452 -1312.0096767039356 0.004064649583330855 105.86499999999798 -0.6148168379772202 817.0749999999972 0.11926853433602595 112308.57190000002 1629.4524470588515 87293.68250000001 -0.0011092475253265961 73.06275946879704 88143.424978266718 0.0048431320981489152 -0.00014324831982990749 57.584410067059814 264.45999999999918 68.444556065944923
decision_type=2 2 2 2 2 2 2 2 2 2 2 2 2 2 2 2 2 2 2 2 2 2 2 2 2 2 2 2 2 2
left_child=-1 2 3 4 9 6 -5 8 16 13 -11 -12 29 -2 -15 18 -6 -18 -16 20 -9 -22 -23 26 25 -25 27 28 -7 -13
right_child=1 -3 -4 5 7 23 -8 19 -10 10 11 12 -14 14 15 -17 17 -19 -20 -21 21 22 -24 24 -26 -27 -28 -29 -30 -31
leaf_value=-3.6099941392111143e-05 4.9099838418849462e-05 -8.345077478349129e-06 9.6478246584703604e-05 7.1498481000581229e-05 5.099880272871518e-05 -6.0868291867407641e-07 -7.8810922946305356e-06 1.0305441997859545e-06 7.6613689056258158e-05 -2.2963836535725188e-05 6.4160333981504151e-05 -9.5369169733011492e-07 0.00026730757086282738 -4.9892587880533095e-06 0.0001902691124506965 0.0002407993883367403 -1.7388560040779387e-05 0.00010420844919582773 -1.4867788858070368e-05 5.8775113103011098e-06 9.9969537315014047e-05 0.00018277694163999368 -3.0717031710595607e-05 0.00012230698885740127 -6.2546889209993397e-06 -9.1883679215866521e-05 -4.78194698134779e-05 -3.9194624833778255e-05 4.8187232683863921e-05 -6.1429441147169221e-05
leaf_weight=428 28 1682 26 34 39 205 33 1584 28 750 34 518 25 428 20 20 79 27 21 22 25 21 72 35 217 29 469 136 23 62
leaf_count=428 28 1682 26 34 39 205 33 1584 28 750 34 518 25 428 20 20 79 27 21 22 25 21 72 35 217 29 469 136 23 62
internal_value=-0.000603934 -0.000464735 -0.000199602 -0.000254817 6.17921e-05 -0.00127434 0.00395522 0.000824986 0.00395954 -0.000697798 -0.0012923 0.000164318 -0.000289257 0.000899419 0.000419222 0.00565574 0.00224138 0.000188678 0.00109756 0.00051044 0.000405404 0.0038983 0.000913977 -0.00158887 0.000338077 0.00515625 -0.0022389 -0.000741759 0.000921051 -0.000689656
internal_weight=7120 6692 5010 4984 3803 1181 67 1897 173 1906 1389 639 605 517 489 61 145 106 41 1724 1702 118 93 1114 281 64 833 364 228 580
internal_count=7120 6692 5010 4984 3803 1181 67 1897 173 1906 1389 639 605 517 489 61 145 106 41 1724 1702 118 93 1114 281 64 833 364 228 580
is_linear=0
shrinkage=0.05


Tree=44
num_leaves=31
num_cat=0
split_feature=19 32 21 25 20 40 11 26 1 5 28 25 4 0 40 7 39 15 41 25 28 41 20 19 20 22 5 38 4 40
split_gain=0.755227 1.03258 0.814086 1.05699 1.71204 0.759049 0.59922 0.588656 0.774368 0.873513 1.57356 0.687928 1.12247 1.37143 0.924823 0.744761 0.67566 0.670548 0.799165 1.44664 0.698571 0.885457 1.33692 0.942604 1.19688 1.12239 1.33564 1.99267 1.26115 0.98009
threshold=455.43999999999511 2746.0950170410001 1.0000000180025095e-35 -0.71882539102446275 67.540000000000887 754.81250458477018 0.0029205085618705202 90795.166397226494 88483.570000000022 -0.0013564900187502313 -200.63521826834037 -0.65459713168181921 340.90910500000007 109081.32000000002 -680.12728425217199 0.0029803388635044332 671.89785714285779 0.0056191466466019207 -648.760147392568 0.51853332868617286 -1196.4708877850715 74.031947500277951 264.45999999999918 498.38499999999482 147.42500000000294 585.60458425000013 -0.0031566657385237854 32.43562768334511 584.60623500000008 -52.037004957390302
decision_type=2 2 2 2 2 2 2 2 2 2 2 2 2 2 2 2 2 2 2 2 2 2 2 2 2 2 2 2 2 2
left_child=1 2 3 4 -1 7 -5 8 -2 -10 -11 14 13 -13 -9 17 -12 18 19 -14 -20 23 -23 24 -22 -25 27 -27 -28 -29
right_child=5 -3 -4 6 -6 -7 -8 11 9 10 16 12 15 -15 -16 -17 -18 -19 20 -21 21 22 -24 25 -26 26 28 29 -30 -31
leaf_value=5.4109118895900605e-07 1.6002708261741195e-06 0.00017844678327528314 -1.4586686134169394e-05 -6.094494001391937e-05 2.4097849329547383e-05 -1.829483705662787e-05 2.0656061094150921e-05 1.3342487491026264e-05 -8.6605870350192201e-05 0.00015398674813063218 0.0002993528911770432 7.2208504449041794e-05 8.1690952208518546e-06 -1.6314401096742802e-06 -3.1340769195253737e-05 -2.0361754823498008e-05 1.4143092886254408e-05 -5.4029544512034512e-06 -1.5609695808625167e-05 0.00015880507602815874 7.3455668579000174e-06 -1.9937126949064524e-05 3.6172496422785751e-05 -9.0484928636384213e-06 0.00018703936233976741 0.00012193898563282503 0.00010248480903335258 2.4161428960807292e-06 -2.9858569374018731e-06 5.6118543822324487e-05
leaf_weight=30 884 31 3104 43 24 278 26 27 47 20 22 20 41 28 254 690 40 305 147 20 28 367 129 187 22 20 43 52 162 29
leaf_count=30 884 31 3104 43 24 278 26 27 47 20 22 20 41 28 254 690 40 305 147 20 28 367 129 187 22 20 43 52 162 29
internal_value=-0.000617979 -0.00117864 -0.00126588 0.00272358 0.00796296 -0.000145004 -0.00137681 5.0222e-05 0.00107107 0.00468992 0.00780488 -0.000352004 -6.55034e-05 0.0075 -0.00268683 -0.000227477 0.00387097 0.000380153 0.000894145 0.00647541 0.000607081 0.00106352 -0.000463711 0.00245856 0.009 0.00179513 0.00366013 0.00836634 0.00134146 0.00487654
internal_weight=7120 3258 3227 123 54 3862 69 3584 1013 129 82 2571 2290 48 281 2242 62 1552 1247 61 1186 1039 496 543 50 493 306 101 205 81
internal_count=7120 3258 3227 123 54 3862 69 3584 1013 129 82 2571 2290 48 281 2242 62 1552 1247 61 1186 1039 496 543 50 493 306 101 205 81
is_linear=0
shrinkage=0.05


Tree=45
num_leaves=31
num_cat=0
split_feature=39 35 27 36 25 18 21 0 22 15 13 28 41 36 40 38 40 11 13 24 19 9 36 11 17 22 40 7 9 23
split_gain=0.743799 0.539158 0.788207 0.667473 0.646389 0.72529 0.627477 0.869012 0.564751 0.686887 1.05431 1.50126 1.225 0.862476 0.998085 0.76014 1.35408 0.805472 1.02797 0.831758 0.935928 1.5924 1.34127 1.45541 0.680966 0.667589 0.734249 1.12882 0.652324 1.42673
threshold=285.04500000000036 112863.85855000002 118197.94125000002 2026.0433779424277 3.5035757285150551 -381.13999999999936 0.01000000000203727 107587.36500000001 743.89507225 0.0064357909158987781 0.018321508941927463 987.10470935094793 307.04417316589257 -5346.5571537636197 -777.21950540775276 26.60497550749503 -759.74061004880048 -0.014245418487968215 -0.01748967189926336 601.60889470000018 307.16000000000355 0.00025482170306368888 -1464.4380026160286 0.0031283583366271566 0.0054345974067712627 697.80422725000017 -420.69627223005222 -0.00047811407325719667 -0.0023118853984901576 -0.76889629613286636
decision_type=2 2 2 2 2 2 2 2 2 2 2 2 2 2 2 2 2 2 2 2 2 2 2 2 2 2 2 2 2 2
left_child=-1 2 3 4 8 -6 7 -5 25 10 11 13 -13 14 -10 -15 -17 18 -18 -19 21 -21 -23 -24 -11 26 27 -2 29 -28
right_child=1 -3 -4 6 5 -7 -8 -9 9 24 -12 12 -14 15 -16 16 17 19 -20 20 -22 22 23 -25 -26 -27 28 -29 -30 -31
leaf_value=-2.9773388655406541e-05 -4.4523064166120449e-06 -7.4248412501398697e-06 9.2528045107299656e-05 -1.5049942508820475e-05 3.0877140907515571e-05 8.1313907569644883e-05 -1.5952567188362323e-05 5.0538784892962883e-05 -2.9209597494765433e-06 -2.3247337039324282e-05 -6.8784897334104399e-05 0.00012205553442318456 2.7352447759568631e-05 -1.6767766125709782e-05 8.5829383958894079e-05 0.00010509428464310782 0.00014033880734133395 0.00010724139916344343 -1.754068312655773e-05 -2.2505059973802599e-05 -6.903687395014472e-07 -6.7212869448186318e-05 0.00013106501407011278 7.7827120535255471e-06 1.6634160346069967e-06 -3.4627017913503701e-05 5.5527085330281217e-05 5.5782537880051807e-05 -1.0064082050830618e-05 -1.1353627376630748e-06
leaf_weight=512 42 1659 26 34 37 28 1101 31 31 197 152 20 20 126 42 25 26 23 22 49 704 21 20 22 474 161 45 39 1053 378
leaf_count=512 42 1659 26 34 37 28 1101 31 31 197 152 20 20 126 42 25 26 23 22 49 704 21 20 22 474 161 45 39 1053 378
internal_value=-0.000625001 -0.000482749 -0.000221258 -0.000267115 5.72253e-05 0.005 -0.00131218 0.00346154 -2.97953e-05 0.000547111 0.00121642 0.00173327 0.01125 0.00139064 0.00664383 0.00102119 0.00152412 0.00120068 0.0075 0.000840285 0.000575979 0.00482143 0.0100794 0.0152381 -0.000752609 -0.000692667 -0.000375724 0.00425926 -0.000630082 0.00102837
internal_weight=7120 6608 4949 4923 3757 65 1166 65 3692 1974 1303 1151 40 1111 73 1038 912 887 48 839 816 112 63 42 671 1718 1557 81 1476 423
internal_count=7120 6608 4949 4923 3757 65 1166 65 3692 1974 1303 1151 40 1111 73 1038 912 887 48 839 816 112 63 42 671 1718 1557 81 1476 423
is_linear=0
shrinkage=0.05


Tree=46
num_leaves=31
num_cat=0
split_feature=20 27 16 28 22 36 32 7 21 32 40 0 16 23 24 15 23 21 5 7 7 27 42 11 13 13 20 25 32 5
split_gain=0.756799 0.64262 1.98872 0.554614 0.810092 0.704175 1.18554 0.612874 0.864268 0.573217 1.05143 0.886462 1.02083 0.639917 0.551727 0.713124 0.768672 1.06667 1.00119 0.58909 1.09991 0.590791 0.595576 1.43756 1.10568 1.32463 0.997077 0.968073 0.865198 1.45235
threshold=106.81999999999972 82687.094750000004 0.0054148422979518928 285.8271743205915 275.15375825000007 3269.7127840221515 545.91140902433119 -0.012343699381377389 301.58999999999656 1057.261218972759 399.84017544733803 118127.02000000002 0.0033662717402804716 2.1705631252787714 2137.9324671000004 0.011140067683183546 0.42369900435297531 108.81999999999972 0.00040929668097432496 0.0018980888552470635 0.0017592143904461984 81553.052250000022 190.43203918534201 0.0021598284159805182 0.0071657536881659725 0.0064754104452151131 140.08000000000177 1.0293445337871707 -10.020261031626431 0.0024298998282183126
decision_type=2 2 2 2 2 2 2 2 2 2 2 2 2 2 2 2 2 2 2 2 2 2 2 2 2 2 2 2 2 2
left_child=1 2 -1 5 -5 7 -7 8 -3 10 11 -6 -13 -11 19 16 17 -16 -19 20 21 -2 24 -24 25 28 -25 -26 -23 -30
right_child=14 3 -4 4 9 6 -8 -9 -10 13 -12 12 -14 -15 15 -17 -18 18 -20 -21 -22 22 23 26 27 -27 -28 -29 29 -31
leaf_value=7.0619310362702168e-05 0.00020105712718306693 -8.9769467775546661e-06 -1.9897370316742067e-05 6.0152245078504565e-05 -3.9985025086332479e-06 4.5440577338314931e-05 -1.7233405642573157e-05 -1.6154581878560568e-05 0.0001549131871013768 -3.2075487813997171e-05 4.723721298186713e-05 -1.0185015040985389e-05 8.5559396235644758e-05 0.00017938997133169039 0.00030132664133740265 -0.00010117956446720926 -4.9369540904600733e-05 -3.4765615793637297e-05 0.00015609191985783391 -1.0293809602865174e-05 9.9947222268024702e-05 -4.3565593754377183e-06 7.6985960843211211e-05 7.0835432962170492e-05 -3.6490502728434197e-05 8.2754330270833727e-05 -2.0080675817188518e-05 3.4323337863799258e-05 1.1400972014314631e-05 9.7592486195510986e-05
leaf_weight=25 23 48 70 32 420 33 78 2297 33 548 36 24 24 21 20 43 31 32 28 1152 36 1072 27 24 289 28 83 27 488 28
leaf_count=25 23 48 70 32 420 33 78 2297 33 548 36 24 24 21 20 43 31 32 28 1152 36 1072 27 24 289 28 83 27 488 28
internal_value=-0.000667136 -0.00116427 0.00289474 -0.00127156 -0.000339368 -0.00168542 0.00220721 -0.00186712 0.00240741 -0.000573161 0.000654761 2.13663e-05 0.00645833 -0.00166081 -0.000132616 0.00279221 0.00490991 0.0075 0.00416667 -0.000270065 0.000223528 7.4197e-05 -1.4522e-05 0.00320895 -0.000238096 0.00029084 0.000607475 -0.00294304 0.000100754 0.00178294
internal_weight=7120 3689 95 3594 1105 2489 111 2378 81 1073 504 468 48 569 3431 154 111 80 60 3277 2125 2089 2066 134 1932 1616 107 316 1588 516
internal_count=7120 3689 95 3594 1105 2489 111 2378 81 1073 504 468 48 569 3431 154 111 80 60 3277 2125 2089 2066 134 1932 1616 107 316 1588 516
is_linear=0
shrinkage=0.05


Tree=47
num_leaves=31
num_cat=0
split_feature=20 15 36 20 20 11 11 42 38 11 36 23 4 21 7 9 38 22 21 13 21 23 36 3 20 20 20 25 21 36
split_gain=0.800165 0.662208 0.59508 0.818861 0.831186 0.791598 0.77052 1.01074 1.08593 2.00305 0.969163 0.989412 1.6865 0.850439 1.19215 0.902127 0.834364 1.58169 0.979075 1.35498 0.800086 0.889539 0.790748 1.21873 1.33815 0.679042 0.662063 0.66 0.78652 0.639914
threshold=106.81999999999972 0.0016071766033050384 2026.0433779424277 313.11000000000064 376.3499999999986 -0.0084898350992668268 -0.0013112652702440847 177.3035325890832 53.687598178017126 -0.0016664725612658352 631.11246942599985 -0.50783513082500986 1011.2335100000001 110.76499999999943 -0.0036458383766517382 -0.0027781145681802497 32.671413590005059 1057.5452237750001 128.76499999999945 0.0082667156083779756 171.66499999999363 -0.85242675070093399 -1464.4380026160286 84267.310000000012 123.47500000000583 334.01999999999686 112.96499999999652 1.9620011231584555 18.579999999994474 -417.63763590146112
decision_type=2 2 2 2 2 2 2 2 2 2 2 2 2 2 2 2 2 2 2 2 2 2 2 2 2 2 2 2 2 2
left_child=-1 -2 5 26 25 -3 7 8 9 10 -7 -12 -13 14 15 -8 17 -15 19 -18 -20 -22 -23 -24 -25 -5 -4 -16 -29 -26
right_child=1 2 3 4 -6 6 13 -9 -10 -11 11 12 -14 16 27 -17 18 -19 20 -21 21 22 23 24 29 -27 -28 28 -30 -31
leaf_value=-8.1882823345193503e-06 -3.9034916739620115e-05 -8.3255332803895172e-06 3.877460616512333e-05 2.7568406465936826e-07 -5.4815177979947454e-06 2.4018970324357574e-06 2.7480317711590382e-05 8.0289891981767897e-05 -3.3440254035799407e-05 0.00013210821670869602 4.7081869046595149e-05 -5.760890746476221e-05 4.4004026470414071e-05 -4.1358541447522627e-05 -1.4122986361157864e-05 6.9812858270726735e-05 0.00014195502914351798 0.00034112859680259297 -2.4036020867605507e-05 -1.4060966023004554e-05 9.780503502683529e-05 -1.9366727749311131e-05 5.1527058019983237e-05 7.751216699698792e-05 0.0002458855657430165 8.4269434172948979e-05 -2.5629031590671873e-05 -7.8007588620787881e-05 0.00017251997445440754 -3.2967523290097592e-05
leaf_weight=3689 180 578 22 27 126 362 40 31 127 29 32 44 24 24 573 21 31 22 118 32 36 143 25 23 26 34 537 21 22 121
leaf_count=3689 180 578 22 27 126 362 40 31 127 29 32 44 24 24 573 21 31 22 118 32 36 143 25 23 26 34 537 21 22 121
internal_value=-0.000653091 -0.00010347 5.99804e-05 -0.00117963 0.00168449 0.000429141 0.00091593 0.00231895 0.00187702 0.00294297 0.00214286 0.0065 0.00308823 0.000203442 -0.00101182 0.00565574 0.00157238 0.00804348 0.00103603 0.00690476 0.000284552 0.00141711 0.000621301 0.00269231 0.00117647 0.00647541 -0.00213775 -0.00167208 0.00430232 -0.000578232
internal_weight=7120 3431 3251 746 187 2505 1927 649 618 491 462 100 68 1278 677 61 601 46 555 63 492 374 338 195 170 61 559 616 43 147
internal_count=7120 3431 3251 746 187 2505 1927 649 618 491 462 100 68 1278 677 61 601 46 555 63 492 374 338 195 170 61 559 616 43 147
is_linear=0
shrinkage=0.05


Tree=48
num_leaves=31
num_cat=0
split_feature=21 35 5 40 38 15 35 38 31 0 20 19 17 11 36 23 25 16 15 11 15 23 15 21 25 20 0 42 15 40
split_gain=0.589454 0.718625 0.717831 0.932985 0.913855 0.904837 0.855328 1.2536 0.713321 1.91455 0.569307 0.503234 0.48466 0.481928 0.952747 0.480801 0.503829 1.05861 0.752115 0.573192 1.12201 0.471342 0.413196 0.365574 1.31393 1.72706 0.454742 0.819398 0.361976 0.817183
threshold=379.40000000000151 115985.49650000002 -0.00072221369336134802 489.43175692336814 63.26716550423388 0.0022458404458779685 88397.584325000018 45.368293639355862 108921.56490000001 110835.97000000002 410.27000000000413 611.55999999999779 0.0033513554039610927 -0.023343861227418095 -5023.8415982472643 -0.36068682816958991 0.71357789914249314 0.0036449370332893604 0.0092762273535687712 0.0014686247820131907 0.0048347271287851228 1.4966568643086477 0.00089893999329475219 1.0000000180025095e-35 -0.70847277080222282 67.540000000000887 111649.11000000002 -14.797354302107037 0.0034231150512167873 -705.7225983799143
decision_type=2 2 2 2 2 2 2 2 2 2 2 2 2 2 2 2 2 2 2 2 2 2 2 2 2 2 2 2 2 2
left_child=10 2 3 4 8 -4 7 -7 13 -10 22 -12 -3 -2 -15 -13 17 -17 -18 -19 -21 -16 -1 24 25 -24 -26 -28 29 -25
right_child=1 12 5 -5 -6 6 -8 -9 9 -11 11 15 -14 14 21 16 18 19 -20 20 -22 -23 23 28 26 -27 27 -29 -30 -31
leaf_value=-4.8394446056494148e-05 -6.4730530677561856e-05 2.0703019687347491e-05 0.00026272682176258958 -8.8266749779001172e-06 0.00033118694758140377 -6.5073872501183219e-05 -3.8456307163463873e-05 6.5389361957667445e-05 0.0003211018291296244 -2.2251885885438043e-05 0.00032526799402816914 -4.0779788553496003e-05 -6.4727599630906186e-05 8.3707287729086952e-05 -1.2394176042305789e-05 0.00012236583147874858 -1.5102523948472992e-05 -5.6460436017685497e-05 0.0003350350338002977 7.1341494728174368e-05 -5.4811355730839934e-05 0.00011352490599499835 -9.1228986604018461e-06 3.7454503503375113e-05 -3.8506488119533264e-05 1.58010620350585e-05 -9.6871937986356773e-05 5.5931385681940287e-05 -1.9037217581760418e-06 -1.0593872752259736e-05
leaf_weight=86 32 25 20 38 20 23 193 37 26 20 28 50 78 27 51 21 150 50 23 21 20 27 33 23 96 28 20 26 2565 3263
leaf_count=86 32 25 20 38 20 23 193 37 26 20 28 50 78 27 51 21 150 50 23 21 20 27 33 23 96 28 20 26 2565 3263
internal_value=-0.000723316 0.000753645 0.00151751 0.00350622 0.00485222 -0.000238096 -0.00104743 0.00416667 0.00374317 0.00913043 -0.000863449 0.0010606 -0.00305825 0.00193431 0.00357143 0.000522387 0.00131579 0.00392857 -0.000375724 0.00159341 0.00597561 0.00076923 -0.0009772 -0.000928313 0.00115763 0.00729508 -0.00147887 0.00260869 -0.00100068 -0.00134814
internal_weight=7120 617 514 241 203 273 253 60 183 46 6503 363 103 137 105 335 285 112 173 91 41 78 6140 6054 203 61 142 46 5851 3286
internal_count=7120 617 514 241 203 273 253 60 183 46 6503 363 103 137 105 335 285 112 173 91 41 78 6140 6054 203 61 142 46 5851 3286
is_linear=0
shrinkage=0.05


Tree=49
num_leaves=31
num_cat=0
split_feature=35 27 42 24 7 7 15 32 20 17 17 13 11 5 9 42 38 11 39 20 21 17 4 34 41 31 34 39 39 38
split_gain=0.506008 0.801369 0.594214 0.796143 0.532631 0.770245 1.09092 1.46107 0.681927 0.825529 1.09815 0.761734 0.750851 0.92366 0.910161 0.815674 0.793222 0.73373 1.22908 0.784849 0.72 0.697915 0.929461 0.984238 0.780027 0.759015 2.57563 0.632878 0.970101 1.71245
threshold=112714.02867500002 118098.91325000003 361.70747276313153 2712.8563950000007 0.0018980888552470635 0.0017016237058277304 0.0029694098225894823 254.39358729285598 188.55500000000032 0.0079266471040074175 0.0095157642285931907 0.012921635651299846 -0.0080951525493082651 0.0024298998282183126 0.002401294211195457 -178.40236897822129 21.765306724213385 0.010461757061291528 596.27928571428708 96.465000000003798 238.41499999999363 0.0060944245451650869 697.4150400000002 107739.40346087331 227.00389692639246 107183.33860000002 107239.10509146268 830.0132142857143 950.7774999999998 45.165614725337477
decision_type=2 2 2 2 2 2 2 2 2 2 2 2 2 2 2 2 2 2 2 2 2 2 2 2 2 2 2 2 2 2
left_child=1 2 3 4 5 8 -7 -8 17 11 -11 12 15 14 21 16 -10 -1 -19 -20 -12 22 25 24 -24 -14 -27 -6 29 -29
right_child=-2 -3 -4 -5 27 6 7 -9 9 10 20 -13 13 -15 -16 -17 -18 18 19 -21 -22 -23 23 -25 -26 26 -28 28 -30 -31
leaf_value=-5.3326249419577682e-06 -7.665354739006294e-06 0.00012170153575078733 -3.5620334234250609e-05 0.00019051547055818263 -1.2385153598281796e-05 -1.9858202775092218e-05 0.000116541443765195 7.4161458231761818e-05 -1.3467827150423262e-05 0.00026989301196395495 -4.283524314627142e-05 -2.6202335359813528e-05 -1.5972558737063136e-05 6.2320002864503786e-05 -1.7454745712308112e-05 -2.6704609493935675e-05 4.0152173879568341e-05 3.262190411185698e-05 -5.7333134106905188e-05 5.8120714016690654e-05 3.1246232039093545e-05 -3.9714309456413978e-05 3.290648662774211e-05 6.4399758142785047e-05 9.927365205096293e-05 7.9948444840888884e-05 -4.3441948129014102e-05 0.0001821348371848216 -1.3140375978134944e-05 9.5172529512779425e-06
leaf_weight=2420 1820 21 93 21 1391 33 20 23 42 34 25 102 90 37 70 103 71 29 37 33 25 27 75 21 39 20 59 39 215 85
leaf_count=2420 1820 21 93 21 1391 33 20 23 42 34 25 102 90 37 70 103 71 29 37 33 25 27 75 21 39 20 59 39 215 85
internal_value=-0.000709271 -0.000462265 -0.000501043 -0.000430005 -0.000469507 -0.000109171 0.00486842 0.0101163 -0.000221793 0.0010119 0.00571428 0.000489417 0.00111621 0.00230593 0.00160848 -0.0012963 0.00163717 -0.000633189 0.00358586 -1.19209e-09 0.000999999 0.00270393 0.00338816 0.00648148 0.00464912 0.000917159 0.00449367 -0.00118497 0.000752211 0.00427419
internal_weight=7120 5300 5279 5186 5165 3435 76 43 3359 840 84 756 654 438 401 216 113 2519 99 70 50 331 304 135 114 169 79 1730 339 124
internal_count=7120 5300 5279 5186 5165 3435 76 43 3359 840 84 756 654 438 401 216 113 2519 99 70 50 331 304 135 114 169 79 1730 339 124
is_linear=0
shrinkage=0.05


Tree=50
num_leaves=31
num_cat=0
split_feature=9 17 21 26 23 34 15 36 23 7 9 15 7 40 0 35 21 18 18 21 22 24 9 28 22 24 20 18 5 0
split_gain=0.767069 0.929714 0.545884 1.03683 0.809118 0.603217 0.61743 1.26753 0.832108 1.02998 0.780039 0.424668 0.389904 0.642428 1.75141 0.707803 0.706605 0.651027 1.44627 1.85801 1.47653 1.19599 1.08514 1.11566 1.41136 1.12055 0.998505 0.996971 1.49639 0.641789
threshold=0.023109844058079924 0.006218852012572859 385.23999999999802 82638.27147652542 -0.29820668581907045 117943.45102742629 0.0065603106639412498 -4910.4743240757225 0.29306767227603142 -0.0017153479842394548 0.002288090439745739 0.00089893999329475219 0.0018980888552470635 -721.87401322125504 112501.23000000001 112075.734675 257.5999999999986 49.474999999998552 118.22000000000118 0.014999999999417925 478.596451 399.75650160000004 -0.0014577964667801513 707.34484019846434 840.79672725 746.22236460000011 197.1650000000009 184.08000000000177 0.0046499255082780126 107990.01500000001
decision_type=2 2 2 2 2 2 2 2 2 2 2 2 2 2 2 2 2 2 2 2 2 2 2 2 2 2 2 2 2 2
left_child=2 -2 11 -4 -5 6 7 -6 9 -9 -11 -1 13 14 16 17 29 -15 19 -19 -21 -20 -22 24 25 -24 -23 -28 -29 -13
right_child=1 -3 3 4 5 -7 -8 8 -10 10 -12 12 -14 15 -16 -17 -18 18 21 20 22 26 23 -25 -26 -27 27 28 -30 -31
leaf_value=-4.5708092506571552e-05 -3.7870738519655622e-05 0.0001927111726305851 0.00025308345638771422 -3.9393549755946381e-05 5.1430209346968892e-05 -5.972277114007019e-05 -2.8303136318078763e-05 -1.5203294622610049e-05 2.8351901460241443e-06 0.00011881811297521032 7.330692166219189e-06 5.0774196325190648e-05 -9.29361542111298e-06 -6.1553930863931538e-06 2.4962190253824843e-05 -1.1187329601589652e-05 -1.1989344725383704e-05 9.3883851098684648e-05 3.7469413271128612e-05 -2.2005076815052088e-05 -2.290642397858734e-06 -1.6655519161215407e-05 -1.838778242549488e-06 -1.2412055929143777e-05 9.2547081253443976e-05 0.00011644086406366128 -3.8653268700251572e-06 9.007406695663905e-05 -6.0094913167020791e-05 -2.8912078121474425e-05
leaf_weight=86 22 32 36 112 20 37 104 27 199 25 22 104 2106 2099 26 1142 46 22 39 79 68 387 32 20 31 27 51 60 23 36
leaf_count=86 22 32 36 112 20 37 104 27 199 25 22 104 2106 2099 26 1142 46 22 39 79 68 387 32 20 31 27 51 60 23 36
internal_value=-0.000751406 0.00518518 -0.000796774 0.000670102 0.000128204 0.00110599 0.00167506 0.00284983 0.00195971 0.00648649 0.0109574 -0.00092844 -0.000881527 -0.000608109 0.00207547 -0.00074755 0.000376343 -0.000336965 0.000840285 0.00378136 0.00258755 -0.000625001 0.00511236 0.00818182 0.0105556 0.00601695 -0.0012572 0.00246269 0.00584337 0.00214286
internal_weight=7120 54 7066 582 546 434 397 293 273 74 47 6484 6398 4292 212 4080 186 2938 839 279 257 560 178 110 90 59 521 134 83 140
internal_count=7120 54 7066 582 546 434 397 293 273 74 47 6484 6398 4292 212 4080 186 2938 839 279 257 560 178 110 90 59 521 134 83 140
is_linear=0
shrinkage=0.05


Tree=51
num_leaves=31
num_cat=0
split_feature=25 25 39 21 25 38 7 27 26 13 38 0 24 9 41 39 15 22 21 39 27 41 38 9 5 36 15 5 35 21
split_gain=0.50813 1.49446 0.706984 0.699214 1.26818 1.15566 0.632704 0.727835 1.18976 0.723228 0.997537 0.951452 0.699447 0.959014 0.775758 0.749013 0.752093 0.973935 1.63683 0.627501 0.851264 0.599029 1.47897 1.02499 1.65859 0.756989 0.660032 0.574957 0.612659 0.573494
threshold=-0.53858338169981146 -0.53220236305294166 261.05714285714259 1.0000000180025095e-35 -0.71882539102446275 57.770806304686552 0.0032788853885699827 107148.12675000001 106834.71061619635 0.0061728220822240562 54.892213301096838 94828.315000000017 371.74210490000007 -0.0024296740761856543 105.09452163175136 380.78750000000065 0.0062920077925131494 1442.6971595000002 208.44000000000236 1370.5507142857157 85567.250250000026 162.42436670601404 34.11183055278434 0.0067182968969287131 0.0023200419354778659 2508.2542183223854 0.0066646571210570611 0.01765557002926783 118419.09755000002 219.23500000000061
decision_type=2 2 2 2 2 2 2 2 2 2 2 2 2 2 2 2 2 2 2 2 2 2 2 2 2 2 2 2 2 2
left_child=2 -2 -1 4 5 -4 7 8 12 -8 11 -11 13 -3 -15 -14 17 -17 -19 -18 -21 29 -23 25 -25 26 -24 28 -12 -5
right_child=1 6 3 21 -6 -7 9 -9 -10 10 27 -13 15 14 -16 16 19 18 -20 20 -22 22 23 24 -26 -27 -28 -29 -30 -31
leaf_value=-3.8497635978231267e-05 5.0986858842533206e-05 -7.5246815928229228e-05 4.3102521597844099e-06 -1.1940189417070522e-05 -7.482739221751722e-05 9.846827966633533e-05 -2.2526295056593549e-05 -3.1735202746852364e-06 0.00026884464959118132 0.00034366034459164783 -8.1684396229032789e-06 -2.8246358027617875e-05 -1.5105726880756279e-05 6.9167227976368263e-05 5.9076031296044554e-05 5.1069749780263038e-06 -1.0568386719915071e-05 0.00019465005687086773 1.7493534274569527e-07 0.00031310626553807255 -7.3663213654573813e-06 4.2053011601723758e-05 -2.9085327990757657e-06 9.2532249027443917e-05 -6.9442672147451728e-05 -3.8030623897035617e-05 9.9995720422205473e-05 0.00027040508972100334 4.5546901577333983e-05 1.3315296505632505e-05
leaf_weight=215 28 23 34 1276 29 20 581 1695 24 20 610 21 181 24 20 872 334 28 37 21 29 23 451 20 21 217 22 20 20 204
leaf_count=215 28 23 34 1276 29 20 581 1695 24 20 610 21 181 24 20 872 334 28 37 21 29 23 451 20 21 217 22 20 20 204
internal_value=-0.000758428 -0.000444639 -0.00132702 -0.00107251 0.00343373 0.00796296 -0.000515352 -0.000149028 0.000618329 -0.00146227 -0.000369032 0.00719512 0.00044933 0.00544776 0.00977273 0.000226364 0.000639666 0.00140341 0.00730769 -0.00122396 0.004 -0.00123993 -9.28394e-05 -0.000485637 0.00719512 -0.00094203 0.000179703 -0.000846155 -0.00111111 -0.00182433
internal_weight=7120 4588 2532 2317 83 54 4560 3288 1593 1272 691 41 1569 67 44 1502 1321 937 65 384 50 2234 754 731 41 690 473 650 630 1480
internal_count=7120 4588 2532 2317 83 54 4560 3288 1593 1272 691 41 1569 67 44 1502 1321 937 65 384 50 2234 754 731 41 690 473 650 630 1480
is_linear=0
shrinkage=0.05


Tree=52
num_leaves=31
num_cat=0
split_feature=25 25 7 27 0 19 28 38 28 5 9 21 40 9 7 1 19 41 32 11 17 4 36 7 15 22 21 13 22 38
split_gain=0.557103 1.48881 0.607876 0.646247 1.11418 0.64 0.629303 0.617854 1.20466 0.583065 0.694142 1.14251 1.12042 0.747068 0.92803 1.62338 0.541917 0.656011 1.49358 1.64879 1.5834 0.703247 0.56175 0.625 0.530623 0.922732 1.39829 0.553086 0.555913 0.534865
threshold=-0.53858338169981146 -0.53220236305294166 0.0033890711046733338 107148.12675000001 106589.40000000001 519.45999999999924 519.75756915302929 54.753821083458512 600.01564696412254 0.01765557002926783 0.0076115966945039361 64.865000000005253 104.5098814787416 0.0046303199077176354 0.0062659234240397587 110421.48000000003 448.10999999999336 78.283411345030871 -381.28024244502734 0.0019964288764069307 0.0031404445573192078 558.7832350000001 3695.9156074267526 -0.0012881407405488639 0.0062920077925131494 1442.6971595000002 208.44000000000236 -0.021120631154594106 2132.3672131250005 21.765306724213385
decision_type=2 2 2 2 2 2 2 2 2 2 2 2 2 2 2 2 2 2 2 2 2 2 2 2 2 2 2 2 2 2
left_child=-1 -2 3 4 24 -6 -4 8 -8 10 11 -9 -13 -14 15 -15 22 18 -18 20 21 -20 -5 -24 25 -3 -27 29 -29 -26
right_child=1 2 6 16 5 -7 7 9 -10 -11 -12 12 13 14 -16 -17 17 -19 19 -21 -22 -23 23 -25 27 26 -28 28 -30 -31
leaf_value=-7.9645680889949522e-06 4.8437515900406546e-05 2.7223306192995201e-06 -2.6156581283336964e-05 -2.7153711739133612e-05 5.7315003342341353e-05 4.1848445076703367e-05 0.00034525706620638187 -2.5201121676153627e-05 -1.2667359495224107e-05 0.00025688483523495317 -2.4278503830443857e-05 0.0001543544837645252 -6.3870618461655244e-05 1.2154300178750399e-05 -8.2766914935887375e-05 0.00028461514748910258 -7.4581722935551407e-07 -1.0664112628669395e-05 4.389991156170668e-05 -4.5273757284989957e-06 0.00013593262511948237 -1.4588671830126219e-05 -2.1241496191562643e-05 0.00020757781898179787 -2.5964547318714148e-05 0.00019693026607668927 1.6618857560839679e-07 -2.8073558332684218e-05 4.8074646875896687e-05 0.00011307377639747511
leaf_weight=2532 28 1118 531 590 20 25 21 100 37 20 357 21 61 35 33 20 501 454 20 61 22 22 20 20 44 27 37 176 41 126
leaf_count=2532 28 1118 531 590 20 25 21 100 37 20 357 21 61 35 33 20 501 454 20 61 22 22 20 20 44 27 37 176 41 126
internal_value=-0.000751406 -0.000422843 -0.000493422 -0.000141397 0.000576207 0.00833333 -0.00144013 -0.000460994 0.00448276 -0.000904174 -0.00117225 0.00074074 0.00323529 0.00171141 0.00465909 0.00863636 -0.000818715 -0.00013889 0.000910542 0.0058 0.0114062 0.00571428 -0.00198413 0.00375 0.000353727 0.000879863 0.00671875 -0.00125323 -0.00292627 0.000882352
internal_weight=7120 4588 4560 3324 1614 45 1236 705 58 647 627 270 170 149 88 55 1710 1080 626 125 64 42 630 40 1569 1182 64 387 217 170
internal_count=7120 4588 4560 3324 1614 45 1236 705 58 647 627 270 170 149 88 55 1710 1080 626 125 64 42 630 40 1569 1182 64 387 217 170
is_linear=0
shrinkage=0.05


Tree=53
num_leaves=31
num_cat=0
split_feature=25 25 7 13 0 38 27 9 38 18 0 40 17 5 15 15 0 21 21 23 23 20 7 9 18 40 11 16 28 20
split_gain=0.52315 1.05977 0.638801 0.767618 0.758003 0.80198 0.813845 0.825 0.685898 0.727843 0.664866 0.646411 1.23737 1.38709 0.580266 0.736415 0.605096 0.653173 1.2891 0.540016 0.608981 0.871981 1.25 1.19565 0.544807 0.910714 1.60985 0.747036 0.556316 0.945466
threshold=-0.53858338169981146 -0.53220236305294166 0.0032788853885699827 0.0061728220822240562 111040.73500000002 24.018181605876574 110879.59550000004 -0.005039500244535605 54.892213301096838 1686.1699999999985 94828.315000000017 -692.23603710978193 0.0042113672184105758 -0.00088299669707448422 0.0064357909158987781 0.0061090233465714138 81485.000000000015 167.51499999999945 212.36499999999799 3.3580760841912221 1.7090078642119932 362.23500000000791 -0.0025438628313193862 -0.00020368158230052693 319.24999999999278 195.34695339202156 6.9944664492314763e-05 0.0037934965711349305 -689.64399410838075 113.78000000000613
decision_type=2 2 2 2 2 2 2 2 2 2 2 2 2 2 2 2 2 2 2 2 2 2 2 2 2 2 2 2 2 2
left_child=-1 -2 4 -4 5 -3 14 -8 10 -10 -5 12 13 -6 15 19 -16 -18 -19 20 21 24 -23 -24 28 26 27 -26 29 -7
right_child=1 2 3 8 11 6 7 -9 9 -11 -12 -13 -14 -15 16 -17 17 18 -20 -21 -22 22 23 -25 25 -27 -28 -29 -30 -31
leaf_value=-7.5663396845451956e-06 4.6015640105386209e-05 -9.2081842719636164e-06 -2.0385559219181394e-05 0.0003277851564262323 3.5291959781647047e-05 6.4042560166395455e-05 -5.0699504285046139e-06 2.1126209200580196e-05 -6.1008249507746017e-06 0.00016496262347052117 -2.6200672151475754e-05 -9.7857518713013777e-06 -2.0560412163457721e-05 -2.0881824240784626e-05 0.00029010413535043432 1.4728306688476818e-05 -3.9959103146015812e-05 0.00033475715405007986 -1.1976266997161744e-05 9.1066669747593863e-05 -2.1358733100081537e-05 -3.9057756392815999e-05 0.00027203720366364176 7.2749163102510441e-06 -5.5595284311968884e-05 -2.9792862429737734e-05 0.00014636319074481569 9.9611687319701647e-05 1.6353275227144739e-07 -2.4697436703168925e-06
leaf_weight=2532 28 215 581 20 22 67 24 20 627 23 21 1073 36 21 35 39 131 21 158 22 148 36 22 23 21 28 24 23 1010 69
leaf_count=2532 28 215 581 20 22 67 24 20 627 23 21 1073 36 21 35 39 131 21 158 22 148 36 22 23 21 28 24 23 1010 69
internal_value=-0.000730338 -0.000411945 -0.000471492 -0.00142296 -0.000103408 0.000454119 0.000778239 0.0075 -0.000296673 -0.000692309 0.00597561 -0.00113715 0.00322785 0.00895349 0.00062067 0.00103786 -0.00123189 -0.00193549 2.79318e-05 0.000860682 0.00074439 0.00108465 0.00611111 0.0116667 0.000756843 0.004375 0.0075 0.00181818 0.000453751 0.00345588
internal_weight=7120 4588 4560 1272 3288 2136 1921 44 691 650 41 1152 79 43 1877 1532 345 310 179 1493 1471 1323 81 45 1242 96 68 44 1146 136
internal_count=7120 4588 4560 1272 3288 2136 1921 44 691 650 41 1152 79 43 1877 1532 345 310 179 1493 1471 1323 81 45 1242 96 68 44 1146 136
is_linear=0
shrinkage=0.05


Tree=54
num_leaves=31
num_cat=0
split_feature=15 35 27 41 0 39 34 27 25 15 25 9 20 11 4 41 31 35 9 9 11 11 39 38 5 15 21 25 7 1
split_gain=0.471892 0.364508 0.809272 0.633368 0.815661 1.53321 1.16615 0.56106 0.471704 0.809825 0.703688 0.590327 0.788261 0.777166 0.768694 0.689179 1.42816 1.18774 1.0545 1.27536 0.836472 0.989004 1.66314 0.755252 0.621826 1.01935 0.581426 0.888462 0.825 0.56003
threshold=0.00089893999329475219 112714.02867500002 118098.91325000003 471.91924344450541 119091.69000000002 537.58285714285694 117819.89394421167 118920.65475 -0.53858338169981146 0.0011863219702466601 -0.53220236305294166 0.002288090439745739 49.575000000004373 -0.0037796939170307701 379.12141500000001 -244.97761781976581 108786.87400000003 104619.644575 -0.00092601932831994722 -0.0037615039993714652 -0.0028104510683379979 0.0059074389572818659 498.90821428571462 57.584410067059814 -0.0059017049891474166 0.0038425920157424288 1.0000000180025095e-35 -0.70847277080222282 6.3139026806688183e-05 107201.55500000001
decision_type=2 2 2 2 2 2 2 2 2 2 2 2 2 2 2 2 2 2 2 2 2 2 2 2 2 2 2 2 2 2
left_child=-1 2 8 4 -3 6 -6 -7 26 -10 -11 12 -12 14 -14 16 17 18 19 -15 29 -22 -23 -24 25 -16 27 28 -2 -17
right_child=1 3 -4 -5 5 7 -8 -9 9 10 11 -13 13 15 24 20 -18 -19 -20 -21 21 22 23 -25 -26 -27 -28 -29 -30 -31
leaf_value=-4.0989460895108222e-05 3.4827283528000828e-06 -6.6212964809241176e-06 0.00010256385335623657 -4.611508409561267e-05 0.00028684527249933997 1.360078942533445e-05 3.2334162069989989e-05 -1.1826849172353723e-05 5.6820931152568586e-05 5.2859015783350094e-05 -1.5391090018642384e-05 -7.2214853657296981e-06 2.9311928258782582e-05 4.514120823026555e-05 0.00023036131438850373 5.8709782959217878e-06 7.1032380978767692e-05 -6.0530395251389965e-05 3.9190190580284505e-06 0.00025670931613348808 -6.1437936526202583e-06 0.00017638432793713982 2.5734460502472101e-05 -1.0301236735685859e-05 -6.9061969136796908e-06 1.9096366089848157e-07 -7.8008399084374894e-06 -7.7596112245245874e-05 9.4321411071695584e-05 0.00010465192317556979
leaf_weight=87 24 1421 21 135 25 27 28 152 37 22 534 1292 33 24 29 37 20 33 39 22 386 39 21 82 543 135 1809 21 20 22
leaf_count=87 24 1421 21 135 25 27 28 152 37 22 534 1292 33 24 29 37 20 33 39 22 386 39 21 82 543 135 1809 21 20 22
internal_value=-0.000765451 -0.000720178 -0.000510011 -0.00133669 -0.00106776 0.00168103 0.00915094 -0.000530727 -0.000549389 -0.000194031 -0.000276186 -0.000335765 0.0002026 0.000802047 -0.000337839 0.00196552 0.00514493 0.00305085 0.00617647 0.0113043 0.00121806 0.00058712 0.00415493 0.000825242 -0.000685998 0.00201219 -0.00118463 0.00346154 0.0075 0.00686441
internal_weight=7120 7033 5245 1788 1653 232 53 179 5224 3350 3313 3291 1999 1465 740 725 138 118 85 46 587 528 142 103 707 164 1874 65 44 59
internal_count=7120 7033 5245 1788 1653 232 53 179 5224 3350 3313 3291 1999 1465 740 725 138 118 85 46 587 528 142 103 707 164 1874 65 44 59
is_linear=0
shrinkage=0.05


Tree=55
num_leaves=31
num_cat=0
split_feature=39 31 18 18 36 28 25 24 15 7 20 11 11 4 9 7 25 24 27 42 30 21 42 23 21 23 11 9 9 13
split_gain=0.491936 0.626172 0.401465 1.28329 0.716461 0.78974 1.24444 0.953996 0.480313 0.497643 0.936643 0.348116 0.82379 1.11602 1.90915 0.62721 0.596941 0.514414 1.01004 0.568277 0.801652 1.63946 0.564514 0.820793 0.806743 0.605122 1.13751 0.604339 1.22136 0.556818
threshold=272.17428571428542 117642.058 -555.56500000000221 -572.69000000000221 -2927.6846259209483 -1452.832567666286 0.38337378422921603 1574.2963025500005 0.011140067683183546 0.019150035970779914 216.42499999999566 -0.00023977878542405168 -0.0015592123621079974 198.28442500000003 -0.001830725456648475 0.0060761672033232102 -1.1453387282933243 2137.9324671000004 85382.753750000018 225.58152859618392 83308.838028946324 190.34999999999857 190.43203918534201 -0.7514583022550626 255.04999999999566 0.36529022758275992 0.011406908245450124 -0.0054403232381180291 -0.0059416543213505505 0.014523672179737291
decision_type=2 2 2 2 2 2 2 2 2 2 2 2 2 2 2 2 2 2 2 2 2 2 2 2 2 2 2 2 2 2
left_child=1 -1 3 4 5 7 -7 -2 9 11 -11 12 13 14 -4 -14 -15 19 -19 20 21 29 27 -24 25 26 -25 28 -22 -13
right_child=2 -3 8 -5 -6 6 -8 -9 -10 10 -12 17 15 16 -16 -17 -18 18 -20 -21 22 -23 23 24 -26 -27 -28 -29 -30 -31
leaf_value=-3.0989987150463122e-05 -1.1062720295103295e-05 2.1369203882739069e-05 4.5051664383683248e-05 8.8447642191064664e-05 -6.7468796021995526e-06 4.8797616615248513e-05 0.00026897279265788261 0.00024996721010894779 -5.2660457685336408e-05 0.00016719290927983069 -5.9260516585555648e-05 0.0001190862776499089 -2.0797075167899206e-05 3.5431341996602851e-05 -7.8834416678500495e-06 5.7488468331785634e-05 -4.204046787914092e-06 -2.0733726167980618e-06 6.3560500354990223e-05 -3.5693521662244806e-05 -1.0283526423023177e-05 2.3105103821573944e-05 -5.7668126043328834e-05 5.4741653692294689e-06 -4.4541340108669071e-05 6.4113132997443856e-05 0.00026447108709325883 -5.0099166246132275e-06 5.8069307426892661e-05 -5.5822858168176063e-05
leaf_weight=404 91 24 26 28 306 36 20 31 109 20 21 44 428 26 40 27 2170 52 23 308 45 33 27 23 25 34 20 2614 21 44
leaf_count=404 91 24 26 28 306 36 20 31 109 20 21 44 428 26 40 27 2170 52 23 308 45 33 27 23 25 34 20 2614 21 44
internal_value=-0.000786518 -0.00242991 -0.000681412 0.000664061 6.19823e-05 0.00258427 0.0075 0.000327868 -0.000792881 -0.000733818 0.0047561 -0.000771145 -0.00119065 -0.000800178 0.00560606 -0.00313187 -0.000992715 -0.000427107 0.00366667 -0.000521928 -0.000307168 0.00367768 -0.000478819 0.00275194 0.00480392 0.00733766 0.0112791 -0.00063433 0.00409091 0.000113635
internal_weight=7120 428 6692 512 484 178 56 122 6180 6071 41 6030 2717 2262 66 455 2196 3313 75 3238 2930 121 2809 129 102 77 43 2680 66 88
internal_count=7120 428 6692 512 484 178 56 122 6180 6071 41 6030 2717 2262 66 455 2196 3313 75 3238 2930 121 2809 129 102 77 43 2680 66 88
is_linear=0
shrinkage=0.05


Tree=56
num_leaves=31
num_cat=0
split_feature=15 7 5 13 24 38 32 15 42 39 16 16 16 2 17 42 13 25 19 36 28 7 22 31 41 21 24 9 23 41
split_gain=0.470082 0.35891 0.675 0.372717 0.556063 0.841164 1.2315 0.717627 0.815128 1.08333 0.888942 0.483589 1.05937 0.48306 0.398118 0.748543 0.637121 1.39289 1.10924 0.553528 0.79399 0.520077 1.31767 0.79193 1.29924 0.530394 0.966297 1.13032 1.63829 0.667737
threshold=0.00089893999329475219 0.019150035970779914 0.014364241709790476 0.026196917434562355 1764.5392712000003 63.848287922464593 447.63902852115285 0.0064357909158987781 250.53157180451385 910.22857142857345 0.0053221977826956287 0.006881409996695613 0.0066107960805317023 79209.950000000012 0.0046203591990500144 130.15025909586026 0.016067791612049933 0.13114822193049794 408.27499999999424 -4354.0374096149744 -1283.4901582089003 0.0022769581672903876 1426.4674015000003 84417.302800000019 116.95630380227441 67.799999999995649 628.09235190000015 0.0033746957531350717 -0.45148734261492113 337.63366598917662
decision_type=2 2 2 2 2 2 2 2 2 2 2 2 2 2 2 2 2 2 2 2 2 2 2 2 2 2 2 2 2 2
left_child=-1 3 -3 4 14 7 -7 8 9 10 -6 12 -5 -9 19 -16 17 18 -17 20 -2 22 -21 24 -23 -25 27 -27 -29 -30
right_child=1 2 -4 11 5 6 -8 13 -10 -11 -12 -13 -14 -15 15 16 -18 -19 -20 21 -22 23 -24 25 -26 26 -28 28 29 -31
leaf_value=-3.7390488492829655e-05 -1.6008034826870249e-06 -8.788913098770694e-05 0.00026268862932729342 -5.8417388427716139e-05 9.147664692300463e-05 0.00025472597232117027 1.9012616005113658e-05 0.00012362237187986259 -0.00011665867496243972 0.00018372079981142568 -2.2964452051543078e-05 -3.6920694009120204e-05 7.0848601421555945e-05 -1.8201434637942754e-05 -1.0196027931788974e-05 7.884174547942152e-05 -2.1363603482772854e-05 0.00020619448234861866 -4.8254404275327911e-06 -1.5882658412233878e-06 9.714243377402031e-05 -3.6471663297680485e-06 3.5297422355131091e-05 -3.1625205172545426e-05 0.00010105429879175994 -1.8078706912997955e-05 -1.6917239551921462e-05 0.0002497624534134189 -1.2728325890027792e-06 0.00016120138687450111
leaf_weight=87 37 30 24 132 20 21 39 36 22 26 32 117 20 137 1403 22 98 27 89 3360 30 56 20 506 21 94 447 31 111 25
leaf_count=87 37 30 24 132 20 21 39 36 22 26 32 117 20 137 1403 22 98 27 89 3360 30 56 20 506 21 94 447 31 111 25
internal_value=-0.000772473 -0.000727287 0.00333333 -0.000758706 -0.000685545 0.00130631 0.00666667 0.000128204 0.0035 0.00589743 0.00173077 -0.00258364 -0.000723685 -0.00182081 -0.000789557 -0.00146126 0.00114407 0.00333333 0.000855855 -0.000557198 0.00395522 -0.000621924 -0.000295859 -0.0014756 0.00344156 -0.00178748 -0.000903956 0.00151341 0.00398203 0.00161765
internal_weight=7120 7033 54 6979 6710 333 60 273 100 78 52 269 152 173 6377 1639 236 138 111 4738 67 4671 3380 1291 77 1214 708 261 167 136
internal_count=7120 7033 54 6979 6710 333 60 273 100 78 52 269 152 173 6377 1639 236 138 111 4738 67 4671 3380 1291 77 1214 708 261 167 136
is_linear=0
shrinkage=0.05


Tree=57
num_leaves=31
num_cat=0
split_feature=15 9 13 13 9 17 23 22 18 27 18 16 15 18 1 35 34 21 38 19 36 38 41 36 20 16 2 38 16 24
split_gain=0.471892 0.417972 0.906463 1.90549 0.566799 0.47275 0.367671 0.364496 0.333809 0.73971 0.489602 0.409557 0.427158 0.861538 0.504977 0.402946 0.9367 0.694809 0.68455 0.831554 0.722222 0.769551 0.366686 0.652463 0.901149 0.728139 0.717497 0.616117 0.480619 1.28212
threshold=0.00089893999329475219 0.016389690150463983 0.018321508941927463 0.011975673855176708 0.0086380210776100912 0.010131867336175847 3.2607228082727002 516.60668075000001 -555.56500000000221 81553.052250000022 -572.69000000000221 0.0093166917640846673 0.0090439375767018462 319.24999999999278 86099.000000000015 117232.49367500002 117943.45102742629 156.60499999999595 25.02200189763953 1137.5949999999941 -2558.0266883324653 49.845060336748901 -727.76913606255175 -3345.6718378789078 130.30000000000294 0.0057710532471556136 94789.835000000006 30.556649960689366 0.0053514639433671378 2082.8181645000004
decision_type=2 2 2 2 2 2 2 2 2 2 2 2 2 2 2 2 2 2 2 2 2 2 2 2 2 2 2 2 2 2
left_child=-1 4 3 -3 8 7 -4 -6 9 -2 15 12 22 14 -14 17 -17 -11 -19 -20 -21 -22 23 24 -10 -25 -26 -28 29 -24
right_child=1 2 6 -5 5 -7 -8 -9 11 10 -12 -13 13 -15 -16 16 -18 18 19 20 21 -23 28 25 26 -27 27 -29 -30 -31
leaf_value=-3.5520964068188174e-05 0.00024475716758563581 -1.2531988661168157e-05 -2.3446502281382819e-05 0.00047548969067907475 3.6537378829826096e-05 4.804725044709039e-05 0.00014976088292317189 -2.3639658014245785e-05 -4.4625627259709791e-05 -1.4147908121424744e-05 7.2750513498600947e-05 -2.4367228300940113e-05 1.7672117086452055e-05 0.00025112709828071936 -3.8991485747846487e-05 0.00010762872685910186 -4.8311784510719371e-06 -3.2582225438823284e-05 -6.0012688254266405e-05 0.00028796891620564688 -3.7797505805085157e-05 6.090270510499738e-05 -3.9112203415855267e-06 9.9504186667855464e-05 0.00014513347522768013 7.2088182258020844e-07 5.030871782570203e-05 -4.6771789361152841e-05 -1.1754610707998574e-05 3.8319848393604782e-05
leaf_weight=87 20 39 82 21 36 20 20 386 58 194 25 116 34 26 31 30 43 35 38 39 48 30 4842 22 27 20 21 39 670 21
leaf_count=87 20 39 82 21 36 20 20 386 58 194 25 116 34 26 31 30 43 35 38 39 48 30 4842 22 27 20 21 39 670 21
internal_value=-0.000765451 -0.000720178 0.00179012 0.00666667 -0.000779364 -0.00251131 -0.00107843 -0.0028673 -0.000660291 0.000577688 0.000186721 -0.000765144 -0.00070642 0.00269231 -0.000384617 -0.000185997 0.00321918 -0.000833335 0.00131579 0.00274193 0.00482906 0.00205128 -0.000760491 0.00141711 -0.000172415 0.00690476 0.00304598 -1.19209e-09 -0.000834088 -0.000661116
internal_weight=7120 7033 162 60 6871 442 102 422 6429 502 482 5927 5811 91 65 457 73 384 190 155 117 78 5720 187 145 42 87 60 5533 4863
internal_count=7120 7033 162 60 6871 442 102 422 6429 502 482 5927 5811 91 65 457 73 384 190 155 117 78 5720 187 145 42 87 60 5533 4863
is_linear=0
shrinkage=0.05


Tree=58
num_leaves=31
num_cat=0
split_feature=15 13 24 13 9 18 17 22 21 39 24 20 22 9 17 18 4 15 31 15 24 4 4 5 31 39 40 13 18 5
split_gain=0.461089 0.295532 0.543234 0.783867 0.609677 0.730427 0.712363 0.7098 0.357874 0.312554 0.309909 0.609746 0.423262 0.890416 0.511973 0.816429 0.593009 0.496884 0.855712 0.6684 0.846813 0.937718 1.37322 1.61852 0.694506 0.668605 0.654025 1.35064 0.413855 0.575806
threshold=0.00089893999329475219 0.026196917434562355 1784.4193827000001 0.02057994099346103 0.013961492093309547 -492.05999999999761 0.0095157642285931907 1273.7646225000001 411.61000000000064 636.69500000000141 1041.4089339000002 684.79500000000564 1442.6971595000002 -0.00011329250007218368 0.0061171193043541069 319.24999999999278 379.12141500000001 0.0054793007587702917 82881.491800000018 0.0046409258564876089 733.80811660000006 786.91964500000006 1309.7391750000004 -0.00037521740809180233 114412.18880000002 750.07321428571402 -739.41530473974115 -0.014962496743447469 187.95999999999916 0.0017722473732964452
decision_type=2 2 2 2 2 2 2 2 2 2 2 2 2 2 2 2 2 2 2 2 2 2 2 2 2 2 2 2 2 2
left_child=-1 2 10 4 5 6 -4 9 -9 -7 12 -12 14 -14 17 16 -16 18 -2 26 24 -22 23 -23 -21 -24 27 -20 29 -28
right_child=1 -3 3 -5 -6 7 -8 8 -10 -11 11 -13 13 -15 15 -17 -18 -19 19 20 21 22 25 -25 -26 -27 28 -29 -30 -31
leaf_value=-3.3744915864778759e-05 2.5874332505876785e-05 -2.1295835767007053e-05 0.00023765407457781038 0.00016988445458682519 8.9011359071450855e-05 7.312071333262797e-06 -1.4586127595119609e-05 -3.7042930360558344e-05 7.851099825678795e-06 1.5665119428659558e-05 -7.8629625746029891e-06 0.00021774131099107146 0.00014693937686428851 -8.6993475913523117e-06 4.5843402119093823e-05 0.00013983317261933147 -2.6908162622457971e-05 -1.2392539783007252e-05 -7.8495266542130621e-06 -8.5676890869707503e-06 -3.6715331288916172e-06 0.00023429507705568695 -3.2958298471554823e-05 0.0002178605022407694 1.1244585629964169e-05 9.5449259446631998e-05 -3.7767712494419511e-06 3.5704369944430743e-05 -1.4098014503179671e-05 2.7571476986129265e-05
leaf_weight=87 26 297 29 23 22 20 25 137 38 22 1050 28 21 22 26 21 47 506 38 107 73 21 23 29 28 20 3275 20 1001 38
leaf_count=87 26 297 29 23 22 20 25 137 38 22 1050 28 21 22 26 21 47 506 38 107 73 21 23 29 28 20 3275 20 1001 38
internal_value=-0.000807585 -0.000762834 -0.000694776 0.00132911 0.000631398 -1.84514e-05 0.00518518 -0.00131337 -0.00271429 0.00452381 -0.000794394 -0.00156772 -0.000638339 0.00430232 -0.000678431 0.00297872 0.000479451 -0.000744478 -0.000584168 -0.000634497 0.00164452 0.00403614 0.00736559 0.013 -0.0012963 0.000813952 -0.000791401 0.00448276 -0.00086231 -0.000593119
internal_weight=7120 7033 6736 316 293 271 54 217 175 42 6420 1078 5342 43 5299 94 73 5205 4699 4673 301 166 93 50 135 43 4372 58 4314 3313
internal_count=7120 7033 6736 316 293 271 54 217 175 42 6420 1078 5342 43 5299 94 73 5205 4699 4673 301 166 93 50 135 43 4372 58 4314 3313
is_linear=0
shrinkage=0.05


Tree=59
num_leaves=31
num_cat=0
split_feature=9 17 11 9 11 11 32 40 25 11 5 4 9 41 4 20 11 34 18 18 20 18 0 23 40 9 41 39 41 19
split_gain=0.370683 0.545455 0.381662 0.467432 0.389513 0.874642 0.812748 0.90947 0.783 0.607888 1.02915 0.522248 0.567028 1.46313 1.40886 1.07323 0.749785 1.07315 0.68583 1.12 0.916364 0.836578 0.913505 0.609394 0.599785 0.581471 0.620124 0.853259 1.13487 1.6351
threshold=0.023109844058079924 0.006218852012572859 0.014656703774668623 0.016389690150463983 -0.00023977878542405168 -0.0015592123621079974 -645.95752731071104 -327.3702989422963 -1.1453387282933243 -0.0016664725612658352 -0.00051995351798566041 171.18566500000003 -0.00041057511798487501 -727.76913606255175 211.53373500000004 410.27000000000413 0.0010117066194982613 117683.15730563992 244.67500000000294 308.30999999999773 110.07499999998983 -93.455000000001732 103635.925 1.4966568643086477 -140.7164647426907 -0.0029601302111331323 569.09865934417928 389.39499999999992 -52.853549200879613 453.69499999999977
decision_type=2 2 2 2 2 2 2 2 2 2 2 2 2 2 2 2 2 2 2 2 2 2 2 2 2 2 2 2 2 2
left_child=2 -2 3 4 5 8 7 -7 -1 -10 -11 -6 13 -13 -15 23 17 18 21 -20 -21 22 -14 25 -18 -16 27 -27 -29 -30
right_child=1 -3 -4 -5 11 6 -8 -9 9 10 -12 12 16 14 15 -17 24 -19 19 20 -22 -23 -24 -25 -26 26 -28 28 29 -31
leaf_value=4.2660968376525271e-05 -7.7784694200745512e-05 0.00011147573600834207 -1.6737589203883823e-05 8.4434994572944182e-05 -3.6745712573203258e-05 -2.0638979104422292e-06 -3.3431856586093437e-05 5.6812288584475501e-05 -4.930212083745819e-06 0.00011241136080385585 -4.5783378231363423e-05 0.00022718931798753795 -8.8102344539417359e-05 4.1987999694917676e-06 -1.1931159246550489e-05 0.00024404611504382696 -1.5796554820540804e-05 4.921721878366466e-05 0.00014014070116214294 -6.717516388570082e-05 3.3400802734636391e-05 -3.5240721503279927e-05 4.8970431804966919e-05 6.6538199006747569e-05 -2.9444876912312894e-06 -3.7817816008428458e-05 -8.3026033856100311e-05 -1.756907869296456e-05 0.00013504108267184048 -3.1846921104857786e-06
leaf_weight=34 22 32 423 28 191 80 449 30 2719 23 30 39 23 27 258 22 508 28 20 28 22 138 29 30 1472 84 45 126 87 73
leaf_count=34 22 32 423 28 191 80 449 30 2719 23 30 39 23 27 258 22 508 28 20 28 22 138 29 30 1472 84 45 126 87 73
internal_value=-0.000793541 0.00333333 -0.000825079 -0.000732351 -0.000759638 -0.0011367 -0.00294276 0.00090909 -0.000776908 -0.00086941 0.00443396 -0.000369232 -0.000210854 0.000941845 0.000452126 3.44816e-05 -0.000612876 0.00177083 0.00076923 0.005 0.000999999 -0.000789475 0.00461538 -0.000305833 -0.000959597 -0.000616643 0.000542167 0.00121622 0.00251748 0.0053125
internal_weight=7120 54 7066 6643 6615 3365 559 110 2806 2772 53 3250 3059 791 752 725 2268 288 260 70 50 190 52 703 1980 673 415 370 286 160
internal_count=7120 54 7066 6643 6615 3365 559 110 2806 2772 53 3250 3059 791 752 725 2268 288 260 70 50 190 52 703 1980 673 415 370 286 160
is_linear=0
shrinkage=0.05


Tree=60
num_leaves=31
num_cat=0
split_feature=4 9 4 38 24 38 4 17 11 15 16 21 20 20 21 4 24 4 19 24 5 7 7 11 24 11 13 28 4 38
split_gain=0.371019 0.869228 0.464982 0.319242 0.618275 0.543198 0.487761 0.394779 0.373143 0.414212 0.549346 0.452917 0.581022 1.05312 0.412812 0.648579 1.40418 1.44645 1.12887 0.984586 1.83115 0.895626 0.531473 0.525973 0.820091 0.849149 1.02747 1.13312 1.03926 0.969697
threshold=171.18566500000003 -0.0022054335588801116 177.05860000000004 21.020074811088524 1420.9107617500006 21.765306724213385 5819.3404100000007 0.0025417330908303068 0.01316490033132651 0.0036503783764441581 0.0032593303621452807 132.26999999999683 146.26499999999945 86.565000000009618 91.090000000003798 333.44386000000003 404.18693980000006 318.00042000000002 353.27999999999889 887.94205670000008 -7.0468029372868629e-05 0.00086723332865861066 -0.0022962157370319839 0.0062981722625825394 2082.8181645000004 0.0081969994239468724 0.007809766371646449 910.46094057697348 481.01411500000006 51.32756870864241
decision_type=2 2 2 2 2 2 2 2 2 2 2 2 2 2 2 2 2 2 2 2 2 2 2 2 2 2 2 2 2 2
left_child=1 -1 -2 4 7 -5 8 -4 14 -10 -11 12 13 -12 -7 16 21 19 -19 22 -21 -16 -18 -17 25 26 28 -28 -25 -30
right_child=2 -3 3 5 -6 6 -8 -9 9 10 11 -13 -14 -15 15 23 17 18 -20 20 -22 -23 -24 24 -26 -27 27 -29 29 -31
leaf_value=2.8180631278185035e-05 1.3604990461237612e-05 -3.1363005903615329e-05 3.4144725794881652e-06 1.0256467315736851e-05 7.2113041807973254e-05 -6.2478317043371042e-06 0.00090972443349769238 -2.4166106885512958e-05 -5.5151229839025824e-05 0.00013108514836485542 -1.1471920796512359e-05 -3.0591022818322134e-05 -1.7900137900619063e-05 0.00010468743765079516 1.2575902849991337e-05 -3.1141343946640408e-06 3.3741978525479169e-06 -2.5888774815019937e-05 7.3388211924398558e-05 -8.1976137164150808e-05 6.700702536696301e-05 8.9712779121192663e-05 -3.3625002156423163e-05 -6.0086364156678711e-06 5.5176985453901188e-05 -5.4946715073889357e-06 -7.8606318494278476e-05 2.1154850232472176e-05 7.5640650114050349e-05 0.00014928739173559731
leaf_weight=27 28 289 27 26 25 2533 21 205 93 22 53 247 125 33 33 2419 32 22 31 27 24 20 273 21 28 288 61 21 33 33
leaf_count=27 28 289 27 26 25 2533 21 205 93 22 53 247 125 33 33 2419 32 22 31 27 24 20 273 21 28 288 61 21 33 33
internal_value=-0.000793541 -0.00246836 -0.000715757 -0.000742327 -0.00247082 -0.000674184 -0.000703066 -0.00327586 -0.000727752 -0.0019459 -0.00135417 -0.00172489 -2.36979e-05 0.00313953 -0.000609427 -0.000246585 0.00149351 0.000501221 0.00820755 -0.000646069 0.00578431 0.00915094 -0.00172131 -0.000523417 0.00097938 0.000470458 0.00328402 -0.000731709 0.00706896 0.0101515
internal_weight=7120 316 6804 6776 257 6519 6493 232 6472 573 480 458 211 86 5899 3366 462 409 53 356 51 53 305 2904 485 457 169 82 87 66
internal_count=7120 316 6804 6776 257 6519 6493 232 6472 573 480 458 211 86 5899 3366 462 409 53 356 51 53 305 2904 485 457 169 82 87 66
is_linear=0
shrinkage=0.05


Tree=61
num_leaves=31
num_cat=0
split_feature=15 9 25 11 11 42 42 20 23 4 28 28 19 36 19 34 9 23 17 16 24 25 0 36 16 31 21 13 18 17
split_gain=0.332278 0.31929 0.668182 0.564538 0.48827 0.667425 0.485581 0.324806 1.25 0.625 0.308099 0.596197 0.59978 0.439253 1.77102 0.792483 1.11681 1.61033 0.873886 0.508467 0.921836 0.491458 0.861142 0.404563 0.413061 0.885859 0.437575 1.07123 1.56863 0.927536
threshold=0.00089893999329475219 0.017158159924208206 0.18747697948145578 0.01316490033132651 0.023209118152894968 321.92974902847089 40.630623972116247 684.79500000000564 1.6613580350169588 1846.6364150000002 -1405.5743265579074 -1698.5502988330043 611.55999999999779 -2643.6407416457582 1464.3549999999962 88953.59045660733 0.0018834245598508667 -0.4629655130508934 0.0030514131945370351 0.0083246228205788256 1764.5392712000003 -0.80075936980431417 113639.90500000001 -2134.5633441023961 0.0053514639433671378 82674.189800000022 1.0000000180025095e-35 0.0017912485025264762 366.93000000000035 0.0033060878086142924
decision_type=2 2 2 2 2 2 2 2 2 2 2 2 2 2 2 2 2 2 2 2 2 2 2 2 2 2 2 2 2 2
left_child=-1 3 -3 7 -4 -6 -5 10 9 -9 11 12 -2 14 15 16 17 -12 -17 20 23 -20 -23 -15 25 -25 27 -27 29 -29
right_child=1 2 4 6 5 -7 -8 8 -10 -11 13 -13 -14 19 -16 18 -18 -19 21 -21 -22 22 -24 24 -26 26 -28 28 -30 -31
leaf_value=-3.0197433561820054e-05 3.279228393240815e-05 0.00015132583173910823 -4.4547967576110751e-05 9.7037096765878038e-05 0.00012583118278328904 -2.0653002882645095e-05 -1.5587812833025573e-05 6.7890363061392462e-07 -4.0184333552485708e-05 0.00019490530253084772 0.00027145860088172933 -3.2302517683186463e-05 -6.4582759617815497e-06 -1.2190434212153361e-05 0.00016181598998602292 1.7933434670818832e-05 -2.0855296389568436e-05 7.306039552302731e-07 -2.9021626030595116e-05 -4.4944696996109451e-05 4.8007163932910923e-05 -2.1270701807072062e-06 0.00010190363275009657 9.7813388734849791e-05 -1.0071682682123138e-05 -4.684014845984879e-06 -4.2559801415381355e-06 0.00018576476756681186 -3.2222667805153011e-05 1.9170415489581296e-05
leaf_weight=87 26 36 37 28 33 29 444 20 40 20 23 142 278 259 28 32 29 31 156 112 37 433 20 20 475 88 4089 23 20 25
leaf_count=87 26 36 37 28 33 29 444 20 40 20 23 142 278 259 28 32 29 31 156 112 37 433 20 20 475 88 4089 23 20 25
internal_value=-0.000779496 -0.000741506 0.00166667 -0.000788636 -0.000454547 0.00225806 -0.00245763 -0.000666045 0.0025 0.00875 -0.000705958 -0.0019731 -0.000723685 -0.000610171 0.000518616 4.14353e-05 0.00463855 0.00888889 -0.000553823 -0.000775059 -0.000700954 -0.000977013 -0.000143489 -0.000759153 -0.00065401 -0.000498243 -0.000547704 0.00205128 0.0067647 0.0116667
internal_weight=7120 7033 135 6898 99 62 472 6426 80 40 6346 446 304 5900 752 724 83 54 641 5148 5036 609 453 4999 4740 4265 4245 156 68 48
internal_count=7120 7033 135 6898 99 62 472 6426 80 40 6346 446 304 5900 752 724 83 54 641 5148 5036 609 453 4999 4740 4265 4245 156 68 48
is_linear=0
shrinkage=0.05


Tree=62
num_leaves=31
num_cat=0
split_feature=11 18 20 11 5 19 20 3 22 4 35 22 41 24 9 9 1 25 20 20 19 13 32 2 36 11 17 4 15 24
split_gain=0.35633 0.689943 0.373285 0.696053 1.06481 1.8135 0.843956 0.532669 1.12122 1.26558 0.520987 0.478632 0.75969 0.465453 0.771693 0.719127 1.7119 0.779054 1.22134 0.771416 1.14168 0.658561 0.637953 1.21794 1.2524 0.550934 0.764749 0.62755 0.822011 1.40845
threshold=0.01316490033132651 1686.1699999999985 141.54499999999828 -0.0084898350992668268 -0.0049988028464751548 965.49499999999546 339.65000000000151 119337.26000000001 704.18689600000005 460.01161500000006 112226.65107500002 822.99177025000006 431.97721484222387 520.87218100000007 0.00055573818023880149 0.0016411421297247823 105788.83 -0.46627259222768536 63.269999999996806 20.995000000002623 380.6199999999954 0.0016069431782602505 -298.09488678445626 104150.06500000002 -1211.548680530628 -0.0065821333709736125 0.0055407260832028562 1658.0899700000002 0.0042091124286954265 880.08590600000014
decision_type=2 2 2 2 2 2 2 2 2 2 2 2 2 2 2 2 2 2 2 2 2 2 2 2 2 2 2 2 2 2
left_child=2 -2 7 -4 5 -5 -7 10 9 -9 13 -10 -13 14 22 16 -16 -17 19 -19 -21 -18 23 -1 -25 26 27 28 -15 -30
right_child=1 -3 3 4 -6 6 -8 8 11 -11 -12 12 -14 25 15 17 21 18 -20 20 -22 -23 -24 24 -26 -27 -28 -29 29 -31
leaf_value=-4.8256902455296924e-06 -1.1379297572070103e-05 0.00010573935215881818 -8.4918662243820223e-06 9.7609709703068388e-05 -1.0278134958618761e-07 0.00020636291854508822 -7.3624644421091629e-05 -6.424582902789795e-06 -9.0737346698311697e-05 0.00021009350257400125 -1.9940101972165624e-05 3.707541507878543e-05 -3.9009770803631621e-05 1.7590923160219207e-06 0.00024317553142546254 -5.0599949439878477e-05 -5.6751873182027164e-05 3.3823080040136145e-05 -3.9291036382462703e-05 2.931389824033069e-05 0.00016462164589985874 2.6859939959193926e-05 -1.8713562575869992e-05 4.2679196568648134e-05 6.6101005794419548e-06 -1.1308937647099296e-05 -9.0173869240065864e-06 -1.0112947985185862e-05 2.5956704470011829e-06 9.3076646141900714e-05
leaf_weight=74 561 21 519 25 1767 35 30 21 42 23 1025 32 43 160 32 58 26 28 78 31 20 21 248 20 31 1839 156 53 72 29
leaf_count=74 561 21 519 25 1767 35 30 21 42 23 1025 32 43 160 32 58 26 28 78 31 20 21 248 20 31 1839 156 53 72 29
internal_value=-0.000807585 -0.00199313 -0.000702051 -0.000202021 0.000250403 0.00555555 0.00115384 -0.000987507 0.0018323 0.00863636 -0.00110098 -0.000726497 0.00166667 -0.00076613 0.0003973 0.00231292 0.0063924 0.000813952 0.00264331 0.00702532 0.0106863 0.000319148 -0.0011126 0.0018 0.0077451 -0.00110221 0.000425531 0.00184713 0.0028544 0.00638614
internal_weight=7120 582 6538 2376 1857 90 65 4162 161 44 4001 117 75 2976 667 294 79 215 157 79 51 47 373 125 51 2309 470 314 261 101
internal_count=7120 582 6538 2376 1857 90 65 4162 161 44 4001 117 75 2976 667 294 79 215 157 79 51 47 373 125 51 2309 470 314 261 101
is_linear=0
shrinkage=0.05


Tree=63
num_leaves=31
num_cat=0
split_feature=15 24 39 28 39 25 7 21 15 36 16 16 39 9 38 5 0 28 20 34 30 7 30 9 4 25 20 0 23 39
split_gain=0.327734 0.341218 0.941978 2.07171 0.518241 0.479967 0.776778 0.807348 0.948542 0.745689 1.44 0.627938 1.27219 1.2 0.460721 0.541065 0.4 0.399168 0.370936 0.337566 0.625524 0.770746 1.69974 0.866597 1.32108 0.769818 0.761905 0.477603 0.506169 0.492728
threshold=0.00089893999329475219 445.94631060000006 565.1032142857149 -77.861089892816366 261.05714285714259 0.91482335185751051 0.00077686676748507904 160.47499999999857 0.0011863219702466601 -1211.548680530628 0.0020318636398594576 0.0016511958012843466 384.09571428571411 0.0012680070104157356 35.996427345740749 0.0015247551003682905 108833.20500000002 464.13040064278908 316.6199999999954 112264.61981833767 110034.25300771296 0.0007086879492308229 110761.51929533696 0.0042945524716126995 829.56644000000017 -0.61800664762987345 112.96499999999652 110955.02500000001 3.7884166820798337 292.27714285714382
decision_type=2 2 2 2 2 2 2 2 2 2 2 2 2 2 2 2 2 2 2 2 2 2 2 2 2 2 2 2 2 2
left_child=-1 2 5 -4 -3 6 9 8 -8 10 -2 -10 13 -13 -11 -16 -15 -14 -7 20 27 22 26 -23 -25 -24 -22 28 29 -6
right_child=1 4 3 -5 19 18 7 -9 11 14 -12 12 17 16 15 -17 -18 -19 -20 -21 21 23 25 24 -26 -27 -28 -29 -30 -31
leaf_value=-2.7690556785120763e-05 -5.570252505183027e-05 -4.3471310709218077e-05 7.2108494196625796e-05 -2.0879364496370388e-05 1.894742971927613e-05 -2.5649165312634476e-05 4.7101851206081608e-05 0.00011558238455256201 -5.7007475098847015e-05 8.4794677678136746e-06 3.9615906803544837e-05 0.00020496693458621395 -4.6998810746432886e-05 -2.9364863493699001e-05 -2.3982524732916588e-05 2.6524742097890641e-05 0.00011219974245779135 1.5160084483713076e-05 1.4474033487485819e-05 -8.0531930168830644e-06 6.5708273096106251e-05 -3.2389113682104303e-05 6.6767770248029468e-05 0.0001668706976417492 -8.126699729678204e-05 -2.5949379298605299e-05 6.2552820751266802e-05 -7.587056319073411e-05 0.00015259843304129639 -3.7783392474711825e-06
leaf_weight=87 25 119 21 30 64 143 26 34 58 35 20 20 48 20 272 27 20 26 25 1618 27 102 37 32 34 116 21 66 27 3920
leaf_count=87 25 119 21 30 64 143 26 34 58 35 20 20 48 20 272 27 20 26 25 1618 27 102 37 32 34 116 21 66 27 3920
internal_value=-0.000800563 -0.000762834 0.000176469 0.0067647 -0.000891963 -0.000244056 0.000388271 0.00253968 0.00142202 -0.00104222 0.005 0.000208332 0.00208955 0.0075 -0.00185629 -0.00249164 0.0025 -0.0022973 -0.00261905 -0.000827838 -0.00060279 0.00136856 0.00345771 -0.00113095 0.00333333 0.000882352 0.0116667 -0.000781213 -0.000711794 -0.000758033
internal_weight=7120 7033 850 51 6183 799 631 252 218 379 45 192 134 60 334 299 40 74 168 6064 4446 369 201 168 66 153 48 4077 4011 3984
internal_count=7120 7033 850 51 6183 799 631 252 218 379 45 192 134 60 334 299 40 74 168 6064 4446 369 201 168 66 153 48 4077 4011 3984
is_linear=0
shrinkage=0.05


Tree=64
num_leaves=31
num_cat=0
split_feature=39 24 15 4 39 15 4 13 28 39 21 19 15 1 20 39 15 22 36 35 24 0 20 23 20 15 7 23 13 17
split_gain=0.392667 0.547023 1.40617 0.807677 0.707403 1.24006 0.690445 1.45547 0.770852 0.548183 0.694766 0.556383 0.659587 1.16054 1.08678 1.31276 1.25538 0.738018 0.614474 0.598858 0.557533 0.898491 0.540377 0.828596 0.575085 0.92827 0.511434 0.624843 1.1748 1.04302
threshold=189.11535714285546 404.18693980000006 0.0011863219702466601 1104.027585 369.98642857142903 0.0024206601190697773 326.30541500000004 -0.0030600114385304356 136.78377991387245 367.27392857142752 1.0000000180025095e-35 207.12500000000003 0.0022458404458779685 107374.69500000002 105.74500000000263 404.93964285714338 0.0021526840829819696 902.88452375000008 2026.0433779424277 81228.443800000023 482.69405440000008 108573.34000000001 264.45999999999918 -0.4240752344802094 11.160000000003494 0.0042091124286954265 0.001152112743266778 -0.44689502013335541 0.0043881529993321294 0.0027945865098637809
decision_type=2 2 2 2 2 2 2 2 2 2 2 2 2 2 2 2 2 2 2 2 2 2 2 2 2 2 2 2 2 2
left_child=-1 2 -2 4 5 6 7 -4 -9 10 -3 -11 13 14 16 -16 -13 -17 19 -14 21 -20 24 -24 25 -22 27 28 29 -15
right_child=1 9 3 -5 -6 -7 -8 8 -10 11 -12 12 18 26 15 17 -18 -19 20 -21 22 -23 23 -25 -26 -27 -28 -29 -30 -31
leaf_value=-2.8507688784022941e-05 5.4724174895663002e-05 1.3550232417407552e-05 2.6629624566466994e-05 5.7212082086843887e-05 -1.2939540218645199e-05 9.1214243268557748e-05 -1.4240278807457779e-05 -3.8446401294052524e-05 2.7265416611640379e-05 -4.8990428004457793e-05 -1.9064822368899607e-05 -1.6338134439595387e-05 2.2565362606345539e-05 -3.2103641926353531e-05 0.00014928064121400204 2.8700850261339277e-06 2.967644737257611e-05 0.00019263712356282296 6.2712173544892004e-05 -1.6333168386910724e-06 -3.2087331313070348e-05 -1.6800830085261841e-05 5.3939618123534406e-05 -7.2999536447782136e-06 -2.2304367066739656e-05 3.9188144782949449e-05 -3.8710841941784513e-05 -7.5559452439345838e-06 -4.6497396426599276e-05 5.5259811159429306e-05
leaf_weight=116 22 36 20 25 230 36 84 40 41 135 819 95 37 22 24 50 21 24 22 3712 65 34 38 187 798 24 123 139 41 60
leaf_count=116 22 36 20 25 230 36 84 40 41 135 819 95 37 22 24 50 21 24 22 3712 65 34 38 187 798 24 123 139 41 60
internal_value=-0.00082163 -0.000773845 0.000823292 0.0002521 -0.000232817 0.00178733 0.000135134 0.00292079 -6.17296e-05 -0.000896097 -0.00207602 -0.000717573 -0.000639958 0.000926543 0.0038785 0.0077551 0.000603447 0.00445946 -0.000830792 -0.000518806 -0.00183219 0.00303571 -0.00207734 0.00011111 -0.00263247 0.00117977 -0.000714287 0.00053435 0.00313008 0.00658536
internal_weight=7120 7004 498 476 451 221 185 101 81 6506 855 5651 5516 599 214 98 116 74 4917 3749 1168 56 1112 225 887 89 385 262 123 82
internal_count=7120 7004 498 476 451 221 185 101 81 6506 855 5651 5516 599 214 98 116 74 4917 3749 1168 56 1112 225 887 89 385 262 123 82
is_linear=0
shrinkage=0.05


Tree=65
num_leaves=31
num_cat=0
split_feature=36 35 32 17 5 38 11 39 15 19 39 16 40 20 21 25 25 27 24 11 21 40 18 21 5 13 23 39 42 3
split_gain=0.324091 0.630565 0.430553 0.552662 0.948888 0.605724 0.833655 1.35498 0.537348 0.587044 0.917668 0.922811 0.529018 0.510321 0.467699 0.591946 1.23174 0.68495 0.45293 0.563317 0.430422 0.615293 0.627408 0.537859 0.832661 0.420828 0.418414 0.41243 0.563706 0.60048
threshold=2026.0433779424277 81228.443800000023 78.048772182257395 0.0015870457234495323 0.00025785491408679987 47.420632026598788 0.0034554804651903428 597.80392857142908 0.0017278664680271637 226.28499999999624 317.32928571428738 0.00429690299971774 -103.51314691872538 6.8549999999959264 226.00500000000469 -0.37085427009116406 -0.59844557832600687 107328.46250000001 2712.8563950000007 0.01316490033132651 27.419999999998257 74.880621372591136 296.17000000000559 34.36499999999797 -0.001003977770079394 -0.0067265558727320615 0.2150844433861733 451.25035714285752 -99.24416074810064 81485.005000000019
decision_type=2 2 2 2 2 2 2 2 2 2 2 2 2 2 2 2 2 2 2 2 2 2 2 2 2 2 2 2 2 2
left_child=1 -1 8 4 -4 6 14 -8 -3 10 -10 -12 26 -11 15 16 25 -18 19 27 21 22 -14 24 -22 -5 -7 -15 -29 -30
right_child=-2 2 3 5 -6 12 7 -9 9 13 11 -13 20 18 -16 -17 17 -19 -20 -21 23 -23 -24 -25 -26 -27 -28 28 29 -31
leaf_value=2.1437094476028287e-05 -8.9574553474237775e-06 -2.2876350211809018e-05 -3.9285849974340139e-05 1.3030711883154723e-06 2.8733298471054825e-05 0.00018217567519698971 0.00013720939526032152 -6.0240387898587746e-07 4.5074188902300394e-05 -2.143673199026718e-05 -1.72860253155613e-05 8.833989396766111e-05 -2.0891109264766848e-05 -1.1359982345130985e-05 5.4389776383692183e-05 -2.1502156250291543e-05 3.9145809348569242e-05 1.7753018225588947e-05 6.7361621023540502e-05 -5.8859160152713797e-05 5.0717699059902103e-05 -3.2855155604453005e-05 0.00035683246193727019 -2.3126822788598835e-06 -1.1262150649498413e-06 -3.1440265918611977e-05 -6.5693603001712325e-06 -5.6598482290899074e-06 0.00021049578973392539 3.5667173078839137e-08
leaf_weight=37 1522 467 20 23 23 25 31 32 25 245 94 25 45 448 38 69 20 26 22 79 20 234 22 1195 47 63 22 856 34 1311
leaf_count=37 1522 467 20 23 23 25 31 32 25 245 94 25 45 448 38 69 20 26 22 79 20 234 22 1195 47 63 22 856 34 1311
internal_value=-0.000870788 -0.000694892 -0.000738178 -0.000140666 0.00546512 -0.000266738 0.00178808 0.00690476 -0.00106212 -0.000826698 0.00229167 0.000462184 -0.000652175 -0.000976629 0.000439329 -0.000522389 0.00143939 0.00804348 -0.000781819 -0.000839444 -0.000809342 -0.00250831 0.00171642 -0.000404122 0.00395522 -0.00209302 0.00457447 -0.000715365 -0.000433895 0.00020446
internal_weight=7120 5598 5561 1955 43 1912 302 63 3606 3139 144 119 1610 2995 239 201 132 46 2750 2728 1563 301 67 1262 67 86 47 2649 2201 1345
internal_count=7120 5598 5561 1955 43 1912 302 63 3606 3139 144 119 1610 2995 239 201 132 46 2750 2728 1563 301 67 1262 67 86 47 2649 2201 1345
is_linear=0
shrinkage=0.05


Tree=66
num_leaves=31
num_cat=0
split_feature=34 18 17 40 38 15 42 5 32 21 40 28 13 40 20 5 5 39 41 24 7 16 11 35 7 34 16 18 38 38
split_gain=0.365029 0.536653 0.528334 0.824171 0.545374 0.828157 1.01651 0.966376 0.516767 0.890416 0.581814 0.487804 1.30518 1.40442 1.69377 0.606686 0.841026 0.560133 0.535883 0.934494 1.25 1.95483 0.553592 0.481425 0.590953 0.423652 0.831888 0.639099 0.729428 0.745403
threshold=111663.15160559413 -1279.2499999999998 0.0038429769625451869 -739.41530473974115 71.074557869543355 0.0044955337710421038 -56.968351243181836 0.00013642994022252189 1648.7919220755141 81.565000000002343 289.65133443229576 266.53318862627208 0.0057695952078976312 12.65532074395742 48.199999999997097 -0.00037521740809180233 -0.00055138388061080044 661.70642857142809 28.464788814254124 646.49097660000018 -0.0016798136622818546 0.0034029177039707572 0.00059417260692971332 115666.70180000002 -0.0018724981676325823 111080.39619073407 0.0018915695449132411 -84.650000000001441 74.132041668022637 60.633328580221807
decision_type=2 2 2 2 2 2 2 2 2 2 2 2 2 2 2 2 2 2 2 2 2 2 2 2 2 2 2 2 2 2
left_child=25 -2 3 -3 5 8 -7 -8 10 -10 11 15 13 -13 -15 16 18 -14 19 23 21 -21 -20 24 -5 -1 -27 -28 29 -29
right_child=1 2 -4 4 -6 6 7 -9 9 -11 -12 12 17 14 -16 -17 -18 -19 22 20 -22 -23 -24 -25 -26 26 27 28 -30 -31
leaf_value=-3.2356156458348855e-06 0.00013585957312212973 1.9255611651468601e-05 -1.632962368897234e-05 -4.6752531401331076e-05 -3.6164992239977595e-05 -6.0757366915596562e-06 0.00014295869810623208 1.1768660506506011e-06 -4.3057192719102698e-05 8.9678658908415044e-05 -2.5845980466861895e-05 -8.9375231114438131e-06 -6.7637010057567195e-05 0.00027688875949819744 2.5083766781242211e-06 -2.5898045405250809e-05 0.00012568104090993898 7.2488527643658774e-05 -3.567405207273001e-05 0.00010435621819646432 -1.4608182517010355e-05 -9.4925749493935184e-07 1.3063044598139585e-06 -1.3744577770884571e-05 0.00017447180122143009 6.713582201809064e-05 -4.1188339603897141e-05 4.9192935415807519e-06 -8.6739109104502096e-05 0.00012450445881235475
leaf_weight=4824 22 22 630 23 167 34 20 21 22 21 141 22 79 30 35 432 20 20 137 34 30 26 20 98 22 22 39 59 25 23
leaf_count=4824 22 22 630 23 167 34 20 21 22 21 141 22 79 30 35 432 20 20 137 34 30 26 20 98 22 22 39 59 25 23
internal_value=-0.000856743 -0.00140508 -0.00148623 -0.000968836 -0.00111417 -0.000765347 0.00433333 0.00963415 -0.00108086 0.00430232 -0.00127887 -0.00086576 0.00145161 0.00591954 0.00961538 -0.00137767 -1.19209e-09 -0.00247475 -0.000512822 0.00100858 0.005 0.00916667 -0.0027707 -0.0015035 0.00277778 -0.000622998 0.00184524 0.000479451 0.00247663 0.0047561
internal_weight=7120 2128 2106 1476 1454 1287 75 41 1212 43 1169 1028 186 87 65 842 410 99 390 233 90 60 157 143 45 4992 168 146 107 82
internal_count=7120 2128 2106 1476 1454 1287 75 41 1212 43 1169 1028 186 87 65 842 410 99 390 233 90 60 157 143 45 4992 168 146 107 82
is_linear=0
shrinkage=0.05


Tree=67
num_leaves=31
num_cat=0
split_feature=27 3 40 21 41 17 42 42 15 20 20 9 36 11 24 32 13 40 13 31 21 32 36 19 21 13 40 17 42 39
split_gain=0.495015 0.766452 1.13099 0.698592 0.513653 1.072 0.463261 0.495408 0.695817 0.417332 1.0311 0.55099 0.831736 1.26572 0.767534 0.53872 0.633937 1.54249 0.86443 1.08861 0.797434 0.894172 0.938242 0.919544 0.857143 0.726754 1.65081 0.77781 0.691256 0.75487
threshold=111985.64150000001 111778.52000000002 227.89179296338264 130.90499999999886 -693.93677879293136 0.0043642156768563126 -200.25643257021446 -174.25010650107549 0.0029058163343797525 62.134999999994768 63.269999999996806 -0.0052931384188474404 1026.2730164109237 -0.0048547056408116988 551.97704770000007 2160.9959458033341 0.0016069431782602505 -739.41530473974115 0.027544933376003833 103871.24769999999 451.59000000000384 1583.7188040443 2548.4967971015362 223.45500000000177 122.93499999999769 0.003914958541618197 182.78806606183937 0.0061605686096578649 -30.247082876502215 915.29964285714448
decision_type=2 2 2 2 2 2 2 2 2 2 2 2 2 2 2 2 2 2 2 2 2 2 2 2 2 2 2 2 2 2
left_child=1 9 -3 -4 5 -2 -6 8 -8 11 -11 12 14 -14 -1 16 -12 -18 19 20 21 23 24 -19 -23 26 -21 -27 -25 -30
right_child=4 2 3 -5 6 -7 7 -9 -10 10 15 -13 13 -15 -16 -17 17 18 -20 25 -22 22 -24 28 -26 27 -28 -29 29 -31
leaf_value=4.250106556630885e-05 2.0869900417839809e-05 0.00018115775204422999 7.9787792774327576e-05 -4.5815610759804894e-05 -6.5556043406669027e-05 -1.3637376040826687e-05 -1.4469743514570399e-05 -6.9898491435076028e-06 2.3066681838006726e-05 0.00012375778263032481 -3.4141258816834453e-06 -1.3926305420658501e-05 5.3321495875620655e-05 -5.3244558057172691e-05 -3.0975575494496185e-06 -1.6644934538464357e-05 0.00021123977655501666 2.2064404534172911e-05 -8.7221435744357654e-05 -1.8627479561480184e-05 0.00017388794788582152 0.00023434819100776234 2.2645652610686392e-05 3.107849165683035e-05 2.7069979335579552e-05 -1.7085481981091204e-05 9.5831426438257859e-05 4.2214068494398507e-05 -3.8793670035205055e-06 3.2962146167802749e-05
leaf_weight=36 20 25 40 31 149 43 22 1702 24 23 1838 1454 26 20 164 210 21 37 87 71 35 21 47 50 21 321 28 28 460 66
leaf_count=36 20 25 40 31 149 43 22 1702 24 23 1838 1454 26 20 164 210 21 37 87 71 35 21 47 50 21 321 28 28 460 66
internal_value=-0.000828653 -0.000571707 0.00385417 0.000633802 -0.0015051 0.00293651 -0.00165261 -0.00142449 0.00369565 -0.000655609 -0.000332938 -0.00129412 0.000894308 0.00695652 -0.000500001 -0.000405568 -0.000241138 0.000607114 0.000385219 0.000738395 0.00191994 0.00155271 0.00623595 0.000872756 0.0116667 -0.00120536 0.00257576 -0.00227794 0.000381943 -0.000152092
internal_weight=7120 5160 96 71 1960 63 1897 1748 46 5064 3364 1700 246 46 200 3341 3131 1293 1272 1185 737 702 89 613 42 448 99 349 576 526
internal_count=7120 5160 96 71 1960 63 1897 1748 46 5064 3364 1700 246 46 200 3341 3131 1293 1272 1185 737 702 89 613 42 448 99 349 576 526
is_linear=0
shrinkage=0.05


Tree=68
num_leaves=31
num_cat=0
split_feature=2 7 18 5 21 35 36 42 38 38 42 15 20 38 25 16 9 41 38 36 36 31 19 32 20 21 36 27 26 15
split_gain=0.406168 0.465952 0.431678 0.478399 0.9 0.445749 1.34223 0.466706 0.477665 0.988386 0.580335 0.456996 0.452572 0.428895 0.736561 0.662035 1.18148 1.59107 0.714105 0.593673 0.740809 2.30057 0.602565 0.9375 0.577427 0.56129 0.479977 0.437418 0.808262 0.443683
threshold=108657.47000000002 0.02291302681941158 665.4300000000004 0.0066473756261444337 99.85999999999332 109916.71370000002 -2694.4115848928554 97.468563785039123 25.832724336712705 31.876633564308509 35.311425911584429 0.0016071766033050384 3.5249999999941797 73.06275946879704 -0.68342219430693596 0.0038953816607810985 0.0064707831592602906 449.97760542781805 77.155594878361029 1999.6583664775901 1629.4524470588515 87185.997700000022 435.41500000000093 925.51966464749432 10.540000000000875 66.645000000004089 1487.1958967239409 108453.43200000002 108240.39591865723 0.0021722162824355509
decision_type=2 2 2 2 2 2 2 2 2 2 2 2 2 2 2 2 2 2 2 2 2 2 2 2 2 2 2 2 2 2
left_child=1 2 3 5 -5 11 7 8 -7 -10 -11 12 -1 19 -15 16 17 18 -16 20 26 -22 23 25 -21 -23 27 28 29 -13
right_child=-2 -3 -4 4 -6 6 -8 -9 9 10 -12 13 -14 14 15 -17 -18 -19 -20 24 21 22 -24 -25 -26 -27 -28 -29 -30 -31
leaf_value=3.4443377338579303e-05 -6.1058917398603153e-06 9.215532410357544e-05 -1.2836682821403115e-05 -0.00012693320852570728 0.00038032292459106527 -8.6207037907716808e-06 0.00012146971323622418 -3.3022764688357601e-05 3.1831339624416427e-05 -3.7168065684763022e-05 1.7901913097433466e-05 6.3517455340852182e-06 -2.4703776960867413e-05 4.9368528400563741e-05 0.00010872626048959744 -6.6235342889287624e-06 -4.4834726924231859e-05 0.00029647467264207048 -3.1737875863367732e-05 4.0201136220923488e-05 0.00011794388916493717 -5.3223034921349804e-05 -1.4199379039832493e-05 0.00011774024887117861 -1.6355602396356845e-05 2.5288423379061447e-05 -6.1051095774446258e-05 -4.7650870634517489e-05 2.6855916337842047e-05 -2.9305125853717957e-06
leaf_weight=30 2796 21 234 20 20 24 40 39 24 50 21 269 269 34 26 181 38 21 27 32 29 29 63 20 510 31 59 89 26 2048
leaf_count=30 2796 21 234 20 20 24 40 39 24 50 21 269 269 34 26 181 38 21 27 32 29 29 63 20 510 31 59 89 26 2048
internal_value=-0.000828653 -0.000524978 -0.000561238 -0.000441142 0.005 -0.000495161 0.00181818 -0.000253166 0.00130252 0.00289474 -7.04237e-05 -0.000614723 -0.00249164 -0.000455834 0.00126911 0.00046075 0.00348214 0.00716216 0.00254717 -0.000631826 -0.000324823 0.00284884 0.000244754 0.003125 -0.00214022 -1.19209e-09 -0.000543959 -0.000435856 -0.000305166 -0.00040354
internal_weight=7120 4324 4303 4069 40 4029 198 158 119 95 71 3831 299 3532 327 293 112 74 53 3205 2663 172 143 80 542 60 2491 2432 2343 2317
internal_count=7120 4324 4303 4069 40 4029 198 158 119 95 71 3831 299 3532 327 293 112 74 53 3205 2663 172 143 80 542 60 2491 2432 2343 2317
is_linear=0
shrinkage=0.05


Tree=69
num_leaves=31
num_cat=0
split_feature=7 20 5 36 36 2 32 32 9 9 42 5 42 13 23 9 17 34 9 27 34 18 42 13 19 35 41 32 20 17
split_gain=0.655015 1.04321 0.507576 0.404518 0.651196 0.871061 0.731661 2.03123 1.02428 0.496507 0.822358 0.461354 0.732033 2.14157 0.876369 0.584095 0.526611 0.395921 0.840319 0.772746 0.753529 0.757576 0.705455 0.766758 1.21332 0.769231 0.768733 0.677583 0.534483 0.629781
threshold=0.017172785769620703 176.4150000000009 0.008048150748392097 2026.0433779424277 1777.1986631691545 90949.185000000012 1006.285422775618 825.74092995074909 0.0020514458876792177 0.017158159924208206 177.3035325890832 0.0057729325988328684 39.16806707658202 -0.00022615604647130343 0.16040578752850276 0.0086380210776100912 0.0066649697258137535 111663.15160559413 -0.0009821187420338464 109354.56225 111252.32895649863 -58.519999999996791 -7.6135287260730413 -0.0034534969551180635 448.10999999999336 115302.09877500001 -693.93677879293136 100.58467280994957 37.174999999995642 0.0046360936981321996
decision_type=2 2 2 2 2 2 2 2 2 2 2 2 2 2 2 2 2 2 2 2 2 2 2 2 2 2 2 2 2 2
left_child=2 -2 3 4 9 -6 7 8 -7 11 -11 15 13 14 -13 17 -14 20 19 -19 28 -22 23 26 25 -25 -20 -23 -1 -30
right_child=1 -3 -4 -5 5 6 -8 -9 -10 10 -12 12 16 -15 -16 -17 -18 18 22 -21 21 27 -24 24 -26 -27 -28 -29 29 -31
leaf_value=-1.3292371235371344e-05 0.00018972219935167834 -2.8470904646563054e-05 -1.8455004761548776e-05 -8.6208073686273881e-06 6.5556185272133973e-05 -3.3076230803154305e-05 -4.1635238542256025e-06 0.00014609518949257447 1.7806669784820256e-05 -7.6436554660830823e-06 9.582570941331669e-05 7.4067684810540435e-05 -7.3359823756023084e-05 0.00032667375919676669 -7.6759404990672727e-05 -2.8322786912192726e-05 0.00013425967296480838 3.1092268729759501e-05 6.6907768790031273e-06 -1.4928602355617196e-06 -4.075894641309769e-06 8.5960903442372247e-05 -4.0920328354797116e-05 9.4474233851208042e-05 8.9690762776279331e-05 -3.4084323758718925e-05 -2.4770995069110669e-05 2.2110263860154995e-05 6.1672872027410627e-07 -5.0266880271967551e-06
leaf_weight=809 27 54 173 1451 30 82 54 20 25 20 21 36 47 21 35 200 21 21 21 671 22 23 513 20 21 32 170 21 1481 978
leaf_count=809 27 54 173 1451 30 82 54 20 25 20 21 36 47 21 35 200 21 21 21 671 22 23 513 20 21 32 170 21 1481 978
internal_value=-0.000828653 0.00364197 -0.000880098 -0.000812701 -0.000614036 0.002109 0.000801104 0.00287401 0.000140186 -0.000724444 0.0047561 -0.000767966 0.001875 0.00478261 0.000633802 -0.00085249 -0.00205882 -0.000742246 -0.00142614 -0.000158961 -0.000440913 0.00484848 -0.0025547 -0.000454547 0.00390411 -0.000192309 -0.00212042 0.00863636 -0.000547737 -0.000180969
internal_weight=7120 81 7039 6866 5415 211 181 127 107 5204 41 5163 160 92 71 5003 68 4803 1469 692 3334 66 777 264 73 52 191 44 3268 2459
internal_count=7120 81 7039 6866 5415 211 181 127 107 5204 41 5163 160 92 71 5003 68 4803 1469 692 3334 66 777 264 73 52 191 44 3268 2459
is_linear=0
shrinkage=0.05


Tree=70
num_leaves=31
num_cat=0
split_feature=7 17 3 34 9 5 18 0 11 17 39 2 20 25 25 23 5 13 32 18 36 2 21 7 42 31 36 42 42 7
split_gain=0.49732 0.770443 0.70028 0.404887 0.605244 0.567331 0.462717 0.948853 1.47659 0.733722 0.696579 0.628205 0.607884 0.918189 2.008 0.765195 1.12826 0.920618 0.931038 0.755473 0.703683 1.44097 0.937298 1.17302 0.800982 0.726209 0.731757 0.663902 0.904895 0.738045
threshold=0.017172785769620703 0.0055407260832028562 85320.290000000008 111663.15160559413 0.0086380210776100912 0.007144162755905444 27.754999999990108 111542.94500000002 0.0048998680794387827 0.0016836835862443903 1370.5507142857157 85202.275000000009 410.27000000000413 0.23080790008210103 1.1484984221545196 -0.75699305149340435 0.0010607046183085226 -0.0022133950789009469 -298.09488678445626 49.474999999998552 -1986.0862848689355 107421.51000000001 188.14499999999683 0.00059018243880903118 -234.4939115819034 84555.784600000014 1393.6479052787038 66.20016887307483 195.94126517186794 0.0023606225928787081
decision_type=2 2 2 2 2 2 2 2 2 2 2 2 2 2 2 2 2 2 2 2 2 2 2 2 2 2 2 2 2 2
left_child=3 -2 -3 4 5 6 10 9 -9 -8 -1 -12 15 -14 -15 16 17 18 -11 -19 21 22 23 -17 -22 26 -26 -18 29 -29
right_child=1 2 -4 -5 -6 -7 7 8 -10 12 11 -13 13 14 -16 20 27 19 -20 -21 24 -23 -24 -25 25 -27 -28 28 -30 -31
leaf_value=-4.1965866329222431e-06 -1.9293117285760741e-05 -0.000126592698429202 0.00018542517077279705 -5.6390610720762586e-06 -1.639362739345076e-05 -3.1701947777465573e-05 6.4983759349531643e-05 2.445951396906821e-06 0.00022484163343145059 1.7874034851555316e-06 0.00026376705558883365 -1.8007968557915171e-05 -7.9505535286891207e-05 0.00024554929780004056 -7.201681054519266e-06 8.8740181152881698e-05 -1.3189199699671122e-05 -4.5903607494799071e-05 0.00016082122114809814 3.2933675635824392e-05 2.4335747087818519e-05 0.00011713854056628999 -1.3300148438251984e-05 -1.1422730765219419e-06 -3.0928935073624042e-06 -1.8902725166761363e-05 0.00010136383883213967 1.4602168844757221e-06 -1.1448582989206428e-05 6.4587645363209132e-05
leaf_weight=2488 30 21 30 2124 432 108 32 36 20 22 26 24 21 35 27 39 213 25 21 69 24 21 93 67 111 863 24 29 21 24
leaf_count=2488 30 21 30 2124 432 108 32 36 20 22 26 24 21 35 27 39 213 25 21 69 24 21 93 67 111 863 24 29 21 24
internal_value=-0.000870788 0.00302469 0.0067647 -0.000915614 -0.000666329 -0.00049409 -0.000405715 0.000198692 0.00660714 -2.8086e-06 -0.000843185 0.005 -0.000140081 0.00403614 0.00709677 -0.00034814 0.00148585 0.00521898 0.0112791 0.00244681 -0.000974236 0.00159091 0.000276381 0.00349056 -0.00152642 -0.00174349 0.00166667 -0.000296168 0.00378378 0.00726415
internal_weight=7120 81 51 7039 4915 4483 4375 1837 56 1781 2538 50 1749 83 62 1666 424 137 43 94 1242 220 199 106 1022 998 135 287 74 53
internal_count=7120 81 51 7039 4915 4483 4375 1837 56 1781 2538 50 1749 83 62 1666 424 137 43 94 1242 220 199 106 1022 998 135 287 74 53
is_linear=0
shrinkage=0.05


Tree=71
num_leaves=31
num_cat=0
split_feature=20 23 23 21 38 38 5 20 11 21 4 21 9 23 24 21 22 21 4 18 11 34 18 19 38 16 40 9 38 36
split_gain=0.472558 1.06996 0.442951 0.376446 0.683701 1.69411 0.699337 0.87526 0.375119 0.657204 0.875758 0.604249 0.533523 1.00518 0.868017 0.905944 1.82401 0.776462 1.13623 0.985604 0.751562 1.48988 0.732359 0.648125 1.07726 0.62948 0.545208 0.678492 0.552509 0.893053
threshold=684.79500000000564 1.1041092288329366 3.4831265429733933 18.579999999994474 44.788002926320736 43.373094280068372 -0.0033110743366488167 59.0350000000035 0.00025675366916348279 23.229999999995929 448.14837500000004 51.0350000000035 -0.00051624564539275847 1.4966568643086477 1784.4193827000001 55.340000000003791 516.60668075000001 219.23500000000061 435.13292500000006 -277.16999999999092 0.0010117066194982613 115834.67502972107 -131.88999999999939 304.61000000000064 63.438826797694013 0.0047681714397141209 -132.68035352526928 0.017158159924208206 46.759799041001308 1840.9254987272291
decision_type=2 2 2 2 2 2 2 2 2 2 2 2 2 2 2 2 2 2 2 2 2 2 2 2 2 2 2 2 2 2
left_child=3 -2 -3 4 5 6 7 -1 11 10 -10 -5 13 14 15 16 -11 23 -19 -20 21 22 -14 24 -17 -24 27 -22 29 -28
right_child=1 2 -4 8 -6 -7 -8 -9 9 12 -12 -13 20 -15 -16 17 -18 18 19 -21 26 -23 25 -25 -26 -27 28 -29 -30 -31
leaf_value=4.0674979892544802e-05 9.3779485731976028e-05 -6.0347359318511282e-05 0.00084379753298072539 -1.044226689401546e-05 -1.485128964294365e-05 8.5748590013934377e-05 -8.4870962206402136e-06 -1.8184309944471409e-06 -4.2092330722665863e-05 7.9983433039250667e-05 0.00014888084235350097 -3.2693869442715821e-06 2.0601961203055065e-05 5.9035526876643347e-05 0.00016633306095208754 -1.6216673824139991e-05 -1.5888256985709652e-06 0.00018537846245404981 6.9842938272338364e-05 -1.3720205127086491e-05 -2.2619594493393486e-05 5.9512084812251591e-05 -1.9203482249425288e-05 -2.9219860547817832e-05 0.00011557685550652423 1.5050851461004093e-05 0.00011756692341457419 0.00016971166026997014 -6.1414437168537965e-06 -3.1674864864254271e-05
leaf_weight=21 34 46 20 483 655 36 198 38 22 31 33 2623 22 26 29 67 65 23 25 90 510 28 91 260 27 30 80 31 1438 38
leaf_count=21 34 46 20 483 655 36 198 38 22 31 33 2623 22 26 29 67 65 23 25 90 510 28 91 260 27 30 80 31 1438 38
internal_value=-0.000912923 0.0025 -0.00121212 -0.00096154 -0.00188819 0.000119453 -0.0013035 0.00347458 -0.000816865 -0.000414701 0.005 -0.0012009 -0.000517006 0.000754276 0.000348459 -6.80284e-05 0.004375 -0.000934961 0.00224638 0.00021739 -0.000877426 0.00230994 0.000244754 -0.00217514 0.00138298 -0.00128099 -0.00113734 -0.00250462 -0.000661955 0.00262712
internal_weight=7120 100 66 7020 948 293 257 59 6072 2966 55 3106 2911 643 617 588 96 492 138 115 2268 171 143 354 94 121 2097 541 1556 118
internal_count=7120 100 66 7020 948 293 257 59 6072 2966 55 3106 2911 643 617 588 96 492 138 115 2268 171 143 354 94 121 2097 541 1556 118
is_linear=0
shrinkage=0.05


Tree=72
num_leaves=31
num_cat=0
split_feature=21 28 28 36 41 34 39 7 13 17 7 42 19 23 9 23 11 9 39 24 22 15 39 39 21 5 4 4 21 5
split_gain=0.428411 0.692501 0.556309 0.705178 0.450082 0.881354 1.7679 0.444639 0.500723 0.531147 0.421267 0.713601 1.07299 0.540001 0.585354 0.623077 0.405984 0.890287 0.382462 0.573566 1.14632 1.0906 1.00087 0.894621 1.61763 0.820019 0.594789 0.612331 1.13545 0.730617
threshold=18.579999999994474 339.05612853809731 292.57529940675892 3269.7127840221515 -136.64854630848683 90500.707951908087 577.8524999999994 0.02291302681941158 0.026196917434562355 0.0075210429975922409 -0.0017153479842394548 143.63644591276923 945.86499999999808 -0.66139250875146172 -0.01126654028561762 0.69314584140923918 0.0036420126955106365 0.0072321029895743121 288.75321428571425 439.95077160000011 629.84956825000006 0.0015862202577433583 332.7514285714289 336.24428571428513 61.334999999999134 0.0033010774899017649 310.6667700000001 333.44386000000003 204.44499999999246 0.0011775071132851186
decision_type=2 2 2 2 2 2 2 2 2 2 2 2 2 2 2 2 2 2 2 2 2 2 2 2 2 2 2 2 2 2
left_child=1 2 3 4 5 6 -1 8 9 18 13 16 -13 -11 15 -15 -12 -18 -2 20 21 22 -20 24 -23 -25 -21 28 29 -28
right_child=7 -3 -4 -5 -6 -7 -8 -9 -10 10 11 12 -14 14 -16 -17 17 -19 19 26 -22 23 -24 25 -26 -27 27 -29 -30 -31
leaf_value=6.630925458519138e-05 -2.0601766092759584e-05 -2.9890214051403796e-05 6.9692753350311457e-06 2.832532838760198e-05 -1.1505190360322334e-05 -5.1783462438040894e-06 -3.4420451165079145e-05 6.0933019957130913e-05 -1.8124865518390253e-05 0.00016950553425805904 -6.6888993726801882e-05 -1.165795760872103e-05 0.00039404492136898103 0.00010140905320788251 -1.5853868655149932e-05 1.1475635513790638e-05 5.245427798412769e-05 -6.1427045190104419e-05 1.4662518421612982e-05 -1.3240006140335646e-05 7.9682080353749005e-05 3.1187304547105902e-05 0.00017991045165519502 -1.3939789586404087e-05 -5.7093421172409291e-06 6.7866611791761163e-05 -1.2695939299758511e-05 -3.0455536844462358e-06 9.513069123798614e-05 4.2306013243978435e-05
leaf_weight=20 402 322 27 25 363 178 23 22 246 27 91 21 22 20 50 32 27 26 20 650 24 21 22 294 37 38 76 3950 22 22
leaf_count=20 402 322 27 25 363 178 23 22 246 27 91 21 22 20 50 32 27 26 20 650 24 21 22 294 37 38 76 3950 22 22
internal_value=-0.000884833 -0.00186848 -0.000911951 -0.00122332 -0.00157534 0.000203619 0.00662791 -0.000731906 -0.00075733 -0.000665084 0.00132911 -0.000187167 0.00546512 0.00352713 0.00186274 0.00557692 -0.001875 0.00160377 -0.000778058 -0.000662675 0.0010307 0.000439814 0.00809524 -0.000384617 0.00534483 -0.00138554 -0.000826272 -0.000601967 0.00291667 0.000612244
internal_weight=7120 958 636 609 584 221 43 6162 6140 5894 316 187 43 129 102 52 144 53 5578 5176 456 432 42 390 58 332 4720 4070 120 98
internal_count=7120 958 636 609 584 221 43 6162 6140 5894 316 187 43 129 102 52 144 53 5578 5176 456 432 42 390 58 332 4720 4070 120 98
is_linear=0
shrinkage=0.05


Tree=73
num_leaves=31
num_cat=0
split_feature=28 13 5 11 25 36 39 7 13 0 38 38 2 39 11 11 28 9 22 20 36 25 40 13 16 16 13 42 19 7
split_gain=0.411657 1.28729 0.451154 0.428598 0.954454 0.918609 0.523122 0.441523 0.385575 0.681078 0.554029 0.680922 0.674249 1.2524 0.570037 0.908876 1.37892 0.541797 1.35495 0.505876 0.435656 1.02083 0.373186 0.351239 0.866593 0.737544 0.448831 0.415731 0.814844 1.10678
threshold=-512.55472188166448 -0.00041190940730313134 0.01765557002926783 -0.0033452026245363122 0.8661704419819507 712.92923167997662 514.94535714285792 0.004173710101812827 -0.037639364919451641 95346.130000000019 28.088160010268435 30.218039664136096 101111.03000000001 701.4696428571433 -0.016834133703819847 -0.014245418487968215 -1045.5465315124964 -0.0036071350392677033 680.2191825000001 362.23500000000791 -2927.6846259209483 0.13114822193049794 -692.23603710978193 -0.011712774916319659 0.0035838900631476032 0.0065504360897682594 -0.010117309489594118 -157.81341614198553 615.52500000000157 0.0010649916041824126
decision_type=2 2 2 2 2 2 2 2 2 2 2 2 2 2 2 2 2 2 2 2 2 2 2 2 2 2 2 2 2 2
left_child=1 3 23 7 5 6 -5 8 9 19 -10 12 -12 -14 -13 16 -16 20 -19 -1 21 -17 -20 24 -2 -26 -25 28 29 -28
right_child=2 -3 -4 4 -6 -7 -8 -9 10 -11 11 14 13 -15 15 17 -18 18 22 -21 -22 -23 -24 26 25 -27 27 -29 -30 -31
leaf_value=-1.8804567410811483e-05 3.1326519598577053e-05 0.00012649758336511738 5.7473237945888189e-05 8.8827150437837326e-06 0.0001001754206306015 6.7521992265581725e-06 -5.8271901665408839e-06 -5.1190552818721819e-05 -9.7304970293132552e-06 0.00010675173877722368 -4.1136952214434188e-05 -3.0807056994747096e-05 9.6764249380787316e-06 0.00014556552008465471 -1.8559862820880674e-05 -2.6817627365098992e-05 0.00017684391112806437 4.1084404795085772e-05 1.4039525812656815e-06 9.93545206373849e-05 -1.3850645193537568e-05 0.00018080355989944397 -3.3174474448464699e-05 -5.5209977760346408e-05 -2.0775695076014595e-05 5.5565714068238825e-05 4.0509534540513633e-07 -5.2352026887225986e-06 -1.623030764686583e-05 4.7551147736703966e-05
leaf_weight=60 23 35 23 21 36 24 232 82 396 29 22 129 31 20 27 24 25 36 23 22 181 24 50 77 78 32 52 5240 42 24
leaf_count=60 23 35 23 21 36 24 232 82 396 29 22 129 31 20 27 24 25 36 23 22 181 24 50 77 78 32 52 5240 42 24
internal_value=-0.000919945 -0.000192938 -0.00111876 -0.000414994 0.00123003 0.000234656 -0.000652175 -0.000850975 -0.000586898 0.00220721 -0.000900811 6.75664e-05 0.00458904 0.0077451 -0.000568402 0.000384614 0.00653846 -0.000562131 0.00233945 -0.000121952 -0.00194323 0.00229167 -0.00157534 -0.00114763 0.00139098 -0.000454547 -0.00120975 -0.00115528 0.00177966 0.00486842
internal_weight=7120 1529 5591 1494 313 277 253 1181 1099 111 988 592 73 51 519 390 52 338 109 82 229 48 73 5568 133 110 5435 5358 118 76
internal_count=7120 1529 5591 1494 313 277 253 1181 1099 111 988 592 73 51 519 390 52 338 109 82 229 48 73 5568 133 110 5435 5358 118 76
is_linear=0
shrinkage=0.05


Tree=74
num_leaves=31
num_cat=0
split_feature=34 19 25 25 20 20 4 42 4 24 4 39 16 3 24 4 28 1 11 34 15 0 0 42 13 39 34 35 38 20
split_gain=0.454811 0.54301 0.849811 1.91455 0.426105 1.68215 0.541667 0.400792 0.528509 0.53286 0.50325 0.810059 0.536921 0.80552 0.550305 0.605726 1.49369 0.875758 0.654105 0.498206 1.37165 0.857143 0.849495 0.960898 1.99341 0.494296 0.474098 0.764022 0.867307 1.03052
threshold=111663.15160559413 460.76000000000209 -0.82970403935066561 -0.93844576783220213 17.634999999994765 9.2450000000026211 584.60623500000008 361.70747276313153 5819.3404100000007 2712.8563950000007 1686.5764950000003 1370.5507142857157 0.0089241218817799686 81485.005000000019 2137.9324671000004 1542.3785550000002 -300.74286039399152 94601.515000000014 -0.023343861227418095 108562.03557499933 0.0011863219702466601 110020.34000000001 109595.33000000002 -44.095503882506087 -0.015860144612523157 464.30821428571454 104614.02979486373 104070.46195000003 63.848287922464593 110.07499999998983
decision_type=2 2 2 2 2 2 2 2 2 2 2 2 2 2 2 2 2 2 2 2 2 2 2 2 2 2 2 2 2 2
left_child=7 -2 3 -3 5 6 -4 8 9 10 12 25 13 -1 15 18 -17 -18 -15 26 -21 22 23 24 -22 -12 27 -20 29 -29
right_child=1 2 4 -5 -6 -7 -8 -9 -10 -11 11 -13 -14 14 -16 16 17 -19 19 20 21 -23 -24 -25 -26 -27 -28 28 -30 -31
leaf_value=0.00020685625558768841 -1.4302166302781014e-05 -5.5886855949901269e-05 5.1346040748821688e-05 4.8862282441417823e-05 -3.8766314190982829e-06 0.00010543621608061052 -2.1848827315853996e-05 -2.9629701485503525e-05 0.00079572522377370036 4.9693862227896984e-05 5.9205613652417644e-05 0.00014358546924645528 -1.8931118967965086e-05 2.5061717818234861e-05 1.3310358101207405e-05 -3.7992316138541145e-05 0.00031436420301880243 2.735896603637232e-05 -2.3379622665315759e-06 7.5252054133644836e-05 -1.4960598149889392e-05 -5.0855580257557302e-06 8.5246188035026247e-05 -6.6231865048612061e-06 0.00032607974142907862 -1.3320132334179161e-05 -6.5314623280941475e-06 6.1157335204049565e-06 -1.7805437729674005e-06 0.00041964324573998352
leaf_weight=32 1013 26 26 20 931 34 78 93 20 20 20 34 139 36 38 28 20 24 2178 27 22 395 33 122 21 457 1145 22 46 20
leaf_count=32 1013 26 26 20 931 34 78 93 20 20 20 34 139 36 38 28 20 24 2178 27 22 395 33 122 21 457 1145 22 46 20
internal_value=-0.00093399 -0.00154605 -0.000784755 0.00586956 -0.0010711 0.00152174 -0.00163462 -0.000673078 -0.00061135 -0.0006446 -0.000678124 -0.00216243 -0.000503681 -0.00040271 -0.000463252 -0.000518242 0.00402778 0.00977273 -0.000598723 -0.000658647 0.00064516 0.000143338 0.00282828 0.00136364 0.0077907 -0.00269392 -0.000895633 -0.000476612 0.00409091 0.00928571
internal_weight=7120 2128 1115 46 1069 138 104 4992 4899 4879 4859 511 4348 4209 4177 4139 72 44 4067 4031 620 593 198 165 43 477 3411 2266 88 42
internal_count=7120 2128 1115 46 1069 138 104 4992 4899 4879 4859 511 4348 4209 4177 4139 72 44 4067 4031 620 593 198 165 43 477 3411 2266 88 42
is_linear=0
shrinkage=0.05


Tree=75
num_leaves=31
num_cat=0
split_feature=31 35 13 38 5 5 35 36 28 23 32 15 17 0 42 42 28 21 31 11 19 32 18 41 22 7 19 28 13 28
split_gain=0.55175 0.569555 0.540073 0.810933 0.97444 1.37494 0.750267 0.662824 1.09466 1.32573 2.31227 1.02609 1.6019 0.640244 0.558057 0.972884 0.54902 0.735045 0.818941 0.650155 1.40046 1.02083 0.771754 0.570707 1.21345 0.574684 0.805585 0.617347 0.518496 1.11154
threshold=103871.24769999999 84000.387525000013 0.018321508941927463 69.555591594439036 0.00077561510752666835 0.0024647891595634889 84296.001075000022 1968.479889104274 238.06944558981925 0.17268899625958969 545.91140902433119 0.0031013483064812231 0.0041685584002637719 89692.205000000002 -335.50906236585513 -389.35327439990277 -1104.2113706816451 151.17500000000294 103459.03080000002 0.00095797607425228426 535.75000000000739 -733.00148331160005 -631.94000000000221 184.41448793964977 840.79672725 2.9612377707185919e-05 176.06500000000236 -745.95798124639975 -0.011193272746508569 -631.02858409987664
decision_type=2 2 2 2 2 2 2 2 2 2 2 2 2 2 2 2 2 2 2 2 2 2 2 2 2 2 2 2 2 2
left_child=1 -1 3 6 -5 -6 -3 8 14 11 -11 12 -10 -12 15 -8 -16 23 19 22 21 -21 -19 25 -25 -18 -27 -28 29 -24
right_child=-2 2 -4 4 5 -7 7 -9 9 10 13 -13 -14 -15 16 -17 17 18 -20 20 -22 -23 28 24 -26 26 27 -29 -30 -31
leaf_value=-1.0284863730071527e-05 -4.2562311595738513e-06 4.7735093534319846e-05 -1.5420643705607821e-05 -3.975279472107125e-06 8.8938661681354776e-05 8.5087247961089635e-07 -6.760948833561728e-06 -5.5600737353783421e-06 -5.4257036378904201e-05 0.00018391827750813185 0.00033252964026083629 -7.0457450166359997e-06 8.6611065946141412e-05 -4.7370389330512642e-05 -1.1058302110920643e-05 8.5946201310786746e-05 -1.7276441743955141e-05 9.7933442979311773e-05 7.535017094709257e-05 6.5218745028185871e-05 -6.0730456443294398e-07 5.8981991132820235e-05 -5.586237131636567e-05 0.0002356990094272044 -4.5783784579879721e-05 5.6004739842370135e-05 4.5901205963943573e-05 -1.9393032172479635e-05 -1.4742273347647764e-05 2.0032504622306317e-05
leaf_weight=568 4060 21 361 66 35 34 43 391 25 31 20 162 35 21 216 23 276 22 22 24 60 24 45 28 40 21 20 225 181 20
leaf_count=568 4060 21 361 66 35 34 43 391 25 31 20 162 35 21 216 23 276 22 22 24 60 24 45 28 40 21 20 225 181 20
internal_value=-0.000997192 -0.000490197 -0.000164528 0.000138431 0.00388889 0.00804348 -0.000115232 -0.000215191 0.000239898 0.0029932 0.00888889 0.00108108 0.00666667 0.00109756 -0.000387598 0.00409091 -0.000629086 -0.00013889 0.00153266 0.000984041 0.00425926 0.010625 -0.000335822 -0.00122951 0.00308823 -0.00177122 -0.000112783 -0.000918369 -0.00113821 0.00269231
internal_weight=7120 3060 2492 2131 135 69 1996 1975 1584 294 72 222 60 41 1290 66 1224 1008 398 376 108 48 268 610 68 542 266 245 246 65
internal_count=7120 3060 2492 2131 135 69 1996 1975 1584 294 72 222 60 41 1290 66 1224 1008 398 376 108 48 268 610 68 542 266 245 246 65
is_linear=0
shrinkage=0.05


Tree=76
num_leaves=31
num_cat=0
split_feature=7 16 19 5 23 24 18 38 11 39 13 4 15 4 15 32 4 1 39 42 5 39 7 17 38 23 21 21 24 5
split_gain=0.303558 0.301099 0.487536 0.519231 0.904673 0.349909 0.731478 0.581029 0.712309 0.456443 0.408662 0.450637 0.849192 0.651625 1.31293 0.671843 0.62701 1.11345 0.498007 0.483303 0.661821 0.977758 1.34376 0.973018 1.42857 0.704383 1.17032 2.10181 1.21005 1.00238
threshold=0.02291302681941158 0.008710272910946967 1265.9699999999941 0.0077043425071534992 0.61244534902139758 1784.4193827000001 -477.02999999999878 63.848287922464593 0.014656703774668623 715.62142857142794 0.039476660435252671 1686.5764950000003 0.0092762273535687712 1542.3785550000002 0.0035197335212768369 -2518.7528260701361 1273.0897550000002 104505.97000000002 440.57892857142832 -34.415972797599231 -0.0031566657385237854 548.12678571428751 -0.0021119800055490706 0.0031404445573192078 32.179731073330835 -0.41273408380906246 51.955000000001753 55.859999999993313 442.45668880000011 0.0036519788591110026
decision_type=2 2 2 2 2 2 2 2 2 2 2 2 2 2 2 2 2 2 2 2 2 2 2 2 2 2 2 2 2 2
left_child=1 5 -3 4 -4 10 -7 9 -9 -8 11 13 18 15 -15 16 17 -1 -13 20 21 22 23 -17 -25 26 -22 -28 -29 -30
right_child=-2 2 3 -5 -6 6 7 8 -10 -11 -12 12 -14 14 -16 19 -18 -19 -20 -21 25 -23 -24 24 -26 -27 27 28 29 -31
leaf_value=9.687519970324363e-05 5.4160802892152106e-05 -1.372135143506723e-05 0.00031824442823665319 -0.00013930846179530833 -2.8418610964206352e-05 8.9644255512720449e-05 7.556831174407243e-05 3.4621582695496122e-05 -2.527356236045355e-05 -2.0314586666067328e-05 4.5298497793743088e-05 4.8252847406346284e-05 0.00016929864207127748 0.00025634173004065986 -3.6255767031188755e-06 -3.8342258419275365e-05 -4.4182782165360586e-06 -1.4799559717891483e-05 -1.1777538534075015e-05 -5.0262486348683387e-06 -9.4415657739072432e-06 -2.9997442574228954e-06 5.058639810574104e-05 -7.5004886809467076e-06 6.6038823283513608e-05 -9.2742969290312264e-06 8.8569517844469669e-05 7.3639587598940768e-05 -1.5246668197099083e-06 4.2922635145385403e-05
leaf_weight=31 27 216 21 26 31 36 21 33 23 104 31 21 27 25 66 47 27 33 455 3727 315 170 21 35 35 842 28 24 578 44
leaf_count=31 27 216 21 26 31 36 21 33 23 104 31 21 27 25 66 47 27 33 455 3727 315 170 21 35 35 842 28 24 578 44
internal_value=-0.0010323 -0.00105245 -0.00261905 0.00076923 0.00365384 -0.000984705 0.000990782 -0.000303869 0.00392857 -0.0022 -0.00104983 -0.00107694 -0.00251491 -0.000957342 0.00324176 -0.00102149 0.00324176 0.0059375 -0.0030042 -0.00108762 -0.000488547 0.00165584 0.00478261 0.00269231 0.00642857 -0.000849264 5.56105e-05 0.00123145 0.000650154 0.000225079
internal_weight=7120 7093 294 78 52 6799 217 181 56 125 6582 6551 503 6048 91 5957 91 64 476 5866 2139 308 138 117 70 1831 989 674 646 622
internal_count=7120 7093 294 78 52 6799 217 181 56 125 6582 6551 503 6048 91 5957 91 64 476 5866 2139 308 138 117 70 1831 989 674 646 622
is_linear=0
shrinkage=0.05


Tree=77
num_leaves=31
num_cat=0
split_feature=13 24 20 39 16 36 15 21 39 39 36 36 11 18 38 24 36 32 4 25 11 11 42 21 38 7 20 42 23 41
split_gain=0.316078 0.576545 0.365312 0.567823 0.764645 0.98036 1.4731 0.475509 0.727403 0.89418 0.653226 0.707834 0.459807 0.87472 1.70317 0.54551 0.461897 0.606135 1.47763 0.603175 0.539016 0.45873 0.451572 0.432285 0.905882 0.709849 0.678994 0.518016 0.796364 0.742716
threshold=0.026196917434562355 2712.8563950000007 107.79499999999827 326.98035714285498 0.0023279752386600283 -1040.1021194225393 0.002231431361285553 108.81999999999972 391.64464285714149 461.32678571428659 712.92923167997662 1298.7234118988856 -0.0084898350992668268 -555.56500000000221 37.317421284885263 762.49793040000009 2548.4967971015362 1551.2762180066131 1046.1322900000002 -0.2752414660106684 0.014656703774668623 0.0011911264492008107 -174.25010650107549 223.34500000000119 70.112276116172339 -0.0075132814281682597 122.2350000000006 -26.113219087086872 -0.95118781862994006 -452.33787526110217
decision_type=2 2 2 2 2 2 2 2 2 2 2 2 2 2 2 2 2 2 2 2 2 2 2 2 2 2 2 2 2 2
left_child=1 2 -1 -4 5 6 -5 10 -9 -10 -7 -12 22 14 -14 -16 17 20 19 -19 23 -17 -6 25 26 -15 -25 28 -27 -29
right_child=-2 -3 3 4 12 7 -8 8 9 -11 11 -13 13 16 15 21 -18 18 -20 -21 -22 -23 -24 24 -26 27 -28 29 -30 -31
leaf_value=-4.6685885341015768e-06 -1.3628462036424996e-05 4.4927277211870374e-05 -3.4285293687686883e-05 0.00011287511294330062 -2.2031049641460483e-06 -7.1576200030761602e-05 -9.5911982851789495e-06 -4.4642750157588361e-05 0.00017413271423952822 -2.1062398100091184e-06 2.719803684540222e-05 -1.6405435370787693e-05 0.00029563904015613785 6.212845783768485e-05 -9.8681347399411497e-06 -5.6917036729305485e-06 -1.2310382114245626e-05 1.653026857360074e-05 0.00016669502648082165 -1.229021131084553e-05 -2.2616889320337805e-05 6.2569129125038329e-05 -2.8231656794011005e-05 6.2904185456112333e-05 0.0001999360878448561 2.3963388792877505e-05 -1.6170321049171996e-06 2.9046673255505497e-06 -9.5645109023845624e-08 -8.82732185751786e-06
leaf_weight=3625 297 20 164 33 325 62 20 34 27 21 20 42 24 23 28 24 411 25 36 38 100 21 263 21 26 41 263 145 371 570
leaf_count=3625 297 20 164 33 325 62 20 34 27 21 20 42 24 23 28 24 411 25 36 38 100 21 263 21 26 41 263 145 371 570
internal_value=-0.00104635 -0.000976844 -0.00100177 -0.000610448 -0.000454547 0.00214286 0.00820755 0.000582523 0.00353658 0.0075 -0.00137097 0.00225806 -0.000698731 -0.000362253 0.00427835 0.000479451 -0.000579711 -0.000207958 0.00358586 -0.00103175 -0.000448719 0.00388889 -0.00193878 -0.000205481 0.00145161 -0.000652175 0.000633802 -0.000829637 0.000582523 -0.00164336
internal_weight=7120 6823 6803 3178 3014 259 53 206 82 48 124 62 2755 2167 97 73 2070 1659 99 63 1560 45 588 1460 310 1150 284 1127 412 715
internal_count=7120 6823 6803 3178 3014 259 53 206 82 48 124 62 2755 2167 97 73 2070 1659 99 63 1560 45 588 1460 310 1150 284 1127 412 715
is_linear=0
shrinkage=0.05


Tree=78
num_leaves=31
num_cat=0
split_feature=7 15 5 25 11 4 19 21 41 26 21 21 2 0 36 7 38 17 28 13 23 24 7 38 22 22 17 28 19 41
split_gain=0.308411 0.318026 0.547264 0.291786 0.485623 0.855556 0.463495 0.523394 0.639076 1.29643 0.893206 0.548321 0.490271 1.0756 0.451765 0.444444 0.363556 0.664156 0.428447 0.792863 0.754746 1.42381 1.67619 0.587244 0.950158 1.21042 0.904437 0.879633 0.590878 0.438825
threshold=0.02291302681941158 0.011140067683183546 -0.0077830889861828208 1.1848112552386298 -0.024533786221531184 1309.7391750000004 1029.9150000000011 86.33000000000176 -727.76913606255175 96223.872437995029 463.48000000000326 157.71500000000381 108883.07500000003 93258.460000000006 712.92923167997662 -0.0085814914813738246 25.832724336712705 0.0022648531488026875 -512.55472188166448 -0.00041190940730313134 0.63267922858279135 683.40174050000007 -0.0066394301386999846 32.179731073330835 1007.1259347500001 1498.6295355 0.0028874410315437226 -907.61169220681757 416.51000000000937 -607.46228775748193
decision_type=2 2 2 2 2 2 2 2 2 2 2 2 2 2 2 2 2 2 2 2 2 2 2 2 2 2 2 2 2 2
left_child=1 3 -3 4 5 -1 16 14 9 -9 11 -10 13 -13 -8 -7 17 -6 19 20 23 -22 -23 24 28 27 -25 -26 -18 -20
right_child=-2 2 -4 -5 6 15 7 8 10 -11 -12 12 -14 -15 -16 -17 18 -19 29 -21 21 22 -24 26 25 -27 -28 -29 -30 -31
leaf_value=3.282991463566869e-05 4.3118011423503422e-05 0.00015527561097944127 -5.8117716165434572e-05 -6.9747818470782781e-06 3.0688510634342391e-06 8.5417181569605392e-05 -3.8454203223451259e-05 0.00026131200980138993 -2.3138585710163898e-06 6.7911540716763129e-07 -6.3577411060726263e-06 1.5128498372868503e-05 7.0759591650605032e-07 0.00028816293850704596 1.3609272236004862e-06 -1.6686301842350328e-05 1.7187116680986555e-05 -1.1817440699974152e-05 -1.9471838121803635e-05 6.6009226823796126e-05 -7.6148195351035617e-05 3.3603705451384046e-07 0.00015168403340502421 3.0731761811425609e-05 0.00010404172884355139 -6.9254040177909378e-05 -4.8419597003019244e-06 3.2443421372176051e-05 -5.3427620322799226e-06 -3.615170580302662e-06
leaf_weight=21 27 24 110 788 25 20 60 21 51 35 77 37 29 20 25 25 39 270 178 20 23 20 22 31 32 26 338 21 92 4613
leaf_count=21 27 24 110 788 25 20 60 21 51 35 77 37 29 20 25 25 39 270 178 20 23 20 22 31 32 26 338 21 92 4613
internal_value=-0.00107444 -0.00109474 -0.00350746 -0.00104828 -0.000932589 0.00333333 -0.000978707 0.000774647 0.00185185 0.00660714 0.000607475 0.0030292 0.00546512 0.00815789 -0.00264706 -0.000555557 -0.00108696 -0.00279661 -0.000994502 0.000195782 -0.000108697 0.005 0.0104762 -0.000682212 0.00142857 0.00575949 -0.00188347 0.0100943 -0.00118321 -0.00115947
internal_weight=7120 7093 134 6959 6171 66 6105 355 270 56 214 137 86 57 85 45 5750 295 5455 664 644 65 42 579 210 79 369 53 131 4791
internal_count=7120 7093 134 6959 6171 66 6105 355 270 56 214 137 86 57 85 45 5750 295 5455 664 644 65 42 579 210 79 369 53 131 4791
is_linear=0
shrinkage=0.05


Tree=79
num_leaves=31
num_cat=0
split_feature=7 9 11 11 3 3 42 7 38 11 7 5 32 30 39 9 39 41 25 21 4 5 22 36 21 5 9 20 41 15
split_gain=0.305172 0.39443 0.376092 0.759824 0.705116 1.64625 2.01353 2.47814 0.882525 1.82876 0.560662 0.558313 0.549924 0.608183 0.574213 0.972674 2.62536 2.35778 2.09259 1.11547 0.758944 0.664866 0.59412 0.680165 0.536441 0.946849 0.771539 1.13482 0.492047 0.482115
threshold=0.02291302681941158 0.0086380210776100912 -0.00023977878542405168 -0.0013112652702440847 83486.960000000006 82692.790000000023 148.91711233169971 0.00063177333539071777 30.556649960689366 0.0011911264492008107 0.0056495175470650137 7.4747184157818357e-05 -32.027824009659518 103210.50605514999 482.80857142857042 0.0022388281894250958 466.67250000000115 3.7739069423207749 -0.52786280749449821 36.745000000002626 697.4150400000002 -0.00037521740809180233 765.41770350000002 -846.22330015461182 151.17500000000294 -0.0013132342908892542 -0.00056912791348981125 120.69499999999972 411.35219935820862 0.0084457295117806291
decision_type=2 2 2 2 2 2 2 2 2 2 2 2 2 2 2 2 2 2 2 2 2 2 2 2 2 2 2 2 2 2
left_child=1 2 3 -1 5 -4 7 -7 9 -6 -5 -11 13 24 15 16 17 18 19 -14 22 -22 23 -19 -10 -26 -27 -28 -17 -16
right_child=-2 -3 4 10 8 6 -8 -9 12 11 -12 -13 14 -15 29 28 -18 20 -20 -21 21 -23 -24 -25 25 26 27 -29 -30 -31
leaf_value=-2.5744845363243737e-06 4.0962110852328285e-05 -1.0160367741210863e-05 -4.3551880368641562e-06 -1.942405896273813e-05 2.1956041563034181e-05 3.7678942564675701e-06 -7.5672740067774143e-05 0.00015443977550259192 -7.4220026115363206e-06 0.00017010367559355764 1.639078332368251e-05 -8.0643516379095903e-05 7.1727389311646912e-05 -1.6475595143107556e-05 -7.2551460417699765e-06 -8.7550709057481699e-06 0.00023878139321419293 5.5013502417645048e-05 0.00022935874003103746 -5.0089619729200643e-05 7.1478671738851564e-05 -2.9039420334290812e-06 1.2735073435422732e-05 -1.5654263975041902e-05 -3.9551291618667421e-05 9.0080354164315786e-05 -7.1265921023364119e-05 0.00010163235728282203 0.00013542702438254555 1.9790285854604376e-05
leaf_weight=2840 27 578 73 450 32 20 24 22 164 26 20 36 24 641 1134 385 27 21 22 27 20 21 21 290 27 21 31 21 38 37
leaf_count=2840 27 578 73 450 32 20 24 22 164 26 20 36 24 641 1134 385 27 21 22 27 20 21 21 290 27 21 31 21 38 37
internal_value=-0.00104635 -0.00106655 -0.000955489 -0.00132931 -0.000569424 0.00291367 0.00863636 0.0152381 -0.000727333 0.00404255 -0.00319149 -0.000967743 -0.000878198 -0.00190608 -0.000428158 0.000524552 0.00208245 0.00116592 0.00938356 0.00382353 -0.00044236 0.00597561 -0.00123494 -0.00178457 0.000113635 0.003 0.0059589 0.00269231 -0.0012175 -0.00115713
internal_weight=7120 7093 6515 3310 3205 139 66 42 3066 94 470 62 2972 905 2067 896 473 446 73 51 373 41 332 311 264 100 73 52 423 1171
internal_count=7120 7093 6515 3310 3205 139 66 42 3066 94 470 62 2972 905 2067 896 473 446 73 51 373 41 332 311 264 100 73 52 423 1171
is_linear=0
shrinkage=0.05


Tree=80
num_leaves=31
num_cat=0
split_feature=39 24 15 39 39 40 42 0 17 17 25 24 39 22 3 23 5 23 23 19 22 11 13 21 5 5 23 11 23 17
split_gain=0.342754 0.475251 1.92877 0.739878 1.22652 1.19111 0.625926 0.471075 0.409509 0.514346 0.757975 0.856762 0.510572 1.06813 0.576866 0.500271 0.634144 0.492548 1.57364 0.906549 0.575244 1.17285 0.500213 0.458009 0.404358 0.960677 1.07747 1.46007 1.15238 0.854538
threshold=189.11535714285546 404.18693980000006 0.0012677057548525913 354.53821428571456 288.75321428571425 39.931656982138527 37.664116308300841 115540.82000000002 0.0026084064252631062 0.0030627173061860183 -0.98003353630705348 725.08173060000013 567.58499999999924 730.53908100000001 106776.79000000002 -0.55145847608819543 -0.0016198677204844422 -0.51972181031501796 -0.55497193982871984 476.82499999999715 769.56133375000013 0.00038080075643758627 0.012630980066113717 47.199999999997097 0.00122650015237319 0.00077561510752666835 -0.32586196615116164 0.0054355762089674303 -0.69179887040821597 0.0046360936981321996
decision_type=2 2 2 2 2 2 2 2 2 2 2 2 2 2 2 2 2 2 2 2 2 2 2 2 2 2 2 2 2 2
left_child=-1 2 -2 4 7 -6 -7 -4 12 10 -10 17 14 -14 15 23 -17 18 19 -12 22 -22 -19 -3 25 -11 27 29 -29 -27
right_child=1 8 3 -5 5 6 -8 -9 9 24 11 -13 13 -15 -16 16 -18 20 -20 -21 21 -23 -24 -25 -26 26 -28 28 -30 -31
leaf_value=-2.0111364208067579e-05 4.8112114464866516e-05 1.4246986639964492e-05 -2.4059313153839388e-05 -6.9552447021224865e-06 8.8670652764046216e-05 -2.3745249460734988e-05 6.8982533170076107e-05 2.8090227440411743e-06 3.2187152741866845e-05 -3.2194420907829617e-06 -5.6044010906310349e-06 0.00021976144902672559 0.00010726886532510397 -6.8340368447189662e-06 -2.4819991737488251e-05 3.5606947322924109e-05 -3.2188775823007472e-05 -1.8132753393992895e-05 0.00022896036276530237 2.5098565166308626e-05 7.4448591987438307e-05 -5.2456772866389994e-05 3.2416374210402956e-05 -1.1429321055365468e-05 -7.2281982614622183e-06 1.4381748205182967e-05 -1.8705203132582665e-05 2.6752016523622765e-05 1.0858620127138964e-06 -1.7108171901763978e-05
leaf_weight=116 27 20 74 284 39 30 24 20 20 3101 125 30 35 30 424 34 78 285 24 26 24 29 45 22 1877 97 85 28 20 47
leaf_count=116 27 20 74 284 39 30 24 20 20 3101 125 30 35 30 424 34 78 285 24 26 24 29 45 22 1877 97 85 28 20 47
internal_value=-0.00101124 -0.000966592 0.000522087 -0.000222931 0.00221925 0.00629032 0.00148148 -0.00180851 -0.00108054 -0.000949174 0.00042763 0.00010204 -0.00227838 0.00192308 -0.00275087 -0.000129871 -0.001875 -0.000340503 0.00185714 -3.31138e-05 -0.00134465 0.00349056 -0.00212121 0.00452381 -0.00110847 -0.000781529 0.00203971 0.00411458 0.0116667 0.00159722
internal_weight=7120 7004 498 471 187 93 54 94 6506 5863 608 588 643 65 578 154 112 558 175 151 383 53 330 42 5255 3378 277 192 48 144
internal_count=7120 7004 498 471 187 93 54 94 6506 5863 608 588 643 65 578 154 112 558 175 151 383 53 330 42 5255 3378 277 192 48 144
is_linear=0
shrinkage=0.05


Tree=81
num_leaves=31
num_cat=0
split_feature=4 9 11 11 4 28 7 42 16 23 13 38 13 18 41 41 32 7 21 5 9 39 36 23 28 21 18 15 11 23
split_gain=0.297312 0.534484 0.362936 0.730628 0.663299 1.44 0.627402 0.516077 0.610391 0.986741 0.61649 0.865706 0.590506 1.46437 0.818965 0.557907 0.542579 0.834008 1.35077 1.54462 1.09341 1.29643 1.30066 0.767917 0.536986 0.51278 0.502457 0.466976 0.498825 1.04841
threshold=171.18566500000003 -0.0022054335588801116 -0.0004432188760427165 -0.0013112652702440847 198.28442500000003 -213.31371836788455 -0.010086725026272232 28.801352514761877 0.0013532534814095526 0.42369900435297531 0.0026441457363354493 44.24127070994232 0.0036707326975547153 -148.67499999999561 -52.853549200879613 482.6607204483588 421.10412008785357 0.0007086879492308229 54.455000000001753 0.00038327967700463387 0.0035642171877124889 375.17285714285862 -454.97935248446441 -0.7745565039448945 1.0000000180025095e-35 309.4900000000053 -322.12999999999732 0.0016347975521598275 0.0019211693283412148 -0.96925489176308244
decision_type=2 2 2 2 2 2 2 2 2 2 2 2 2 2 2 2 2 2 2 2 2 2 2 2 2 2 2 2 2 2
left_child=1 -1 3 4 5 -2 -4 15 9 -9 24 -12 13 -13 -15 16 26 18 19 -18 -19 -22 -23 -20 25 -10 -8 -14 29 -29
right_child=2 -3 6 -5 -6 -7 7 8 10 -11 11 12 27 14 -16 -17 17 20 23 -21 21 22 -24 -25 -26 -27 -28 28 -30 -31
leaf_value=1.5974948855564798e-05 1.4763800975005078e-05 -1.8822499450886028e-05 0.00022742076793403054 -2.0290299944942497e-05 -3.1535602596774173e-06 -4.2289758105130627e-05 0.000100888141503474 9.5817424972582997e-05 -8.6507006580435558e-06 -1.5046180995926808e-05 9.9220080965377308e-05 0.00013171331978730166 -3.5124250962023282e-05 -4.1236729587329797e-05 4.4849499486431359e-05 -2.7926593400661714e-05 0.00013246910315156064 -3.9281736986913315e-05 9.0793001778156543e-06 0.00022496166529711368 0.00025946972106733059 0.00028544364393749054 -5.7922970059216799e-06 -2.4651866861984779e-06 -5.3041748402670148e-05 4.0276781713491623e-06 -1.6072784102698442e-06 0.00012572566445824895 -6.0689443087695199e-06 -3.639874181163382e-07
leaf_weight=27 20 289 24 352 2783 25 39 24 168 23 21 20 74 38 20 212 31 116 25 20 28 24 116 67 180 31 635 25 1494 169
leaf_count=27 20 289 24 352 2783 25 39 24 168 23 21 20 74 38 20 212 31 116 25 20 28 24 116 67 180 31 635 25 1494 169
internal_value=-0.000969102 -0.00246836 -0.000899472 -0.00128931 -0.00102192 0.005 -0.000557396 -0.000611112 -0.00106471 0.00457447 -0.00118304 -0.000808706 -0.000923914 0.00333333 -0.000689656 0.000178978 0.000631243 0.00202576 0.00513986 0.0116667 0.000457745 0.00303571 0.00107143 0.00152174 -0.00302111 -0.00123116 -0.000252227 -0.00111237 -0.000941944 0.0014433
internal_weight=7120 316 6804 3180 2828 45 3624 3600 2287 47 2240 1861 1840 78 58 1313 1101 427 143 51 284 168 140 92 379 199 674 1762 1688 194
internal_count=7120 316 6804 3180 2828 45 3624 3600 2287 47 2240 1861 1840 78 58 1313 1101 427 143 51 284 168 140 92 379 199 674 1762 1688 194
is_linear=0
shrinkage=0.05


Tree=82
num_leaves=31
num_cat=0
split_feature=22 24 15 26 35 24 20 23 16 19 39 26 4 5 7 24 16 34 42 24 13 13 19 4 17 39 25 16 42 3
split_gain=0.37502 0.48962 1.7437 0.701843 0.549383 0.491813 1.14146 0.507494 0.486706 0.471983 0.871693 1.11243 0.42902 0.423534 0.961789 0.958894 0.409527 0.648043 0.47451 0.397744 0.369566 0.376114 1.04169 1.21686 0.438792 0.379044 0.723748 0.329318 0.625 0.320826
threshold=234.36204550000002 407.87957590000002 0.001360992178078312 84893.616761378042 115918.92157500003 393.49152780000003 80.440000000002343 -0.82140220383750051 0.0021157774248733436 184.8099999999977 261.05714285714259 111373.39486190504 158.18914000000004 0.00025785491408679987 0.0022354816367372147 333.30142920000003 0.0022553791060502481 112077.23122268089 32.412383898388647 731.16624220000006 0.026196917434562355 0.023206755694149716 531.77499999999429 1393.4780150000001 0.0026084064252631062 563.29607142857287 0.11143997681840051 0.0023074290232056047 6.4208802602985608 106776.79000000002
decision_type=2 2 2 2 2 2 2 2 2 2 2 2 2 2 2 2 2 2 2 2 2 2 2 2 2 2 2 2 2 2
left_child=-1 2 -2 -4 5 7 -7 -5 9 10 -3 -12 -10 -9 15 -15 17 19 -19 -14 21 24 -23 -24 25 29 -27 28 -26 -18
right_child=1 8 3 4 -6 6 -8 13 12 -11 11 -13 16 14 -16 -17 20 18 -20 -21 -22 22 23 -25 27 26 -28 -29 -30 -31
leaf_value=-1.391594808109561e-05 4.1399788565728335e-05 -1.7899418128682766e-05 9.3620742539519362e-05 1.3801028767719881e-05 -2.884971292204863e-05 0.00017366524121938253 -1.2376497536232563e-05 -1.982607486499307e-05 -4.2833335280615589e-05 -1.8525789725458472e-05 6.1122640934924345e-05 -2.3157028499626316e-05 -4.6445323408317216e-05 5.5437535545529172e-05 -1.2908143756074196e-05 -1.2813817920062878e-05 -7.7651247309582781e-06 0.00010858478136247569 1.5196414879298346e-05 3.9300460510556642e-05 -1.0744052879593317e-05 -3.5263962229947249e-05 0.00012386667220260164 -2.7405170164259801e-05 -4.2980394075425285e-06 6.4557179995960884e-05 -8.8753834004843111e-06 -2.4429355135985206e-06 0.00013332186265568885 -3.7697095585435944e-05
leaf_weight=174 24 55 22 34 93 31 26 134 63 523 36 27 56 25 61 31 53 34 20 20 296 43 34 28 20 24 37 4899 20 177
leaf_count=174 24 55 22 34 93 31 26 134 63 523 36 27 56 25 61 31 53 34 20 20 296 43 34 28 20 24 37 4899 20 177
internal_value=-0.000983147 -0.000925714 0.000613304 -7.65876e-05 -0.000517243 0.000409356 0.00464912 -0.000438598 -0.00104022 -0.0023479 0.000508473 0.00452381 -0.000896292 -0.00121514 0.000982905 0.00571428 -0.000851416 0.00192308 0.00611111 -0.00105263 -0.000915469 -0.000820057 0.00214286 0.00629032 -0.000879542 -0.00276632 0.000737704 -0.000768375 0.00375 -0.00369565
internal_weight=7120 6946 481 457 435 342 57 285 6465 641 118 63 5824 251 117 56 5761 130 54 76 5631 5335 105 62 5230 291 61 4939 40 230
internal_count=7120 6946 481 457 435 342 57 285 6465 641 118 63 5824 251 117 56 5761 130 54 76 5631 5335 105 62 5230 291 61 4939 40 230
is_linear=0
shrinkage=0.05


Tree=83
num_leaves=31
num_cat=0
split_feature=39 13 13 19 24 23 21 9 13 19 0 20 25 17 16 23 0 13 13 21 13 28 32 21 11 24 24 19 40 32
split_gain=0.342569 0.463206 0.81539 0.370917 0.338012 0.531401 0.3 0.290421 0.34061 0.475568 0.41957 0.300587 0.493094 0.416878 0.572033 0.485541 0.4 0.393778 1.00747 1.03132 1.44789 1.4251 1.1299 0.875184 0.842008 1.2871 0.664835 0.653992 0.619709 0.957169
threshold=261.05714285714259 0.002432826067064606 0.0036707326975547153 131.01999999999683 306.88481090000005 -0.15867673055797307 91.090000000003798 0.028474364021598569 0.026196917434562355 445.96000000000646 92127.875000000015 106.81999999999972 -1.1054885124985612 0.0016836835862443903 0.001972250681207449 0.53355788874109933 104330.05500000001 0.007809766371646449 0.00028581954299079169 111.43000000000031 0.0063809679467532621 118.84161693486386 -406.74874026402534 1.0000000180025095e-35 0.0067500896580278908 2137.9324671000004 646.49097660000018 735.03999999999371 -24.968390386311508 603.34782481690502
decision_type=2 2 2 2 2 2 2 2 2 2 2 2 2 2 2 2 2 2 2 2 2 2 2 2 2 2 2 2 2 2
left_child=1 4 -3 -2 5 -1 -4 8 11 10 -10 -5 16 15 -15 -14 -13 18 -16 23 21 22 27 -20 -19 28 -23 -21 -26 -30
right_child=3 2 6 7 -6 -7 -8 -9 9 -11 -12 12 13 14 17 -17 -18 24 19 20 -22 26 -24 -25 25 -27 -28 -29 29 -31
leaf_value=-2.5361243814386649e-05 2.3359287549760334e-06 1.9569729926008899e-05 -5.3994923089208775e-06 -3.8854446303549547e-06 -2.1530189266264017e-05 2.7280927196756398e-05 1.5304519236334374e-05 6.0697761302475967e-05 -6.589236576336534e-05 -3.6712136690496687e-05 2.1769095037592861e-05 5.4822714496345021e-05 3.1747884887932337e-05 -2.0610255826812795e-05 -2.6263259913187471e-06 -9.3762584835378648e-07 -5.6874246178573377e-06 -1.2044204306847773e-05 4.0796934593979269e-06 -1.7109052577688482e-05 9.6088395167888963e-05 9.3126897123894475e-05 0.00012399304061987203 -2.592403500496194e-06 -9.2330250525800323e-06 0.00019851481440573253 -1.3307900968849191e-05 0.00015233269341044943 0.0003354336489252086 -3.0483761301115355e-06
leaf_weight=22 39 27 40 3238 240 23 20 27 21 236 20 20 20 150 1575 23 20 379 20 26 39 21 37 320 64 20 96 22 23 292
leaf_count=22 39 27 40 3238 240 23 20 27 21 236 20 20 20 150 1575 23 20 379 20 26 39 21 37 320 64 20 96 22 23 292
internal_value=-0.000969102 -0.00244624 0.000747125 -0.000887672 -0.00342105 0.000555554 -0.0025 -0.000915935 -0.000936846 -0.00265343 0.00231707 -0.000862609 -0.000516263 -0.000586826 -0.000654995 0.00430232 0.005 -0.000501024 -0.000153062 0.0016265 0.00412863 0.00242574 0.00735294 -0.00014706 -0.0014653 0.000137843 -0.00115385 0.00229167 -0.000514513 0.000396824
internal_weight=7120 372 87 6748 285 45 60 6709 6682 277 41 6405 3167 3127 3084 43 40 2934 2156 581 241 202 85 340 778 399 117 48 379 315
internal_count=7120 372 87 6748 285 45 60 6709 6682 277 41 6405 3167 3127 3084 43 40 2934 2156 581 241 202 85 340 778 399 117 48 379 315
is_linear=0
shrinkage=0.05


Tree=84
num_leaves=31
num_cat=0
split_feature=39 17 21 25 20 22 16 36 24 17 19 15 19 19 24 21 4 32 13 36 32 28 21 40 24 0 39 7 9 1
split_gain=0.348132 0.389877 0.38536 1.47635 1.12317 0.426888 0.423878 0.658167 0.67734 0.66 0.656258 0.662744 0.576641 2.53775 0.596978 0.649799 1.34815 0.544314 1.16336 0.838888 1.54029 0.774903 1.02233 0.9 0.653444 1.06061 1.28242 0.701116 0.709667 1.09273
threshold=189.11535714285546 0.0014773772953973264 1.0000000180025095e-35 -0.70847277080222282 48.819999999999716 449.05435850000003 0.0039935716702378396 -4246.2275668849825 1342.8979028000001 0.0051976215165953979 237.13999999999217 0.005100042453075355 229.03500000000352 211.78499999999624 775.17413240000008 190.34999999999857 452.17493500000006 194.78385029887434 -0.0084372403504206599 -846.22330015461182 522.42708688249706 -34.704653989436331 7.5000000000000009 -188.68065319251761 475.36297830000007 112233.72000000002 446.95535714285825 0.001476518299346952 -0.0015861865797043384 104206.42500000002
decision_type=2 2 2 2 2 2 2 2 2 2 2 2 2 2 2 2 2 2 2 2 2 2 2 2 2 2 2 2 2 2
left_child=-1 -2 3 4 -3 -4 7 9 10 -7 -9 17 13 -8 15 -14 -17 21 -19 20 -20 22 23 -12 25 26 -21 28 -26 -30
right_child=1 2 5 -5 -6 6 12 8 -10 -11 11 -13 14 -15 -16 16 -18 18 19 24 -22 -23 -24 -25 27 -27 -28 -29 29 -31
leaf_value=-1.6957662551197056e-05 1.525961827073575e-05 -6.6755203228624613e-06 -6.4007783607668257e-06 -1.0468203724586343e-05 1.1991284936337241e-05 0.00011430157103166053 -3.6816372297289915e-05 -2.9973527251882375e-05 -3.9477426218251063e-05 -1.3974882182278678e-05 2.8867567949585833e-05 3.819495812281204e-05 -1.3408963891563492e-05 9.2429143103324376e-05 -2.6935693423908874e-06 4.0325583910804105e-05 -4.2008227197613806e-06 0.00011960298968342386 0.00035733127742888131 8.646471913640146e-05 -1.931039843614389e-05 -2.2187642279684972e-05 -3.1809080018775558e-06 -1.0276114777865929e-05 -1.265799851408468e-05 -6.813325927926827e-06 2.5460488953437326e-06 -1.2205049493957399e-05 0.00012987004548241642 1.3108923566540638e-06
leaf_weight=116 24 23 1163 154 35 25 43 223 82 30 20 28 487 23 2044 21 195 20 24 25 28 254 956 20 211 77 30 424 87 228
leaf_count=116 24 23 1163 154 35 25 43 223 82 30 20 28 487 23 2044 21 195 20 24 25 28 254 956 20 211 77 30 424 87 228
internal_value=-0.00099017 -0.000945175 -0.00096705 0.00113207 0.00793103 -0.0010328 -0.000851919 -0.000415474 -0.000524298 0.005 -0.000386065 -0.000148028 -0.00128511 0.00333333 -0.00139607 -0.00265292 -0.000370372 -0.000237106 0.000545926 0.000335096 0.00653846 -0.000960001 -0.000331326 0.0075 3.69674e-05 0.00333333 0.00863636 -0.000421054 0.000798478 0.00230159
internal_weight=7120 7004 6980 212 58 6768 5605 2792 2737 55 2655 2432 2813 66 2747 703 216 2404 1154 1134 52 1250 996 40 1082 132 55 950 526 315
internal_count=7120 7004 6980 212 58 6768 5605 2792 2737 55 2655 2432 2813 66 2747 703 216 2404 1154 1134 52 1250 996 40 1082 132 55 950 526 315
is_linear=0
shrinkage=0.05


Tree=85
num_leaves=31
num_cat=0
split_feature=39 39 17 21 34 32 15 23 21 22 18 23 36 32 15 13 16 11 7 42 0 16 24 7 28 13 18 23 7 28
split_gain=0.350206 0.755912 0.562207 0.748388 0.550702 0.705069 0.978353 0.732472 0.659304 0.768001 1.14659 0.851487 0.680869 0.522667 0.838321 0.571429 0.521277 0.513793 0.605205 0.536452 0.957337 0.668101 0.833654 0.808 0.632946 0.551629 0.550361 0.514462 0.59564 0.732596
threshold=466.67250000000115 468.38071428571396 0.0040100067357851368 333.37500000000006 111663.15160559413 -21.765766125827209 0.0011428324258145619 -1.2643178764451724 53.574999999997097 478.596451 160.79499999999828 0.13159623200474449 -620.68541032839846 -714.84763068130985 0.0022817090605080589 -0.015268229186466137 0.0025940233775037284 0.0015344957175890139 -0.0089247716944462433 125.36119953861019 83218.700000000012 0.0068196477879261261 796.23317250000002 -0.0025907984898707929 308.37259120545792 0.0088022262323034645 -416.89000000000664 1.7090078642119932 0.0034617081423106268 244.2730490985123
decision_type=2 2 2 2 2 2 2 2 2 2 2 2 2 2 2 2 2 2 2 2 2 2 2 2 2 2 2 2 2 2
left_child=2 -2 3 4 5 13 -7 -8 -9 12 11 16 -10 14 -1 -16 -11 19 -19 25 -21 22 -22 -24 -25 27 -27 28 29 -3
right_child=1 17 -4 -5 -6 6 7 8 9 10 -12 -13 -14 -15 15 -17 -18 18 -20 20 21 -23 23 24 -26 26 -28 -29 -30 -31
leaf_value=1.5370448272237374e-05 5.2194826496132203e-05 1.7039235829720782e-08 -1.8674483537934794e-05 6.8431081500364572e-05 -1.1471781725008556e-05 7.2706822338872512e-05 4.0892576668644281e-05 -7.2986399556039295e-06 3.2402416104355608e-05 2.212669382681462e-05 0.00011484012651784479 8.8504639624380836e-05 -5.213528827364229e-06 -1.2144043592940087e-05 6.5881447655713674e-05 -1.0818455305937162e-05 -4.7963248779639631e-05 0.00017337663338867304 -5.4307301966379549e-06 0.00023779298028621206 -3.187554546327208e-05 -1.3841862926308795e-05 7.6099507550851029e-05 -7.9681820678931857e-06 3.7669047571315561e-05 5.2450836078164323e-07 -3.1844454545113885e-05 -1.7576538218098052e-05 -1.411394514234223e-05 1.6490376785020159e-05
leaf_weight=37 28 1601 454 43 648 27 21 272 24 25 27 23 208 378 20 50 47 27 2069 24 24 48 21 33 26 20 194 249 303 149
leaf_count=37 28 1601 454 43 648 27 21 272 24 25 27 23 208 378 20 50 47 27 2069 24 24 48 21 33 26 20 194 249 303 149
internal_value=-0.00093399 -0.000691446 -0.00144097 -0.00105406 -0.00120919 -0.000556515 0.000489613 0.000100462 -0.000207669 0.00121469 0.00442623 0.0018421 -0.000474139 -0.00201031 0.00107477 -0.00214286 -0.000833335 -0.00073935 -0.00132634 -0.000282319 0.00238636 0.000921051 0.00317308 0.005625 0.00262712 -0.000469 -0.0028972 -0.000243268 1.7047e-05 0.000371427
internal_weight=7120 4816 2304 1850 1807 1159 674 647 626 354 122 95 232 485 107 70 72 4788 2096 2692 176 152 104 80 59 2516 214 2302 2053 1750
internal_count=7120 4816 2304 1850 1807 1159 674 647 626 354 122 95 232 485 107 70 72 4788 2096 2692 176 152 104 80 59 2516 214 2302 2053 1750
is_linear=0
shrinkage=0.05


Tree=86
num_leaves=31
num_cat=0
split_feature=39 39 36 24 32 39 7 16 9 18 22 9 18 15 39 17 28 15 41 27 21 4 16 0 38 39 41 5 38 28
split_gain=0.392866 0.595124 1.09114 0.548747 0.757449 1.67659 0.586918 0.833333 0.597931 0.561358 0.744814 1.98348 0.52448 0.506456 0.483541 0.444519 0.410637 0.553811 0.617652 1.48826 0.720788 1.40574 1.11468 0.56295 0.562063 0.630765 0.555403 0.741749 0.627557 0.502807
threshold=466.67250000000115 478.27071428571281 1938.2613787956873 404.18693980000006 -472.08997849380097 354.53821428571456 0.00082235690757991996 0.0023820886780722256 -0.0022054335588801116 184.08000000000177 351.88599100000005 0.0032430642222244371 -296.27499999999412 0.0019422423625861404 215.25857142857166 0.0019858810639253673 68.970802411124183 0.0056612168026877003 -693.93677879293136 112368.126 7.5000000000000009 522.93304000000012 0.0040091103809842179 108085.81000000001 26.254991798281996 832.44642857142969 144.56467592810949 -0.0082982647967046168 47.958702256727861 -1698.5502988330043
decision_type=2 2 2 2 2 2 2 2 2 2 2 2 2 2 2 2 2 2 2 2 2 2 2 2 2 2 2 2 2 2
left_child=3 2 12 4 5 -1 7 -6 -9 10 11 14 -2 -3 -8 -15 17 18 19 23 21 -20 -23 -17 25 -22 29 -28 -29 -19
right_child=1 13 -4 -5 6 -7 9 8 -10 -11 -12 -13 -14 15 -16 16 -18 26 20 -21 24 22 -24 -25 -26 -27 27 28 -30 -31
leaf_value=1.596576289435919e-05 6.080790319786451e-05 -4.1897855474152599e-05 0.00022727482982947138 -6.0369895994215649e-06 -1.8584239750556193e-05 -2.9913796983091552e-05 -1.492022420312107e-05 3.4959552893695273e-05 -1.710515948481178e-05 -1.046193760874799e-05 -3.8290125955353114e-06 0.00012977773395781103 -1.5871351349544501e-05 7.9594133174114935e-05 1.593410909424867e-05 2.3700979642133195e-05 -4.5328704745753553e-06 -3.6226242141808139e-07 -2.1866040657830171e-05 1.7385581649602676e-05 -8.1441589951292186e-06 2.6398083746547823e-05 2.1288328850641429e-06 -4.0781306556019455e-05 6.5826990423526772e-08 4.4843169477537592e-05 -0.00010508961338896792 1.9284450676765452e-05 5.0855382045631262e-05 -6.1711535401149965e-06
leaf_weight=21 21 113 37 1774 216 24 27 25 29 91 45 20 82 22 32 54 2177 216 47 22 217 24 21 38 1150 25 25 44 20 461
leaf_count=21 21 113 37 1774 216 24 27 25 29 91 45 20 82 22 32 54 2177 216 47 22 217 24 21 38 1150 25 25 44 20 461
internal_value=-0.000969102 -0.00071221 0.0025 -0.00150608 -9.43408e-05 0.00611111 -0.000670104 -0.00222222 0.00333333 0.00127907 0.00346774 0.0063924 -0.000145632 -0.000808384 0.00177966 -0.000726497 -0.000760847 -0.00030457 0.00022528 0.00377193 -4.7171e-05 0.00423913 0.0105556 0.00097826 -0.000330461 -0.00252066 -0.00140992 0.00230337 0.00515625 -0.00189808
internal_weight=7120 4816 140 2304 530 45 485 270 54 215 124 79 103 4676 59 4563 4541 2364 1598 114 1484 92 45 92 1392 242 766 89 64 677
internal_count=7120 4816 140 2304 530 45 485 270 54 215 124 79 103 4676 59 4563 4541 2364 1598 114 1484 92 45 92 1392 242 766 89 64 677
is_linear=0
shrinkage=0.05


Tree=87
num_leaves=31
num_cat=0
split_feature=39 11 13 24 42 36 38 17 17 16 15 39 24 9 23 11 35 36 23 19 20 15 15 36 39 5 41 42 15 23
split_gain=0.371681 0.547129 1.00352 0.542033 0.61086 0.844587 0.972391 0.924586 0.588404 0.521426 0.858278 0.821211 0.689755 0.446496 0.890172 0.795271 0.75334 0.903821 0.678788 0.657391 0.555496 0.566913 0.433981 0.421079 1.11176 0.386745 0.522466 0.480237 0.380001 0.665905
threshold=466.67250000000115 0.00025675366916348279 -0.0058500321962952012 404.18693980000006 82.427214716328436 381.11026641919312 54.370706696434645 0.0020643153982785622 0.0016308619572347985 0.0026242005473380513 0.0030448854262223293 473.23428571428468 420.79011660000009 -0.0015572251418474691 -0.47931264280203711 -0.0015970668605157677 95167.287575000009 631.11246942599985 -0.74284786358086918 249.76999999999683 280.79499999999831 0.0012677057548525913 0.0019422423625861404 -2281.9449035407083 396.54571428571325 -0.0019470008743737676 263.54423852709414 -61.578445417236587 0.0021144033808908214 2.1705631252787714
decision_type=2 2 2 2 2 2 2 2 2 2 2 2 2 2 2 2 2 2 2 2 2 2 2 2 2 2 2 2 2 2
left_child=1 13 -3 4 5 -4 -7 8 -8 10 11 -2 -13 14 15 16 -1 19 -19 -18 21 -16 -11 24 -5 27 -27 -14 -25 -30
right_child=9 2 3 23 -6 6 7 -9 -10 22 -12 12 25 -15 20 -17 17 18 -20 -21 -22 -23 -24 28 -26 26 -28 -29 29 -31
leaf_value=-5.5192072125664151e-06 0.00020630254979826795 1.5642729881009683e-05 -2.2333265296939922e-05 -2.7688073160414108e-05 -5.1525425669181847e-05 0.0001455080411290309 5.4664255677239692e-06 6.5016303618625984e-05 -2.1485364387317698e-05 -4.2633015192777696e-05 2.4149165695165534e-05 7.0221496693399142e-05 -7.1572709513759145e-05 -2.1811742131190551e-05 2.034731307392026e-05 -1.1536130900118445e-05 1.0721061388909995e-05 9.4501392764502002e-05 1.6471437274329385e-05 -2.0829268884400815e-05 4.7268611130089346e-05 -1.3671459368007654e-05 -2.1857543838698216e-06 -2.1520285882456021e-06 5.1282149267237406e-05 -1.6308632464052051e-05 4.2001573365159357e-06 6.6075524358753869e-06 -2.2467846731575232e-05 4.7710860116644692e-05
leaf_weight=36 25 30 60 30 60 36 26 32 41 84 32 24 22 587 38 45 25 22 20 21 26 371 4440 403 21 145 20 24 339 35
leaf_count=36 25 30 60 30 60 36 26 32 41 84 32 24 22 587 38 45 25 22 20 21 26 371 4440 403 21 145 20 24 339 35
internal_value=-0.00096208 -0.00148438 -0.000687333 -0.000937213 0.00107843 0.0024359 0.00462963 0.00207071 -0.00126866 -0.00071221 0.00133562 0.000384614 -0.000531916 -0.00222922 -0.00127484 0.00180473 0.00387097 0.00636364 0.0116667 0.00152174 -0.00247127 -0.00292176 -0.000844387 -0.00155797 0.00284314 -0.0014455 -0.00257576 0.00260869 -0.00184685 -0.00299465
internal_weight=7120 2304 1113 1083 255 195 135 99 67 4816 292 260 235 1191 604 169 124 88 42 46 435 409 4524 828 51 211 165 46 777 374
internal_count=7120 2304 1113 1083 255 195 135 99 67 4816 292 260 235 1191 604 169 124 88 42 46 435 409 4524 828 51 211 165 46 777 374
is_linear=0
shrinkage=0.05


Tree=88
num_leaves=31
num_cat=0
split_feature=39 39 17 34 34 15 30 23 38 15 42 25 32 17 4 5 5 18 2 11 21 13 20 24 25 25 17 15 11 7
split_gain=0.379916 0.457777 0.416095 0.386791 0.682392 0.825917 0.519648 0.429157 0.936436 0.568968 0.857143 0.552802 0.941832 0.444787 0.384171 1.00615 0.475466 0.91017 1.08904 0.613089 0.519546 0.495487 0.428107 0.857143 0.489413 1.24951 0.369089 0.426415 0.358698 0.578604
threshold=466.67250000000115 468.38071428571396 0.0040100067357851368 111663.15160559413 111196.25609679236 0.0024696785469602947 118809.92643203332 -0.92119357607512231 43.165194335712833 0.0011863219702466601 19.859776292570036 -0.8239359684461135 62.803045460022993 0.0015870457234495323 1074.2818900000002 -0.00078334269234909659 -0.0020764212571392601 -148.67499999999561 107184.30500000001 0.000902182160521331 1.0000000180025095e-35 -0.0092814645603147509 4.8350000000064037 453.84262330000007 0.44168742459331339 0.68550914729792589 0.0020881842560247312 0.0019422423625861404 0.0015344957175890139 -0.0089247716944462433
decision_type=2 2 2 2 2 2 2 2 2 2 2 2 2 2 2 2 2 2 2 2 2 2 2 2 2 2 2 2 2 2
left_child=2 -2 3 4 7 -6 -5 8 -1 10 -9 12 -10 -11 16 -16 -15 18 19 -18 -19 -22 23 -23 -24 -26 -3 -28 -29 -30
right_child=1 26 -4 6 5 -7 -8 9 11 13 -12 -13 -14 14 15 -17 17 20 -20 -21 21 22 24 -25 25 -27 27 28 29 -31
leaf_value=7.2889042274522673e-06 3.520331354682397e-05 5.5924555785837304e-05 -1.6861547164787241e-05 -9.6890329274896549e-06 0.00011352830194960428 -2.2953981651717841e-05 8.2697337341674937e-05 3.4298751936523622e-05 -2.725432240425419e-05 1.4810107071588393e-06 -2.7612735737413982e-05 -1.9147995800659055e-05 1.958683771220057e-05 -1.2810885095619024e-05 9.5316245915463997e-05 -1.1687364397094279e-05 9.2674900888852437e-06 4.4023320389912748e-06 -2.9149555457300925e-05 5.5183839545902853e-05 2.0877848303803457e-05 -2.361800273379471e-05 -1.8037574167704491e-05 0.00013034822603889959 5.9497067703952345e-05 -3.4875235587381221e-05 -4.4155432436824562e-05 -7.7347414677224948e-07 0.00016509288150490538 -4.6218475270516179e-06
leaf_weight=26 28 38 454 641 34 22 25 21 36 32 21 38 22 137 34 49 29 25 33 20 36 21 444 21 29 54 117 2602 27 2004
leaf_count=26 28 38 454 641 34 22 25 21 36 32 21 38 22 137 34 49 29 25 33 20 36 21 444 21 29 54 117 2602 27 2004
internal_value=-0.000912923 -0.0006603 -0.00144097 -0.00110811 -0.00056588 0.00482143 -0.00207207 -0.000833335 0.00196721 -0.00117296 0.00452381 -0.000312501 0.00275862 -0.00142116 -0.00162017 0.0016265 -0.00193757 -0.00141854 0.00353658 0.0082653 -0.00206349 -0.00235537 -0.00271529 0.00214286 -0.00310247 0.000421686 -0.000697578 -0.000736843 -0.00066156 -0.00115953
internal_weight=7120 4816 2304 1850 1184 56 666 1128 122 1006 42 96 58 964 932 83 849 712 82 49 630 605 569 42 527 83 4788 4750 4633 2031
internal_count=7120 4816 2304 1850 1184 56 666 1128 122 1006 42 96 58 964 932 83 849 712 82 49 630 605 569 42 527 83 4788 4750 4633 2031
is_linear=0
shrinkage=0.05


Tree=89
num_leaves=31
num_cat=0
split_feature=38 36 4 38 21 24 16 38 25 24 23 7 41 40 11 7 7 7 15 39 39 7 4 24 22 15 20 38 38 42
split_gain=0.298996 0.656768 0.449589 0.389468 0.589644 0.853203 0.863805 0.997239 1.39117 0.765095 1.75684 1.69618 0.498339 0.845053 0.841736 0.654597 1.00021 0.68495 0.629392 0.586169 0.937794 1.17073 0.857843 1.09306 0.677134 0.556999 0.509177 0.568586 0.857143 0.492695
threshold=21.020074811088524 -6068.8268514037618 5819.3404100000007 44.552510217999135 7.5000000000000009 490.15449649999999 0.0042766086032499885 41.19964338413434 -0.7127538590253284 425.5245865 -0.47420089033344459 -0.00017394745355813008 144.56467592810949 -27.665097795179459 0.0011456370078247896 -0.0013239003217008518 0.00014619620923901657 -0.00060713507502327564 0.0030001188887485305 970.27857142857363 832.44642857142969 0.0029161634853986491 893.81286000000011 1037.6424531600003 1150.9025915000002 0.0030448854262223293 157.09500000000119 35.996427345740749 40.758070623024871 -68.693662386127826
decision_type=2 2 2 2 2 2 2 2 2 2 2 2 2 2 2 2 2 2 2 2 2 2 2 2 2 2 2 2 2 2
left_child=1 -1 3 4 5 -2 7 8 -7 10 11 -6 18 -14 15 26 17 -17 -11 20 25 22 -22 -24 -23 -20 -15 -28 -29 -27
right_child=2 -3 -4 -5 9 6 -8 -9 -10 12 -12 -13 13 14 -16 16 -18 -19 19 -21 21 24 23 -25 -26 29 27 28 -30 -31
leaf_value=1.5108883760794811e-06 -1.2584189225231646e-05 -1.0117537026512733e-05 0.00068061576572723376 -3.7744778257675058e-06 1.1693192598079768e-07 7.3919829543484883e-06 -2.8473363181597223e-05 8.7592924466148636e-05 -2.3444944542159711e-06 -1.3026206353693041e-05 -5.4948469819378353e-07 9.1555816102641005e-05 9.2104075111697689e-05 -7.2341556158894767e-05 5.4864472731134194e-05 5.6569562990594356e-06 -1.5849430874816485e-05 4.8643982229132917e-05 3.26621802267108e-05 -1.9049335350351465e-05 -2.6249782632218261e-05 3.6251872590435985e-07 4.2869984006684903e-05 -2.1436520339136943e-06 0.00018900881610188513 -8.3369220181294256e-06 -5.092291245168494e-05 8.1841633274635494e-05 -8.9844660283482484e-06 1.3132455638159424e-06
leaf_weight=33 30 227 22 4524 25 20 43 24 47 587 124 27 23 111 36 26 61 20 26 257 51 23 35 33 27 361 25 21 21 230
leaf_count=33 30 227 22 4524 25 20 43 24 47 587 124 27 23 111 36 26 61 20 26 257 51 23 35 33 27 361 25 21 21 230
internal_value=-0.000835675 -0.0025 -0.000772596 -0.000795555 -0.000267936 0.00262195 0.00432836 0.00708791 0.00395522 -0.000488373 0.00267045 0.0103846 -0.000770011 0.000959301 0.000295949 -0.000614036 0.00247663 0.00804348 -0.00113497 -0.000397892 0.000279897 0.00357988 0.000882352 0.00455882 0.01 -0.000623988 -0.00247191 0.000970148 0.00452381 -0.000939087
internal_weight=7120 260 6860 6838 2314 164 134 91 67 2150 176 52 1974 344 321 285 107 46 1630 1043 786 169 119 68 50 617 178 67 42 591
internal_count=7120 260 6860 6838 2314 164 134 91 67 2150 176 52 1974 344 321 285 107 46 1630 1043 786 169 119 68 50 617 178 67 42 591
is_linear=0
shrinkage=0.05


Tree=90
num_leaves=31
num_cat=0
split_feature=35 9 17 42 42 35 4 42 15 7 18 4 16 19 2 34 0 24 9 20 20 9 23 27 5 17 18 4 41 16
split_gain=0.291647 0.426582 0.762605 1.39434 0.438805 0.423857 0.976853 0.562083 0.48439 0.420168 0.322591 0.864006 0.310012 0.478213 0.422143 0.446801 0.446269 1.4373 0.453866 0.369176 0.75577 1.04321 1.00833 0.694166 0.839075 0.653992 0.604788 0.792258 0.734257 1.78474
threshold=84597.580725000022 0.017158159924208206 0.0061171193043541069 321.92974902847089 195.94126517186794 85505.058650000021 470.42324500000007 -132.45527771428132 0.0030448854262223293 -0.0028685586438372455 -450.87999999999732 1580.4747800000002 0.0089241218817799686 1464.3549999999962 81712.255000000019 87867.505715309628 85757.005000000019 1996.2484615999999 0.013330345369045763 106.81999999999972 113.78000000000613 0.00052559076828899225 -0.30451274172684306 91311.715500000006 0.0052695440113263367 0.003528743942040303 -74.965000000003769 249.30784500000001 -539.06218365043026 0.0046119651399675948
decision_type=2 2 2 2 2 2 2 2 2 2 2 2 2 2 2 2 2 2 2 2 2 2 2 2 2 2 2 2 2 2
left_child=10 5 4 -4 -3 6 -2 -8 -9 -10 11 -1 14 -14 -7 -16 17 -17 19 -18 21 22 25 24 -22 -21 27 -25 29 -29
right_child=1 2 3 -5 -6 12 7 8 9 -11 -12 -13 13 -15 15 16 18 -19 -20 20 23 -23 -24 26 -26 -27 -28 28 -30 -31
leaf_value=6.3290328203295622e-05 5.6958685207231579e-06 -3.9557690827724352e-05 0.00025962261253515789 -6.2572513003848072e-06 2.7377256826971144e-05 3.2513495946377456e-05 1.9230809170524229e-05 4.6035744009412776e-05 3.8441860186678714e-06 -1.7035205706506972e-05 -7.5582245313634094e-06 -4.6013764476154921e-05 -1.6886633969529845e-05 4.8096424539785523e-05 -1.5010443361153646e-05 0.00027804822491447049 -4.2611966778175237e-06 -1.7402201860803538e-06 -4.061804045929425e-05 0.00014111721507148627 3.525155385566682e-07 -1.2626434226313015e-05 6.1620785543466534e-05 3.1753496981767038e-05 0.00022639524526047732 -8.9215269006132791e-05 -4.7325226829683297e-06 4.396216874065907e-05 -2.8497478003011005e-06 -3.2618545290787162e-06
leaf_weight=26 31 37 29 22 31 23 32 25 24 102 619 35 147 46 147 21 3012 46 89 22 237 53 32 20 36 26 1348 28 701 73
leaf_count=26 31 37 29 22 31 23 32 25 24 102 619 35 147 46 147 21 3012 46 89 22 237 53 32 20 36 26 1348 28 701 73
internal_value=-0.000926967 -0.000822983 0.00214286 0.0067647 -0.00132353 -0.000878818 0.00130841 -8.19684e-05 -0.00135762 -0.00261905 -0.00191177 0.00155738 -0.000955462 -0.00292746 -0.000891107 -0.000917502 -0.000847842 0.00320895 -0.000895721 -0.0008393 -0.000399846 0.00327068 0.006875 -0.000599674 0.00177656 0.00229167 -0.000898619 0.000170315 -7.48142e-05 0.00391089
internal_weight=7120 6440 119 51 68 6321 214 183 151 126 680 61 6107 193 5914 5891 5744 67 5677 5588 2576 133 80 2443 273 48 2170 822 802 101
internal_count=7120 6440 119 51 68 6321 214 183 151 126 680 61 6107 193 5914 5891 5744 67 5677 5588 2576 133 80 2443 273 48 2170 822 802 101
is_linear=0
shrinkage=0.05


Tree=91
num_leaves=31
num_cat=0
split_feature=38 11 4 4 4 15 20 20 39 36 11 28 19 5 40 40 9 16 17 1 16 41 17 28 38 26 36 38 18 17
split_gain=0.567594 0.53134 0.515479 0.466992 0.633005 0.928056 0.569887 0.942308 0.481698 0.424265 0.418584 0.408653 0.436673 0.406468 0.418898 1.09119 1.65369 1.04552 0.668311 0.899527 0.734217 1.26851 0.758785 0.608842 0.655331 0.611851 0.990635 0.55568 0.559385 0.524138
threshold=21.020074811088524 -0.037086208186046972 5819.3404100000007 1686.5764950000003 1542.3785550000002 0.0035197335212768369 149.41999999999828 320.67000000000559 466.67250000000115 6816.6133061449809 0.01316490033132651 1032.7529464965194 395.82999999999453 0.0074256398540589064 -283.64032759460673 -327.3702989422963 0.00072567256433040946 0.0040091103809842179 0.0067363714196684204 111584.21000000001 0.0031524229749336522 -376.12831066308183 0.0064683392760295924 -23.208009100540945 31.876633564308509 94492.790941701751 -2643.6407416457582 30.218039664136096 -289.0099999999947 0.0042515404826531577
decision_type=2 2 2 2 2 2 2 2 2 2 2 2 2 2 2 2 2 2 2 2 2 2 2 2 2 2 2 2 2 2
left_child=-1 -2 3 4 9 -6 -7 -8 -5 10 13 -12 -13 14 15 18 17 -17 19 20 21 -3 23 24 27 26 -26 28 -22 -28
right_child=1 2 -4 8 5 6 7 -9 -10 -11 11 12 -14 -15 -16 16 -18 -19 -20 -21 22 -23 -24 -25 25 -27 29 -29 -30 -31
leaf_value=-6.8535568291873653e-06 0.00010226189610013301 5.0393757120156774e-05 0.0007009724841327235 2.4334495190326374e-05 0.00024404028286455302 -0.00011885258468645537 6.2367571102285628e-05 -5.7857130558891991e-05 -8.2266455644766829e-06 2.4871075204302674e-06 -1.181460705459096e-05 1.1452451993445382e-05 -2.095282766988151e-05 -3.9067168151504342e-05 -3.0492585443422569e-06 5.161111943688927e-05 -9.0913410206952555e-06 9.9581247148886772e-05 -1.5486439848459427e-05 -6.5755349443446887e-06 6.162965342794492e-05 1.1460652054447874e-06 3.9127261828581595e-05 1.7322815064174601e-06 0.00016599669764974598 -1.5451200302857415e-05 1.1344224259359518e-05 3.3453652938578245e-05 -3.177385787549669e-06 -1.7960312556087021e-05
leaf_weight=260 27 29 21 27 24 30 26 26 577 37 142 33 192 79 4613 37 55 20 109 226 30 45 20 29 22 204 20 30 92 38
leaf_count=260 27 29 21 27 24 30 26 26 577 37 142 33 192 79 4613 37 55 20 109 226 30 45 20 29 22 204 20 30 92 38
internal_value=-0.000976125 -0.000889214 -0.000916875 -0.000940988 -0.000811857 0.00301887 0.000487804 0.00365384 -0.00226821 -0.000878402 -0.000910966 -0.00254769 -0.00122222 -0.000805547 -0.000755474 0.000168985 0.00482143 0.0107895 -0.000413871 9.55402e-05 0.00117173 0.00581081 0.000463916 5.37622e-05 -0.000412845 -0.00183099 0.001875 0.00223684 0.000737704 -0.00155173
internal_weight=7120 6860 6833 6812 6208 106 82 52 604 6102 6065 367 225 5698 5619 1006 112 57 894 785 559 74 485 465 436 284 80 152 122 58
internal_count=7120 6860 6833 6812 6208 106 82 52 604 6102 6065 367 225 5698 5619 1006 112 57 894 785 559 74 485 465 436 284 80 152 122 58
is_linear=0
shrinkage=0.05


Tree=92
num_leaves=31
num_cat=0
split_feature=38 24 4 5 9 17 39 5 39 41 15 17 11 11 42 21 7 7 9 24 18 23 11 25 24 20 31 4 24 11
split_gain=0.495686 0.493918 0.459748 0.385846 0.770704 0.782187 1.41506 1.43747 1.17019 1.32776 0.423222 0.516233 0.653878 1.40485 0.587349 0.630352 1.63845 0.717389 1.08649 0.559677 0.636396 0.85163 0.400681 0.703531 0.526176 1.00129 0.886281 1.1006 0.654239 0.454104
threshold=21.020074811088524 1504.1454276000002 5819.3404100000007 -0.0031566657385237854 0.003497045220761249 0.0026785200768347753 512.36214285714243 -0.0035748109251597412 494.98821428571426 149.08530548641542 0.0031013483064812231 0.0058942655553125356 0.0048998680794387827 0.0024482565815301424 95.666812323951333 48.399999999994186 -0.0045439303648388343 -0.0055036472448107519 -0.0054403232381180291 1683.0252416000003 -477.02999999999878 -0.24759396232470701 -0.0034957550326451931 -1.1453387282933243 713.34944730000018 209.3299999999945 107828.08940000001 630.46404000000018 650.24492051000004 -0.0029590562988759464
decision_type=2 2 2 2 2 2 2 2 2 2 2 2 2 2 2 2 2 2 2 2 2 2 2 2 2 2 2 2 2 2
left_child=1 -1 3 4 5 -2 7 8 9 -7 -8 12 13 14 15 16 -12 18 -17 -13 21 -21 23 -5 25 -25 27 -27 -28 -24
right_child=2 -3 -4 22 -6 6 10 -9 -10 -11 11 19 -14 -15 -16 17 -18 -19 -20 20 -22 -23 29 24 -26 26 28 -29 -30 -31
leaf_value=-7.4184165376475636e-06 -2.8534024328326976e-05 5.9390580714048319e-05 0.00059969077387586026 5.1926249534120313e-05 -5.3131386822178798e-05 -1.1810013778397447e-05 -6.6611010503830542e-05 3.3367094733854612e-05 6.3338111261880754e-05 0.00012447193293566757 -1.1876507692652071e-05 -2.8217849597795654e-05 -1.7328508479865117e-05 0.00042858160299684824 4.1337181457520566e-05 -5.2620043118048558e-07 3.743042966942247e-05 -3.7938822764789257e-05 0.00011110231179289347 8.3162150608179805e-05 -2.5923170252362381e-05 -1.5080776228850753e-05 2.5074805133852489e-06 -3.7294467332086821e-06 -9.6208974972369289e-06 4.5609350847754606e-05 -2.0531468470155335e-05 6.0150689719621787e-05 3.8044728427266832e-06 -3.1740837137430625e-06
leaf_weight=238 77 22 22 20 88 78 74 23 21 35 33 96 50 28 21 139 25 93 20 25 30 37 162 392 766 20 53 28 20 4384
leaf_count=238 77 22 22 20 88 78 74 23 21 35 33 96 50 28 21 139 25 93 20 25 30 37 162 392 766 20 53 28 20 4384
internal_value=-0.00093399 -0.00307692 -0.000852771 -0.000875988 3.52455e-05 0.000469612 0.000917873 0.00519108 0.00320895 0.00119469 -8.19684e-05 0.000360133 0.00135697 0.00210306 0.00119335 0.00064516 0.00534483 -0.000436509 0.00160377 -0.00180851 0.00097826 0.00387097 -0.0010308 -0.00180524 -0.00195074 -0.000711502 0.00326446 0.00854167 -0.000205481 -0.000809504
internal_weight=7120 260 6860 6838 993 905 828 157 134 113 671 597 409 359 331 310 58 252 159 188 92 62 5845 1299 1279 513 121 48 73 4546
internal_count=7120 260 6860 6838 993 905 828 157 134 113 671 597 409 359 331 310 58 252 159 188 92 62 5845 1299 1279 513 121 48 73 4546
is_linear=0
shrinkage=0.05


Tree=93
num_leaves=31
num_cat=0
split_feature=38 7 20 5 22 42 4 25 25 35 7 21 20 5 39 19 28 35 42 42 18 38 26 28 7 19 17 9 17 11
split_gain=0.470037 0.361063 0.888889 0.46972 0.397279 0.335801 0.539461 0.363636 0.322083 0.311034 0.788139 1.03847 0.585043 0.454505 0.667063 0.57651 0.603571 0.345306 0.352269 0.676978 1.36272 0.684026 0.514271 0.47876 0.522562 0.388942 0.312817 0.653333 0.294983 0.292052
threshold=21.020074811088524 0.017172785769620703 176.4150000000009 0.008048150748392097 747.11501650000002 -335.50906236585513 2277.0190250000001 -0.12968427476523306 3.7485011269767265 118132.23042500002 -0.0030112566138491056 87.150000000001469 186.6450000000041 0.0037771960607173075 782.21500000000231 265.83999999999656 80.396417299387409 118090.13175 225.58152859618392 190.43203918534201 336.90999999999627 61.495292723748754 113455.80067367463 493.70263382879062 -0.00090734697092211155 635.06499999999517 0.0015368820325188592 -0.00031346882441667779 0.0036236322254034801 0.016953409846224513
decision_type=2 2 2 2 2 2 2 2 2 2 2 2 2 2 2 2 2 2 2 2 2 2 2 2 2 2 2 2 2 2
left_child=-1 3 -3 5 28 6 7 -2 9 17 11 -11 -13 15 -15 16 -12 18 19 26 21 -21 23 24 -20 -23 27 -7 -5 -28
right_child=1 2 -4 4 -6 8 -8 -9 -10 10 13 12 -14 14 -16 -17 -18 -19 22 20 -22 25 -24 -25 -26 -27 29 -29 -30 -31
leaf_value=-6.1399581608456264e-06 6.928924714874756e-05 0.00016430463131068273 -3.570309801849399e-05 -2.2860999818093966e-05 -3.9754832996429056e-05 1.5777263896979632e-05 0.00012154283732292013 -6.7993502546679873e-05 -7.5462403348947046e-05 6.3386094182071341e-05 -1.9995393818134313e-05 -2.4131189509808033e-05 7.4656813551743847e-05 -2.3435083532921941e-05 2.6070844518258987e-05 -1.8750271214020157e-05 9.7986202112379513e-06 -3.5994649302392961e-05 5.0250911377541552e-05 3.2628491486644419e-05 0.00015271784458483896 -7.2060963830075187e-06 9.9162019111723088e-07 -3.6256396495662982e-05 -4.7289911441799611e-05 3.5862391290522137e-06 -2.5504775947520528e-06 -1.0905527532089097e-05 0.00013344488034724685 -5.6563560566755565e-05
leaf_weight=260 22 27 54 26 125 20 21 22 48 38 36 45 20 21 24 231 20 53 36 24 29 61 37 245 38 24 5396 30 20 67
leaf_count=260 22 27 54 26 125 20 21 22 48 38 36 45 20 21 24 231 20 53 36 24 29 61 37 245 38 24 5396 30 20 67
internal_value=-0.00099017 -0.00091108 0.00240741 -0.000950731 -0.00353801 -0.000883778 0.00269231 -0.000454547 -0.000919304 -0.000889147 0.000402298 0.0042233 0.000384614 -0.000783134 0.00388889 -0.00151568 0.00303571 -0.000981849 -0.000946397 -0.000850293 0.00260869 4.58704e-05 -0.00247191 -0.00311912 0.000405404 -0.00205882 -0.000936878 0.003 0.000434781 -0.00097291
internal_weight=7120 6860 81 6779 171 6608 65 44 6543 6495 435 103 65 332 45 287 56 6060 6007 5651 138 109 356 319 74 85 5513 50 46 5463
internal_count=7120 6860 81 6779 171 6608 65 44 6543 6495 435 103 65 332 45 287 56 6060 6007 5651 138 109 356 319 74 85 5513 50 46 5463
is_linear=0
shrinkage=0.05


Tree=94
num_leaves=31
num_cat=0
split_feature=38 21 1 26 17 9 24 38 4 32 42 17 22 19 39 40 32 38 39 19 15 20 26 15 23 19 15 36 5 36
split_gain=0.401888 0.335405 0.461761 2.24787 0.466087 0.446036 0.406521 0.722692 1.59492 1.19102 0.956764 1.2586 0.790864 0.766268 0.686686 0.371607 0.738593 0.768733 0.512253 0.456136 0.36849 0.769613 0.919613 0.982625 1.0221 1.03704 0.589247 0.668397 0.49243 0.381882
threshold=21.020074811088524 18.579999999994474 117271.52500000001 117774.25454466783 0.0037109551138149524 0.028474364021598569 404.18693980000006 41.916883686468857 489.76179500000006 459.09491627904214 78.566876881594126 0.0019359443681556906 384.05427775000004 408.27499999999424 367.27392857142752 72.289190458614044 336.8703915681254 44.405548737104603 313.03785714285715 139.1650000000009 0.0022458404458779685 50.66500000000088 107051.41621080873 0.0017939407425314911 -0.34890491078540775 323.15999999999627 0.002205718406649721 3040.1223568965875 0.0018537179560176686 2026.0433779424277
decision_type=2 2 2 2 2 2 2 2 2 2 2 2 2 2 2 2 2 2 2 2 2 2 2 2 2 2 2 2 2 2
left_child=-1 2 -2 -4 -5 6 7 8 12 -9 11 13 -3 -11 15 19 18 -18 -17 -8 21 28 23 -23 25 -25 27 -24 -16 -22
right_child=1 5 3 4 -6 -7 14 9 -10 10 -12 -13 -14 -15 20 16 17 -19 -20 -21 29 22 26 24 -26 -27 -28 -29 -30 -31
leaf_value=-5.832960252803316e-06 -4.8928414940661685e-06 1.0718811749280737e-05 1.6027366385965496e-05 -2.6367716772080312e-05 1.2899559958419312e-05 7.8486839722851929e-05 1.9921329052743571e-06 -1.3047115824292181e-05 -1.0630669207023995e-05 -3.2906371227041193e-05 -1.9147749432821602e-05 9.4668487701855106e-05 4.033508877533169e-05 5.5428321882655294e-05 -1.1543507259051953e-05 2.9815522769186286e-05 2.5740135324778124e-05 -2.4792403080761944e-05 -2.4557278432256247e-05 -2.5732376733239318e-05 -1.1834735945686417e-06 -1.0237751163544303e-05 -7.9150303050554245e-06 4.1513451416640153e-05 0.00011422190999307094 -6.519348048730638e-05 9.7974432584527356e-05 2.8501214904432412e-05 3.6117210701011007e-05 -7.3161906739605361e-06
leaf_weight=260 818 43 31 67 25 22 34 205 38 27 58 23 20 25 125 23 21 170 22 414 3212 40 209 27 39 21 24 25 30 1022
leaf_count=260 818 43 31 67 25 22 34 205 38 27 58 23 20 25 125 23 21 170 22 414 3212 40 209 27 39 21 24 25 30 1022
internal_value=-0.000955057 -0.000881925 -0.00175877 0.00109756 -0.00282609 -0.000742525 -0.000769036 0.00069476 0.00440594 -0.000414202 0.00327068 0.007 0.00928571 0.00269231 -0.000886773 -0.00236842 -0.000762713 -0.00212042 0.005 -0.00321429 -0.000674488 0.000555554 0.00175325 0.00523622 0.00821839 0.00333333 3.87585e-05 -0.000726497 -0.00241936 -0.000831366
internal_weight=7120 6860 941 123 92 5919 5897 439 101 338 133 75 63 52 5458 684 236 191 45 448 4774 540 385 127 87 48 258 234 155 4234
internal_count=7120 6860 941 123 92 5919 5897 439 101 338 133 75 63 52 5458 684 236 191 45 448 4774 540 385 127 87 48 258 234 155 4234
is_linear=0
shrinkage=0.05


Tree=95
num_leaves=31
num_cat=0
split_feature=11 39 9 4 17 25 39 19 23 31 19 31 15 39 7 17 28 23 11 19 23 23 7 23 38 40 36 7 34 9
split_gain=0.35546 0.483902 0.631062 1.4557 0.758752 0.602474 0.612635 0.849077 0.693244 0.833809 0.711886 0.665233 1.21682 1.23369 0.978923 0.672985 0.62881 0.476461 0.459574 0.453678 0.42071 0.940253 0.418414 0.400478 0.394465 0.83898 1.06221 2.26838 2.14447 0.880029
threshold=-0.0004432188760427165 451.25035714285752 -0.0015572251418474691 198.28442500000003 0.0022457587104116323 -0.75630844626051896 512.36214285714243 366.16000000000355 -0.33561491268219695 109427.69320000002 309.67500000000297 108858.08990000002 0.0036862883253064478 494.98821428571426 -0.0033112590676829096 0.0036094040898889111 -185.77169331648471 -0.7745565039448945 -0.0027217571830710613 432.59500000000122 1.7090078642119932 1.4966568643086477 0.00054845444836480837 -0.95118781862994006 47.420632026598788 -48.262048705495538 1685.5926894730003 2.9612377707185919e-05 106784.55180642429 -0.0023654502529161232
decision_type=2 2 2 2 2 2 2 2 2 2 2 2 2 2 2 2 2 2 2 2 2 2 2 2 2 2 2 2 2 2
left_child=1 2 3 4 -1 -3 11 8 9 16 -11 12 13 14 -7 -13 -8 -5 -16 -9 21 23 -18 -21 25 29 27 -27 -29 -2
right_child=24 5 -4 17 -6 6 7 19 -10 10 -12 15 -14 -15 18 -17 22 -19 -20 20 -22 -23 -24 -25 -26 26 -28 28 -30 -31
leaf_value=-8.7700211764349451e-08 3.0075216817657496e-05 -6.3761187583250856e-06 -1.8345338722600222e-05 6.1505407894401918e-05 2.1797571628394394e-05 5.9488248636328333e-05 -6.460661144559954e-05 -1.3922878820981102e-05 -1.1392276700253525e-05 2.9364773565878605e-06 3.847227807106536e-05 -1.3888766851650986e-05 -5.6607745715845047e-06 7.5389209071122956e-05 -3.5629169298052845e-05 2.4055123142338272e-05 9.7997592721698712e-05 -8.8854143046429513e-06 0.00015957419215651623 6.1800851092648761e-06 -2.620437226252788e-05 2.4314853180275592e-05 -2.9979965764933159e-05 -2.1573892614590501e-06 -3.1713313811958118e-06 -1.3374498118725544e-05 -5.2898949450027619e-06 0.00015448287628860584 6.8696668797983744e-05 -3.9190472935169387e-06
leaf_weight=21 96 349 425 26 29 24 27 124 24 23 21 109 46 29 27 27 25 452 20 31 211 37 22 1161 2924 57 99 35 36 583
leaf_count=21 96 349 425 26 29 24 27 124 24 23 21 109 46 29 27 27 25 452 20 31 211 37 22 1161 2924 57 99 35 36 583
internal_value=-0.000941012 -0.00132219 -0.00227177 -0.00111743 0.007 -0.000934961 -0.000598593 -0.000955453 0.00274648 0.00432203 0.00977273 0.00156028 0.00390411 0.007 0.0034507 -0.000955884 0.00108108 -0.00196653 -0.000744682 -0.00129156 -0.00104167 -0.000687552 0.00457447 -0.000931209 -0.000613578 0.000298012 0.00292951 0.0059375 0.0119014 -0.000581739
internal_weight=7120 3290 953 528 50 2337 1988 1706 142 118 44 282 146 100 71 136 74 478 47 1564 1440 1229 47 1192 3830 906 227 128 71 679
internal_count=7120 3290 953 528 50 2337 1988 1706 142 118 44 282 146 100 71 136 74 478 47 1564 1440 1229 47 1192 3830 906 227 128 71 679
is_linear=0
shrinkage=0.05


Tree=96
num_leaves=31
num_cat=0
split_feature=21 41 20 5 36 25 4 36 21 11 21 32 18 39 20 24 5 23 34 17 38 38 23 36 36 0 0 21 42 16
split_gain=0.344676 0.55322 0.729602 0.876086 1.06667 0.425548 0.75 0.358098 0.875 0.318919 0.641025 0.826341 1.154 1.39522 1.63932 0.722803 0.841864 1.3143 0.611952 0.606294 0.775758 0.59309 0.554715 0.520536 1.20484 0.856126 0.773244 0.535413 0.787483 0.663371
threshold=18.579999999994474 -136.64854630848683 216.42499999999566 -0.00067382005656199662 -1251.0021350808308 -0.6873477708365 249.30784500000001 4542.2753919773177 0.01000000000203727 0.00031496387333412667 54.455000000001753 -80.396772376196154 -142.52000000000405 573.70607142857011 96.465000000003798 324.21562040000009 0.0024298998282183126 -0.54723746321498257 120414.61999445329 0.0036953829081042447 62.338755083978135 58.381354907451559 -1.2937921639461594 -2927.6846259209483 -3143.1517107517716 101505.65000000001 112362.03500000002 181.74000000000527 115.29941783808667 0.0049212229213680073
decision_type=2 2 2 2 2 2 2 2 2 2 2 2 2 2 2 2 2 2 2 2 2 2 2 2 2 2 2 2 2 2
left_child=1 2 3 4 -1 6 -5 -3 -9 18 11 21 13 14 -13 -14 -17 -18 22 -19 -21 -11 -2 24 27 -26 -27 29 -29 -24
right_child=9 7 -4 5 -6 -7 -8 8 -10 10 -12 12 15 -15 -16 16 17 19 -20 20 -22 -23 23 -25 25 26 -28 28 -30 -31
leaf_value=-1.8893338430338209e-06 1.6015692780903226e-05 -8.0356514296035854e-06 -1.4533230630204572e-05 -2.2480030853288709e-05 5.5597534411320409e-05 -1.3983087972436852e-05 1.453353754271034e-05 8.965832153978959e-06 -3.4947337320828736e-05 -2.2826773883691272e-05 -2.5572653381230873e-06 6.2695468398213958e-06 9.41927101954819e-05 -4.4263884280638656e-05 0.00011532064422061921 -1.3662528222225206e-05 4.5799551588122331e-05 -3.1071438546539216e-06 7.1808722060659352e-05 0.00021693900192522439 -1.9577878608193902e-05 3.442778537190321e-06 5.4915423307871962e-05 -4.9187140887368283e-06 0.00045527942684446977 -3.2455734349214758e-05 2.2268075834490289e-05 -9.7864179932899567e-06 0.0001093482027478972 -2.234815197005804e-06
leaf_weight=30 58 626 71 24 30 97 24 28 28 127 2427 31 20 40 24 162 24 60 40 20 24 25 83 2457 20 26 20 291 35 148
leaf_count=30 58 626 71 24 30 97 24 28 28 127 2427 31 20 40 24 162 24 60 40 20 24 25 83 2457 20 26 20 291 35 148
internal_value=-0.00093399 -0.00181629 7.24626e-05 0.00158536 0.00666667 -0.000517243 0.00333333 -0.00258065 0.00125 -0.00079682 -0.000425604 0.00110413 0.00228395 0.00710526 0.0122727 0.00080645 0.000172413 0.00320312 -0.00114538 0.00076923 0.00522727 -0.00203947 -0.00122371 -0.00131494 -2.40782e-05 0.00636364 0.00260869 -0.000780971 -0.00208589 0.0010606
internal_weight=7120 958 276 205 60 145 48 682 56 6162 2984 557 405 95 55 310 290 128 3178 104 44 152 3138 3080 623 66 46 557 326 231
internal_count=7120 958 276 205 60 145 48 682 56 6162 2984 557 405 95 55 310 290 128 3178 104 44 152 3138 3080 623 66 46 557 326 231
is_linear=0
shrinkage=0.05


Tree=97
num_leaves=31
num_cat=0
split_feature=38 38 19 5 38 32 31 26 9 22 4 21 0 2 15 1 0 41 38 9 13 7 9 30 13 9 16 36 17 15
split_gain=0.470037 0.322953 0.280344 0.332423 0.336434 0.423496 0.568182 0.334571 0.474581 0.698958 0.856714 0.406112 0.360954 0.368802 0.697972 0.286926 0.674289 1.0658 0.472129 1.3217 1.09091 0.800395 0.427907 0.304777 0.628571 0.288414 0.642597 0.598387 0.625891 0.436364
threshold=21.020074811088524 11.296468556921548 2875.9799999999964 0.008048150748392097 69.329575868676585 2439.9539720370017 87495.473300000027 82638.27147652542 0.0046303199077176354 1498.6295355 962.68047000000013 160.47499999999857 82692.780000000013 82779.810000000012 0.004902915124111791 85254.715000000011 85315.895000000019 98.439447347440733 45.773567614434519 -0.0002674687386712427 -0.014608359335966976 0.00077686676748507904 0.0025773953282503185 83308.838028946324 0.012189337253110855 0.002401294211195457 0.0013225100361897752 5718.2955690795288 0.0039828673763912205 0.005440176460725748
decision_type=2 2 2 2 2 2 2 2 2 2 2 2 2 2 2 2 2 2 2 2 2 2 2 2 2 2 2 2 2 2
left_child=1 -1 3 7 -5 6 -6 8 9 10 -2 -11 -9 14 -14 18 17 -17 19 -15 -21 -22 -19 24 -20 -18 -27 -28 -29 -30
right_child=2 -3 -4 4 5 -7 -8 12 -10 11 -12 -13 13 15 -16 16 25 22 23 20 21 -23 -24 -25 -26 26 27 28 29 -31
leaf_value=1.2658172067878295e-05 2.8191392844039712e-06 -7.6562686075020559e-06 0.00063316675846863913 -2.4555283083950674e-05 -0.00012799438038952043 -8.3420246214698665e-05 0.0001403733574779458 -3.2493149835778491e-05 -1.6853012346109398e-05 8.6162681272658207e-05 0.00014402055339709333 -5.7629700960161395e-05 -1.4446245901716355e-05 -7.6089991805918316e-06 0.00012641313297277867 0.00015812421544104412 -1.9062097949870337e-06 -4.6490291352588354e-05 6.2159717798193807e-05 -4.8878826854169228e-05 2.3564775949166702e-07 4.4905650292001723e-05 8.4938370689051346e-05 -2.327711187853594e-05 -5.0408785565865331e-05 4.3401842129200141e-05 -5.7322182139649321e-06 5.9271013755637534e-05 -7.041365159047288e-05 8.5852509442307313e-05
leaf_weight=29 35 231 20 141 22 27 22 54 80 27 23 39 31 109 24 22 3955 23 30 20 23 32 20 236 33 20 1724 24 24 20
leaf_count=29 35 231 20 141 22 27 22 54 80 27 23 39 31 109 24 22 3955 23 30 20 23 32 20 236 33 20 1724 24 24 20
internal_value=-0.00099017 -0.00307692 -0.00091108 -0.000928364 -0.00287736 -7.04237e-05 0.00295454 -0.000866024 0.00112745 0.00306451 0.00706896 -0.000454547 -0.000929329 -0.000894821 0.00318182 -0.000930326 -0.000833335 0.00423077 -0.00210145 -0.000108697 0.005 0.00863636 -0.000348838 -0.00332776 -0.000238096 -0.000890412 -0.0014128 -0.00151228 0.00308823 -0.000454547
internal_weight=7120 260 6860 6840 212 71 44 6628 204 124 58 66 6424 6370 55 6315 5832 65 483 184 75 55 43 299 63 5767 1812 1792 68 44
internal_count=7120 260 6860 6840 212 71 44 6628 204 124 58 66 6424 6370 55 6315 5832 65 483 184 75 55 43 299 63 5767 1812 1792 68 44
is_linear=0
shrinkage=0.05


Tree=98
num_leaves=31
num_cat=0
split_feature=11 11 42 20 9 32 11 4 21 11 13 22 15 39 7 9 17 11 0 22 3 31 23 21 28 23 40 20 16 4
split_gain=0.323864 0.665021 0.729167 1.07716 0.9 0.618763 0.401754 0.428746 0.983232 0.930464 0.451916 0.44971 0.378493 0.665833 1.04096 0.662069 0.552053 0.351703 0.362555 0.819048 0.66678 1.08328 0.82323 0.65332 0.558627 0.509376 1.06869 0.445617 0.788589 0.903543
threshold=-0.0084898350992668268 -0.0074760514912964385 -71.884836970672339 200.94499999999974 -0.0034291732761045405 1298.6313059700626 -0.0098086267481625623 570.99227000000008 55.340000000003791 -0.012497251918577664 -0.014962496743447469 759.32313325000007 0.0090439375767018462 1022.8578571428578 0.0021397201533777414 0.0017719501828202644 0.0093077322620267258 0.01316490033132651 116078.36500000001 242.68830900000003 117381.05000000002 116962.03050000002 -0.55497193982871984 1.0000000180025095e-35 446.67947768155869 1.0557310531246775 157.18408760371679 48.819999999999716 0.0033662717402804716 630.46404000000018
decision_type=2 2 2 2 2 2 2 2 2 2 2 2 2 2 2 2 2 2 2 2 2 2 2 2 2 2 2 2 2 2
left_child=5 2 3 -2 -4 6 7 8 -1 -10 -9 -11 17 14 -14 16 -15 18 -3 -20 21 24 -23 -22 -21 27 -27 28 -25 -30
right_child=1 12 4 -5 -6 -7 -8 10 9 11 -12 -13 13 15 -16 -17 -18 -19 19 20 23 22 -24 25 -26 26 -28 -29 29 -31
leaf_value=-2.1472302530672436e-05 -2.8378357708340882e-05 -2.6228869308636574e-06 4.7473335349147185e-05 2.0554995747629974e-05 -6.7218645542091366e-06 1.7029171829505401e-06 -1.1325679192901794e-05 -2.8251338524108206e-06 -3.3608716197856997e-06 5.3880728722655602e-05 -2.5385239340890899e-05 5.5312925601754851e-05 -2.1131344436199526e-06 0.00022879349094430553 0.00065340998429331014 -2.3987656503684463e-05 -7.8953889693764639e-05 -7.2352454870108811e-06 1.8257304397596964e-06 -1.0471689828422785e-05 1.258596793059235e-05 2.218523419597916e-05 1.1628118153059552e-05 -1.5913461444783651e-05 3.9861556993009004e-05 -3.4500795096502518e-05 0.00016277146030165557 -1.2131672933416526e-05 1.7703802882620356e-05 -1.9249090176884848e-05
leaf_weight=43 51 4372 36 29 24 29 159 487 39 21 252 20 29 30 20 87 28 504 20 85 25 21 25 98 33 44 36 405 43 25
leaf_count=43 51 4372 36 29 24 29 159 487 39 21 252 20 29 30 20 87 28 504 20 85 25 21 25 98 33 44 36 405 43 25
internal_value=-0.00104635 -0.000906097 0.0025 -0.000625001 0.00666667 -0.00185714 -0.00206171 -0.00163573 0.00109756 0.004375 -0.00209066 0.00963415 -0.00098651 0.00118557 0.00622449 -0.000517243 0.00362069 -0.00105997 -0.000938457 -1.19209e-09 -0.000238096 0.00262195 0.00913043 -0.000931954 8.47446e-05 -0.00123656 0.0025 -0.00176007 0.000421686 0.00455882
internal_weight=7120 6070 140 80 60 1050 1021 862 123 80 739 41 5930 194 49 145 58 5736 5232 860 840 164 46 676 118 651 80 571 166 68
internal_count=7120 6070 140 80 60 1050 1021 862 123 80 739 41 5930 194 49 145 58 5736 5232 860 840 164 46 676 118 651 80 571 166 68
is_linear=0
shrinkage=0.05


Tree=99
num_leaves=31
num_cat=0
split_feature=38 17 9 17 17 22 40 39 15 24 36 40 23 11 3 28 19 35 42 21 5 20 17 11 36 41 15 15 32 28
split_gain=0.353697 0.286638 0.694231 0.318546 0.468429 0.907296 0.958836 0.791346 0.689954 0.617676 0.474725 0.307451 0.294056 0.304484 0.384879 0.31832 0.382338 0.311631 0.514837 1.2 0.451073 0.703943 0.414961 0.431095 0.801815 0.373033 0.568049 0.419048 0.367973 0.647317
threshold=21.020074811088524 0.0015368820325188592 -0.00065335581009333312 0.0018442859526940226 0.0021101973523390944 458.38108142500005 -79.626578952927943 320.10892857142875 0.0026236944873389754 340.65322459999999 861.94726960788114 -96.936918408406186 3.9819891291041771 0.01316490033132651 82128.695000000022 870.29625046189915 395.82999999999453 88164.388225000017 122.88370050209559 333.37500000000006 -0.001003977770079394 117.56500000000234 0.0024522952040499225 0.0083510601887025037 -99.637437387973463 1005.5647768736442 0.0038266198082211465 0.0059003756129712634 2352.2749924774112 1342.4096898427381
decision_type=2 2 2 2 2 2 2 2 2 2 2 2 2 2 2 2 2 2 2 2 2 2 2 2 2 2 2 2 2 2
left_child=-1 2 -2 11 5 7 -7 9 -8 -5 -11 -3 13 17 -15 -16 -17 18 22 20 21 -20 -6 -24 -25 28 -27 -28 29 -19
right_child=1 3 -4 4 12 6 8 -9 -10 10 -12 -13 -14 14 15 16 -18 25 19 -21 -22 -23 23 24 -26 26 27 -29 -30 -31
leaf_value=-5.5925994951255523e-06 1.5600765318263332e-05 1.5802771546259301e-05 -1.18727204999859e-05 -4.8230804125024106e-05 3.1247591210864547e-05 -1.1870093387256388e-05 9.3415687383616863e-05 -3.6047692307227715e-05 2.5311575624959374e-06 3.8512300340241555e-05 -1.5203166427617176e-05 -1.4702631208233315e-05 0.00016066496615699483 2.212978985221232e-06 -4.8445515348586038e-05 1.0545787251633564e-05 -7.4366732456030575e-06 -1.900279979014869e-06 0.00015326969872934512 0.00024476565133082655 -1.1431572351051811e-05 -1.1332679033038449e-05 -7.239198980254598e-06 0.00011407931903352356 -2.219300027346526e-05 2.687133236649468e-06 -2.1288651291890567e-05 1.4614556508240436e-05 -3.5265451506748414e-05 2.6998675350027937e-05
leaf_weight=260 20 30 32 29 20 20 20 77 21 30 26 170 20 30 102 38 397 4520 20 20 65 23 879 20 38 20 22 20 94 37
leaf_count=260 20 30 32 29 20 20 20 77 21 30 26 170 20 30 102 38 397 4520 20 20 65 23 879 20 38 20 22 20 94 37
internal_value=-0.00107444 -0.00100583 0.00269231 -0.00103408 -0.000974577 0.00127803 0.00647541 -0.000679014 0.0108537 0.00264706 0.00571428 -0.003 -0.00105325 -0.00107227 -0.00217813 -0.00248603 -0.00189655 -0.000964127 -0.00172811 0.00125 -0.000833335 0.00313953 -0.00212644 -0.00227855 0.00189655 -0.000788246 0.00306451 -0.000238096 -0.000839606 -0.000775731
internal_weight=7120 6860 52 6808 6608 223 61 162 41 85 56 200 6385 6365 567 537 435 5798 1085 128 108 43 957 937 58 4713 62 42 4651 4557
internal_count=7120 6860 52 6808 6608 223 61 162 41 85 56 200 6385 6365 567 537 435 5798 1085 128 108 43 957 937 58 4713 62 42 4651 4557
is_linear=0
shrinkage=0.05


Tree=100
num_leaves=31
num_cat=0
split_feature=39 39 19 17 36 15 42 17 1 11 32 19 19 16 16 42 38 32 13 41 13 41 21 17 11 39 9 0 7 34
split_gain=0.332123 0.470315 0.387135 0.762847 1.00963 0.397389 0.30026 0.485449 0.469971 0.354362 0.648821 0.494589 0.871609 0.668872 0.59435 1.29702 0.891637 2.02289 0.547654 0.553114 0.544927 0.91951 0.71647 1.5894 1.24693 0.902172 1.07593 0.988034 0.732858 1.00689
threshold=189.11535714285546 201.12071428571394 139.1650000000009 0.0039828673763912205 421.48939237547171 0.0010142378590704325 225.58152859618392 0.0049391421653917278 113645.65500000001 -0.0084898350992668268 1298.6313059700626 726.66999999999837 735.03999999999371 0.0074195362349960851 0.0080170134925727117 57.322226206789828 31.616652416101193 -1517.4687132462348 0.0036707326975547153 755.45608420452447 0.0028423670076384469 569.09865934417928 112.7150000000038 0.0030817602300634859 0.01005005790940673 705.44785714285808 0.0033746957531350717 95052.12000000001 0.0092502633507904417 105462.64988132326
decision_type=2 2 2 2 2 2 2 2 2 2 2 2 2 2 2 2 2 2 2 2 2 2 2 2 2 2 2 2 2 2
left_child=-1 -2 3 4 -3 -4 9 -8 -9 10 -7 13 -13 18 16 -16 17 -14 19 -11 -18 22 28 -24 25 27 -27 -25 -22 -30
right_child=1 2 5 -5 -6 6 7 8 -10 11 -12 12 14 -15 15 -17 20 -19 -20 -21 21 -23 23 24 -26 26 -28 -29 29 -31
leaf_value=-8.4448614859364417e-06 1.7498110339949235e-05 3.186030832562539e-05 -2.4640841743885573e-05 -3.4564107938875235e-05 -1.7272661461366658e-06 -4.2873955623174235e-06 -5.0670756666479617e-05 -7.1726208882922798e-06 2.8597436796726864e-05 -1.0202015580946387e-06 1.7519509624828794e-06 1.1787993782935152e-05 -6.5919181565736181e-06 -1.79561302546621e-05 -5.7461080021404756e-05 0.00022790089152960465 -8.8191942278052172e-06 6.974679965931101e-05 -5.4876535577179248e-06 6.6610808644321278e-05 -1.4906899084450381e-05 -2.6555585253382696e-05 0.00029304577784834739 0.00023177288757120023 -4.9425519018295209e-05 7.493174825706585e-05 -1.3283157411354889e-05 -1.3993284961019184e-05 0.0002034918172020958 -5.0740704867326147e-05
leaf_weight=116 29 25 64 26 39 1017 146 282 31 2462 28 24 52 127 43 33 435 39 1595 38 110 69 37 20 67 33 20 52 31 30
leaf_count=116 29 25 64 26 39 1017 146 282 31 2462 28 24 52 127 43 33 435 39 1595 38 110 69 37 20 67 33 20 52 31 30
internal_value=-0.00105337 -0.00100942 -0.00103584 0.00222222 0.00515625 -0.00107843 -0.00104164 -0.00227669 -0.00116614 -0.000952532 -0.00179426 -0.000787099 0.000159816 -0.00103269 -5.13551e-05 0.00421053 -0.000376886 0.00434066 -0.000921857 -0.000460001 -0.000851771 0.000330489 0.00125 0.0030786 0.00125 0.0042 0.00915094 0.000555554 -0.00119883 0.00319672
internal_weight=7120 7004 6975 90 64 6885 6821 459 313 6362 1045 5317 1095 4222 1071 76 995 91 4095 2500 904 469 400 229 192 125 53 72 171 61
internal_count=7120 7004 6975 90 64 6885 6821 459 313 6362 1045 5317 1095 4222 1071 76 995 91 4095 2500 904 469 400 229 192 125 53 72 171 61
is_linear=0
shrinkage=0.05


Tree=101
num_leaves=31
num_cat=0
split_feature=13 42 19 4 21 38 36 15 18 17 23 26 42 42 5 0 11 11 32 0 2 5 38 38 30 19 9 38 26 22
split_gain=0.32445 0.441172 1.13333 1.05256 1.81894 0.724187 0.376055 0.342334 0.477049 0.448164 0.793651 1.16684 0.478209 1.25048 0.340525 0.640244 0.337405 0.28721 1.1178 0.484699 0.957473 0.83513 0.521144 0.616979 0.991549 0.750929 0.806281 0.578292 0.65828 0.645012
threshold=0.018321508941927463 190.43203918534201 419.0999999999986 1163.72279 238.41499999999363 70.112276116172339 7320.3472469906492 0.0057677307986599693 -254.99000000000521 0.0089402227091251903 -0.49260918995531838 91513.56707712666 250.53157180451385 334.23003683175364 -0.0024781501856473063 99649.140000000014 0.015209171720287828 -0.0084898350992668268 1190.2008734424455 118833.52 118741.45500000002 0.0043821638657789317 53.137130939897489 52.033748632006272 87654.116247006212 317.16500000000093 -0.00065335581009333312 61.888752708644624 83014.852836182501 275.15375825000007
decision_type=2 2 2 2 2 2 2 2 2 2 2 2 2 2 2 2 2 2 2 2 2 2 2 2 2 2 2 2 2 2
left_child=1 16 -3 5 -5 -4 7 14 -9 10 11 -10 -12 -14 15 -2 17 18 -1 22 -21 -22 23 -19 -25 -26 -27 -24 -29 -30
right_child=6 2 3 4 -6 -7 -8 8 9 -11 12 -13 13 -15 -16 -17 -18 19 -20 20 21 -23 27 24 25 26 -28 28 29 -31
leaf_value=-3.9156265986449177e-06 1.1822769345097682e-05 2.4202440995032087e-05 -1.5169266275791386e-05 0.00014760546370294589 -2.0795845240128763e-05 4.4233152811356411e-05 1.8010600050457981e-06 -2.0283227602526485e-05 0.00018800234989247518 -1.0305250436467071e-05 -2.5015947794480703e-05 -1.616824836650911e-05 0.00024868821268678301 -1.1508927599721412e-05 -3.5314552146306718e-05 -1.5716246478130954e-06 -3.0244155796687526e-05 -1.735864790624219e-06 1.8328470894120848e-06 2.4188249400473109e-05 -5.0048592581022523e-07 0.00014058915738535214 -1.1409851851986994e-05 -6.0092331101801948e-05 0.00010453251823591395 9.7217352898109621e-06 -1.6147008952068057e-05 3.6368975639364167e-05 3.806342563276631e-06 -3.7828485160315548e-06
leaf_weight=1012 20 34 101 20 24 25 21 56 22 62 53 23 20 32 351 21 95 2647 20 31 230 20 1007 32 34 29 47 24 68 939
leaf_count=1012 20 34 101 20 24 25 21 56 22 62 53 23 20 32 351 21 95 2647 20 31 230 20 1007 32 34 29 47 24 68 939
internal_value=-0.00102528 -0.000915516 0.00137255 -0.000294119 0.00636364 -0.00261905 -0.00206314 -0.00227273 -0.000895524 0.000188678 0.00166667 0.00722222 -0.000714287 0.00269231 -0.00321429 0.00109756 -0.000990378 -0.000944627 -0.00170543 -0.000790917 0.00122776 0.000199999 -0.000908433 -0.000464325 0.00274648 0.005 0.00223684 -0.00151619 -0.000683803 -0.000878849
internal_weight=7120 6439 204 170 44 126 681 660 268 212 150 45 105 52 392 41 6235 6140 1032 5108 281 250 4827 2789 142 110 76 2038 1031 1007
internal_count=7120 6439 204 170 44 126 681 660 268 212 150 45 105 52 392 41 6235 6140 1032 5108 281 250 4827 2789 142 110 76 2038 1031 1007
is_linear=0
shrinkage=0.05


Tree=102
num_leaves=31
num_cat=0
split_feature=17 3 13 25 22 27 9 32 17 25 2 20 28 41 25 25 21 0 1 32 17 13 42 4 18 38 32 40 32 11
split_gain=0.273071 0.726815 1.22397 0.642296 0.708716 1.18517 2.52993 0.843878 0.796015 1.47544 0.780444 1.11777 0.599326 0.832363 0.9998 1.88001 0.841345 0.657027 0.57619 0.670145 0.529207 0.51781 1.79745 0.497587 0.437403 0.67867 1.18863 0.810153 0.838018 0.972048
threshold=0.0031864811577097534 119646.32000000002 0.0046335422393030852 1.7644008418841601 656.9265815 107148.12675000001 0.0012680070104157356 1341.1718506407562 0.0029286231911337074 -0.60510881734169586 107669.67500000002 146.26499999999945 201.84857964156984 180.25554093856269 -0.43491879814707263 -0.59163962963140027 160.47499999999857 110780.36500000001 106045.04000000002 522.42708688249706 0.0023169299207191889 -0.0088093937828074773 -92.310683981504013 530.42920500000002 -342.13500000000198 59.37007166284323 1492.9772106885869 316.99837295201002 -242.56667742176066 -0.0031826548024240981
decision_type=2 2 2 2 2 2 2 2 2 2 2 2 2 2 2 2 2 2 2 2 2 2 2 2 2 2 2 2 2 2
left_child=1 3 -3 4 12 6 -6 8 20 -10 -11 -12 21 14 15 -14 18 -18 19 -16 -7 22 23 -1 25 26 27 28 -2 -30
right_child=24 2 -4 -5 5 7 -8 -9 9 10 11 -13 13 -15 16 -17 17 -19 -20 -21 -22 -23 -24 -25 -26 -27 -28 -29 29 -31
leaf_value=1.4185065223175484e-06 -2.5798717182662348e-07 -3.7769573368670723e-06 0.0002710544940461522 -1.6413157922740582e-05 0.00028427487067063964 5.6434374753116299e-06 -1.1092434360520779e-05 -3.8715964025899857e-05 8.7594690183241954e-05 -1.8234027994903594e-05 -2.8234029480386961e-05 7.3229630635724305e-05 3.027575011473155e-05 -1.0908357301423255e-05 3.6880206990864525e-05 0.0001177760661201562 -8.1196102537037359e-05 8.0552691368381718e-05 -1.8795227281294542e-05 -3.0358379860335701e-05 -3.5722608885483091e-05 -6.3539542819703704e-06 3.4932655316409322e-05 -2.6021989455122955e-05 -3.9668556822770417e-06 -1.5036664373844008e-05 4.4618749330245082e-05 -4.444459706756484e-05 -2.3862758242388153e-06 3.7632734780673739e-05
leaf_weight=43 506 34 20 176 20 30 26 70 20 25 31 20 58 229 25 26 20 23 112 23 87 888 39 63 4184 145 20 69 47 41
leaf_count=43 506 34 20 176 20 30 26 70 20 25 31 20 58 229 25 26 20 23 112 23 87 888 39 63 4184 145 20 69 47 41
internal_value=-0.00101826 -0.000540798 0.00518518 -0.000691335 -0.000420661 0.00168693 0.00913043 0.000477031 0.00204225 0.00541667 0.00223684 0.00578431 -0.000868303 0.000523255 0.00231707 0.00690476 0.000418718 0.00662791 -0.00125 0.00333333 -0.000726497 -0.00156341 0.0012069 -0.00216981 -0.00121908 -0.000169083 0.000490482 0.000128204 0.000723905 0.00522727
internal_weight=7120 2108 54 2054 1878 329 46 283 213 96 76 51 1549 516 287 84 203 43 160 48 117 1033 145 106 5012 828 683 663 594 88
internal_count=7120 2108 54 2054 1878 329 46 283 213 96 76 51 1549 516 287 84 203 43 160 48 117 1033 145 106 5012 828 683 663 594 88
is_linear=0
shrinkage=0.05


Tree=103
num_leaves=31
num_cat=0
split_feature=17 13 13 24 39 11 30 20 25 9 7 7 24 24 22 21 38 23 20 15 28 36 5 21 20 11 16 11 15 17
split_gain=0.482058 0.315951 0.504427 1.27127 1.68884 1.04688 0.818182 0.542381 0.668006 1.2004 0.532099 0.966125 0.518604 0.659372 0.638618 0.742857 1.13455 0.56198 0.628843 0.550401 0.547989 0.910598 0.617851 0.504375 0.619755 0.691993 1.24781 0.484457 0.480842 0.46853
threshold=0.0014773772953973264 0.0043881529993321294 0.0021223715212990513 643.66900220000014 575.97249999999951 0.0044174489012321965 108485.34027668234 113.78000000000613 -0.38485448152530338 -0.0015038815729794593 0.0080658859834184752 0.0074668408821002763 643.66900220000014 689.13859740000009 623.43913350000014 95.389999999999432 38.506066108374256 -0.46888372906532799 11.724999999998547 0.0016771936094970485 -306.37330269045191 278.36690607183124 -0.00067382005656199662 190.34999999999857 53.569999999999716 -0.00023977878542405168 0.0017008695061254283 -0.0039620974230325512 0.0012178255748532059 0.0027650767587253165
decision_type=2 2 2 2 2 2 2 2 2 2 2 2 2 2 2 2 2 2 2 2 2 2 2 2 2 2 2 2 2 2
left_child=-1 2 10 4 5 28 -7 -5 9 -9 11 12 17 14 19 16 -16 18 -2 -14 21 22 -20 24 25 -22 -27 -26 -4 -30
right_child=1 -3 3 7 -6 6 -8 8 -10 -11 -12 -13 13 -15 15 -17 -18 -19 20 -21 23 -23 -24 -25 27 26 -28 -29 29 -31
leaf_value=5.10460234835161e-06 -7.019723481518799e-06 -5.0535272269397816e-06 9.5733906174236637e-06 -3.0889031387250609e-05 0.00013255683798133177 1.4308068827723346e-05 -4.053865172035489e-08 -7.4970054986959398e-05 -3.392339035250336e-05 0.00010245946879059674 -4.3795107247092185e-05 1.6988951831598312e-05 1.1127341436371884e-05 -1.9424521320129088e-06 -1.9732987758982836e-05 4.5844279712989388e-07 4.4423454028097919e-05 -8.7998714501223893e-06 2.3712572712812287e-06 -3.0639531356126067e-05 -1.4865861805041495e-05 1.6200389102717607e-05 -1.1967321757437437e-06 3.7853412653869942e-05 4.1960368799865577e-05 -2.4868816275629375e-05 0.0001615467968907083 -2.9840784230310769e-05 -1.112751471752246e-05 2.1111703231447665e-05
leaf_weight=29 102 2465 33 172 28 22 22 20 64 36 129 20 25 2272 22 104 34 866 32 72 56 23 36 21 22 26 37 167 103 60
leaf_count=29 102 2465 33 172 28 22 22 20 64 36 129 20 25 2272 22 104 34 866 32 72 56 23 36 21 22 26 37 167 103 60
internal_value=-0.00108848 -0.00111479 -0.000871164 0.000535713 0.00302239 0.00166667 0.00863636 -0.00174658 0.000833332 0.00482143 -0.00106493 -0.000961393 -0.00101736 -0.000591144 0.00180934 0.00375 0.00839286 -0.00179395 -0.000498085 -0.00139175 0.000357142 0.00379121 0.000882352 -0.000592706 -0.0011039 0.00172269 0.00531746 -0.0028836 0.00010204 -0.00101227
internal_weight=7120 7091 4626 560 268 240 44 292 120 56 4066 3937 3917 2529 257 160 56 1388 522 97 420 91 68 329 308 119 63 189 196 163
internal_count=7120 7091 4626 560 268 240 44 292 120 56 4066 3937 3917 2529 257 160 56 1388 522 97 420 91 68 329 308 119 63 189 196 163
is_linear=0
shrinkage=0.05


Tree=104
num_leaves=31
num_cat=0
split_feature=17 42 11 38 7 22 16 42 42 9 13 13 32 4 13 34 42 24 4 19 27 34 0 5 39 39 20 15 16 24
split_gain=0.467437 0.283593 0.719475 1.35846 0.884804 0.884933 1.00455 0.804762 0.772768 0.628198 0.616261 0.535449 0.478425 0.952778 0.465301 0.42325 0.364133 0.359128 0.844256 0.656445 0.771462 1.45555 0.667059 0.655185 0.640325 0.530949 0.343843 0.42309 0.792567 0.524225
threshold=0.0014773772953973264 28.801352514761877 0.0059074389572818659 40.113085481396588 6.3139026806688183e-05 943.55946174999997 0.0026373190569651283 -8.9239066579964952 25.461277306233455 -0.00011329250007218368 -0.012584721226509299 0.00028581954299079169 -1655.092557427495 944.39463500000011 0.003398140483060513 83832.312370056505 8.8015955305317011 475.36297830000007 1273.0897550000002 535.75000000000739 106955.07975000002 105341.41735375281 87771.485000000015 0.00023795583886056362 529.30107142857128 280.37678571428643 72.939999999995067 0.0019422423625861404 0.0023279752386600283 640.44300010000018
decision_type=2 2 2 2 2 2 2 2 2 2 2 2 2 2 2 2 2 2 2 2 2 2 2 2 2 2 2 2 2 2
left_child=-1 2 8 -4 -5 6 -6 -7 14 -10 -3 -12 13 -13 -2 -16 -8 18 19 20 21 22 -14 -23 -22 -19 -27 -28 -29 -30
right_child=1 10 3 4 5 7 16 -9 9 -11 11 12 17 -15 15 -17 -18 25 -20 -21 24 23 -24 -25 -26 26 27 28 29 -31
leaf_value=4.8493722309340376e-06 -1.6416149543939888e-06 7.1866224550941961e-05 -4.0214544525184469e-05 4.3780497524253171e-05 5.2355104667483376e-05 0.00025276411512369741 -9.3116147161147032e-05 -2.5791028107931287e-05 2.1276557561132783e-05 -2.1610496149103986e-06 -2.0934723137617108e-05 -2.5919799690586227e-06 3.7368630027029711e-05 0.00018780583795064581 2.3436880172145379e-06 -1.9616363335695904e-05 0.00012944366263662894 4.4132244535589317e-06 2.5807698952226655e-05 -2.9157403507212193e-05 -2.5693007382465027e-05 5.4375452686455682e-06 -4.7751528342941125e-05 5.1229785133686323e-05 3.9091408444301478e-06 -1.6592801490278392e-05 -2.3471846405572115e-05 9.1197731437625204e-05 -1.6776407467279359e-05 -1.3040484742616853e-06
leaf_weight=29 3446 34 57 30 20 35 68 21 36 34 353 24 35 21 31 400 26 30 20 86 191 21 50 23 28 656 94 35 167 1019
leaf_count=29 3446 34 57 30 20 35 68 21 36 34 353 24 35 21 31 400 26 30 20 86 191 21 50 23 28 656 94 35 167 1019
internal_value=-0.00099017 -0.00101608 -0.000754045 0.00180934 0.00375 0.00235294 -0.00017544 0.0075 -0.000920954 0.00428571 -0.00139765 -0.00147739 -0.00122 0.00388889 -0.00101496 -0.00256381 -0.00234043 -0.00131365 -4.40541e-05 -0.000506914 0.000459769 0.00352713 -0.000294119 0.0109091 -0.00134703 -0.0016017 -0.00170218 -0.00123574 -0.000986897 -0.00120573
internal_weight=7120 7091 4204 257 200 170 114 56 3947 70 2887 2853 2500 45 3877 431 94 2455 454 434 348 129 85 44 219 2001 1971 1315 1221 1186
internal_count=7120 7091 4204 257 200 170 114 56 3947 70 2887 2853 2500 45 3877 431 94 2455 454 434 348 129 85 44 219 2001 1971 1315 1221 1186
is_linear=0
shrinkage=0.05


Tree=105
num_leaves=31
num_cat=0
split_feature=9 20 9 39 5 24 5 16 13 40 16 32 24 42 0 36 11 4 36 11 4 0 23 39 38 25 38 16 39 13
split_gain=0.279909 0.450397 0.769925 0.441558 0.388666 0.62301 0.546489 0.305852 0.548702 0.535439 0.888721 0.664566 0.996629 1.50011 0.454545 0.430714 0.453576 0.797495 1.02479 1.02527 1.50852 0.685813 1.25019 0.66294 0.84899 0.938889 0.484944 0.587213 0.625 0.586446
threshold=0.0086380210776100912 40.305000000000298 0.016389690150463983 586.45428571428533 -0.00094755866293991524 2213.5940525000001 -0.0020764212571392601 0.008710272910946967 0.030817386721854891 -739.41530473974115 0.0037033901477473668 -2168.8228860288214 899.47113030000014 -200.25643257021446 79766.480000000025 5894.7940254147043 -0.0084898350992668268 1036.6600000000001 4784.9127942053465 -0.0065821333709736125 1219.2275850000003 82520.24000000002 -0.58095881418699324 800.23571428571347 43.165194335712833 0.14485579181720484 73.06275946879704 0.00252892478742171 396.54571428571325 0.014798287822628372
decision_type=2 2 2 2 2 2 2 2 2 2 2 2 2 2 2 2 2 2 2 2 2 2 2 2 2 2 2 2 2 2
left_child=7 2 3 -2 6 -6 -3 8 9 10 -1 12 13 -12 -9 16 -11 21 19 20 -19 22 -18 26 -25 -26 27 28 -21 -28
right_child=1 4 -4 -5 5 -7 -8 14 -10 15 11 -13 -14 -15 -16 -17 17 18 -20 23 -22 -23 -24 24 25 -27 29 -29 -30 -31
leaf_value=3.6346703995136662e-05 2.7614912814727915e-05 -1.8170224016052325e-05 0.00019327835349785692 -4.4478075473219441e-05 -2.4271466175757178e-05 6.0118969178968961e-05 4.1764503745338583e-05 7.2089666472373363e-05 1.7036582769889069e-06 -4.892377641961681e-06 -4.4023294467465508e-06 -7.6921730693858966e-06 -1.6429006570092495e-06 9.1490403826903781e-05 -1.2716014394319883e-05 -2.2709232961061922e-05 1.7322842006463372e-06 5.8096983059593989e-05 0.00011990332325539276 -4.0240444012510774e-05 -7.6517640196185678e-07 -2.7982995534428584e-06 -3.4384101531835045e-06 0.00013183343165292313 8.244755550426118e-05 -1.4560893873525342e-05 0.00025087723661214908 -1.5082243170799976e-05 2.4369784325910097e-05 -1.6502141335309367e-05
leaf_weight=27 22 46 20 34 412 37 33 22 70 767 39 63 150 30 198 89 21 23 30 20 31 4451 23 20 30 60 20 285 20 27
leaf_count=27 22 46 20 34 412 37 33 22 70 767 39 63 150 30 198 89 21 23 30 20 31 4451 23 20 30 60 20 285 20 27
internal_value=-0.00099017 -0.00201987 0.00157895 -0.00142857 -0.00253788 -0.00310691 0.000696201 -0.000894722 -0.000830687 -0.000880181 0.00114887 0.000319148 0.001621 0.0065942 -0.00272727 -0.000986143 -0.000933426 -0.000761708 0.00100707 0.00050373 0.00703704 -0.000984428 0.00522727 -0.000228217 0.00318182 0.00111111 -0.00123656 -0.00192308 0.00375 0.00351064
internal_weight=7120 604 76 56 528 449 79 6516 6296 6226 309 282 219 69 220 5917 5828 5061 566 536 54 4495 44 482 110 90 372 325 40 47
internal_count=7120 604 76 56 528 449 79 6516 6296 6226 309 282 219 69 220 5917 5828 5061 566 536 54 4495 44 482 110 90 372 325 40 47
is_linear=0
shrinkage=0.05


Tree=106
num_leaves=31
num_cat=0
split_feature=17 42 42 20 11 23 22 2 11 19 9 5 5 25 20 13 11 7 9 20 18 19 13 40 20 13 5 21 11 42
split_gain=0.475765 0.338497 0.550954 0.897236 0.850574 1.6129 0.376826 0.471681 0.369534 0.3375 0.31935 0.357431 0.359824 0.808234 0.625532 0.438945 0.316329 0.362468 0.306116 0.32821 0.44078 2.00509 0.652097 0.99353 1.10658 1.59628 0.69259 0.793452 0.562471 0.657989
threshold=0.0014773772953973264 225.58152859618392 190.43203918534201 46.384999999994768 0.012160444767570475 0.36529022758275992 871.16520450000019 115448.8 0.0180215075006789 796.3200000000071 0.016389690150463983 0.007144162755905444 0.0061188357586791338 0.46231489022635019 77.82500000000438 0.029197210942452787 -0.0018477037627651776 0.015504239086900263 0.01077624552935552 135.38500000000207 -555.56500000000221 965.49499999999546 -0.011193272746508569 -291.15231957558711 172.84999999999857 -0.0099642398032735256 0.0037771960607173075 663.05000000000302 0.00043414622371214739 -335.50906236585513
decision_type=2 2 2 2 2 2 2 2 2 2 2 2 2 2 2 2 2 2 2 2 2 2 2 2 2 2 2 2 2 2
left_child=-1 2 8 -4 9 -6 -3 16 10 -5 11 12 15 14 -14 18 -8 -18 19 -2 21 -21 26 24 -24 -26 27 -22 29 -23
right_child=1 6 3 4 5 -7 7 -9 -10 -11 -12 -13 13 -15 -16 -17 17 -19 -20 20 22 28 23 -25 25 -27 -28 -29 -30 -31
leaf_value=4.7468185970594833e-06 -3.2410334085119328e-06 -4.2809077413079795e-05 6.8665280263134566e-05 -4.6450415826035735e-06 0.00014528239281709864 -6.6390479648107846e-05 1.0199010328209145e-05 5.9939924889359337e-06 -4.4151989874136982e-05 0.00014016513890210443 4.5343848284130139e-06 -3.8035409968370888e-05 -9.9131349241464656e-05 -2.837298618087204e-05 0.00025195727292015119 1.2526741884020506e-05 -1.469901649089909e-05 0.00010767411342374983 -4.2310930900233207e-05 5.9410823924966057e-05 -6.2429101259553449e-06 0.00012332184417803162 7.3742072172544674e-05 -1.1878891953117496e-06 3.975097940643382e-05 -1.8187728337016059e-06 1.4546389774902268e-05 5.1106990227262834e-06 0.00022009019299973332 -1.1248394848920519e-05
leaf_weight=29 3785 106 26 60 31 31 24 33 82 20 42 174 20 44 27 23 261 35 92 25 412 22 38 1339 21 131 30 30 20 107
leaf_count=29 3785 106 26 60 31 31 24 33 82 20 42 174 20 44 27 23 261 35 92 25 412 22 38 1339 21 131 30 30 20 107
internal_value=-0.00104635 -0.00107249 -0.000981606 0.00184524 0.000281689 0.00467742 -0.00238562 -0.00160057 -0.00105508 -0.003125 -0.00101222 -0.00104101 -0.000977945 0.00214286 0.00670213 -0.00102469 -0.0021875 -0.00263514 -0.00105089 -0.00100671 -0.000517243 0.00189655 -0.000727138 -0.000225639 0.00315789 0.00125 -0.0023517 -0.00285068 -0.000302015 -0.00151163
internal_weight=7120 7091 6632 168 142 62 459 353 6464 80 6382 6340 6166 91 47 6075 320 296 6052 5960 2175 174 2001 1529 190 152 472 442 149 129
internal_count=7120 7091 6632 168 142 62 459 353 6464 80 6382 6340 6166 91 47 6075 320 296 6052 5960 2175 174 2001 1529 190 152 472 442 149 129
is_linear=0
shrinkage=0.05


Tree=107
num_leaves=31
num_cat=0
split_feature=23 9 42 23 7 21 39 41 13 40 40 16 42 11 20 19 25 42 20 23 18 22 15 28 2 35 16 9 9 22
split_gain=0.30506 0.796447 0.880275 0.622902 0.612096 0.587778 0.527009 0.526843 0.473713 0.47346 0.505484 2.11463 1.99992 0.957657 0.691823 0.982029 0.524857 1.63754 0.790157 0.46234 0.42696 0.823293 1.88881 0.716267 1.33573 0.853337 1.06522 0.887843 1.43367 1.69173
threshold=-0.037651896801919132 -0.009034179259647666 -172.01464707758564 -0.36068682816958991 -0.0053988475818282566 173.46999999999392 1162.7728571428584 -1260.9508440010889 0.037322886019856762 754.81250458477018 368.62162536274269 0.0031875774385750856 37.664116308300841 0.011406908245450124 431.16999999999831 1204.8399999999967 -0.38485448152530338 -6.6056730743942031 96.465000000003798 0.066146641244910057 49.474999999998552 375.96769075000003 0.0022940321207117319 -98.313778539733889 112780.62500000001 114989.54225000001 0.0027347898548228133 -0.00074605721029797777 -0.0027781145681802497 629.84956825000006
decision_type=2 2 2 2 2 2 2 2 2 2 2 2 2 2 2 2 2 2 2 2 2 2 2 2 2 2 2 2 2 2
left_child=1 2 3 -1 5 -4 8 -2 20 10 16 12 -12 -14 19 -16 17 18 -9 -13 23 22 -22 24 -3 26 -26 28 -27 -30
right_child=7 6 4 -5 -6 -7 -8 9 -10 -11 11 14 13 -15 15 -17 -18 -19 -20 -21 21 -23 -24 -25 25 27 -28 -29 29 -31
leaf_value=1.757770338494748e-06 0.00013141095462442762 -1.7671096095262876e-06 5.5141105747861957e-05 5.3449672632321209e-05 -3.2028690982133354e-05 -5.2594524849288581e-05 -1.6105047383068273e-05 3.8063838071039695e-05 2.0195817817269237e-05 -1.3546969780382397e-05 0.00019559531341357828 2.5089185822278222e-05 4.182041269602786e-05 -3.8956026990137512e-05 0.00023299085584399965 -5.5681634693756967e-05 -5.1571600821813838e-06 -3.0914329103296761e-05 5.5924285117819167e-05 -1.8899902380654523e-05 1.031608422922979e-06 -1.4007064429169893e-06 7.2574054909954486e-05 -1.19396401580977e-05 3.639292991074859e-05 -1.1353146369778121e-05 3.392185858018243e-06 -1.5752894727847646e-05 1.602050400897191e-06 9.1431805575497693e-05
leaf_weight=20 37 754 25 23 34 20 158 31 35 122 22 23 38 33 21 25 1974 92 22 205 147 1626 20 1376 23 63 23 71 36 21
leaf_count=20 37 754 25 23 34 20 158 31 35 122 22 23 38 33 21 25 1974 92 22 205 147 1626 20 1376 23 63 23 71 36 21
internal_value=-0.00103933 -0.000787711 0.00319672 0.00895349 6.32899e-05 0.00388889 -0.000899381 -0.00146503 -0.000792611 -0.00154908 -0.00139984 0.00031335 0.00682796 0.00274648 -0.00189781 0.00369565 -0.00169656 0.0012069 0.00820755 -0.00302632 -0.000841347 -0.000259343 0.00308383 -0.00128221 -0.000257317 0.00301688 0.00913043 0.0015445 0.00416667 0.00991228
internal_weight=7120 4475 122 43 79 45 4353 2645 4195 2608 2486 367 93 71 274 46 2119 145 53 228 4160 1793 167 2367 991 237 46 191 120 57
internal_count=7120 4475 122 43 79 45 4353 2645 4195 2608 2486 367 93 71 274 46 2119 145 53 228 4160 1793 167 2367 991 237 46 191 120 57
is_linear=0
shrinkage=0.05


Tree=108
num_leaves=31
num_cat=0
split_feature=17 9 22 42 9 35 39 22 5 35 18 18 21 11 34 23 19 32 35 13 17 18 9 15 5 17 19 9 9 25
split_gain=0.47472 0.331278 0.463201 1.32312 0.510499 0.373267 0.366856 0.459267 0.366504 0.390556 0.483043 1.15828 1.49762 1.19203 2.32258 0.953997 1.01213 0.997938 0.753001 0.694444 0.534041 0.953858 1.08808 1.75174 0.74356 0.649632 0.750406 0.559708 0.503405 0.640323
threshold=0.0014773772953973264 0.0086380210776100912 604.63432750000004 60.260144475430678 0.017158159924208206 85854.847625000009 701.4696428571433 1442.6971595000002 0.007144162755905444 111842.96372500001 27.754999999990108 104.66999999999827 0.014999999999417925 0.0062981722625825394 91728.701533187064 -0.89774019324582444 294.13999999999947 -1245.3069020501787 110026.27285000002 -0.00069929337239126206 0.0059401234043235896 296.17000000000559 -0.00081769937618945043 0.0066646571210570611 0.0047847371157015714 0.0021908350547705977 429.3499999999986 0.0079554401946211727 0.00088776840141183329 -0.90610971170880716
decision_type=2 2 2 2 2 2 2 2 2 2 2 2 2 2 2 2 2 2 2 2 2 2 2 2 2 2 2 2 2 2
left_child=-1 8 3 -3 -4 -6 -7 -8 9 10 28 12 -12 15 -15 16 19 -17 -19 -14 25 -22 -23 24 -24 26 -13 -27 29 -2
right_child=1 2 4 -5 5 6 7 -9 -10 -11 11 20 13 14 -16 17 -18 18 -20 -21 21 22 23 -25 -26 27 -28 -29 -30 -31
leaf_value=4.4578972460603618e-06 1.2871578768115065e-06 9.8397621661103264e-05 -1.6478779482452316e-05 -2.1832393147247352e-05 -6.3287395639669984e-05 8.1110479684204983e-05 -2.275010162086977e-05 0.00013057445221548847 -2.7968652133757162e-05 -3.7213564645790852e-06 4.1764506831282139e-05 -3.9763009679318093e-06 1.7103493333139245e-05 -4.5705515529199789e-06 0.00014202861918114583 7.328698422725619e-05 3.6256431568219007e-05 -1.365705438481632e-05 2.005804755320798e-06 -4.5383297448073749e-05 -1.7688152343310917e-05 -9.6888279144880237e-06 9.2384130865651244e-05 0.00011186720056336306 -4.5903374452292128e-05 -5.5172541266953551e-06 0.00022020351626688857 8.1251660423557745e-05 -1.2000589706158352e-05 -1.7421723551475843e-06
leaf_weight=29 147 20 396 58 29 20 41 40 136 1852 23 56 20 31 31 32 32 234 35 25 120 37 25 25 26 1074 32 29 663 1802
leaf_count=29 147 20 396 58 29 20 41 40 136 1852 23 56 20 31 31 32 32 234 35 25 120 37 25 25 26 1074 32 29 663 1802
internal_value=-0.00103933 -0.00106544 -0.00218543 0.00141026 -0.00271863 -1.19209e-09 0.00143564 -6.17296e-05 -0.000961154 -0.000906158 -0.000654591 -4.50462e-05 0.00212743 0.00147727 0.00790322 0.000423279 0.00538961 -0.000847177 -0.00184015 0.000555554 -0.000751406 0.00143777 0.00473451 0.00815789 0.00284314 -0.00117968 0.00295454 -0.00150952 -0.00109495 -0.000690099
internal_weight=7120 7091 604 78 526 130 101 81 6487 6351 4499 1887 463 440 62 378 77 301 269 45 1424 233 113 76 51 1191 88 1103 2612 1949
internal_count=7120 7091 604 78 526 130 101 81 6487 6351 4499 1887 463 440 62 378 77 301 269 45 1424 233 113 76 51 1191 88 1103 2612 1949
is_linear=0
shrinkage=0.05


Tree=109
num_leaves=31
num_cat=0
split_feature=9 38 38 42 24 24 16 1 39 21 11 39 39 11 15 11 5 18 15 11 34 9 9 28 39 15 7 23 21 4
split_gain=0.517418 0.3892 0.571162 1.18687 1.39725 1.51309 0.54579 1.06332 0.487545 0.740816 1.16667 0.466763 0.782394 0.547434 0.671746 0.73373 0.444285 0.637957 0.863361 1.34652 1.71297 0.43461 0.782485 1.17082 1.03052 0.932031 1.23297 1.17717 1.51806 0.860119
threshold=0.0086380210776100912 25.832724336712705 30.556649960689366 -64.264800432729814 899.47113030000014 646.49097660000018 0.0057382252637296089 90943.87000000001 797.49357142857127 141.65000000000148 -0.0070127672610565605 750.07321428571402 746.7378571428568 -0.014245418487968215 0.0056612168026877003 -0.016834133703819847 0.0032470989630644363 555.52000000000419 0.0046782570254828128 -0.0014083144012371738 104302.34820923429 -0.0037615039993714652 -0.0023118853984901576 -487.32837941647443 549.94892857142838 0.0018417112761055551 0.00040769764265325125 -0.066751591474654912 40.080000000009029 466.77585000000005
decision_type=2 2 2 2 2 2 2 2 2 2 2 2 2 2 2 2 2 2 2 2 2 2 2 2 2 2 2 2 2 2
left_child=1 8 3 6 5 -5 -3 -8 -1 10 -10 12 13 14 15 -4 -13 18 -18 -20 -21 -15 23 24 -23 27 -27 28 -25 -28
right_child=-2 2 11 4 -6 -7 7 -9 9 -11 -12 16 -14 21 -16 -17 17 -19 19 20 -22 22 -24 25 -26 26 29 -29 -30 -31
leaf_value=-5.5024623565890391e-06 -1.0784311449822911e-05 -8.2851970600222675e-06 2.743679170427506e-07 1.2338266036212203e-06 -3.1112773679899887e-05 0.00013506101222974216 -3.256602683717262e-05 0.00013891431390867021 0.00011215960392482231 -5.6237604466428837e-06 -1.0060395993486766e-05 -7.7294810238378796e-06 4.1668941428035837e-05 -4.2663898094763274e-06 -3.5379652283123149e-06 0.0001153181930741234 -6.893346091186221e-05 -3.539778236050927e-05 -2.257484526026272e-06 5.7396124767194091e-05 0.00013400255982448187 4.2501181726618371e-05 -2.5772915413264444e-06 -2.8872555115474246e-06 4.8400042106172042e-07 -1.1330367608644217e-05 -7.4143588369081767e-07 -7.8349381555427514e-06 7.8288742014782591e-05 0.00017220859248460692
leaf_weight=357 604 209 24 23 23 20 40 39 21 105 21 878 22 678 25 21 30 125 45 32 21 20 3341 21 22 242 27 34 29 21
leaf_count=357 604 209 24 23 23 20 40 39 21 105 21 878 22 678 25 21 30 125 45 32 21 20 3341 21 22 242 27 34 29 21
internal_value=-0.00111657 -0.000986803 -0.000874918 0.00107345 0.00712121 0.0124419 -0.000312501 0.00322785 -0.00232143 0.00010204 0.00571428 -0.00099682 -0.000769827 -0.000815761 0.00357143 0.00722222 -0.00190539 -5.92897e-05 0.00242187 0.00469388 0.0100943 -0.000885007 -0.000674742 0.00137019 0.00928571 0.000481282 -0.00086207 0.00511905 0.01 0.00645833
internal_weight=7120 6516 6012 354 66 43 288 79 504 147 42 5658 4527 4505 70 45 1131 253 128 98 53 4435 3757 416 42 374 290 84 50 48
internal_count=7120 6516 6012 354 66 43 288 79 504 147 42 5658 4527 4505 70 45 1131 253 128 98 53 4435 3757 416 42 374 290 84 50 48
is_linear=0
shrinkage=0.05


Tree=110
num_leaves=31
num_cat=0
split_feature=11 38 38 9 15 36 21 36 4 13 38 17 21 4 9 23 42 20 7 3 21 38 38 0 23 5 25 28 41 42
split_gain=0.435986 0.426137 0.383524 0.545455 0.411974 0.347228 0.329914 0.932875 0.832762 0.655674 0.344738 0.315955 0.329484 1.16752 0.833878 1.67828 0.704677 1.20906 0.835393 0.636856 0.458009 0.450369 1.15836 1.69787 0.531069 0.46236 0.854648 0.348669 0.463764 0.433131
threshold=0.014656703774668623 25.832724336712705 26.60497550749503 -0.004607301385877444 0.011140067683183546 -7324.0040079236123 1.0000000180025095e-35 3269.7127840221515 256.44262500000008 0.00059347132849075026 45.773567614434519 0.0014773772953973264 223.34500000000119 470.42324500000007 -0.0021527049733741309 -0.74284786358086918 -67.358484927675377 81.205000000009036 0.0023606225928787081 81485.005000000019 257.5999999999986 54.753821083458512 51.503378571644753 109665.92000000001 -0.79307987727002172 0.0031584306057492115 0.74951216624017258 188.73200382704093 494.75194296757178 -71.884836970672339
decision_type=2 2 2 2 2 2 2 2 2 2 2 2 2 2 2 2 2 2 2 2 2 2 2 2 2 2 2 2 2 2
left_child=1 -1 3 -3 5 -4 7 8 9 -7 -10 -8 19 14 15 -14 -16 18 -18 -13 -19 22 24 -24 -15 -23 -27 28 29 -26
right_child=-2 2 4 -5 -6 6 11 -9 10 -11 -12 12 13 21 16 -17 17 20 -20 -21 -22 25 23 -25 27 26 -28 -29 -30 -31
leaf_value=-4.4514230310958423e-06 -1.267193825399819e-05 8.4708077484986949e-05 -6.6156692694990204e-06 -2.5180300332042923e-05 -5.1431796138767917e-05 3.2256351328849559e-07 5.8755465318433274e-06 4.8957123682228683e-06 1.1294624862939032e-07 7.275482590786299e-05 -1.0960927978179397e-05 0.00016204055815951507 4.7788921709569342e-05 3.5204380071955229e-06 -2.2733501965368259e-05 -6.1606964204566544e-06 -4.800663471478665e-05 6.0328194791964957e-06 5.1418610462037232e-05 -2.9644104922475847e-06 0.00014462331510968254 -1.2579363541307839e-05 -3.7407501462843295e-07 0.00011944856639421046 -1.3211353563070617e-05 8.2814871709920891e-05 -6.0300275264353644e-05 -6.6209286915239237e-05 1.8037999264485905e-05 6.9189505613386335e-07
leaf_weight=512 470 32 50 22 83 27 26 22 36 20 88 39 20 34 43 21 57 20 23 4480 22 308 35 26 243 33 26 53 22 227
leaf_count=512 470 32 50 22 83 27 26 22 36 20 88 39 20 34 43 21 57 20 23 4480 22 308 35 26 243 33 26 53 22 227
internal_value=-0.00108146 -0.000977445 -0.000861845 0.00333333 -0.000899081 -0.000850693 -0.00081583 0.00121762 -2.9241e-05 0.0056383 -0.00217742 -0.000883989 -0.000908934 -0.000177248 0.00325243 0.00963415 0.00166667 0.00360656 -1.19209e-09 -0.00110533 0.0104762 -0.000878849 -7.81262e-05 0.00647541 -0.000768568 -0.00227521 0.00177966 -0.00114679 -0.000731709 -0.00106383
internal_weight=7120 6650 6138 54 6084 6001 5951 193 171 47 124 5758 5732 1213 206 41 165 122 80 4519 42 1007 640 61 579 367 59 545 492 470
internal_count=7120 6650 6138 54 6084 6001 5951 193 171 47 124 5758 5732 1213 206 41 165 122 80 4519 42 1007 640 61 579 367 59 545 492 470
is_linear=0
shrinkage=0.05


Tree=111
num_leaves=31
num_cat=0
split_feature=9 7 35 18 9 4 34 9 22 7 21 13 17 19 34 7 20 23 7 5 5 20 15 25 41 23 36 19 24 24
split_gain=0.487809 0.377061 0.673485 0.596552 0.793314 2.46327 1.18347 0.697372 1.05388 0.916594 1.0791 0.814881 0.55601 0.875103 0.865801 0.531467 0.827516 0.87033 0.500746 0.485951 0.730375 1.19773 1.33529 1.04943 0.681818 0.666077 0.557025 0.989803 0.45426 0.556745
threshold=0.0086380210776100912 0.00034033532125617058 81228.443800000023 187.95999999999916 -0.0016868572258277401 340.90910500000007 110843.63802462198 0.00011626938285291199 1179.9126265000002 0.0050821362172670812 102.26000000000205 0.00059347132849075026 0.0052937339530976409 463.76000000000209 104714.41780927074 0.001476518299346952 33.9100000000035 -0.095736470016898792 0.00037157648067133746 0.00031140159161709022 0.00088617929896470419 86.565000000009618 0.0023523535340124048 -0.58352601394221326 -15.01808964210429 0.13159623200474449 -1845.2756331085836 427.38999999999947 646.49097660000018 713.34944730000018
decision_type=2 2 2 2 2 2 2 2 2 2 2 2 2 2 2 2 2 2 2 2 2 2 2 2 2 2 2 2 2 2
left_child=1 28 -3 4 5 6 -4 -5 15 10 -10 -12 13 -7 -15 16 -9 -18 -6 -20 21 22 23 -21 -24 -23 27 -22 -1 -30
right_child=-2 2 3 7 18 12 -8 8 9 -11 11 -13 -14 14 -16 -17 17 -19 19 20 26 25 24 -25 -26 -27 -28 -29 29 -31
leaf_value=-5.4782782373100177e-06 -9.703286818644261e-06 4.8455092210594177e-05 6.1560538465139542e-05 -1.8733801210565793e-05 3.0304004900486883e-05 -4.5035364960423053e-05 1.7086512109615475e-05 4.5558297653778103e-05 8.1607716420850182e-05 -3.889377709416096e-05 0.0001304602895213197 -3.449525107868125e-05 -6.2504654267537578e-05 0.0001642271308082037 5.9317878191331465e-06 -1.0924179884490078e-05 -2.8468432659153688e-05 8.9978793074576563e-05 -6.530839520778965e-06 -6.8285004571750463e-06 -3.1630865717137775e-05 -3.2573959297105051e-05 5.1555819628228281e-05 2.6551331489499841e-05 0.00013822702453537584 1.4314727947808449e-05 -5.3633684603447802e-06 1.6402109827452284e-05 1.2348117332159933e-06 -2.8727447396936787e-06
leaf_weight=1326 604 29 20 211 20 39 23 23 28 66 20 28 41 21 33 723 44 26 740 50 38 94 24 26 20 34 351 35 362 2021
leaf_count=1326 604 29 20 211 20 39 23 23 28 66 20 28 41 21 33 723 44 26 740 50 38 94 24 26 20 34 351 35 362 2021
internal_value=-0.00107444 -0.000948436 -0.000511223 -0.000590354 3.41815e-05 0.00319209 0.0136046 -0.00144996 -0.000876828 0.00309859 0.0068421 0.00229167 -0.000149255 0.00198925 0.00611111 -0.00156863 0.00198925 -0.000714287 -0.000356146 -0.000467423 0.000505951 0.00266129 0.00625 0.00223684 0.0131818 -0.000703126 -0.000754718 0.00321918 -0.00127932 -0.000866556
internal_weight=7120 6516 2807 2778 1609 177 43 1169 958 142 76 48 134 93 54 816 93 70 1432 1412 672 248 120 76 44 128 424 73 3709 2383
internal_count=7120 6516 2807 2778 1609 177 43 1169 958 142 76 48 134 93 54 816 93 70 1432 1412 672 248 120 76 44 128 424 73 3709 2383
is_linear=0
shrinkage=0.05


Tree=112
num_leaves=31
num_cat=0
split_feature=17 9 24 11 35 17 19 16 23 11 28 28 16 9 38 15 11 20 5 36 21 30 7 39 22 24 16 9 23 9
split_gain=0.348717 0.68466 0.294951 0.302938 0.386338 0.470696 0.821966 0.547594 0.520605 0.765509 0.468244 0.801151 0.466789 0.509752 0.41548 0.398045 0.367294 0.737242 0.423057 0.395894 0.550879 1.23409 0.708549 1.01985 0.716819 0.669907 0.908086 0.724595 0.967017 0.616525
threshold=0.0015368820325188592 -0.00065335581009333312 264.2961102000001 0.014656703774668623 111842.96372500001 0.0021706051993955881 342.70000000000442 0.0024854388326312564 -1.2643178764451724 -0.0015970668605157677 260.33658770421613 88.213392661673439 0.0018680693076703612 0.00021876621862183544 24.018181605876574 0.0016963512953231488 0.013475071480909756 141.54499999999828 0.007144162755905444 -180.06075392514319 143.76499999999945 109085.76162517426 0.00040769764265325125 1370.5507142857157 486.88398175000003 917.91123740000012 0.0063591962711648528 -0.0052931384188474404 0.22869644917709089 0.0055597990629463389
decision_type=2 2 2 2 2 2 2 2 2 2 2 2 2 2 2 2 2 2 2 2 2 2 2 2 2 2 2 2 2 2
left_child=1 -1 -2 4 5 6 10 12 9 -7 11 15 -8 -14 -10 -4 18 -18 19 20 -16 22 23 25 -24 26 27 28 -22 -26
right_child=2 -3 3 -5 -6 8 7 -9 14 -11 -12 -13 13 -15 16 -17 17 -19 -20 -21 21 -23 24 -25 29 -27 -28 -29 -30 -31
leaf_value=4.3522350239848131e-06 -2.2564066771782544e-05 -1.0861389854882594e-05 -1.0154139926865013e-05 -1.1709007296024786e-05 -4.1184409523986287e-06 3.0057448874888292e-05 5.0447555432773768e-06 0.00019462031763933053 -6.0846975959252745e-06 -1.2148063840692963e-05 -3.1213833506406616e-05 4.7012778073838713e-05 -0.00012855160266671273 4.8706148117010279e-05 -1.6356527334476677e-06 6.3961330031092901e-07 7.6925453451432435e-05 -4.3408125253964915e-06 -3.7523086464678583e-05 -3.8159871711374613e-06 1.2541316859997644e-05 8.2254000056442578e-05 0.00015052122824300265 0.00015957686142828196 4.6620402854014834e-06 -2.0882720809754343e-05 6.8986995767856998e-05 -6.1366860937671996e-06 -1.108649352186222e-05 -1.2683381626494442e-05
leaf_weight=25 49 33 49 469 1881 32 21 20 246 65 47 20 23 24 913 30 29 34 142 2214 20 59 22 20 149 209 24 114 54 83
leaf_count=25 49 33 49 469 1881 32 21 20 246 65 47 20 23 24 913 30 29 34 142 2214 20 59 22 20 149 209 24 114 54 83
internal_value=-0.00110253 0.00275862 -0.00113424 -0.00110723 -0.00101926 -0.000775253 0.00141026 0.00522727 -0.000890721 0.00273196 -0.000890412 0.0010606 0.00308823 0.000319148 -0.000971839 -0.00120253 -0.00085169 0.00293651 -0.000911013 -0.000812936 -0.000230955 0.00076923 0.000179855 -0.00103175 0.00228346 -0.00155582 0.000424527 -0.000744682 0.00310811 0.00146552
internal_weight=7120 58 7062 7013 6544 4663 234 88 4429 97 146 99 68 47 4332 79 4086 63 4023 3881 1667 754 695 441 254 421 212 188 74 232
internal_count=7120 58 7062 7013 6544 4663 234 88 4429 97 146 99 68 47 4332 79 4086 63 4023 3881 1667 754 695 441 254 421 212 188 74 232
is_linear=0
shrinkage=0.05


Tree=113
num_leaves=31
num_cat=0
split_feature=17 41 9 22 25 26 1 31 5 30 9 42 19 17 42 21 41 39 40 11 7 18 22 9 9 23 25 41 21 25
split_gain=0.512546 0.962704 0.311932 0.463201 1.10594 0.360471 0.676595 0.372341 0.617645 0.575513 0.298699 0.68278 1.53239 0.814569 1.43089 0.849282 0.75006 0.968232 0.72 1.21 1.12746 0.653781 0.569969 0.550036 0.715217 0.773701 1.49289 1.51779 0.460838 0.454902
threshold=0.0015368820325188592 74.031947500277951 0.0086380210776100912 604.63432750000004 0.61535305404618257 90795.166397226494 91700.275000000009 83818.637600000002 0.0063554176511556705 86941.57571902436 0.0032430642222244371 177.3035325890832 370.91500000000093 0.0027650767587253165 74.214011559674645 10.194999999999711 -321.87549532297038 858.05035714285793 94.655669477040661 0.0041836425542931032 0.0022769581672903876 262.19499999999977 506.51366075000004 0.002401294211195457 0.0020514458876792177 -0.17524697638270231 -0.61800664762987345 20.816742070761432 5.1749999999956353 -0.78501326811098349
decision_type=2 2 2 2 2 2 2 2 2 2 2 2 2 2 2 2 2 2 2 2 2 2 2 2 2 2 2 2 2 2
left_child=1 -1 10 4 -4 6 7 -5 -9 -10 23 13 -13 14 15 -12 -14 21 20 -20 -17 -18 -22 24 -2 26 29 -28 -25 -26
right_child=2 -3 3 5 -6 -7 -8 8 9 -11 11 12 16 -15 -16 18 17 -19 19 -21 22 -23 -24 28 25 -27 27 -29 -30 -31
leaf_value=-2.2207685900132921e-05 -2.6491895032197404e-06 6.2758239292466103e-06 0.00014243154177062255 -3.1962049963243215e-05 -2.2205116266615064e-05 -2.1274865134335061e-05 0.00010876426341784002 -1.5080360512696605e-05 0.00022895111733053764 -3.6529163128270147e-06 -3.5017493964982443e-05 3.5606736673183722e-05 -4.9851619627430732e-05 -5.5672242941150068e-06 -9.9616388101947867e-06 7.8752171026065035e-05 -2.6009128753016391e-05 0.00011809141899869784 6.0468950874733903e-05 8.3754002960842981e-05 -4.7324930342019036e-05 2.1822664875040436e-05 3.2407148504993428e-05 1.0869477982741057e-07 5.2899412310723486e-06 -1.6558221229811095e-05 8.6095665065150204e-05 1.418050278793732e-06 -2.4674450896405091e-05 -0.00012195550265748545
leaf_weight=38 4592 20 22 95 56 282 20 79 24 26 27 27 43 927 86 22 53 24 20 25 29 32 24 33 51 41 24 22 327 29
leaf_count=38 4592 20 22 95 56 282 20 79 24 26 27 27 43 927 86 22 53 24 20 25 29 32 24 33 51 41 24 22 327 29
internal_value=-0.00106039 0.00362069 -0.00109884 -0.00218543 0.00141026 -0.00271863 -0.00131148 -0.00209822 -0.000348838 0.004 -0.000997214 -0.000332339 0.0025419 -0.000775863 0.00186695 0.00486394 0.000592104 0.00279816 0.00666667 0.0116667 0.00366667 0.000294116 -0.00028302 -0.00117113 -0.00102858 0.00218563 0.00412698 0.0113043 -0.00305556 -1.19209e-09
internal_weight=7120 58 7062 604 78 526 244 224 129 50 6458 1339 179 1160 233 147 152 109 120 45 75 85 53 5119 4759 167 126 46 360 80
internal_count=7120 58 7062 604 78 526 244 224 129 50 6458 1339 179 1160 233 147 152 109 120 45 75 85 53 5119 4759 167 126 46 360 80
is_linear=0
shrinkage=0.05


Tree=114
num_leaves=31
num_cat=0
split_feature=17 41 13 13 19 3 0 41 18 39 20 24 15 15 36 27 0 15 11 11 16 11 38 38 23 36 39 22 18 5
split_gain=0.52804 0.962704 0.380912 0.347606 1.1169 0.346924 1.56627 0.677583 0.613603 0.582235 0.473358 0.758752 0.901845 0.464565 0.829318 0.614009 0.60572 0.712911 1.66031 0.988597 1.10709 0.875758 0.556829 0.790171 0.532336 0.52996 0.842618 1.06778 0.657467 1.07479
threshold=0.0015368820325188592 74.031947500277951 0.018700740591250875 0.017419377676211746 432.59500000000122 106888.74500000001 106776.79000000002 -90.834285345325796 -935.54999999999552 790.18785714285809 48.819999999999716 364.90756740000006 0.0022606616184393026 0.0057207439430140318 -5346.5571537636197 105494.94125000002 82692.780000000013 0.0048347271287851228 -0.009484144885597014 -0.00066141032703487138 0.0046119651399675948 0.0052560761001150752 73.06275946879704 74.473361785992282 -0.037651896801919132 1999.6583664775901 399.24714285714282 549.96968875000005 -342.13500000000198 -0.0043095956150869469
decision_type=2 2 2 2 2 2 2 2 2 2 2 2 2 2 2 2 2 2 2 2 2 2 2 2 2 2 2 2 2 2
left_child=1 -1 3 5 -5 6 10 -8 9 -7 -2 12 -12 14 24 16 -16 22 -19 -20 -21 -22 25 -24 -13 28 27 -27 29 -18
right_child=2 -3 -4 4 -6 8 7 -9 -10 -11 11 13 -14 -15 15 -17 17 18 19 20 21 -23 23 -25 -26 26 -28 -29 -30 -31
leaf_value=-2.1097301605126275e-05 -4.911007471580014e-06 5.9620327327842648e-06 -8.3421962741116883e-06 7.1078496060332068e-06 -8.2963232096838871e-06 -1.8090514737256004e-06 6.9779299632822264e-07 4.3402821217571405e-05 -4.5270512169012518e-06 9.9387304867942295e-05 1.8217389233630599e-05 1.0143108265122818e-06 -3.7477270609717865e-06 -4.6669528301517872e-06 -1.6851990504748915e-05 -1.3685849986593634e-05 1.2900105156817399e-05 7.0423617440990222e-05 -3.2145747528452717e-05 -3.101465351491487e-05 1.1527492706371108e-05 9.1512205423727481e-05 0.00013543262756866931 -4.9449252560559688e-07 8.7437532701598866e-05 -1.220386715404254e-05 -1.8230647520805018e-05 9.5675206291634607e-05 -5.2200609758252693e-07 0.0001019485595761446
leaf_weight=38 874 20 653 25 59 34 21 23 3033 24 22 29 24 609 61 106 66 21 42 35 20 24 20 45 20 25 243 20 863 21
leaf_count=38 874 20 653 25 59 34 21 23 3033 24 22 29 24 609 61 106 66 21 42 35 20 24 20 45 20 25 243 20 863 21
internal_value=-0.00113062 0.00362069 -0.00116964 -0.00105243 0.00214286 -0.00109486 -0.00073284 0.00863636 -0.00147363 0.00362069 -0.00086207 -0.000487911 0.00586956 -0.000616741 -0.000183626 -0.000378413 -0.000119523 8.6504e-05 0.0034507 0.00119835 0.00449367 0.00977273 -0.000280124 0.00423077 0.00622449 -0.000516964 -0.00239583 0.00388889 5.26304e-05 0.0041954
internal_weight=7120 58 7062 6409 84 6325 3234 44 3091 58 3190 2316 46 2270 1661 1612 1506 1445 142 121 79 44 1303 65 49 1238 288 45 950 87
internal_count=7120 58 7062 6409 84 6325 3234 44 3091 58 3190 2316 46 2270 1661 1612 1506 1445 142 121 79 44 1303 65 49 1238 288 45 950 87
is_linear=0
shrinkage=0.05


Tree=115
num_leaves=31
num_cat=0
split_feature=17 9 9 22 11 16 9 36 39 41 24 16 0 38 11 38 11 24 18 9 23 36 5 25 25 11 4 39 11 21
split_gain=0.356369 0.68466 0.314751 0.41854 0.582559 0.874744 0.335988 0.609514 0.983491 0.391768 0.38796 0.278984 0.343249 0.330449 0.243847 0.818057 0.633833 1.34534 2.05489 0.871075 0.543694 0.456768 0.818182 0.421295 0.526014 0.386152 0.535309 0.451454 0.789472 1.32998
threshold=0.0015368820325188592 -0.00065335581009333312 0.0086380210776100912 589.13603475000014 0.016318325883272262 0.0030462746385271429 0.016389690150463983 937.19597925632854 938.7803571428575 755.45608420452447 2053.809257200001 0.0084738198679128185 79766.480000000025 11.296468556921548 -0.0037071922548818164 70.112276116172339 -0.0029590562988759464 818.88679520000017 -58.519999999996791 -0.0044861045309494254 -0.80451707368942593 -6068.8268514037618 -0.00059717703089160661 -0.67820403495482207 -0.64560085104672005 -0.0057516391688225517 285.09907500000003 419.13535714285644 -0.0084898350992668268 99.85999999999332
decision_type=2 2 2 2 2 2 2 2 2 2 2 2 2 2 2 2 2 2 2 2 2 2 2 2 2 2 2 2 2 2
left_child=1 -1 11 4 5 -4 9 8 -8 -5 -10 13 -13 -2 15 23 17 19 -19 -16 -21 22 -18 -15 -25 27 -27 -26 -29 -30
right_child=2 -3 3 6 -6 -7 7 -9 10 -11 -12 12 -14 14 16 -17 21 18 -20 20 -22 -23 -24 24 25 26 -28 28 29 -31
leaf_value=4.0007245966380796e-06 2.330282204382727e-05 -8.1530709868755012e-06 -5.8476651221888861e-06 -2.054188843674348e-05 -0.00010292190550984782 0.00015213577811704784 0.00018745783968930434 -9.5027903871808363e-06 -5.5685476446856556e-05 1.0447714187046244e-05 8.7262304910631404e-05 5.1111197569891564e-05 -1.0157469373220639e-05 -5.4772122850188222e-06 1.9789463000384959e-05 5.9587773774192015e-05 0.00010833245814154925 -2.9767362595535552e-05 7.7631577952563401e-05 3.2692942827134275e-06 -1.1760045068153534e-05 -3.1050691055871291e-06 -3.8478085642965701e-05 9.0078599494990109e-06 -1.8137015207551828e-05 4.4836896406473378e-05 -6.7427919532670042e-06 -3.1342349919742886e-06 3.4081239461161865e-05 -3.1974532810952731e-06
leaf_weight=25 26 33 27 351 24 20 21 81 29 28 23 26 217 285 29 30 22 37 36 29 109 4094 22 29 127 20 319 750 84 167
leaf_count=25 26 33 27 351 24 20 21 81 29 28 23 26 217 285 29 30 22 37 36 29 109 4094 22 29 127 20 319 750 84 167
internal_value=-0.00114466 0.00275862 -0.00117672 -0.00226821 0.00133803 0.00457447 -0.00274859 -0.000779222 0.00253425 -0.00354881 -0.00115385 -0.00107464 -0.00273663 -0.00100966 -0.00103329 -0.00152126 -0.000831431 0.00166667 0.00732877 -0.000808384 -0.00246377 -0.000976318 0.00409091 -0.00165918 -0.00132353 -0.00145535 -0.0029351 -0.00101064 -0.000654347 0.00177291
internal_weight=7120 58 7062 604 71 47 533 154 73 379 52 6458 243 6215 6189 1811 4378 240 73 167 138 4138 44 1781 1496 1467 339 1128 1001 251
internal_count=7120 58 7062 604 71 47 533 154 73 379 52 6458 243 6215 6189 1811 4378 240 73 167 138 4138 44 1781 1496 1467 339 1128 1001 251
is_linear=0
shrinkage=0.05


Tree=116
num_leaves=31
num_cat=0
split_feature=9 17 41 36 36 7 7 30 9 20 42 32 17 16 19 42 4 17 38 13 15 4 41 13 38 32 39 20 20 5
split_gain=0.629738 0.498592 0.962704 0.329573 0.577203 0.315989 0.470632 0.413236 0.405365 0.638246 0.523012 0.432014 0.324926 0.998234 1.00087 0.398679 0.477084 1.09418 1.07315 1.33581 0.725559 0.640502 0.593907 0.435218 0.984794 0.965909 1.13333 1.15238 0.827482 0.461998
threshold=0.0086380210776100912 0.0015368820325188592 74.031947500277951 -6538.5894320731741 -6283.1020937008498 0.0066769132612132095 0.0065247549457980352 84107.462749849976 0.0073601817965031017 14.205000000001748 26.475894767422808 1317.4906302780075 0.0043504986531359468 0.0054869950193912678 618.97999999999604 -219.85911187294539 1094.2559700000004 0.0036661561348613277 62.112170468158759 -0.014962496743447469 0.002077404185336243 1346.1144500000003 337.63366598917662 0.0036707326975547153 63.26716550423388 -32.027824009659518 478.27071428571281 46.384999999994768 410.27000000000413 0.0057729325988328684
decision_type=2 2 2 2 2 2 2 2 2 2 2 2 2 2 2 2 2 2 2 2 2 2 2 2 2 2 2 2 2 2
left_child=1 2 -1 -3 -5 6 8 -7 12 -10 -11 -12 13 15 -15 -6 23 20 19 -19 -18 22 -22 24 28 -26 27 -27 29 -17
right_child=-2 3 -4 4 5 7 -8 -9 9 10 11 -13 -14 14 -16 16 17 18 -20 -21 21 -23 -24 -25 25 26 -28 -29 -30 -31
leaf_value=-2.0060166357021926e-05 -8.235433007390289e-06 -7.8637512917737142e-06 5.4638948663131262e-06 5.1799424832658517e-05 -1.1520504833709502e-05 6.5992397140950606e-05 0.00015553226248832939 -4.5340698997120869e-05 0.00012642254384226498 3.2515975851767736e-05 -6.1305403523903673e-05 8.410349897692669e-05 -3.5451345313126078e-06 7.7201439370685012e-05 -1.1335747854408764e-05 -2.0210898089034368e-06 6.7884352226946959e-06 7.5982934245118813e-05 0.00017050935696200865 -9.3723224916453057e-06 -2.0948680884155598e-06 -2.5478506151656126e-05 6.8693769624087863e-05 -6.9669198132421294e-06 -2.7054054620475537e-05 6.0256952670463967e-06 -8.0953612118084663e-05 0.00012575858593854059 9.0196604307612836e-05 1.6479588901868018e-05
leaf_weight=38 604 151 20 20 152 34 22 212 20 33 58 22 1957 20 22 2132 25 26 23 73 67 112 23 1117 20 20 20 28 27 22
leaf_count=38 604 151 20 20 152 34 22 212 20 33 58 22 1957 20 22 2132 25 26 23 73 67 112 23 1117 20 20 20 28 27 22
internal_value=-0.00113764 -0.000994476 0.00362069 -0.00103593 -0.000980658 -0.00100764 -0.000936104 -0.00276423 -0.000962786 0.00176692 0.000309733 -0.001875 -0.00102447 -0.000762282 0.00690476 -0.000845126 -0.000742973 0.00101719 0.00483606 0.00257576 -0.00103524 -0.0020297 0.00111111 -0.000924396 -0.000526665 0.00465909 0.0075 0.0116667 -0.000735902 -0.000844941
internal_weight=7120 6516 58 6458 6307 6287 6041 246 6019 133 113 80 5886 3929 42 3887 3735 349 122 99 227 202 90 3386 2269 88 68 48 2181 2154
internal_count=7120 6516 58 6458 6307 6287 6041 246 6019 133 113 80 5886 3929 42 3887 3735 349 122 99 227 202 90 3386 2269 88 68 48 2181 2154
is_linear=0
shrinkage=0.05


Tree=117
num_leaves=31
num_cat=0
split_feature=9 24 13 23 21 20 21 7 39 4 40 28 15 21 25 25 34 25 41 41 5 39 16 23 13 30 42 18 23 39
split_gain=0.542571 0.349566 0.739442 1.33713 0.536361 0.512033 0.48074 0.462832 0.754109 0.53883 1.17991 0.92998 0.447267 0.442597 0.783571 0.752582 0.428341 0.734087 1.37338 0.563589 0.81 0.460052 0.737278 0.738986 0.695305 1.37898 1.01839 1.09691 1.62527 1.1798
threshold=0.0086380210776100912 445.94631060000006 -0.0088093937828074773 0.012340148005752137 320.67999999999307 92.019999999996813 183.11000000000061 0.00077686676748507904 378.40214285714222 326.30541500000004 97.821315830726249 -17.605735988181547 0.0018417112761055551 1.0000000180025095e-35 -0.71882539102446275 -0.072206946567508506 83907.047256978301 -0.35160307918015316 -96.481333691992617 149.08530548641542 0.00038327967700463387 364.47571428571354 0.0034029177039707572 -0.45148734261492113 0.0068733755194404665 103503.40850473562 13.804418659519365 -128.82000000000696 -0.9059767066716703 532.86214285714289
decision_type=2 2 2 2 2 2 2 2 2 2 2 2 2 2 2 2 2 2 2 2 2 2 2 2 2 2 2 2 2 2
left_child=1 2 3 -1 7 -3 -5 -4 9 10 11 -9 -11 14 -7 -16 17 18 -15 -20 -21 -18 24 -24 26 -26 -23 29 -29 -28
right_child=-2 5 4 6 -6 13 -8 8 -10 12 -12 -13 -14 16 15 -17 21 -19 19 20 -22 22 23 -25 25 -27 27 28 -30 -31
leaf_value=3.4179284120620713e-05 -7.8236613570207867e-06 -5.3053570779090935e-06 -4.0094759951458131e-06 2.4909999048698571e-06 3.7843845522859989e-05 3.3773605265107247e-06 -0.00010136148471669425 6.0651488512743928e-05 -9.6696307942601402e-06 -1.4401765361893083e-05 0.00010885540154069111 -6.8958055366525049e-06 8.9907379447328205e-05 0.00018252169832739943 -1.4397488682982655e-05 7.3292715870298118e-07 -1.2084584853075903e-05 -1.6593935240162527e-05 -2.4886629108785105e-05 -2.4055444071636721e-05 6.7736223667209364e-05 -1.5655587119690607e-07 -8.8262399800554485e-06 -1.4440220340916985e-06 0.00016821563908861071 -1.7409686172588989e-05 0.00024472385633842874 3.0282098429790244e-05 -9.8848837959388786e-07 2.5948427398594363e-06
leaf_weight=27 604 2560 443 33 20 22 26 22 129 53 26 63 25 22 44 25 205 113 34 25 20 502 707 1026 27 148 26 20 102 21
leaf_count=27 604 2560 443 33 20 22 26 22 129 53 26 63 25 22 44 25 205 113 34 25 20 502 707 1026 27 148 26 20 102 21
internal_value=-0.00116573 -0.00103284 -9.80404e-05 0.00430232 -0.000582588 -0.00117632 8.47446e-05 -0.000795008 0.000660376 0.00267196 0.00490991 0.00205882 -0.000512822 -0.00074296 0.00269231 7.24626e-05 -0.000847233 0.00130841 0.00440594 0.00132911 0.005 -0.00101293 -0.000831719 -0.00142239 0.000378249 -0.00242857 0.00111028 0.00446745 0.00196721 0.0109574
internal_weight=7120 6516 867 86 781 5649 59 761 318 189 111 85 78 3089 91 69 2998 214 101 79 45 2784 2579 1733 846 175 671 169 122 47
internal_count=7120 6516 867 86 781 5649 59 761 318 189 111 85 78 3089 91 69 2998 214 101 79 45 2784 2579 1733 846 175 671 169 122 47
is_linear=0
shrinkage=0.05


Tree=118
num_leaves=31
num_cat=0
split_feature=9 22 21 25 7 23 23 9 17 7 9 41 38 7 22 28 36 36 30 36 20 13 32 25 42 11 31 30 11 34
split_gain=0.48172 0.49878 0.343644 0.760995 1.19792 0.459167 0.484615 0.712309 0.279346 0.240629 0.515606 0.716348 1.65923 0.634167 1.18705 0.590965 0.48583 0.376231 0.349868 0.318516 0.957464 0.573792 1.00741 0.768607 0.890538 0.345895 0.325111 1.06116 0.854788 1.12848
threshold=0.0086380210776100912 497.36677975000003 1.0000000180025095e-35 -0.71882539102446275 0.00045038853132368532 -0.43015297470023489 0.31212498891157886 0.0003343303683546277 0.010510079772894735 0.0066769132612132095 0.006613654197234778 113.76124125633642 58.194794856764481 0.0048803270232391166 595.05830924999998 1032.7529464965194 -294.38188619608985 5894.7940254147043 84107.462749849976 3456.5043797509938 4.8350000000064037 -0.0052781015818340743 753.25680391465733 0.68550914729792589 143.63644591276923 -0.0031826548024240981 117713.54800000002 118140.92038728525 0.0051327169418181164 118032.98082821214
decision_type=2 2 2 2 2 2 2 2 2 2 2 2 2 2 2 2 2 2 2 2 2 2 2 2 2 2 2 2 2 2
left_child=2 -2 3 4 -1 -5 7 -7 -3 10 17 13 -13 14 -12 -14 -16 19 -11 26 -21 -22 -23 24 25 -24 -4 28 29 -28
right_child=1 8 9 5 -6 6 -8 -9 -10 18 11 12 15 -15 16 -17 -18 -19 -20 20 21 22 23 -25 -26 -27 27 -29 -30 -31
leaf_value=-2.5375406526912517e-06 1.8094495466444853e-05 -9.1237146386967256e-06 -3.0321760034412672e-06 -2.9478985206690363e-05 2.5874555819639815e-05 -2.7938338701944898e-05 -2.3230579945810752e-05 3.9535715206522194e-05 2.1957979518731361e-05 6.1794762992696677e-05 1.4298750173890381e-05 0.00011432054829200398 -4.3246741023423028e-05 -3.5679578661055828e-05 4.0442356379134872e-05 9.6394109809513058e-05 -1.9944526402731156e-05 -1.5286395510431788e-05 -4.1261987254777458e-05 5.677784778127868e-05 -5.5470736382537673e-05 1.2244401569762692e-05 8.1430910537089857e-06 9.9967957380169527e-05 0.00016210647432473194 -3.2206183057414953e-05 3.8182010942715316e-05 -4.7328088598078525e-06 -2.4549238330056169e-05 -2.1254434521774285e-07
leaf_weight=34 37 538 4864 48 27 23 35 33 29 36 20 20 34 57 38 32 40 86 216 23 55 38 38 29 24 158 38 410 26 34
leaf_count=34 37 538 4864 48 27 23 35 33 29 36 20 20 34 57 38 32 40 86 216 23 55 38 38 29 24 158 38 410 26 34
internal_value=-0.00116573 -0.00251656 -0.00104052 0.000999999 0.00565574 -0.00104317 0.00104395 0.00392857 -0.0028836 -0.00110513 -0.00104222 0.00122407 0.00488372 -0.000806453 0.00163265 0.0010606 -0.00115385 -0.00113601 -0.00261905 -0.00108681 0.000342465 -0.000321639 0.000574912 -0.000582331 -0.00159091 -0.00270408 -0.00118392 1.96838e-05 0.00469388 0.0075
internal_weight=7120 604 6516 200 61 139 91 56 567 6316 6064 241 86 155 98 66 78 5823 252 5737 365 342 287 249 220 196 5372 508 98 72
internal_count=7120 604 6516 200 61 139 91 56 567 6316 6064 241 86 155 98 66 78 5823 252 5737 365 342 287 249 220 196 5372 508 98 72
is_linear=0
shrinkage=0.05


Tree=119
num_leaves=31
num_cat=0
split_feature=42 28 7 40 25 9 17 25 4 34 18 39 23 5 16 4 25 22 22 23 34 18 42 22 20 7 28 7 5 22
split_gain=0.469482 0.414216 0.860922 0.948888 0.386563 1.8673 1.02619 0.533783 0.351595 0.431497 0.579758 0.424823 0.390037 0.42605 0.331225 0.361777 0.915978 0.416359 1.09198 1.09633 0.664768 0.517903 0.440108 1.41158 1.49308 0.462279 0.412455 0.746897 0.380952 0.339094
threshold=225.58152859618392 493.70263382879062 -0.0012055069390715578 -454.5486842372847 -1.1054885124985612 -0.0026192482432215278 0.0029006280101895425 -0.98003353630705348 1686.5764950000003 82705.798251922344 250.60499999999595 1588.3425000000018 -0.69179887040821597 -0.00051995351798566041 0.009078582450249088 1580.4747800000002 1.3884048536381801 1442.6971595000002 1528.2748817500001 -0.68610960842824953 88252.396244131334 323.93499999999773 190.43203918534201 780.35670624999989 138.67500000000294 0.0066769132612132095 1342.4096898427381 0.0023606225928787081 -0.00013277926347853166 697.80422725000017
decision_type=2 2 2 2 2 2 2 2 2 2 2 2 2 2 2 2 2 2 2 2 2 2 2 2 2 2 2 2 2 2
left_child=4 2 3 -2 5 -1 -7 -6 9 10 12 -10 -9 -14 15 17 -17 22 19 -19 28 -22 25 24 -24 26 -11 -28 -20 -27
right_child=1 -3 -4 -5 7 6 -8 8 11 14 -12 -13 13 -15 -16 16 -18 18 20 -21 21 -23 23 -25 -26 29 27 -29 -30 -31
leaf_value=1.6944139937853347e-05 -6.7341925481908809e-06 -1.6362320751870641e-05 -5.0896224533456296e-05 5.9287473657809775e-05 -1.6440672184015228e-05 1.8315735500173525e-05 -2.2902535156622862e-05 -6.2185162971962275e-05 -7.1787634446288717e-06 -2.8801128482942548e-06 6.1583807560879831e-05 0.00021703893741285981 5.1501739538119288e-05 -7.6246208457589601e-06 -1.7679707839246199e-05 -2.7612835758922452e-05 0.00011859764250525083 -1.7596688423372954e-06 0.00017005987008501767 3.1235271690553906e-05 -9.686612137878413e-06 1.3889781184981557e-06 0.0001537114426577577 -5.6982753329644165e-06 -1.2066089897594024e-05 -1.7425590308572411e-06 -3.2346761037189835e-05 0.00014834774505321463 -1.3926259617729692e-07 -4.7350102713654265e-05
leaf_weight=23 20 363 53 23 193 29 85 23 598 4836 20 20 30 21 73 37 27 23 21 29 81 34 25 66 23 115 25 29 21 154
leaf_count=23 20 363 53 23 193 29 85 23 598 4836 20 20 30 21 73 37 27 23 21 29 81 34 25 66 23 115 25 29 21 154
internal_value=-0.00116573 -0.00271242 0.000208332 0.00546512 -0.00105915 0.00156934 -0.00105263 -0.00111435 -0.00103538 -0.000912832 0.00244681 -0.00216829 0.000405404 0.00284314 -0.000969035 -0.000924992 0.0028125 -0.000968626 0.00122009 0.0075 -0.000859874 -0.00282609 -0.00105538 0.00201754 0.00854167 -0.00112328 -0.00101227 0.00333333 0.00452381 -0.00314127
internal_weight=7120 459 96 43 6661 137 114 6524 6331 5713 94 618 74 51 5619 5546 64 5482 209 52 157 115 5273 114 48 5159 4890 54 42 269
internal_count=7120 459 96 43 6661 137 114 6524 6331 5713 94 618 74 51 5619 5546 64 5482 209 52 157 115 5273 114 48 5159 4890 54 42 269
is_linear=0
shrinkage=0.05


end of trees

feature_importances:
upper_wick=179
lower_wick=178
log_return_2=173
log_return_6=167
log_return_3=152
vol_std_10=148
atr=147
rsi=146
vol_std_50=141
volume=140
volume_zscore_20=136
log_return_1=127
price_minus_ema_200=127
volume_mean_50=123
candle_range=122
log_return_12=114
macd_hist=110
volume_zscore_50=107
volume_mean_20=97
candle_body=94
vol_std_20=87
macd_signal=86
price_minus_ema_20=85
macd=83
price_minus_ema_50=79
sma_200=72
open=68
sma_20=51
ema_200=49
ema_20=41
close=37
sma_50=36
ema_50=34
low=33
high=31

parameters:
[boosting: gbdt]
[objective: quantile]
[metric: quantile]
[tree_learner: serial]
[device_type: cpu]
[data_sample_strategy: bagging]
[data: ]
[valid: ]
[num_iterations: 120]
[learning_rate: 0.05]
[num_leaves: 31]
[num_threads: 0]
[seed: 42]
[deterministic: 0]
[force_col_wise: 0]
[force_row_wise: 0]
[histogram_pool_size: -1]
[max_depth: -1]
[min_data_in_leaf: 20]
[min_sum_hessian_in_leaf: 0.001]
[bagging_fraction: 1]
[pos_bagging_fraction: 1]
[neg_bagging_fraction: 1]
[bagging_freq: 0]
[bagging_seed: 400]
[bagging_by_query: 0]
[feature_fraction: 1]
[feature_fraction_bynode: 1]
[feature_fraction_seed: 30056]
[extra_trees: 0]
[extra_seed: 12879]
[early_stopping_round: 0]
[early_stopping_min_delta: 0]
[first_metric_only: 0]
[max_delta_step: 0]
[lambda_l1: 0]
[lambda_l2: 0]
[linear_lambda: 0]
[min_gain_to_split: 0]
[drop_rate: 0.1]
[max_drop: 50]
[skip_drop: 0.5]
[xgboost_dart_mode: 0]
[uniform_drop: 0]
[drop_seed: 17869]
[top_rate: 0.2]
[other_rate: 0.1]
[min_data_per_group: 100]
[max_cat_threshold: 32]
[cat_l2: 10]
[cat_smooth: 10]
[max_cat_to_onehot: 4]
[top_k: 20]
[monotone_constraints: ]
[monotone_constraints_method: basic]
[monotone_penalty: 0]
[feature_contri: ]
[forcedsplits_filename: ]
[refit_decay_rate: 0.9]
[cegb_tradeoff: 1]
[cegb_penalty_split: 0]
[cegb_penalty_feature_lazy: ]
[cegb_penalty_feature_coupled: ]
[path_smooth: 0]
[interaction_constraints: ]
[verbosity: -1]
[saved_feature_importance_type: 0]
[use_quantized_grad: 0]
[num_grad_quant_bins: 4]
[quant_train_renew_leaf: 0]
[stochastic_rounding: 1]
[linear_tree: 0]
[max_bin: 255]
[max_bin_by_feature: ]
[min_data_in_bin: 3]
[bin_construct_sample_cnt: 200000]
[data_random_seed: 175]
[is_enable_sparse: 1]
[enable_bundle: 1]
[use_missing: 1]
[zero_as_missing: 0]
[feature_pre_filter: 1]
[pre_partition: 0]
[two_round: 0]
[header: 0]
[label_column: ]
[weight_column: ]
[group_column: ]
[ignore_column: ]
[categorical_feature: ]
[forcedbins_filename: ]
[precise_float_parser: 0]
[parser_config_file: ]
[objective_seed: 16083]
[num_class: 1]
[is_unbalance: 0]
[scale_pos_weight: 1]
[sigmoid: 1]
[boost_from_average: 1]
[reg_sqrt: 0]
[alpha: 0.9]
[fair_c: 1]
[poisson_max_delta_step: 0.7]
[tweedie_variance_power: 1.5]
[lambdarank_truncation_level: 30]
[lambdarank_norm: 1]
[label_gain: ]
[lambdarank_position_bias_regularization: 0]
[eval_at: ]
[multi_error_top_k: 1]
[auc_mu_weights: ]
[num_machines: 1]
[local_listen_port: 12400]
[time_out: 120]
[machine_list_filename: ]
[machines: ]
[gpu_platform_id: -1]
[gpu_device_id: -1]
[gpu_use_dp: 0]
[num_gpu: 1]

end of parameters

pandas_categorical:[]
