tree
version=v4
num_class=1
num_tree_per_iteration=1
label_index=0
max_feature_idx=42
objective=quantile
feature_names=open high low close volume log_return_1 return_1 log_return_2 return_2 log_return_3 return_3 log_return_6 return_6 log_return_12 return_12 vol_std_10 vol_std_20 vol_std_50 candle_body candle_range upper_wick lower_wick volume_mean_20 volume_zscore_20 volume_mean_50 volume_zscore_50 ema_20 sma_20 price_minus_ema_20 slope_ema_20 ema_50 sma_50 price_minus_ema_50 slope_ema_50 ema_200 sma_200 price_minus_ema_200 slope_ema_200 rsi atr macd macd_signal macd_hist
feature_infos=[74810:126011.17999999999] [75491.059999999998:126199.63] [74508:125252.74000000001] [74810.009999999995:126011.17999999999] [55.663110000000003:22932.63034] [-0.050194534107679628:0.049046832698038376] [-0.048955604068812497:0.050269536544331084] [-0.054430650570970483:0.073476142573905459] [-0.05297581783309413:0.076242859981111355] [-0.051763945009398085:0.10037704986863207] [-0.050447012889056508:0.10558770119419636] [-0.089134294306237399:0.10288469684838659] [-0.085277276727932838:0.10836360389131627] [-0.11547459971848215:0.095308261010448495] [-0.10905679784217504:0.099997889328760969] [0.00043666998028047657:0.02093055959530522] [0.00064129677235217274:0.01653861037861672] [0.001119974649823826:0.014575197150878624] [-4402.6600000000035:3934.4700000000012] [41.580000000001746:13112.690000000002] [0:2210.4700000000012] [0:11451.860000000001] [122.12798100000001:4030.8873189999999] [-2.110438023074344:4.2001900222389192] [189.2571542:3088.6918599999999] [-1.7381946760067346:6.6553358521083466] [77071.386983985474:124694.10041516216] [76734.368500000011:124829.1735] [-5610.1596149673569:6976.4475902612758] [-590.54311736498494:734.36290423803439] [77877.609215548699:124031.47673128865] [77971.398199999996:124089.9958] [-8206.0916271875758:8167.5835344851075] [-334.9425153954071:333.37075650959741] [80709.759886852858:121156.2540190468] [80865.342950000006:122296.24195] [-11482.272730710625:8513.8839020029845] [-115.39972593678976:85.566672381944954] [1.5039170063437979:97.611937349984728] [129.42142857142503:2664.2164285714284] [-2434.5334785931191:2390.7359220770304] [-2230.2798034168663:1991.8154586057992] [-947.87349092399427:872.18259031331581]
tree_sizes=2877 2920 2891 2882 2919 2907 2911 2928 2943 2937 2908 2918 2933 2934 2917 2921 2927 2898 2956 2943 2955 2892 2917 2945 2937 2954 2945 2929 2930 2931 2941 2964 2949 2941 2951 2954 2926 2924 2930 2920 2954 2937 2934 2930 2931 2941 2934 2940 2929 2926 2910 2942 2918 2922 2916 2953 2926 2959 2948 2931 2927 2951 2943 2918 2917 2940 2943 2918 2914 2919 2949 2927 2940 2945 2956 2948 2951 2938 2969 2951 2950 2923 2978 2950 2943 2932 2904 2933 2931 2925 2944 2945 2947 2924 2946 2906 2948 2954 2918 2914 2951 2953 2939 2953 2938 2967 2952 2928 2939 2941 2950 2933 2916 2916 2940 2913 2958 2945 2936 2910

Tree=0
num_leaves=31
num_cat=0
split_feature=4 4 21 18 11 11 23 15 20 17 23 24 35 22 13 20 36 11 11 32 39 23 32 34 9 17 21 16 7 7
split_gain=20.6174 8.9813 2.64402 2.96246 2.66581 2.49552 2.40911 2.26256 1.83119 1.85791 2.1476 2.05325 1.83285 1.7042 1.63749 1.40686 1.39987 1.39509 1.88199 1.37724 1.35901 1.48869 1.3558 1.26815 1.10508 1.65288 1.0359 1.0077 1.24946 1.10295
threshold=1414.2198350000001 512.4263850000001 360.03500000000355 450.65000000000151 -0.0288277435217732 0.0035582653605563419 2.0984963443772573 0.0078237657178035717 30.70999999999913 0.0049391421653917278 0.29306767227603142 601.60889470000018 118307.89120000003 1707.0823800750002 -0.0022133950789009469 386.15499999999889 -6068.8268514037618 0.0011456370078247896 0.011121405844261309 753.25680391465733 579.66107142857243 1.7090078642119932 -2115.9802112311877 82705.798251922344 -0.017177126577585137 0.006218852012572859 35.975000000005828 0.0034442540826904009 0.0018557080371258583 -0.010549477197714752
decision_type=2 2 2 2 2 2 2 2 2 2 2 2 2 2 2 2 2 2 2 2 2 2 2 2 2 2 2 2 2 2
left_child=1 22 5 4 -4 8 -5 20 -2 11 15 -10 14 24 -13 -11 -9 27 19 -19 26 -22 -1 -7 -12 -26 -3 -6 29 -29
right_child=2 7 3 6 17 23 -8 16 9 10 13 12 -14 -15 -16 -17 -18 18 -20 -21 21 -23 -24 -25 25 -27 -28 28 -30 -31
leaf_value=-0.0045217557479362057 -0.0043734164256323226 -0.004336284241167135 -0.0046130147565681999 -0.0046484910627291303 -0.004297257242655169 -0.0045763983518333868 -0.0048880119006667229 -0.0049351059268149837 -0.0047432956493519219 -0.004367938518485672 -0.0047210894192894785 -0.0043345466424633741 -0.0045921830214653171 -0.0047927603954875924 -0.0046522862999038433 -0.0056778860449308872 -0.0045374211140157116 -0.0048896743654984849 -0.0044721221769228369 -0.0045981422174859636 -0.0044414998958291294 -0.0047651199425392298 -0.004326154001249298 -0.0044193533300003899 -0.0046598344712607351 -0.004991958584810257 -0.0044068286085111041 -0.0044885405188307189 -0.0043028047072683458 -0.0046603977676901772
leaf_weight=20 40 269 34 31 26 27 20 32 23 37 25 86 21 32 34 26 199 21 31 20 1539 20 3068 256 23 22 993 50 23 72
leaf_count=20 40 269 34 31 26 27 20 32 23 37 25 86 21 32 34 26 199 21 31 20 1539 20 3068 256 23 22 993 50 23 72
internal_value=-0.00440968 -0.00333476 -0.0111444 -0.014806 -0.0127671 -0.00930232 -0.0258803 -0.0052583 -0.0120113 -0.0132395 -0.0169854 -0.00947066 -0.0072111 -0.0214685 -0.00482635 -0.00972714 -0.0100157 -0.0109323 -0.0167708 -0.0237999 -0.00486874 -0.00585612 -0.00143364 -0.0057701 -0.0258383 -0.0305208 -0.00364898 -0.00847401 -0.0100993 -0.0121146
internal_weight=7120 6140 980 328 277 652 51 3052 369 329 165 164 141 102 120 63 231 243 72 41 2821 1559 3088 283 70 45 1262 171 145 122
internal_count=7120 6140 980 328 277 652 51 3052 369 329 165 164 141 102 120 63 231 243 72 41 2821 1559 3088 283 70 45 1262 171 145 122
is_linear=0
shrinkage=1


Tree=1
num_leaves=31
num_cat=0
split_feature=4 4 17 21 4 35 39 11 22 39 18 38 28 41 11 24 22 30 9 7 5 35 21 16 15 11 34 5 21 11
split_gain=17.7338 7.58295 2.87164 2.35642 2.01003 2.00679 1.92727 1.8463 2.20045 1.50111 1.3739 1.29547 1.64869 1.56032 1.28926 1.7568 1.21025 1.30673 1.35782 1.62064 1.53574 1.13328 1.10568 1.05953 0.96296 0.954673 1.39861 1.73427 1.5758 0.915872
threshold=570.99227000000008 1414.2198350000001 0.0046203591990500144 327.91500000000821 4916.4055500000004 109674.67392500002 1049.525714285716 0.00085078563638861667 1561.4067742500004 832.44642857142969 -231.09000000001103 38.045654235055771 1160.6311096800712 -823.15281507973248 0.019730423456233201 1504.1454276000002 851.94484800000009 103741.36152329131 -0.017177126577585137 0.00077686676748507904 -0.00051995351798566041 118358.94182500002 107.66499999999361 0.0025141325437209616 0.0016071766033050384 -0.0056170504342947505 90248.323655864529 -0.00067382005656199662 51.0350000000035 0.015752310297815975
decision_type=2 2 2 2 2 2 2 2 2 2 2 2 2 2 2 2 2 2 2 2 2 2 2 2 2 2 2 2 2 2
left_child=9 6 21 7 5 16 23 8 10 25 22 13 -13 -8 -9 -16 -5 18 -18 20 -20 -3 -4 -2 -25 26 27 28 -1 -27
right_child=1 2 3 4 -6 -7 11 14 -10 -11 -12 12 -14 -15 15 -17 17 -19 19 -21 -22 -23 -24 24 -26 29 -28 -29 -30 -31
leaf_value=-5.3707089382194415e-05 4.769650780189847e-05 -9.6759021073863411e-05 -0.0003027656031325299 -0.00011425320869863855 -0.00044721645761690147 -0.00025036916095399423 -0.00049402835555278273 3.0318496096370117e-05 -0.00024145852527397897 -3.3370986505571345e-05 -0.00048121062484541622 -1.1536245942918604e-05 -0.00020149429263868559 -0.00013255227708319366 2.9791971170171992e-06 -0.00026036274259959129 0.00024500315447587739 4.8464599712355577e-05 -0.00041503948661646915 -0.0002269839956696742 -0.00049574198686512213 -0.00022289003614537874 -0.00012411245939411187 -6.9344686742033038e-05 -2.7474535998306342e-05 8.3160957687099338e-05 4.6300817176455444e-05 3.2639960581225778e-05 -0.00018544539294260178 -0.00019567536785163546
leaf_weight=21 323 358 31 20 31 29 27 83 94 163 28 103 33 20 42 32 22 20 47 50 20 33 40 21 2133 2920 294 39 23 20
leaf_count=21 323 358 31 20 31 29 27 83 94 163 28 103 33 20 42 32 22 20 47 50 20 33 40 21 2133 2920 294 39 23 20
internal_value=7.72474e-05 -0.00236264 -0.00612245 -0.00832767 -0.0121548 -0.0103846 -0.000977443 -0.00571429 -0.00898964 0.00262931 -0.0141919 -0.00592896 -0.00345588 -0.0130851 -0.0016879 -0.00648649 -0.00840782 -0.00694969 -0.00866906 -0.010812 -0.0158955 -0.00280051 -0.010493 -0.000611627 -0.00101207 0.00285951 0.000490716 -0.00524096 -0.0120455 0.00316327
internal_weight=7120 3640 980 589 239 208 2660 350 193 3480 99 183 136 47 157 74 179 159 139 117 67 391 71 2477 2154 3317 377 83 44 2940
internal_count=7120 3640 980 589 239 208 2660 350 193 3480 99 183 136 47 157 74 179 159 139 117 67 391 71 2477 2154 3317 377 83 44 2940
is_linear=0
shrinkage=0.05


Tree=2
num_leaves=31
num_cat=0
split_feature=4 4 17 32 21 15 42 22 15 39 23 39 41 25 42 11 39 22 35 21 15 18 21 30 16 35 41 38 30 21
split_gain=16.3937 6.24795 2.3875 2.09212 1.61434 1.96415 2.35875 1.61838 1.53409 1.50111 1.47461 1.48149 1.73058 1.38087 1.35703 1.30667 1.09079 1.09696 1.05966 1.10197 1.24324 1.03313 1.03226 0.97922 0.9 0.860159 0.955019 1.74921 1 0.855606
threshold=570.99227000000008 1542.3785550000002 0.0046713777611314565 -3027.0542024567253 327.91500000000821 0.0075483278996098134 -31.212356146563902 1561.4067742500004 0.0057677307986599693 832.44642857142969 2.1705631252787714 1022.8578571428578 -1260.9508440010889 2.4598673316568545 334.23003683175364 0.019730423456233201 1009.8792857142852 2132.3672131250005 118358.94182500002 167.51499999999945 0.0057677307986599693 -1018.7200000000011 487.35000000000588 87575.378085799792 0.0060846747752694346 91314.812050000022 -693.93677879293136 44.052810034108852 109889.35114847253 17.595000000001168
decision_type=2 2 2 2 2 2 2 2 2 2 2 2 2 2 2 2 2 2 2 2 2 2 2 2 2 2 2 2 2 2
left_child=9 3 18 16 5 6 7 8 -4 -1 11 23 -13 -12 21 -8 -2 -18 19 -3 -21 -5 -14 -6 -15 -11 -27 -28 -29 -23
right_child=1 2 4 14 10 -7 15 -9 -10 25 13 12 22 24 -16 -17 17 -19 -20 20 -22 29 -24 -25 -26 26 27 28 -30 -31
leaf_value=7.4063463037897655e-05 -0.00011782848782407201 1.6061786140836179e-05 -0.00047372936485654975 -0.00030051647617976594 -0.00023073958095181391 -9.9517372572917846e-05 2.1110035078000234e-05 -0.0002429639163641765 -0.00030965061062135108 5.3031216440272912e-05 -0.00046054754692388786 -0.00027691622821124931 -0.00032425101981692117 -0.00010680378888766301 -0.00013532338219463688 -0.00033341255714430134 -0.00040662504455051142 -0.00019690727149940571 -0.00020340952095646743 -8.6496403840006771e-05 -0.00020920081876877025 3.5416598413621438e-05 -0.00023180315160609461 1.2518330860018847e-05 -0.00037765701010003061 6.4449225250445811e-05 -0.00010747098583358806 -9.1995243987548931e-05 0.00011100005127625043 -2.5016816501549595e-05
leaf_weight=3317 35 133 24 21 29 150 50 26 20 62 21 23 31 20 66 25 25 23 26 132 37 276 31 42 20 27 29 20 25 2354
leaf_count=3317 35 133 24 21 29 150 50 26 20 62 21 23 31 20 66 25 25 23 26 132 37 276 31 42 20 27 29 20 25 2354
internal_value=0.000175562 -0.00217033 -0.00595238 -0.00103571 -0.00808594 -0.00567797 -0.00982759 -0.0164286 -0.0222727 0.00262931 -0.0113594 -0.00878205 -0.0132353 -0.0179508 -0.000796835 -0.00366667 -0.00885542 -0.01375 -0.00262195 -0.00178808 -0.00446746 -0.00062052 -0.0175806 -0.0034507 -0.0125 -0.00205521 -0.00490099 -0.00783784 -0.00166667 -0.000532319
internal_weight=7120 3640 840 2800 512 295 145 70 44 3480 217 156 85 61 2717 75 83 48 328 302 169 2651 62 71 40 163 101 74 45 2630
internal_count=7120 3640 840 2800 512 295 145 70 44 3480 217 156 85 61 2717 75 83 48 328 302 169 2651 62 71 40 163 101 74 45 2630
is_linear=0
shrinkage=0.05


Tree=3
num_leaves=31
num_cat=0
split_feature=4 4 17 39 19 32 28 19 41 40 20 23 39 31 11 41 21 35 4 25 39 15 21 38 39 24 35 24 16 15
split_gain=14.7277 5.48604 2.02978 1.68654 1.44512 1.38891 1.63743 1.48616 1.23764 1.51461 1.46 1.63431 1.5334 1.45468 1.33308 1.14125 1.41951 1.09119 1.069 1.04167 1.00781 1.0006 0.963417 1.63 2.2036 0.9 0.897408 2.51308 0.819234 0.909561
threshold=570.99227000000008 1542.3785550000002 0.0050029487359994325 1049.525714285716 1433.1149999999982 -2861.7881030311105 1160.6311096800712 855.06999999999982 -1260.9508440010889 454.09230441549158 124.62999999999739 1.1401282609896948 950.7774999999998 90172.997800000026 0.0065182288445242613 -167.50303907923259 246.67500000000294 118358.94182500002 2788.9972100000005 0.56773606059131843 800.23571428571347 0.0078237657178035717 401.22499999999133 33.540586875240457 808.53857142857214 1373.4711535500003 83636.001900000017 725.08173060000013 0.0024854388326312564 0.0016071766033050384
decision_type=2 2 2 2 2 2 2 2 2 2 2 2 2 2 2 2 2 2 2 2 2 2 2 2 2 2 2 2 2 2
left_child=20 3 17 4 28 7 -7 -5 -4 10 18 13 14 15 -13 16 -12 22 25 21 26 -11 -3 -24 -25 -10 27 -1 -2 -30
right_child=1 2 8 5 -6 6 -8 -9 9 19 11 12 -14 -15 -16 -17 -18 -19 -20 -21 -22 -23 23 24 -26 -27 -28 -29 29 -31
leaf_value=-0.00015762150547873641 3.8376686776781617e-05 -6.9430922951930219e-05 -4.6494001175030111e-05 -0.0004515492719720944 -0.00025425531933648065 -1.0911997447073475e-05 -0.00014036062626933583 -0.0002246757548691701 -0.00077984580917633438 -0.00025191056378400087 -0.00017437135256471556 -0.00037270775979918029 -0.0003950503814418959 -1.2764959983884532e-05 -3.4325780637440304e-05 -9.9236407109624518e-05 -0.00056523871132125789 -0.00018490303111294749 2.4553139093157721e-05 4.4872656490889116e-05 -1.3729309093600028e-05 4.4418703720734416e-05 5.3881760321657909e-05 -3.8587347601883395e-05 -0.00057489087504706844 -5.8328545092044879e-06 7.3598960891413647e-05 3.8676778258732097e-05 -6.4110998798573438e-05 -1.77430036715779e-05
leaf_weight=20 311 267 53 22 26 124 38 26 20 28 32 41 36 37 24 28 27 29 34 48 218 20 35 41 20 20 3112 130 22 2231
leaf_count=20 311 267 53 22 26 124 38 26 20 28 32 41 36 37 24 28 27 29 34 48 218 20 35 41 20 20 3112 130 22 2231
internal_value=0.000231742 -0.00199176 -0.00553571 -0.000928571 -0.00057915 -0.00523809 -0.00302469 -0.0127083 -0.00783482 -0.00879747 -0.0105518 -0.0125556 -0.0172772 -0.00870968 -0.0126923 -0.0122414 -0.0161864 -0.00290816 -0.00445946 -0.00333333 0.00255747 -0.00854167 -0.00216253 -0.00645833 -0.0113934 -0.01 0.00277744 -0.001 -0.000460218 -0.000792277
internal_weight=7120 3640 840 2800 2590 210 162 48 448 395 299 225 101 124 65 87 59 392 74 96 3480 48 363 96 61 40 3262 150 2564 2253
internal_count=7120 3640 840 2800 2590 210 162 48 448 395 299 225 101 124 65 87 59 392 74 96 3480 48 363 96 61 40 3262 150 2564 2253
is_linear=0
shrinkage=0.05


Tree=4
num_leaves=31
num_cat=0
split_feature=4 19 32 21 38 30 7 17 15 11 11 9 24 20 39 15 36 21 15 34 16 27 35 24 32 32 38 21 38 36
split_gain=13.4654 4.84257 2.2202 2.17193 2.3058 2.09756 1.97443 1.92163 2.02367 1.91369 1.58093 1.44866 1.29727 1.27023 1.08247 1.09318 1.31777 1.0834 1.20981 1.06294 1.05362 1.83908 1.02745 1.59868 1.02269 0.998854 0.996847 0.927843 0.893884 0.874494
threshold=566.86247500000013 1335.840000000004 -2600.9446324358864 86.33000000000176 32.671413590005059 83955.926115313574 -0.0037172024981247487 0.0051976215165953979 0.005303690522679789 0.016953409846224513 -0.024533786221531184 -0.01126654028561762 1150.4566633400002 172.84999999999857 624.01892857142968 0.0033711046141740868 2583.5450165333464 36.745000000002626 0.0014157437258248038 89679.574301524437 0.0034611137896160397 114712.41125000002 83347.913825000011 728.94470660000013 -3492.3175368986772 -2115.9802112311877 81.509599299146501 501.33999999999656 36.263622463869204 -2317.2845692960614
decision_type=2 2 2 2 2 2 2 2 2 2 2 2 2 2 2 2 2 2 2 2 2 2 2 2 2 2 2 2 2 2
left_child=22 2 5 28 10 -2 11 -7 -9 27 13 12 -6 -5 17 16 20 -4 -19 -13 -16 29 23 -1 -10 -24 -17 -8 -3 -22
right_child=1 3 14 4 6 7 9 8 24 -11 -12 19 -14 -15 15 26 -18 18 -20 -21 21 -23 25 -25 -26 -27 -28 -29 -30 -31
leaf_value=-0.00014446829286292567 -0.00030222360324167619 -0.00034813639405518603 6.4806798181040769e-05 -0.00059865310047055862 -0.00029911452272969867 3.1767738645762599e-05 9.9385067909593691e-06 -0.00019466316053108791 -2.3556550337632876e-05 -0.00040118890109347509 3.6926557233999285e-05 -0.00039677899156118687 -3.3532744830356751e-05 -9.6556497479829658e-05 4.8032128252316343e-05 -3.0813484294283168e-05 -0.00020269786884308813 -0.00036894597006488457 -8.9373922988625701e-06 -0.00049186514650655089 -9.5837115881692098e-05 -0.00026874917854971574 -9.7004350450382955e-05 3.9209776357402143e-05 -0.00026577074074043538 6.7731553277850963e-05 -0.00014281527199748369 -0.00019690067152080168 3.9322251526199663e-05 6.0607948127962278e-06
leaf_weight=24 21 21 298 20 25 56 50 20 60 45 78 20 21 29 63 1287 34 24 1155 23 39 20 31 76 48 3321 44 34 76 57
leaf_count=24 21 21 298 20 25 56 50 20 60 45 78 20 21 29 63 1287 34 24 1155 23 39 20 31 76 48 3321 44 34 76 57
internal_value=0.000252809 -0.0018566 -0.00118413 -0.00676471 -0.00862319 -0.00621951 -0.0117431 -0.00451087 -0.00789062 -0.0077907 -0.00326772 -0.0174719 -0.0113043 -0.0103061 -0.000842436 -0.00176813 -0.0050939 0.000125254 -0.000555555 -0.0240698 -0.00337989 -0.0062069 0.00249421 -0.0025 -0.00518518 0.0026432 -0.00123591 -0.00333333 -0.000154639 -0.00333333
internal_weight=7120 3668 3226 442 345 205 218 184 128 129 127 89 46 49 3021 1544 213 1477 1179 43 179 116 3452 100 108 3352 1331 84 97 96
internal_count=7120 3668 3226 442 345 205 218 184 128 129 127 89 46 49 3021 1544 213 1477 1179 43 179 116 3452 100 108 3352 1331 84 97 96
is_linear=0
shrinkage=0.05


Tree=5
num_leaves=31
num_cat=0
split_feature=4 19 39 21 38 7 11 9 13 34 20 11 28 2 9 2 36 41 20 39 21 21 36 20 20 1 4 35 34 22
split_gain=11.4629 4.10646 2.13652 1.81614 1.72403 1.99045 1.58093 1.4315 1.35434 1.29359 1.27023 1.25581 1.18989 1.13872 1.45724 1.28226 1.10086 1.23315 1.71238 1.02111 0.969799 0.918115 1.03354 1.22397 0.985595 1.19877 1.20289 1.11988 1.37009 1.85198
threshold=566.86247500000013 1335.840000000004 1022.8578571428578 86.33000000000176 32.671413590005059 -0.0037172024981247487 -0.024533786221531184 -0.01126654028561762 -0.03146147444780175 89895.414755119928 172.84999999999857 0.0180215075006789 -1104.2113706816451 102895.05000000002 -0.0031982301622573779 102217.97500000002 400.28738000865275 -244.97761781976581 133.05500000000032 858.05035714285793 501.33999999999656 36.745000000002626 -3026.6345242944149 106.81999999999972 113.78000000000613 83320.580000000016 1625.1270950000001 117232.49367500002 117133.07498007447 613.21317575000012
decision_type=2 2 2 2 2 2 2 2 2 2 2 2 2 2 2 2 2 2 2 2 2 2 2 2 2 2 2 2 2 2
left_child=13 2 21 -3 6 7 10 12 9 -4 -5 20 -6 14 16 -16 17 -1 -19 -15 -7 22 23 -2 -23 26 -26 -27 -29 -30
right_child=1 3 8 4 5 11 -8 -9 -10 -11 -12 -13 -14 19 15 -17 -18 18 -20 -21 -22 24 -24 -25 25 27 -28 28 29 -31
leaf_value=9.2813345929386882e-05 -0.00018245273094425504 -3.5034368856553503e-06 -0.0006705831316587761 -0.0005687204454470307 -0.00030718165531345347 1.054008230725813e-05 3.5080229372299328e-05 -0.0003788829586050027 -6.4624947550236323e-05 -0.00023481649563850045 -9.1728672605838186e-05 -0.00038652457533088175 -7.2672035299786164e-05 7.3814382977038546e-05 5.5316182668920141e-05 -5.6277380021297481e-05 3.1146239579187865e-05 -0.00018938949979490673 -3.7639215408682275e-05 -5.1473697347800802e-05 -0.00018705563794476162 1.7017552534451731e-06 4.1085922415492509e-05 4.0682106104342996e-06 -8.4394870387944463e-05 -4.3470514219828348e-05 -0.00034114564245557946 -0.00014646046633612605 -0.00021926472353611011 -4.3875023963967025e-06
leaf_weight=27 20 97 26 20 24 52 78 43 265 38 29 43 22 2298 869 30 75 46 39 68 34 1063 438 34 52 1102 25 23 31 109
leaf_count=27 20 97 26 20 24 52 78 43 265 38 29 43 22 2298 869 30 75 46 39 68 34 1063 438 34 52 1102 25 23 31 109
internal_value=0.000266854 -0.00167939 -0.00106014 -0.00619909 -0.00789855 -0.0105963 -0.00326772 -0.0163483 -0.00487842 -0.0114062 -0.0103061 -0.00662791 -0.0102174 0.00233488 0.000994475 0.00182981 -0.00302139 -0.00616071 -0.00911765 0.00295013 -0.00313953 -0.00062651 0.00134146 -0.00518518 -0.00102911 -0.00192996 -0.00798701 -0.00156126 -0.00542945 -0.00357143
internal_weight=7120 3668 3226 442 345 218 127 89 329 64 49 129 46 3452 1086 899 187 112 85 2366 86 2897 492 54 2405 1342 77 1265 163 140
internal_count=7120 3668 3226 442 345 218 127 89 329 64 49 129 46 3452 1086 899 187 112 85 2366 86 2897 492 54 2405 1342 77 1265 163 140
is_linear=0
shrinkage=0.05


Tree=6
num_leaves=31
num_cat=0
split_feature=4 4 39 19 7 36 36 15 15 23 5 39 17 18 16 38 38 5 28 23 36 20 19 40 42 42 5 32 30 24
split_gain=10.6976 3.69131 1.96401 1.80258 2.02149 1.31669 1.34045 1.2645 1.87256 1.77182 1.41003 1.25123 1.24403 1.23852 0.997343 0.977857 0.950666 1.32645 1.31933 1.02083 0.893755 0.9 0.871274 1.16667 1.56863 0.818543 0.901227 0.840384 0.803659 1.33032
threshold=566.86247500000013 1658.0899700000002 1049.525714285716 639.32500000000448 -0.0037172024981247487 -1522.0341078565905 -2224.5404457026884 0.0078237657178035717 0.0047101537905142815 1.2242724573257007 -0.0063351950972413435 561.13321428571328 0.0086128670329014261 -1018.7200000000011 0.009078582450249088 56.273650865744443 39.517642522139347 0.002621064501550864 1160.6311096800712 -0.62578167352312342 -3143.1517107517716 306.02999999999889 1675.8549999999962 384.47818385549186 166.5393539520106 278.16868592450697 -0.0041256792016771959 -2115.9802112311877 83955.926115313574 728.94470660000013
decision_type=2 2 2 2 2 2 2 2 2 2 2 2 2 2 2 2 2 2 2 2 2 2 2 2 2 2 2 2 2 2
left_child=11 2 13 -3 5 6 7 8 -5 -10 -11 28 22 -2 -9 -7 17 19 -18 -4 -14 -22 -6 24 -24 26 -13 -28 29 -1
right_child=1 3 16 4 12 15 -8 14 9 10 -12 25 20 -15 -16 -17 18 -19 -20 -21 21 -23 23 -25 -26 -27 27 -29 -30 -31
leaf_value=-5.9042669214359121e-05 -0.00023776881375521866 -0.00023736735071903269 -0.00015324852840113928 -1.2247550582227506e-05 1.1494973582675052e-05 -2.2166213236836321e-05 -0.00025712136494711899 0.00015063068396022118 -0.000249891418612858 -0.00027961203695391458 -0.0005026089260391375 -0.00015743008320534459 1.0947160804630434e-05 -5.8758898634716154e-06 -0.00025342233300542857 -0.00021261536214539818 6.0986138069425171e-06 -7.8025743602326198e-05 -9.9401711834082177e-05 -0.00058903869831624495 -0.00010957310707921769 -0.00054041852060502629 -0.00010357819449999722 6.2841028720771736e-05 -0.00024927973080730734 -0.000109915078706336 -8.6045372735609027e-05 3.8836845000954576e-05 7.2490467957558681e-05 6.3599092521566294e-05
leaf_weight=24 24 30 24 35 236 100 21 41 35 47 20 40 21 2663 27 28 109 26 42 24 20 20 34 21 20 22 23 978 2287 78
leaf_count=24 24 30 24 35 236 100 21 41 35 47 20 40 21 2663 27 28 109 26 42 24 20 20 34 21 20 22 23 978 2287 78
internal_value=0.000337079 -0.00154308 -0.00073489 -0.00465608 -0.00415978 -0.00686441 -0.00915929 -0.00792683 -0.0106934 -0.0141176 -0.0188806 0.00233488 -0.00158602 -0.000359136 -0.00235294 -0.0028125 -0.00522222 -0.00986486 -0.00294702 -0.0147917 -0.00811475 -0.0125 -0.000305466 -0.005 -0.00888889 0.000907808 0.00110951 0.0014036 0.00296986 -0.00137255
internal_weight=7120 3668 2912 756 726 354 226 205 137 102 67 3452 372 2687 68 128 225 74 151 48 61 40 311 75 54 1063 1041 1001 2389 102
internal_count=7120 3668 2912 756 726 354 226 205 137 102 67 3452 372 2687 68 128 225 74 151 48 61 40 311 75 54 1063 1041 1001 2389 102
is_linear=0
shrinkage=0.05


Tree=7
num_leaves=31
num_cat=0
split_feature=4 4 7 17 32 36 39 18 24 15 35 24 24 18 20 18 39 42 34 24 5 32 5 41 13 16 16 42 28 39
split_gain=9.57249 3.2145 1.77141 1.52489 1.49118 1.48963 1.47543 1.46178 1.9421 2.51285 1.357 2.12219 1.27842 1.60732 1.50488 1.2426 1.14065 0.845576 0.799377 0.761967 0.804267 0.752816 1.36256 1.10053 1.66311 0.950192 0.705925 0.785257 1.29073 2.23261
threshold=566.86247500000013 1658.0899700000002 -0.0048008956940984891 0.0086128670329014261 -274.55344924776722 -1522.0341078565905 1049.525714285716 -612.36999999999523 933.58405810000011 0.0066108742088089286 83636.001900000017 725.08173060000013 1373.4711535500003 -935.54999999999552 119.48500000000787 -1018.7200000000011 561.13321428571328 278.16868592450697 83372.599364456139 731.16624220000006 -0.011569395912411328 348.49387892088276 0.001596433919019577 -607.46228775748193 -0.028739540477438923 0.0067807344103761472 0.0024854388326312564 -182.97868456835207 -652.52414621088235 444.59142857142803
decision_type=2 2 2 2 2 2 2 2 2 2 2 2 2 2 2 2 2 2 2 2 2 2 2 2 2 2 2 2 2 2
left_child=10 6 5 18 -5 7 15 12 -9 -10 11 -1 13 14 -3 -2 -12 -18 -4 -7 -21 23 -23 24 -8 -26 -17 -28 29 -29
right_child=1 2 3 4 -6 19 21 8 9 -11 16 -13 -14 -15 -16 26 17 -19 -20 20 -22 22 -24 -25 25 -27 27 28 -30 -31
leaf_value=-0.00013874115792873509 -0.0002258803730674577 -0.00056188227516210229 -0.00019274682300155483 1.1575416298482642e-05 -0.00033954807805400018 -0.00015367315416930664 -0.00048755329653263628 -1.4308031790107919e-05 -0.00039239988690879525 -0.00022498204760298377 6.8888364806365029e-05 1.998279153637557e-05 9.4790805950171176e-05 2.4442205383463851e-05 -0.00022136062343367774 3.9963577863699827e-05 2.9269902714249953e-05 -0.00010441932477101919 -7.4241492084618671e-06 -0.00013263422021980153 6.6483326424522917e-05 -5.6607917676935976e-05 -0.00027217151423233877 6.3817503340606908e-05 -0.00040684267675435219 4.2151105249181856e-06 2.5709257053415297e-05 -0.00038810041188808121 -1.2097470630585626e-05 -0.00011109461254779029
leaf_weight=20 24 35 24 20 48 22 25 23 33 38 2292 138 41 30 22 315 980 22 322 21 77 36 23 53 21 67 279 23 1779 267
leaf_count=20 24 35 24 20 48 22 25 23 33 38 2292 138 41 30 22 315 980 22 322 21 77 36 23 53 21 67 279 23 1779 267
internal_value=0.000358146 -0.00142039 -0.0043254 -0.0021256 -0.00897059 -0.0069883 -0.000666209 -0.00941441 -0.0141489 -0.0182394 0.00224797 -0.00227848 -0.0059375 -0.00936782 -0.0142982 -0.000340528 0.00246509 0.00105788 -0.000780347 -0.0025 -0.000612245 -0.00455556 -0.00940678 -0.00283133 -0.00561947 -0.00238636 -0.000238453 -0.000536627 -0.000872402 -0.00396552
internal_weight=7120 3668 756 414 68 342 2912 222 94 71 3452 158 128 87 57 2687 3294 1002 346 120 98 225 59 166 113 88 2663 2348 2069 290
internal_count=7120 3668 756 414 68 342 2912 222 94 71 3452 158 128 87 57 2687 3294 1002 346 120 98 225 59 166 113 88 2663 2348 2069 290
is_linear=0
shrinkage=0.05


Tree=8
num_leaves=31
num_cat=0
split_feature=4 19 13 30 21 38 7 21 17 11 30 26 32 38 25 9 15 15 39 21 34 41 19 39 39 11 15 15 42 11
split_gain=8.65902 3.12459 1.75177 1.77309 1.31319 1.87046 1.65572 1.5181 1.31605 1.30272 1.60997 1.26257 1.18664 1.32005 1.15355 1.13587 1.11376 1.4584 0.916559 1.19657 1.13407 0.915719 0.888144 1.49026 1.54462 0.881573 0.829361 0.976953 0.820574 1.14807
threshold=570.99227000000008 1433.1149999999982 -0.028739540477438923 83955.926115313574 91.090000000003798 32.671413590005059 -0.0037172024981247487 473.11499999999802 0.0075210429975922409 -0.0042880342874748447 92943.754930764 90650.309393980555 -768.42746230667387 39.920445778508629 1.9620011231584555 0.0072321029895743121 0.0028174947053715088 0.0023811709226414213 600.29571428571433 41.849999999998552 118052.95891014625 -55.973440159233668 391.73999999999802 786.44107142857069 690.34571428571405 -0.024533786221531184 0.0014663075465426057 0.0024358697488308548 -182.97868456835207 -0.019220593031643921
decision_type=2 2 2 2 2 2 2 2 2 2 2 2 2 2 2 2 2 2 2 2 2 2 2 2 2 2 2 2 2 2
left_child=9 2 3 -2 -3 25 7 11 -8 10 16 -7 13 -12 15 -5 17 -1 19 -4 26 -22 23 24 -20 -6 -21 -28 -24 -30
right_child=1 4 18 14 5 6 8 -9 -10 -11 12 -13 -14 -15 -16 -17 -18 -19 22 20 21 -23 28 -25 -26 -27 27 -29 29 -31
leaf_value=-4.0961395467320539e-06 -0.00020559955983371443 -1.2935217662164874e-06 5.7538981626046877e-05 3.6673297006621546e-06 -0.00012698963430687998 -0.00032411711696585807 -4.172508966389195e-05 -0.00021583160756974605 -0.00048845072099092904 5.7614104709741008e-05 -3.9256955886881648e-07 -0.00011027138681622119 6.905112902412156e-05 -0.00021031698004181202 -0.00021188157623081876 -0.00058542932487496205 -1.723357173240503e-05 -0.00026739950799323985 -6.8986308259792617e-05 -0.00029926839745212036 1.4030021377527442e-05 -0.00016847725826770306 3.4849043684190953e-05 9.6949094917823055e-05 -0.00023000324868719174 5.3829672661561945e-05 6.8473871339293869e-05 -2.0414390206280358e-05 -0.00026189294637468105 -3.8056620974697393e-05
leaf_weight=35 37 79 305 119 39 21 72 26 33 2899 96 26 309 21 21 20 98 22 31 25 20 26 209 33 20 62 282 671 36 1427
leaf_count=35 37 79 305 119 39 21 72 26 33 2899 96 26 309 21 21 20 98 22 31 25 20 26 209 33 20 62 282 671 36 1427
internal_value=0.000386236 -0.00131868 -0.000834857 -0.00540609 -0.00575419 -0.00736559 -0.0104494 -0.0162329 -0.00642857 0.00216954 8.60604e-06 -0.0215957 0.00159624 -0.00269231 -0.003125 -0.00147482 -0.00435484 -0.00991228 -0.00054295 0.000447705 -0.000371094 -0.00804348 -0.00129271 -0.00630952 -0.0116667 -0.00193069 -1.02248e-05 0.000225604 -0.00104067 -0.00145933
internal_weight=7120 3640 3282 197 358 279 178 73 105 3480 581 47 426 117 160 139 155 57 3085 1329 1024 46 1756 84 51 101 978 953 1672 1463
internal_count=7120 3640 3282 197 358 279 178 73 105 3480 581 47 426 117 160 139 155 57 3085 1329 1024 46 1756 84 51 101 978 953 1672 1463
is_linear=0
shrinkage=0.05


Tree=9
num_leaves=31
num_cat=0
split_feature=4 4 7 5 36 9 9 25 39 17 32 24 41 13 35 19 5 18 21 16 24 5 30 21 28 19 34 36 7 18
split_gain=8.24855 3.129 1.64858 1.50437 1.30186 1.4206 1.47021 1.38619 1.29577 1.26338 1.30613 1.1006 1.24654 1.07642 1.30382 0.993641 0.956809 0.935162 0.814881 0.777655 0.761967 0.804267 0.761338 0.723996 0.759633 0.721735 0.738765 0.72104 0.713073 1.08661
threshold=570.99227000000008 1658.0899700000002 -0.0048008956940984891 -0.0069462703071971983 -1522.0341078565905 -0.01126654028561762 -0.0074470357724377486 1.9620011231584555 1073.359285714286 0.0086128670329014261 -274.55344924776722 928.64154790000009 -293.26396366518526 -0.0060198599399891991 83430.953975000026 1433.1149999999982 -0.0063351950972413435 -717.76999999999668 145.31999999999974 0.007282893092997361 731.16624220000006 -0.011569395912411328 109449.0017688138 23.229999999995929 -1452.832567666286 691.37999999999749 117550.19278266664 -417.63763590146112 -0.0027461713303518266 -152.49000000000521
decision_type=2 2 2 2 2 2 2 2 2 2 2 2 2 2 2 2 2 2 2 2 2 2 2 2 2 2 2 2 2 2
left_child=13 3 4 15 5 7 -7 16 23 25 -11 12 -9 14 -1 17 -3 27 -12 22 -6 -22 -15 -5 -25 -4 -27 -2 -10 -30
right_child=1 2 9 8 20 6 -8 11 28 10 18 -13 -14 19 -16 -17 -18 -19 -20 -21 21 -23 -24 24 -26 26 -28 -29 29 -31
leaf_value=-0.00010858224284136174 0.00011085560187555002 0.00018567533791005129 -0.00026623822307029766 2.6261833584748623e-05 -0.00013821773693798017 -0.00035935869000268644 -0.00012967255607696348 9.7538446973266044e-05 0.00010616217836150505 1.0562467354731236e-05 -0.00018779343519610215 -0.00019372095625942614 -0.00026541636225179842 4.4302539111806186e-05 1.9144265660822894e-05 -0.00022393653469895671 -0.00028345420562168416 -0.00013894633943265129 -0.00034611878385390048 -9.848471286844723e-05 -0.00010979665336051858 6.3074611248727319e-05 7.4160051224293045e-05 2.2050533106338724e-05 -1.3155520976231001e-05 6.8625388720025126e-06 -0.00013658874159317965 -8.5528107133118862e-05 -0.00049156501808444238 -0.00010784723497690826
leaf_weight=36 48 46 20 312 22 35 23 22 41 20 20 38 24 1600 656 22 34 31 28 36 21 77 1152 114 2153 305 21 29 24 110
leaf_count=36 48 46 20 312 22 35 23 22 41 20 20 38 24 1600 656 22 34 31 28 36 21 77 1152 114 2153 305 21 29 24 110
internal_value=0.000400281 -0.00126374 -0.00412698 -0.000513176 -0.00669591 -0.00896396 -0.0156897 -0.00658537 -0.000265069 -0.00200483 -0.00823529 -0.0110714 -0.00586956 0.0021408 0.000375723 -0.00576923 -0.001875 -0.0037963 -0.0127083 0.00257891 -0.0025 -0.000612245 0.00267442 1.74488e-05 -0.000293339 -0.000780347 -0.000214724 -0.000844156 -0.00442857 -0.00619403
internal_weight=7120 3640 756 2884 342 222 58 164 2754 414 68 84 46 3480 692 130 80 108 48 2788 120 98 2752 2579 2267 346 326 77 175 134
internal_count=7120 3640 756 2884 342 222 58 164 2754 414 68 84 46 3480 692 130 80 108 48 2788 120 98 2752 2579 2267 346 326 77 175 134
is_linear=0
shrinkage=0.05


Tree=10
num_leaves=31
num_cat=0
split_feature=19 39 35 7 21 36 17 32 20 42 20 24 25 3 13 42 4 17 19 13 5 7 2 38 4 24 22 28 22 11
split_gain=7.26305 2.65246 2.27213 2.0081 1.65435 1.56911 1.34364 1.42348 1.87929 1.31868 1.28358 1.23421 0.944841 1.05609 1.12852 1.45194 1.26855 1.67348 0.93101 1.011 0.853245 1.1006 0.826524 0.824067 1.86529 1.27246 1.29584 1.18805 1.19346 0.921614
threshold=735.03999999999371 577.8524999999994 121533.39820000001 -0.0051594907486425838 62.985000000000589 -1596.6791693666162 0.0086128670329014261 207.78865078871607 209.3299999999945 334.23003683175364 6.8549999999959264 565.9148871000001 2.3669206308883424 91415.890000000014 -0.0060198599399891991 -147.87878179645307 444.56643500000001 0.00429276078773472 965.49499999999546 0.007999300586120835 -0.0049988028464751548 -0.0055036472448107519 90315.405000000013 32.671413590005059 2215.9223250000005 646.49097660000018 1162.8680775 -512.55472188166448 1162.8680775 -0.019220593031643921
decision_type=2 2 2 2 2 2 2 2 2 2 2 2 2 2 2 2 2 2 2 2 2 2 2 2 2 2 2 2 2 2
left_child=1 4 3 5 -1 10 -5 -8 -9 20 -2 -7 13 14 15 -6 -17 -18 -13 -20 21 -3 -16 25 27 -12 -27 28 -25 -28
right_child=2 9 -4 6 12 11 7 8 -10 -11 23 18 -14 -15 22 16 17 -19 19 -21 -22 -23 -24 24 -26 26 29 -29 -30 -31
leaf_value=7.1475706170541723e-05 0.00011474755557375587 0.00014146374462536301 -0.00031118291807374383 -1.2965971200907907e-05 9.2145810422235416e-05 -0.00014260494570191744 -7.8848954965310298e-06 -2.8328431979060314e-05 -0.00044316726969206442 -0.00011213201083127444 -0.00030725604925586165 6.8990626517556031e-05 -0.00043684959915019908 4.0580865728169174e-05 3.729741941606372e-05 -1.9065354728659927e-06 -0.00011290789397161556 -0.00021364610995133439 -2.3707979354498681e-05 -0.00030057101255887676 5.7438710921251897e-06 -0.00032132181902916194 -2.7225092428393926e-05 -0.00015183019006318092 -0.00028887100952504303 3.1216228245074317e-05 -7.5170776299254629e-05 2.5537820990328136e-05 -2.9225869346096066e-05 -0.00019607657061072775
leaf_weight=1394 21 20 28 1120 26 36 58 30 36 55 30 85 21 1469 280 37 24 20 118 23 1880 28 22 31 35 62 55 28 21 27
leaf_count=1394 21 20 28 1120 26 36 58 30 36 55 30 85 21 1469 280 37 24 20 118 23 1880 28 22 31 35 62 55 28 21 27
internal_value=0.000407304 0.0013514 -0.00229393 -0.00207599 0.00222138 -0.00452797 -0.000948553 -0.0058871 -0.0109091 -9.32928e-05 -0.00693548 -0.00167939 0.00126119 0.00137913 -0.00086797 -0.00528037 -0.00858025 -0.0143182 -0.000309734 -0.00280142 0.000124482 -0.00645833 0.000695364 -0.00780277 -0.011087 -0.00563218 -0.00368056 -0.006875 -0.0113462 -0.00780488
internal_weight=7120 5276 1844 1816 3293 572 1244 124 66 1983 310 262 1899 1878 409 107 81 44 226 141 1928 48 302 289 115 174 144 80 52 82
internal_count=7120 5276 1844 1816 3293 572 1244 124 66 1983 310 262 1899 1878 409 107 81 44 226 141 1928 48 302 289 115 174 144 80 52 82
is_linear=0
shrinkage=0.05


Tree=11
num_leaves=31
num_cat=0
split_feature=4 19 35 7 17 20 32 24 5 21 2 11 21 4 18 35 21 25 21 39 39 20 13 36 11 25 26 1 1 3
split_gain=6.57318 2.4594 2.38049 1.6314 1.52006 1.62385 1.92154 1.49504 1.5407 1.17361 1.10861 1.23181 1.25882 1.13132 1.04792 1.0083 0.941959 1.02672 1.06121 1.38936 0.98255 1.59843 1.38135 0.92077 1.52904 1.70221 0.884689 0.861011 1.59978 0.887428
threshold=570.99227000000008 915.02500000000157 121533.39820000001 -0.0052606013025349651 0.0086128670329014261 231.44999999999712 348.49387892088276 486.02840440000006 0.0047847371157015714 62.985000000000589 102895.05000000002 -0.0034957550326451931 129.76000000000207 391.75523000000004 -54.764999999999411 119652.33737500002 40.839999999996515 2.8729559421663153 55.340000000003791 527.82392857142838 695.73285714285532 107.79499999999827 0.0026441457363354493 -3345.6718378789078 -0.016122585107057198 1.2227411315117787 108116.82773591763 84160.190000000017 83420.095000000016 102002.65000000001
decision_type=2 2 2 2 2 2 2 2 2 2 2 2 2 2 2 2 2 2 2 2 2 2 2 2 2 2 2 2 2 2
left_child=9 16 3 7 -5 -6 -7 -3 23 -1 11 12 13 -11 -14 -12 20 18 19 -18 -2 22 -22 24 -9 -26 -21 28 -13 -29
right_child=1 2 -4 4 5 6 -8 8 -10 10 15 27 14 -15 -16 -17 17 -19 -20 26 21 -23 -24 -25 25 -27 -28 29 -30 -31
leaf_value=6.5539536756130656e-05 6.3984807572347227e-05 -0.00020920299033110273 -0.00029126585031158343 -8.5886310668428148e-06 9.6224803996691183e-06 -0.00017710927042462611 -0.00042430490324042231 -0.00012430126585204605 -0.00016312730813326879 -0.00014810841963550875 4.6881157510128096e-05 3.6852671566854209e-05 -0.00021093810812998612 -7.2581120820017824e-05 9.9289584146169957e-05 -6.2512642389586743e-05 8.2815232475107171e-05 -0.00029553162671070219 -5.519648452630315e-06 -0.00021763419997371388 -0.0002467666229620997 3.8285931945826761e-05 -2.1640830639770954e-05 -3.4816280022908046e-05 -0.00017014704929615288 -0.00051314111634528047 -2.9493001849233193e-05 3.5247912808262018e-05 -5.8474268444818142e-05 -0.0001018073305080159
leaf_weight=1453 328 25 23 621 42 28 25 95 26 23 1353 35 47 32 59 22 43 21 1852 55 21 98 24 222 31 20 40 407 26 23
leaf_count=1453 328 25 23 621 42 28 25 95 26 23 1353 35 47 32 59 22 43 21 1852 55 21 98 24 222 31 20 40 407 26 23
internal_value=0.000400281 -0.00108516 -0.00298791 -0.0026652 -0.00121508 -0.00710526 -0.0129245 -0.0051432 -0.00439086 0.00195402 0.00117662 -0.000521472 -0.00431677 -0.0104545 -0.00113208 0.00198182 -0.000197421 -0.000668821 -0.000552764 -0.00478261 0.00181529 -0.00164336 -0.00944444 -0.00355978 -0.00664384 -0.0136275 -0.00815789 0.000723014 -0.00483607 0.00151163
internal_weight=7120 3640 1158 1135 716 95 53 419 394 3480 2027 652 161 55 106 1375 2482 2011 1990 138 471 143 45 368 146 51 95 491 61 430
internal_count=7120 3640 1158 1135 716 95 53 419 394 3480 2027 652 161 55 106 1375 2482 2011 1990 138 471 143 45 368 146 51 95 491 61 430
is_linear=0
shrinkage=0.05


Tree=12
num_leaves=31
num_cat=0
split_feature=4 19 35 7 16 4 17 39 27 34 9 11 11 30 36 13 22 35 0 5 32 39 24 13 35 5 42 22 7 9
split_gain=6.38566 2.20788 2.41937 1.49417 1.3958 1.16623 1.14746 1.36702 1.39431 1.27047 1.29965 1.77572 2.72806 1.00873 1.29645 1.11164 1.01517 1.03616 0.885204 0.881436 0.875758 0.863272 1.03934 0.825 0.73102 1.07679 1.0116 1.71987 1.4001 1.40249
threshold=566.86247500000013 915.02500000000157 121533.39820000001 -0.0052606013025349651 0.011365094999951114 234.65686500000001 0.0030817602300634859 602.92428571428502 105328.14250000003 103955.38847299032 -0.01313652205132502 -0.0017353810045622859 -0.016122585107057198 109602.2544631622 580.60192822963302 0.021105291149608661 280.84092449999997 83347.913825000011 108994.18500000001 -0.0074569372507720293 348.49387892088276 858.05035714285793 949.58129260000021 -0.0058500321962952012 104229.18130000003 0.0031150806619660381 183.405010647034 851.94484800000009 -0.0025438628313193862 0.0021674063729918034
decision_type=2 2 2 2 2 2 2 2 2 2 2 2 2 2 2 2 2 2 2 2 2 2 2 2 2 2 2 2 2 2
left_child=5 24 3 6 -5 -1 -3 -8 9 10 19 12 -12 14 15 16 -7 23 -19 -9 -6 -15 -23 -18 25 26 -2 -28 -29 -30
right_child=1 2 -4 4 20 13 7 8 -10 -11 11 -13 -14 21 -16 -17 17 18 -20 -21 -22 22 -24 -25 -26 -27 27 28 29 -31
leaf_value=7.832211148075113e-05 -3.8658534688992777e-05 -0.00016567858145727303 -0.00027670255779600425 -2.7882264882600376e-05 -7.8023890569560298e-05 -8.6059280064386623e-05 4.8038904686263711e-05 5.5171767166575144e-05 -3.4519967747844743e-05 -0.00019076935936220886 -1.8920318986556758e-05 2.0572843888630464e-06 -0.00045762029781270879 5.5394171785865642e-05 4.5114402515520205e-05 -9.5061679478585312e-05 -0.00012393697429445959 1.9405412423755379e-05 -0.00010223712330847677 -0.00018544110884069015 -0.00041014426771588097 -7.1844720793418115e-05 2.7489700725380519e-05 -2.4092949306554043e-05 1.1578989870897899e-05 1.8431630645694947e-05 -0.00033868197274642743 8.9181715392075412e-05 -9.6494559958939868e-05 -4.5439497074590774e-05
leaf_weight=736 843 35 23 672 24 22 55 65 112 29 22 28 36 1047 725 25 20 770 31 37 20 25 27 24 1259 263 24 36 29 56
leaf_count=736 843 35 23 672 24 22 55 65 112 29 22 28 36 1047 725 25 20 770 31 37 20 25 27 24 1259 263 24 36 29 56
internal_value=0.000400281 -0.00105234 -0.00285838 -0.00253304 -0.00114525 0.0019438 -0.00490453 -0.00411458 -0.00533435 -0.00767281 -0.00617021 -0.0106977 -0.0156897 0.00146539 0.000670996 -0.000605381 -0.000305651 -2.95856e-05 0.000380774 -0.00235294 -0.00977273 0.00263421 -0.00365385 -0.0075 -0.000219123 -0.00107514 -0.00183198 -0.00568965 -0.00326446 -0.00676471
internal_weight=7120 3668 1158 1135 716 3452 419 384 329 217 188 86 58 2716 1617 892 867 845 801 102 44 1099 52 44 2510 1251 988 145 121 85
internal_count=7120 3668 1158 1135 716 3452 419 384 329 217 188 86 58 2716 1617 892 867 845 801 102 44 1099 52 44 2510 1251 988 145 121 85
is_linear=0
shrinkage=0.05


Tree=13
num_leaves=31
num_cat=0
split_feature=4 19 35 21 27 17 7 17 20 21 5 24 36 11 25 38 35 39 30 11 41 23 1 5 41 40 28 21 11 9
split_gain=5.69026 1.82589 1.87667 1.25085 1.28574 1.19501 1.1878 1.08537 1.68539 2.01785 1.06567 0.908105 0.960079 1.68269 1.70221 0.92012 0.886515 0.712336 0.700338 1.08131 1.1509 1.0429 0.68872 1.07786 1.30657 1.70372 1.34476 2.68254 1.56664 1.02378
threshold=566.86247500000013 915.02500000000157 121533.39820000001 62.985000000000589 84093.743500000026 0.004050780547377497 -0.0052606013025349651 0.0086128670329014261 231.44999999999712 178.61499999999799 0.0047847371157015714 486.02840440000006 -3345.6718378789078 -0.016122585107057198 1.2227411315117787 32.179731073330835 119652.33737500002 336.24428571428513 109691.94180231112 -0.0031826548024240981 -136.64854630848683 -0.71124285650588204 93406.695000000022 0.0023824322235265834 84.512829161797825 97.821315830726249 -300.74286039399152 56.694999999999716 -0.0026392322472563864 0.0072321029895743121
decision_type=2 2 2 2 2 2 2 2 2 2 2 2 2 2 2 2 2 2 2 2 2 2 2 2 2 2 2 2 2 2
left_child=3 17 6 -1 5 -5 10 -8 -9 -10 11 -3 13 15 -15 -13 18 -2 19 20 21 -6 23 24 25 26 27 -19 -29 -28
right_child=1 2 -4 4 16 -7 7 8 9 -11 -12 12 -14 14 -16 -17 -18 22 -20 -21 -22 -23 -24 -25 -26 -27 29 28 -30 -31
leaf_value=5.9694134159669317e-05 7.8024870379562691e-05 -0.00019045891174168395 -0.00026286742990620408 -6.1523477567270438e-05 1.3529469571769162e-05 -1.395251826796604e-05 -6.7650862693706463e-06 1.6135814706065764e-05 -0.00013792261826529065 -0.00055128122729438788 -0.0001388944080672436 5.9120987562835941e-06 -1.501553677532169e-05 -0.00016174256002332891 -0.00048364256108924505 -0.00015990593133062786 -5.5794774230436518e-05 -0.00046058722878218676 5.2000838890056721e-05 3.378000728139448e-05 1.1795304149224502e-07 -0.00013896490919528128 3.8358541408052506e-06 1.8130972138560976e-05 -7.471332595480502e-06 -0.00018420937259053277 9.9010085065277443e-05 -4.0021699543064956e-05 -0.00027683299212069812 -0.00021130029117247186
leaf_weight=1445 98 25 23 23 29 70 621 42 27 26 26 69 222 31 20 26 22 24 790 826 204 43 1604 240 288 24 65 116 28 23
leaf_count=1445 98 25 23 23 29 70 621 42 27 26 26 69 222 31 20 26 22 24 790 826 204 43 1604 240 288 24 65 116 28 23
internal_value=0.000414326 -0.000956925 -0.00259931 0.00187138 0.00106378 -0.00467742 -0.00231278 -0.00107542 -0.00605263 -0.0119811 -0.00442721 -0.00377863 -0.00315217 -0.00630137 -0.0136275 -0.00236842 0.00134274 -0.000199203 0.00145877 0.000644283 -0.00206522 -0.0075 -0.000368988 -0.00155941 -0.00274648 -0.00517857 -0.00398437 -0.00660714 -0.00402778 0.00102273
internal_weight=7120 3668 1158 3452 2007 93 1135 716 95 53 419 393 368 146 51 95 1914 2510 1892 1102 276 72 2412 808 568 280 256 168 144 88
internal_count=7120 3668 1158 3452 2007 93 1135 716 95 53 419 393 368 146 51 95 1914 2510 1892 1102 276 72 2412 808 568 280 256 168 144 88
is_linear=0
shrinkage=0.05


Tree=14
num_leaves=31
num_cat=0
split_feature=4 19 35 7 4 17 20 21 5 30 36 35 9 40 24 36 11 25 38 39 24 21 25 21 39 39 20 15 26 21
split_gain=5.47774 1.84839 1.35369 1.1878 1.12157 1.08537 1.68539 2.01785 1.06567 0.93698 1.01649 1.5858 1.00136 0.961843 0.908105 0.960079 1.68269 1.70221 0.92012 0.824155 1.04291 0.79248 1.04538 1.11224 1.38936 0.92316 1.17552 1.21 0.884689 0.750649
threshold=570.99227000000008 915.02500000000157 121533.39820000001 -0.0052606013025349651 182.42790500000004 0.0086128670329014261 231.44999999999712 178.61499999999799 0.0047847371157015714 109691.94180231112 400.28738000865275 83347.913825000011 0.00055573818023880149 422.0268619475101 486.02840440000006 -3345.6718378789078 -0.016122585107057198 1.2227411315117787 32.179731073330835 858.05035714285793 834.05991590000008 40.839999999996515 2.8729559421663153 55.340000000003791 527.82392857142838 695.73285714285532 107.79499999999827 0.005100042453075355 108116.82773591763 48.399999999994186
decision_type=2 2 2 2 2 2 2 2 2 2 2 2 2 2 2 2 2 2 2 2 2 2 2 2 2 2 2 2 2 2
left_child=4 21 3 8 -1 -5 -7 -8 14 10 11 12 -6 -13 -3 16 18 -18 -16 -11 -21 25 23 24 -23 -2 27 -27 29 -26
right_child=1 2 -4 5 9 6 7 -9 -10 19 -12 13 -14 -15 15 -17 17 -19 -20 20 -22 22 -24 -25 28 26 -28 -29 -30 -31
leaf_value=9.2184900484383562e-05 5.9883872151947405e-05 -0.00018093596615459975 -0.00024972405841089385 -6.4268319559021113e-06 -0.00011586287026762491 1.53290239707625e-05 -0.0001310264873520261 -0.00052371716592966859 -0.00013194968766388142 5.2783481011345412e-05 3.5596195014930388e-05 6.3314110992020603e-06 -3.248313588962319e-05 -7.2398247665656572e-05 5.6164938184694466e-06 -1.4264759936555582e-05 -0.00015365543202216245 -0.0004594604330347828 -0.00015191063476409643 -5.6039761861975054e-05 2.2781756200786327e-05 7.4936168233371897e-05 -0.0002815257875757522 -3.0496119677625133e-06 -0.00012616473331087796 -0.00014043667878935775 3.6960802744670078e-05 -1.9680275169355182e-05 -2.8789093957356725e-05 -0.00023683069273249498
leaf_weight=372 328 25 23 621 23 42 27 26 26 1203 886 892 22 29 69 222 31 20 26 20 33 43 21 1852 35 20 98 25 40 20
leaf_count=372 328 25 23 621 23 42 27 26 26 1203 886 892 22 29 69 222 31 20 26 20 33 43 21 1852 35 20 98 25 40 20
internal_value=0.000449438 -0.000906593 -0.00255613 -0.00231278 0.00186782 -0.00107542 -0.00605263 -0.0119811 -0.00442721 0.00155727 0.000842333 -0.000279503 -0.00944444 0.000168296 -0.00377863 -0.00315217 -0.00630137 -0.0136275 -0.00236842 0.00261147 -0.00349057 -0.000136986 -0.000569368 -0.000452261 -0.00478261 0.00170913 -0.00164336 -0.00833333 -0.00815789 -0.0122727
internal_weight=7120 3640 1158 1135 3480 716 95 53 419 3108 1852 966 45 921 393 368 146 51 95 1256 53 2482 2011 1990 138 471 143 45 95 55
internal_count=7120 3640 1158 1135 3480 716 95 53 419 3108 1852 966 45 921 393 368 146 51 95 1256 53 2482 2011 1990 138 471 143 45 95 55
is_linear=0
shrinkage=0.05


Tree=15
num_leaves=31
num_cat=0
split_feature=4 39 23 24 23 22 38 42 21 16 21 34 3 21 25 17 15 39 15 15 40 34 16 38 28 28 42 34 19 4
split_gain=5.11373 1.82864 1.76699 1.27025 1.53046 1.47846 1.40942 1.75929 1.75855 1.17836 1.03276 0.953967 0.902447 0.886146 0.857143 0.85066 0.838038 1.55866 1.03667 0.994517 0.97156 0.817368 1.17681 0.904348 1.03122 1.57401 0.927566 0.932144 0.848755 0.854297
threshold=466.77585000000005 577.8524999999994 1.4396931287914658 912.62431050000009 3.2607228082727002 637.1752580000001 32.179731073330835 28.801352514761877 270.26500000000675 0.0066107960805317023 62.985000000000589 118799.68909313226 83110.025000000009 200.00499999999741 1.8933119498614481 0.003779189137519799 0.0025403167816408947 471.23392857142818 0.0032505470074151578 0.0015862202577433583 43.436040590975615 104126.39080039413 0.0039935716702378396 81.509599299146501 -1045.5465315124964 -1136.598934200774 -92.310683981504013 84267.368885727614 332.66500000000093 2939.5172400000006
decision_type=2 2 2 2 2 2 2 2 2 2 2 2 2 2 2 2 2 2 2 2 2 2 2 2 2 2 2 2 2 2
left_child=10 12 21 5 6 -4 9 14 -9 -5 -1 -12 -2 -14 -8 -7 19 18 20 -15 -18 22 -3 24 25 26 27 -24 -26 -30
right_child=1 2 3 4 -6 15 7 8 -10 -11 11 -13 13 16 -16 -17 17 -19 -20 -21 -22 -23 23 -25 28 -27 -28 -29 29 -31
leaf_value=5.9617298711705831e-05 -0.00014534266183599675 -9.6983488404668233e-05 -0.00021402460311625477 2.6135938022704751e-05 8.8179257639651875e-06 -9.1919012598112927e-05 -0.00049468225771906514 5.7065886666009782e-05 -0.00039842662709193687 -0.00016304439200924895 2.9295742226461319e-05 -5.0706403382996248e-05 2.845534809101205e-05 -0.00018559264239737785 -0.00032169620007151833 2.1155439338081299e-05 -0.00026744950136801206 -2.7328529577809555e-06 9.5771921697628513e-05 6.368005749987712e-05 -0.00013143143553 7.5927089304289232e-07 -0.00010583087861622763 -0.00012057360320649734 -0.00026221516975616734 -0.00048861672415853087 -0.00034630311231689944 6.7180433680059577e-06 4.8053115119540025e-06 -0.00029758077998099936
leaf_weight=1226 38 84 34 29 33 59 21 23 26 20 1505 21 1109 23 21 92 21 186 21 157 29 1211 32 40 24 20 32 141 812 30
leaf_count=1226 38 84 34 29 33 59 21 23 26 20 1505 21 1109 23 21 92 21 186 21 157 29 1211 32 40 24 20 32 141 812 30
internal_value=0.000477528 -0.00058608 -0.00135776 -0.00463687 -0.00771676 -0.00175676 -0.01 -0.0136813 -0.0072449 -0.00316327 0.0021657 0.00129751 0.000770202 0.000957309 -0.0211905 0.000364239 -0.000949657 -0.0027821 -0.00908451 0.00166667 -0.013 -0.000873866 -0.00179012 -0.00136605 -0.00109533 -0.00411111 -0.00280488 -0.00135838 -0.000311778 -4.75058e-05
internal_weight=7120 4368 2784 358 173 185 140 91 49 49 2752 1526 1584 1546 42 151 437 257 71 180 50 2426 1215 1131 1091 225 205 173 866 842
internal_count=7120 4368 2784 358 173 185 140 91 49 49 2752 1526 1584 1546 42 151 437 257 71 180 50 2426 1215 1131 1091 225 205 173 866 842
is_linear=0
shrinkage=0.05


Tree=16
num_leaves=31
num_cat=0
split_feature=4 4 39 23 40 24 11 39 20 22 9 11 36 31 5 18 16 40 23 31 7 34 17 20 2 3 19 19 15 19
split_gain=4.28136 1.25713 1.13934 1.07489 0.992015 1.31538 1.5518 1.34762 1.27647 1.28042 0.988034 2.26041 0.959689 1.3487 1.1502 1.21917 1.29117 1.06522 0.980562 1.20254 0.932817 0.932602 1.1092 1.22644 0.984982 1.47896 2.09221 0.889815 0.880694 1.41768
threshold=570.99227000000008 279.79742500000003 602.92428571428502 0.87988221215805174 -1139.8494181406202 1078.2294983000002 -0.00094370928001903892 640.79392857142909 135.38500000000207 1213.3310152500001 0.011685693049826232 -0.0080951525493082651 651.09340664956119 109343.79940000002 -0.00034748679807123745 -93.455000000001732 0.0050487197130616645 -111.27318821063817 0.51455890507503688 108566.65960000003 0.0066769132612132095 117891.60424465391 0.0026084064252631062 116.52499999999419 111015.955 109597.42000000001 685.91500000000099 1335.840000000004 0.0033711046141740868 393.65500000000617
decision_type=2 2 2 2 2 2 2 2 2 2 2 2 2 2 2 2 2 2 2 2 2 2 2 2 2 2 2 2 2 2
left_child=1 -1 21 28 -5 6 7 -6 -7 27 11 -11 13 14 15 18 17 -17 19 -3 -16 24 -23 -24 25 -2 -27 -10 29 -4
right_child=2 12 3 4 5 8 -8 -9 9 10 -12 -13 -14 -15 20 16 -18 -19 -20 -21 -22 22 23 -25 -26 26 -28 -29 -30 -31
leaf_value=6.5019887832224591e-05 5.9946594123837348e-06 4.2075562514636472e-06 -0.0001976259714470601 0.0001113198287783299 -0.00041610601475962388 6.0211027692630309e-06 1.0665829137253437e-05 -0.00010913763373512187 -0.00027961613481375787 -0.00012131308289435036 -0.00030518829141560721 -0.00037935862718172062 3.284703922801847e-05 3.3169225334686451e-05 2.5047249455200155e-05 7.1231662368237783e-05 -0.00010855181184044566 -6.1367779211285228e-05 -0.00018688242233305585 -9.4176940820657072e-05 -4.6951717309482745e-05 3.0429673088139254e-05 4.1371255962042923e-05 -0.00015760550176898525 4.3295447693915229e-05 7.6446682325291787e-05 -0.0001722146359386074 4.2979623662208495e-05 -1.0639514451806434e-05 -4.4382598203564378e-05
leaf_weight=1100 910 234 25 32 23 35 138 128 30 29 20 23 1072 514 430 23 20 23 20 24 20 36 21 32 351 31 22 24 1533 197
leaf_count=1100 910 234 25 32 23 35 138 128 30 29 20 23 1072 514 430 23 20 23 20 24 20 36 21 32 351 31 22 24 1533 197
internal_value=0.000484551 0.00173851 -0.000714286 -0.00141484 -0.00350622 -0.00411111 -0.00209343 -0.00559603 -0.00773292 -0.0100794 -0.0144444 -0.0180769 0.00109244 0.000183486 -0.00110831 -0.00328488 -0.00939394 -0.00478261 -0.00183453 -0.00100775 0.000555556 0.000402709 -0.00455056 -0.00915094 0.000738204 -8.82656e-05 -0.00820755 -0.00425926 -0.000840456 -0.00378378
internal_weight=7120 3480 3640 2237 482 450 289 151 161 126 72 52 2380 1308 794 344 66 46 278 258 450 1403 89 53 1314 963 53 54 1755 222
internal_count=7120 3480 3640 2237 482 450 289 151 161 126 72 52 2380 1308 794 344 66 46 278 258 450 1403 89 53 1314 963 53 54 1755 222
is_linear=0
shrinkage=0.05


Tree=17
num_leaves=31
num_cat=0
split_feature=4 39 23 4 23 22 41 36 22 20 21 18 0 41 35 34 4 19 28 27 19 11 21 34 40 4 42 0 16 41
split_gain=4.05659 1.55448 1.39925 1.04138 0.933492 1.10386 1.33413 1.27424 1.19714 1.04606 0.907478 1.01743 0.866246 0.845444 0.760323 1.07178 1.32234 1.67832 1.03116 0.937319 0.941176 0.75762 0.810464 1.07135 1.58169 0.754568 1.75072 0.820958 1.05214 2.34472
threshold=466.77585000000005 577.8524999999994 1.4396931287914658 182.42790500000004 3.4831265429733933 1109.3921607500004 -401.55033159448647 -380.86977376524004 656.9265815 163.31999999999974 62.985000000000589 13.785000000003494 82692.780000000013 54.089363542166765 95300.468475000016 89044.294462816411 318.00042000000002 368.69000000000239 -763.43360143290181 84639.376500000028 323.15999999999627 0.0180215075006789 34.36499999999797 118052.95891014625 -89.468602846434791 485.66567000000003 -48.492133314157101 93258.460000000006 0.0040960723910883354 12.29437105274347
decision_type=2 2 2 2 2 2 2 2 2 2 2 2 2 2 2 2 2 2 2 2 2 2 2 2 2 2 2 2 2 2
left_child=3 12 25 -1 5 8 -7 -8 -4 13 -5 14 -2 -10 15 19 -17 -18 -16 20 -12 22 -14 -24 -25 26 -3 28 29 -27
right_child=1 2 4 10 -6 6 7 -9 9 -11 11 -13 21 -15 18 16 17 -19 -20 -21 -22 -23 23 24 -26 27 -28 -29 -30 -31
leaf_value=8.2859873957230086e-05 -0.00036393183676792276 -0.00014293715893228491 -0.000189123218887481 4.8695445381746939e-05 1.0063279993684666e-05 -0.00011795681427874946 -0.00036039069445022506 -0.00010935953323220299 -0.00013319985107749683 1.0047333583596742e-05 -4.0536465846963102e-05 3.4882844554906277e-05 5.5250659572147287e-05 2.8631197476234859e-05 -7.0811272297541323e-05 3.7431007790019149e-06 -0.00010936450010112149 -3.1865334818397854e-05 2.6820147350116779e-05 5.2091185334987279e-05 0.00010326316147141015 -0.000216251877745615 1.3693455395509904e-05 2.9590410784422109e-05 -0.00016409132041482876 1.6904486002004509e-05 1.4369495449228159e-05 2.526168365440034e-06 -3.8030653724051651e-05 -0.00014222024876302724
leaf_weight=372 21 26 33 989 52 45 33 27 37 107 34 639 292 24 24 39 30 22 515 54 34 29 1196 22 24 25 49 1448 847 31
leaf_count=372 21 26 33 989 52 45 33 27 37 107 34 639 292 24 24 39 30 22 515 54 34 29 1196 22 24 25 49 1448 847 31
internal_value=0.000498596 -0.000448718 -0.0011602 0.00200218 -0.00407821 -0.00513072 -0.00928571 -0.0141667 -0.0029602 -0.00125 0.00161765 0.000794393 0.000801768 -0.00647541 -0.000452127 -0.00298122 -0.00708791 -0.0123077 0.00054731 8.19674e-05 -0.00382353 0.0009373 0.00108866 0.000531401 -0.00695652 -0.000729596 -0.00566667 -0.000572097 -0.00175526 -0.00839286
internal_weight=7120 4368 2784 2752 358 306 105 60 201 168 2380 1391 1584 61 752 213 91 52 539 122 68 1563 1534 1242 46 2426 75 2351 903 56
internal_count=7120 4368 2784 2752 358 306 105 60 201 168 2380 1391 1584 61 752 213 91 52 539 122 68 1563 1534 1242 46 2426 75 2351 903 56
is_linear=0
shrinkage=0.05


Tree=18
num_leaves=31
num_cat=0
split_feature=39 19 23 25 17 42 11 31 9 11 13 39 36 40 20 40 17 41 2 17 38 42 42 42 1 34 0 11 13 28
split_gain=3.92257 1.7642 1.24858 1.05634 1.1114 1.00466 1.63093 0.876622 1.06574 0.874654 1.14056 1.00668 0.867247 1.50509 1.05026 0.834723 1.73888 1.98616 0.899351 1.03704 0.79074 0.773114 0.757439 0.979086 0.874626 1.13136 1.02038 0.989519 0.954498 0.91432
threshold=602.92428571428502 411.51000000000209 0.87988221215805174 0.77401421716579044 0.0089402227091251903 79.784131733820743 -0.0080951525493082651 83710.381100000013 -0.00282574458908716 -0.0004432188760427165 0.0013461561156430405 646.91285714285459 -3345.6718378789078 -759.74061004880048 197.1650000000009 -1139.8494181406202 0.0064131263258009373 -1099.4284385315789 80089.590000000011 0.0089402227091251903 59.96428220173911 210.71895481640982 -147.87878179645307 -140.50588728973722 112986.44000000002 118727.99403156167 112362.03500000002 0.0180215075006789 0.012494911800507052 887.09219578390196
decision_type=2 2 2 2 2 2 2 2 2 2 2 2 2 2 2 2 2 2 2 2 2 2 2 2 2 2 2 2 2 2
left_child=1 7 15 5 9 6 -4 8 -1 10 11 -5 13 -13 -15 16 17 -2 19 -17 -20 -9 -3 -24 26 -26 27 28 29 -25
right_child=2 22 3 4 -6 -7 -8 21 -10 -11 -12 12 -14 14 -16 18 -18 -19 20 -21 -22 -23 23 24 25 -27 -28 -29 -30 -31
leaf_value=-6.3724894387273513e-05 -0.0003324496334946805 3.2194471777078521e-05 -4.3786446898143875e-05 -0.00025954568567169235 -0.00027445687679827029 -5.0522288697058776e-06 -0.00044551224017242634 4.6400370098862807e-05 3.2784786657807982e-05 8.1238794308984025e-06 -0.00017755092516966907 9.0220172100177476e-06 5.2936320904561993e-05 -0.00034134397682498058 -6.7308106807168538e-05 -0.00024615238877152146 -1.7659138177751513e-05 2.5098673567222108e-06 9.2583192635340179e-06 3.2704944191774022e-06 -1.8150825246050448e-05 -8.7543693081537026e-05 -0.00013755826617644362 -8.0866557203555704e-06 3.4112391648794255e-05 -0.00014189489224652826 -0.00017613441551254567 -0.00020599181220374497 5.4751320999637148e-05 -6.9733935235685097e-05
leaf_weight=20 24 168 22 23 22 25 21 2142 77 159 20 56 82 27 25 27 95 23 1626 36 795 21 28 877 418 21 26 27 160 27
leaf_count=20 24 168 22 23 22 25 21 2142 77 159 20 56 82 27 25 27 95 23 1626 36 795 21 28 877 418 21 26 27 160 27
internal_value=0.000477528 0.00151047 -0.000855856 -0.00319502 -0.00224638 -0.00897059 -0.0136047 0.00243363 -0.00221649 -0.00163265 -0.00358369 -0.00251174 -0.00131579 -0.00425926 -0.0103846 -0.000426504 -0.00415493 -0.0120213 -0.000213365 -0.00611111 -5.98924e-05 0.00264216 0.000319635 -1.89392e-05 0.000147815 0.00203872 -0.000595344 -0.000362053 -0.00012218 -0.000752212
internal_weight=7120 4012 3108 482 414 68 43 2260 97 392 233 213 190 108 52 2626 142 47 2484 63 2421 2163 1752 1584 1556 439 1117 1091 1064 904
internal_count=7120 4012 3108 482 414 68 43 2260 97 392 233 213 190 108 52 2626 142 47 2484 63 2421 2163 1752 1584 1556 439 1117 1091 1064 904
is_linear=0
shrinkage=0.05


Tree=19
num_leaves=31
num_cat=0
split_feature=39 19 23 25 17 42 11 2 20 31 9 11 13 39 21 42 13 25 5 36 41 42 13 21 16 13 21 20 16 1
split_gain=3.42486 1.5496 1.22383 1.09463 1.13608 1.00466 1.63093 0.830532 0.9 0.827288 1.06574 0.798353 1.18384 1.05508 0.761772 0.908153 0.94704 0.936843 1.39893 0.753504 1.51125 0.750814 0.756803 0.860502 0.809138 1.19853 0.939155 0.664866 0.62451 0.619698
threshold=602.92428571428502 411.51000000000209 0.87988221215805174 0.77401421716579044 0.0089402227091251903 79.784131733820743 -0.0080951525493082651 78457.170000000013 231.44999999999712 83710.381100000013 -0.00282574458908716 -0.0004432188760427165 0.0013461561156430405 646.91285714285459 35.975000000005828 -147.87878179645307 -0.016647450730058248 2.7173500964058377 0.00054815593223718007 -3345.6718378789078 -293.26396366518526 210.71895481640982 -0.00127810408296656 75.434999999997686 0.003226253972606449 -0.0046008671634109244 90.45000000000438 75.805000000007581 0.0039774241509138259 112986.44000000002
decision_type=2 2 2 2 2 2 2 2 2 2 2 2 2 2 2 2 2 2 2 2 2 2 2 2 2 2 2 2 2 2
left_child=1 9 7 5 11 6 -4 8 -2 10 -1 12 13 -5 -3 -16 -17 29 -19 20 -15 22 23 -11 26 28 27 -25 -26 -18
right_child=2 14 3 4 -6 -7 -8 -9 -10 21 -12 -13 -14 19 15 16 17 18 -20 -21 -22 -23 -24 24 25 -27 -28 -29 -30 -31
leaf_value=-6.0538649667909837e-05 -0.00012277362847690321 4.2239484696005838e-05 -4.1597124553236677e-05 -0.00024656840138810772 -0.00026073403295835679 -4.7996174262205759e-06 -0.00042323662816380505 -5.7114023606328092e-06 -8.2578859099119417e-06 4.133145739396934e-05 3.1145547324917607e-05 7.7176854593534818e-06 -0.00016867337891118559 -2.411438871201031e-06 2.5849893370322746e-05 -0.0003333569605204809 -1.4928707977533742e-05 -0.00019934917546727242 4.2355059789812976e-05 5.0289504859333917e-05 -0.0002963810794812977 -8.3166508427460163e-05 5.3188569879476826e-05 4.1405950061779771e-05 -7.7707677244439409e-05 -0.00016761709370984946 4.5609382488923451e-05 -0.00021285362158169355 8.0046844081564571e-05 2.8432469135104247e-05
leaf_weight=20 20 348 22 23 22 25 21 2586 20 427 77 159 20 78 142 22 850 32 35 82 30 21 1397 21 34 27 190 20 26 323
leaf_count=20 20 348 22 23 22 25 21 2586 20 427 77 159 20 78 142 22 850 32 35 82 30 21 1397 21 34 27 190 20 26 323
internal_value=0.000470506 0.00143569 -0.000775418 -0.00309129 -0.0021256 -0.00897059 -0.0136047 -0.000350343 -0.0075 0.00230089 -0.00221649 -0.0015051 -0.0033691 -0.002277 0.000319635 -0.00019943 -0.00062599 -0.000443548 -0.00619403 -0.00105263 -0.0037963 0.00250347 0.00259571 0.00130872 -0.000660377 -0.00477011 0.000887446 -0.00597561 -0.000833333 -0.000115089
internal_weight=7120 4012 3108 482 414 68 43 2626 40 2260 97 392 233 213 1752 1404 1262 1240 67 190 108 2163 2142 745 318 87 231 41 60 1173
internal_count=7120 4012 3108 482 414 68 43 2626 40 2260 97 392 233 213 1752 1404 1262 1240 67 190 108 2163 2142 745 318 87 231 41 60 1173
is_linear=0
shrinkage=0.05


Tree=20
num_leaves=31
num_cat=0
split_feature=39 19 23 25 17 31 9 42 11 42 42 34 1 22 11 21 41 11 3 35 11 13 39 36 41 30 20 19 17 2
split_gain=3.41855 1.64481 1.07724 0.906907 1.16104 0.860019 1.06574 0.827852 1.25662 0.743956 0.985767 0.762926 0.974078 1.05685 1.12625 0.931995 1.17633 0.928748 0.784957 1.16298 0.725534 1.22793 0.689293 0.753504 1.51125 0.653908 1.14824 0.966376 0.720935 0.682192
threshold=602.92428571428502 411.51000000000209 0.87988221215805174 0.77401421716579044 0.0089402227091251903 83710.381100000013 -0.00282574458908716 79.784131733820743 -0.0080951525493082651 -147.87878179645307 -140.50588728973722 118727.99403156167 112986.44000000002 733.50219175000018 0.016953409846224513 141.65000000000148 337.63366598917662 -0.0090588325575785295 108834.81500000002 111737.69842500001 -0.0004432188760427165 0.0013461561156430405 646.91285714285459 -3345.6718378789078 -293.26396366518526 90738.163469622392 548.3050000000004 1335.840000000004 0.003827404755799665 78457.170000000013
decision_type=2 2 2 2 2 2 2 2 2 2 2 2 2 2 2 2 2 2 2 2 2 2 2 2 2 2 2 2 2 2
left_child=1 5 25 7 20 6 -1 8 -4 -3 -11 12 13 14 15 17 18 -12 -17 -20 21 22 -5 24 -24 26 28 -28 -2 -30
right_child=2 9 3 4 -6 -7 -8 -9 -10 10 11 -13 -14 -15 -16 16 -18 -19 19 -21 -22 -23 23 -25 -26 -27 27 -29 29 -31
leaf_value=-5.7511717184514357e-05 -0.0001095837810831829 2.9292253519708461e-05 -3.9517268325574848e-05 -0.00023423998131870231 -0.00024769733131043895 4.0391997141473422e-05 2.9588269958671715e-05 -4.5596365549095463e-06 -0.00040207479675561481 -0.00011401250484159738 -0.00016865556233278917 -0.00013632072421502017 3.0985148609599333e-05 3.3957408508924564e-05 -0.00019668460867190157 -1.5919071371297477e-05 -9.8522504626213499e-05 2.321539000924708e-05 -0.00020121064855735426 -4.5020436854052132e-06 7.3318011863858173e-06 -0.00016023970996562631 -2.2908669276410023e-06 4.7775029616367202e-05 -0.00028156202550723279 5.0454321809059613e-06 -0.0011104277699410458 -0.00021587519315867355 -0.00015206395230569426 -1.0287144334981805e-05
leaf_weight=20 24 168 22 23 22 2163 77 25 21 28 31 21 418 347 23 234 36 384 28 34 159 20 78 82 30 1800 20 21 36 725
leaf_count=20 24 168 22 23 22 2163 77 25 21 28 31 21 418 347 23 234 36 384 28 34 159 20 78 82 30 1800 20 21 36 725
internal_value=0.000533708 0.00149801 -0.000711068 -0.00288382 -0.00200483 0.00238938 -0.00221649 -0.00823529 -0.0124419 0.000348174 1.26264e-05 0.000179949 0.000309446 -0.000461056 -0.00149351 -0.00115796 -0.00313253 0.000421687 -0.00209459 -0.00709677 -0.00137755 -0.00315451 -0.00204225 -0.00105263 -0.0037963 -0.000312262 -0.001477 -0.00963415 -0.00105096 -0.000781866
internal_weight=7120 4012 3108 482 414 2260 97 68 43 1752 1584 1556 1535 1117 770 747 332 415 296 62 392 233 213 190 108 2626 826 41 785 761
internal_count=7120 4012 3108 482 414 2260 97 68 43 1752 1584 1556 1535 1117 770 747 332 415 296 62 392 233 213 190 108 2626 826 41 785 761
is_linear=0
shrinkage=0.05


Tree=21
num_leaves=31
num_cat=0
split_feature=4 39 23 21 25 24 22 38 21 21 24 9 3 35 36 18 23 32 19 5 4 36 15 24 0 21 24 41 20 39
split_gain=3.38437 1.76433 1.14899 1.09196 0.908032 0.907171 1.31511 1.02574 1.18393 1.27264 2.13936 1.20536 0.902346 1.02893 1.54435 0.867223 0.884298 0.836995 1.91107 0.796692 0.745587 0.703926 1.51937 0.702878 0.692083 0.675071 0.746482 1.20984 0.739796 0.660929
threshold=279.79742500000003 577.8524999999994 1.4396931287914658 62.134999999994768 1.3536857264478759 912.62431050000009 656.9265815 27.297649092370985 82.899999999994193 411.61000000000064 1160.3902103000003 -0.0093421862256933674 93795.510000000024 118132.23042500002 454.5676939568512 460.90499999999889 0.63267922858279135 -80.396772376196154 307.16000000000355 -0.00034748679807123745 290.68718500000006 2226.3544291447838 0.003294471456524855 771.68950610000013 117113.395 367.84500000000122 592.10189030000004 20.816742070761432 183.59500000000119 406.90500000000048
decision_type=2 2 2 2 2 2 2 2 2 2 2 2 2 2 2 2 2 2 2 2 2 2 2 2 2 2 2 2 2 2
left_child=-1 3 20 15 12 6 -4 -7 -9 10 -10 -11 17 -14 -15 -2 -17 18 -5 29 -3 25 -23 24 -8 26 27 -6 -29 -20
right_child=1 2 5 4 21 7 23 8 9 11 -12 -13 13 14 -16 16 -18 -19 19 -21 -22 22 -24 -25 -26 -27 -28 28 -30 -31
leaf_value=5.3098151277185344e-05 3.7198363162945183e-05 -0.00011140585424247279 -0.00017971264141696964 -7.8874430211530534e-05 -0.00020856884124662484 1.1927351941559659e-05 1.026073398185701e-05 5.967359452319315e-05 -4.6881787663675685e-05 3.0286614731677797e-05 -0.00039368416989107847 -0.00030676132715638186 3.0146996149111772e-05 3.2877203584786742e-05 -0.00011920346731662037 -9.4044754067628268e-05 3.5098260956592688e-05 7.8828189649816611e-06 -0.00013047084007872676 2.1095244589907986e-05 -6.8960036081742246e-06 -0.00011381895052962008 2.8956480431053378e-05 3.0304813143742437e-05 -7.1666686044035438e-05 8.0762845616404058e-05 4.4821389423607581e-05 9.3232215960064316e-05 -0.00014374378738231188 -0.00018071140825806777
leaf_weight=1100 829 20 39 22 42 39 59 27 31 20 28 28 1102 46 22 39 72 239 27 68 2908 22 23 67 20 34 42 29 20 56
leaf_count=1100 829 20 39 22 42 39 59 27 31 20 28 28 1102 46 22 39 72 239 27 68 2908 22 23 67 20 34 42 29 20 56
internal_value=0.000540731 7.4751e-05 -0.000706025 0.00101317 0.000289855 -0.00337989 -0.000945946 -0.00598266 -0.0080597 -0.0104206 -0.015339 -0.004375 0.000701644 0.00141026 -0.00455882 0.00239362 -0.00175676 -0.00131068 -0.00395954 -0.00195364 -0.000379098 -0.00278302 -0.00833333 0.00123288 -0.00196203 -0.00128742 -0.00289474 -0.00543956 -0.000102041 -0.00524096
internal_weight=7120 6020 3286 2734 1794 358 185 173 134 107 59 48 1582 1170 68 940 111 412 173 151 2928 212 45 146 79 167 133 91 49 83
internal_count=7120 6020 3286 2734 1794 358 185 173 134 107 59 48 1582 1170 68 940 111 412 173 151 2928 212 45 146 79 167 133 91 49 83
is_linear=0
shrinkage=0.05


Tree=22
num_leaves=31
num_cat=0
split_feature=4 39 21 11 28 22 3 40 11 19 39 13 42 20 4 35 24 23 22 17 11 13 40 2 15 36 36 41 38 16
split_gain=3.24651 1.582 1.01338 0.960911 1.05275 1.00908 0.834641 1.6596 1.38347 0.919583 0.876185 0.900901 1.16275 0.75749 1.06676 1.12608 0.721925 0.878395 1.18432 0.990835 2.58542 0.719181 0.720661 1.05272 0.700465 1.14053 1.14332 1.46162 0.695152 0.98
threshold=279.79742500000003 602.92428571428502 62.134999999994768 0.0180215075006789 106.95689935509292 907.35832575000018 93795.510000000024 142.20123003711345 0.0044174489012321965 286.59499999999395 532.86214285714289 -0.0027546146078439452 -44.095503882506087 65.784999999996231 323.7925800000001 115918.92157500003 543.10049730000014 0.87988221215805174 656.9265815 0.0089402227091251903 -0.005473225876611182 0.01714574354736936 -1139.8494181406202 82173.550000000017 0.0043973240840787251 1968.479889104274 -3345.6718378789078 -293.26396366518526 33.070418802712659 0.0026647412335141173
decision_type=2 2 2 2 2 2 2 2 2 2 2 2 2 2 2 2 2 2 2 2 2 2 2 2 2 2 2 2 2 2
left_child=-1 2 -2 4 5 6 7 9 13 -4 11 12 28 -8 -15 -16 -3 -18 -19 21 -21 22 -20 -24 -25 26 27 -26 29 -11
right_child=1 16 3 -5 -6 -7 8 -9 -10 10 -12 -13 -14 14 15 -17 17 18 19 20 -22 -23 23 24 25 -27 -28 -29 -30 -31
leaf_value=5.0443243713326082e-05 2.7182471802745254e-05 3.3766548826069425e-05 -4.9833421750158643e-05 -0.00018550811756337993 2.94982754516787e-05 9.3698469677258481e-05 5.1841112700753176e-05 -0.00016342761194158462 -0.00010659749503436922 2.9760293012502106e-05 2.7255381739975557e-05 2.5516823370819056e-05 -0.0001769548559868332 -4.6722482307789536e-05 1.0160231717805562e-05 -6.9067911401108346e-05 -9.3666940113529078e-06 -0.00041293843564782913 9.312890112243529e-05 4.923131636074493e-05 -0.00024196582090573512 1.4372099218573889e-05 -0.00012354820942695683 6.395571797241054e-06 -4.16376523322599e-05 -0.00035928225147130596 4.1796928645644368e-06 -0.00035386058897639126 4.515948304937925e-05 -0.00027537232947624492
leaf_weight=1100 1027 125 24 29 871 89 278 20 23 25 43 37 29 34 322 105 2426 28 29 21 20 74 21 83 49 23 83 25 32 25
leaf_count=1100 1027 125 24 29 871 89 278 20 23 25 43 37 29 34 322 105 2426 28 29 21 20 74 21 83 49 23 83 25 32 25
internal_value=0.000547753 9.13623e-05 0.000901095 0.000241692 0.000375575 -0.000662983 -0.00111835 -0.0037234 -0.00031496 -0.00244186 -0.00128272 -0.00310811 -0.00536036 6.08933e-05 -0.00118221 -0.000503513 -0.000719986 -0.000881332 -0.00289474 -0.00224299 -0.00963415 -0.00145995 -0.00250799 -0.00327465 -0.00241445 -0.00416667 -0.00264331 -0.00716216 -0.00231707 -0.006
internal_weight=7120 6020 3013 1986 1957 1086 997 235 762 215 191 148 111 739 461 427 3007 2882 456 428 41 387 313 284 263 180 157 74 82 50
internal_count=7120 6020 3013 1986 1957 1086 997 235 762 215 191 148 111 739 461 427 3007 2882 456 428 41 387 313 284 263 180 157 74 82 50
is_linear=0
shrinkage=0.05


Tree=23
num_leaves=31
num_cat=0
split_feature=4 4 3 15 25 22 28 21 21 40 16 21 21 18 39 39 2 26 17 35 5 20 21 42 42 11 15 13 11 23
split_gain=3.18642 1.10382 0.982942 1.13605 1.1332 1.19123 1.83333 1.04167 1.71327 1.09004 0.90544 0.88547 0.731672 1.01743 0.740871 1.7145 0.724289 1.07509 0.684539 0.673122 0.640152 0.622863 0.642822 0.605315 0.948842 0.891165 0.709532 0.704924 0.889071 0.809054
threshold=466.77585000000005 182.42790500000004 83363.085000000006 0.0032008077133001034 -0.24707372709115608 2084.0038767500005 195.74465959984812 320.67999999999307 228.83499999999916 -192.09040413038744 0.011365094999951114 149.91500000000818 62.985000000000589 13.785000000003494 817.7910714285714 893.29964285714289 112338.02500000001 111544.69254141061 0.0019858810639253673 122029.81107500002 0.001596433919019577 195.33499999999916 69.050000000002925 -182.97868456835207 -178.40236897822129 -0.0012365009036252289 0.0021144033808908214 0.010919764028803437 0.0180215075006789 0.82699991513558557
decision_type=2 2 2 2 2 2 2 2 2 2 2 2 2 2 2 2 2 2 2 2 2 2 2 2 2 2 2 2 2 2
left_child=1 -1 3 -2 -5 6 7 8 9 -6 19 -12 -3 14 16 -16 17 21 -18 23 -13 22 -14 25 -25 -4 -26 29 -29 -28
right_child=2 12 10 4 5 -7 -8 -9 -10 -11 11 20 13 -15 15 -17 18 -19 -20 -21 -22 -23 -24 24 26 -27 27 28 -30 -31
leaf_value=6.6540763653852336e-05 -0.00015937643667481122 3.5397757984583038e-05 2.4811094090655691e-05 2.0753497728072813e-05 -9.2077932349460514e-05 3.8609166650180874e-05 -0.0002616257983323755 5.3010808112218109e-05 -0.00067532284776632839 0.00018513466526414804 0.00012103239224030158 -0.00018688754289620282 -4.529450169689009e-05 3.0566160393223753e-05 -9.6600919282534579e-05 0.00012506864088437906 -4.8976088265404819e-05 -0.0001022004681110301 4.3448104912534031e-05 -0.00014014681845591769 -0.00022221597626076686 9.2180933710539917e-05 -7.5290596187127726e-06 -0.00010577658038440479 3.0055577598380064e-05 -0.00025876660817236973 -6.357626542377796e-06 1.948395154310599e-05 -4.8464069376577307e-05 -5.8033637246898016e-05
leaf_weight=372 21 989 433 131 51 52 22 32 20 25 23 32 20 639 20 22 23 20 199 22 22 44 404 23 359 38 1518 780 213 551
leaf_count=372 21 989 433 131 51 52 22 32 20 25 23 32 20 639 20 22 23 20 199 22 22 44 404 23 359 38 1518 780 213 551
internal_value=0.00059691 0.00192951 -0.000242674 -0.00276836 -0.00205706 -0.00440594 -0.00666667 -0.004375 -0.00697917 -0.00355263 -1.99301e-05 -0.00538961 0.00153361 0.000794393 -0.000452127 -0.00690476 -7.04223e-05 -0.00114754 0.0022973 8.50904e-05 -0.00888889 -0.000662393 -0.00125 0.0001341 -9.58186e-05 0.00181529 -2.77695e-05 -0.00027433 0.000820745 -0.000799903
internal_weight=7120 2752 4368 354 333 202 150 128 96 76 4014 77 2380 1391 752 42 710 488 222 3937 54 468 424 3915 3444 471 3421 3062 993 2069
internal_count=7120 2752 4368 354 333 202 150 128 96 76 4014 77 2380 1391 752 42 710 488 222 3937 54 468 424 3915 3444 471 3421 3062 993 2069
is_linear=0
shrinkage=0.05


Tree=24
num_leaves=31
num_cat=0
split_feature=4 4 39 21 34 40 23 17 19 22 34 21 5 4 3 26 21 17 4 15 30 38 11 35 4 42 25 27 36 17
split_gain=2.77972 1.08179 0.951879 0.905577 0.973226 1.58169 0.694749 1.00922 0.70456 1.04406 0.934265 0.667518 0.804608 0.694417 0.659796 1.86752 0.714768 0.670014 0.668667 1.14966 0.717092 0.694229 1.35215 0.644741 0.637606 1.38889 0.63011 0.740746 1.00742 1.12325
threshold=466.77585000000005 182.42790500000004 577.8524999999994 34.36499999999797 118052.95891014625 -89.468602846434791 1.4396931287914658 0.0089402227091251903 1885.7600000000023 1296.5587365000004 118052.95891014625 62.985000000000589 0.00010608433475949197 448.14837500000004 112937.74500000001 111640.92252476304 69.050000000002925 0.0019858810639253673 421.59966000000003 0.0034231150512167873 109312.35450779805 56.273650865744443 -0.0004432188760427165 118358.94182500002 485.66567000000003 -17.978255403259503 1.3884048536381801 86432.04200000003 -1073.3183046683769 0.0056523924329266529
decision_type=2 2 2 2 2 2 2 2 2 2 2 2 2 2 2 2 2 2 2 2 2 2 2 2 2 2 2 2 2 2
left_child=1 -1 3 -2 26 -6 24 8 9 10 -8 -3 13 14 15 16 -13 -16 20 -20 21 -18 -23 -19 25 -4 27 28 29 -5
right_child=2 11 6 4 5 -7 7 -9 -10 -11 -12 12 -14 -15 17 -17 18 23 19 -21 -22 22 -24 -25 -26 -27 -28 -29 -30 -31
leaf_value=6.3213725471159715e-05 4.3608431393551828e-05 3.3627870085353885e-05 -0.00012165164170157015 -0.00021672081758918168 3.5093681342599024e-05 -0.00013205069351652379 -2.1306851146159977e-05 -0.00019836175540718202 1.3674979150388175e-05 -0.00012442723786107053 -0.00011261036021455386 -4.0450372445463096e-05 2.9464912047041471e-05 0.00010366775827363203 -4.6637605238539592e-05 -0.00013819428531785123 2.0716704281472832e-06 4.6605299419167843e-05 -0.00015329778271525553 2.3226611231163076e-05 7.1202694747472185e-05 -0.00011113060736490085 1.0715146719465037e-07 -3.7912536981527195e-05 -8.9161298209219592e-06 2.6013759738893101e-05 -5.4607217531793631e-05 2.4894425933719233e-05 4.5830761713460429e-06 7.7624846281171399e-06
leaf_weight=372 307 989 30 28 22 24 210 26 73 29 20 24 651 55 21 21 234 147 28 21 60 30 64 35 2351 45 232 837 112 22
leaf_count=372 307 989 30 28 22 24 210 26 73 29 20 24 651 55 21 21 234 147 28 21 60 30 64 35 2351 45 232 837 112 22
internal_value=0.000575843 0.00182049 -0.000208333 0.000770202 0.000184025 -0.00695652 -0.000765086 -0.00282123 -0.00207831 -0.00330116 -0.00217391 0.00142857 0.000722502 -0.000405405 -0.000839416 -0.00184647 -0.00118221 0.00155172 -0.000720824 -0.00622449 -2.5773e-05 -0.000945122 -0.00457447 0.00252747 -0.000461665 -0.005 0.000450853 0.000995996 -0.00209877 -0.008
internal_weight=7120 2752 4368 1584 1277 46 2784 358 332 259 230 2380 1391 740 685 482 461 203 437 49 388 328 94 182 2426 75 1231 999 162 50
internal_count=7120 2752 4368 1584 1277 46 2784 358 332 259 230 2380 1391 740 685 482 461 203 437 49 388 328 94 182 2426 75 1231 999 162 50
is_linear=0
shrinkage=0.05


Tree=25
num_leaves=31
num_cat=0
split_feature=4 19 39 35 17 24 20 21 21 15 7 17 40 5 36 11 36 19 11 22 13 25 21 39 41 20 32 24 25 11
split_gain=2.60887 1.28526 0.960593 0.735885 0.672985 1.40777 1.74206 0.993984 1.6513 0.773018 0.711933 1.23773 0.648818 1.79374 0.648214 1.88256 0.661912 0.643527 0.591345 0.673753 1.44636 0.614233 0.555962 0.931428 0.998132 0.91991 0.785301 0.674621 0.68096 1.14617
threshold=279.79742500000003 915.02500000000157 343.23607142857151 121533.39820000001 0.007056497231855286 2338.6371187000004 124.62999999999739 219.23500000000061 401.22499999999133 0.011140067683183546 -0.0060768199158453612 0.0030817602300634859 -1213.6112603600047 -0.00042916456683910945 -3345.6718378789078 -0.015467063511627577 -4751.6230138413221 1056.6500000000017 0.0030538126209496965 502.42070150000001 0.0017912485025264762 -0.33169017408386248 37.509999999994768 362.30500000000137 -136.64854630848683 527.78500000000361 522.42708688249706 486.02840440000006 -0.33801110152980202 -0.010137280697651735
decision_type=2 2 2 2 2 2 2 2 2 2 2 2 2 2 2 2 2 2 2 2 2 2 2 2 2 2 2 2 2 2
left_child=18 2 -2 4 10 6 -6 9 -9 -8 11 -3 13 -4 15 16 -13 -16 21 20 -20 -1 -14 24 -24 27 -26 -25 -29 -30
right_child=1 3 12 -5 5 -7 7 8 -10 -11 -12 14 22 -15 17 -17 -18 -19 19 -21 -22 -23 23 25 26 -27 -28 28 29 -31
leaf_value=5.1627991686852427e-05 4.0178879425808862e-05 -0.00012506227494210649 -0.00042970049256338546 -0.00016433691514707681 8.785881384010567e-05 6.7733461560991098e-05 -0.00020649012410745579 -0.00049802198688317649 -0.00012330891456442951 6.8235828838936327e-05 7.6101058534454073e-06 3.7730218426558531e-05 1.5857164589650995e-05 4.4126535146315903e-05 -8.9765880937996601e-05 -0.00015857921668169478 -6.1048534544536458e-05 1.2748036683048894e-05 -8.2965658780544929e-05 4.9977292172955737e-05 4.5072944464697922e-05 -0.00011290601540171152 -0.0001705495890075656 4.24697276321856e-05 5.640778775582651e-05 -0.00013799923855022407 -5.6720250744964464e-05 5.9333435507831601e-06 2.469333396183859e-05 -3.0912011584745327e-05
leaf_weight=858 438 33 25 23 38 57 50 25 39 24 602 54 863 29 40 38 20 128 35 95 74 38 20 366 37 24 20 1605 243 1179
leaf_count=858 438 33 25 23 38 57 50 25 39 24 602 54 863 29 40 38 20 128 35 95 74 38 20 366 37 24 20 1605 243 1179
internal_value=0.000533708 0.000124585 0.000483605 -0.00136208 -0.00118467 -0.00358369 -0.00579545 -0.0084058 -0.0129687 -0.00445946 -0.00057377 -0.00250799 0.000261846 -0.00518518 -0.00142857 -0.004375 0.00027027 0.000535714 0.00277273 0.000343137 -0.00233945 0.00332589 0.000329355 4.8655e-05 -0.00538961 0.000171203 -0.00201754 0.000240201 -4.95522e-06 -0.000801688
internal_weight=7120 6020 4849 1171 1148 233 176 138 64 74 915 313 4411 54 280 112 74 168 1100 204 109 896 4357 3494 77 3417 57 3393 3027 1422
internal_count=7120 6020 4849 1171 1148 233 176 138 64 74 915 313 4411 54 280 112 74 168 1100 204 109 896 4357 3494 77 3417 57 3393 3027 1422
is_linear=0
shrinkage=0.05


Tree=26
num_leaves=31
num_cat=0
split_feature=4 39 35 3 11 40 13 42 0 16 28 25 15 36 4 7 24 24 16 11 20 21 21 25 39 41 15 1 38 36
split_gain=2.52768 1.1328 0.781025 1.23822 0.773499 1.51938 0.900383 0.768474 0.703712 1.26644 0.750835 0.614053 0.905162 0.754832 0.744275 1.39873 0.68035 1.06541 0.652223 0.666431 0.628953 1.29273 0.877393 1.38948 1.07443 0.600736 1.16988 1.28138 1.13868 1.1066
threshold=279.79742500000003 602.92428571428502 118132.23042500002 118521.27000000002 0.0180215075006789 525.25147752392525 0.00040338804594014049 -147.87878179645307 92980.35000000002 0.0040091103809842179 2332.1803363330405 -0.2752414660106684 0.0031791819018898572 -2643.6407416457582 944.39463500000011 0.00051749073253044571 580.05416850000006 621.39607269999999 0.0043692723662299374 -0.032511846712622479 339.65000000000151 37.509999999994768 105.86499999999798 1.0293445337871707 1009.8792857142852 383.01205839850678 0.0035197335212768369 110576.60000000002 51.884854172900425 2403.2048955357973
decision_type=2 2 2 2 2 2 2 2 2 2 2 2 2 2 2 2 2 2 2 2 2 2 2 2 2 2 2 2 2 2
left_child=-1 2 4 -4 6 -6 7 -2 9 -3 11 12 -11 14 15 -14 -13 -18 -19 -20 21 -21 -22 24 -24 29 27 -27 -29 -10
right_child=1 8 3 -5 5 -7 -8 -9 25 10 -12 16 13 -15 -16 -17 17 18 19 20 22 -23 23 -25 -26 26 -28 28 -30 -31
leaf_value=4.2996638116727339e-05 2.4632836580651447e-05 -0.0001134637598737849 6.8569816723350042e-06 -0.00010592136181122527 -0.00019006977050295382 0.00011725775375879791 2.6886745031920099e-05 -1.5112152884108552e-06 -3.3938926656106124e-07 -9.3891044369360317e-05 -0.00019146801276735426 2.3075115195537349e-05 1.719646666376481e-05 3.0415080053401258e-05 3.870217275372823e-05 -0.00011953346570768168 -8.0765543885257906e-05 8.8040794013927528e-05 2.1057504678397223e-05 -0.00034906519074958363 1.5637165558796645e-05 -4.1525815997644786e-05 -0.00030313339517420811 -0.0004744859393073395 4.9961539299424384e-05 -0.00011295305638210165 2.5749524358140242e-05 -5.2199106009387229e-05 1.4198610566644417e-05 -3.8742417727584148e-05
leaf_weight=1100 219 39 94 39 23 26 1438 1174 1335 25 28 31 45 317 73 37 34 31 39 26 35 234 29 35 28 25 363 20 52 126
leaf_count=1100 219 39 94 39 23 26 1438 1174 1335 25 28 31 45 317 73 37 34 31 39 26 35 234 29 35 28 25 363 20 52 126
internal_value=0.00056882 0.000166113 0.000851311 -0.00289474 0.00102431 -0.00520408 0.00113211 0.000226131 -0.000520452 -0.00153775 -0.00120821 -0.000986261 0.00027163 0.000762712 -0.00209677 -0.00536585 -0.00218391 -0.00263747 -0.00200219 -0.00251174 -0.00313953 -0.00173077 -0.00602362 -0.00858696 -0.00377193 5.46592e-05 0.00163043 -0.00324742 0.000138889 -0.000441478
internal_weight=7120 6020 3013 133 2880 49 2831 1393 3007 1086 1047 1019 497 472 155 82 522 491 457 426 387 260 127 92 57 1921 460 97 72 1461
internal_count=7120 6020 3013 133 2880 49 2831 1393 3007 1086 1047 1019 497 472 155 82 522 491 457 426 387 260 127 92 57 1921 460 97 72 1461
is_linear=0
shrinkage=0.05


Tree=27
num_leaves=31
num_cat=0
split_feature=4 39 13 13 36 21 22 4 18 24 22 4 11 31 7 16 7 28 9 23 22 39 25 15 25 41 23 39 38 30
split_gain=2.31532 1.00548 0.766723 1.40805 1.58919 1.38783 2.84572 1.28333 1.2607 0.8619 2.10485 1.01739 0.732391 1.23077 0.731108 0.650162 0.64539 1.28558 1.11719 0.757658 0.749104 2.24121 0.6111 0.860786 0.728052 1.1544 0.935488 0.565701 0.55012 1.0427
threshold=279.79742500000003 343.23607142857151 -0.0058500321962952012 -0.0094992815115777021 -380.86977376524004 226.00500000000469 910.2733007500002 1439.9470765000003 419.47500000000588 1129.654624 727.05780100000015 720.78648500000008 0.00031496387333412667 103718.19780000001 -0.0050046622059870807 0.006881409996695613 -0.0018724981676325823 -407.19587010925892 -0.0036071350392677033 0.40809805652771475 1739.8114662500002 1009.8792857142852 -0.30251171002041394 0.0015106221014769552 -0.26894851456712426 -15.01808964210429 -0.36068682816958991 1457.2046428571441 32.179731073330835 83362.755501072344
decision_type=2 2 2 2 2 2 2 2 2 2 2 2 2 2 2 2 2 2 2 2 2 2 2 2 2 2 2 2 2 2
left_child=-1 14 3 28 5 9 -7 -8 12 10 -5 -12 -6 -14 -2 22 17 -17 -18 20 -20 -22 -4 -24 25 -25 -27 -23 29 -3
right_child=1 2 15 4 8 6 7 -9 -10 -11 11 -13 13 -15 -16 16 18 -19 19 -21 21 27 23 24 -26 26 -28 -29 -30 -31
leaf_value=4.084680621089097e-05 -7.7756026128992367e-05 -0.0001089941574959366 1.4829954899176249e-05 3.9165938452047851e-05 5.3395181184990303e-05 -0.00031535014771235618 0.00011504372362406825 -0.00031206967898690804 -0.00017165109573314999 0.00011653043077598449 -0.00014295704347709303 -5.6431385188545274e-05 7.1070440172708933e-05 -0.00017986828194952226 4.0772553520313564e-05 -0.00035643724847518544 -0.00014632369644304553 4.5928671041034186e-05 1.1531354965286414e-05 -0.00021639191808521882 -8.7654414069840723e-05 4.6087044574690389e-05 -8.6876000747909303e-05 3.2610996439952795e-05 4.4636318680705103e-06 -1.4590323287503519e-05 -0.00014466165191988361 -8.1978020823074093e-05 -1.7533969278500988e-05 1.1148153028828706e-05
leaf_weight=1100 22 56 1522 66 175 32 22 20 20 25 26 20 26 26 422 20 21 95 87 37 22 54 30 28 1753 21 23 22 585 742
leaf_count=1100 22 56 1522 66 175 32 22 20 20 25 26 20 26 26 422 20 21 95 87 37 22 54 30 28 1753 21 23 22 585 742
internal_value=0.000617978 0.000232558 5.02154e-05 -0.000784899 -0.00318777 -0.00637441 -0.0118919 -0.00333333 -0.000465587 -0.00339416 -0.00526786 -0.0134783 0.000594714 -0.00461538 0.00252252 0.000461848 -0.00156425 0.00152174 -0.00302469 -0.00198198 -0.000675675 -0.00367347 0.000676636 6.73856e-05 0.00020548 -0.00472222 -0.00977273 0.000394737 1.08462e-05 0.000864662
internal_weight=7120 6020 5576 1841 458 211 74 42 247 137 112 46 227 52 444 3735 358 115 243 222 185 98 3377 1855 1825 72 44 76 1383 798
internal_count=7120 6020 5576 1841 458 211 74 42 247 137 112 46 227 52 444 3735 358 115 243 222 185 98 3377 1855 1825 72 44 76 1383 798
is_linear=0
shrinkage=0.05


Tree=28
num_leaves=31
num_cat=0
split_feature=4 4 13 22 20 16 15 18 32 21 25 39 40 7 21 13 34 22 0 17 15 23 23 15 28 9 13 25 20 39
split_gain=2.00724 1.08444 0.748306 0.827366 0.714634 0.6033 1.15042 1.16667 0.721215 0.702345 0.768058 0.878899 1.26651 1.17809 0.7225 0.641026 0.581647 1.80556 0.579182 0.710205 0.81015 0.592576 0.961483 0.546059 1.77277 0.606158 1.08624 0.575946 0.957265 0.511853
threshold=182.42790500000004 570.99227000000008 -0.0060198599399891991 358.08535275000003 0.01000000000203727 0.0051309592023797215 0.0046409258564876089 118.22000000000118 254.39358729285598 62.985000000000589 -0.23315719120836673 527.82392857142838 -239.83731948638157 0.00023048465683336489 108.81999999999972 -0.023931023299780124 119638.68633102444 795.23659300000008 113028.79000000002 0.001873015160132189 0.0014663075465426057 0.25574853076741594 0.17268899625958969 0.0031791819018898572 816.47247027955757 0.0053180416720103379 0.0015195789540874015 -0.97032574203783717 48.819999999999716 532.86214285714289
decision_type=2 2 2 2 2 2 2 2 2 2 2 2 2 2 2 2 2 2 2 2 2 2 2 2 2 2 2 2 2 2
left_child=-1 2 3 -2 -3 6 8 -8 9 -5 11 12 -11 -14 -13 -7 -6 -18 21 20 -20 22 23 24 25 -4 -27 28 -25 -10
right_child=1 4 18 5 16 15 7 -9 29 10 -12 14 13 -15 -16 -17 17 -19 19 -21 -22 -23 -24 27 -26 26 -28 -29 -30 -31
leaf_value=5.3279467396878216e-05 -0.00017220078809476844 3.9095278597641143e-05 7.2872337084206308e-06 3.9370473967976165e-05 -3.8648246287265076e-06 -4.320274311436095e-05 -0.00010101453752330843 4.5154882854653133e-06 9.3221187903724106e-06 -8.0887781261516309e-05 8.1079055162680753e-05 -5.8913493875312957e-05 1.4903272684992062e-05 -4.2842666898152391e-05 6.6485365443768032e-05 6.2958831557497342e-05 -0.00013334623280058394 8.7500056286338752e-06 6.4251206917265974e-05 3.8640448703154977e-05 -6.4006696387103321e-05 7.0221316587208371e-05 -7.8291364453782149e-05 -6.0046271044905569e-05 -0.000117757520646938 -3.3886504083364657e-05 4.0990351070254287e-05 3.999002794514855e-05 1.1843003362316862e-05 -6.5424123311802463e-05
leaf_weight=372 35 159 870 158 3416 30 32 24 27 28 45 20 44 21 80 100 20 45 34 648 37 151 25 28 25 22 29 506 63 26
leaf_count=372 35 159 870 158 3416 30 32 24 27 28 45 20 44 21 80 100 20 45 34 648 37 151 25 28 25 22 29 506 63 26
internal_value=0.000617978 0.000420866 0.00110682 -0.000373134 -0.000164835 3.93703e-05 -0.000742574 -0.0075 0.000100223 0.000833334 -0.000882353 -0.00225389 -0.00575269 -0.00192308 0.001 0.00307692 -0.000314565 -0.005 0.00151354 0.00270515 -0.00204225 0.00101513 0.000727041 0.00088464 0.000137421 0.000494028 -0.00480392 0.00206868 -0.00159341 -0.00537736
internal_weight=7120 6748 3108 670 3640 635 505 56 449 396 238 193 93 65 100 130 3481 65 2438 719 71 1719 1568 1543 946 921 51 597 91 53
internal_count=7120 6748 3108 670 3640 635 505 56 449 396 238 193 93 65 100 130 3481 65 2438 719 71 1719 1568 1543 946 921 51 597 91 53
is_linear=0
shrinkage=0.05


Tree=29
num_leaves=31
num_cat=0
split_feature=4 35 1 30 17 42 20 4 15 36 36 19 31 24 11 13 13 38 19 2 41 41 21 25 42 13 31 4 24 30
split_gain=1.85706 0.764014 0.742906 0.950854 0.708654 0.749563 0.728864 0.991803 1.94994 0.543782 0.539822 1.43643 1.16364 1.33636 0.859705 0.484013 1.03214 0.464978 0.464731 0.453014 0.943371 1.10175 0.81662 0.440469 0.622342 1.2846 0.896203 1.27201 0.931847 0.967613
threshold=428.03269000000006 118899.64932500002 106944.00000000001 106657.50567354562 0.0025669570780488143 23.061324321359759 117.56500000000234 716.20219000000009 0.0020058504936535855 5091.1347118812273 -1522.0341078565905 289.23500000000064 104253.42460000001 962.93623486000013 -0.006064382908923859 0.0097428897495244454 0.011440550259390793 30.218039664136096 180.22499999999857 118879.26500000003 -157.44070804744197 58.446895491115193 167.51499999999945 -0.5191164619755041 -182.97868456835207 -0.03146147444780175 83339.858300000007 2277.0190250000001 1683.0252416000003 88752.111696364474
decision_type=2 2 2 2 2 2 2 2 2 2 2 2 2 2 2 2 2 2 2 2 2 2 2 2 2 2 2 2 2 2
left_child=1 2 3 10 5 6 -2 8 -8 19 11 12 13 -1 -13 -12 -17 -9 -4 23 -21 -22 -23 -6 26 -26 27 -25 -28 -30
right_child=4 -3 18 -5 9 -7 7 17 -10 -11 15 14 -14 -15 -16 16 -18 -19 -20 20 21 22 -24 24 25 -27 28 -29 29 -31
leaf_value=-6.3802191100697817e-05 7.8455916202617199e-05 -3.3727514012890266e-05 5.8798769534688795e-05 -1.7139895677723111e-05 8.6079190039889404e-06 4.2338696238470143e-05 4.4989984064809456e-05 -4.0526158392242828e-05 -0.00015473951688493509 2.2749179767427136e-05 2.4539736631088877e-05 -7.0783292410703808e-05 3.9219615584174264e-05 -8.6374467654879404e-05 1.9238036020525725e-05 -8.261391027118497e-05 3.5950093849995036e-06 0.00014909455510985883 3.169222108483951e-05 6.3712663609442329e-05 -0.00011739069655711278 9.0819441643681145e-06 -0.0001041181728415466 -0.00025136268170670078 -0.00011964053679612219 -1.2592492498136895e-05 2.2930788222012368e-05 4.4325374736238622e-05 7.0728705820753424e-05 -0.00036104559701819291
leaf_weight=24 140 39 206 20 736 210 26 22 35 216 754 26 20 20 107 21 55 39 1152 40 26 61 37 20 27 2560 399 21 20 41
leaf_count=24 140 39 206 20 736 210 26 22 35 216 754 26 20 20 107 21 55 39 1152 40 26 61 37 20 27 2560 399 21 20 41
internal_value=0.00056882 0.00168576 0.00179834 0.000797517 -1.49699e-05 0.00182203 3.81681e-05 -0.00278688 -0.00729508 -0.000221218 0.00100779 -0.00134518 -0.0075 -0.0120455 0.00161654 0.00156627 -0.00223684 0.00172131 0.00256996 -0.00035356 -0.00292683 -0.00508064 -0.00265306 -0.000243201 -0.000505181 -0.000817549 0.00110778 -0.00597561 0.00173913 -0.00401639
internal_weight=7120 2444 2405 1047 4676 472 262 122 61 4204 1027 197 64 44 133 830 76 61 1358 3988 164 124 98 3824 3088 2587 501 41 460 61
internal_count=7120 2444 2405 1047 4676 472 262 122 61 4204 1027 197 64 44 133 830 76 61 1358 3988 164 124 98 3824 3088 2587 501 41 460 61
is_linear=0
shrinkage=0.05


Tree=30
num_leaves=31
num_cat=0
split_feature=4 24 17 7 36 21 25 25 41 42 28 21 20 16 11 28 42 13 20 40 17 39 20 19 21 20 17 39 7 11
split_gain=1.58582 0.845029 0.666415 0.666018 0.657471 0.890486 0.646297 0.712348 2.13307 0.616302 1.32469 1.88585 1.57944 2.48674 1.51946 1.06778 1.00631 0.973218 0.689966 1.02363 1.35862 1.32077 0.671082 1.42024 0.67936 0.985247 1.11607 1.07443 0.769279 0.847962
threshold=279.79742500000003 516.72958060000008 0.0021531906633602241 -0.0053988475818282566 -2392.5648458288556 165.72499999999857 -0.5191164619755041 -1.0773057531306149 -41.158962248894007 -182.97868456835207 -652.52414621088235 128.76499999999945 141.54499999999828 0.0055371174525918566 0.0013836161849752084 -727.13309155499144 -129.66790321559736 -0.010546462507477811 120.69499999999972 -487.16168391794776 0.0040790235718019593 960.03821428571575 127.62000000000263 630.52500000000157 320.67999999999307 206.63500000000207 0.005070669235841224 613.31035714285838 0.00040769764265325125 0.0031283583366271566
decision_type=2 2 2 2 2 2 2 2 2 2 2 2 2 2 2 2 2 2 2 2 2 2 2 2 2 2 2 2 2 2
left_child=-1 3 -3 4 -2 -6 7 8 -4 -8 11 12 13 17 15 -13 -14 -11 -12 20 -20 -22 23 -21 -24 26 27 -26 29 -27
right_child=1 2 6 -5 5 -7 9 -9 -10 10 18 14 16 -15 -16 -17 -18 -19 19 22 21 -23 24 -25 25 28 -28 -29 -30 -31
leaf_value=3.5160447928307159e-05 2.7449226841007866e-05 -5.3746847881668071e-05 4.228472253427898e-05 3.4380505896310079e-05 1.3763130150499967e-06 -0.00015228857171620142 1.1946151745827855e-05 8.7503896577082917e-06 -0.00014096265740130536 -4.9196158434686528e-05 7.0115110455777737e-06 1.8582828884651657e-05 -0.00033474575928029175 -0.00043416094221870519 -0.00014499721622711641 -0.00016335660995909674 4.7973885052999621e-05 -7.4196680368831972e-05 -0.0003872636975439087 -0.0002215743404561182 0.00012396485831094636 -0.00021830638584861137 3.2876301826031862e-06 1.5013100215382847e-05 -0.00013349949283620758 -0.00029865989970893821 -0.00021153209806792605 2.1411551831750836e-05 1.5525874663942123e-05 1.4398940300808567e-05
leaf_weight=1100 22 22 37 835 43 22 534 1581 28 43 1080 266 31 25 31 24 59 26 20 26 31 40 968 23 29 35 20 28 67 24
leaf_count=1100 22 22 37 835 43 22 534 1581 28 43 1080 266 31 25 31 24 59 26 20 26 31 40 968 23 29 35 20 28 67 24
internal_value=0.000617978 0.000299004 4.70775e-05 0.00169197 -0.00247126 -0.005 8.47126e-05 0.00089915 -0.00423077 -0.000306122 -0.000593922 -0.00292079 -0.00695652 -0.0114894 -0.000607476 0.000517242 -0.00222222 -0.0065942 -0.000102467 -0.000873379 -0.00598901 -0.00274648 -0.000491803 -0.00622449 -0.000251921 -0.00288177 -0.00733766 -0.00377193 -0.00015873 -0.00432203
internal_weight=7120 6020 5098 922 87 65 5076 1646 65 3430 2896 505 184 94 321 290 90 69 2391 1311 91 71 1220 49 1171 203 77 57 126 59
internal_count=7120 6020 5098 922 87 65 5076 1646 65 3430 2896 505 184 94 321 290 90 69 2391 1311 91 71 1220 49 1171 203 77 57 126 59
is_linear=0
shrinkage=0.05


Tree=31
num_leaves=31
num_cat=0
split_feature=4 4 39 39 17 0 30 22 11 7 16 38 41 21 19 35 9 7 42 13 40 40 38 22 7 28 20 13 13 24
split_gain=1.5021 0.736392 0.703746 0.540598 0.578665 1.10126 0.859332 0.936888 0.682263 0.702648 1.34256 0.580034 0.681077 0.727846 1.38871 2.1558 0.621212 0.498393 0.582237 1.27559 1.28861 1.67457 1.34344 0.850416 0.810399 0.804707 0.76225 0.73439 2.24089 2.0269
threshold=402.91180000000003 177.05860000000004 309.87392857142817 215.25857142857166 0.0018442859526940226 112065.41500000002 109449.0017688138 291.22599399999996 -0.0082766581542701601 -0.0015127596122520724 0.0019307236317009074 46.921053108919899 227.00389692639246 95.389999999999432 289.23500000000064 90527.581175000014 0.00064637146243238055 -0.01704063830873381 -147.87878179645307 -0.0058500321962952012 7.7149724791961498 50.62961275897397 47.784726806223198 399.31707450000005 -0.00021059280464387668 -763.43360143290181 362.23500000000791 -0.00048949413171437046 0.00040338804594014049 706.07095690000006
decision_type=2 2 2 2 2 2 2 2 2 2 2 2 2 2 2 2 2 2 2 2 2 2 2 2 2 2 2 2 2 2
left_child=1 -1 -2 -3 5 -5 7 -6 -9 10 -10 -11 13 -13 15 -15 -16 -4 26 20 23 -22 -23 -20 25 -21 -19 -26 29 -29
right_child=2 3 17 4 6 -7 -8 8 9 11 -12 12 -14 14 16 -17 -18 18 19 24 21 22 -24 -25 27 -27 -28 28 -30 -31
leaf_value=5.4111856833518007e-05 6.8848546804805565e-05 6.1135074612912843e-05 -6.7588748004794e-05 4.5861101754886289e-06 -8.7511601375044837e-05 -8.5260780015175097e-05 3.1562892442652134e-05 -4.0040996910674098e-05 -2.6744864244937527e-05 3.2259840882091006e-05 -1.377114023167929e-06 2.5717902112895382e-05 3.951741143821223e-05 -7.4550028298615441e-05 -6.0183894996087695e-05 -1.0402489486828094e-05 4.7624503398128625e-05 1.2506278871867059e-05 -8.5707465668132186e-05 -0.00012707989875113441 -0.0001289075913555468 6.1275040984626422e-06 -0.00024548443665406514 -1.9694133233890414e-05 3.3323240600517861e-05 1.8431562377936483e-05 -5.3756296350577302e-05 -0.00011679064411380439 -1.0183490401869167e-06 -5.7391952694410306e-05
leaf_weight=344 127 95 116 51 30 39 737 36 22 254 220 178 121 26 25 29 41 670 32 30 20 57 32 690 276 1099 115 22 1549 37
leaf_count=344 127 95 116 51 30 39 737 36 22 254 220 178 121 26 25 29 41 670 32 30 20 57 32 690 276 1099 115 22 1549 37
internal_value=0.000639045 0.00170819 0.000145731 0.00132353 0.00113046 -0.00277778 0.00133508 0.000366599 0.000640756 0.000906114 -0.00140496 0.00173591 0.000595238 -0.000685619 -0.00367769 -0.00954545 0.00121212 4.74185e-05 0.000128538 -0.00012487 -0.00185921 -0.00692661 -0.00398876 -0.00109418 0.000353468 0.00141275 0.00136943 -0.000281316 -0.000690298 -0.0102542
internal_weight=7120 2248 4872 1904 1809 90 1719 982 952 916 242 674 420 299 121 55 66 4745 4629 3844 831 109 89 722 3013 1129 785 1884 1608 59
internal_count=7120 2248 4872 1904 1809 90 1719 982 952 916 242 674 420 299 121 55 66 4745 4629 3844 831 109 89 722 3013 1129 785 1884 1608 59
is_linear=0
shrinkage=0.05


Tree=32
num_leaves=31
num_cat=0
split_feature=4 15 13 35 17 15 26 42 28 17 17 21 11 15 38 19 15 9 15 20 38 4 23 40 15 17 39 3 39 42
split_gain=1.47237 0.773615 0.575004 0.594244 0.570185 0.596426 1.26759 0.524159 0.878352 0.823515 1.06624 1.21567 1.0214 0.918719 0.820817 1.35002 0.832874 1.27097 1.50538 1.28333 0.718946 0.631927 1.15042 0.9 0.660939 0.821166 1.80353 1.9887 0.840038 0.657498
threshold=177.05860000000004 0.0021144033808908214 0.013212928348818766 118593.43935000002 0.0027945865098637809 0.0021722162824355509 108878.70477351562 -182.97868456835207 -605.02724501059117 0.0052937339530976409 0.0065221477325891012 56.694999999999716 -0.0022118460739801011 0.0098241119570202356 32.179731073330835 1511.0449999999985 0.0066108742088089286 -0.0029601302111331323 0.0047826419837400137 94.510000000002051 36.932427820182809 3321.5430200000005 3.1233107902173929 516.46758087102364 0.0032240716375723645 0.0033513554039610927 584.04035714285635 93795.510000000024 850.44321428571345 -89.076890161588679
decision_type=2 2 2 2 2 2 2 2 2 2 2 2 2 2 2 2 2 2 2 2 2 2 2 2 2 2 2 2 2 2
left_child=-1 2 3 -2 -3 6 -6 -7 9 14 11 -11 20 -12 -9 16 17 -16 19 -19 -13 24 23 -23 25 26 27 -10 -27 -29
right_child=1 4 -4 -5 5 7 -8 8 21 10 13 12 -14 -15 15 -17 -18 18 -20 -21 -22 22 -24 -25 -26 28 -28 29 -30 -31
leaf_value=5.1406263991842101e-05 2.4532105731395314e-05 2.389768339729171e-05 -1.9160876429839228e-05 -2.9020367230422364e-05 3.7519919176090491e-05 8.0728417542737344e-06 -6.2899617066719643e-05 1.4149467796083343e-05 -8.1218284762649896e-05 -0.00032456839312162657 6.055479949733596e-05 1.1652361863591656e-05 -0.00025407953866914032 -0.00010379842161377976 2.3802006486047874e-06 -0.00016265539707332745 6.7895349314430828e-05 -0.00012535701697874205 -0.00032767056026883205 0.00014026207058792946 -9.9664950663783209e-05 -0.00028766083869438328 4.7921049914657535e-05 -1.6902244964466397e-05 7.4327069096215295e-06 3.6756901158552111e-06 -0.00017853152178822193 -6.9010623952898929e-05 -0.00010990666356925003 1.4081820591841088e-05
leaf_weight=344 1174 687 29 37 30 609 24 212 38 21 73 37 20 36 122 20 41 20 20 22 21 20 28 20 2287 842 35 30 20 201
leaf_count=344 1174 687 29 37 30 609 24 212 38 21 73 37 20 36 122 20 41 20 20 22 21 20 28 20 2287 842 35 30 20 201
internal_value=0.000646068 0.000484062 0.0016129 0.00177952 0.000231214 4.02147e-05 -0.00518518 9.90617e-05 -0.000100334 -0.00176692 -0.004375 -0.00813131 -0.00525641 -0.000963303 -0.000579869 -0.00255102 -0.00144444 -0.00288043 -0.00870968 -0.00333333 -0.00189655 0.000214428 -0.00455882 -0.01 0.000308428 -0.000660377 -0.00289474 -0.00150558 0.00012761 0.000238095
internal_weight=7120 6776 1240 1211 5536 4849 54 4795 4186 665 208 99 78 109 457 245 225 184 62 42 58 3521 68 40 3453 1166 304 269 862 231
internal_count=7120 6776 1240 1211 5536 4849 54 4795 4186 665 208 99 78 109 457 245 225 184 62 42 58 3521 68 40 3453 1166 304 269 862 231
is_linear=0
shrinkage=0.05


Tree=33
num_leaves=31
num_cat=0
split_feature=4 39 21 25 19 5 39 42 41 25 19 7 19 25 40 22 22 9 11 39 5 16 41 25 7 23 19 34 27 1
split_gain=1.50495 0.789938 0.71436 0.781033 0.936641 0.740037 0.736101 1.19102 0.738458 0.996252 0.651679 1.37963 0.852788 0.714346 0.796049 0.776369 0.688075 0.734328 1.80669 0.714784 0.619479 0.554251 0.543929 0.783704 1.17391 0.661647 0.543478 0.507649 0.566281 1.09952
threshold=177.05860000000004 602.92428571428502 62.134999999994768 2.7173500964058377 990.76499999999953 -0.0011768620172422082 525.48964285714317 232.46962996371244 36.366605409810539 -0.98003353630705348 234.50500000000469 -0.0010147873043388578 220.11000000000061 1.4938410422733377 -444.82339862176008 661.82000950000008 502.42070150000001 0.0039428890635930204 0.0045250367026753871 478.27071428571281 -0.0045428176308176015 0.0014669245018005207 -136.64854630848683 -0.50833803162581681 -0.0019664511257603818 -0.46888372906532799 1391.8600000000008 117943.45102742629 110469.60100000002 109854.57500000001
decision_type=2 2 2 2 2 2 2 2 2 2 2 2 2 2 2 2 2 2 2 2 2 2 2 2 2 2 2 2 2 2
left_child=-1 2 5 6 -5 -2 8 20 10 -10 11 -4 -13 14 15 -12 17 18 19 22 -8 -7 23 -16 -25 -24 -6 28 29 -23
right_child=1 -3 3 4 26 21 7 -9 9 -11 13 12 -14 -15 16 -17 -18 -19 -20 -21 -22 27 25 24 -26 -27 -28 -29 -30 -31
leaf_value=4.8835950792249995e-05 4.8040544820009238e-05 -3.2402500657885772e-07 -6.3401038422805991e-05 -0.00017173484225924205 8.7577677609893643e-05 4.9805652143518971e-05 -6.1219422179547761e-05 -0.00018069615120894266 -3.8499068142538966e-05 5.3140881784233011e-06 7.8258882912638947e-06 4.2278251112189159e-05 -1.4988436367506493e-05 -0.0001830211650831264 3.3754941067255151e-05 -5.5609093553229131e-05 3.3308816231173803e-05 4.2061917870524245e-05 -0.00012481325119094761 -0.00023350168298712107 3.7322390714037458e-05 4.2280246788291808e-06 -3.7360107227158225e-05 4.5851932793558078e-05 -0.00011470588980128755 4.2885235596474486e-05 -3.7566686107812701e-05 -5.539944820306413e-05 2.9037197250609089e-05 -0.00013373228132830257
leaf_weight=344 442 3103 21 26 23 81 32 20 20 810 22 34 21 36 27 26 263 41 25 25 583 533 37 23 25 132 23 41 259 22
leaf_count=344 442 3103 21 26 23 81 32 20 20 810 22 34 21 36 27 26 263 41 25 25 583 533 37 23 25 132 23 41 259 22
internal_value=0.000610955 0.000447167 0.000943371 0.00040305 -0.00472222 0.00184325 0.000569051 0.00200787 -6.29704e-06 0.0010241 -0.00113456 -0.00552632 -0.00136364 -0.000645161 -0.000263158 -0.00645833 0.000234114 -0.00126866 -0.00214286 -0.000947955 0.00239837 0.00104701 -0.000122951 -0.00366667 -0.0075 0.0014497 -0.000434782 0.000672515 0.000945946 4.50452e-05
internal_weight=7120 6776 3673 2295 72 1378 2223 635 1588 830 758 76 55 682 646 48 598 335 294 269 615 936 244 75 48 169 46 855 814 555
internal_count=7120 6776 3673 2295 72 1378 2223 635 1588 830 758 76 55 682 646 48 598 335 294 269 615 936 244 75 48 169 46 855 814 555
is_linear=0
shrinkage=0.05


Tree=34
num_leaves=31
num_cat=0
split_feature=4 39 35 21 11 40 36 36 20 13 38 7 11 9 40 19 20 23 41 19 28 5 23 22 4 39 11 11 19 15
split_gain=1.4659 0.867501 0.700042 0.621846 0.630981 0.964682 0.534161 1.0487 1.24679 0.753463 0.58551 0.83806 1.13829 0.551407 0.480689 0.868688 0.52785 0.710631 2.09095 0.852343 0.759245 0.784234 0.71389 1.87532 0.845455 0.549856 0.909094 1.198 0.876878 0.575002
threshold=177.05860000000004 602.92428571428502 118983.64225000002 34.36499999999797 0.016953409846224513 525.25147752392525 -2454.5430222196514 -1569.5267476061051 23.529999999998839 -0.0014121247837161988 71.074557869543355 0.0074668408821002763 0.0065182288445242613 0.0091239129432160188 -239.83731948638157 302.32000000000704 107.79499999999827 0.1988872115355243 441.25346744644321 879.34500000000128 272.88753586027457 -0.0011418987987169128 -0.59043013775871922 549.96968875000005 375.04391500000003 384.09571428571411 0.0050274739154400096 0.0010859376348982127 667.16000000000361 0.0015249631230246025
decision_type=2 2 2 2 2 2 2 2 2 2 2 2 2 2 2 2 2 2 2 2 2 2 2 2 2 2 2 2 2 2
left_child=-1 2 3 -2 6 -6 -5 8 9 -8 11 13 -13 14 15 -9 -16 20 19 25 21 -18 23 -23 -25 29 27 28 -27 -19
right_child=1 -3 -4 4 5 -7 7 10 -10 -11 -12 12 -14 -15 16 -17 17 18 -20 -21 -22 22 -24 24 -26 26 -28 -29 -30 -31
leaf_value=4.6394153252637479e-05 2.8241186644023163e-05 -3.0782375624992091e-07 -8.2936899093418958e-05 3.2829193680987508e-05 -0.00018872230913579894 2.5652705768166434e-05 -0.00011947823931429997 -5.4439112360733543e-05 -1.3843802052246427e-05 -4.5728481122864523e-05 2.2243953815565427e-05 -0.00017191947704839068 9.6651134371821167e-07 -5.1021342744650131e-05 2.6655189786587533e-05 -1.0220029389884728e-06 7.2029099250443446e-05 -4.1409560817985201e-05 -0.00010451366012716225 9.6024340552999565e-05 4.4516480777355338e-05 -6.1174752037022304e-05 1.7626458618874231e-05 1.9007958885089345e-05 -8.2517408440367024e-06 -6.8854789241011861e-05 7.3975474412004021e-05 -0.00026133186954154663 8.6605037442631201e-06 9.6990824392858698e-06
leaf_weight=344 854 3103 24 297 23 28 20 22 178 22 295 20 38 20 1010 160 58 23 20 52 125 22 128 31 24 37 29 23 28 62
leaf_count=344 854 3103 24 297 23 28 20 22 178 22 295 20 38 20 1010 160 58 23 20 52 125 22 128 31 24 37 29 23 28 62
internal_value=0.00065309 0.000491441 0.00101143 0.00106742 0.000706619 -0.00480392 0.000809038 0.000565999 -0.00272727 -0.0104762 0.000891334 0.000574534 -0.00534483 0.000757738 0.000846818 -0.00159341 0.00111244 1.51059e-05 -0.00193431 -0.000708661 0.00139175 -0.00013308 -0.00158537 -0.00538961 -0.000454545 -0.00217822 -0.00440171 -0.00693182 -0.00346154 0.000882353
internal_weight=7120 6776 3673 3649 2795 51 2744 2447 220 42 2227 1932 58 1874 1854 182 1672 662 274 254 388 263 205 77 55 202 117 88 65 85
internal_count=7120 6776 3673 3649 2795 51 2744 2447 220 42 2227 1932 58 1874 1854 182 1672 662 274 254 388 263 205 77 55 202 117 88 65 85
is_linear=0
shrinkage=0.05


Tree=35
num_leaves=31
num_cat=0
split_feature=39 25 19 25 35 41 36 20 42 21 21 28 21 11 25 9 7 1 0 38 1 40 36 3 5 28 11 11 41 38
split_gain=1.41639 0.852562 0.869256 0.653389 0.660075 0.637541 0.776355 1.29606 1.04207 1.56615 0.81 0.909335 0.631641 0.591785 0.679866 0.771699 0.586446 0.579695 0.910986 1.62431 1.04321 0.6063 1.17632 1.69717 0.863698 0.649167 0.718506 1.12097 0.96312 0.981464
threshold=350.63999999999737 -0.59844557832600687 190.23999999999799 -0.59163962963140027 122029.81107500002 -111.26680702519424 -873.97318689084193 178.06999999999974 19.859776292570036 70.909999999988955 89.364999999997977 88.213392661673439 99.85999999999332 -0.0042880342874748447 -0.67820403495482207 -0.0025681110293301196 0.0010649916041824126 93161.670000000013 91415.885000000024 67.185702154659765 92224.000000000015 145.80124550549957 2282.3028072058519 103916.01000000002 0.0021539750983493992 -1520.5624199768279 0.0051327169418181164 0.004336843186206603 -870.12703518407909 57.410322437911567
decision_type=2 2 2 2 2 2 2 2 2 2 2 2 2 2 2 2 2 2 2 2 2 2 2 2 2 2 2 2 2 2
left_child=12 5 -3 -4 17 13 7 8 10 -10 -7 -12 -1 14 15 -2 -11 18 -5 20 -20 22 25 -24 -25 -19 27 28 -27 -30
right_child=1 2 3 4 -6 6 -8 -9 9 16 11 -13 -14 -15 -16 -17 -18 21 19 -21 -22 -23 23 24 -26 26 -28 -29 29 -31
leaf_value=3.7619509841224313e-05 6.2284827738131836e-05 -3.5262514370182117e-05 -5.2915094341929916e-05 -8.4098670792595176e-06 -9.8157769228988519e-05 7.0935290715781741e-05 7.1232254876230449e-06 8.0638165684396402e-05 -0.00014728240230480198 1.8345021734863724e-05 -0.00010277552012703555 7.8458693189615504e-05 3.8465654566330646e-06 3.3770800473340807e-05 5.1781305062185133e-05 -9.2773532178177856e-05 -5.2915366857983069e-05 1.6389588403309693e-05 -7.9268503792990412e-05 -0.00020534202977559869 3.963380882686916e-05 1.1436729814593768e-05 6.1531293444691537e-05 -3.9141711689485634e-05 -0.00012717835906988879 -0.00015121594737080711 2.6008803527504648e-05 -0.0001140673275276043 2.7479557506924232e-06 -0.0001236461099702421
leaf_weight=744 25 24 22 1119 22 36 826 61 25 27 33 31 300 551 31 42 20 218 27 26 54 1256 49 38 27 27 298 39 1015 107
leaf_count=744 25 24 22 1119 22 36 826 61 25 27 33 31 300 551 31 42 20 218 27 26 54 1256 49 38 27 27 298 39 1015 107
internal_value=0.00056882 0.000276498 -9.38643e-05 -4.14363e-05 2.31393e-06 0.00122365 0.000467422 -0.00208154 -0.00430233 -0.00888889 -0.001 -0.004375 0.00227012 0.00245763 -0.00112245 -0.00395522 -0.00351064 4.65118e-05 -0.000872757 -0.00528037 -0.00179012 0.000413143 -0.000170517 -0.00508772 -0.0103846 0.000158451 -0.000215343 -0.000765993 -0.000483029 -0.000258467
internal_weight=7120 6076 4368 4344 4322 1708 1059 233 172 72 100 64 1044 649 98 67 47 4300 1226 107 81 3074 1818 114 65 1704 1486 1188 1149 1122
internal_count=7120 6076 4368 4344 4322 1708 1059 233 172 72 100 64 1044 649 98 67 47 4300 1226 107 81 3074 1818 114 65 1704 1486 1188 1149 1122
is_linear=0
shrinkage=0.05


Tree=36
num_leaves=31
num_cat=0
split_feature=4 22 15 21 34 16 42 9 18 30 31 41 19 34 35 42 21 21 7 21 32 20 24 1 42 42 22 39 1 15
split_gain=1.3724 0.717902 1.15641 0.548923 0.58559 0.587385 0.524569 0.746618 1.17731 0.524422 0.678692 0.74586 0.727323 0.654492 0.641641 1.50381 1.14683 1.38507 1.2594 0.574621 0.735361 0.908144 0.825 0.642436 0.633504 1.12617 1.10165 0.983284 0.766917 0.744747
threshold=177.05860000000004 1498.6295355 0.0036136002704729134 34.36499999999797 117943.45102742629 0.0023403060988262188 -74.984150622302295 0.0018834245598508667 267.56999999999977 108485.34027668234 108566.65960000003 -244.97761781976581 300.00499999999744 107600.15359061699 118419.09755000002 8.8015955305317011 112.7150000000038 219.23500000000061 -0.003858348044500456 44.405000000006119 -334.28833511557599 172.84999999999857 809.92996810000011 82752.695000000022 -33.190594005975591 6.4208802602985608 741.01182825000001 313.03785714285715 103789.07500000003 0.0020982959570338354
decision_type=2 2 2 2 2 2 2 2 2 2 2 2 2 2 2 2 2 2 2 2 2 2 2 2 2 2 2 2 2 2
left_child=-1 3 -3 4 6 -6 7 -2 -9 10 11 12 -5 -14 -11 16 -16 -18 -19 20 -13 -22 -23 -21 28 26 27 -26 -25 -29
right_child=1 2 -4 9 5 -7 -8 8 -10 14 -12 19 13 -15 15 -17 17 18 -20 23 21 22 -24 24 25 -27 -28 29 -30 -31
leaf_value=4.3403932694670701e-05 1.7051445252960779e-05 -8.0871103833621055e-05 -1.5301955690374712e-05 -2.8642308995281752e-05 -5.1022771239609408e-05 -5.0589891098479731e-07 2.8046547241538995e-05 2.3179221380739497e-06 -0.00010044087945309599 1.4221969260887929e-05 -0.00013131530398843299 -8.5226319966814112e-05 3.1784565953808801e-05 -7.3501119934806484e-05 4.087626996956313e-05 1.1436189520623779e-05 -9.0271413216696147e-05 -7.2109041903005951e-05 1.8716083615199961e-05 -9.911550455042717e-05 2.0345232593252935e-05 -8.166167364759775e-05 -1.3969054427414583e-05 3.4693683802976646e-07 3.3932145079932625e-05 1.4323304271854354e-07 3.8343998982391923e-06 -0.0001379481248360273 4.9210273949488689e-05 -6.5147609967893392e-05
leaf_weight=344 205 28 616 67 20 59 880 31 29 1890 27 29 450 23 42 153 32 23 29 39 83 20 24 570 38 905 116 30 214 104
leaf_count=344 205 28 616 67 20 59 880 31 29 1890 27 29 450 23 42 153 32 23 29 39 83 20 24 570 38 905 116 30 214 104
internal_value=0.000610955 0.000454546 -0.00113354 0.000621331 0.00156863 -0.00259494 0.0018559 -9.43394e-05 -0.005 0.000385086 -7.48446e-05 3.6875e-06 0.00166667 0.00235729 0.000965883 -0.0012724 -0.00531746 -0.00869048 -0.00365385 -0.00040976 -0.00333333 -0.00169291 -0.0075 -0.000183532 -5.81688e-05 -0.000783738 -0.00350694 -0.00604651 0.00104592 -0.0080597
internal_weight=7120 6776 644 6132 1224 79 1145 265 60 4908 2739 2712 540 473 2169 279 126 84 52 2172 156 127 44 2016 1977 1193 288 172 784 134
internal_count=7120 6776 644 6132 1224 79 1145 265 60 4908 2739 2712 540 473 2169 279 126 84 52 2172 156 127 44 2016 1977 1193 288 172 784 134
is_linear=0
shrinkage=0.05


Tree=37
num_leaves=31
num_cat=0
split_feature=4 36 39 15 38 42 28 24 0 36 19 36 22 2 4 36 15 16 21 23 23 11 17 23 36 38 13 11 39 19
split_gain=1.07583 0.789888 0.888739 1.536 0.937166 0.772653 0.948176 0.700606 0.623622 0.993722 0.932789 1.14881 1.40833 0.587536 0.859147 0.608693 0.728067 1.04054 1.09374 0.865434 1.12887 1.04767 1.16113 1.94216 0.660608 0.625926 0.78997 0.623977 0.517413 0.986179
threshold=279.79742500000003 651.09340664956119 843.01821428571475 0.0038266198082211465 80.007885087800432 -4.9979433814840837 -23.208009100540945 264.2961102000001 119091.69000000002 4657.360894065795 408.27499999999424 2297.2148755676249 736.80578725000009 109603.16000000002 297.09697000000006 1840.9254987272291 0.003294471456524855 0.0045571406129709469 51.0350000000035 0.077455456691993607 -0.96925489176308244 -0.0014877661756069885 0.003528743942040303 1.2598812052056989 2026.0433779424277 55.138680993067624 0.0097428897495244454 0.015209171720287828 347.46357142857079 276.3650000000053
decision_type=2 2 2 2 2 2 2 2 2 2 2 2 2 2 2 2 2 2 2 2 2 2 2 2 2 2 2 2 2 2
left_child=7 28 8 -4 5 6 -5 -1 13 10 -10 -12 -13 15 -15 -3 19 -18 -19 20 -17 -21 23 -23 -22 -20 -27 -28 -2 -30
right_child=1 2 3 4 -6 -7 -8 -9 9 -11 11 12 -14 14 -16 16 17 18 25 21 24 22 -24 -25 -26 26 27 -29 29 -31
leaf_value=-5.929888980731593e-05 2.1307610163095604e-05 2.0410130078853175e-05 -0.00022270320001169781 2.8577974212599504e-06 -0.00015462319861917417 2.4642391032870193e-05 -0.00053413491327318106 2.943214573828674e-05 -6.9270925736957366e-05 2.4305755289615297e-05 4.1780588051240884e-05 -3.2861952565508584e-05 -2.3888334969404765e-05 -3.1239455097961212e-05 3.0533623254454875e-05 -9.1189774315877134e-05 3.0329495995246943e-05 -0.00021436364667707966 6.7307696136988709e-05 9.9156393052565834e-05 -2.3832083778799346e-05 -0.00015909241895924252 -1.0755935581528062e-05 -1.7993146357533832e-05 2.3774022030282133e-05 -0.00021217056702109278 4.202653322789569e-05 -0.0002508001276867342 -3.6797473444820519e-05 -6.0689663550619561e-07
leaf_weight=44 255 589 20 42 23 162 23 1056 26 118 57 20 40 28 650 23 290 29 45 29 21 20 48 23 178 23 36 31 145 3026
leaf_count=44 255 589 20 42 23 162 23 1056 26 118 57 20 40 28 650 23 290 29 45 29 21 20 48 23 178 23 36 31 145 3026
internal_value=0.00065309 0.000390366 0.00104857 -0.00166667 -0.0006 0.00037445 -0.00423077 0.00209091 0.00136403 -0.000938697 -0.00374126 -0.00183761 -0.00666667 0.00165536 0.00286136 0.00106498 0.000163317 0.00147577 -0.00170732 -0.00157895 0.00027027 -0.005 -0.00763736 -0.0136047 0.00148241 0.000185185 -0.00222222 0.000522388 -0.000107997 -0.000282245
internal_weight=7120 6020 2594 270 250 227 65 1100 2324 261 143 117 60 2063 678 1385 796 454 164 342 222 120 91 43 199 135 90 67 3426 3171
internal_count=7120 6020 2594 270 250 227 65 1100 2324 261 143 117 60 2063 678 1385 796 454 164 342 222 120 91 43 199 135 90 67 3426 3171
is_linear=0
shrinkage=0.05


Tree=38
num_leaves=31
num_cat=0
split_feature=4 1 35 1 34 11 42 24 19 36 9 17 13 31 34 39 0 15 38 42 7 7 42 15 20 19 19 2 16 20
split_gain=1.06026 0.739035 0.885672 0.749338 0.8896 0.651742 0.648148 0.638578 0.583333 0.483931 0.52775 0.945466 0.760083 0.751667 2.09921 0.796111 0.625 0.622222 0.612011 0.84692 0.832363 0.871474 0.645767 0.619085 0.683414 0.652605 1.17036 0.753044 0.703247 0.68038
threshold=428.03269000000006 106944.00000000001 118899.64932500002 105901.46500000001 105547.67852507517 -0.005949059213652891 -14.797354302107037 508.70714240000001 368.69000000000239 5091.1347118812273 0.004945497937566881 0.0029286231911337074 -0.028739540477438923 114412.18880000002 116837.86217193698 402.42357142857202 114424.26500000001 0.0045567553143285857 44.955832383196046 -17.978255403259503 0.0045953059991555448 0.0074668408821002763 28.801352514761877 0.002763419779926969 94.510000000002051 611.55999999999779 442.95000000000442 82930.020000000019 0.009078582450249088 188.55500000000032
decision_type=2 2 2 2 2 2 2 2 2 2 2 2 2 2 2 2 2 2 2 2 2 2 2 2 2 2 2 2 2 2
left_child=1 3 -3 5 -5 6 8 -2 -1 10 -9 16 -13 15 -15 -14 -12 -16 -17 20 -20 -22 -21 -24 -25 26 -26 28 -27 -28
right_child=7 2 -4 4 -6 -7 -8 9 -10 -11 11 12 13 14 17 18 -18 -19 19 22 21 -23 23 24 25 27 29 -29 -30 -31
leaf_value=-3.3396990085497025e-06 2.2011235033332115e-05 2.5188763345070927e-05 -2.088201834089523e-05 6.7723873048289887e-05 -7.0572562010844236e-05 6.8683294780900196e-06 -8.6003357449605745e-05 3.8657765898764871e-07 9.6875461122257738e-05 1.7741049286182738e-05 -0.00013318089351248305 -0.00033526248015637301 -8.963737609206493e-05 -7.9904076017414436e-05 -5.9597622315403967e-05 2.7032283688836319e-05 -2.2223570032795705e-06 7.2404029849196052e-05 -0.00018599312303441612 0.0001016226323508563 5.7946230792034515e-05 -0.00028036267896773927 -7.554925882425385e-05 4.6277444227021132e-05 4.1076568256958468e-05 -0.00020452770998050072 -0.00036349435654925823 1.6404733262919273e-05 1.1509504762718949e-05 -4.7005221975692616e-05
leaf_weight=36 563 1358 39 21 32 904 27 2933 27 216 20 34 20 21 35 149 20 28 25 60 31 20 39 118 33 20 33 195 22 41
leaf_count=36 563 1358 39 21 32 904 27 2933 27 216 20 34 20 21 35 149 20 28 25 60 31 20 39 118 33 20 33 195 22 41
internal_value=0.000575843 0.0014198 0.00217251 0.000415473 -0.00537736 0.000724346 -0.00333333 0.000134731 -0.000555555 -8.14489e-05 -0.000209135 -0.00122407 -0.000898268 -0.000617977 -0.00511905 -0.000148883 -0.00875 -0.000555555 0.000101781 -0.000572998 -0.00552632 -0.00186274 9.80394e-05 -0.000489022 2.16452e-05 -0.00110465 -0.00434579 0.00035865 -0.00571429 -0.00783784
internal_weight=7120 2444 1397 1047 53 994 90 4676 63 4113 3897 964 924 890 84 806 40 63 786 637 76 51 561 501 462 344 107 237 42 74
internal_count=7120 2444 1397 1047 53 994 90 4676 63 4113 3897 964 924 890 84 806 40 63 786 637 76 51 561 501 462 344 107 237 42 74
is_linear=0
shrinkage=0.05


Tree=39
num_leaves=31
num_cat=0
split_feature=4 36 24 21 25 28 25 9 28 17 25 40 15 16 19 0 19 35 34 36 17 25 38 38 13 38 35 5 20 17
split_gain=1.06592 0.628359 0.661618 0.624544 1.49118 1.51936 0.814238 0.541571 1.05323 0.778985 1.96481 0.899101 0.607658 1.06074 1.1388 0.568346 1.24941 1.82508 0.615341 0.926244 0.547315 1.05651 1.66606 0.837283 0.581678 0.618642 1.00176 0.977818 1.3909 0.59676
threshold=279.79742500000003 651.09340664956119 650.24492051000004 88.184999999997686 -0.63700461118811258 -104.06255492016497 -0.50182326568344471 0.0076115966945039361 285.8271743205915 0.0032173940724194933 0.21939303076414732 24.793884495724345 0.0072406444683413658 0.0045571406129709469 702.10000000000593 119091.69000000002 427.38999999999947 117753.84647500003 117396.20439112261 4542.2753919773177 0.0052937339530976409 0.024232046990670875 73.06275946879704 39.920445778508629 0.0099715257857144902 54.219385197429503 93855.47080000001 0.0014886771406494258 70.315000000009618 0.0037235214031052341
decision_type=2 2 2 2 2 2 2 2 2 2 2 2 2 2 2 2 2 2 2 2 2 2 2 2 2 2 2 2 2 2
left_child=3 -2 -3 -1 -5 -6 -7 9 -9 10 11 -4 13 -10 -15 20 17 -17 19 -18 24 22 23 -22 25 -11 27 28 -27 -28
right_child=1 2 7 4 5 6 -8 8 12 15 -12 -13 -14 14 -16 16 18 -19 -20 -21 21 -23 -24 -25 -26 26 29 -29 -30 -31
leaf_value=3.483227312815549e-05 -8.3813094122394416e-07 2.615433801052505e-05 -6.1071607899621454e-05 2.2074763319721337e-05 2.683335779258433e-05 -7.3730661437001999e-05 -0.00011682129194234321 -0.00045763131965476122 3.1010707954608786e-06 2.5456533831421825e-05 -9.2061629913421376e-05 3.1624036775343202e-05 4.780170586289593e-05 -0.00020737919832565263 -9.9013381379475752e-05 7.9194935921897784e-06 -2.776917703086181e-05 -0.00013325575350577534 3.8207006044867591e-05 7.4638323372290668e-05 -7.0046217465000312e-05 4.3018026227916324e-05 -0.00010705507034269715 7.0737789107848005e-06 3.8374429485357904e-05 -0.00021035263486291115 -1.9769993213006617e-05 -0.00019036231873037913 6.844330544489653e-05 3.7458321554578123e-05
leaf_weight=753 3426 766 33 261 31 28 27 24 118 482 24 84 65 24 47 23 33 20 89 20 25 63 26 136 261 20 52 24 39 96
leaf_count=753 3426 766 33 261 31 28 27 24 118 482 24 84 65 24 47 23 33 20 89 20 25 63 26 136 261 20 52 24 39 96
internal_value=0.00056882 0.000307309 0.000894372 0.002 0.000244957 -0.00546512 -0.0104545 0.000377462 -0.00165468 0.000741936 -0.00280142 -0.000128205 -0.000708661 -0.00214286 -0.00697183 0.00109652 -0.00148649 -0.00895349 0.000774648 -0.00349057 0.00148693 -0.0006 -0.00248663 -0.000590062 0.00202259 0.00128331 -0.000844156 -0.00524096 -0.00177966 0.00162162
internal_weight=7120 6020 2594 1100 347 86 55 1828 278 1550 141 117 254 189 71 1409 185 43 142 53 1224 250 187 161 974 713 231 83 59 148
internal_count=7120 6020 2594 1100 347 86 55 1828 278 1550 141 117 254 189 71 1409 185 43 142 53 1224 250 187 161 974 713 231 83 59 148
is_linear=0
shrinkage=0.05


Tree=40
num_leaves=31
num_cat=0
split_feature=4 36 35 24 17 3 7 15 25 21 36 36 42 13 11 31 35 19 39 3 42 18 3 28 5 22 16 21 11 19
split_gain=0.979134 0.772203 0.693111 1.11364 0.650925 1.39942 1.21259 0.574105 0.881372 0.9 0.930748 0.706987 0.55012 0.740731 0.583232 1.09217 0.988697 1.10027 1.29787 0.981864 0.817681 0.779566 1.88497 0.859489 1.52783 0.711294 0.707733 0.703963 1.31824 1.85618
threshold=279.79742500000003 712.92923167997662 119652.33737500002 830.72492160000013 0.0075210429975922409 90263.700000000012 0.0024648282249257777 0.0011428324258145619 -0.6112758105302184 90.45000000000438 937.19597925632854 -50.757244618005636 -182.97868456835207 -0.035081045673534816 0.00059417260692971332 96217.008800000025 97790.11407500002 304.61000000000064 473.23428571428468 118521.27000000002 58.862680660926131 -389.33000000000897 87415.955000000016 -631.02858409987664 -0.0074569372507720293 414.53783125000001 0.0022553791060502481 320.67999999999307 0.0053467434447569302 775.31499999999517
decision_type=2 2 2 2 2 2 2 2 2 2 2 2 2 2 2 2 2 2 2 2 2 2 2 2 2 2 2 2 2 2
left_child=7 12 4 -4 -3 -6 -7 -1 -9 11 -11 -10 -2 -14 15 16 17 18 -15 20 -17 22 23 24 -19 -16 -27 -28 29 -29
right_child=1 2 3 -5 5 6 -8 8 9 10 -12 -13 13 14 25 19 -18 21 -20 -21 -22 -23 -24 -25 -26 26 27 28 -30 -31
leaf_value=5.0148371438200504e-05 1.0110741405234286e-05 9.6764447911010982e-06 -6.8254780788438841e-05 5.3794587436349707e-05 1.7492036813960556e-05 1.2038759505514317e-05 -0.00047734786237014999 2.385386393670153e-05 -2.6636852050949904e-05 -9.8914268363700215e-07 -0.00016241603906365137 4.4825856452723085e-05 -5.841773618621381e-05 -2.4323043518967231e-06 5.3573514364671302e-05 5.6201315020058317e-06 -0.00021888210281013266 4.6192281445294507e-05 -6.7301054777601181e-05 -7.3015453276823903e-05 -7.7493198211830275e-05 -3.0784231968280843e-06 -0.00015749256383514973 0.00010840029395684219 -0.00040050979137957511 -5.7943735365101552e-05 6.1711941328004662e-06 8.6637430383858317e-05 1.5468962172299712e-05 -0.00022570064090935381
leaf_weight=163 498 2408 22 22 42 22 30 757 43 37 23 77 20 32 134 879 26 31 21 28 153 360 28 32 22 27 1016 23 104 40
leaf_count=163 498 2408 22 22 42 22 30 757 43 37 23 77 20 32 134 879 26 31 21 28 153 360 28 32 22 27 1016 23 104 40
internal_value=0.000582865 0.000332226 0.000993716 -0.00522727 0.00110312 -0.00297872 -0.00846154 0.00195455 0.00147812 -0.00166667 -0.00666667 0.000833334 -0.000152562 -0.000409946 -0.000345061 -0.000986352 -0.00278985 -0.00231939 -0.00915094 -4.71696e-05 0.000203489 -0.00155391 -0.00517699 -0.00147059 -0.00537736 0.000424107 4.13225e-05 0.000224007 -0.00278443 -0.00849206
internal_weight=7120 6020 2546 44 2502 94 52 1100 937 180 60 120 3474 2976 2956 1612 552 526 53 1060 1032 473 113 85 53 1344 1210 1183 167 63
internal_count=7120 6020 2546 44 2502 94 52 1100 937 180 60 120 3474 2976 2956 1612 552 526 53 1060 1032 473 113 85 53 1344 1210 1183 167 63
is_linear=0
shrinkage=0.05


Tree=41
num_leaves=31
num_cat=0
split_feature=13 13 23 36 9 18 0 35 4 24 21 20 20 34 35 31 15 7 21 16 15 4 41 24 7 0 34 25 38 20
split_gain=0.91488 0.974633 1.15503 1.69007 1.06843 1.60303 1.16007 1.06913 0.937662 0.895381 0.871267 0.862205 0.985652 1.15577 0.94472 0.85359 1.3264 0.942308 0.839567 0.759083 0.753358 1.05582 0.728269 1.2079 1.01935 1.37176 0.776132 0.755592 1.09052 0.918145
threshold=-0.0058500321962952012 -0.010117309489594118 -0.43665587838477576 470.55940293936152 0.0013686746783664004 358.69999999999715 114895.26000000002 95262.167850000027 944.39463500000011 1451.6160590000002 34.36499999999797 122.2350000000006 128.82499999999712 110907.58867393849 93375.721250000017 108624.81010000002 0.0078237657178035717 -0.0015127596122520724 552.0900000000039 0.0057710532471556136 0.0068358096446195773 926.79254500000013 24.221424984201178 442.45668880000011 0.0066769132612132095 107206.395 88642.205233878616 0.38337378422921603 71.695094532299919 166.11000000000061
decision_type=2 2 2 2 2 2 2 2 2 2 2 2 2 2 2 2 2 2 2 2 2 2 2 2 2 2 2 2 2 2
left_child=1 9 -3 4 6 -6 7 8 -4 -1 -2 15 13 14 -13 16 -12 -18 19 -11 -21 -22 23 -14 -25 26 -26 -24 29 -29
right_child=10 2 3 -5 5 -7 -8 -9 -10 18 11 12 22 -15 -16 -17 17 -19 -20 20 21 -23 27 24 25 -27 -28 28 -30 -31
leaf_value=7.4783140311685577e-06 2.7054050531751176e-05 4.7650691002415768e-06 -0.00011922240889606636 1.6358530946968345e-05 -0.00024813880311085415 -7.1168382852806702e-05 -6.9600464963165705e-05 5.5909251583765008e-07 5.2524302164137115e-06 -4.4704834171458516e-05 3.0637657351212978e-06 -0.00024811875677914936 -0.00015927961464958938 -0.00011960765768822358 2.4227451425944911e-06 2.1194996869242251e-05 -1.0496451244298474e-05 -0.00022248320336521127 5.9143547006356781e-05 5.7381736911418996e-05 -0.00053017640687359898 -5.6804508335731737e-05 2.1193795351493066e-05 1.90545259005803e-07 -0.00015485611440376552 -9.6162141455451633e-05 2.2247728022961641e-05 1.2265187517730912e-05 1.4675780160280011e-05 -0.00011389904510074032
leaf_weight=1143 1128 295 35 125 33 22 26 116 20 27 1286 23 36 22 40 1003 26 26 43 37 20 101 573 473 36 24 41 39 127 174
leaf_count=1143 1128 295 35 125 33 22 26 116 20 27 1286 23 36 22 40 1003 26 26 43 37 20 101 573 473 36 24 41 39 127 174
internal_value=0.000533708 -0.000359765 -0.00191964 -0.00375332 -0.00611111 -0.0122727 -0.00439086 -0.00289474 -0.00863636 0.000404814 0.000893244 0.000543176 -0.000348259 -0.00558823 -0.00214286 0.00115549 0.000328849 -0.0075 -0.00245614 -0.00391892 -0.00259494 -0.00450413 -5.58107e-05 -0.00139344 -0.000836237 -0.00539604 -0.00214286 0.000837897 -0.00102941 -0.00321596
internal_weight=7120 2043 672 377 252 55 197 171 55 1371 5077 3949 1608 85 63 2341 1338 52 228 185 158 121 1523 610 574 101 77 913 340 213
internal_count=7120 2043 672 377 252 55 197 171 55 1371 5077 3949 1608 85 63 2341 1338 52 228 185 158 121 1523 610 574 101 77 913 340 213
is_linear=0
shrinkage=0.05


Tree=42
num_leaves=31
num_cat=0
split_feature=16 22 0 0 13 20 9 31 30 41 22 20 36 11 7 11 36 40 0 30 0 35 21 13 38 34 38 13 32 21
split_gain=0.964049 1.16328 1.42157 0.711269 0.793904 0.90185 0.761469 0.690188 0.66267 0.895381 1.10205 0.578139 1.3185 0.83882 0.476864 0.694286 1.07556 0.934444 0.450595 0.468195 0.692308 1.33333 0.446875 0.439941 0.430362 1.22353 1.27166 1.25416 0.842062 0.69907
threshold=0.0016511958012843466 275.15375825000007 108085.81000000001 112933.58000000002 0.00098013462018638089 81.205000000009036 0.0046303199077176354 115753.07910000002 118374.97726532418 755.45608420452447 569.15474350000011 144.49499999999537 2075.7871919943868 -0.011409596558160437 -0.01704063830873381 -0.032511846712622479 -2364.7539807431963 -739.41530473974115 121171.86000000002 118293.62288874296 115540.82000000002 115753.10345000001 333.37500000000006 0.0082667156083779756 56.541700187042544 112162.53984054693 65.053792404153839 -0.0047509769365862405 -285.72344981311466 35.975000000005828
decision_type=2 2 2 2 2 2 2 2 2 2 2 2 2 2 2 2 2 2 2 2 2 2 2 2 2 2 2 2 2 2
left_child=23 2 -2 7 5 -5 11 14 22 10 -10 12 13 -7 15 -3 17 -17 19 20 -13 -22 -6 -1 -16 27 28 -26 -27 -29
right_child=1 3 -4 4 8 6 -8 -9 9 -11 -12 18 -14 -15 24 16 -18 -19 -20 -21 21 -23 -24 -25 25 26 -28 29 -30 -31
leaf_value=3.5884045896105673e-05 -0.0001337921562272757 1.3838920888098304e-05 3.3171895164698489e-05 2.2949378915677955e-05 2.9950948162769906e-05 -3.2007149240788171e-05 -0.00012997942929634954 -0.00010357797811398175 -5.1125336978378296e-05 -6.3918048361844077e-05 1.0694783917556458e-05 6.0853207186193015e-05 -3.3589308244754496e-05 5.5981647834323975e-06 5.4211243303544253e-06 -4.5291529052635865e-05 1.5958272917358169e-05 -0.00045984940886233995 -6.1401245177450706e-05 2.9453391013232335e-05 5.8015458969499592e-05 -8.8126926177363769e-05 -8.3780180059738306e-05 -2.5983663095232414e-05 -0.00017360487518216765 -4.6537517762159703e-05 -7.8084487127233943e-05 2.1925232122620923e-05 6.713872270495127e-05 -2.5035066972600619e-06
leaf_weight=434 20 30 29 309 572 20 28 22 26 20 167 80 32 94 3157 20 30 25 23 84 20 30 47 22 20 26 20 369 21 1323
leaf_count=434 20 30 29 309 572 20 28 22 26 20 167 80 32 94 3157 20 30 25 23 84 20 30 47 22 20 26 20 369 21 1323
internal_value=0.000582865 0.000430672 -0.0072449 0.000487529 0.00142397 0.000208334 -0.00132603 0.000200474 0.00247596 7.04227e-05 0.00111399 -0.000744125 -0.00321918 -0.000701754 0.00023904 -0.00309524 -0.00566667 -0.0105556 0.000780591 0.00149533 -0.000384615 -0.005 0.00330372 0.00280702 0.000309968 -0.000311973 -0.0069403 -5.25699e-05 -0.00244681 9.45628e-05
internal_weight=7120 6664 49 6615 1552 720 411 5063 832 213 193 383 146 114 5041 105 75 45 237 214 130 50 619 456 4936 1779 67 1712 47 1692
internal_count=7120 6664 49 6615 1552 720 411 5063 832 213 193 383 146 114 5041 105 75 45 237 214 130 50 619 456 4936 1779 67 1712 47 1692
is_linear=0
shrinkage=0.05


Tree=43
num_leaves=31
num_cat=0
split_feature=17 25 25 40 25 4 15 21 15 25 35 15 1 17 4 1 36 36 40 36 41 7 1 11 3 16 30 7 9 15
split_gain=1.09655 0.617191 0.670479 1.00882 0.570844 0.857276 1.46708 1.47084 0.9 0.64066 0.538102 1.16066 0.618759 1.2829 0.794948 0.733913 0.753321 1.03895 0.787102 1.34003 0.627135 0.55168 0.77582 1.52142 0.860999 0.915741 0.841005 0.574919 1.45391 0.535026
threshold=0.0025566706413748673 -0.5191164619755041 -0.50182326568344471 57.650786031357718 -0.63700461118811258 297.09697000000006 0.0013885972117121447 91.090000000003798 0.0021722162824355509 -0.2752414660106684 120849.77405000002 0.0048347271287851228 93161.670000000013 0.003337758175417834 821.43187000000012 92647.250000000015 754.89153937142703 547.86817400984739 378.63439683653274 -2317.2845692960614 463.22845238437498 0.0016246586324612166 83699.500000000015 -0.00059044216052374983 90385.560000000012 0.0089241218817799686 88752.111696364474 -0.0058896890996348187 -0.011781107552851481 0.0036000255932399396
decision_type=2 2 2 2 2 2 2 2 2 2 2 2 2 2 2 2 2 2 2 2 2 2 2 2 2 2 2 2 2 2
left_child=4 -2 3 -3 -1 6 -6 9 -9 -8 12 -12 13 14 -4 16 17 18 21 -20 -18 22 23 27 25 -24 -27 28 -15 -14
right_child=1 2 10 -5 5 -7 7 8 -10 -11 11 -13 29 15 -16 -17 20 -19 19 -21 -22 -23 24 -25 -26 26 -28 -29 -30 -31
leaf_value=3.6334543015306726e-05 7.7459601822105078e-06 -6.1597083518064697e-05 -9.4861591088090622e-05 1.4980627793210257e-05 4.3573559827474035e-05 2.7447506631194648e-05 5.5809409392108906e-06 -7.8432640143712314e-05 -5.0796524339637145e-05 -3.2077097602665917e-05 -9.8097387205183342e-05 1.3589844125651939e-05 -6.4995804351760158e-07 7.9895018382092455e-06 -0.00010686035961110178 -0.00018050238494933933 2.3534365505217789e-05 -0.00012822132243126835 2.5282852029640939e-05 -0.00042027358981598791 -2.3453932811387819e-05 1.9522086523771922e-05 2.5743325681823131e-05 -0.00026463991601273403 -9.2048288194907727e-05 7.4319769475202351e-05 -0.0003512790734824156 1.1554923212444665e-05 -0.00031955611711216721 1.197766952671964e-05
leaf_weight=276 2277 34 21 36 59 683 76 20 20 22 25 37 1147 43 20 30 204 20 21 29 99 258 202 27 25 27 28 41 22 1291
leaf_count=276 2277 34 21 36 59 683 76 20 20 22 25 37 1147 43 20 30 204 20 21 29 99 258 202 27 25 27 28 41 22 1291
internal_value=0.000519663 0.000246479 -0.000153241 -0.005 0.00192907 0.00130682 -0.00159898 -0.00442029 -0.0125 -0.00112245 -5.94413e-05 -0.00467742 2.10972e-05 -0.000953447 -0.00963415 -0.000622676 -0.000401529 -0.00125841 -0.000947441 -0.007 0.00169967 -0.000497771 -0.00162651 -0.00477444 -0.000141844 0.000719845 -0.005 -0.00207547 -0.005 0.000467597
internal_weight=7120 5964 3687 70 1156 880 197 138 40 98 3617 62 3555 1117 41 1076 1046 743 723 50 303 673 415 133 282 257 55 106 65 2438
internal_count=7120 5964 3687 70 1156 880 197 138 40 98 3617 62 3555 1117 41 1076 1046 743 723 50 303 673 415 133 282 257 55 106 65 2438
is_linear=0
shrinkage=0.05


Tree=44
num_leaves=31
num_cat=0
split_feature=16 36 27 21 36 23 15 30 1 24 13 28 16 23 11 4 4 22 27 7 26 20 38 34 19 35 13 42 7 7
split_gain=0.961617 0.577397 0.843441 1.10533 0.555865 1.50457 1.3237 1.00503 0.65246 1.07463 0.597444 0.947698 0.618628 0.694309 1.40522 0.80023 0.567488 1.03912 0.529127 0.621971 0.431317 1.42891 1.97607 1.21019 0.416256 0.402864 0.391091 0.87715 0.434543 1.16845
threshold=0.0013532534814095526 4657.360894065795 122191.43475 108.81999999999972 3172.0961150993758 -0.86577392614115589 0.0059830122597481035 113982.12668862645 112986.44000000002 345.0964072000001 0.00098013462018638089 219.40591451124786 0.0024981804596296508 0.066146641244910057 -0.00094370928001903892 792.97854000000018 1120.6622500000001 981.85603499999991 118315.20250000003 -0.0066394301386999846 111944.28446021841 92.019999999996813 32.671413590005059 114709.47529598075 349.06500000000239 81105.034425000005 0.0068733755194404665 -7.6135287260730413 0.0039088408848538354 0.0012051224697630101
decision_type=2 2 2 2 2 2 2 2 2 2 2 2 2 2 2 2 2 2 2 2 2 2 2 2 2 2 2 2 2 2
left_child=24 2 4 -4 8 -6 7 16 20 -10 11 12 -11 -14 15 -15 -7 -18 -17 -20 25 22 -22 -24 -1 -2 -3 -28 29 -29
right_child=1 26 3 -5 5 6 -8 -9 9 10 -12 -13 13 14 -16 18 17 -19 19 -21 21 -23 23 -25 -26 -27 27 28 -30 -31
leaf_value=4.2126311691012813e-05 7.3434867137024947e-05 3.8389486579248391e-05 7.0710669467661977e-05 -5.9288395527061243e-05 -0.00012034078750459732 2.4556118538149298e-05 -0.00017405445455446225 -7.623675530947117e-06 -9.6964000614589802e-05 3.3140448337138259e-05 2.4601838261196863e-05 -3.8476814375351621e-05 7.1309438441311885e-06 -3.421946870254581e-06 -0.00027174928890783662 5.7357172695123311e-05 2.5330602483463618e-05 -0.00027085944217919807 -0.00011960035821471021 2.5272985663921804e-05 7.9597285637604705e-05 2.2550997714896258e-05 -0.00017563275683595063 -5.9107956022405794e-05 -1.3994129686984848e-05 1.5451953761855369e-06 -5.4858852156537191e-05 3.2131886686640006e-05 3.2251072539040536e-05 -6.099431268580982e-05
leaf_weight=203 45 188 24 38 20 140 28 37 38 206 649 31 262 25 20 71 41 22 26 23 20 99 22 23 29 4575 35 77 79 24
leaf_count=203 45 188 24 38 20 140 28 37 38 206 649 31 262 25 20 71 41 22 26 23 20 99 22 23 29 4575 35 77 79 24
internal_value=0.000540731 0.000434088 0.000319969 -0.00548387 0.000375993 -0.00177083 -0.000783582 0.000416667 0.000476773 0.00144708 0.00168698 0.00063253 0.00105055 -3.51286e-05 -0.00257576 -0.000862069 0.00179803 -0.00214286 0.000833334 -0.00316327 0.000202759 -0.00231707 -0.00807692 -0.0138889 0.0037069 0.000292208 0.00227047 0.000813954 0.00222222 4.95051e-05
internal_weight=7120 6888 6485 62 6423 288 268 240 6135 1351 1313 664 633 427 165 145 203 63 120 49 4784 164 65 45 232 4620 403 215 180 101
internal_count=7120 6888 6485 62 6423 288 268 240 6135 1351 1313 664 633 427 165 145 203 63 120 49 4784 164 65 45 232 4620 403 215 180 101
is_linear=0
shrinkage=0.05


Tree=45
num_leaves=31
num_cat=0
split_feature=4 11 39 0 42 32 36 17 36 30 7 23 39 25 5 17 39 5 5 13 13 42 5 5 0 15 24 11 19 13
split_gain=0.848159 0.684834 0.836841 0.841154 0.616683 0.64184 0.648862 0.531714 0.522112 0.579862 0.518938 0.727648 1.65859 0.516103 0.562416 0.511899 0.780817 1.17553 0.968845 0.586446 0.479701 0.968995 0.951452 0.803791 0.586872 1.17009 0.735134 0.588942 0.557584 0.669713
threshold=402.91180000000003 -0.0049728363727582327 640.79392857142909 108377.68000000001 216.73216597281143 -249.11267736193255 -2032.9068465605667 0.0017612688403821277 5091.1347118812273 122851.47111160848 -0.0016013293492936874 -0.61889874302019543 375.17285714285862 -0.50833803162581681 0.001596433919019577 0.0018442859526940226 201.12071428571394 -0.00067382005656199662 0.00018058939978536187 0.0045144198401815714 -0.00089363915021831478 1.0000000180025095e-35 0.00051078132909862051 -0.00032090580785087644 108833.20500000002 0.0016505473412083596 718.89460830000019 0.00051027131416932225 495.51499999999947 0.0041451783078144998
decision_type=2 2 2 2 2 2 2 2 2 2 2 2 2 2 2 2 2 2 2 2 2 2 2 2 2 2 2 2 2 2
left_child=1 2 10 -4 5 13 -7 -2 9 -9 -1 -12 -13 -3 -15 16 -8 -18 -19 -20 21 23 -23 -17 26 -26 -25 -27 -22 -30
right_child=7 4 3 -5 -6 6 15 8 -10 -11 11 12 -14 14 -16 20 17 18 19 -21 28 22 -24 24 25 27 -28 -29 29 -31
leaf_value=2.7691625907492786e-05 6.7951045750262317e-05 3.2962848942384659e-05 -5.6643926918854415e-05 -1.0819236329148419e-06 -1.2207757827690907e-05 -3.7569503177582322e-05 4.026747148567716e-05 4.5657975024135978e-07 1.3517813808596857e-05 -1.6254856705230923e-05 2.8070243446277396e-05 4.405277517789091e-05 -0.00012688416353977462 1.6345915379117121e-05 -6.0328526913580973e-05 2.4356464865480479e-05 4.6497984704017306e-05 -0.00013845592527657322 3.7901626695934339e-05 -3.5122270890645873e-05 2.4019570964168308e-05 -7.0576081092617589e-05 2.670329200432658e-05 6.5062249647214977e-05 -4.9523546674360789e-05 4.0682053289924456e-05 -1.4011587647173627e-05 -2.3181668142328997e-05 5.3916095270007741e-05 -0.00010494489719316464
leaf_weight=83 56 526 24 26 21 39 32 4549 232 35 48 21 20 81 26 134 26 21 27 20 815 20 21 55 20 32 39 20 25 26
leaf_count=83 56 526 24 26 21 39 32 4549 232 35 48 21 20 81 26 134 26 21 27 20 815 20 21 55 20 32 39 20 25 26
internal_value=0.000526686 0.00133007 -0.00130631 -0.007 0.00161895 0.00170823 0.00110058 0.000155994 9.9668e-05 -1.74518e-05 0.000348837 -0.00230337 -0.00719512 0.00302528 -0.000140187 0.00128657 -0.00174603 -0.00404255 -0.0075 -0.00351064 0.00160315 1.46629e-05 -0.00719512 0.001 -0.0013253 -0.00472222 0.0012766 -0.000769231 0.00222864 -0.00284314
internal_weight=7120 2248 222 50 2026 2005 1372 4872 4816 4584 172 89 41 633 107 1333 126 94 68 47 1207 341 41 300 166 72 94 52 866 51
internal_count=7120 2248 222 50 2026 2005 1372 4872 4816 4584 172 89 41 633 107 1333 126 94 68 47 1207 341 41 300 166 72 94 52 866 51
is_linear=0
shrinkage=0.05


Tree=46
num_leaves=31
num_cat=0
split_feature=39 4 4 42 42 20 7 17 22 0 26 17 31 21 35 13 3 21 11 25 41 19 21 22 28 15 4 7 39 25
split_gain=0.897521 0.602709 1.32631 2.68305 0.895824 0.729807 0.936643 0.645832 0.972651 0.812643 0.981863 0.624259 0.718757 0.675589 0.588617 0.893388 0.582595 0.803278 0.931815 1.01655 1.7145 0.879487 0.730027 2.10719 0.82542 0.704567 1.40289 0.761552 0.535488 0.855556
threshold=215.25857142857166 470.42324500000007 485.66567000000003 -48.492133314157101 237.40093118419517 113.78000000000613 0.00082235690757991996 0.0018442859526940226 261.69179325000005 112643.36000000002 111944.28446021841 0.0053734328176170435 109401.40210000002 173.46999999999392 108341.51472500002 -0.0011147524921159436 102930.67500000002 219.23500000000061 -0.0057516391688225517 -0.98003353630705348 -28.457743861080147 375.46499999999656 99.85999999999332 388.17343349999987 -306.37330269045191 0.0034231150512167873 310.6667700000001 0.00045038853132368532 309.87392857142817 -0.14590167423492414
decision_type=2 2 2 2 2 2 2 2 2 2 2 2 2 2 2 2 2 2 2 2 2 2 2 2 2 2 2 2 2 2
left_child=-1 4 3 -3 7 6 -5 8 -2 10 11 12 14 -14 16 -16 17 18 21 20 -20 -9 24 -24 -21 26 -25 -28 -10 -30
right_child=1 2 -4 5 -6 -7 -8 9 28 -11 -12 -13 13 -15 15 -17 -18 -19 19 22 -22 -23 23 25 -26 -27 27 -29 29 -31
leaf_value=3.2846332473805049e-05 -6.9009308465264388e-05 -0.00014533596046762133 1.1565362931476259e-06 9.1297305155067573e-05 -2.6427724903422191e-05 7.16597605199137e-05 -5.1851215227918186e-05 -9.8338514599368549e-05 5.0985435467782982e-05 1.984050317800217e-05 -3.025630101527857e-05 2.1296445834963288e-05 3.1116938914128227e-05 -1.5185258936962276e-05 -8.3525188084095943e-05 -9.5156144073425768e-06 1.6721633627651962e-05 3.5807464646627575e-05 4.6046958349733249e-05 -4.007182364116466e-05 -0.00011444887728489994 4.8518476337138677e-06 -2.6995048291800658e-05 3.4836697031924872e-05 2.3735126459282772e-05 6.8693243659059252e-05 -0.00010901020385829705 -2.598823609055717e-06 -0.00013153312813674213 1.3640298153215643e-05
leaf_weight=203 20 34 4219 21 21 36 20 30 43 728 36 181 226 35 23 67 564 54 20 39 22 26 23 31 247 42 22 21 21 45
leaf_count=203 20 34 4219 21 21 36 20 30 43 728 36 181 226 35 23 67 564 54 20 39 22 26 23 31 247 42 22 21 21 45
internal_value=0.000491573 0.000395403 3.46422e-05 -0.00536036 0.000999227 -0.000194805 -0.0047561 0.0010834 -0.00236434 0.0012659 0.000669983 0.000845786 0.000509384 0.00289272 4.06192e-06 -0.00388889 0.000311131 -0.000805892 -0.00140535 -0.000674518 -0.00809524 -0.0075 5.88237e-05 -0.00291367 0.0015035 -0.000172414 -0.00310811 -0.00895349 -0.000504587 -0.00333333
internal_weight=7120 6917 4330 111 2587 77 41 2566 129 2437 1709 1673 1492 261 1231 90 1141 577 523 467 42 56 425 139 286 116 74 43 109 66
internal_count=7120 6917 4330 111 2587 77 41 2566 129 2437 1709 1673 1492 261 1231 90 1141 577 523 467 42 56 425 139 286 116 74 43 109 66
is_linear=0
shrinkage=0.05


Tree=47
num_leaves=31
num_cat=0
split_feature=16 19 25 4 41 36 7 24 27 40 26 21 41 21 7 7 41 41 36 34 3 20 19 18 21 40 20 11 42 3
split_gain=0.84313 0.670566 0.595783 1.22783 0.594791 0.943341 0.815161 0.6581 0.869565 1.00266 0.82451 0.859524 0.615062 0.865969 0.93753 1.21153 1.30108 0.619483 0.581151 0.715275 1.17653 0.770994 1.01614 0.802723 0.884448 0.778849 1.4632 0.727549 0.936313 0.917684
threshold=0.0013532534814095526 349.06500000000239 -0.53220236305294166 246.28083000000001 -111.26680702519424 -1986.0862848689355 0.0029803388635044332 1602.7348762000004 110971.66600000001 -46.094059727220149 102308.71444596481 117.945000000007 24.221424984201178 41.849999999998552 -0.0020601985077863066 -0.00064810643599596347 -17.954515908636228 -69.900772245349387 754.89153937142703 87867.505715309628 84425.355000000025 161.95500000000177 493.46500000000384 396.81499999999511 270.26500000000675 -201.69728654470234 26.129999999997384 0.0081969994239468724 -145.69189473218424 118521.27000000002
decision_type=2 2 2 2 2 2 2 2 2 2 2 2 2 2 2 2 2 2 2 2 2 2 2 2 2 2 2 2 2 2
left_child=1 -1 4 -4 -2 6 7 8 9 -6 -11 -12 13 -7 -15 -16 17 -17 19 20 21 25 -23 24 -24 26 -5 28 -21 -30
right_child=2 -3 3 18 5 12 -8 -9 -10 10 11 -13 -14 14 15 16 -18 -19 -20 27 -22 22 23 -25 -26 -27 -28 -29 29 -31
leaf_value=3.6544079119861312e-05 1.9876436459177787e-05 -1.0383562224363094e-05 -7.1713021314076097e-05 -0.00031991501053468943 6.8944820243572902e-05 2.831210410565515e-05 -0.00011113732674060686 3.1141053250482785e-05 6.4863853753599384e-05 -0.00010775666949378997 -8.2636300851616161e-05 6.0897747242794168e-05 8.250556616453435e-06 7.8501854904953144e-05 -6.3179195892936637e-05 -1.0720020483249043e-05 -0.00012197730805788194 2.105498651477855e-05 7.3486376313858939e-06 1.321109570453429e-05 -0.00013812150952475618 -8.3416389939816997e-05 4.2592047460322796e-05 -0.00017125705044808575 -0.00015297119769148187 5.3382885935607554e-05 3.0832847315615836e-05 2.9185870490219558e-05 -7.4834069139454236e-06 -6.7645520314260326e-05
leaf_weight=203 905 29 46 21 24 103 20 40 23 20 28 20 1060 30 37 38 31 55 1852 502 34 21 83 41 39 96 56 299 1333 31
leaf_count=203 905 29 46 21 24 103 20 40 23 20 28 20 1060 30 37 38 31 55 1852 502 34 21 83 41 39 96 56 299 1333 31
internal_value=0.000526686 0.00349138 0.000426829 8.30716e-05 0.00105588 0.000454546 -0.003 -0.00177419 -0.00369565 -0.00586956 -0.00897059 -0.00541667 0.000901034 -0.00112245 -0.00311518 -0.00462733 -0.00225806 0.000698925 0.000167877 -0.000320814 -0.002289 -0.00144258 -0.00369565 -0.00236196 -0.000327869 0.000953757 -0.00279221 3.46422e-05 -0.000332261 -0.00101173
internal_weight=7120 232 6888 4454 2434 1529 175 155 115 92 68 48 1354 294 191 161 124 93 4408 2556 391 357 184 163 122 173 77 2165 1866 1364
internal_count=7120 232 6888 4454 2434 1529 175 155 115 92 68 48 1354 294 191 161 124 93 4408 2556 391 357 184 163 122 173 77 2165 1866 1364
is_linear=0
shrinkage=0.05


Tree=48
num_leaves=31
num_cat=0
split_feature=4 13 17 30 38 23 17 39 35 11 16 19 26 4 21 30 7 9 18 4 24 16 22 15 5 5 22 7 7 11
split_gain=0.878074 0.62936 0.525975 0.467922 0.894602 1.50708 0.815513 0.86251 0.750319 0.528564 1.41645 0.992363 0.632202 0.719831 0.539796 0.526309 0.495031 0.593727 0.597478 0.707709 0.559427 0.492725 0.635112 0.846749 0.48009 0.593649 0.602598 0.599428 1.67202 0.768858
threshold=402.91180000000003 0.02057994099346103 0.001873015160132189 109449.0017688138 67.44688312137545 -0.47931264280203711 0.0018442859526940226 215.25857142857166 115985.49650000002 -0.0046281182666992439 0.003352326812878672 378.2050000000018 108830.50768319005 282.94285500000007 43.505000000004664 107732.01821168719 0.001152112743266778 0.0003343303683546277 125.01499999999943 228.33430000000001 680.8084487000001 0.0045571406129709469 822.99177025000006 0.0035325023295999371 -0.0011418987987169128 0.00010608433475949197 723.07025375000001 -0.0015127596122520724 -0.0021651937027965108 0.0027558913192411217
decision_type=2 2 2 2 2 2 2 2 2 2 2 2 2 2 2 2 2 2 2 2 2 2 2 2 2 2 2 2 2 2
left_child=1 3 -2 4 9 -6 7 -5 -9 10 14 -12 15 -14 -1 21 -8 -18 -19 -20 -21 22 24 -24 -11 27 -27 28 -26 -29
right_child=2 -3 -4 6 5 -7 16 8 -10 12 11 -13 13 -15 -16 -17 17 18 19 20 -22 -23 23 -25 25 26 -28 29 -30 -31
leaf_value=-2.4507976367862198e-05 6.1339450090750914e-05 -1.2787244812691406e-05 3.0774910669323979e-07 2.4696141657002282e-05 1.0282121221449783e-05 -2.101667295027523e-05 2.7282394001209721e-05 -1.63268066995551e-05 -6.3869489247129932e-05 2.4008264604278309e-05 -8.5152683170457353e-05 3.2357255189975673e-05 -0.00010234794645304883 2.24175170657617e-05 2.0033082795390362e-05 4.7719440442789901e-05 -4.1448419275751081e-05 1.2640817625836618e-05 -6.4726627489150682e-06 2.9637071290507973e-05 -4.4359362300616959e-06 3.6084618492189981e-05 -4.7700183063802616e-05 1.9783712836296662e-06 4.5342787349318251e-05 2.7309521013782101e-05 -7.7809945125679257e-05 1.9116582829112959e-05 -6.253964931152171e-05 -5.6208624593839093e-05
leaf_weight=28 91 20 4781 39 53 35 605 38 22 156 32 21 28 31 70 117 42 112 22 61 34 131 25 21 28 285 23 121 20 28
leaf_count=28 91 20 4781 39 53 35 605 38 22 156 32 21 28 31 70 117 42 112 22 61 34 131 25 21 28 285 23 121 20 28
internal_value=0.000512641 0.00133007 0.000135468 0.00140934 0.000770152 -0.00409091 0.00223077 -0.00207071 -0.00583333 0.00113734 -0.00162252 -0.00820755 0.00154832 -0.00347458 0.00193878 0.00185864 0.0027169 0.00094096 0.00194323 -0.000555555 0.00131579 0.00142005 0.000898161 -0.00478261 0.00129349 0.000544555 0.00191558 -0.00159898 -0.00645833 -3.35569e-05
internal_weight=7120 2248 4872 2228 1253 88 975 99 60 1165 151 53 1014 59 98 955 876 271 229 117 95 838 707 46 661 505 308 197 48 149
internal_count=7120 2248 4872 2228 1253 88 975 99 60 1165 151 53 1014 59 98 955 876 271 229 117 95 838 707 46 661 505 308 197 48 149
is_linear=0
shrinkage=0.05


Tree=49
num_leaves=31
num_cat=0
split_feature=4 4 21 22 20 11 36 9 26 40 38 21 21 42 18 42 42 20 41 36 15 15 39 35 9 22 11 32 39 19
split_gain=0.82825 1.0249 0.621903 0.943067 1.87342 0.782851 0.583963 0.663279 0.702894 1.00854 0.878241 1.70641 0.662253 1.24025 0.792214 0.709898 0.960317 0.958223 0.549701 0.623024 0.581171 1.245 0.779477 0.862004 0.84428 0.834055 0.548304 2.39626 0.532975 0.864268
threshold=288.35204000000004 290.68718500000006 87.150000000001469 440.18571125000011 89.565000000002343 0.0027558913192411217 712.92923167997662 0.006857007099709417 119482.49985301564 801.40921281895874 42.994291847640717 108.81999999999972 140.56000000000498 260.82436452370683 -63.690000000002321 90.623078617247742 -7.6135287260730413 154.12000000000265 337.63366598917662 421.48939237547171 0.0030819496731659766 0.0026772067736591195 765.44999999999925 118983.64225000002 -0.0059416543213505505 754.57530125000005 0.010791888159347262 1420.0219165708916 921.07571428571373 707.79499999999837
decision_type=2 2 2 2 2 2 2 2 2 2 2 2 2 2 2 2 2 2 2 2 2 2 2 2 2 2 2 2 2 2
left_child=2 -2 -1 4 5 -4 18 8 28 10 11 -10 26 14 -14 16 -16 -17 -3 20 21 -20 25 24 -24 -22 -9 -28 -8 -30
right_child=1 6 3 -5 -6 -7 7 12 9 -11 -12 -13 13 -15 15 17 -18 -19 19 -21 22 -23 23 -25 -26 -27 27 -29 29 -31
leaf_value=2.5716972595843082e-05 -2.2274344642759749e-05 2.4314000293709002e-07 1.4620924676185971e-05 1.4437467550164862e-05 -0.00011613854622904083 -4.4111234250839509e-05 1.3362602634480053e-05 4.0523484723697471e-05 0.00013813907553487812 -6.4148976231630727e-05 3.3967375499991563e-05 -9.1020042999293016e-05 4.5960558160656096e-05 1.3718320421219702e-05 -0.00019285662066514936 -3.0601716168734099e-06 1.6327404967078583e-05 -0.00028820532905988853 -6.2461972602953157e-06 3.0443965937349309e-05 -7.0551283653493688e-05 -5.0169127883645378e-05 -0.00022531942045043475 5.450123260947984e-05 -0.00015844277901196758 9.5545156013993399e-05 -0.00019030007506583578 1.6206069323931439e-05 -5.3156255227559082e-05 3.5955365082269182e-05
leaf_weight=800 28 3158 103 226 28 27 1779 106 22 25 111 30 33 39 21 29 42 36 26 47 33 23 24 20 23 63 29 108 33 48
leaf_count=800 28 3158 103 226 28 27 1779 106 22 25 111 30 33 39 21 29 42 36 26 47 33 23 24 20 23 63 29 108 33 48
internal_value=0.000498596 0.00025775 0.00170608 5.20835e-05 -0.00291139 -0.000384615 0.000302979 0.000885187 0.00126465 -0.00164894 -0.000214724 -0.00557692 -0.000869074 -0.003 -0.00493789 -0.00671875 -0.00293651 -0.0103846 -0.000121451 -0.00233591 -0.00349057 -0.00826531 -0.00205521 -0.00619403 -0.00989362 0.000833334 0.000884774 -0.00120438 0.00155914 -0.00240741
internal_weight=7120 5936 1184 384 158 130 5908 2491 2048 188 163 52 443 200 161 128 63 65 3417 259 212 49 163 67 47 96 243 137 1860 81
internal_count=7120 5936 1184 384 158 130 5908 2491 2048 188 163 52 443 200 161 128 63 65 3417 259 212 49 163 67 47 96 243 137 1860 81
is_linear=0
shrinkage=0.05


Tree=50
num_leaves=31
num_cat=0
split_feature=39 25 11 4 35 38 30 39 7 20 38 3 22 24 21 15 9 20 28 13 32 39 35 32 41 35 15 19 17 36
split_gain=0.749983 0.644491 0.675942 0.64165 0.765406 0.742876 0.948888 0.527987 1.13826 0.473687 0.768834 0.899725 0.874348 1.81073 1.51309 0.742976 1.25952 0.701468 1.15221 1.91008 1.05 1.00721 1.03453 0.991155 0.88338 0.578778 1.36157 0.897474 1.44674 1.16667
threshold=215.25857142857166 -0.59844557832600687 -0.014822262706791838 246.28083000000001 115302.09877500001 49.365739067285467 108312.13290544883 343.23607142857151 -0.0050046622059870807 28.965000000003787 63.26716550423388 83005.560000000012 730.53908100000001 486.02840440000006 161.98000000000323 0.0023190967941016044 0.0006832334145601566 52.625000000000007 -652.52414621088235 -0.025393383931503397 -1864.9994051906249 489.43857142857195 93855.47080000001 766.66902030517679 581.71355099239656 117388.19960000001 0.0045296287807899344 432.59500000000122 0.0041905473905710314 229.76470836794763
decision_type=2 2 2 2 2 2 2 2 2 2 2 2 2 2 2 2 2 2 2 2 2 2 2 2 2 2 2 2 2 2
left_child=-1 2 -2 4 5 -3 -7 8 -5 10 11 -9 13 -12 -15 16 -13 18 19 -11 -21 22 -20 -24 -23 -19 27 29 -29 -27
right_child=1 3 -4 7 -6 6 -8 9 -10 17 12 15 -14 14 -16 -17 -18 25 21 20 -22 24 23 -25 -26 26 -28 28 -30 -31
leaf_value=2.7264329869478834e-05 -1.4879659451114258e-05 7.522525800402785e-05 7.3686087537184592e-06 -7.0224489309929608e-05 -5.2039477713489759e-05 -6.9062182027096992e-05 7.1561867088991931e-06 -0.00021209136765710154 3.9728306353761827e-05 0.00011056771319778436 4.6642639552724946e-05 2.4555604615417243e-05 3.0268011734967116e-05 -9.4835074669165147e-05 -0.00043629633264183641 3.3464048126335901e-05 -4.147216789040189e-05 1.515297177823723e-06 -0.00031510225683478992 -0.00029738297868957855 -9.9819158285321564e-05 3.8428469598049728e-05 2.0667073633942019e-05 -2.1254057473343423e-05 -2.8961886518074796e-05 -0.00021377910506961787 4.0012790425532463e-05 -1.2081435507595793e-06 -8.021472374363268e-05 -0.00010987855019784217
leaf_weight=203 25 28 2065 21 24 23 20 25 348 26 39 64 102 23 20 400 20 2938 20 20 28 142 56 26 39 21 113 184 36 21
leaf_count=203 25 28 2065 21 24 23 20 25 348 26 39 64 102 23 20 400 20 2938 20 20 28 142 56 26 39 21 113 184 36 21
internal_value=0.000526686 0.000438774 0.00117225 0.000121193 -0.00394737 -0.00133803 -0.00546512 0.000202874 0.00201897 4.92782e-05 0.0012482 0.00224951 -0.00152174 -0.00536585 -0.0124419 0.00272727 -0.00154762 -0.000177112 -0.00228291 -0.00783784 -0.01375 -0.000830388 -0.00480392 -0.00231707 0.00140884 4.9804e-05 -0.0018 -0.00377863 -0.0025 -0.0104762
internal_weight=7120 6917 2090 4827 95 71 43 4732 369 4363 693 509 184 82 43 484 84 3670 357 74 48 283 102 82 181 3313 375 262 220 42
internal_count=7120 6917 2090 4827 95 71 43 4732 369 4363 693 509 184 82 43 484 84 3670 357 74 48 283 102 82 181 3313 375 262 220 42
is_linear=0
shrinkage=0.05


Tree=51
num_leaves=31
num_cat=0
split_feature=35 11 4 21 20 19 7 21 17 0 19 4 19 15 42 11 42 34 4 35 20 41 21 21 23 21 38 35 23 26
split_gain=0.689874 0.889778 0.761552 0.69618 0.695169 0.747087 1.03896 0.725317 0.753913 0.675521 0.622263 1.36358 0.694444 0.610852 0.568848 0.700005 0.848077 0.62267 0.540156 0.702986 1.78608 1.32884 0.700268 0.703544 0.581771 0.888375 1.08409 0.569407 0.567179 0.540056
threshold=120849.77405000002 -0.0037796939170307701 1346.1144500000003 35.975000000005828 88.620000000002634 226.28499999999624 -0.00064810643599596347 39.230000000003209 0.0037666410926691716 116494.76000000002 1391.8600000000008 2788.9972100000005 1675.8549999999962 0.0011040851661857462 -71.884836970672339 0.00031496387333412667 -120.25826652762747 118292.29597751434 518.40099500000008 118419.09755000002 277.59000000000384 -3.9186743489423317 193.91999999999828 122.93499999999769 -0.69179887040821597 171.66499999999363 50.35646081313967 89163.722825000004 3.3580760841912221 91902.937619452438
decision_type=2 2 2 2 2 2 2 2 2 2 2 2 2 2 2 2 2 2 2 2 2 2 2 2 2 2 2 2 2 2
left_child=3 2 -2 14 9 6 -6 8 -7 10 -5 12 -12 -9 15 29 -17 -16 22 28 21 -21 23 -15 25 26 -25 -26 -20 -1
right_child=1 -3 -4 4 5 7 -8 13 -10 -11 11 -13 -14 18 17 16 -18 -19 19 20 -22 -23 -24 24 27 -27 -28 -29 -30 -31
leaf_value=-0.00037211629211838761 -0.00012065335554751816 3.7576141516255685e-05 -1.7518210719988827e-06 5.3345492176644097e-06 -1.4105107999269919e-05 -0.00024712775129434041 -2.4878363017306131e-05 -5.2224593841707342e-05 3.1621172727987276e-05 1.970956430968211e-05 -0.00042219286311912657 7.1280845054360928e-05 -0.00010733116656833019 6.4892594445134465e-06 2.2261722287708453e-05 2.9486390307250961e-05 -2.3050817435123433e-05 -1.5611495863974305e-05 -2.5656647864544313e-06 -2.3731163799730327e-05 2.7854452604538081e-05 -8.3953294284796565e-05 3.3276593897727103e-05 -1.442594865142617e-05 -0.00011818948607214432 -2.3766666197376794e-05 5.8727879792737579e-05 9.176100643568908e-06 2.7813440062492742e-05 1.2378055372298605e-05
leaf_weight=59 22 41 21 2072 20 27 35 23 23 353 25 36 20 477 1129 20 32 30 1951 28 31 29 129 29 20 21 28 106 71 212
leaf_count=59 22 41 21 2072 20 27 35 23 23 353 25 36 20 477 1129 20 32 30 1951 28 31 29 129 29 20 21 28 106 71 212
internal_value=0.000575843 -0.00392857 -0.00895349 0.000629619 0.000372705 -0.000134514 -0.00590909 -2.83994e-05 -0.006 0.000989625 0.000657223 -0.00364198 -0.00944444 7.30549e-05 0.00159244 -0.000263158 -0.00557692 0.00210958 0.000136986 -0.00028436 -0.00465909 -0.00991228 0.00123457 0.000594714 -0.00186274 -0.00525641 -0.00201754 0.000238095 -9.39662e-05 0.000756458
internal_weight=7120 84 43 7036 5554 3048 55 2993 50 2506 2153 81 45 2943 1482 323 52 1159 2920 2110 88 57 810 681 204 78 57 126 2022 271
internal_count=7120 84 43 7036 5554 3048 55 2993 50 2506 2153 81 45 2943 1482 323 52 1159 2920 2110 88 57 810 681 204 78 57 126 2022 271
is_linear=0
shrinkage=0.05


Tree=52
num_leaves=31
num_cat=0
split_feature=21 35 23 15 2 27 7 7 20 11 2 2 35 19 4 39 3 40 4 40 31 38 38 28 42 31 11 25 24 24
split_gain=0.652758 0.571593 0.779538 0.455627 0.462185 0.55698 1.17578 1.28171 1.20555 1.30899 0.662622 0.647239 0.540164 0.741565 1.70117 0.830723 1.04143 0.675 0.548218 0.551566 0.507008 0.48 0.470815 1.37291 0.853895 0.61521 0.683048 0.838906 0.860345 1.56801
threshold=7.5000000000000009 121533.39820000001 -0.11917198430604281 0.0009701039168011537 116304.24000000001 114712.41125000002 0.001152112743266778 0.0021864023428401574 81.205000000009036 -0.0013112652702440847 112884.91500000001 115322.63500000002 118102.78367500003 408.27499999999424 402.91180000000003 600.29571428571433 118420.07500000003 -76.014148358786755 821.43187000000012 779.39650534585246 114480.96740000001 38.889076675488432 68.444556065944923 179.21715495877291 -7.6135287260730413 83544.30710000002 0.0044174489012321965 -0.2260801660200962 955.76621870000019 1764.5392712000003
decision_type=2 2 2 2 2 2 2 2 2 2 2 2 2 2 2 2 2 2 2 2 2 2 2 2 2 2 2 2 2 2
left_child=-1 3 -3 -2 5 10 8 -8 -7 -10 22 -9 18 14 17 16 21 -14 -6 -20 -12 -15 -5 -24 -25 -26 -27 28 -28 -30
right_child=1 2 -4 4 12 6 7 11 9 -11 20 -13 13 15 -16 -17 -18 -19 19 -21 -22 -23 23 24 25 26 27 -29 29 -31
leaf_value=1.7872244092575719e-05 2.6962040250459775e-05 5.7416630517890822e-05 -0.00013638920758594585 3.1524836638155949e-06 2.7801175071170424e-05 2.1138837403460657e-05 -7.1377464144323403e-05 -9.8760919164643225e-05 -5.4528370624099492e-07 -8.7649457909726739e-05 2.2603533159915126e-05 4.1802850939101074e-05 5.1253689466027502e-05 -5.3384837054523015e-06 -0.00013312230774547822 9.1770629503611954e-06 -5.4517266955880124e-05 -3.3366100781860801e-05 1.1525609373955615e-05 -5.7218965379174251e-05 -5.9551365080201224e-05 5.3946435677253377e-05 -0.00015790927220026178 -5.3481438200399582e-05 3.3019892820992678e-05 2.0995530402360136e-05 -4.3559333707256749e-06 -5.3002185112315708e-07 -0.00012266531323603386 1.5763612667565621e-05
leaf_weight=632 95 31 20 4147 408 118 30 33 91 28 233 28 45 20 25 133 20 27 106 39 41 30 22 34 86 178 68 279 47 26
leaf_count=632 95 31 20 4147 408 118 30 33 91 28 233 28 45 20 25 133 20 27 106 39 41 30 22 34 86 178 68 279 47 26
internal_value=0.000617978 0.000468558 -0.00480392 0.000510331 0.000458846 0.000290581 -0.00170732 -0.00653846 0.00014768 -0.00340336 0.000417555 -0.00237705 0.00154162 -0.000166666 -0.00376289 0.00155172 -0.00285714 0.000138889 0.00246835 -0.000172414 0.00281022 0.001 0.000283405 -0.000878378 -0.000501393 -0.000116959 -0.000685619 -0.00178571 -0.00492908 -0.00869863
internal_weight=7120 6488 51 6437 6342 5489 328 91 237 119 5161 61 853 300 97 203 70 72 553 145 274 50 4887 740 718 684 598 420 141 73
internal_count=7120 6488 51 6437 6342 5489 328 91 237 119 5161 61 853 300 97 203 70 72 553 145 274 50 4887 740 718 684 598 420 141 73
is_linear=0
shrinkage=0.05


Tree=53
num_leaves=31
num_cat=0
split_feature=16 36 24 30 3 16 23 41 5 41 42 17 36 1 25 42 42 13 0 23 34 31 30 42 9 17 20 26 35 19
split_gain=0.652818 0.633881 0.604277 2.08271 0.512773 2.8735 0.503354 0.795571 1.04951 1.05341 0.965086 0.951452 0.625539 0.748241 0.732305 0.594993 0.897546 1.10869 1.11761 1.45869 1.06988 1.6214 0.950694 0.716275 0.693219 0.640093 0.611134 0.835431 0.741659 0.557026
threshold=0.0013532534814095526 712.92923167997662 1602.7348762000004 88752.111696364474 118521.27000000002 0.0035031613130170336 -0.76889629613286636 -41.158962248894007 -0.0026073999327706891 20.816742070761432 -77.622956045172145 0.0043134009352103079 -4354.0374096149744 107280.85000000002 -0.57784505514192208 -122.31126136131259 -65.961154900624791 -0.010546462507477811 102779.55 0.39009666920845165 110712.19373214628 113759.433 84107.462749849976 -53.855899094654283 0.003497045220761249 0.0048417645774624955 501.31999999999977 89193.860975182222 118419.09755000002 1770.3000000000031
decision_type=2 2 2 2 2 2 2 2 2 2 2 2 2 2 2 2 2 2 2 2 2 2 2 2 2 2 2 2 2 2
left_child=-1 4 -3 -4 6 -6 7 12 -9 11 -11 -10 13 14 -2 26 17 22 19 25 -20 -22 -17 -18 -24 -19 28 -28 -8 -25
right_child=1 2 3 -5 5 -7 15 8 9 10 -12 -13 -14 -15 -16 16 23 18 20 -21 21 -23 24 29 -26 -27 27 -29 -30 -31
leaf_value=2.6624133479128207e-05 3.3706507109543043e-05 6.7733811655136463e-06 9.1454887769097505e-06 -0.0004206829861960542 -6.3192174654435324e-05 4.6604173284717687e-05 1.7125069151447954e-05 -7.7474064900180022e-05 4.5749738139252395e-06 -3.7288151607344882e-05 2.6010035150166787e-05 -8.68012828491671e-05 2.9445390911928434e-05 -4.2324337536365635e-05 -0.00024921552163044815 -0.00010057967299389598 3.9272253306851168e-05 1.0021050260067825e-05 3.2874986014631411e-05 -0.00045895449883539034 -0.00019859056134261148 -7.3717627396059427e-06 4.8974644725678426e-05 -3.0397728427771822e-07 -8.0537825883339017e-05 -9.5225025267223789e-05 -0.00081858796657326496 1.5301673486898359e-05 -1.5777417424677345e-05 -0.00012665911599690584
leaf_weight=232 82 2771 58 39 20 45 653 26 21 37 180 20 426 21 20 20 104 23 61 21 29 51 139 1799 21 29 21 44 40 67
leaf_count=232 82 2771 58 39 20 45 653 26 21 37 180 20 426 21 20 20 104 23 61 21 29 51 139 1799 21 29 21 44 40 67
internal_value=0.000667135 0.000579268 0.00114714 -0.00273196 0.00017413 -0.00423077 0.000246524 0.00133854 -0.000809859 0.000155039 0.00154378 -0.00719512 0.00244991 -0.000691057 0.00107843 -4.48429e-05 -0.000435702 -0.00261421 -0.00504673 -0.0100685 -0.00244681 -0.00625 0.000277778 1.86265e-10 0.0015625 -0.00557692 0.00117414 -0.00346154 0.00160895 -0.00022508
internal_weight=7120 6888 2868 97 4020 65 3955 833 284 258 217 41 549 123 102 3122 2364 394 214 73 141 80 180 1970 160 52 758 65 693 1866
internal_count=7120 6888 2868 97 4020 65 3955 833 284 258 217 41 549 123 102 3122 2364 394 214 73 141 80 180 1970 160 52 758 65 693 1866
is_linear=0
shrinkage=0.05


Tree=54
num_leaves=31
num_cat=0
split_feature=21 36 9 25 1 15 15 39 36 13 9 20 15 21 0 23 26 27 35 38 21 30 2 5 9 42 13 7 7 23
split_gain=0.692123 0.573636 0.584131 0.75 0.562561 0.847685 1.22272 0.872484 2.27602 0.688986 0.580087 0.49139 0.69974 0.742205 0.672953 0.643768 0.949163 0.533031 1.28065 0.685122 1.14479 0.960767 1.04768 1.14853 1.17071 0.72 0.557959 0.451523 1.23261 0.440695
threshold=41.849999999998552 -1311.6177007792428 0.013330345369045763 2.3669206308883424 111747.11500000001 0.0059830122597481035 0.0036000255932399396 690.34571428571405 -2729.9049303742354 0.0032934636249515072 -0.0025681110293301196 64.959999999999141 0.0011428324258145619 101.51999999999681 113748.94500000002 2.4126039992192307 104389.39772144513 111641.04700000002 114989.54225000001 63.609134753797129 238.41499999999363 109449.0017688138 108090.89000000001 -0.00057520997607186616 -0.0013616764758769683 112.23362357441712 -0.010364127655229193 0.001152112743266778 0.0020378368725138371 3.2607228082727002
decision_type=2 2 2 2 2 2 2 2 2 2 2 2 2 2 2 2 2 2 2 2 2 2 2 2 2 2 2 2 2 2
left_child=1 4 -3 -4 5 6 9 -8 -9 10 -1 14 13 -13 15 17 -17 19 26 -2 21 22 23 24 -21 -25 -19 -16 -29 -14
right_child=11 2 3 -5 -6 -7 7 8 -10 -11 -12 12 29 -15 27 16 -18 18 -20 20 -22 -23 -24 25 -26 -27 -28 28 -30 -31
leaf_value=-4.4248261124960109e-05 1.2168645497213321e-05 1.7309214380384175e-05 -9.7924121819474531e-05 2.0873920721675674e-05 3.1994090769376755e-05 3.8032780685886208e-05 -5.4375997434894892e-06 -0.00030350579943782635 -2.7629451047431449e-05 -6.1106479591598254e-05 6.3776849809940741e-05 5.6907471905127419e-06 2.3563781632048675e-07 -6.1676373533799849e-05 2.7804756760434313e-05 -0.00036465782857974497 5.3840781810207989e-05 -1.3961506851288659e-05 1.7966325293806144e-05 -0.00028588498501417795 2.6311632390975875e-05 4.7921728646883218e-05 -0.00014906004529212705 5.6029566701994801e-05 -4.8303719957350256e-05 -1.9866684546703271e-05 -0.00015985519087948529 -2.9354559950678775e-05 3.7927957087918106e-05 2.763519652288664e-05
leaf_weight=21 1028 1271 24 24 76 82 37 23 24 39 67 22 3376 23 288 33 24 20 66 25 70 40 30 45 26 30 27 36 125 98
leaf_count=21 1028 1271 24 24 76 82 37 23 24 39 67 22 3376 23 288 33 24 20 66 25 70 40 30 45 26 30 27 36 125 98
internal_value=0.00070927 0.0015936 0.00208112 -0.00333333 -0.000149051 -0.00114334 -0.0028199 -0.0075 -0.0120213 0.000275591 0.00272727 0.000434463 8.38308e-05 -0.00611111 0.00107946 0.000560109 -0.00464912 0.000771144 -0.00252212 0.00105873 -0.00120301 -0.00316327 -0.0049359 -0.00293651 -0.00872549 0.001 -0.00882979 0.00277283 0.000652174 0.000164076
internal_weight=7120 1688 1319 48 369 293 211 84 47 127 88 5432 3519 45 1913 1464 57 1407 113 1294 266 196 156 126 51 75 47 449 161 3474
internal_count=7120 1688 1319 48 369 293 211 84 47 127 88 5432 3519 45 1913 1464 57 1407 113 1294 266 196 156 126 51 75 47 449 161 3474
is_linear=0
shrinkage=0.05


Tree=55
num_leaves=31
num_cat=0
split_feature=21 39 30 22 4 7 42 21 28 15 17 7 30 9 28 17 23 9 39 28 32 39 15 41 31 42 4 26 21 21
split_gain=0.899698 0.53641 0.535625 0.814009 0.707575 0.645414 0.77958 1.09247 0.671813 0.996297 1.86092 0.708998 0.621941 0.620084 2.25576 2.35309 0.982651 0.698296 0.667513 0.540329 0.490279 0.467209 1.97104 1.64835 0.642093 0.515868 0.793849 0.491485 0.470861 0.664866
threshold=34.36499999999797 215.25857142857166 108485.34027668234 275.15375825000007 428.03269000000006 -0.01704063830873381 -234.4939115819034 352.85000000000588 -54.314496311882969 0.0015862202577433583 0.0034441335009542892 -0.003858348044500456 108249.40143607226 -0.0013014087965684913 136.78377991387245 0.0035169065058861929 -0.67389310568752125 -0.0019206006133534071 1457.2046428571441 32.817623310402276 -695.49452309990727 604.80214285714271 0.0032240716375723645 200.87217797540265 103718.19780000001 195.94126517186794 917.77408000000014 107298.74828359165 53.574999999997097 43.505000000004664
decision_type=2 2 2 2 2 2 2 2 2 2 2 2 2 2 2 2 2 2 2 2 2 2 2 2 2 2 2 2 2 2
left_child=-1 -2 3 -3 -4 6 -5 -8 -7 10 -10 19 13 14 15 -13 -17 -16 20 -11 -15 25 23 -23 28 27 -27 -22 29 -24
right_child=1 2 4 5 -6 8 7 -9 9 11 -12 12 -14 18 17 16 -18 -19 -20 -21 21 22 24 -25 -26 26 -28 -29 -30 -31
leaf_value=1.3481163823763891e-05 2.3754550036155104e-05 -6.2188483992985468e-05 8.5053701293774246e-06 5.011308361669676e-06 2.2646376947817077e-06 9.0033174756797785e-06 -0.00045887640501412574 7.7119891643181984e-07 -0.00013515394934091393 -0.00018846791683749101 -1.0383746939974946e-07 -0.00015724572807147413 -2.2743774972310414e-05 7.6640059619426676e-05 1.7214101855446395e-05 -0.00015620268325082704 3.2106453243642237e-05 -8.6907491602203322e-05 -0.00014162175142749846 3.1337640895394028e-05 1.3671734725556262e-05 -4.1820457792643105e-05 8.8774088881005987e-06 -0.0001620784981501729 6.8338572802970185e-05 -0.00017119652105730034 5.2733438351112344e-05 -4.6886172277421574e-05 -3.5581430422123871e-06 -0.00012452356083241745
leaf_weight=1445 103 36 797 37 1500 1397 20 23 21 20 38 26 32 50 130 30 27 32 22 157 557 28 21 24 70 27 23 23 384 20
leaf_count=1445 103 36 797 37 1500 1397 20 23 21 20 38 26 32 50 130 30 27 32 22 157 557 28 21 24 70 27 23 23 384 20
internal_value=0.00073736 0.000453745 0.000387653 -2.29006e-05 0.000973008 6.0204e-05 -0.004375 -0.00895349 0.000172523 -0.000476731 -0.00686441 -0.000255431 -0.000602883 -0.000455154 -0.0027551 -0.00945783 -0.00377193 0.000679013 -4.00302e-06 0.00274011 0.000150774 -5.5225e-05 -0.00112431 -0.0103846 -0.000151515 0.000873016 -0.004 0.0012931 -0.000882353 -0.00597561
internal_weight=7120 5675 5572 3275 2297 3239 80 43 3159 1762 59 1703 1526 1494 245 83 57 162 1249 177 1227 1177 547 52 495 630 50 580 425 41
internal_count=7120 5675 5572 3275 2297 3239 80 43 3159 1762 59 1703 1526 1494 245 83 57 162 1249 177 1227 1177 547 52 495 630 50 580 425 41
is_linear=0
shrinkage=0.05


Tree=56
num_leaves=31
num_cat=0
split_feature=21 20 19 7 28 36 26 21 17 32 28 9 35 42 42 24 24 24 5 35 9 31 5 24 4 24 9 13 27 7
split_gain=0.682783 0.674774 0.773559 1.03896 0.657075 0.788994 1.4822 0.683452 1.7037 0.678788 0.676813 0.642171 0.724735 0.710859 1.14538 0.84736 0.710057 1.44643 1.05936 1.25953 2.00852 0.893912 1.11394 0.860782 0.708247 0.740192 0.509783 0.492368 0.712415 0.695817
threshold=35.975000000005828 88.620000000002634 226.28499999999624 -0.00064810643599596347 -474.72809745351691 1.0000000180025095e-35 108444.63822291151 80.680000000000305 0.0042113672184105758 -524.49094303129812 2157.8910248429243 0.0045174533982105464 121533.39820000001 -83.439266071942754 -122.31126136131259 1451.6160590000002 775.17413240000008 516.72958060000008 0.0050749270713093013 106780.26690000002 0.0081496725580629797 110820.51860000001 0.00094189190220058717 657.01078953000012 2788.9972100000005 1764.5392712000003 -0.026771790427933696 -0.0011147524921159436 118784.55525000002 0.0018980888552470635
decision_type=2 2 2 2 2 2 2 2 2 2 2 2 2 2 2 2 2 2 2 2 2 2 2 2 2 2 2 2 2 2
left_child=27 4 3 -3 5 7 9 8 -2 -7 -6 12 26 14 15 -13 17 -15 19 20 23 -21 -23 -19 -18 -26 -4 -1 -29 -30
right_child=1 2 11 -5 10 6 -8 -9 -10 -11 -12 13 -14 16 -16 -17 24 18 -20 21 -22 22 -24 -25 25 -27 -28 28 29 -31
leaf_value=3.199354852504165e-06 -0.00012485322921894758 -1.3601284918682223e-05 -5.595652207789697e-05 -2.3743928526306546e-05 1.0724112422823981e-05 -8.8047928886450145e-05 1.7957729596486834e-05 9.281304669611542e-06 9.2578979250325136e-05 -1.2236582343699593e-05 -3.6630687404199527e-05 2.9770002240022845e-05 -0.00014023748074071206 3.368946966011376e-05 -0.00018931799241261806 -0.0006916056151004224 1.8091070228561786e-05 -0.00011479909134779516 6.5125811544954092e-05 7.9193450926805361e-05 -0.00016212529331052333 1.4459435482634991e-05 -8.2278827469417151e-05 2.2084955260227244e-05 9.4803826524225475e-06 -0.0001968803095252459 3.5165770144302294e-06 2.2178799835917567e-05 2.4519927201920328e-05 -4.410556071467542e-05
leaf_weight=567 27 20 40 35 1989 22 65 359 23 20 26 34 28 84 26 26 379 22 29 25 22 24 23 23 23 20 2207 886 22 24
leaf_count=567 27 20 40 35 1989 22 65 359 23 20 26 34 28 84 26 26 379 22 29 25 22 24 23 23 23 20 2207 886 22 24
internal_value=0.000716292 0.000463441 -3.23623e-05 -0.00590909 0.00106875 -0.000523256 -0.00434579 0.000476773 -0.005 -0.0116667 0.00147643 7.41353e-05 0.000494506 -0.00118421 -0.00546512 -0.00166667 -0.000637982 -0.00273809 -0.00541667 -0.00723022 -0.0121642 -0.00263889 -0.00670213 -0.00611111 0.000616114 -0.00546512 0.000594126 0.00166444 0.00237124 -0.00369565
internal_weight=7120 5621 3090 55 2531 516 107 409 50 42 2015 3035 2275 760 86 60 674 252 168 139 67 72 47 45 422 43 2247 1499 932 46
internal_count=7120 5621 3090 55 2531 516 107 409 50 42 2015 3035 2275 760 86 60 674 252 168 139 67 72 47 45 422 43 2247 1499 932 46
is_linear=0
shrinkage=0.05


Tree=57
num_leaves=31
num_cat=0
split_feature=39 25 4 17 39 42 36 11 35 32 3 11 39 16 11 20 25 22 20 7 4 2 36 20 15 15 7 23 28 38
split_gain=0.553612 0.484586 0.889949 0.734411 0.677037 0.540613 0.758765 1.0247 1.09782 0.750497 0.732306 0.693269 0.656219 0.679427 0.901911 1.42199 1.48073 0.689997 1.1361 0.647096 0.655267 0.989319 0.702466 0.619721 0.536619 0.517456 0.517429 0.631744 0.489789 0.471387
threshold=215.25857142857166 -0.52345879426637099 246.28083000000001 0.0018442859526940226 343.23607142857151 -182.97868456835207 651.09340664956119 0.0081969994239468724 83747.017500000016 1551.2762180066131 118521.27000000002 0.00031496387333412667 722.09214285714302 0.0044570339602270723 0.0023763429128941531 134.29999999999566 0.095207063642526082 1015.0400315000003 181.23000000000323 -0.01704063830873381 679.19376000000022 107486.58500000001 -789.15955306037347 11.160000000003494 0.0015106221014769552 0.002231431361285553 -0.0048008956940984891 -0.15867673055797307 -464.47996599965694 42.850659628432105
decision_type=2 2 2 2 2 2 2 2 2 2 2 2 2 2 2 2 2 2 2 2 2 2 2 2 2 2 2 2 2 2
left_child=-1 29 3 -3 28 11 7 10 -9 -10 12 25 -7 17 19 -16 -17 18 -14 -15 21 -21 26 -8 -25 -6 27 -22 -4 -2
right_child=1 2 4 -5 5 6 23 8 9 -11 -12 -13 13 14 15 16 -18 -19 -20 20 22 -23 -24 24 -26 -27 -28 -29 -30 -31
leaf_value=2.025479430927707e-05 1.00732800134965e-05 -0.00012719609935426881 -1.4830671812257617e-05 -1.7789953300799138e-07 -1.5751538326897906e-05 -3.0623943157564054e-06 3.0661208331936084e-05 -8.0391347703507096e-05 5.1703085967369341e-05 -0.0001427861978819938 -5.563228391941139e-05 -0.00015165782836106556 -6.0109230542304041e-05 -0.00012936526745733551 8.5733399209488824e-06 -0.00029563098123551408 -0.00018278488913946362 4.8938861613940608e-06 -0.00032577269833632458 0.00018872493491287219 -0.00017650404276638892 -0.0001643128892617182 -9.8348329402163181e-05 -2.2679906163737529e-05 3.8856489112667855e-06 1.8012417098786637e-05 6.2181556119058972e-05 1.3401284956246143e-05 3.7700919601309721e-05 3.0604335687926642e-06
leaf_weight=203 671 22 39 26 33 1009 141 27 285 39 28 20 35 39 31 23 24 29 27 21 31 23 20 32 1446 513 114 60 290 1819
leaf_count=203 671 22 39 26 33 1009 141 27 285 39 28 20 35 39 31 23 24 29 27 21 31 23 20 32 1446 513 114 60 290 1819
internal_value=0.000702247 0.000626717 0.000312853 -0.00645833 0.000387075 0.000209877 -2.29619e-05 -0.000710456 0.00172365 0.00253086 -0.00127477 0.00164311 -0.00112382 -0.00265199 -0.00173575 -0.00653846 -0.0120213 -0.00653846 -0.00951613 -0.00051948 0.00035316 -0.00522727 0.00144444 0.000768993 0.000466847 0.00197802 0.00231707 -0.000494505 0.00256839 0.00118474
internal_weight=7120 6917 4427 48 4379 4050 3484 1865 351 324 1514 566 1486 477 386 78 47 91 62 308 269 44 225 1619 1478 546 205 91 329 2490
internal_count=7120 6917 4427 48 4379 4050 3484 1865 351 324 1514 566 1486 477 386 78 47 91 62 308 269 44 225 1619 1478 546 205 91 329 2490
is_linear=0
shrinkage=0.05


Tree=58
num_leaves=31
num_cat=0
split_feature=21 34 23 19 13 11 42 32 13 34 38 19 13 42 24 40 11 23 38 5 5 22 42 32 5 4 11 9 32 24
split_gain=0.517262 0.613627 0.554065 0.494936 0.557244 1.23318 1.20537 1.03537 0.898985 1.47503 0.749524 1.27977 0.730988 0.76547 1.22013 0.872072 0.712053 0.689655 0.5537 0.487131 2.07751 0.826048 0.535728 0.461094 0.582607 0.758052 0.737121 1.29711 0.986632 0.91539
threshold=34.36499999999797 118549.91293011764 0.63267922858279135 349.06500000000239 -0.0097856584622250803 0.0032783836679818007 118.78988452502965 1023.5768285583619 -0.0070234036860090648 112807.03212579932 56.755701396009535 685.91500000000099 -0.012584721226509299 -161.46819174901051 1047.0466157000003 -246.36719196637566 0.0015344957175890139 1.7635742236211136 38.506066108374256 -0.00013277926347853166 0.0012665332399116821 1241.5282810000003 -1.5748689737030686 1468.5806473930718 0.0016647923786165589 239.30757000000003 -0.0041834840655927243 0.00055573818023880149 783.23969052378391 565.9148871000001
decision_type=2 2 2 2 2 2 2 2 2 2 2 2 2 2 2 2 2 2 2 2 2 2 2 2 2 2 2 2 2 2
left_child=1 23 -2 -4 12 6 7 8 9 17 16 -12 13 -5 15 -15 18 -6 -10 -7 -21 22 -22 24 -1 -26 27 -27 -28 -30
right_child=2 -3 3 4 5 19 -8 -9 10 -11 11 -13 -14 14 -16 -17 -18 -19 -20 20 21 -23 -24 -25 25 26 28 -29 29 -31
leaf_value=1.6910667811802066e-05 3.7203847971345387e-06 -3.4563222747300945e-05 2.3941157623548345e-05 1.0981912729805771e-05 -0.00017832193320919257 3.1396774257860464e-05 -0.00035289190681865725 -0.00011714668892398369 -3.4779669410424324e-06 -0.00011532510785997908 4.1396156701799927e-05 -0.00023598801212463194 5.2642196669177514e-05 5.7459180667382516e-05 -0.00010610213956220918 -8.3717510195120023e-05 -3.4706090476530859e-05 3.8483505889435097e-05 4.517672173363873e-05 -0.00011960213923935001 -4.8106622878419378e-05 -0.00039267411973038655 1.8247614278497121e-05 2.2224965741490964e-05 -4.3765185887747108e-05 1.4237367429852981e-05 2.3438684880618785e-05 -6.2000482402548167e-05 -2.7725581809564715e-05 1.7681461015421872e-06
leaf_weight=796 4448 35 71 208 29 101 23 30 32 22 22 27 83 54 20 20 24 20 161 31 25 23 201 172 38 29 272 20 24 59
leaf_count=796 4448 35 71 208 29 101 23 30 32 22 22 27 83 54 20 20 24 20 161 31 25 23 201 172 38 29 272 20 24 59
internal_value=0.000695225 0.00153979 0.000480176 -0.000460473 -0.000709342 -0.00148508 -0.00346154 -0.00276567 -0.00197329 -0.00697183 -0.000639098 -0.00622449 0.000844156 -0.000298013 -0.00404255 -0.00108108 0.00062212 -0.00214286 0.00163212 0.000538058 -0.000535714 0.000983936 0.00190266 0.00170213 0.00136511 -9.04975e-05 0.000544555 -0.00520408 0.00133803 -0.00343373
internal_weight=7120 1445 5675 1227 1156 771 390 367 337 71 266 49 385 302 94 74 217 49 193 381 280 249 226 1410 1238 442 404 49 355 83
internal_count=7120 1445 5675 1227 1156 771 390 367 337 71 266 49 385 302 94 74 217 49 193 381 280 249 226 1410 1238 442 404 49 355 83
is_linear=0
shrinkage=0.05


Tree=59
num_leaves=31
num_cat=0
split_feature=21 36 0 34 22 19 2 3 23 4 23 17 40 7 40 42 5 39 22 15 22 35 21 38 4 16 16 18 32 38
split_gain=0.682783 0.495016 0.560049 1.01409 1.14547 0.952381 0.507649 0.646279 0.8291 0.593939 0.494211 0.877922 0.439277 1.21753 0.500199 0.534879 0.868111 0.90702 1.45409 1.51309 0.91436 1.18923 1.08846 1.20644 0.873524 0.772736 1.25925 0.885551 0.659706 0.807077
threshold=35.975000000005828 4903.5236858604048 119646.31000000001 117133.07498007447 723.07025375000001 455.43999999999511 116304.24000000001 115962.58500000001 -0.36068682816958991 781.25311000000011 1.0557310531246775 0.0029978547704532905 987.94296557299833 0.0011080173317285804 731.56789028541982 -112.83952037250593 -0.001844340499404023 793.20357142857245 1007.1259347500001 0.0061582559917020318 769.56133375000013 83543.334650000019 156.60499999999595 63.26716550423388 2788.9972100000005 0.0054461675907029753 0.0070354391954195314 -492.05999999999761 839.18203942439152 49.066476570832535
decision_type=2 2 2 2 2 2 2 2 2 2 2 2 2 2 2 2 2 2 2 2 2 2 2 2 2 2 2 2 2 2
left_child=-1 2 6 -4 -5 -6 7 12 -9 -10 -8 -12 14 -14 15 28 17 20 19 -19 21 -17 -23 -24 -18 -20 27 -27 -2 -30
right_child=1 -3 3 4 5 -7 10 8 9 -11 11 -13 13 -15 -16 16 24 18 25 -21 -22 22 23 -25 -26 26 -28 -29 29 -31
leaf_value=1.14080136868874e-05 8.0635497824008494e-06 1.625928491034174e-05 -1.1973746237357242e-05 -5.5973149833929946e-05 -8.8829232870937288e-06 4.5640704164129617e-05 1.3387520967139883e-05 1.5558288736868598e-05 -4.4827307427806597e-05 -3.1084813518288524e-06 1.963620912411783e-05 -6.0446639373047857e-05 1.7892007832734008e-05 -0.00010110479394332832 1.8491052692520784e-05 -7.2271401386242968e-05 4.2639163510193654e-06 -0.00027806019358894365 4.5693342402417635e-05 -4.2638926717200042e-05 4.2359995155105476e-05 6.2723196106011061e-06 -8.6213725343628879e-05 -0.00050208695678390384 -0.00016688348742781848 -1.0174457154100673e-05 1.0566228968242308e-06 -0.00047309117578165694 -4.9340932097648921e-05 4.2916197252555693e-05
leaf_weight=1499 850 281 23 27 20 64 418 24 20 24 33 30 28 27 130 22 2679 20 31 23 225 231 117 22 56 23 86 22 38 27
leaf_count=1499 850 281 23 27 20 64 418 24 20 24 33 30 28 27 130 22 2679 20 31 23 225 231 117 22 56 23 86 22 38 27
internal_value=0.000716292 0.000463441 0.000355805 -0.00283582 -0.000855856 0.00202381 0.000437956 0.000280423 -0.00455882 -0.00863636 0.00198545 -0.00214286 0.000351085 -0.00409091 0.000404172 0.000315295 3.79535e-05 -0.00138686 -0.00426829 -0.0124419 -0.000429497 -0.00188775 -0.00121622 -0.00471223 0.000466179 -0.00209877 -0.00377863 -0.0105556 0.00139344 -0.00346154
internal_weight=7120 5621 5340 134 111 84 5206 4725 68 44 481 63 4657 55 4602 4472 3557 822 205 43 617 392 370 139 2735 162 131 45 915 65
internal_count=7120 5621 5340 134 111 84 5206 4725 68 44 481 63 4657 55 4602 4472 3557 822 205 43 617 392 370 139 2735 162 131 45 915 65
is_linear=0
shrinkage=0.05


Tree=60
num_leaves=31
num_cat=0
split_feature=23 42 23 11 20 9 32 40 31 21 13 24 40 36 13 9 20 22 38 20 18 23 20 9 17 39 23 7 39 21
split_gain=0.521164 0.573431 0.801081 0.90167 1.26326 0.681925 0.676738 0.662313 1.46467 1.10015 0.721497 1.16074 1.66951 1.10208 0.908147 0.89308 0.791379 0.71172 0.655674 0.6013 0.576923 0.576489 0.546167 0.797505 0.483666 0.498736 0.815352 0.535363 0.493793 1.00857
threshold=-0.76889629613286636 -147.87878179645307 -0.74674427267511823 0.0050274739154400096 105.74500000000263 -1.0000000180025095e-35 -799.22387482666807 -252.17949498437517 87064.109600000011 178.61499999999799 -0.012194601472571341 899.47113030000014 -444.82339862176008 -2364.7539807431963 -0.0042095139488388155 -0.00092601932831994722 144.49499999999537 1561.4067742500004 35.509699027088139 274.54499999999831 220.04499999999828 0.42369900435297531 548.3050000000004 -0.0087794197065651104 0.0014773772953973264 350.63999999999737 -0.70599012260717375 -0.0042831253816650794 362.30500000000137 51.0350000000035
decision_type=2 2 2 2 2 2 2 2 2 2 2 2 2 2 2 2 2 2 2 2 2 2 2 2 2 2 2 2 2 2
left_child=-1 22 3 4 5 -3 7 9 -9 10 21 12 13 15 18 -12 -13 -11 -14 -10 -19 -4 -2 -24 -8 26 -26 -28 29 -27
right_child=1 2 6 -5 -6 -7 24 8 19 17 11 16 14 -15 -16 -17 -18 20 -20 -21 -22 -23 23 -25 25 28 27 -29 -30 -31
leaf_value=6.6129775833443771e-06 1.1953290760455093e-05 1.9957539345275915e-05 2.4995329765255061e-05 8.2885497684990946e-05 -6.050266812699495e-05 -3.1070617947541613e-05 -1.1597675227454588e-05 -0.00016672017214243196 1.6122457143337657e-06 3.1963577165879325e-05 -7.71064146112439e-05 -0.00028820170885184276 -4.6138252464009948e-05 -0.00018547013904406562 0.00010227665100312244 3.185267312546126e-05 0.00014141257141915312 -0.00014717931086521705 -0.00014853159787462994 -0.00020283801645827875 4.6195342191821354e-05 -3.0433983726174502e-05 3.1072335904168077e-05 -0.00061625686413824103 -3.6430757408570726e-05 5.9895856594255049e-05 -3.0125316161230471e-06 2.0688951099132861e-05 3.2849911138860415e-06 -5.9208277685157928e-05
leaf_weight=1479 754 26 105 21 20 31 21 29 109 248 25 29 27 32 35 23 51 39 20 21 26 29 27 29 25 31 25 686 3052 45
leaf_count=1479 754 26 105 21 20 31 21 29 109 248 25 29 27 32 35 23 51 39 20 21 26 29 27 29 25 31 25 686 3052 45
internal_value=0.000716292 0.000497252 0.00029083 -0.00418367 -0.00668831 -0.00289474 0.000383478 -0.000896226 -0.00380503 -0.000224964 -0.00204787 -0.00367769 -0.00611111 -0.01125 -0.00109756 -0.00645833 0.00125 0.00196486 -0.0056383 -0.00153846 -0.00269231 0.000895523 0.0017284 -0.00303571 0.000662806 0.000703934 0.001875 0.00218706 0.000428389 -0.00355263
internal_weight=7120 5641 4831 98 77 57 4733 848 159 689 376 242 162 80 82 48 80 313 47 130 65 134 810 56 3885 3864 736 711 3128 76
internal_count=7120 5641 4831 98 77 57 4733 848 159 689 376 242 162 80 82 48 80 313 47 130 65 134 810 56 3885 3864 736 711 3128 76
is_linear=0
shrinkage=0.05


Tree=61
num_leaves=31
num_cat=0
split_feature=21 20 20 11 9 42 7 36 4 15 15 19 19 40 41 24 4 4 5 13 4 35 40 41 9 13 19 25 41 41
split_gain=0.472081 0.445371 0.809033 0.686102 0.938807 1.8483 0.704861 0.881823 0.68374 0.81821 1.14966 0.791347 1.32219 0.916797 0.971514 0.83062 0.760004 0.828539 0.833713 1.02984 0.768254 0.678364 0.628627 1.96656 0.552718 0.730148 0.640885 0.547449 0.92047 1.46286
threshold=35.975000000005828 113.78000000000613 115.02499999999419 -0.0026392322472563864 -0.0068783548478553265 40.630623972116247 -0.0078158480720832268 -6283.1020937008498 630.46404000000018 0.0015862202577433583 0.0014438839671036927 472.24500000000268 359.81500000000239 525.25147752392525 441.25346744644321 804.25904990000015 3321.5430200000005 933.23153000000013 -0.0017191480767150926 0.016473472096078755 743.91684500000008 83205.39012500002 -114.03172865456143 -62.781950789360629 0.0042945524716126995 0.007999300586120835 378.2050000000018 -0.24707372709115608 -300.14292975081958 -452.33787526110217
decision_type=2 2 2 2 2 2 2 2 2 2 2 2 2 2 2 2 2 2 2 2 2 2 2 2 2 2 2 2 2 2
left_child=-1 24 -3 6 5 -5 7 -4 9 10 -6 12 -10 14 16 -14 17 18 20 -20 -13 -11 27 -24 -2 -26 -27 28 29 -8
right_child=1 2 3 4 8 -7 22 -9 11 21 -12 13 15 -15 -16 -17 -18 -19 19 -21 -22 -23 23 -25 25 26 -28 -29 -30 -31
leaf_value=1.0581213831191917e-05 3.298690347306233e-06 -0.00017710576103333167 -6.8604294225137048e-05 -0.00024461856745152191 4.2826875700057457e-05 1.2523132922658408e-05 2.6589059204477411e-06 -6.9926223054667574e-08 0.00012846411781921313 -3.4087641688106833e-05 -0.00010707094562349852 -3.1755875685196356e-05 -0.00016589423327241485 1.6212917701342594e-05 -8.6893301935741705e-05 -8.1242087080231622e-05 -0.00018089012350181962 5.6770789982092498e-06 -7.8876662000596439e-06 -0.00023990888969045834 -0.00056123807711544254 1.0380148665123849e-05 -0.00025420636138664168 4.3177105262825224e-06 2.4555478585418468e-05 -5.3503051710597981e-05 9.8970914310678122e-06 4.2201401126276337e-05 4.8592686438136528e-05 -4.1880166949187038e-05
leaf_weight=1499 2485 20 32 25 28 29 50 187 21 20 21 24 29 199 20 33 23 367 156 20 21 529 20 325 318 44 185 293 77 20
leaf_count=1499 2485 20 32 25 28 29 50 187 21 20 21 24 29 199 20 33 23 367 156 20 21 529 20 325 318 44 185 293 77 20
internal_value=0.00070927 0.000499022 1.73814e-05 9.5368e-05 -0.000559105 -0.00703704 0.00111554 -0.00139269 -0.000327597 0.000986622 -0.00520408 -0.00118839 -0.00584337 -0.000722891 -0.0016561 -0.00951613 -0.00130115 -0.000952381 -0.00337104 -0.00181818 -0.00944444 0.00153916 0.00181529 0.000217391 0.00091029 0.00234918 0.000196507 0.00306818 0.000578231 -0.00357143
internal_weight=7120 5621 2589 2569 1565 54 1004 219 1511 598 49 913 83 830 631 62 611 588 221 176 45 549 785 345 3032 547 229 440 147 70
internal_count=7120 5621 2589 2569 1565 54 1004 219 1511 598 49 913 83 830 631 62 611 588 221 176 45 549 785 345 3032 547 229 440 147 70
is_linear=0
shrinkage=0.05


Tree=62
num_leaves=31
num_cat=0
split_feature=4 17 0 9 15 19 21 21 22 22 15 3 35 0 35 23 0 20 16 15 24 11 36 13 20 19 40 40 20 25
split_gain=0.47882 0.479682 0.307761 0.734597 0.87665 1.22498 1.09478 0.818182 0.642857 0.388319 0.377252 0.848638 0.860583 0.672554 0.844162 0.640086 1.54018 0.61109 0.606265 0.844481 1.81019 0.562367 0.53684 0.598449 0.540984 0.643699 0.548286 1.54289 1.00629 0.626762
threshold=177.05860000000004 0.0017184443038831909 119337.26000000001 0.0021263462754465925 0.0025859904120535192 432.59500000000122 208.44000000000236 314.3499999999986 788.90724100000023 672.06933100000003 0.0031013483064812231 82831.050000000003 118899.64932500002 116637.46000000001 117388.19960000001 -1.1206728814856117 111291.48500000002 125.76000000000205 0.0034029177039707572 0.003294471456524855 908.26933550000024 -0.004102295370405273 1119.9335551633487 -0.023072203443559005 26.129999999997384 455.43999999999511 78.991418419580455 -14.943230009113902 40.305000000000298 1.4938410422733377
decision_type=2 2 2 2 2 2 2 2 2 2 2 2 2 2 2 2 2 2 2 2 2 2 2 2 2 2 2 2 2 2
left_child=1 -1 10 4 -4 -6 8 -8 -7 -5 11 -2 13 14 15 16 -13 21 -19 20 -20 22 23 -12 25 -25 27 28 -26 -30
right_child=2 -3 3 9 5 6 7 -9 -10 -11 17 12 -14 -15 -16 -17 -18 18 19 -21 -22 -23 -24 24 26 -27 -28 -29 29 -31
leaf_value=-5.026895916969453e-06 -4.5026268265906714e-05 2.1071814525387075e-05 3.463069011344914e-05 -3.0296329495521765e-05 -4.4876437632673334e-05 -1.5140678029237768e-05 -4.0952408671518904e-05 -4.3889599442986032e-05 7.2638598089455963e-05 2.8026375848581701e-05 2.7849873334581516e-05 2.83052020373218e-05 -4.5003745568699371e-05 1.5813948800920601e-05 -0.00014032301359651837 2.0260446269626966e-06 -3.5544710702522878e-05 1.1084727447303583e-05 -0.00038242423675601412 1.2617008170510126e-06 1.0923531188004817e-05 1.782502672064952e-05 1.473989771550936e-05 -6.8382192163973058e-05 -0.00015074846869873572 1.2633079250514343e-05 6.7061388223028122e-06 -0.00010822741368445488 7.1738990787818202e-06 -0.00018182952163755064
leaf_weight=39 20 305 49 24 29 25 22 22 45 87 127 53 20 393 36 2338 22 256 23 1537 31 1164 108 31 24 82 49 24 106 29
leaf_count=39 20 305 49 24 29 25 22 22 45 87 127 53 20 393 36 2338 22 256 23 1537 31 1164 108 31 24 82 49 24 106 29
internal_value=0.00070927 0.00252907 0.000616883 -0.000940594 -0.0028125 -0.00479021 -0.00245614 -0.00863636 0.00142857 0.0022973 0.000689789 0.000263706 0.00033543 0.000408163 0.000100041 0.000213427 -0.00433333 0.00103175 0.000397943 3.45696e-05 -0.00611111 0.00170298 0.000431035 -0.00029661 -0.00137681 0.00146018 -0.00275862 -0.00401639 -0.0022327 -0.000555555
internal_weight=7120 344 6776 303 192 143 114 44 70 111 6473 2882 2862 2842 2449 2413 75 3591 1847 1591 54 1744 580 472 345 113 232 183 159 135
internal_count=7120 344 6776 303 192 143 114 44 70 111 6473 2882 2862 2842 2449 2413 75 3591 1847 1591 54 1744 580 472 345 113 232 183 159 135
is_linear=0
shrinkage=0.05


Tree=63
num_leaves=31
num_cat=0
split_feature=35 5 21 21 23 7 7 36 18 31 16 24 0 42 42 28 32 23 20 32 28 39 24 11 32 42 7 5 21 25
split_gain=0.5576 0.887604 0.866393 0.434139 0.504307 0.701159 0.582859 1.1496 0.656827 0.644171 0.793651 0.493993 0.419048 0.361754 0.371183 0.730117 2.95546 0.448005 0.361519 0.35746 0.624126 0.411925 0.872861 0.789498 1.35895 0.985222 0.69711 0.576123 0.495879 0.471154
threshold=120849.77405000002 0.00088617929896470419 143.76499999999945 35.975000000005828 1.3547021841432183 0.002091300893331783 0.0035888651729075586 1656.7849749539967 419.47500000000588 105198.24060000002 0.0022739655143636343 1041.4089339000002 110552.21500000001 260.82436452370683 -71.884836970672339 -98.313778539733889 904.5074370304211 0.61244534902139758 229.39999999999421 3931.5893373179865 2332.1803363330405 1073.359285714286 2338.6371187000004 0.0014686247820131907 -2302.5940919142954 297.767665924482 0.0030357627252562852 -0.002024895377556919 154.44499999999974 1.3536857264478759
decision_type=2 2 2 2 2 2 2 2 2 2 2 2 2 2 2 2 2 2 2 2 2 2 2 2 2 2 2 2 2 2
left_child=3 2 -2 4 5 13 7 9 -8 -7 -11 -10 -12 14 15 17 -17 18 -1 20 21 -5 23 26 -25 28 27 29 -26 -23
right_child=1 -3 -4 19 -6 6 8 -9 11 10 12 -13 -14 -15 -16 16 -18 -19 -20 -21 -22 22 -24 24 25 -27 -28 -29 -30 -31
leaf_value=1.4933767827687928e-05 -2.0116034333257956e-06 3.9744446859324606e-05 -0.00011283327813172843 3.0467701568011491e-06 2.8801010197173835e-05 2.611239969360483e-05 1.4097682580938731e-05 -6.4248176404153843e-05 1.5617657469240962e-05 -5.1565612817891076e-05 -4.3150813413424234e-05 -6.6588131493677119e-05 1.9486224013551791e-05 -9.6112699817767792e-06 2.3060528778009734e-05 -1.6637572014191425e-05 2.9149741240324096e-05 -0.00044667961858874214 -5.5399273719122227e-05 2.6542408665166344e-05 -0.00010510553179338353 4.9136772621873203e-05 7.9107782396766163e-05 -0.00040063831323261653 -1.414363920743969e-05 -0.00013032225539645986 0.00010859589108615258 -0.00027719822795522147 8.8524509903182918e-05 -0.00019913184565347703
leaf_weight=120 30 31 23 5164 146 48 128 39 79 21 20 40 22 21 692 24 34 20 28 45 30 40 61 20 24 24 46 36 39 25
leaf_count=120 30 31 23 5164 146 48 128 39 79 21 20 40 22 21 692 24 34 20 28 45 30 40 61 20 24 24 46 36 39 25
internal_value=0.000716292 -0.00333333 -0.00726415 0.000764639 0.00152497 0.00122006 -0.000541562 -0.003 0.000951417 -0.000405405 -0.00373016 -0.00172269 0.000238095 0.00196486 0.00211329 0.000353982 -0.00448276 0.00202381 0.00297297 0.000561757 0.000525504 0.000564884 -0.00119048 -0.00248031 -0.00574766 -0.00304598 -0.000102041 -0.00242574 0.000238095 0.000384616
internal_weight=7120 84 53 7036 1482 1336 397 150 247 111 63 119 42 939 918 226 58 168 148 5554 5509 5479 315 254 107 87 147 101 63 65
internal_count=7120 84 53 7036 1482 1336 397 150 247 111 63 119 42 939 918 226 58 168 148 5554 5509 5479 315 254 107 87 147 101 63 65
is_linear=0
shrinkage=0.05


Tree=64
num_leaves=31
num_cat=0
split_feature=35 20 21 4 19 42 13 13 20 20 38 38 25 11 3 16 7 23 23 7 17 7 42 36 28 36 2 36 16 23
split_gain=0.491534 1.07143 0.470606 0.589844 0.666541 0.61688 0.543478 0.419661 0.710978 1.83333 0.719402 1.15699 1.28926 0.644367 0.821996 1.2062 0.45536 0.499168 0.69536 0.987103 1.12708 0.383409 0.759031 1.24397 0.420416 0.535179 0.962971 0.373806 0.555591 0.42716
threshold=121533.39820000001 100.75499999999739 34.36499999999797 944.39463500000011 787.58999999999662 250.53157180451385 0.0027503320330070319 -0.0011147524921159436 229.39999999999421 288.13999999999947 38.270884097881158 40.758070623024871 -0.58785360772892059 -0.0014083144012371738 103721.20000000003 0.0025462123127395525 0.0018980888552470635 0.40809805652771475 -0.562031176890188 0.0035888651729075586 0.0031098925465361201 -0.01704063830873381 -234.4939115819034 -2364.7539807431963 -1588.6486034359984 -6538.5894320731741 84195.005000000019 4903.5236858604048 0.001917178446809438 0.82699991513558557
decision_type=2 2 2 2 2 2 2 2 2 2 2 2 2 2 2 2 2 2 2 2 2 2 2 2 2 2 2 2 2 2
left_child=2 -2 3 4 5 7 -6 8 10 -10 -1 12 -12 -13 -15 -16 -9 18 -18 20 -20 22 -4 -24 -23 26 -26 29 -29 -27
right_child=1 -3 21 -5 6 -7 -8 16 9 -11 11 13 -14 14 15 -17 17 -19 19 -21 -22 24 23 -25 25 27 -28 28 -30 -31
leaf_value=1.4132698928163735e-05 9.5731468397807257e-05 -7.2047134174566229e-05 1.4750418375108239e-05 2.7060113833664149e-05 -0.00029159950855264615 -1.7613969113998529e-05 8.320437678060777e-05 2.7348743302783473e-05 -0.00011840497531885401 7.8981284650139609e-05 5.2496945634612482e-06 3.4501574702353754e-05 -9.0774895172887865e-05 2.4699845225153717e-05 1.5861574086142983e-05 -0.00013443162029740035 9.46492530352427e-06 4.977708510526031e-05 -1.1267943926218549e-06 1.2413276387710678e-05 -9.0784546997398281e-05 2.0140283231625253e-05 -0.00028812801379299758 2.0928986255854021e-05 7.323760357077248e-05 2.9549744357669288e-06 -0.00011583785404619769 -7.0262037920872706e-06 1.6607864954014864e-05 -2.1194098575659083e-06
leaf_weight=168 21 35 42 249 23 27 23 452 25 30 21 76 20 37 26 23 94 49 24 44 23 252 35 23 26 4117 34 26 257 818
leaf_count=168 21 35 42 249 23 27 23 452 25 30 21 76 20 37 26 23 94 49 24 44 23 252 35 23 26 4117 34 26 257 818
internal_value=0.00073736 -0.00392857 0.000774349 0.00158298 0.00111814 0.00135645 -0.00478261 0.00153777 0.000305164 -0.005 0.00109164 -0.00091133 -0.00841463 0.000987654 -0.00197674 -0.00622449 0.00230321 0.000512821 -0.000675675 -0.00379121 -0.00882979 0.000568384 -0.0025 -0.0062069 0.00062387 0.000528609 -0.00416667 0.000582599 0.00234982 0.000481257
internal_weight=7120 56 7064 1434 1185 1139 46 1112 426 55 371 203 41 162 86 49 686 234 185 91 47 5630 100 58 5530 5278 60 5218 283 4935
internal_count=7120 56 7064 1434 1185 1139 46 1112 426 55 371 203 41 162 86 49 686 234 185 91 47 5630 100 58 5530 5278 60 5218 283 4935
is_linear=0
shrinkage=0.05


Tree=65
num_leaves=31
num_cat=0
split_feature=21 17 39 36 41 13 18 42 36 40 7 16 13 13 2 17 9 19 19 4 11 21 20 20 42 24 19 23 28 5
split_gain=0.56012 0.528503 0.409244 0.737794 0.403609 0.502857 0.929161 1.05834 0.538866 0.395449 0.522657 0.576669 0.915359 1.84091 0.737938 0.989011 0.429433 1.38884 1.91836 0.927918 0.588528 0.750564 0.477222 0.85798 0.42272 0.824984 1.62368 0.76979 1.298 0.971645
threshold=23.229999999995929 0.0014773772953973264 244.05250000000058 1343.0374880126112 -28.457743861080147 -0.0034534969551180635 -84.650000000001441 -117.17168278084573 -1355.1799508266774 534.64739746008138 -0.0040894561686253385 0.0048881741053644076 0.010177043462945337 0.0027503320330070319 91774.020000000019 0.0064683392760295924 0.0086380210776100912 466.42999999999307 393.65500000000617 3321.5430200000005 0.0083510601887025037 37.509999999994768 147.42500000000294 200.94499999999974 -22.626899584493927 340.65322459999999 349.06500000000239 -1.2313530667685411 339.05612853809731 -0.00018310556304073399
decision_type=2 2 2 2 2 2 2 2 2 2 2 2 2 2 2 2 2 2 2 2 2 2 2 2 2 2 2 2 2 2
left_child=4 -2 3 -3 -1 6 -6 -8 -7 16 -11 -12 13 -13 -14 -16 20 18 -18 22 24 -22 -19 -24 -4 26 -26 28 29 -27
right_child=1 2 9 -5 5 8 7 -9 -10 10 11 12 14 -15 15 -17 17 19 -20 -21 21 -23 23 -25 25 27 -28 -29 -30 -31
leaf_value=1.4739281357038581e-05 -1.5790149659310165e-05 3.3306576124656794e-05 4.080981932384124e-06 -1.2735900834437494e-05 4.7004514842387785e-06 -6.2513714475809248e-05 2.4318940312366487e-05 -2.7239773560301326e-05 1.3168894924054252e-05 4.7362735712771282e-05 1.3468515289365275e-05 5.7514919410863766e-05 2.2725268999468286e-05 -0.00018675959443206406 2.3368535306982298e-05 -6.6136651197686789e-05 1.2658103915699282e-05 2.5494326587727561e-05 -0.00013131428565993169 -0.00016464733392087318 -0.00014648914078797508 2.0259408890606097e-05 -0.00029435319831525996 7.3103828277912889e-06 -9.94668574476044e-05 -2.6127139548449323e-05 4.8947883553385848e-05 8.6883126608936618e-07 3.2762174206327751e-05 -8.5875545862346901e-05
leaf_weight=466 20 183 2293 24 62 39 21 22 456 126 360 22 60 22 65 26 23 138 22 24 21 407 34 147 20 20 27 1928 20 22
leaf_count=466 20 183 2293 24 62 39 21 22 456 126 360 22 60 22 65 26 23 138 22 24 21 407 34 147 20 20 27 1928 20 22
internal_value=0.000800562 0.00061447 0.000641366 0.00282609 0.00185741 0.001 -0.00214286 -0.0077907 0.00166667 0.000563755 0.00169604 0.00103604 -0.00115385 -0.0075 0.000695364 -0.00214286 0.000413914 -0.00118557 -0.00944444 -0.000102041 0.000544347 0.00231308 0.000611285 -0.00107735 0.000369515 -0.000154639 -0.00670213 1.86265e-10 -0.00548387 -0.0104762
internal_weight=7120 6054 6034 207 1066 600 105 43 495 5827 681 555 195 44 151 91 5146 388 45 343 4758 428 319 181 4330 2037 47 1990 62 42
internal_count=7120 6054 6034 207 1066 600 105 43 495 5827 681 555 195 44 151 91 5146 388 45 343 4758 428 319 181 4330 2037 47 1990 62 42
is_linear=0
shrinkage=0.05


Tree=66
num_leaves=31
num_cat=0
split_feature=4 21 27 15 35 24 38 11 31 19 28 15 17 4 4 7 13 41 22 15 15 4 5 17 7 23 0 1 20 15
split_gain=0.488841 0.327183 0.393622 0.635149 0.97451 1.90494 0.84959 1.33795 0.744093 0.605391 1.33688 0.620862 0.732464 0.481478 1.3235 2.42431 2.78822 1.61897 0.922004 0.76091 0.931442 1.64445 0.520997 0.558659 1.19452 0.85305 0.563254 0.425548 0.385074 0.894571
threshold=177.05860000000004 34.36499999999797 94379.207750000016 0.0032240716375723645 87746.139575000008 908.26933550000024 48.346461290147353 -0.00049726211407642338 91046.554200000013 349.06500000000239 -348.67903918390215 0.0022940321207117319 0.0045587742513879606 702.28060500000004 893.81286000000011 -0.0017153479842394548 0.0081386538087438991 333.1468587997727 1283.7649720000002 0.0045567553143285857 0.005100042453075355 1625.1270950000001 0.0020867200965969065 0.0050029487359994325 0.004064649583330855 -1.0027821981387248 92127.875000000015 83185.980000000025 69.485000000000596 0.0015482456103794149
decision_type=2 2 2 2 2 2 2 2 2 2 2 2 2 2 2 2 2 2 2 2 2 2 2 2 2 2 2 2 2 2
left_child=-1 -2 3 4 9 6 -6 -8 -9 10 -3 -12 -13 22 15 -15 18 -18 -17 -16 21 -21 23 24 25 -5 -25 -11 -4 -30
right_child=1 2 28 13 5 -7 7 8 -10 27 11 12 -14 14 19 16 17 -19 -20 20 -22 -23 -24 26 -26 -27 -28 -29 29 -31
leaf_value=1.5764279757017387e-05 7.7023372497531011e-06 -5.9602654605194231e-05 1.1094720565999489e-05 -6.3899868209819257e-05 2.1533293123668742e-05 -0.00011277487529281856 -0.00019342782682854154 3.2428804253951971e-05 -0.00019133207777422085 -3.4665893058019579e-05 3.6256762787039641e-05 -2.5391389236780822e-05 3.0427221391154816e-06 5.1954960720366479e-05 4.0199029968516234e-05 3.8487481278958024e-05 -0.00014465390520616237 -0.00029798622348330486 -0.00023380689311567433 7.2981178746209428e-05 3.8828115925554258e-06 -0.00048111291928689846 2.309716715451351e-05 5.5816062502864675e-05 -8.3094297719822944e-05 2.3766713927954327e-05 -6.5348751544510881e-05 9.5832149397699429e-06 -1.3067862123244869e-05 2.4900658738669173e-06
leaf_weight=344 1298 21 1358 22 81 28 24 31 22 20 67 21 25 72 150 34 22 23 20 25 484 28 104 137 20 133 21 174 136 2175
leaf_count=344 1298 21 1358 22 81 28 24 31 22 20 67 21 25 72 150 34 22 23 20 25 484 28 104 137 20 133 21 174 136 2175
internal_value=0.000835674 0.000742326 0.000573202 -3.04034e-05 -0.00151751 -0.0044086 -0.00227848 -0.00603896 -0.00160377 0.000121951 -0.00246269 -0.000309734 -0.00478261 0.000559846 -0.000128205 -0.00406433 -0.00914141 -0.0183333 -0.00148148 0.000851529 -2.79328e-05 -0.00632075 0.00191076 0.000945946 -0.001 0.000483871 0.00310127 0.00190722 0.00087081 0.000478148
internal_weight=7120 6776 5478 1809 514 186 158 77 53 328 134 113 46 1295 858 171 99 45 54 687 537 53 437 333 175 155 158 194 3669 2311
internal_count=7120 6776 5478 1809 514 186 158 77 53 328 134 113 46 1295 858 171 99 45 54 687 537 53 437 333 175 155 158 194 3669 2311
is_linear=0
shrinkage=0.05


Tree=67
num_leaves=31
num_cat=0
split_feature=30 41 36 20 19 23 40 11 0 1 21 2 27 17 9 15 35 15 13 35 11 32 38 41 17 21 15 32 38 28
split_gain=0.477022 1.19835 1.46423 1.49513 1.24348 1.48601 0.728571 0.547049 0.504181 0.528909 0.422594 0.552309 0.649364 0.772069 0.624367 0.519455 0.960122 1.6 0.584917 0.631431 0.571207 0.609961 1.5571 1.4081 1.16851 1.00743 0.971461 1.04606 0.525386 1.21292
threshold=118423.29410946753 -157.44070804744197 4657.360894065795 72.939999999995067 427.38999999999947 0.42369900435297531 -48.262048705495538 -0.0052080720669611044 117735.00000000001 117879.955 20.964999999996511 110677.77500000001 108684.09700000001 0.0039747479078744317 0.00055573818023880149 0.0031013483064812231 118419.09755000002 0.0021311109538210337 0.020193044373360194 104346.69945 0.0091275762777856019 812.08823515086999 44.552510217999135 455.24764417276299 0.0031021450602644611 47.199999999997097 0.0024696785469602947 1040.1404408302408 64.611050731111234 106.95689935509292
decision_type=2 2 2 2 2 2 2 2 2 2 2 2 2 2 2 2 2 2 2 2 2 2 2 2 2 2 2 2 2 2
left_child=8 -2 3 -3 -5 7 -7 -6 9 10 11 12 -1 14 -14 16 18 -18 20 -20 21 28 -23 24 25 -24 27 -26 -12 -30
right_child=1 2 -4 4 5 6 -8 -9 -10 -11 15 -13 13 -15 -16 -17 17 -19 19 -21 -22 22 23 -25 26 -27 -28 -29 29 -31
leaf_value=8.7497433054095939e-06 1.5977960889019533e-05 7.718622070202351e-06 1.3443593580179465e-05 -7.0468105120009828e-05 5.0942444548255135e-05 -3.0744600364395882e-05 -4.3456437083597723e-06 -5.3341794213566966e-05 2.16778495642201e-05 -4.3083615937811382e-05 4.4429114838048402e-06 2.1412246407038492e-05 -1.2200214713353142e-05 1.8205839107217462e-05 -8.6057518564377873e-05 6.4904200356087707e-06 1.0945747512297628e-05 -0.00010110390179644334 -0.00013352594301185118 5.9893488024284337e-06 7.4332474119305093e-06 -3.4919000774619154e-05 -8.0608050640722923e-06 2.4088967992860215e-05 3.9946326361724904e-05 1.9098742052202934e-05 -5.4048818405997216e-05 -3.2135617454262805e-05 -0.00016462577735202957 -1.278254100659937e-06
leaf_weight=565 140 76 113 30 28 21 30 38 297 27 1673 240 42 34 23 3040 20 20 21 22 86 32 20 127 25 81 23 28 27 171
leaf_count=565 140 76 113 30 28 21 30 38 297 27 1673 240 42 34 23 3040 20 20 21 22 86 32 20 127 25 81 23 28 27 171
internal_value=0.000856742 -0.000672269 -0.00229167 -0.00464126 -0.00758503 -0.00525641 -0.0116667 -0.00030303 0.000966286 0.000872066 0.000901899 0.00190266 0.00115964 -0.00257576 -0.00576923 0.00073486 0.000180977 -0.0075 0.0003125 -0.00546512 0.000420846 0.000265066 -0.00169643 -0.000592105 -0.00347458 4.95051e-05 -0.00815789 -0.00443396 0.000617317 -0.00181818
internal_weight=7120 476 336 223 147 117 51 66 6644 6347 6320 904 664 99 65 5416 2376 40 2336 43 2293 2207 336 304 177 101 76 53 1871 198
internal_count=7120 476 336 223 147 117 51 66 6644 6347 6320 904 664 99 65 5416 2376 40 2336 43 2293 2207 336 304 177 101 76 53 1871 198
is_linear=0
shrinkage=0.05


Tree=68
num_leaves=31
num_cat=0
split_feature=4 40 42 23 7 42 7 25 11 28 40 9 20 41 5 15 41 39 41 39 36 17 35 17 5 24 7 39 39 28
split_gain=0.400971 0.414067 0.592977 1.16252 1.17828 1.22288 0.626601 0.956716 0.555451 0.907407 0.441031 0.988511 0.654127 0.449192 0.423305 0.621241 0.959644 0.934912 0.886447 0.746667 0.423151 0.9 0.441896 0.388063 0.629489 0.536072 0.531603 0.46467 1.58562 0.452229
threshold=177.05860000000004 407.24647181577171 250.53157180451385 -0.25770227128572726 0.015504239086900263 297.767665924482 -0.00010570212012995854 -0.6873477708365 -0.0098086267481625623 94.89639953093139 378.63439683653274 -0.0049478776437336877 176.4150000000009 531.1943957671607 0.0018203931765414902 0.002763419779926969 730.89070284938327 664.53142857143041 482.6607204483588 843.01821428571475 -1877.6353881130706 0.0065221477325891012 115918.92157500003 0.0065221477325891012 -0.0019890141995939519 1784.4193827000001 0.014321541508376721 1231.4153571428581 1062.742142857142 -1588.6486034359984
decision_type=2 2 2 2 2 2 2 2 2 2 2 2 2 2 2 2 2 2 2 2 2 2 2 2 2 2 2 2 2 2
left_child=-1 2 10 6 5 -5 -4 -8 9 -3 13 -12 -13 23 20 18 -17 -18 -16 -19 21 -10 -22 25 27 29 -26 28 -25 -2
right_child=1 8 3 4 -6 -7 7 -9 14 -11 11 12 -14 -15 15 16 17 19 -20 -21 22 -23 -24 24 26 -27 -28 -29 -30 -31
leaf_value=1.4676108584808128e-05 1.4006163410687774e-05 8.3141007370149883e-05 8.5137431370945645e-05 -0.00015347813053065919 7.244774485517532e-05 -6.8963650998109542e-05 -2.868786275285381e-05 1.6627163950184218e-05 -6.1826300123665314e-05 -0.00018133879949828828 -7.8368787374756655e-05 1.2008643840575671e-05 -1.6907496232798196e-05 -7.2623092426839618e-05 -7.812389699527829e-05 1.124690077588237e-05 -0.00014738217946500988 9.4456307595367768e-06 4.4075187712457043e-05 -3.0297060264514555e-06 2.0792756408720422e-05 1.7834787967930799e-05 -1.1266269974357686e-05 1.0406272155424497e-05 3.503395028675694e-05 -0.00016507893326103812 -6.9187970770352586e-05 2.3233639243046161e-05 -0.00033312455484323295 2.3298578256490891e-06
leaf_weight=344 263 27 53 28 22 25 22 65 20 27 20 62 25 22 24 215 20 35 28 40 712 20 31 73 261 20 23 42 20 4531
leaf_count=344 263 27 53 28 22 25 22 65 20 27 20 62 25 22 24 215 20 35 28 40 712 20 31 73 261 20 23 42 20 4531
internal_value=0.000863764 0.000779221 0.000597992 -0.00197674 -0.007 -0.0110377 0.000714286 -0.00189655 0.00162219 -0.00333333 0.000701231 -0.00247664 -0.000172414 0.000765937 0.0018559 0.000441989 0.00129032 -0.00289474 -0.00461538 -0.000333333 0.00250958 -0.0025 0.00277927 0.000795911 0.00225537 0.000668883 0.00359155 -0.000555555 -0.00252688 0.000702962
internal_weight=7120 6776 5577 215 75 53 140 87 1199 54 5362 107 87 5255 1145 362 310 95 52 75 783 40 743 5233 419 4814 284 135 93 4794
internal_count=7120 6776 5577 215 75 53 140 87 1199 54 5362 107 87 5255 1145 362 310 95 52 75 783 40 743 5233 419 4814 284 135 93 4794
is_linear=0
shrinkage=0.05


Tree=69
num_leaves=31
num_cat=0
split_feature=40 41 17 5 39 38 36 7 21 16 22 1 17 38 38 28 13 42 23 5 7 25 15 35 20 19 19 24 13 4
split_gain=0.482616 0.521559 0.889469 0.873391 0.455398 1.33541 0.745775 1.55057 0.56446 0.440626 0.393897 1.42857 0.487734 0.376366 0.355422 0.402391 0.792187 0.345245 0.637874 1.12873 0.487218 0.801353 0.367644 1.08475 2.05918 0.776801 1.01323 0.75 0.459574 0.457698
threshold=407.24647181577171 455.24764417276299 0.0036236322254034801 -0.00085462833136066673 817.7910714285714 81.9865353078428 -1383.1594386661379 0.0027395131739271633 463.48000000000326 0.0013532534814095526 275.15375825000007 107374.69500000002 0.0018442859526940226 41.19964338413434 75.31938521046915 586.39631029574969 0.0091858271157199984 250.53157180451385 -0.25770227128572726 0.0030065572732266553 -0.00069907012390073211 -0.6873477708365 0.0015716364043374786 111482.22045000001 174.50499999999741 240.69500000000701 176.06500000000236 617.20361530000014 0.0019239418194576861 177.05860000000004
decision_type=2 2 2 2 2 2 2 2 2 2 2 2 2 2 2 2 2 2 2 2 2 2 2 2 2 2 2 2 2 2
left_child=1 9 -3 -4 6 8 7 -2 14 -1 11 -11 -13 -8 15 -6 -17 22 20 -20 -19 -22 23 24 25 26 28 -28 -12 -24
right_child=4 2 3 -5 5 -7 13 -9 -10 10 17 12 -14 -15 -16 16 -18 18 19 -21 21 -23 29 -25 -26 -27 27 -29 -30 -31
leaf_value=1.6991088365565354e-05 1.6727433606074414e-05 7.9232258818531321e-05 5.1570114521932272e-06 -6.7688124206002708e-05 5.3046934432893076e-05 -4.9768580045795319e-05 -2.9970417366653356e-05 -0.00012913223501761473 -0.00017550070388344159 -7.8682796455929383e-05 4.3494465228007039e-05 -3.3983411040132822e-05 1.8476396712248261e-05 1.10235433133552e-05 4.7406902610067593e-05 -0.00037790230789599738 8.3900318969509866e-06 0.00010991593565374522 -0.00014840474210071328 4.8834075141564331e-06 -2.0602755265031302e-05 1.3376143340460988e-05 1.9316717663188123e-05 1.4686573959134397e-05 -0.00012184333465250668 6.1199057481512552e-06 -1.4360223822581477e-06 -8.6408501521440117e-05 -7.1646351638754955e-06 3.3997882989047237e-06
leaf_weight=232 32 25 31 37 38 20 23 21 21 30 27 33 63 858 59 20 108 45 37 38 25 70 128 162 22 75 24 24 20 4772
leaf_count=232 32 25 31 37 38 20 23 21 21 30 27 33 63 858 59 20 108 45 37 38 25 70 128 162 22 75 24 24 20 4772
internal_value=0.000835674 0.000650338 -0.00306452 -0.00602941 0.00175 -7.51878e-05 0.00226981 -0.00349057 0.00093496 0.000709628 0.00062109 -0.00214286 0.000833334 0.00261635 0.00166667 0.000481928 -0.000859375 0.000684769 -0.00127907 -0.005 0.000714286 -0.00131579 0.000765131 -0.00079096 -0.00333333 -0.00147059 -0.00447368 -0.00958333 0.000744681 0.000877551
internal_weight=7120 5920 93 68 1200 266 934 53 246 5827 5595 126 96 881 225 166 128 5469 215 75 140 95 5254 354 192 170 95 48 47 4900
internal_count=7120 5920 93 68 1200 266 934 53 246 5827 5595 126 96 881 225 166 128 5469 215 75 140 95 5254 354 192 170 95 48 47 4900
is_linear=0
shrinkage=0.05


Tree=70
num_leaves=31
num_cat=0
split_feature=40 41 20 42 42 16 11 9 11 13 28 21 32 25 25 25 40 2 38 0 21 5 42 30 20 16 22 42 20 15
split_gain=0.781986 0.564196 0.962171 1.24675 0.930059 0.440296 0.41435 0.666697 0.561219 0.989926 1.49393 1.27884 0.450212 0.453457 0.613788 0.506904 0.486922 0.694705 0.772496 0.483613 0.428393 0.820676 0.986454 0.891157 0.885729 1.44799 0.742668 0.471269 0.851707 0.84057
threshold=407.24647181577171 441.25346744644321 61.389999999999425 -112.83952037250593 -214.04164527401554 0.0013532534814095526 -0.010137280697651735 -0.015620210631860287 -0.0086532688799211364 -0.010751275891340874 -268.3725816452133 159.4549999999945 -511.88733952077013 -0.2959968339885361 -0.41786312727825298 -0.7127538590253284 -132.68035352526928 81929.860000000015 24.018181605876574 103079.98000000001 41.849999999998552 -0.0011768620172422082 -74.984150622302295 118423.29410946753 147.42500000000294 0.0034029177039707572 516.60668075000001 -33.190594005975591 122.2350000000006 0.0031013483064812231
decision_type=2 2 2 2 2 2 2 2 2 2 2 2 2 2 2 2 2 2 2 2 2 2 2 2 2 2 2 2 2 2
left_child=1 5 -3 4 -4 -1 12 -8 9 -9 11 -11 13 14 15 -7 17 18 -15 -18 21 -10 24 -24 26 -26 -23 -22 29 -29
right_child=-2 2 3 -5 -6 6 7 8 20 10 -12 -13 -14 16 -16 -17 19 -19 -20 -21 27 22 23 -25 25 -27 -28 28 -30 -31
leaf_value=1.6141533947287087e-05 7.2322684848398999e-06 5.3715031007988681e-05 -0.00022903206876900468 -5.0024354448175401e-05 2.3265426789337898e-05 -3.9255309574953003e-06 -3.3597883924696164e-05 3.201630048273665e-06 1.8963508963172963e-05 -0.0001206615376190377 7.4109968455680482e-05 6.1809939607464773e-06 5.2527104367367091e-05 -0.00026347770581008266 -0.00015398229410852252 2.2781535320721166e-05 -0.00010324950654020434 2.3862137939484826e-05 1.0152451633554955e-05 1.1121530550876086e-05 4.839910316613737e-06 -7.0300094390834824e-06 9.8152455162623126e-06 -3.6631003998177964e-05 8.0856787695418367e-08 -0.00033745415697715957 7.5791374805141511e-06 -7.847831940376916e-07 -8.6294337874681854e-06 1.3601359853190588e-05
leaf_weight=232 1200 38 24 21 32 24 23 64 351 31 20 22 91 30 32 57 36 439 28 35 1128 25 677 28 25 21 43 828 961 554
leaf_count=232 1200 38 24 21 32 24 23 64 351 31 20 22 91 30 32 57 36 439 28 35 1128 25 677 28 25 21 43 828 961 554
internal_value=0.000877809 0.000641892 -0.00282609 -0.00603896 -0.00214286 0.000710594 0.000621748 0.000448865 0.000489745 -0.00266423 -0.00664384 -0.0110377 0.00169689 0.00125551 -0.00163717 0.000679013 0.00183099 0.00238431 -0.00275862 -0.00204225 0.000582849 0.00141026 0.000543346 0.00124113 -0.00377193 -0.00913043 -0.000147059 0.000303947 -0.000100299 0.000694646
internal_weight=7120 5920 115 77 56 5805 5573 4801 4778 137 73 53 772 681 113 81 568 497 58 71 4641 1170 819 705 114 46 68 3471 2343 1382
internal_count=7120 5920 115 77 56 5805 5573 4801 4778 137 73 53 772 681 113 81 568 497 58 71 4641 1170 819 705 114 46 68 3471 2343 1382
is_linear=0
shrinkage=0.05


Tree=71
num_leaves=31
num_cat=0
split_feature=40 41 17 5 16 42 42 21 22 26 4 39 35 19 38 13 11 11 21 32 20 17 26 27 24 20 36 21 24 38
split_gain=0.582172 0.526313 0.889469 0.873391 0.433571 0.512606 0.573789 0.450943 0.648668 1.65298 0.655594 0.424517 0.505373 0.668296 0.50133 0.504192 0.443162 0.428526 0.496529 1.15705 0.407175 0.746591 1.33753 1.98729 1.70477 0.901603 0.848029 0.719525 1.15603 0.752472
threshold=407.24647181577171 455.24764417276299 0.0036236322254034801 -0.00085462833136066673 0.0013532534814095526 -22.626899584493927 -21.439476665676036 7.5000000000000009 275.15375825000007 107569.07664740126 211.53373500000004 817.7910714285714 115753.10345000001 519.45999999999924 81.9865353078428 0.034538533528818784 -0.0098086267481625623 0.0024482565815301424 143.76499999999945 1975.9513635988553 122.2350000000006 0.003528743942040303 109281.16303062114 104707.82325000002 490.15449649999999 134.29999999999566 1968.479889104274 270.26500000000675 851.9536859000001 66.62779052314842
decision_type=2 2 2 2 2 2 2 2 2 2 2 2 2 2 2 2 2 2 2 2 2 2 2 2 2 2 2 2 2 2
left_child=1 4 -3 -4 -1 -6 -7 -8 9 -9 -11 12 -2 -14 15 16 -13 -18 -19 -20 -10 22 23 26 -25 -24 -22 -23 -29 -30
right_child=11 2 3 -5 5 6 7 8 20 10 -12 14 13 -15 -16 -17 17 18 19 -21 21 27 25 24 -26 -27 -28 28 29 -31
leaf_value=1.5334457249922732e-05 9.7754004930218844e-06 7.3193886466026468e-05 3.7358894720565124e-06 -5.9891304672094797e-05 4.8774764602231128e-06 -9.6114208490808736e-06 1.0719942326795733e-05 -0.00010372942539889347 3.5519256480766062e-06 -1.0476984091785626e-05 4.2840761125262524e-05 -0.00039846962046841415 -4.9461446359230908e-05 1.0333340038487719e-05 -4.7641764467747528e-05 3.6315823313919496e-05 8.50812972467058e-05 3.5771061304294703e-05 3.5131081063383063e-05 -0.00020430324471895915 9.385608680884923e-06 6.9101865841318932e-06 -4.3692314776374699e-05 -9.1554178388060696e-05 -0.00032117941559444058 1.3577553514703526e-05 -5.0628851389389636e-05 2.138404832149981e-05 -0.00010488509072515704 -0.00035559062206142497
leaf_weight=232 879 25 31 37 2553 24 295 21 1530 22 30 26 21 34 20 54 55 61 24 26 67 598 21 38 28 167 36 48 88 29
leaf_count=232 879 25 31 37 2553 24 295 21 1530 22 30 26 21 34 20 54 55 61 24 26 67 598 21 38 28 167 36 48 88 29
internal_value=0.000870787 0.00066723 -0.00306452 -0.00602941 0.000726789 0.000638964 0.000200526 0.000261763 6.05951e-05 -0.00458904 0.000192308 0.001875 0.00237687 -0.00227273 0.000112782 0.000731707 -0.00046875 0.000481928 -0.00130631 -0.005 0.000188679 -0.000535714 -0.00242297 -0.00565089 -0.0124242 0.000478724 -0.00131068 0.000347313 -0.00257576 -0.00525641
internal_weight=7120 5920 93 68 5827 5595 3042 3018 2723 73 52 1200 934 55 266 246 192 166 111 50 2650 1120 357 169 66 188 103 763 165 117
internal_count=7120 5920 93 68 5827 5595 3042 3018 2723 73 52 1200 934 55 266 246 192 166 111 50 2650 1120 357 169 66 188 103 763 165 117
is_linear=0
shrinkage=0.05


Tree=72
num_leaves=31
num_cat=0
split_feature=40 21 41 0 32 13 5 34 32 24 25 20 13 11 40 13 11 0 19 21 34 42 11 42 0 1 23 38 38 7
split_gain=0.606301 0.402705 0.637797 1.06474 0.471095 0.576058 0.641618 0.436364 0.395012 0.673077 2.70433 0.511546 0.724254 0.367433 0.451585 1.04147 1.05358 0.689954 0.622222 0.357232 0.78086 0.9 0.409931 0.729492 0.764864 0.948555 0.727902 1.11399 0.686029 1.11111
threshold=407.24647181577171 41.849999999998552 455.24764417276299 92513.360000000015 1420.0219165708916 0.0099715257857144902 0.0028082874917098656 110520.78019832949 812.08823515086999 557.32535310000014 0.34548205703099283 123.47500000000583 0.007809766371646449 -0.004515560402225928 24.793884495724345 -0.014962496743447469 -0.0086532688799211364 107021.17000000003 366.16000000000355 44.405000000006119 107944.47089314352 -12.517446434458916 0.0083510601887025037 -32.127503987636224 116356.40500000001 116037.07000000002 -0.086083690976289082 36.263622463869204 56.541700187042544 0.0035306992506496638
decision_type=2 2 2 2 2 2 2 2 2 2 2 2 2 2 2 2 2 2 2 2 2 2 2 2 2 2 2 2 2 2
left_child=1 8 4 -4 19 -6 -7 -5 13 10 -10 -11 -13 14 15 -1 17 -17 -18 20 21 -3 23 -21 25 26 -25 -28 -29 -30
right_child=-2 2 3 7 5 6 -8 -9 9 11 -12 12 -14 -15 -16 16 18 -19 -20 22 -22 -23 -24 24 -26 -27 27 28 29 -31
leaf_value=1.7956001223114487e-05 6.9627805587518032e-06 -0.00026000657560769922 -0.00017149364238504828 1.1933782234381841e-05 7.5603251317807481e-05 -0.00011092348310034686 -4.0575639778645877e-05 -4.9573275544720539e-05 -6.9214541022042886e-05 1.7870154988398658e-05 3.2055939019716602e-05 -2.1195505672190088e-05 1.2256630776347054e-05 1.3446029707424912e-05 1.3576702634715091e-05 -0.00043034949098893338 5.283828057973801e-05 -6.9407429691519516e-06 -6.6338491774494486e-05 5.4675996504279754e-06 4.0590267759872837e-06 1.4618216071211549e-05 1.6601742621325083e-05 1.2741097484468109e-06 6.543134639783802e-06 -0.00017153138050619821 -8.2452143125522951e-05 6.4448064206435736e-07 -0.00015073205372824136 3.1625730145193834e-05
leaf_weight=89 1200 20 26 24 26 23 37 20 20 66 32 26 38 990 83 20 28 21 35 1830 29 20 460 1085 286 22 31 324 145 64
leaf_count=89 1200 20 26 24 26 23 37 20 20 66 32 26 38 990 83 20 28 21 35 1830 29 20 460 1085 286 22 31 324 145 64
internal_value=0.000891854 0.000684122 0.000449464 -0.00428571 0.000524762 -0.00313953 -0.00583333 0.000454546 0.00140884 -0.000769231 -0.00557692 0.00115385 -0.00203125 0.00172196 0.000108696 -0.00121762 -0.00461538 -0.0108537 -0.000555555 0.000597776 -0.00297101 -0.0075 0.000655757 0.000484553 -0.00018651 -0.000595452 -0.000457853 -0.00191489 -0.00137899 -0.00361244
internal_weight=7120 5920 4472 70 4402 86 60 44 1448 182 52 130 64 1266 276 193 104 41 63 4316 69 40 4247 3787 1957 1671 1649 564 533 209
internal_count=7120 5920 4472 70 4402 86 60 44 1448 182 52 130 64 1266 276 193 104 41 63 4316 69 40 4247 3787 1957 1671 1649 564 533 209
is_linear=0
shrinkage=0.05


Tree=73
num_leaves=31
num_cat=0
split_feature=40 15 13 32 16 22 22 36 17 36 17 4 41 11 42 36 36 16 9 40 15 36 23 23 9 15 20 39 20 20
split_gain=0.596368 0.675662 2.08651 0.52782 0.489565 0.429987 1.32937 1.27732 0.40164 0.39967 0.493088 0.475296 0.455706 0.63935 0.666649 0.588401 1.26214 1.13474 0.555327 1.1341 0.544283 0.481305 0.503641 0.746368 0.727971 0.538721 0.669443 0.826271 0.394243 0.513276
threshold=206.31714693559482 0.0014438839671036927 0.003914958541618197 1364.1052331001413 0.0013532534814095526 472.96534349999996 497.36677975000003 1545.6507670537178 0.0030711427357556142 5091.1347118812273 0.0031740896740576675 349.23774500000007 175.17071933403801 0.023209118152894968 205.89971331610491 421.48939237547171 278.36690607183124 0.0037033901477473668 -0.0019206006133534071 987.94296557299833 0.0074416753551222311 1576.0721990007589 0.40809805652771475 0.87988221215805174 0.0072321029895743121 0.0033184447915151198 64.315000000002343 570.68142857142868 33.075000000004373 346.02999999999889
decision_type=2 2 2 2 2 2 2 2 2 2 2 2 2 2 2 2 2 2 2 2 2 2 2 2 2 2 2 2 2 2
left_child=3 2 -2 4 -1 -3 7 -7 -8 10 -10 -12 -13 14 15 16 17 -14 -17 21 -15 -20 25 -24 -25 26 -23 -28 -19 -30
right_child=1 5 -4 -5 -6 6 8 -9 9 -11 11 12 13 20 -16 18 -18 28 19 -21 -22 22 23 24 -26 -27 27 -29 29 -31
leaf_value=1.4374032891733755e-05 2.8841532542165761e-05 1.984378187451099e-05 -1.8551449685177474e-05 -0.00011635750065317634 2.4389056591040613e-06 -5.1611357810281883e-05 1.0142733201212023e-05 1.9185884875642768e-06 -5.7219325562159468e-05 1.2568275527863653e-05 2.3137162721504317e-05 1.7007531921617896e-05 -8.1000206039311796e-05 -0.00010438572010581273 1.1668581378630355e-05 1.4854621156265736e-05 -0.00040841903309507934 -4.3739832462808453e-05 2.216073747923237e-05 -6.4195136244649465e-05 8.5052575522019783e-06 -4.8020804526981511e-05 -0.00012038233787618513 1.6647546321675299e-05 -0.00014582663959881569 1.1646779296236745e-05 3.4481867455867944e-05 -8.4595767885203098e-06 4.4628955322831401e-05 -0.00010044982600897789
leaf_weight=217 44 193 21 26 4697 26 306 27 36 234 122 157 37 27 86 221 22 35 93 27 23 25 21 29 32 143 39 20 114 20
leaf_count=217 44 193 21 26 4697 26 306 27 36 234 122 157 37 27 86 221 22 35 93 27 23 25 21 29 32 143 39 20 114 20
internal_value=0.000870787 0.00155963 -0.00346154 0.000566802 0.000604396 0.00171395 0.00148803 -0.00632075 0.00170947 0.00138516 0.00104966 0.00121036 0.00090094 0.000512821 0.000798755 0.000387244 -0.00179825 -0.000582524 0.00115385 0.000104895 -0.005 0.000771144 -0.000177993 -0.00353659 -0.000737705 0.00103524 -0.00214286 0.000762712 0.00115385 0.00238806
internal_weight=7120 2180 65 4940 4914 2115 1922 53 1869 1563 1329 1293 1171 1014 964 878 228 206 650 429 50 402 309 82 61 227 84 59 169 134
internal_count=7120 2180 65 4940 4914 2115 1922 53 1869 1563 1329 1293 1171 1014 964 878 228 206 650 429 50 402 309 82 61 227 84 59 169 134
is_linear=0
shrinkage=0.05


Tree=74
num_leaves=31
num_cat=0
split_feature=40 9 15 39 7 28 13 32 42 42 0 34 20 4 11 32 7 7 5 11 11 25 38 39 16 20 13 9 42 42
split_gain=1.07693 0.461992 1.26631 0.584913 0.392431 0.898403 1.37242 0.947316 0.958633 0.856429 0.625 0.570841 0.494501 0.352872 0.565856 0.713329 0.477174 0.8411 0.820111 2.30531 0.935863 0.675551 0.564225 0.855668 1.03626 0.982633 1.32245 0.755897 0.982034 2.69368
threshold=206.31714693559482 0.014669614596545807 0.0055421794297518291 1194.1500000000012 0.00037157648067133746 620.34010405406309 0.0023403828227697644 1057.261218972759 -22.626899584493927 -90.485922079853268 103512.85000000002 110712.19373214628 11.160000000003494 177.05860000000004 0.0019211693283412148 -191.40083102951027 0.0028515109871609132 0.002091300893331783 0.00079603296568809894 0.002245578048525767 0.00051027131416932225 -0.54804185405337613 57.410322437911567 386.74607142857093 0.0023074290232056047 41.150000000001462 0.0084591127909317328 -0.0013014087965684913 -9.9870625629936267 15.039351100821564
decision_type=2 2 2 2 2 2 2 2 2 2 2 2 2 2 2 2 2 2 2 2 2 2 2 2 2 2 2 2 2 2
left_child=1 13 -3 -4 -2 6 12 11 10 -7 -9 -8 -6 14 -1 -16 17 22 19 21 -20 -19 27 -24 -25 26 -26 28 -15 -30
right_child=4 2 3 -5 5 9 7 8 -10 -11 -12 -13 -14 16 15 -17 -18 18 20 -21 -22 -23 23 24 25 -27 -28 -29 29 -31
leaf_value=1.6326294127191582e-05 8.5987059876244345e-06 -0.0002968961848187405 4.4683830993412813e-05 -8.8926656189130521e-05 -4.7728420462565685e-05 -0.00032079075407384855 2.1380224608798352e-05 -0.0001521900391328316 -2.0528315237924493e-05 5.2941079571210052e-06 3.8707148062666634e-05 -6.4544116771959788e-05 2.790601180790237e-05 2.951156984715421e-06 -9.9782646130053254e-06 1.2136547183841952e-05 1.2817684209627462e-05 1.5062643311651204e-05 -3.8922320073573485e-05 -7.0499409172995891e-05 1.2689989801483942e-05 -9.5803245219324654e-05 1.005620285176568e-05 -4.6165127314091049e-05 -0.00027768700272871047 -4.069693710914526e-07 5.8336209870136384e-06 1.049582809307815e-05 -5.5292945787577601e-05 1.4175284006581311e-06
leaf_weight=234 1100 26 47 30 20 25 54 20 29 752 20 31 129 1287 27 62 1064 30 51 35 101 34 157 22 34 217 31 1050 103 298
leaf_count=234 1100 26 47 30 20 25 54 20 29 752 20 31 129 1287 27 62 1064 30 51 35 101 34 157 22 34 217 31 1050 103 298
internal_value=0.000955056 0.000546559 -0.00276699 0.000454546 0.00188073 0.0012037 -0.00110561 -0.00441558 -0.00876812 0.00210425 -0.00375 -0.000882353 0.00231544 0.000617118 0.00221362 -0.00117978 0.00050288 0.000217391 -0.00256972 -0.00611111 -0.000263158 -0.00046875 0.000436074 -0.00118221 -0.00273026 -0.00191489 -0.00730769 0.000708547 5.33177e-05 -0.00210723
internal_weight=7120 4940 103 77 2180 1080 303 154 69 777 40 85 149 4837 323 89 4514 3450 251 99 152 64 3199 461 304 282 65 2738 1688 401
internal_count=7120 4940 103 77 2180 1080 303 154 69 777 40 85 149 4837 323 89 4514 3450 251 99 152 64 3199 461 304 282 65 2738 1688 401
is_linear=0
shrinkage=0.05


Tree=75
num_leaves=31
num_cat=0
split_feature=40 21 38 1 22 20 36 42 18 9 19 11 9 17 36 19 13 19 7 7 34 24 36 23 21 35 41 23 23 15
split_gain=0.797796 0.463707 0.665397 0.632813 0.903529 0.618762 0.968607 0.840105 0.945274 1.19359 0.936907 0.828062 0.669951 0.806103 1.68516 1.64711 1.72207 0.640964 0.84697 0.700417 0.782609 0.62616 0.625 0.611096 0.725572 0.947777 0.920616 0.768473 0.973442 1.22253
threshold=78.991418419580455 12.955000000001748 45.165614725337477 118561.96500000001 723.07025375000001 122.2350000000006 2297.2148755676249 12.622000342782341 328.94000000000239 0.0040936664399894617 618.97999999999604 0.0017810501111404722 0.014669614596545807 0.0065221477325891012 -1951.9547439931046 672.30999999999779 0.0046335422393030852 304.61000000000064 0.0017016237058277304 0.0022769581672903876 104714.41780927074 1003.7764776000001 -3098.1556850604679 -0.6570000170243403 90.45000000000438 118419.09755000002 -78.208427434940589 0.61244534902139758 -0.13946146875177751 0.0056191466466019207
decision_type=2 2 2 2 2 2 2 2 2 2 2 2 2 2 2 2 2 2 2 2 2 2 2 2 2 2 2 2 2 2
left_child=1 -1 3 23 -5 7 12 8 9 10 11 -4 13 14 15 16 22 18 -9 -20 -21 -17 -7 -3 26 -26 27 28 29 -25
right_child=-2 2 5 4 -6 6 -8 17 -10 -11 -12 -13 -14 -15 -16 21 -18 -19 19 20 -22 -23 -24 24 25 -27 -28 -29 -30 -31
leaf_value=1.5012534301446377e-05 4.6835498333540699e-06 1.6729231455691573e-05 1.9242844596165876e-05 -1.9414063220349021e-05 1.1554444644154526e-06 -0.00020501795302839488 -0.00014372409443823617 7.5538637837579406e-06 5.7101986179270808e-05 -2.4530321282222524e-05 -0.00015447993186211808 -1.4974135481096393e-05 -0.00012872378296774082 4.238760993519717e-05 1.1048307190882218e-06 8.5341639665453901e-05 -1.1370932585921388e-05 2.4155518501345278e-05 -9.8229399407130251e-05 -9.9327555747546432e-05 5.8158853799062545e-05 -7.8695297892167603e-05 -0.00020252437903331107 -1.2934370042572822e-06 1.058012656428256e-05 -1.2998034094990306e-05 1.4584837556622515e-05 -6.0722519159272171e-05 1.9469255924976238e-05 -0.00025975988824586036
leaf_weight=448 3048 490 148 24 51 20 24 180 40 20 20 40 29 101 293 27 27 398 27 23 23 22 20 110 1051 61 162 58 96 39
leaf_count=448 3048 490 148 24 51 20 24 180 40 20 20 40 29 101 293 27 27 398 27 23 23 22 20 110 1051 61 162 58 96 39
internal_value=0.000926966 0.000469057 0.000281457 0.000845005 -0.00366667 -0.000533063 -0.00183837 0.000266594 -0.00208955 -0.00333333 -0.00221154 -0.00111702 -0.00140074 -0.000980392 -0.00196821 -0.00706897 -0.0121642 0.00123656 -0.000731225 -0.00527397 -0.00152174 -0.000102041 -0.01875 0.00100871 0.000529487 0.00122302 -0.00112903 -0.00275578 -0.00153061 -0.0040604
internal_weight=7120 4072 3624 2142 75 1482 563 919 268 228 208 188 539 510 409 116 67 651 253 73 46 49 40 2067 1577 1112 465 303 245 149
internal_count=7120 4072 3624 2142 75 1482 563 919 268 228 208 188 539 510 409 116 67 651 253 73 46 49 40 2067 1577 1112 465 303 245 149
is_linear=0
shrinkage=0.05


Tree=76
num_leaves=31
num_cat=0
split_feature=40 15 41 40 39 20 21 32 7 36 20 11 16 9 41 23 25 18 11 18 41 24 35 28 7 38 20 13 7 23
split_gain=0.588109 0.415263 0.33789 0.349521 0.464491 0.556975 0.966375 0.413182 0.770401 0.950303 0.755462 0.569721 1.04139 0.759123 0.625 0.457942 0.772551 1.15094 0.738543 0.655744 0.568182 0.523231 0.480642 1.18029 0.643369 0.699882 0.476285 0.562678 0.903095 0.960461
threshold=534.64739746008138 0.00079329330759566892 630.58118577616813 78.991418419580455 313.03785714285715 1.0000000180025095e-35 143.76499999999945 298.35235197364096 0.0015813860394180747 829.4457064958043 76.565000000002343 0.0032118001003427288 0.00252892478742171 0.013961492093309547 78.283411345030871 -0.68003359798239926 -0.74435890761287171 125.01499999999943 -0.0046281182666992439 -371.49500000000256 -67.151951597204388 281.22309060000003 83347.913825000011 -13.00740126876917 -0.0038046295915560246 31.372249916522147 29.965000000003787 -0.010546462507477811 -0.0072517497221092847 1.2242724573257007
decision_type=2 2 2 2 2 2 2 2 2 2 2 2 2 2 2 2 2 2 2 2 2 2 2 2 2 2 2 2 2 2
left_child=1 -1 3 7 -5 6 -6 15 9 -9 -11 12 -10 -13 -14 19 17 18 -17 -3 -20 -18 23 24 25 -23 -24 -28 29 -29
right_child=-2 2 -4 4 5 -7 -8 8 11 10 -12 13 14 -15 -16 16 21 -19 20 -21 -22 22 26 -25 -26 -27 27 28 -30 -31
leaf_value=2.3772148564321783e-05 7.7496106169475604e-06 -3.2497544450152331e-05 -3.7125943750902982e-05 1.5746182378948953e-05 1.089978072600059e-05 3.5434069039035105e-06 -0.00013052509682226355 -0.00013658756715585936 4.5120945635206175e-05 1.5363889637556743e-05 -2.6652486569365065e-05 3.6863724854385007e-05 -0.00012683309621104694 -7.5617054424722952e-05 -5.1556759911139656e-07 -4.7930605577595004e-05 -4.4960486582852328e-05 -6.8055186020677362e-05 5.1070767160191713e-05 1.3878861169143256e-05 -7.7111207355641783e-06 -0.00025270335468351792 1.7968890429491789e-05 -6.8637993003345865e-05 4.1314514075780389e-05 3.0629254890076928e-05 7.1382850592073401e-06 -8.5263115787062962e-05 7.0419970504348885e-07 2.9608356625273616e-07
leaf_weight=58 780 34 32 224 46 1925 35 20 21 29 26 141 20 35 20 21 39 29 55 1005 25 34 435 27 52 24 775 32 1090 31
leaf_count=58 780 34 32 224 46 1925 35 20 21 29 26 141 20 35 20 21 39 29 55 1005 25 34 435 27 52 24 775 32 1090 31
internal_value=0.000948034 0.000788644 0.000749761 0.000776 0.00127803 0.00103689 -0.00302469 0.000497513 -0.00125 -0.00566667 -0.00227273 0.00014768 -0.00401639 0.00159091 -0.00875 0.000644552 0.000297865 -0.00346154 -0.000940594 0.00153513 0.00125 0.000490351 0.00058 -0.00229927 1.86265e-10 -0.00362069 0.000746932 0.000409751 -0.000290546 -0.00611111
internal_weight=7120 6340 6282 6250 2230 2006 81 4020 312 75 55 237 61 176 40 3708 2669 130 101 1039 80 2539 2500 137 110 58 2363 1928 1153 63
internal_count=7120 6340 6282 6250 2230 2006 81 4020 312 75 55 237 61 176 40 3708 2669 130 101 1039 80 2539 2500 137 110 58 2363 1928 1153 63
is_linear=0
shrinkage=0.05


Tree=77
num_leaves=31
num_cat=0
split_feature=36 16 15 35 17 21 16 9 26 2 22 35 41 35 32 39 15 36 41 19 19 9 39 40 36 7 25 34 7 5
split_gain=0.59991 0.47388 0.414415 0.368059 0.73818 0.741947 0.892316 1.28088 1.23944 0.942369 1.00087 0.41711 0.462505 0.412265 0.800682 0.441928 1.126 0.792588 0.660903 0.571127 1.70792 1.78571 0.84022 0.713698 0.683371 0.535573 0.42643 0.419195 0.421445 0.821856
threshold=4994.9079923570835 0.0017934539403665684 0.00079329330759566892 118224.26362500001 0.001873015160132189 111.43000000000031 0.0038336359172155212 -0.0059416543213505505 117667.0642093213 118085.645 707.16872450000017 116275.63065000002 326.52842947338229 115918.92157500003 -222.91641843569229 812.01535714285853 0.0034853584454606385 3456.5043797509938 383.01205839850678 650.24500000000273 595.14999999999429 -0.00074605721029797777 858.05035714285793 133.38821435317371 -4246.2275668849825 -0.022051267316973152 -0.16642218123534794 115644.31616088974 -0.0032407798915190032 -0.001083745498526784
decision_type=2 2 2 2 2 2 2 2 2 2 2 2 2 2 2 2 2 2 2 2 2 2 2 2 2 2 2 2 2 2
left_child=2 -2 -1 11 -5 -6 8 -8 -7 -10 -11 13 -13 15 26 18 -17 19 27 20 22 -22 23 -18 -24 -21 -15 28 29 -4
right_child=1 -3 3 4 5 6 7 -9 9 10 -12 12 -14 14 -16 16 17 -19 -20 25 21 -23 24 -25 -26 -27 -28 -29 -30 -31
leaf_value=2.25835411361057e-05 -8.5558518260977028e-06 1.4134301576918668e-05 4.6262155297785755e-06 -3.0457839995495964e-05 1.2503567769603881e-05 -0.00014950789791471177 -2.0204377184996576e-05 3.9305087847995578e-05 1.3684378110358012e-05 -4.1091254902565835e-05 -1.0863644006789632e-05 1.641601690084573e-05 -6.7566357881054839e-05 2.0280442957378936e-05 -2.156173552681928e-05 -6.4777021375441408e-05 1.9663316846456859e-05 -0.00027987381488874636 9.640534092114257e-06 -0.00025278801803373606 -0.00031920780313133271 -7.0346524746569705e-06 -1.1069859366147532e-05 -5.523118497355145e-05 1.3364373971274822e-05 9.3080579794941743e-06 -3.8581041721164435e-05 2.1197783394566838e-05 1.7908798503172139e-06 3.5121815141929377e-05
leaf_weight=58 22 302 553 20 213 21 37 90 41 22 20 435 28 43 38 31 32 26 757 36 28 28 38 29 168 637 20 57 3091 199
leaf_count=58 22 302 553 20 213 21 37 90 41 22 20 435 28 43 38 31 32 26 757 36 28 28 38 29 168 637 20 57 3091 199
internal_value=0.000891854 0.00299383 0.000791642 0.000755417 -0.000603448 -0.00018018 -0.00214286 0.000669292 -0.00557692 -0.00283133 -0.00809524 0.000855913 0.00230022 0.000740837 -0.00242574 0.000796848 -0.000128205 0.000156556 0.00100601 0.000381526 -0.00134675 -0.00928571 0.000318352 -0.00483607 0.00184466 0.001211 0.00103175 0.00074359 0.000680458 0.00174202
internal_weight=7120 324 6796 6738 464 444 231 127 104 83 42 6274 463 5811 101 5710 1053 1022 4657 996 323 56 267 61 206 673 63 3900 3843 752
internal_count=7120 324 6796 6738 464 444 231 127 104 83 42 6274 463 5811 101 5710 1053 1022 4657 996 323 56 267 61 206 673 63 3900 3843 752
is_linear=0
shrinkage=0.05


Tree=78
num_leaves=31
num_cat=0
split_feature=40 15 41 36 41 26 32 3 22 7 7 7 28 9 13 13 7 15 28 38 9 17 21 9 25 19 25 3 28 32
split_gain=0.594502 0.41682 0.336841 0.350774 0.732357 0.670869 0.573725 0.516996 1.31698 0.500656 0.517053 0.785736 0.808448 0.685444 0.622421 0.814177 0.563725 0.586875 0.5291 0.482045 0.469829 0.733147 0.896926 0.621775 0.544558 0.85675 0.933794 0.593124 0.505359 1.35133
threshold=534.64739746008138 0.00079329330759566892 630.58118577616813 609.47445636900386 463.22845238437498 87551.156784859733 1551.2762180066131 118521.27000000002 736.80578725000009 -0.006241380052286547 0.0036524999535077298 0.0035306992506496638 1100.1539095160554 0.013961492093309547 -0.012584721226509299 -0.014608359335966976 -0.0057638367910902251 0.0042754989441623767 1508.0792948319724 26.60497550749503 -0.00020368158230052693 0.001801339205726858 263.87500000000006 0.0029574460531158137 -0.70847277080222282 408.27499999999424 -0.76169869333046625 93513.610000000015 620.34010405406309 1006.285422775618
decision_type=2 2 2 2 2 2 2 2 2 2 2 2 2 2 2 2 2 2 2 2 2 2 2 2 2 2 2 2 2 2
left_child=1 -1 3 4 6 -5 7 -3 -9 -7 11 12 14 -12 15 19 -16 20 -15 -11 24 -22 28 -24 25 26 -18 -26 29 -23
right_child=-2 2 -4 5 -6 9 -8 8 -10 10 13 -13 -14 18 16 -17 17 -19 -20 -21 21 22 23 -25 27 -27 -28 -29 -30 -31
leaf_value=2.1454364079300418e-05 7.0535756635543407e-06 3.4492088783411804e-06 -3.5736711843663636e-05 1.1371304728421746e-05 -0.00011525303558086267 1.7322737480251209e-05 -0.00011022733988962015 -4.0559798260738675e-05 5.302505469754806e-05 6.9737707350411249e-05 1.2670157767768841e-05 -4.7445250333743349e-06 -0.00011840239619008722 -8.2623021824268424e-05 -0.00011491499960053009 -3.0753730631694674e-05 4.4444544687404304e-06 4.1097554877769739e-05 4.4693817254386202e-05 -4.5647504787545482e-05 -4.6762078611414155e-05 4.6527636449965372e-06 -5.113507637288724e-05 4.7077634688753469e-07 -4.8433662904470569e-05 -3.2742282046024908e-05 -1.4042925266587395e-05 1.9639781414218765e-05 5.1570485613881534e-05 -2.1602163400617494e-05
leaf_weight=58 780 3820 32 296 40 95 25 21 33 22 377 21 21 21 20 20 110 126 27 31 37 398 23 25 34 24 28 410 60 85
leaf_count=58 780 3820 32 296 40 95 25 21 33 22 377 21 21 21 20 20 110 126 27 31 37 398 23 25 34 24 28 410 60 85
internal_value=0.000941011 0.000780757 0.000741802 0.000768 0.000481087 0.00125703 0.000550141 0.000598864 -0.00425926 0.000930521 0.000755209 0.000317726 0.000454546 0.00229412 0.00059532 -0.00390411 0.000833334 0.000955883 -0.00333333 -0.000660377 0.000623987 -0.000334395 9.30628e-05 -0.00645833 0.00161716 -0.000864197 0.000652174 0.00252252 0.000672192 0.000134576
internal_weight=7120 6340 6282 6250 3939 2311 3899 3874 54 2015 1920 1495 1474 425 1453 73 1380 1360 48 53 1234 628 591 48 606 162 138 444 543 483
internal_count=7120 6340 6282 6250 3939 2311 3899 3874 54 2015 1920 1495 1474 425 1453 73 1380 1360 48 53 1234 628 591 48 606 162 138 444 543 483
is_linear=0
shrinkage=0.05


Tree=79
num_leaves=31
num_cat=0
split_feature=40 16 32 24 15 17 5 11 18 13 35 4 4 9 19 36 11 23 23 19 32 35 34 9 19 19 42 41 25 20
split_gain=0.597149 0.566875 0.52443 0.491971 0.52222 0.834033 0.704919 1.0006 0.772122 0.656363 0.576363 0.775758 0.429752 0.848288 0.653771 0.874507 0.933679 0.531637 1.16378 1.40996 0.644519 0.725144 0.655626 0.49024 1.21752 1.02171 0.693619 0.461919 0.433838 0.933657
threshold=206.31714693559482 0.0013532534814095526 1364.1052331001413 2338.6371187000004 0.0090439375767018462 0.006622477161833811 -0.00062425440682358922 -0.032511846712622479 -572.69000000000221 0.0042708064093854572 121533.39820000001 1208.3832950000003 954.05849000000012 0.012118882600844398 838.14500000000419 1466.6158522411354 0.0064282462728881898 1.312649936295633 1.0557310531246775 573.51000000000215 753.25680391465733 104716.68745000001 115484.57429428837 -0.0027781145681802497 895.26000000000215 915.02500000000157 15.039351100821564 -1099.4284385315789 -0.39307151788715411 195.33499999999916
decision_type=2 2 2 2 2 2 2 2 2 2 2 2 2 2 2 2 2 2 2 2 2 2 2 2 2 2 2 2 2 2
left_child=1 -1 3 4 5 10 7 -6 -9 -8 12 -12 13 14 17 16 23 18 20 -20 28 -22 -23 25 -25 -16 -26 -14 29 -3
right_child=-2 2 -4 -5 6 -7 9 8 -10 -11 11 -13 27 -15 15 -17 -18 -19 19 -21 21 22 -24 24 26 -27 -28 -29 -30 -31
leaf_value=1.1815052575047112e-05 4.7692787166040316e-06 1.5455614030724816e-06 -9.1374449217529124e-05 2.7643046323724712e-05 2.1197429145165907e-05 4.137798687854953e-05 2.3182298160512555e-05 -7.5747807617023206e-06 -0.00029799309164506987 -7.1959188782474401e-05 5.6869049919544051e-05 -0.00015667871362635651 -0.00010909042850972707 -0.00022939513885494075 6.9204361932692594e-05 0.00011368646160268344 0.00010213408807283461 2.3119737181990358e-05 3.3531197985993093e-05 -9.302507966080627e-05 -0.00011329479547178041 2.942700579498104e-05 -4.2364159293628599e-06 -0.00015237358800462822 2.4359727556287313e-05 -5.3230309905916708e-05 -0.00015601461182864059 1.1622199042137351e-05 -5.5629175907800384e-07 1.9965098758834152e-05
leaf_weight=217 2180 1638 26 83 24 219 83 29 27 20 24 20 32 20 25 31 23 103 23 20 35 38 20 21 26 29 22 830 1008 224
leaf_count=217 2180 1638 26 83 24 219 83 29 27 20 24 20 32 20 25 31 23 103 23 20 35 38 20 21 26 29 22 830 1008 224
internal_value=0.000962079 0.000657895 0.000543087 0.000582287 0.000513654 0.000621756 -0.00210382 -0.005625 -0.00928571 0.000631068 0.000465337 -0.00522727 0.000525432 0.000266183 0.000328667 -0.00262712 -0.00424658 0.000496945 0.000375915 -0.0077907 0.000494431 -0.00360215 -0.000172414 -0.00597561 -0.00876812 -0.00240741 -0.004375 0.00151972 0.000627178 0.00107948
internal_weight=7120 4940 4723 4697 4614 4431 183 80 56 103 4212 44 4168 3306 3286 177 146 3109 3006 43 2963 93 58 123 69 54 48 862 2870 1862
internal_count=7120 4940 4723 4697 4614 4431 183 80 56 103 4212 44 4168 3306 3286 177 146 3109 3006 43 2963 93 58 123 69 54 48 862 2870 1862
is_linear=0
shrinkage=0.05


Tree=80
num_leaves=31
num_cat=0
split_feature=21 32 32 9 13 7 16 32 19 24 39 20 22 23 20 42 20 13 4 20 35 4 16 17 32 39 15 36 36 5
split_gain=0.496018 0.563788 1.13979 1.08334 1.29657 0.559046 0.827148 0.693138 0.526908 0.473862 0.777576 0.701635 0.771898 0.535038 0.933393 0.934385 1.0002 0.46626 1.06269 1.26894 0.506351 0.444444 0.423897 0.669709 0.94957 1.07521 0.780039 0.669357 0.935698 0.712312
threshold=24.245000000002623 1170.3446286862238 1096.4685721258504 -0.00011329250007218368 0.0095311532971904152 -0.0021651937027965108 0.006881409996695613 2352.2749924774112 171.89999999999421 1122.6892161000003 1114.8889285714288 527.78500000000361 866.73033250000003 -1.1206728814856117 11.724999999998547 -22.626899584493927 96.465000000003798 -0.026175192283824363 1739.9343800000004 178.06999999999974 108192.666675 242.91521000000003 0.0050181662642470393 0.0039199666032645785 705.64029575938196 534.43964285714287 0.0038266198082211465 -73.014577644986261 -153.51862009628528 0.0013748820696926336
decision_type=2 2 2 2 2 2 2 2 2 2 2 2 2 2 2 2 2 2 2 2 2 2 2 2 2 2 2 2 2 2
left_child=-1 2 8 -4 -5 -3 -7 -8 -2 10 11 13 -13 14 -10 -16 21 18 19 -11 -19 -17 23 27 -25 -26 -27 28 29 -15
right_child=1 5 3 4 -6 6 7 -9 9 17 -12 12 -14 22 15 16 -18 20 -20 -21 -22 -23 -24 24 25 26 -28 -29 -30 -31
leaf_value=6.2896227845985232e-06 1.690123380702566e-05 2.4122721938994467e-05 1.4551122810646782e-05 -9.1727287095536795e-05 -3.8338204283833829e-07 5.6119694459172408e-06 -7.8023097072786585e-05 2.2039442510504576e-06 -1.4597069276184569e-05 1.0786487002766025e-05 -0.00042607277773116327 2.3913345045801233e-05 -0.00020254730868712466 2.8961673849081046e-06 5.5854358503554782e-05 2.5772286310488918e-05 -8.7757596893197731e-05 7.8286214730237103e-06 8.3402043404061102e-06 -0.00030311473715919387 3.7513897324910914e-05 -1.6264187490660545e-05 1.3481484580970492e-05 -2.6604016776834283e-07 2.5705529627684214e-06 -7.7299633399975339e-05 -0.00014396063663551112 5.9873978865140895e-06 -3.5263721090822738e-05 -9.0710029819135443e-06
leaf_weight=1093 178 195 25 27 24 809 37 54 20 38 21 41 33 674 55 25 35 493 104 35 160 20 594 718 41 25 22 1305 23 196
leaf_count=1093 178 195 25 27 24 809 37 54 20 38 21 41 33 674 55 25 35 493 104 35 160 20 594 718 41 25 22 1305 23 196
internal_value=0.000955056 0.000777335 0.000549473 -0.00552632 -0.00970588 0.00180365 0.00127778 -0.00324176 0.000644564 0.000542967 0.000309252 0.000361902 -0.00445946 0.000456968 -0.00241935 -0.000925926 -0.004375 0.00162651 -0.000649717 -0.00527397 0.00224349 0.000555556 0.000580878 0.000339547 -0.0008933 -0.00579545 -0.0109574 0.000791629 -0.000263158 1.86265e-10
internal_weight=7120 6027 4932 76 51 1095 900 91 4856 4678 3848 3827 74 3753 155 135 80 830 177 73 653 45 3598 3004 806 88 47 2198 893 870
internal_count=7120 6027 4932 76 51 1095 900 91 4856 4678 3848 3827 74 3753 155 135 80 830 177 73 653 45 3598 3004 806 88 47 2198 893 870
is_linear=0
shrinkage=0.05


Tree=81
num_leaves=31
num_cat=0
split_feature=32 32 21 9 17 40 16 23 15 24 27 22 24 41 20 20 18 16 19 21 9 24 35 19 39 21 38 3 9 20
split_gain=0.398148 0.758039 0.950461 0.737634 0.678788 0.466119 0.483442 1.20143 0.402507 0.435674 0.448663 0.971645 0.452366 0.873203 0.868246 0.595238 0.470397 0.4192 0.827661 1.4492 0.979592 0.475204 0.40433 1.15552 1.07157 0.479432 1.45941 1.4759 0.681517 0.631431
threshold=1170.3446286862238 1096.4685721258504 67.799999999995649 0.003442241234906438 0.0033936491911865196 164.82403466631516 0.0024074780848750981 -0.15867673055797307 0.00079329330759566892 1122.6892161000003 82399.080000000016 922.15458649999994 1052.8687187000003 175.17071933403801 320.67000000000559 70.315000000009618 198.46999999999392 0.0051697123358784656 385.22999999999598 129.76000000000207 0.00064637146243238055 683.40174050000007 83347.913825000011 539.26000000000215 491.5410714285718 305.37500000000006 58.194794856764481 115037.23000000003 -0.010477456990233615 125.76000000000205
decision_type=2 2 2 2 2 2 2 2 2 2 2 2 2 2 2 2 2 2 2 2 2 2 2 2 2 2 2 2 2 2
left_child=1 8 -3 4 -4 -2 7 -7 -1 10 11 -10 17 14 16 -15 -14 22 19 21 -21 -19 23 24 -12 -24 28 -28 29 -27
right_child=5 2 3 -5 -6 6 -8 -9 9 -11 12 -13 13 15 -16 -17 -18 18 -20 20 -22 -23 25 -25 -26 26 27 -29 -30 -31
leaf_value=1.8945831556231753e-05 -8.9676394128326275e-05 6.626662306688062e-05 -2.9243954008113112e-06 -0.00030722141765638527 4.9057534215896835e-05 -2.0336974442714164e-05 5.8604948168298804e-06 8.8244722392215573e-06 0.00013654922830431634 7.8831815324746337e-06 -1.6072533854124162e-06 -0.00027874564332840129 2.0689251764495365e-05 -1.8133062383502888e-07 -0.00022221976620182251 -0.00026063222536191121 -3.2059255505337583e-05 -6.3959404118258489e-06 3.9977893031049792e-05 -6.6193994050144873e-05 -1.5086045065267286e-06 7.2398543558202768e-05 3.2152846321517821e-06 3.9583944307122965e-05 -8.2009255616547101e-05 -0.00020984199219742088 -0.00022597627325371107 1.6044879500512672e-05 1.208467589570065e-05 4.758114177197444e-05
leaf_weight=58 25 22 20 20 22 20 1186 50 22 924 34 20 84 21 21 21 38 22 443 21 28 72 3481 53 29 21 40 21 259 22
leaf_count=58 25 22 20 20 22 20 1186 50 22 924 34 20 84 21 21 21 38 22 443 21 28 72 3481 53 29 21 40 21 259 22
internal_value=0.000962079 0.00078695 -0.00392857 -0.00709677 -0.00333333 0.00176034 0.0018949 -0.00214286 0.000855778 0.000813586 0.000621203 -0.00452381 0.000666878 -0.00175676 0.000104895 -0.00809524 0.00172131 0.000765508 0.00201365 -0.00129371 -0.00826531 0.00234043 0.000580808 -0.00232759 -0.00690476 0.000668575 -0.00106061 -0.00811475 0.000364239 -0.00546512
internal_weight=7120 5839 84 62 42 1281 1256 70 5755 5697 4773 42 4731 185 143 42 122 4546 586 143 49 94 3960 116 63 3844 363 61 302 43
internal_count=7120 5839 84 62 42 1281 1256 70 5755 5697 4773 42 4731 185 143 42 122 4546 586 143 49 94 3960 116 63 3844 363 61 302 43
is_linear=0
shrinkage=0.05


Tree=82
num_leaves=31
num_cat=0
split_feature=36 21 11 17 4 42 18 25 4 13 15 20 20 13 9 36 38 11 20 15 41 15 19 7 15 16 20 15 17 42
split_gain=0.358525 0.45114 0.428122 0.388347 0.471151 0.384794 0.828014 0.36205 0.47371 0.35054 0.348864 0.902011 0.74184 0.830901 1.35034 0.786407 0.931894 1.01555 0.807633 0.779818 0.790323 0.655887 1.4143 1.1671 0.625715 1.15632 0.606061 0.533899 0.640789 0.801976
threshold=4994.9079923570835 0.014999999999417925 -0.015467063511627577 0.0014773772953973264 177.05860000000004 -19.098293730856565 343.86000000000064 -0.83437460100336047 127.48493000000001 0.0074939883551466959 0.0042500782538311809 339.65000000000151 195.33499999999916 -0.017939825109847433 -0.0029601302111331323 2508.2542183223854 71.695094532299919 -0.0016664725612658352 234.13500000000207 0.0041333476629163103 197.86662939536285 0.0057677307986599693 805.38999999999953 0.0035888651729075586 0.0044955337710421038 0.0036449370332893604 369.73000000000326 0.0022204893796113887 0.0062940493691466199 250.53157180451385
decision_type=2 2 2 2 2 2 2 2 2 2 2 2 2 2 2 2 2 2 2 2 2 2 2 2 2 2 2 2 2 2
left_child=1 5 -3 -4 7 6 -1 -5 -9 -2 12 24 13 14 -6 -14 17 -17 -19 27 -21 22 -13 -24 -12 -26 -23 -15 29 -29
right_child=9 2 3 4 10 -7 -8 8 -10 -11 11 21 15 19 -16 16 -18 18 -20 20 -22 26 23 -25 25 -27 -28 28 -30 -31
leaf_value=1.026947140512528e-05 2.612577575651561e-05 1.0204347098091457e-05 -1.6930085291433694e-05 1.9125388593994423e-05 -0.00025563494620394947 1.9275065290070413e-05 -8.8681618339677543e-05 -6.3241687960656072e-06 6.2270583691339482e-06 3.7922976192551704e-06 5.9837271033036837e-05 4.1485385726337528e-05 1.5174948129772421e-05 4.8543913993366493e-06 9.1908455352378797e-06 5.1142993625722282e-05 3.180680853051805e-05 -7.223604414558815e-05 -8.6454673087911195e-05 -0.00018354317540790943 1.1747420315410318e-06 -5.9777414153251448e-05 -0.00039176817139973676 -0.0002842184550956384 -4.207983108631915e-05 5.6741737628177097e-06 3.6786004415014696e-05 -6.6863291188987185e-07 5.8132324289342197e-05 -8.8678629110499095e-05
leaf_weight=102 148 449 23 149 34 271 22 31 97 176 153 35 709 1049 45 27 33 21 38 31 31 33 31 38 24 1228 132 1848 88 24
leaf_count=102 148 449 23 149 34 271 22 31 97 176 153 35 709 1049 45 27 33 21 38 31 31 33 31 38 24 1228 132 1848 88 24
internal_value=0.000905899 0.000828429 0.00072723 0.00061492 0.000640074 0.00246835 0.000161291 0.00265343 0.000703125 0.00253086 0.000541401 0.00114695 0.000286576 -6.34919e-05 -0.00512658 0.00161836 -0.00214286 -0.00488372 -0.00855932 6.67537e-05 -0.00548387 -0.00150558 -0.00461538 -0.00876812 0.0016548 0.00128594 0.000454546 0.000181123 -0.000306122 -0.000502137
internal_weight=7120 6796 6401 5952 5929 395 124 277 128 324 5652 1674 3978 3150 79 828 119 86 59 3071 62 269 104 69 1405 1252 165 3009 1960 1872
internal_count=7120 6796 6401 5952 5929 395 124 277 128 324 5652 1674 3978 3150 79 828 119 86 59 3071 62 269 104 69 1405 1252 165 3009 1960 1872
is_linear=0
shrinkage=0.05


Tree=83
num_leaves=31
num_cat=0
split_feature=42 9 13 11 23 38 28 41 25 17 7 19 13 38 11 17 41 23 39 40 11 5 40 11 21 20 13 19 32 17
split_gain=0.407431 0.509613 0.579825 0.481669 0.884488 0.683447 0.904317 0.784079 1.01551 2.09347 0.957539 0.675537 1.75956 0.716921 0.779857 0.527605 0.627346 0.507463 1.33622 0.629935 0.799327 1.09557 1.0856 1.01292 0.765217 0.6146 1.14004 0.549264 0.812326 0.634645
threshold=-147.87878179645307 0.0053180416720103379 -0.026175192283824363 0.0032783836679818007 -0.7745565039448945 68.444556065944923 143.39135294295559 119.95001358476033 -0.19803330945795899 0.0029006280101895425 -0.00014324831982990749 246.73999999999799 -0.00089363915021831478 64.846918932522186 0.0064282462728881898 0.0029478451827337068 411.35219935820862 -0.74674427267511823 543.87749999999926 126.29371802118114 0.0023763429128941531 0.0021539750983493992 108.20590586438631 -0.0015592123621079974 124.37000000000263 71.280000000006126 -0.00048949413171437046 817.0749999999972 1125.5388829436199 0.0043134009352103079
decision_type=2 2 2 2 2 2 2 2 2 2 2 2 2 2 2 2 2 2 2 2 2 2 2 2 2 2 2 2 2 2
left_child=1 -1 -3 4 -2 17 -7 -8 9 -9 -11 12 -5 -14 -15 -10 -17 18 -6 20 22 25 -19 24 -24 -22 -27 -21 29 -29
right_child=3 2 -4 11 5 6 7 8 15 10 -12 -13 13 14 -16 16 -18 19 -20 27 21 -23 23 -25 -26 26 -28 28 -30 -31
leaf_value=9.6463059036101706e-06 7.4540612637632446e-06 -0.00031094250617655708 1.6075715168125503e-05 -3.000043481479767e-05 1.0163546362168538e-05 -0.00010701904741158884 3.7724797895869838e-05 -1.2031978752879883e-05 4.4738788281244191e-05 4.7075403962496557e-05 -8.4957804098954074e-06 5.9750008940978743e-06 1.0528329804744028e-05 4.0329711221236493e-06 -3.6389642391133052e-05 -0.00051331100229093688 1.4818060144158919e-05 8.6233965483269548e-07 -4.6529716266656787e-05 1.2286203431126893e-05 2.1910915177904866e-05 -0.00011044070238104834 4.7643619187036521e-05 -7.6134141353416141e-05 -0.00014679639773993654 7.3529840889172482e-05 -8.750890050225103e-05 8.6419000650047704e-06 -8.9578781495036261e-05 -5.5541708124854114e-06
leaf_weight=880 920 27 42 23 52 24 39 22 42 35 39 2127 85 34 21 21 41 1743 29 564 29 37 22 23 23 20 29 46 24 57
leaf_count=880 920 27 42 23 52 24 39 22 42 35 39 2127 85 34 21 21 41 1743 29 564 29 37 22 23 23 20 29 46 24 57
internal_value=0.000926966 0.00189146 -0.00224638 0.000778642 0.00043932 1.8575e-05 -0.00241445 -0.00148536 -0.00275 -0.00645833 -0.00243243 0.00135371 -0.00174847 0.000357143 -0.00409091 0.000673077 -0.00225806 0.000255745 -0.00364198 0.000376385 -8.82656e-05 -0.00413043 0.000168415 -0.00602941 -0.00166667 -0.000769231 -0.00418367 0.00167149 -0.00129921 0.000631068
internal_weight=7120 949 69 6171 3881 2961 263 239 200 96 74 2290 163 140 55 104 62 2698 81 2617 1926 115 1811 68 45 78 49 691 127 103
internal_count=7120 949 69 6171 3881 2961 263 239 200 96 74 2290 163 140 55 104 62 2698 81 2617 1926 115 1811 68 45 78 49 691 127 103
is_linear=0
shrinkage=0.05


Tree=84
num_leaves=31
num_cat=0
split_feature=24 20 5 16 13 11 7 25 25 40 11 17 9 18 41 16 5 23 9 7 19 22 22 5 13 21 30 19 41 31
split_gain=0.416992 1.02731 1.16667 0.428375 0.40369 0.647665 0.388355 0.521674 0.656443 0.578519 0.38864 0.519851 0.461105 0.546486 0.441703 0.43609 0.584369 0.811079 0.880397 1.07104 1.29609 0.445558 0.713006 0.487535 0.412011 0.608449 1.22569 0.385889 0.372806 1.29078
threshold=264.2961102000001 69.485000000000596 -0.00032090580785087644 0.001384073363738492 -0.014608359335966976 -0.019220593031643921 -0.0039239323750067693 1.4938410422733377 1.9620011231584555 -86.737468974999487 0.0065182288445242613 0.0024135109798231421 -0.0037615039993714652 -65.949999999997075 879.70792951467115 0.011365094999951114 0.002903842327520422 -0.63197414639659988 0.0037080044216880551 0.0028515109871609132 427.38999999999947 579.29603525000005 697.80422725000017 0.00040929668097432496 0.007809766371646449 54.455000000001753 102537.76848863407 535.75000000000739 343.67561576870611 89291.90820000002
decision_type=2 2 2 2 2 2 2 2 2 2 2 2 2 2 2 2 2 2 2 2 2 2 2 2 2 2 2 2 2 2
left_child=1 2 -1 -2 28 -6 7 -7 -9 -10 -8 -12 -13 -14 15 16 17 -15 27 20 -20 -21 -23 -24 25 26 -18 -19 -5 -30
right_child=3 -3 -4 4 5 6 10 8 9 -11 11 12 13 14 -16 -17 24 18 19 21 -22 22 23 -25 -26 -27 -28 -29 29 -31
leaf_value=9.7917884118415632e-06 1.390307512587156e-05 3.1543081650233971e-05 -3.4570159964980053e-05 1.0575843801415885e-05 -0.00023190068919205504 1.1030831483035139e-05 1.3016619332660398e-06 -0.0001737587402201433 -4.235372520775689e-05 4.4495879070459329e-05 3.7463112996667901e-05 -0.00010232823369762088 9.424319126219411e-06 2.8118680202623736e-05 -1.0810359955876231e-06 -6.6358246032746684e-05 6.0219122454208383e-06 1.2064097742382254e-05 -0.00013164591776690967 7.3820174521805612e-05 -8.8799493563652691e-05 -9.0490697448837476e-05 -0.00016192877486845378 1.9582980605945351e-06 9.8465620412575054e-06 1.7993326721357223e-05 -0.00018443998223864806 -2.547505957165388e-05 0.00011624198523311604 -0.0003787338064920767
leaf_weight=21 237 45 21 903 37 700 3670 39 25 57 93 30 263 129 36 23 25 68 27 25 38 23 21 64 324 82 22 25 26 21
leaf_count=21 237 45 21 903 37 700 3670 39 25 57 93 30 263 129 36 23 25 68 27 25 38 23 21 64 324 82 22 25 26 21
internal_value=0.000969101 -0.00247126 -0.00809524 0.00101166 0.000938788 0.000783442 0.000825443 0.00183313 -0.00119835 0.00134146 0.000659583 0.00139605 0.00112245 0.00127615 0.000708155 0.000926339 0.00110538 -0.000238095 -0.00170103 -0.00358586 -0.00884615 -0.00101504 -0.00240741 -0.000294117 0.00235099 -3.87595e-05 -0.00457447 0.00231183 0.00189474 -0.00244681
internal_weight=7120 87 42 7033 6796 5846 5809 821 121 82 4988 1318 1225 1195 932 896 873 420 291 198 65 133 108 85 453 129 47 93 950 47
internal_count=7120 87 42 7033 6796 5846 5809 821 121 82 4988 1318 1225 1195 932 896 873 420 291 198 65 133 108 85 453 129 47 93 950 47
is_linear=0
shrinkage=0.05


Tree=85
num_leaves=31
num_cat=0
split_feature=13 32 23 4 32 4 15 4 20 20 3 11 28 20 7 11 39 40 11 11 4 36 5 35 21 23 31 25 9 5
split_gain=0.306271 0.759836 0.848431 1.20766 0.612922 0.9 0.88248 0.768182 1.11154 0.511905 0.488375 0.875826 0.466703 0.703943 0.398134 0.533167 1.08685 0.723011 0.38978 0.474932 0.850866 1.52264 0.4124 0.403204 1.02416 0.823463 0.545422 0.504176 0.619663 1.09431
threshold=-0.010546462507477811 -1055.257098767506 -0.59561632405408826 522.93304000000012 -1188.5754926201841 910.78561000000013 0.003904865864692895 829.56644000000017 339.65000000000151 70.315000000009618 118205.30000000002 -0.0057516391688225517 -130.88073190957218 115.02499999999419 0.00047832479689903685 -0.0017848400636163435 570.68142857142868 -862.77442174696614 0.0065182288445242613 0.023209118152894968 1236.4954150000001 1146.7115378095407 0.011987923435605509 118530.82032499999 133.48500000000061 -0.16762028513740215 105457.16590000001 -0.87562540689359991 -0.0027380054314660586 -0.0021519664275803136
decision_type=2 2 2 2 2 2 2 2 2 2 2 2 2 2 2 2 2 2 2 2 2 2 2 2 2 2 2 2 2 2
left_child=10 2 12 -4 6 -6 -5 -8 9 -9 14 -12 -2 -14 15 -1 -17 -18 23 -20 21 -21 -22 26 -25 -26 -3 -28 -29 -30
right_child=1 18 3 4 5 -7 7 8 -10 -11 11 -13 13 -15 -16 16 17 -19 19 20 22 -23 -24 24 25 -27 27 28 29 -31
leaf_value=8.606624462469639e-06 1.7016608526431533e-05 4.9943696472769466e-07 -7.9445142034782952e-05 4.278207498557615e-05 -1.1271949568818607e-06 -0.00030806432334856725 -0.00041821156190910099 -6.8099599316017088e-05 -0.00017807017056783666 2.8989080021505613e-05 3.1090159330866082e-05 -1.715129498023703e-05 -5.1560687066780451e-05 6.449248811306828e-05 1.9501728993837882e-05 -0.00010077186476753822 -0.00014478900111432929 1.3243966998352216e-05 5.201627143163652e-06 5.4095074894682872e-05 2.9465951818368713e-05 -0.00014379018303345531 -9.7715739366147349e-05 6.4419445079896088e-06 -6.9260193272088323e-07 -4.0738756301879706e-05 1.2738640137250854e-05 1.5934464553914427e-05 -1.9636521440009064e-05 4.077254663961121e-06
leaf_weight=767 138 1838 28 83 20 20 20 21 26 43 38 28 20 23 366 20 25 71 1174 23 73 25 30 84 29 23 236 391 155 1282
leaf_count=767 138 1838 28 83 20 20 20 21 26 43 38 28 20 23 366 20 25 71 1174 23 73 25 30 84 29 23 236 391 155 1282
internal_value=0.000926966 0.000770887 -0.00122172 -0.00304598 -0.00186695 -0.0075 -0.000699482 -0.00363636 -0.00166667 0.001875 0.00161597 -0.00257576 0.00140884 -0.00313953 0.00183747 0.00126274 -0.00189655 0.0003125 0.000935111 0.00167925 -0.000960265 -0.00645833 0.00160194 0.000690936 -0.00198529 -0.0075 0.000784213 0.00134205 0.00106127 0.000581072
internal_weight=7120 5805 442 261 233 40 193 110 90 64 1315 66 181 43 1249 883 116 96 5363 1325 151 48 103 4038 136 52 3902 2064 1828 1437
internal_count=7120 5805 442 261 233 40 193 110 90 64 1315 66 181 43 1249 883 116 96 5363 1325 151 48 103 4038 136 52 3902 2064 1828 1437
is_linear=0
shrinkage=0.05


Tree=86
num_leaves=31
num_cat=0
split_feature=34 19 20 34 15 38 31 39 34 24 24 20 38 7 7 11 41 13 9 39 22 38 41 25 23 4 19 5 9 39
split_gain=0.317806 0.566246 0.55467 0.438949 0.504727 0.89801 1.06522 0.522121 0.484083 0.44942 0.487803 0.858516 1 0.75 0.458786 0.874652 0.982668 0.9 0.648021 0.838138 1.21382 1.58988 0.426544 0.408791 0.397022 0.679131 1.55878 0.48195 0.827927 1.45455
threshold=118727.99403156167 421.71500000000384 362.23500000000791 108122.21194616343 0.0030001188887485305 79.395345297022757 103871.24769999999 718.44107142857285 83832.312370056505 1191.3099965000001 1060.3353570000002 138.67500000000294 32.43562768334511 0.0013807303255705518 0.001476518299346952 -0.0037796939170307701 -167.50303907923259 -0.010917971884069044 0.0026453312916077886 503.13499999999897 470.29367300000007 57.410322437911567 730.89070284938327 -0.51489226703449764 0.63267922858279135 640.94869000000006 389.8699999999954 -0.0030793134991456898 -0.006095061291035468 503.13499999999897
decision_type=2 2 2 2 2 2 2 2 2 2 2 2 2 2 2 2 2 2 2 2 2 2 2 2 2 2 2 2 2 2
left_child=3 -2 -3 4 5 7 -7 8 -1 10 14 -12 -13 -14 24 16 17 -16 19 20 23 -22 -20 -17 -5 26 -26 28 -27 -30
right_child=1 2 -4 9 -6 6 -8 -9 -10 -11 11 12 13 -15 15 18 -18 -19 22 -21 21 -23 -24 -25 25 27 -28 -29 29 -31
leaf_value=6.2542825059241104e-06 -2.1002903742716859e-06 2.0888723860377171e-06 -5.3786031639754134e-05 9.6650208281881222e-06 4.4698862732752271e-06 -8.169807911916779e-05 3.0691500039390321e-05 -1.390317818242809e-05 2.9492062054610117e-07 2.28551794343666e-05 9.8052726380934506e-06 1.4713260534153326e-05 -0.00022888075890324262 -7.7519127675941733e-05 -2.0764473360959882e-06 -2.5952740253900528e-06 1.0777779443312463e-05 -0.00013112027926622744 8.4195831388781227e-06 4.67827098275562e-06 -5.4763241739651182e-05 5.3940243217752351e-08 -3.6188855239630932e-05 1.1377384865334466e-05 2.3655890750198011e-05 1.8683278886730147e-05 -3.9830007600593728e-05 3.5789783471229176e-05 1.7684841953660595e-05 -0.00012478582647968358
leaf_weight=88 33 115 20 1314 2649 23 23 31 1422 135 84 24 24 24 20 39 39 20 453 129 29 32 20 31 27 74 23 131 22 22
leaf_count=88 33 115 20 1314 2649 23 23 31 1422 135 84 24 24 24 20 39 39 20 453 129 29 32 20 31 27 74 23 131 22 22
internal_value=0.000898877 -0.00125 0.000185185 0.000950806 0.000632673 -7.24636e-05 -0.00695652 0.000133031 0.000264901 0.00144698 0.00129988 -0.00141026 -0.00541667 -0.00958333 0.00147423 0.000504926 -0.00449367 -0.01 0.00104366 -0.000961538 -0.00377863 -0.00893443 0.00214588 0.000714286 0.00196218 0.000317726 -0.005 0.00138554 -0.000932203 -0.00636364
internal_weight=7120 168 135 6952 4236 1587 46 1541 1510 2716 2581 156 72 48 2425 812 79 40 733 260 131 61 473 70 1613 299 50 249 118 44
internal_count=7120 168 135 6952 4236 1587 46 1541 1510 2716 2581 156 72 48 2425 812 79 40 733 260 131 61 473 70 1613 299 50 249 118 44
is_linear=0
shrinkage=0.05


Tree=87
num_leaves=31
num_cat=0
split_feature=34 22 5 24 41 22 17 21 22 42 20 0 18 17 9 18 5 41 17 39 39 24 15 5 23 42 4 22 22 5
split_gain=0.344152 0.526702 0.750484 1.12811 0.586043 0.804102 0.987482 1.39749 0.827008 0.729192 0.553213 0.665188 0.555667 0.617851 0.514889 1.50791 0.51349 0.496969 0.492781 1.00992 0.660893 0.608692 0.489965 0.84812 0.897003 0.82451 0.75 0.542207 0.918936 1.67283
threshold=108180.86431937564 765.41770350000002 -0.0063351950972413435 736.26993270000014 355.53180657236271 619.67176525000002 0.0032432381045774754 149.91500000000818 680.2191825000001 180.80913836038005 7.7749999999941801 104450.49000000001 -234.40499999999881 0.0034441335009542892 0.0033746957531350717 272.7050000000018 -0.0077830889861828208 -345.45516950220843 0.0033060878086142924 493.21642857142962 590.99535714285923 721.61341740000023 0.0035488365469072175 0.0014886771406494258 -0.92119357607512231 137.20042019029233 669.34595500000012 1213.3310152500001 1273.7646225000001 0.00064621818829136465
decision_type=2 2 2 2 2 2 2 2 2 2 2 2 2 2 2 2 2 2 2 2 2 2 2 2 2 2 2 2 2 2
left_child=1 2 3 16 5 17 7 8 -7 10 -8 12 -12 -14 -15 -16 -1 -4 19 -3 -20 -21 23 24 -22 26 -25 -24 29 -29
right_child=-2 18 4 -5 -6 6 9 -9 -10 -11 11 -13 13 14 15 -17 -18 -19 20 21 22 -23 27 25 -26 -27 -28 28 -30 -31
leaf_value=-0.00019668364224590293 4.8897432092438323e-06 -4.2345798741212496e-05 1.695787457439598e-05 5.8570377252541099e-05 5.51291767955798e-06 -6.2808429879081495e-05 -0.00013499543645453818 2.5478602952069013e-05 -5.3852677951498182e-06 -0.00010531913788985864 2.6749373298367408e-05 3.799143955750025e-05 -2.0755473835071067e-06 1.0148124374762192e-05 -6.703983354210824e-05 4.2982538199481017e-05 -8.3095343074116496e-05 1.564749810219125e-06 1.3569575324703012e-05 3.7958605500232681e-05 -8.9198079244664279e-05 -4.1467877480964457e-05 7.7418277695070436e-06 -6.3112174301449813e-06 2.3216011582618094e-05 4.8386010530206055e-05 -0.00036085153635656889 2.8518480547300727e-05 5.0160336461266096e-06 -0.00023862918189902568
leaf_weight=21 2856 25 60 26 157 36 30 32 23 25 37 64 20 137 37 33 22 1201 445 50 22 37 690 24 129 20 24 38 762 37
leaf_count=21 2856 25 60 26 157 36 30 32 23 25 37 64 20 137 37 33 22 1201 445 50 22 37 690 24 129 20 24 38 762 37
internal_value=0.000863764 0.000579268 -2.29473e-05 -0.00514493 0.000163848 -0.000100864 -0.00185654 -0.00653846 -0.0111017 -0.000744125 -0.000167598 0.000426829 -0.000681818 -0.00160793 -0.000797101 -0.00428571 -0.0101163 0.00055908 0.00109205 -0.00214286 0.00125742 0.000402299 0.000819015 -0.00139269 0.000695364 -0.00602941 -0.00958333 0.00113621 0.000280765 -0.005
internal_weight=7120 4264 1961 69 1892 1735 474 91 59 383 358 328 264 227 207 70 43 1261 2303 112 2191 87 1746 219 151 68 48 1527 837 75
internal_count=7120 4264 1961 69 1892 1735 474 91 59 383 358 328 264 227 207 70 43 1261 2303 112 2191 87 1746 219 151 68 48 1527 837 75
is_linear=0
shrinkage=0.05


Tree=88
num_leaves=31
num_cat=0
split_feature=11 9 42 27 39 42 27 20 11 23 19 20 15 9 20 13 42 20 30 30 15 23 19 19 15 36 24 32 25 32
split_gain=0.38514 0.732359 0.538842 0.88205 0.542975 0.536973 0.444468 0.948605 0.40892 0.398834 0.434528 0.512191 0.712644 0.423631 0.52173 0.395977 0.520815 0.460645 0.445301 0.524258 0.415106 0.447999 0.508119 0.403252 0.708805 0.384213 0.701849 0.548425 0.49697 0.885808
threshold=0.0078268489850028718 0.0061929515416871105 7.7239259625394263 93037.102000000028 1457.2046428571441 -147.87878179645307 122547.85550000002 110.07499999998983 0.024518451435072443 -0.59561632405408826 463.76000000000209 183.59500000000119 0.0033184447915151198 0.01536797610187614 410.27000000000413 -0.03146147444780175 -214.04164527401554 104.05500000000031 88752.111696364474 91208.716938111495 0.0017493658160602419 -0.78022879357313768 576.83999999999662 391.73999999999802 0.003294471456524855 -73.014577644986261 295.40817480000004 939.37955051207257 -0.45233807089073647 -274.55344924776722
decision_type=2 2 2 2 2 2 2 2 2 2 2 2 2 2 2 2 2 2 2 2 2 2 2 2 2 2 2 2 2 2
left_child=5 8 3 -3 9 15 25 -8 -2 -4 11 12 -11 -12 -15 16 17 -1 -19 -20 -17 22 23 24 -22 26 -7 28 29 -28
right_child=1 2 4 -5 -6 6 7 -9 -10 10 13 -13 -14 14 -16 20 -18 18 19 -21 21 -23 -24 -25 -26 -27 27 -29 -30 -31
leaf_value=6.0942105702275621e-05 8.1719788619043815e-06 2.9170440704911946e-05 7.19677014198363e-05 -0.00012584411037120971 -6.8171560415180375e-05 -3.551300818140605e-05 5.8153378230982176e-05 -4.0071851723778982e-06 -4.3883798367043618e-05 -1.1242743666324208e-05 1.56445257406516e-05 -8.6690253948608614e-05 4.6164227991750974e-05 3.7912047381867181e-06 -6.6191806656685977e-05 -2.1782082717987764e-06 -0.00027768778879897014 1.2176192593164413e-05 -0.00028933519324461052 -5.03353045180912e-07 2.1428360831647371e-06 2.1211617394512983e-05 -1.3472117735860492e-05 4.952002552964536e-05 -7.3704306804466668e-06 3.923468251769642e-06 1.0002236797513842e-05 -2.2982660745533792e-05 -1.2432655207518445e-06 -1.150501264863067e-06
leaf_weight=51 541 22 64 25 21 33 24 25 24 27 285 21 31 107 30 21 32 50 25 49 23 597 20 41 30 2702 676 37 1109 377
leaf_count=51 541 22 64 25 21 33 24 25 24 27 285 21 31 107 30 21 32 50 25 49 23 597 20 41 30 2702 676 37 1109 377
internal_value=0.000926966 0.00174457 0.000576619 -0.00457447 0.000989761 0.000761567 0.000554887 -0.00418367 0.0030531 0.00128319 0.000808383 -0.00259494 -0.000172414 0.0014455 -0.000839416 0.00185836 -7.24636e-05 0.001 -0.000645161 -0.00310811 0.00240437 0.002609 -0.000263158 0.0012766 -0.00160377 0.000601946 0.000116488 0.000225103 0.0003284 0.00110636
internal_weight=7120 1198 633 47 586 5922 4983 49 565 565 501 79 58 422 137 939 207 175 124 74 732 711 114 94 53 4934 2232 2199 2162 1053
internal_count=7120 1198 633 47 586 5922 4983 49 565 565 501 79 58 422 137 939 207 175 124 74 732 711 114 94 53 4934 2232 2199 2162 1053
is_linear=0
shrinkage=0.05


Tree=89
num_leaves=31
num_cat=0
split_feature=34 23 7 22 42 13 41 41 39 20 11 39 35 41 1 24 2 35 5 11 19 38 23 9 42 40 18 34 38 15
split_gain=0.518256 0.614959 0.775626 0.771429 0.442828 0.738409 0.446038 0.722192 1.51882 0.833758 0.480203 0.569164 0.460733 0.792453 0.453564 0.753978 0.726084 1.38947 0.625562 0.707219 1.21636 0.536337 0.824176 0.430311 0.463326 1.11437 0.677314 0.448607 0.429364 0.390888
threshold=118727.99403156167 -0.81148189010966754 -0.0057638367910902251 675.7134155 -147.87878179645307 0.0017001321222584575 388.81558286709577 349.62592545038632 762.95428571428636 28.965000000003787 -0.0098086267481625623 812.01535714285853 115753.10345000001 569.09865934417928 112986.44000000002 264.2961102000001 112023.53000000001 115666.70180000002 -0.0011768620172422082 -0.0049728363727582327 424.93499999999773 33.809354275889305 -0.40731499007403871 -0.0019206006133534071 -8.9239066579964952 779.39650534585246 -196.90499999999881 84542.399413686013 73.842938397671375 0.0017278664680271637
decision_type=2 2 2 2 2 2 2 2 2 2 2 2 2 2 2 2 2 2 2 2 2 2 2 2 2 2 2 2 2 2
left_child=4 -2 -3 -4 5 29 7 14 9 -9 11 -8 23 -14 16 -16 -6 -18 -17 20 -20 22 -21 -12 25 26 -25 -28 -11 -1
right_child=1 2 3 -5 6 -7 10 8 -10 28 12 -13 13 -15 15 18 17 -19 19 21 -22 -23 -24 24 -26 -27 27 -29 -30 -31
leaf_value=-2.0692978582088299e-06 -2.0480601774841829e-06 -0.00013119955528342013 -2.7966589796158225e-05 3.6314325588256427e-05 2.104476205612788e-06 -9.5695690930233174e-06 4.8604701251551758e-05 -2.9429185432049621e-05 -0.00011465417226284101 1.9638438998133795e-05 4.2002862953708487e-05 -0.00031390206557108303 7.7820247735483126e-06 -3.201045224362759e-05 -3.0109691800560145e-05 1.9754941441622794e-05 -0.00010514646187352499 4.115813957787299e-05 -4.2102423037291935e-05 2.1422959927413951e-05 1.2447767123309326e-05 8.0857354383817903e-06 -0.00010713750295511279 -2.2019155710467353e-06 6.5666171507244788e-06 -4.718934101407053e-05 -8.2743674421171626e-06 2.0716388185187434e-05 -4.0063919114255664e-05 1.1648566745469117e-05
leaf_weight=21 30 33 21 84 3659 20 20 26 27 82 229 21 21 32 25 308 38 22 26 26 34 711 28 34 440 33 21 169 20 859
leaf_count=21 30 33 21 84 3659 20 20 26 27 82 229 21 21 32 25 308 38 22 26 26 34 711 28 34 440 33 21 169 20 859
internal_value=0.000898877 -0.00184524 -0.000434782 0.00166667 0.00096519 0.002 0.000811302 0.000618045 -0.00274194 -0.00046875 0.00176471 -0.00353659 0.00198672 -0.00254717 0.000724831 0.00158895 0.000455768 -0.005 0.00177846 0.00106061 -0.00416667 0.00147059 -0.00333333 0.00224622 0.00162841 -5.83656e-05 0.00120536 0.00236842 0.00156863 0.00221591
internal_weight=7120 168 138 105 6952 900 6052 5032 155 128 1020 41 979 53 4877 1158 3719 60 1133 825 60 765 54 926 697 257 224 190 102 880
internal_count=7120 168 138 105 6952 900 6052 5032 155 128 1020 41 979 53 4877 1158 3719 60 1133 825 60 765 54 926 697 257 224 190 102 880
is_linear=0
shrinkage=0.05


Tree=90
num_leaves=31
num_cat=0
split_feature=34 21 2 4 38 11 40 15 4 41 23 7 34 17 22 18 22 19 36 41 19 17 36 36 15 16 13 42 7 38
split_gain=0.434842 0.907029 1.07336 0.425029 0.570132 0.544607 0.546381 0.507363 0.496465 0.624363 1.37998 0.684191 0.566577 1.07911 0.928329 1.46146 1.11517 0.489262 0.484951 0.884503 0.47343 0.462615 0.380095 0.507082 0.355368 0.410308 0.843457 0.965714 0.56 0.524222
threshold=119638.68633102444 112.7150000000038 121348.38500000002 933.23153000000013 21.765306724213385 0.024518451435072443 270.17839627387735 0.0014438839671036927 801.77629000000013 290.18619650015796 -0.87244614269450971 -0.0012055069390715578 107667.15406077173 0.0035393954140266835 876.52383224999983 -196.90499999999881 1162.8680775 1029.9150000000011 -1877.6353881130706 455.24764417276299 915.02500000000157 0.0037666410926691716 4903.5236858604048 4542.2753919773177 0.0060512333504748614 0.0043460024538936196 0.0020236660059797617 -46.129358074088699 -0.0015127596122520724 43.508598910158092
decision_type=2 2 2 2 2 2 2 2 2 2 2 2 2 2 2 2 2 2 2 2 2 2 2 2 2 2 2 2 2 2
left_child=3 -2 -3 4 -1 6 8 -8 9 17 -11 21 13 -10 -15 -16 -17 -6 19 -9 -14 -12 23 -5 25 29 -27 -28 -29 -20
right_child=1 2 -4 22 5 -7 7 18 12 10 11 -13 20 14 15 16 -18 -19 24 -21 -22 -23 -24 -25 -26 26 27 28 -30 -31
leaf_value=3.101049891287651e-05 2.2102181475934367e-05 6.6993103494009207e-06 -5.2667598238415583e-06 7.0955252586216011e-06 2.1424525358137946e-06 -6.2223794967643299e-05 -5.2726126110710392e-06 2.8033280848158894e-06 -0.00013820560954786837 -3.0671405254629074e-05 1.8509662206857568e-05 1.0483537817401397e-05 3.5622111340834568e-05 6.2292929215845796e-06 -0.00031914985833640685 -0.00018683861173238517 0.00011986156319066448 -4.2200326261398224e-05 -7.253501769261585e-07 -8.1960041715606848e-05 -0.00014549091337822878 -0.00017762699558842635 2.2067889502394068e-05 -7.2771940140435701e-05 4.9217061465458564e-05 5.8913808044256225e-05 -0.00011589026034476958 -1.1322043505089123e-05 2.4285169704781192e-06 7.2353461633562916e-06
leaf_weight=120 49 32 31 1728 3342 26 39 56 29 20 22 45 90 57 21 25 33 21 35 23 25 24 131 30 96 79 35 40 100 716
leaf_count=120 49 32 31 1728 3342 26 39 56 29 20 22 45 90 57 21 25 33 21 35 23 25 24 131 30 96 79 35 40 100 716
internal_value=0.000948034 -0.00214286 -0.00611111 0.000997432 0.000760891 0.000679136 0.000716871 0.00163659 0.000418221 0.000581462 -0.00310811 -0.000494505 -0.00160714 -0.00348485 -0.00161765 -0.00512658 -0.00103448 0.000703241 0.00182203 -0.00196203 0.00108696 -0.00478261 0.00163843 0.00144482 0.00209355 0.00181592 7.87403e-05 -0.00185714 1.86265e-10 0.00240346
internal_weight=7120 112 63 7008 5119 4999 4973 1219 3754 3474 111 91 280 165 136 79 58 3363 1180 79 115 46 1889 1758 1101 1005 254 175 140 751
internal_count=7120 112 63 7008 5119 4999 4973 1219 3754 3474 111 91 280 165 136 79 58 3363 1180 79 115 46 1889 1758 1101 1005 254 175 140 751
is_linear=0
shrinkage=0.05


Tree=91
num_leaves=31
num_cat=0
split_feature=40 7 34 16 13 13 38 16 41 42 11 25 21 19 20 40 36 40 42 7 38 41 19 38 30 31 15 35 24 22
split_gain=0.544326 0.409287 0.726605 0.533802 0.828074 2.15979 0.587778 0.411429 0.350394 0.464104 0.604725 0.426727 0.797727 1.09394 0.485854 0.55517 1.27273 0.620047 0.40995 1.26048 0.905143 1.76641 0.453167 0.323033 0.321556 0.305653 0.550767 1.15159 0.966376 0.940513
threshold=534.64739746008138 -0.0021119800055490706 116664.1700238746 0.0045571406129709469 0.010177043462945337 0.0027503320330070319 82.604697735201768 0.0050487197130616645 630.58118577616813 -122.31126136131259 -0.019220593031643921 -0.74773524061259045 116.87000000000263 448.10999999999336 362.23500000000791 -258.7648186942169 -2032.9068465605667 -897.00460180656944 -107.08935912490735 -0.0029402618570952724 40.999647854308151 388.81558286709577 2435.110000000001 29.244358698176232 122851.47111160848 105457.16590000001 0.0014157437258248038 90800.020025000005 637.45048024000005 275.15375825000007
decision_type=2 2 2 2 2 2 2 2 2 2 2 2 2 2 2 2 2 2 2 2 2 2 2 2 2 2 2 2 2 2
left_child=8 2 -2 -3 5 -5 7 -6 9 11 -11 12 -1 -14 -13 16 17 -16 19 -12 23 -22 24 -21 25 26 27 -20 -29 -28
right_child=1 3 -4 4 6 -7 -8 -9 -10 10 18 14 13 -15 15 -17 -18 -19 22 20 21 -23 -24 -25 -26 -27 29 28 -30 -31
leaf_value=1.9291783372924989e-05 4.0567295757219123e-05 6.8617097622745754e-06 -2.1812770226500639e-05 7.1557755194169291e-05 -0.00013610674781945183 -0.00023477138295543195 -2.9365536584356345e-05 1.0717555274077313e-05 -2.3652133454509525e-05 -0.00012246522398295955 3.4474681516000794e-05 1.0969126765215234e-05 -8.607719696467021e-06 2.541203904992115e-06 -0.00020876874217731301 0.00011209919992692033 -0.00017778414972282431 4.6513665706953965e-05 5.9287164177356949e-06 -2.169133124769659e-06 -0.00020717360611485506 -7.9533470158990904e-06 -8.433789103511394e-05 5.5446854088749131e-06 -2.3544220809947584e-06 4.5594327010278918e-06 -8.6767500471165613e-05 -0.00013470731466595326 -1.9776456402819975e-05 2.6633556867617877e-06
leaf_weight=60 198 325 20 31 24 26 30 126 32 31 50 874 20 24 39 32 22 38 97 24 25 27 22 46 33 2530 25 20 21 2248
leaf_count=60 198 325 20 31 24 26 30 126 32 31 50 874 20 24 39 32 22 38 97 24 25 27 22 46 33 2530 25 20 21 2248
internal_value=0.000997191 0.00224359 0.00408257 0.00153025 -0.000274261 -0.00552632 0.00138889 0.00266667 0.000843849 0.000870324 0.000672245 0.00179892 -0.00125 -0.00636364 0.00211443 -0.000725191 -0.00257576 0.000454546 0.000714009 -0.00168605 -0.00442623 -0.00942308 0.000796637 -0.000714286 0.000828307 0.000861162 0.000458316 -0.0026087 -0.00963415 0.000644523
internal_weight=7120 780 218 562 237 57 180 150 6340 6308 5199 1109 104 44 1005 131 99 77 5168 172 122 52 4996 70 4974 4941 2411 138 41 2273
internal_count=7120 780 218 562 237 57 180 150 6340 6308 5199 1109 104 44 1005 131 99 77 5168 172 122 52 4996 70 4974 4941 2411 138 41 2273
is_linear=0
shrinkage=0.05


Tree=92
num_leaves=31
num_cat=0
split_feature=11 40 16 19 30 21 11 35 39 17 30 7 13 19 15 28 23 15 34 35 5 32 35 25 18 20 9 5 24 19
split_gain=0.468684 0.453105 0.645337 0.477632 0.537202 0.518627 0.445889 0.814527 0.892049 0.840722 0.739454 0.892787 0.776369 0.410483 0.434341 0.635465 0.550474 0.534463 0.93261 1.46518 1.28 1.04167 1.00709 1.37578 0.567265 0.548746 0.901274 0.689811 0.742205 0.551127
threshold=-0.010137280697651735 407.24647181577171 0.0024074780848750981 1675.8549999999962 87452.192446427318 372.73500000000064 0.0027558913192411217 115753.10345000001 446.95535714285825 0.0037355149916084639 90738.163469622392 -0.00017394745355813008 0.0099715257857144902 1225.2949999999985 0.0022204893796113887 851.50094762419769 1.3911298765172833 0.0029424926187283881 90942.818313354961 88563.274350000022 0.00034495173305689868 -799.22387482666807 118132.23042500002 -0.2752414660106684 -126.37000000000261 125.76000000000205 0.0036355943193096189 0.007144162755905444 1003.7764776000001 276.3650000000053
decision_type=2 2 2 2 2 2 2 2 2 2 2 2 2 2 2 2 2 2 2 2 2 2 2 2 2 2 2 2 2 2
left_child=-1 3 -3 13 -5 -6 7 8 9 -4 11 -10 -13 14 15 16 -2 18 19 21 -21 -16 -20 -24 -23 26 -19 -27 -29 -28
right_child=1 2 6 4 5 -7 -8 -9 10 -11 -12 12 -14 -15 17 -17 -18 25 22 20 -22 24 23 -25 -26 27 29 28 -30 -31
leaf_value=9.8442586705460518e-06 2.7505229883443436e-06 -2.2182233212331996e-05 -2.4785274224278451e-05 1.3713564557976447e-05 -5.5091910827118509e-06 -0.00027674742729089693 6.3029772201495085e-06 -1.0684271996751937e-05 3.2605557253942342e-05 5.2384777508238156e-05 2.2216377075954359e-05 -9.7463990427501188e-05 9.5051337637862804e-07 2.3925869407922918e-05 -5.5092919478407618e-05 -4.5730547403030472e-06 2.7533133018436878e-05 1.8774575729973212e-06 3.5155499534448413e-06 -3.1329764037184639e-05 -0.00015417768102417499 -1.3048660334192797e-05 2.4556939770604654e-09 -8.2417696691488307e-05 9.0609482316141303e-06 9.3238139857037275e-07 -1.2695811088550401e-05 3.4036578792142611e-06 -0.00027118245356024895 3.9608863493434664e-05
leaf_weight=854 1402 21 29 42 34 20 655 28 74 21 273 26 22 166 21 20 128 786 831 25 25 41 37 21 106 973 32 22 23 362
leaf_count=854 1402 21 29 42 34 20 655 28 74 21 273 26 22 166 21 20 128 786 831 25 25 41 37 21 106 973 32 22 23 362
internal_value=0.0010323 0.000882541 0.00177981 0.000681063 -0.0028125 -0.00611111 0.00194149 0.00077167 0.00129213 -0.005 0.00208861 -0.00114754 -0.00645833 0.000747859 0.000664264 0.00135484 0.00147059 0.000340394 -0.000555555 -0.00348624 -0.011 -0.00125 0.000163105 -0.0062069 0.000238095 0.000791629 0.00152542 -5.89389e-05 -0.00611111 0.00347716
internal_weight=7120 6266 1149 5117 96 54 1128 473 445 50 395 122 48 5021 4855 1550 1530 3305 1107 218 50 168 889 58 147 2198 1180 1018 45 394
internal_count=7120 6266 1149 5117 96 54 1128 473 445 50 395 122 48 5021 4855 1550 1530 3305 1107 218 50 168 889 58 147 2198 1180 1018 45 394
is_linear=0
shrinkage=0.05


Tree=93
num_leaves=31
num_cat=0
split_feature=40 7 41 42 36 24 25 23 5 18 30 13 15 4 17 9 16 23 23 20 20 32 24 24 0 20 5 20 30 21
split_gain=0.472782 0.570857 0.528251 0.514125 0.652222 1.33032 0.850938 0.492947 0.426177 0.613205 1.21752 2.19878 0.74247 0.799978 0.740175 0.61148 1.19298 1.16364 1.2197 0.599388 0.822133 0.704899 0.703439 1.38766 0.904666 0.854824 0.625 0.582431 0.959223 1.04
threshold=407.24647181577171 -0.0032407798915190032 518.91245159480752 250.53157180451385 -958.55059241186962 895.38380720000009 -0.6873477708365 0.31212498891157886 -0.0011768620172422082 -13.614999999997961 84274.348714838896 0.0027503320330070319 0.0050109533171661122 2371.1233800000005 0.0016836835862443903 -0.0037615039993714652 0.0029551969548392795 -0.69622566223740201 -0.037651896801919132 57.355000000003209 144.49499999999537 468.8719780591419 640.44300010000018 824.08941720000018 107881.72000000002 122.2350000000006 -0.00072221369336134802 229.39999999999421 112435.81768447763 90.45000000000438
decision_type=2 2 2 2 2 2 2 2 2 2 2 2 2 2 2 2 2 2 2 2 2 2 2 2 2 2 2 2 2 2
left_child=1 -1 3 8 6 -6 -5 -8 -3 10 11 -10 15 -14 -12 16 -11 -18 -19 21 22 -16 25 24 -24 -21 -23 -22 29 -29
right_child=-2 2 -4 4 5 -7 7 -9 9 12 14 -13 13 -15 19 -17 17 18 -20 20 27 26 23 -25 -26 -27 -28 28 -30 -31
leaf_value=6.6588657696712775e-06 4.051394602546163e-06 1.0171200354051907e-05 -2.4640782245490755e-05 -1.4774403447563394e-05 2.2956137426732268e-05 -0.00011184935781601818 4.3989203371181524e-05 -6.218241409898318e-05 -0.00013830263719241198 2.2841841563639034e-05 -3.7170095538784422e-05 4.1527387398944911e-05 2.1091623808805574e-05 -7.9351271755693869e-05 2.0360641919973213e-05 2.1889660838732859e-06 -1.3207476065332008e-05 0.00014893113478590329 -0.00022232446558635442 2.2233154168589663e-06 2.0904069013268433e-05 -2.7698618452472182e-05 -1.9092414923929643e-05 1.0359865936389802e-05 -4.7681169494309709e-06 -2.8102471573730541e-05 1.2740090454083742e-05 -7.8309321421174329e-05 4.6144227387371563e-05 1.8186710936652488e-06
leaf_weight=1309 1200 951 20 27 26 25 81 20 22 38 37 21 451 46 178 2128 20 23 21 107 102 20 26 45 33 20 20 25 38 40
leaf_count=1309 1200 951 20 27 26 25 81 20 22 38 37 21 451 46 178 2128 20 23 21 107 102 20 26 45 33 20 20 25 38 40
internal_value=0.00105337 0.000869933 0.000608328 0.000643651 -0.00198324 -0.00676471 -7.81248e-05 0.0020297 0.000750227 0.000492632 -0.000790191 -0.00895349 0.000837917 0.00258551 -0.0002822 0.000448431 -0.00333333 -0.0075 -0.00295455 0.000107034 -0.000963303 0.00224771 -0.00300866 -0.00605769 -0.0111017 -0.000511811 -0.00375 0.00134146 -0.00131068 -0.005
internal_weight=7120 5920 4611 4591 179 51 128 101 4412 3461 734 43 2727 497 691 2230 102 64 44 654 436 218 231 104 59 127 40 205 103 65
internal_count=7120 5920 4611 4591 179 51 128 101 4412 3461 734 43 2727 497 691 2230 102 64 44 654 436 218 231 104 59 127 40 205 103 65
is_linear=0
shrinkage=0.05


Tree=94
num_leaves=31
num_cat=0
split_feature=34 19 16 32 36 9 11 21 39 21 36 28 36 36 9 36 15 17 15 17 15 40 41 23 22 38 0 15 19 19
split_gain=0.463093 0.825445 0.68959 0.567156 0.496296 0.452103 0.465607 0.514644 0.87104 1.05219 0.752021 0.425891 0.39561 0.509895 0.887472 0.357906 1.13147 0.642941 0.842638 0.607847 0.720261 0.551148 0.539941 0.856637 0.526879 1.03704 0.409756 0.391434 0.356501 0.397707
threshold=118727.99403156167 421.71500000000384 0.0031255321727178442 -4137.6966197993379 4994.9079923570835 -0.004815576443194562 -0.0036201936253592985 159.4549999999945 668.67678571428416 243.62000000000265 -3577.472505855621 -708.37385797207378 421.48939237547171 1.0000000180025095e-35 -0.0087794197065651104 3172.0961150993758 0.0059830122597481035 0.0034054978722556479 0.0029694098225894823 0.0030218265815240525 0.0037856054101687475 270.17839627387735 300.67133988079371 -0.74284786358086918 981.85603499999991 63.26716550423388 106441.51000000002 0.0014438839671036927 171.89999999999421 234.50500000000469
decision_type=2 2 2 2 2 2 2 2 2 2 2 2 2 2 2 2 2 2 2 2 2 2 2 2 2 2 2 2 2 2
left_child=4 -2 -3 -4 5 6 12 11 9 -9 -10 -8 13 -1 -15 21 17 18 -17 -20 -21 22 28 -24 -19 -26 -25 -23 -7 -30
right_child=1 2 3 -5 -6 15 7 8 10 -11 -12 -13 -14 14 -16 16 -18 24 19 20 -22 27 23 26 25 -27 -28 -29 29 -31
leaf_value=1.0869391805061147e-05 -1.9209360832804639e-06 -2.2675822556186991e-05 -7.9495540864023907e-05 1.1208429605948223e-05 1.275481765808224e-05 9.9174296066906607e-06 -0.00024377207582501267 -0.00032959970513867605 -0.00023385059941276226 7.1707684334071577e-07 1.5109818545942279e-05 8.2928684870486328e-06 3.1858674639795836e-05 -0.00030910027810620682 2.2068716306586995e-05 -3.4346422781457297e-05 -0.0001672724127332829 1.103701980685174e-05 9.1745209646176253e-06 5.3395913004373167e-05 -3.9115158275215648e-05 -7.1258508773324827e-06 -1.5900798834065916e-05 -9.6905357219551568e-06 6.6678733828386866e-06 -0.00010658923015509732 3.8407210521310806e-05 4.9787173729321185e-06 -2.5395192263101209e-06 3.3998634884409691e-06
leaf_weight=652 33 24 26 85 310 261 21 22 21 32 58 134 217 23 27 35 25 124 35 24 29 28 20 20 34 23 21 1088 379 3289
leaf_count=652 33 24 26 85 310 261 21 22 21 32 58 134 217 23 27 35 25 124 35 24 29 28 20 20 34 23 21 1088 379 3289
internal_value=0.00104635 -0.00154762 0.000185185 0.00184685 0.00110903 0.00101777 0.00189312 0.000138889 -0.00214286 -0.00703704 0.00120253 0.00209677 0.00244287 0.0018661 -0.003 0.000823367 -0.000775076 6.57897e-05 -0.00272358 -0.000113636 -0.00349057 0.000926361 0.000651629 -0.00401639 0.00196133 -0.00201754 0.000121951 0.0019086 0.000724103 0.000597056
internal_weight=7120 168 135 111 6952 6642 1207 288 133 54 79 155 919 702 50 5435 329 304 123 88 53 5106 3990 61 181 57 41 1116 3929 3668
internal_count=7120 168 135 111 6952 6642 1207 288 133 54 79 155 919 702 50 5435 329 304 123 88 53 5106 3990 61 181 57 41 1116 3929 3668
is_linear=0
shrinkage=0.05


Tree=95
num_leaves=31
num_cat=0
split_feature=40 40 36 32 15 15 25 21 11 2 4 25 22 22 28 22 22 9 40 21 27 19 4 28 34 38 11 11 9 25
split_gain=0.443028 0.556687 1.35758 0.607133 0.546426 1.0552 0.532808 0.505083 0.496235 0.48838 0.619455 0.929015 0.414793 1.40953 1.27675 0.573129 1.39396 0.965151 0.515447 0.426667 0.402516 0.458009 0.4 0.399421 0.769928 0.692881 0.898466 1.09769 1.39096 0.555769
threshold=211.2962884110166 195.34695339202156 1218.0759553092505 1364.1052331001413 0.0014438839671036927 0.0012402848411493376 -1.0773057531306149 25.085000000006406 -0.0098086267481625623 110677.77500000001 944.39463500000011 0.43005079518288691 592.27613725000003 576.28119500000014 482.63025709057553 472.96534349999996 497.36677975000003 -1.0000000180025095e-35 348.85787240574433 37.509999999994768 122191.43475 598.68499999999779 508.37073500000002 456.00779656376841 83580.8319905229 63.26716550423388 -0.001008934710341325 0.004710519556396715 0.003442241234906438 -0.44213894911154206
decision_type=2 2 2 2 2 2 2 2 2 2 2 2 2 2 2 2 2 2 2 2 2 2 2 2 2 2 2 2 2 2
left_child=1 3 -3 7 5 -2 -6 9 -9 10 11 -1 13 15 -15 -8 17 -17 -14 -18 23 -22 -4 25 -25 -10 -27 29 -29 -28
right_child=4 2 22 -5 6 -7 12 8 20 -11 -12 -13 18 14 -16 16 19 -19 -20 -21 21 -23 -24 24 -26 26 27 28 -30 -31
leaf_value=3.4838888084224948e-06 3.7014304824318641e-05 2.5083603855891665e-05 -3.2830775209825981e-05 -6.8848481175345827e-05 -1.0565187880549915e-05 -4.0117795782038121e-05 1.5847515631560567e-05 9.0589442339572299e-06 1.2649013612522317e-06 1.5317715607491232e-05 3.930537563353997e-05 -9.1493046397300064e-05 1.2641568659479358e-05 5.6499473242323837e-05 -5.5851014547179417e-05 3.9680512833088144e-06 -5.6317808839369576e-06 -3.9273730554235116e-05 3.5784848456015879e-06 1.0563396062017076e-05 -1.1603499104612806e-05 3.0662268936077686e-06 -2.5957501290299007e-05 -8.2449417660267587e-05 2.103604158270265e-05 -0.00013407408436918081 3.6792180101020187e-05 9.2979256487207211e-06 -8.8078267652042354e-05 -1.1189327297699246e-06
leaf_weight=417 37 44 20 25 23 25 187 690 2795 250 86 25 371 23 24 22 30 30 1260 120 20 22 20 27 323 33 72 34 20 45
leaf_count=417 37 44 20 25 23 25 187 690 2795 250 86 25 371 23 24 22 30 30 1260 120 20 22 20 27 323 33 72 34 20 45
internal_value=0.000962079 0.000702496 -0.00333333 0.000771908 0.00156134 -0.00306452 0.00169856 0.000811896 0.000589317 0.00197943 0.00111742 0.000361991 0.00178278 0.000412844 -0.00776596 0.00140103 -0.000445544 -0.0075 0.00214899 0.002 0.000340608 -0.00452381 -0.01 0.000401613 0.002 0.000215072 -0.00259804 -0.00114035 -0.00703704 0.0015812
internal_weight=7120 4968 84 4884 2152 62 2090 4859 4081 778 528 442 2067 436 47 389 202 52 1631 150 3391 42 40 3349 350 2999 204 171 54 117
internal_count=7120 4968 84 4884 2152 62 2090 4859 4081 778 528 442 2067 436 47 389 202 52 1631 150 3391 42 40 3349 350 2999 204 171 54 117
is_linear=0
shrinkage=0.05


Tree=96
num_leaves=31
num_cat=0
split_feature=40 40 5 21 18 24 24 38 35 34 21 11 9 23 42 23 39 36 22 28 21 32 11 20 19 16 24 41 11 35
split_gain=0.445969 0.685261 0.553233 0.819758 0.616572 0.909774 0.857143 0.692853 0.626673 1.24085 0.550358 0.675566 0.545114 0.537778 0.531502 0.933838 0.692912 0.520001 0.467642 0.671243 0.505466 0.459981 0.504959 0.451477 0.687953 0.675136 1.15127 0.794622 0.771728 0.449983
threshold=206.31714693559482 195.34695339202156 0.0014011610956699116 1.0000000180025095e-35 343.86000000000064 1683.0252416000003 2053.809257200001 83.377606925580764 112226.65107500002 115733.74892982391 41.849999999998552 -0.0071857755919690442 -0.0002674687386712427 0.2150844433861733 250.53157180451385 0.34833605218061398 797.49357142857127 1218.0759553092505 1015.0400315000003 -727.13309155499144 62.985000000000589 -2448.5308629677743 0.0020776819563761172 99.995000000002634 243.58000000000177 0.0023074290232056047 539.2739342000001 -555.62439086701943 0.012800752857371879 111374.62717500002
decision_type=2 2 2 2 2 2 2 2 2 2 2 2 2 2 2 2 2 2 2 2 2 2 2 2 2 2 2 2 2 2
left_child=1 10 -2 13 7 -6 -7 8 -5 -10 -1 -12 -13 -4 18 16 -16 -3 19 -14 -20 22 -22 29 -25 26 -26 -27 -29 -21
right_child=2 17 3 4 5 6 -8 -9 9 -11 11 12 14 -15 15 -17 -18 -19 20 23 21 -23 -24 24 25 27 -28 28 -30 -31
leaf_value=5.9895659628956486e-06 5.9453349595700446e-06 4.034464523601933e-05 -4.2035773086670703e-05 2.1402322732944709e-06 1.0691083945395167e-05 -0.00016008282865901972 6.1269865996382364e-05 -5.6380986996341643e-05 -2.5589577444123986e-05 5.6115680067650198e-05 7.8825568872368674e-06 -1.6588030035716588e-06 -6.8178917364940346e-06 5.6210777554190146e-06 -9.5059906097409762e-05 -9.5872090200077652e-05 1.7631019930729394e-05 -1.470981434032986e-05 -1.2846305957987971e-05 2.6233898066865107e-06 4.6194650795895396e-05 5.0890758374673378e-05 -0.00020568130424150058 -5.5663497996301666e-06 5.3015138355218014e-06 -9.9345915646247509e-05 -0.00011039437231065012 2.342113000799012e-05 -4.0917940673550164e-05 9.3583129472717793e-06
leaf_weight=1176 1436 29 25 282 300 21 21 26 25 24 893 1132 29 20 23 20 67 27 29 459 29 219 21 26 52 35 29 329 25 291
leaf_count=1176 1436 29 25 282 300 21 21 26 25 24 893 1132 29 20 23 20 67 27 29 459 29 219 21 26 52 35 29 329 25 291
internal_value=0.000941011 0.000678138 0.0015367 0.000430108 0.000851216 0.00236842 -0.00452381 -0.000602241 1.51059e-05 -0.00520408 0.000741196 0.000442287 6.21671e-05 -0.00611111 0.000632799 -0.00272727 -0.000555555 -0.00482143 0.000867769 0.000450981 0.00265101 0.00332714 -0.001 0.000626003 -0.000544355 -0.000106383 -0.00425926 0.000758355 0.00146893 0.0014
internal_weight=7120 4940 2180 744 699 342 42 357 331 49 4884 3708 2815 45 1683 110 90 56 1573 1275 298 269 50 1246 496 470 81 389 354 750
internal_count=7120 4940 2180 744 699 342 42 357 331 49 4884 3708 2815 45 1683 110 90 56 1573 1275 298 269 50 1246 496 470 81 389 354 750
is_linear=0
shrinkage=0.05


Tree=97
num_leaves=31
num_cat=0
split_feature=40 16 22 35 17 35 19 30 9 35 20 25 41 16 9 5 18 25 7 28 4 23 20 7 13 4 16 23 11 15
split_gain=0.437401 0.360534 0.507311 0.480065 0.823617 0.655797 0.608473 0.733451 0.52026 0.494546 1.09003 1.23643 0.773244 0.697501 0.570682 0.772401 0.695544 0.406991 0.537281 0.452303 0.401287 0.528439 1.047 0.487827 0.692 1.06352 0.705928 1.13139 1.52751 1.6413
threshold=534.64739746008138 0.0051309592023797215 665.74330550000002 83636.001900000017 0.0036534410875461421 87636.376725000024 526.07499999998993 83892.201939757564 -0.00282574458908716 90330.613025000013 35.459999999999134 -0.73001484693029095 116.95630380227441 0.0023279752386600283 0.0077686001813699118 -0.002024895377556919 -389.33000000000897 -0.75211914035145189 0.0017592143904461984 -27.721675249107644 177.05860000000004 -0.73104338636694421 47.284999999996224 -0.0039239323750067693 0.00040338804594014049 189.67210000000003 0.0026647412335141173 0.2150844433861733 -0.00049726211407642338 0.0040820608328212852
decision_type=2 2 2 2 2 2 2 2 2 2 2 2 2 2 2 2 2 2 2 2 2 2 2 2 2 2 2 2 2 2
left_child=1 3 -3 4 -1 17 7 8 -6 10 11 -7 -13 -12 15 16 -15 18 19 -5 21 -11 -23 -22 25 -25 -27 -28 -29 -30
right_child=-2 2 -4 5 6 9 -8 -9 -10 20 13 12 -14 14 -16 -17 -18 -19 -20 -21 23 22 -24 24 -26 26 27 28 29 -31
leaf_value=-7.9188301465906059e-05 5.3744203519491e-06 -8.8984906433141684e-06 7.8506680518524297e-06 -6.1093131562107689e-07 -5.2583734729282766e-05 -9.1777352205679849e-05 6.1175369104190079e-05 -0.00010862538588785314 1.1269801805374528e-05 1.5137796244608428e-05 -0.00010284657322062176 5.5211614484016164e-05 -5.8160916766269885e-05 2.9497003785465748e-05 -8.5825123338425897e-05 1.1781757311740009e-05 -1.0951567129470304e-05 1.3219830732591695e-05 -2.4784656719411733e-05 2.3222500481234766e-05 9.2678053056840753e-06 7.9558910290557236e-06 -4.4340171641595211e-06 -1.5534422544159707e-05 3.0114583349487605e-06 3.3114649416870604e-06 -1.9552121425306812e-07 -1.1545667241345335e-05 -0.00021160318913034343 1.8904253023306336e-06
leaf_weight=22 780 23 1404 32 20 20 72 31 62 206 29 26 20 24 22 128 25 305 20 44 587 43 30 21 1634 628 677 123 41 21
leaf_count=22 780 23 1404 32 20 20 72 31 62 206 29 26 20 24 22 128 25 305 20 44 587 43 30 21 1634 628 677 123 41 21
internal_value=0.000933989 0.00079653 0.00149615 0.000593324 -0.00176328 0.000696983 -0.000675675 -0.0029646 -0.000487805 0.000516841 -0.00146258 -0.00712121 -0.0026087 0.000175439 0.00123116 0.00217514 -0.00316327 0.00263092 -0.000208333 0.00171053 0.00066193 0.00249104 -0.00116438 0.000525188 0.00027822 -0.000493051 -0.00033557 -0.0012645 -0.00472973 -0.011129
internal_weight=7120 6340 1427 4913 207 4706 185 113 82 4305 294 66 46 228 199 177 49 401 96 76 4011 279 73 3732 3145 1511 1490 862 185 62
internal_count=7120 6340 1427 4913 207 4706 185 113 82 4305 294 66 46 228 199 177 49 401 96 76 4011 279 73 3732 3145 1511 1490 862 185 62
is_linear=0
shrinkage=0.05


Tree=98
num_leaves=31
num_cat=0
split_feature=40 35 19 7 30 21 42 13 4 23 38 35 34 42 41 21 4 18 27 27 22 16 17 36 22 28 42 36 36 7
split_gain=0.347665 0.398956 0.849401 0.433866 0.390559 0.691198 1.16979 0.788952 0.846749 0.532713 0.362892 0.404527 0.460338 0.498459 0.362283 0.315712 0.421977 0.563419 0.403343 0.768923 0.438839 0.503113 0.413108 0.976467 0.81203 0.394242 1.11547 0.425835 1.03038 0.934627
threshold=534.64739746008138 115753.10345000001 598.68499999999779 -0.0025438628313193862 91208.716938111495 184.46499999999654 -1.5748689737030686 0.028291589717235287 1290.8451750000002 1.312649936295633 22.682055161484133 118465.34097500001 87867.505715309628 -190.97679448285979 630.58118577616813 35.975000000005828 944.39463500000011 611.00999999999487 84154.089000000022 84365.670000000027 1162.8680775 0.0056885701936874589 0.001873015160132189 22.363473539044211 329.20221474999994 1621.3721203837342 287.10496747628116 512.02636733201518 454.5676939568512 -0.00037077880147868788
decision_type=2 2 2 2 2 2 2 2 2 2 2 2 2 2 2 2 2 2 2 2 2 2 2 2 2 2 2 2 2 2
left_child=10 3 -3 -2 5 6 -5 -8 -9 -6 11 12 13 -1 15 16 17 18 -12 -20 22 -22 23 -21 -25 27 -27 28 -17 -30
right_child=1 2 -4 4 9 -7 7 8 -10 -11 14 -13 -14 -15 -16 25 -18 -19 19 20 21 -23 -24 24 -26 26 -28 -29 29 -31
leaf_value=6.1709732963979924e-06 4.3071305899630782e-05 -2.1266008065066091e-05 2.5888705811271239e-05 -0.00012490617490248267 9.9823369333676252e-06 1.2063539270541492e-05 1.1815302942234347e-05 -0.00010054484506875173 2.5500995687857222e-06 -1.306766694762593e-05 2.6869894408324506e-05 -2.9832337815138528e-05 1.5397341309428001e-05 -0.00027942276860879346 -1.4223940683122047e-05 1.7672726364191588e-06 1.928228334920503e-05 -7.1660605169946614e-05 -1.9033920524842545e-05 -1.6547001405248767e-05 -3.833531328734306e-05 1.465679205442225e-05 5.4344212998483978e-06 2.1824184466463195e-05 -1.7055185297739136e-05 -8.3089807907265709e-05 7.571803001620138e-05 3.0531021459685069e-06 2.0824808850919171e-05 -3.8692485211134531e-05
leaf_weight=37 173 25 31 27 312 74 55 25 21 37 67 31 256 20 31 2735 203 34 23 22 27 20 843 48 28 24 27 1801 26 37
leaf_count=37 173 25 31 27 312 74 55 25 21 37 67 31 256 20 31 2735 203 34 23 22 27 20 843 48 28 24 27 1801 26 37
internal_value=0.000926966 0.00192308 -0.00214286 0.00223757 0.00155172 -0.00019802 -0.00242187 4.95051e-05 -0.00478261 0.00256447 0.000804417 0.00238372 0.00292332 -0.00114035 0.000713809 0.000741827 0.00142586 0.00104317 0.00124304 0.000994065 0.00120445 -0.00351064 0.00143996 -0.00163265 0.00105263 0.000548387 -0.00382353 0.000596869 0.000210865 -0.00611111
internal_weight=7120 780 56 724 551 202 128 101 46 349 6340 344 313 57 5996 5965 1315 1112 1078 1011 988 47 941 98 76 4650 51 4599 2798 63
internal_count=7120 780 56 724 551 202 128 101 46 349 6340 344 313 57 5996 5965 1315 1112 1078 1011 988 47 941 98 76 4650 51 4599 2798 63
is_linear=0
shrinkage=0.05


Tree=99
num_leaves=31
num_cat=0
split_feature=41 11 4 34 13 13 17 21 7 26 24 7 7 39 15 21 5 39 23 21 1 19 21 41 24 41 4 26 38 21
split_gain=0.342883 0.397312 0.595928 0.395281 0.36677 1.45036 0.399785 0.357975 0.38421 0.795499 0.537037 0.437493 0.473136 0.79536 0.501104 0.568483 1.31487 0.551389 0.508908 0.610307 0.77979 0.465323 1.0248 0.488467 0.460632 0.443923 0.74956 0.46519 1.02533 0.394934
threshold=671.75060405180511 0.027246710157063224 1453.5298500000001 88143.424978266718 0.01068534390321429 0.0071657536881659725 0.0094418341695893266 35.975000000005828 -0.018783403900781721 87206.549661285579 1086.5908338000002 -0.010549477197714752 -0.0092592570365218774 575.97249999999951 0.0050633126065436247 48.399999999994186 0.0022047966089714355 1022.8578571428578 1.3547021841432183 171.66499999999363 90527.985000000015 387.94000000000239 178.61499999999799 -199.50096764711421 928.64154790000009 -421.06442117360223 500.12885500000004 85446.148570201345 48.488858612014319 487.35000000000588
decision_type=2 2 2 2 2 2 2 2 2 2 2 2 2 2 2 2 2 2 2 2 2 2 2 2 2 2 2 2 2 2
left_child=1 7 -3 -4 5 6 -2 -1 9 -9 -11 -10 13 -13 17 16 -16 -14 21 -20 -21 22 23 -17 -15 26 -23 28 -28 -27
right_child=4 2 3 -5 -6 -7 -8 8 11 10 -12 12 14 24 15 18 -18 -19 19 20 -22 25 -24 -25 -26 29 27 -29 -30 -31
leaf_value=4.8699179540255603e-06 4.3781673373996733e-05 -6.2394092278838514e-05 -4.1111472019480265e-05 4.3703920603470814e-05 1.0697498362655791e-05 -7.9696471096128935e-05 -0.00069523630569172943 -0.0003311952379627231 1.0935733800371493e-05 4.9562101636836735e-05 -1.002161474857233e-06 6.0676591045529874e-05 1.4262786831059463e-06 -8.106261365556525e-05 -0.00038653724790761062 -4.3318609837004882e-06 4.0767867551036555e-05 -3.837096399981548e-06 0.00015065554894243385 2.1670342572122597e-05 -0.00019249130604690509 -1.723401240449657e-05 -5.8108725215697221e-05 4.9961008856563383e-05 -8.8574992369640299e-06 2.7050045355416133e-05 3.4005873187289168e-05 2.2403759855121541e-05 -0.00013869198004662944 -5.3842517682522678e-07
leaf_weight=1413 146 36 20 38 240 38 24 22 167 29 25 20 3824 28 23 22 31 25 23 22 35 25 23 45 23 408 56 237 23 29
leaf_count=1413 146 36 20 38 240 38 24 22 167 29 25 20 3824 28 23 22 31 25 23 22 35 25 23 45 23 408 56 237 23 29
internal_value=0.000870787 0.000780875 -0.00244681 0.000689655 0.00220982 0.000673077 0.00264706 0.000826999 0.000634076 -0.00289474 0.000370371 0.000686776 0.000601382 -0.0034507 0.000660689 0.00165669 -0.00333333 0.000401403 0.00194093 -0.001875 -0.00464912 0.00229263 -0.00111111 0.00201493 -0.00676471 0.00268638 0.00133431 0.00199367 -0.00132911 0.00374142
internal_weight=7120 6672 94 58 448 208 170 6578 5165 76 54 5089 4922 71 4851 1002 54 3849 948 80 57 868 90 67 51 778 341 316 79 437
internal_count=7120 6672 94 58 448 208 170 6578 5165 76 54 5089 4922 71 4851 1002 54 3849 948 80 57 868 90 67 51 778 341 316 79 437
is_linear=0
shrinkage=0.05


Tree=100
num_leaves=31
num_cat=0
split_feature=9 0 40 11 19 4 7 4 22 5 20 23 22 35 21 25 25 5 5 11 20 19 19 13 38 4 25 39 17 40
split_gain=0.336503 0.400552 0.380766 0.428483 0.487301 0.471154 0.462624 0.456252 0.615638 1.08235 0.73083 0.535214 0.53668 1.07259 1.21805 0.452551 1.85831 0.365804 0.610034 0.3715 0.810785 1.12756 0.647766 0.761485 0.572699 0.578186 1.45399 1.45196 0.656735 0.892842
threshold=-0.0043963895941407111 124166.24000000001 665.60958220297482 -0.0036201936253592985 915.02500000000157 1000.5050850000001 -0.0058896890996348187 307.31601000000006 1186.95091875 -0.0040422742986453725 243.31500000000236 -0.29820668581907045 723.07025375000001 106996.54852500002 156.60499999999595 0.50126342402454538 0.8661704419819507 -0.0071684303165477792 -0.0063351950972413435 0.0032783836679818007 527.78500000000361 965.49499999999546 246.73999999999799 -0.00089363915021831478 19.297469659182699 272.51477500000004 -1.021771737833949 658.73714285714198 0.0032825196886323771 -454.5486842372847
decision_type=2 2 2 2 2 2 2 2 2 2 2 2 2 2 2 2 2 2 2 2 2 2 2 2 2 2 2 2 2 2
left_child=2 17 3 4 -1 -6 15 -5 11 -10 -11 -9 13 14 -13 -7 -17 -2 -19 20 24 -22 23 -21 -20 -26 27 -27 29 -28
right_child=1 -3 -4 7 5 6 -8 8 9 10 -12 12 -14 -15 -16 16 -18 18 19 22 21 -23 -24 -25 25 26 28 -29 -30 -31
leaf_value=1.1806952519156339e-05 3.9429314106813786e-05 -1.7291751982321801e-06 4.2314499290509384e-05 -5.3003972216820369e-06 -5.5891684874479195e-05 7.0730685204356601e-05 5.7237445981479626e-05 2.8335655227482882e-05 4.3300185171514734e-05 -0.00026066630338530874 -1.8695422204570972e-07 1.4730980354031319e-05 3.6511740255532839e-05 1.9551192348227545e-05 -0.00030897915988537715 -5.8837596768176277e-05 2.8520409909771366e-06 -8.2113326023781422e-05 3.8433897169394057e-05 -2.6729976764335736e-05 -9.3854147036212985e-05 -2.6125947654547785e-06 4.612460910796638e-06 -4.4154764249722523e-07 5.1853073650308969e-06 -8.2114796762417999e-05 -2.9117828521843603e-05 -2.7184450822260798e-06 2.6398845127870639e-06 -5.3296830882156504e-07
leaf_weight=593 50 23 77 26 28 40 80 95 23 23 22 22 58 35 24 28 216 31 70 23 20 44 2026 139 843 29 37 30 1592 773
leaf_count=593 50 23 77 26 28 40 80 95 23 23 22 22 58 35 24 28 216 31 70 23 20 44 2026 139 843 29 37 30 1592 773
internal_value=0.000884832 0.000715532 0.00158273 0.00138233 0.00190355 0.000535714 0.00101648 -0.000182927 0.000364239 -0.00382353 -0.00833333 0.0015812 -0.000395683 -0.00302469 -0.00804348 7.04227e-05 -0.000737705 0.000742071 0.000704437 0.000742979 0.000418848 -0.00515625 0.00125229 -0.00179012 0.0005246 0.000429782 4.26658e-05 -0.00771186 0.000233139 -0.000925926
internal_weight=7120 5730 1390 1313 985 392 364 328 302 68 45 234 139 81 46 284 244 5707 5657 5626 3438 64 2188 162 3374 3304 2461 59 2402 810
internal_count=7120 5730 1390 1313 985 392 364 328 302 68 45 234 139 81 46 284 244 5707 5657 5626 3438 64 2188 162 3374 3304 2461 59 2402 810
is_linear=0
shrinkage=0.05


Tree=101
num_leaves=31
num_cat=0
split_feature=9 41 17 28 11 24 21 0 5 18 41 26 31 9 23 32 32 23 42 13 28 20 36 32 11 0 4 28 34 7
split_gain=0.350184 0.435386 0.52044 0.749661 0.695192 0.703233 0.557184 0.398432 0.368821 0.428239 1.09527 0.7684 0.822244 0.967867 0.577282 0.431957 1.27426 0.846547 0.373105 0.607398 0.704238 0.40477 0.397824 0.35922 0.357083 0.559179 0.507721 0.899581 1.05251 0.816393
threshold=-0.0043963895941407111 595.00562924839357 0.0053206285844803703 -1318.1021493530859 -0.010461018757326407 1160.3902103000003 193.91999999999828 124166.24000000001 -0.0071684303165477792 -329.34999999999849 -250.59198336613335 111789.96642071583 108786.87400000003 -0.0014577964667801513 -0.88766912618199156 231.68742082548854 -10.020261031626431 0.9946383439238784 -352.18052517156451 -0.014217802691344926 -1104.2113706816451 41.79000000000088 -2224.5404457026884 -817.48622223501286 -0.0048547056408116988 118044.96500000001 366.50787500000007 -359.40802245690423 94756.886895800548 0.0044129236803218475
decision_type=2 2 2 2 2 2 2 2 2 2 2 2 2 2 2 2 2 2 2 2 2 2 2 2 2 2 2 2 2 2
left_child=1 2 -1 -4 6 -6 -5 8 -2 10 11 12 13 -10 -12 16 17 -16 -11 21 -21 22 -20 -7 25 26 27 -22 -29 -28
right_child=7 -3 3 4 5 23 -8 -9 9 18 14 -13 -14 -15 15 -17 -18 -19 19 20 24 -23 -24 -25 -26 -27 29 28 -30 -31
leaf_value=7.7232554151454194e-06 3.7457848401473089e-05 4.2812171227045268e-05 8.8919341801185561e-06 -1.3235168814718048e-06 -6.0208135997373875e-05 -2.5623155156875444e-05 -0.00025138388292875841 -1.6427164383205749e-06 -0.00031047591980790286 -0.00021108151449917187 -9.7840274139843338e-05 -0.00013355426890982497 9.7187283150157675e-05 -3.3943710622089706e-05 6.3253669151698948e-05 2.4806923061835896e-05 -0.00013284624460005364 -0.00014209222851403386 -1.2803777011443874e-05 -0.00015665886356817105 -6.8799281805788411e-05 2.8845043304277874e-05 3.2267868913320644e-05 6.4533496927220618e-05 2.4899093021914063e-06 -3.4696200372651992e-06 7.4805941260266723e-06 -2.1022876244444208e-05 4.251513962634685e-05 -8.1076336289132156e-05
leaf_weight=942 50 113 176 25 34 37 21 23 20 24 20 25 23 33 66 152 20 20 39 23 39 292 33 42 4402 34 274 27 55 36
leaf_count=942 50 113 176 25 34 37 21 23 20 24 20 25 23 33 66 152 20 20 39 23 39 292 33 42 4402 34 274 27 55 36
internal_value=0.000870787 0.00158273 0.0013195 -0.000373134 -0.00286163 -0.000752212 -0.00804348 0.00069808 0.000724549 0.00068676 -0.000936675 -0.00539604 -0.00289474 -0.00632075 0.000683453 0.00131783 -0.00113208 0.00151163 0.000803335 0.000831747 0.000685072 0.0028022 -0.000555555 0.00183544 0.00072632 -0.000591398 -0.000104408 -0.00285124 0.000121951 0.000967742
internal_weight=7120 1390 1277 335 159 113 46 5730 5707 5657 379 101 76 53 278 258 106 86 5278 5254 4890 364 72 79 4867 465 431 121 82 310
internal_count=7120 1390 1277 335 159 113 46 5730 5707 5657 379 101 76 53 278 258 106 86 5278 5254 4890 364 72 79 4867 465 431 121 82 310
is_linear=0
shrinkage=0.05


Tree=102
num_leaves=31
num_cat=0
split_feature=38 11 23 38 17 39 11 36 11 19 13 36 13 21 17 40 9 15 4 23 7 39 25 1 41 18 20 11 4 31
split_gain=0.352719 0.745506 2.12282 0.450941 0.874649 0.430654 0.751111 0.422022 0.358671 0.409237 0.355684 0.541436 0.680315 1.16627 0.852214 1.11063 0.626465 0.527398 0.781024 1.61333 0.764957 0.928829 1.58395 0.850194 0.599369 0.687512 0.62157 0.742205 0.596022 0.545172
threshold=80.007885087800432 0.015209171720287828 -0.014187925297414571 74.132041668022637 0.0019359443681556906 616.18964285714344 0.0072191037333089953 5557.2081535715706 0.024518451435072443 817.0749999999972 -0.010117309489594118 547.86817400984739 -0.0071851317975331489 451.59000000000384 0.0032313793051728479 -111.27318821063817 -0.0024877417165958498 0.0033184447915151198 1309.7391750000004 2.4126039992192307 0.0036524999535077298 602.92428571428502 -0.70135152443783211 91173.890000000014 828.04140961596943 978.2150000000039 158.64999999999421 0.00079070314231836794 595.4064800000001 87553.57160000001
decision_type=2 2 2 2 2 2 2 2 2 2 2 2 2 2 2 2 2 2 2 2 2 2 2 2 2 2 2 2 2 2
left_child=3 5 -3 10 -5 -2 -7 -6 9 -4 -1 12 13 14 15 -12 -13 18 20 -20 21 29 -23 -22 25 -19 27 -26 -24 -18
right_child=1 2 8 4 7 6 -8 -9 -10 -11 11 16 -14 -15 -16 -17 17 24 19 -21 23 22 28 -25 26 -27 -28 -29 -30 -31
leaf_value=6.7094070308236607e-06 2.9558325222285738e-05 -0.00010629454896834666 9.7073587989587518e-06 -1.1466618226212036e-05 8.2647730937028524e-06 -2.8812602131800703e-05 1.0139738085368728e-05 -3.4245427575155906e-05 0.00010148005778442061 -3.8174139910828085e-05 -2.6516748962748159e-05 1.193250032672809e-05 2.2742813126412941e-06 -0.00014832479052015953 2.3535563908772265e-06 -7.8100700499708032e-05 5.4872257554456089e-06 9.8432708270792709e-06 -0.00020694414377983125 5.3848086323005903e-05 -6.9175599594778398e-06 -1.3291301766858098e-05 4.8325936127744165e-05 2.6901741790492494e-05 5.8666155205443716e-05 -1.335817431099127e-05 9.2874761284352549e-06 -3.9174793807738117e-05 -3.3378685483602517e-06 -2.8399645348040082e-07
leaf_weight=1371 104 29 22 20 319 20 25 25 26 26 72 544 2419 22 171 23 76 614 30 20 24 20 32 158 22 38 29 23 31 765
leaf_count=1371 104 29 22 20 319 20 25 25 26 26 72 544 2419 22 171 23 76 614 30 20 24 20 32 158 22 38 29 23 31 765
internal_value=0.000884832 -0.000952381 -0.0042233 0.000952242 0.00266484 0.00130872 -0.00277778 0.00325581 0.00027027 -0.00229167 0.000856396 0.000665303 0.000179165 -0.00211806 -0.00120301 -0.005 0.00120775 0.000775771 0.000112457 -0.006 0.000388789 -0.000194805 -0.00524096 0.00335165 0.00183196 0.00231595 -0.00243243 -0.00611111 -0.00134921 0.000303211
internal_weight=7120 252 103 6868 364 149 45 344 74 48 6504 5133 2707 288 266 95 2426 1882 1156 50 1106 924 83 182 726 652 74 45 63 841
internal_count=7120 252 103 6868 364 149 45 344 74 48 6504 5133 2707 288 266 95 2426 1882 1156 50 1106 924 83 182 726 652 74 45 63 841
is_linear=0
shrinkage=0.05


Tree=103
num_leaves=31
num_cat=0
split_feature=32 11 36 13 28 38 21 15 42 13 20 27 23 20 22 36 15 18 19 11 17 38 15 36 15 13 5 5 20 15
split_gain=0.573208 0.486563 0.603835 0.363196 0.919491 0.364937 0.474074 0.754209 0.299209 0.663853 0.500234 0.819741 0.416137 0.497302 0.523765 0.807935 0.444214 0.407992 0.500087 0.390558 0.381344 0.940645 0.63381 0.496966 0.573837 0.771614 0.635667 1.06625 0.812949 0.760062
threshold=2227.1805952706713 0.027246710157063224 -2281.9449035407083 0.010177043462945337 932.00008410891326 81.509599299146501 169.77500000000148 0.0044507848880374935 -122.31126136131259 0.0023403828227697644 501.31999999999977 92464.075000000026 -0.76889629613286636 28.315000000002332 1091.4053227500003 1487.1958967239409 0.0014913932527290913 -935.54999999999552 1545.0699999999999 -0.018499855756077061 0.0060944245451650869 78.850096976338733 0.0041333476629163103 512.02636733201518 0.0030288763788948949 0.019184233157633949 -0.0011768620172422082 -0.00094755866293991524 75.805000000007581 0.0028688736647391648
decision_type=2 2 2 2 2 2 2 2 2 2 2 2 2 2 2 2 2 2 2 2 2 2 2 2 2 2 2 2 2 2
left_child=1 8 -3 4 -2 -5 7 -7 9 10 12 -12 13 -1 15 -15 -14 18 -18 -10 23 22 -22 -21 25 26 -25 28 -28 -29
right_child=3 2 -4 5 -6 6 -8 -9 19 -11 11 -13 16 14 -16 -17 17 -19 -20 20 21 -23 -24 24 -26 -27 27 29 -30 -31
leaf_value=-4.5895802072604304e-06 8.2547641932708725e-05 3.4004903117615199e-05 -9.558220254524412e-05 1.2339982953167474e-05 -0.00018447726595943693 6.97282571918625e-06 2.0555533516099323e-05 -3.196061733623227e-05 -4.635753825995524e-05 -1.5821621366672705e-06 -0.00060927042993003458 3.6900232447228121e-05 -3.577040694256204e-06 1.138329393045931e-05 2.4471494172933893e-05 -2.1819182375507601e-06 -0.00016188712760791522 1.1765379270795317e-05 2.1210475451497266e-05 2.6109601817764958e-07 4.1001898446227256e-05 -0.00016979171733799036 7.8520539076402539e-06 1.0065048953048628e-05 5.7271518155370615e-06 -8.6710903204754574e-05 -4.1577835336870535e-05 2.0298676893731195e-06 -4.5893454398124575e-06 -4.5027429959673662e-06
leaf_weight=32 31 20 29 264 28 21 36 33 37 20 35 41 20 48 51 38 33 837 42 2521 181 23 404 321 968 27 20 871 29 59
leaf_count=32 31 20 29 264 28 21 36 33 37 20 35 41 20 48 51 38 33 837 42 2521 181 23 404 321 968 27 20 871 29 59
internal_value=0.000891854 0.000780528 -0.00418367 0.00269976 -0.000932203 0.00330508 0.000555556 -0.00240741 0.000817062 0.001533 0.00168649 -0.00223684 0.00195731 -0.000325444 0.000985402 -0.00139535 0.00237124 0.00253289 -0.001 0.000660136 0.000695059 0.001875 0.00226496 0.000546097 0.00107843 0.000403165 0.000576923 -5.61796e-05 -0.0072449 0.000322581
internal_weight=7120 6707 49 413 59 354 90 54 6658 1197 1177 76 1101 169 137 86 932 912 75 5461 5424 608 585 4816 2295 1327 1300 979 49 930
internal_count=7120 6707 49 413 59 354 90 54 6658 1197 1177 76 1101 169 137 86 932 912 75 5461 5424 608 585 4816 2295 1327 1300 979 49 930
is_linear=0
shrinkage=0.05


Tree=104
num_leaves=31
num_cat=0
split_feature=40 7 13 1 35 19 13 4 32 13 15 21 28 39 24 34 19 16 23 20 32 41 11 32 25 17 39 4 18 20
split_gain=0.504486 0.380993 0.532677 0.494143 0.475567 0.836237 0.429501 0.358043 0.941588 1.64445 0.550133 0.480622 0.886221 1.13495 0.751079 1.0179 0.761552 0.70133 0.697995 0.880525 1.07599 1.16146 1.55992 1.39509 0.662628 0.882944 0.608858 0.602885 0.614406 0.988242
threshold=546.17250981141854 0.003207533741595154 0.0097428897495244454 88312.535000000018 115753.10345000001 598.68499999999779 0.0048767725265278115 489.76179500000006 1442.8384020816522 0.0023403828227697644 0.0013354069044199254 74.290000000008163 546.78626673098927 507.18464285714236 676.14498460000016 117819.89394421167 387.94000000000239 0.0045266948366351799 -0.7365215872547155 188.55500000000032 720.49135066360043 105.09452163175136 -0.0037796939170307701 -274.55344924776722 -1.0773057531306149 0.0036953829081042447 561.13321428571328 326.30541500000004 16.595000000001168 64.959999999999141
decision_type=2 2 2 2 2 2 2 2 2 2 2 2 2 2 2 2 2 2 2 2 2 2 2 2 2 2 2 2 2 2
left_child=7 4 6 -4 -2 -6 -3 8 11 -10 -9 12 -1 -14 27 17 -17 18 24 20 21 22 -20 -24 -16 26 -26 28 29 -13
right_child=1 2 3 -5 5 -7 -8 10 9 -11 -12 14 13 -15 15 16 -18 -19 19 -21 -22 -23 23 -25 25 -27 -28 -29 -30 -31
leaf_value=4.8135420491275269e-06 1.2678983522486004e-05 6.195475453231259e-05 -0.00010419718325713537 7.2943891784188158e-06 -2.1009549331519595e-05 7.1143968073707344e-05 -0.00029665207018618581 -8.2954916457151682e-05 1.4836201439664067e-05 -2.4063547766782081e-05 4.8256175109225834e-06 6.3382769961685248e-06 -2.5318147582575843e-05 1.0206318611003601e-05 -2.2060766528783293e-05 -8.0417033212103887e-06 -2.5261096027174231e-06 5.7843369336266331e-06 -0.00016394306290131127 2.9087262857174623e-05 -1.3035621663895823e-05 6.9367326868492141e-05 1.4260168674153879e-05 -3.2768612778469672e-05 3.661072558713722e-06 1.2067791768630739e-05 -4.1076326998687376e-05 1.2472847209314962e-05 3.0356940888472605e-06 -2.7865419698148998e-05
leaf_weight=1334 470 21 33 167 21 20 20 34 25 28 3548 124 35 26 28 22 21 197 21 21 21 27 43 39 37 129 22 341 157 88
leaf_count=1334 470 21 33 167 21 20 20 34 25 28 3548 124 35 26 28 22 21 197 21 21 21 27 43 39 37 129 22 341 157 88
internal_value=0.000849719 0.00207447 0.000435685 0.0015 0.00284736 -0.00231707 -0.0047561 0.000705088 0.000279971 -0.00632075 0.00103573 0.000407977 0.00105735 -0.00483607 -0.000269058 -0.00152866 -0.00895349 -0.000982906 -0.00221649 -0.00459302 -0.00592715 -0.00423077 -0.00665049 -0.00353659 -0.000324074 0.000744681 -0.00432203 0.000845071 -0.000555555 -0.00231132
internal_weight=7120 752 241 200 511 41 41 6368 2786 53 3582 2733 1395 61 1338 628 43 585 388 172 151 130 103 82 216 188 59 710 369 212
internal_count=7120 752 241 200 511 41 41 6368 2786 53 3582 2733 1395 61 1338 628 43 585 388 172 151 130 103 82 216 188 59 710 369 212
is_linear=0
shrinkage=0.05


Tree=105
num_leaves=31
num_cat=0
split_feature=40 5 5 32 39 7 13 13 23 39 17 23 17 5 42 24 39 24 17 23 42 18 38 16 16 13 16 30 30 13
split_gain=0.459671 0.331741 0.434646 0.9075 1.76333 0.418809 0.32877 0.471074 1.34597 1.71237 1.09374 0.924483 0.467495 0.458634 0.986994 0.657623 1.6646 1.78907 0.592791 0.488833 0.588023 0.478399 0.501946 0.487899 0.625435 0.490063 0.495795 0.499288 0.904981 2.23109
threshold=534.64739746008138 -0.0028032357302720102 -0.001801425658581458 2160.9959458033341 671.89785714285779 0.0012051224697630101 -0.0094992815115777021 -0.0069062820170005439 -0.13176365630191408 743.7989285714275 0.0031983953385488757 1.2242724573257007 0.0043642156768563126 0.007144162755905444 5.1024176937953962 1122.6892161000003 950.7774999999998 855.1219913000001 0.0086128670329014261 -0.61297256889791263 -77.622956045172145 441.15000000000151 41.451279490206311 0.005892381091014841 0.0057382252637296089 0.022732218752847758 0.0050716378900909067 109449.0017688138 108855.56564777323 -0.00089363915021831478
decision_type=2 2 2 2 2 2 2 2 2 2 2 2 2 2 2 2 2 2 2 2 2 2 2 2 2 2 2 2 2 2
left_child=6 -2 3 4 -3 -4 -1 8 -8 10 11 -10 -12 15 -15 16 21 -18 -16 20 -17 22 -9 24 25 26 27 28 -24 -30
right_child=1 2 5 -5 -6 -7 7 13 9 -11 12 -13 -14 14 18 19 17 -19 -20 -21 -22 -23 23 -25 -26 -27 -28 -29 29 -31
leaf_value=5.125656132080328e-06 3.8456516837166291e-05 6.0822698507764945e-06 2.6683143976541899e-05 1.4733970411107879e-05 -1.0734104597731304e-05 8.7380855425565181e-07 5.3895907378798138e-06 6.8919935620966308e-06 -8.1075923891313977e-05 -0.00047477798295805508 3.2535814306912413e-05 2.5943271585124515e-06 -4.8590720550867041e-05 -7.1379884779953942e-05 8.1721914118487928e-06 -9.5519623314542858e-06 1.9148772030551694e-05 -0.00042899133239591454 -6.6930068811130376e-05 4.1677417427449514e-05 8.7620153203709655e-06 1.5320302511238575e-05 -8.9317547031145829e-08 5.0354307025075542e-05 -1.0029625535012393e-05 -8.5119437755123284e-05 2.8493033355687824e-05 2.5131295491851856e-06 -0.00013158245959775708 -1.8641313486653453e-06
leaf_weight=1442 138 30 249 30 20 313 228 505 33 22 51 21 20 35 126 35 26 27 25 238 230 237 1462 92 35 26 157 1180 20 67
leaf_count=1442 138 30 249 30 20 313 228 505 33 22 51 21 20 35 126 35 26 27 25 238 230 237 1462 92 35 26 157 1180 20 67
internal_value=0.000905899 0.00205128 0.00157321 -0.001875 -0.006 0.00206406 0.000764984 0.00056962 -0.00113333 -0.00486395 -0.0026 -0.00796296 0.00147887 0.000710812 -0.00172043 0.00081508 0.000592071 -0.00820755 3.31128e-05 0.00251491 0.00103774 0.000715419 0.000569978 0.000327411 0.000215474 0.00029533 0.000356896 0.000199707 -0.000390574 -0.00534483
internal_weight=7120 780 642 80 50 562 6340 4898 375 147 125 54 71 4523 186 4337 3834 53 151 503 265 3781 3544 3039 2947 2912 2886 2729 1549 87
internal_count=7120 780 642 80 50 562 6340 4898 375 147 125 54 71 4523 186 4337 3834 53 151 503 265 3781 3544 3039 2947 2912 2886 2729 1549 87
is_linear=0
shrinkage=0.05


Tree=106
num_leaves=31
num_cat=0
split_feature=36 7 7 28 11 21 28 32 36 34 5 39 7 24 17 4 4 25 4 4 9 9 5 9 23 25 28 41 23 18
split_gain=0.38774 0.481836 0.472615 0.444531 1.20367 1.17754 1.08476 1.03469 0.810412 0.872046 1.14992 1.27061 1.76087 0.82672 0.649749 0.606844 1.12501 0.651711 0.474686 0.486801 0.78737 0.557228 0.444444 0.574956 0.627685 0.688174 0.623958 0.735869 1.10634 0.934444
threshold=580.60192822963302 -0.006241380052286547 -0.0057638367910902251 -150.87054731410896 0.00073676317856193974 86.33000000000176 -82.902347431612711 -263.37926527978556 -2729.9049303742354 110562.27597142458 0.00031140159161709022 650.03500000000111 -0.00085174955157775413 844.40484710000021 0.0030372013112286689 275.59892000000008 293.31193500000006 -0.52345879426637099 814.13803500000006 323.7925800000001 0.0016411421297247823 -0.0026861517793791011 0.0018203931765414902 0.0072321029895743121 -0.9059767066716703 -0.71882539102446275 11.519918821606554 -3.9186743489423317 0.71682634915433219 429.62999999999744
decision_type=2 2 2 2 2 2 2 2 2 2 2 2 2 2 2 2 2 2 2 2 2 2 2 2 2 2 2 2 2 2
left_child=3 -2 -3 15 5 18 7 -7 -8 10 11 12 -10 -12 -11 17 -17 -1 19 20 21 -5 -6 24 -24 -26 -27 -28 29 -29
right_child=1 2 -4 4 22 6 8 -9 9 14 13 -13 -14 -15 -16 16 -18 -19 -20 -21 -22 -23 23 -25 25 26 27 28 -30 -31
leaf_value=3.9474785010360849e-05 9.8192283796669339e-06 -4.8785842086918433e-05 2.6527843182675628e-06 -2.1394122726263625e-06 5.6483017956338606e-06 -5.5494120758344331e-05 1.0397029254124578e-05 -3.8412261339122175e-05 -0.00012389914019487889 -1.0085712805934045e-05 1.7324280740201203e-05 -3.1042025910216916e-05 -2.7232596003897561e-06 -9.9225721723780931e-05 2.3790503756731019e-05 -1.0234882457925339e-05 4.4757088457495818e-06 -1.1404645480423612e-05 -5.2421101408872271e-05 3.9440392837549574e-05 -1.077167102887559e-05 1.0474801734205249e-05 8.7230560004049097e-06 1.9235917567905145e-05 -8.4399753647233951e-05 -0.00022739045921053291 1.1006620833497752e-05 -1.4574556018230897e-06 1.6236994784751391e-05 -0.00013401318519561223
leaf_weight=193 175 37 2850 21 778 29 52 27 23 35 36 28 23 27 48 34 1897 20 21 107 31 155 31 190 31 25 123 25 28 20
leaf_count=193 175 37 2850 21 778 29 52 27 23 35 36 28 23 27 48 34 1897 20 21 107 31 155 31 190 31 25 123 25 28 20
internal_value=0.000884832 0.0013096 0.00115518 0.000564318 1.04495e-05 -0.00171192 -0.00384146 -0.0101786 -0.00253676 -0.00386364 -0.00631387 -0.0105405 -0.0156522 -0.00134921 0.000180723 0.00105877 0.000779389 0.00359155 0.000373135 0.000859873 -0.000555555 0.000738637 0.000923262 -0.000285412 -0.00171378 -0.00253968 -0.00156109 -0.000612245 -0.00458904 -0.00944444
internal_weight=7120 3062 2887 4058 1914 663 328 56 272 220 137 74 46 63 83 2144 1931 213 335 314 207 176 1251 473 283 252 221 196 73 45
internal_count=7120 3062 2887 4058 1914 663 328 56 272 220 137 74 46 63 83 2144 1931 213 335 314 207 176 1251 473 283 252 221 196 73 45
is_linear=0
shrinkage=0.05


Tree=107
num_leaves=31
num_cat=0
split_feature=34 21 41 34 24 20 5 1 0 21 20 19 20 41 35 15 31 31 7 40 25 28 4 25 23 26 19 34 9 24
split_gain=0.421448 0.606092 1.12109 0.460943 0.421411 1.02731 1.16667 0.471937 0.722399 0.405236 0.635612 1.32521 0.617783 0.468276 0.724855 0.83859 0.38146 0.500373 0.627959 0.584876 0.435763 1.37205 0.369231 0.334148 0.763269 0.737563 1.25809 0.646531 0.527418 0.76721
threshold=118727.99403156167 173.46999999999392 -157.44070804744197 120414.61999445329 264.2961102000001 69.485000000000596 -0.00032090580785087644 112986.44000000002 112643.36000000002 58.590000000003791 72.939999999995067 234.50500000000469 78.709999999999141 214.18921011545339 114639.66170000001 0.0019422423625861404 114412.18880000002 118471.71350000001 0.004064649583330855 378.63439683653274 0.68550914729792589 -536.13404591344431 576.00789000000009 -0.093249204467407004 0.2150844433861733 82900.068161522344 1000.1149999999981 86047.348004423126 0.01536797610187614 1191.3099965000001
decision_type=2 2 2 2 2 2 2 2 2 2 2 2 2 2 2 2 2 2 2 2 2 2 2 2 2 2 2 2 2 2
left_child=4 3 -3 -2 5 6 -1 8 23 13 -11 -12 -13 -9 -15 -16 -14 18 19 20 -18 -22 -17 -6 -25 26 -26 -27 -29 -30
right_child=1 2 -4 -5 7 -7 -8 9 -10 10 11 12 16 14 15 22 17 -19 -20 -21 21 -23 -24 24 25 27 -28 28 29 -31
leaf_value=1.3105401742780696e-05 -1.4471864961436403e-05 3.9607268193406707e-07 -6.2460676178352414e-06 1.0195284696962101e-05 1.656036082868341e-06 2.6766759517632304e-05 -3.5343954226106697e-05 1.1038770343867402e-05 -9.8120211336121498e-05 8.087188277399531e-06 -7.1071335434036041e-05 -1.2876033042412537e-06 1.1626171532969225e-05 1.0426572210857302e-05 -1.1266609716188205e-05 -1.4974585222679466e-05 3.9512753344361621e-06 7.495486664478934e-06 -4.2697813767576261e-05 -1.0716188591998982e-05 8.8449732626593133e-05 -0.00014606615624617949 1.680120092872706e-05 1.7808058565158958e-05 -2.6283555792285871e-05 2.4040475126146834e-05 6.0671484584716289e-06 4.7683411388357866e-06 -6.0694768452414195e-06 -0.00020366757848633862
leaf_weight=21 45 41 28 54 3253 45 21 347 23 477 20 31 170 110 22 39 146 129 37 30 28 29 26 601 29 191 64 994 48 21
leaf_count=21 45 41 28 54 3253 45 21 347 23 477 20 31 170 110 22 39 146 129 37 30 28 29 26 601 29 191 64 994 48 21
internal_value=0.000926966 -0.00154762 -0.00514493 0.000959596 0.000986767 -0.00247126 -0.00809524 0.00103059 0.000798239 0.00177026 0.00121696 0.000161291 0.000583334 0.00288603 0.000939086 -0.00247126 0.000957821 0.000112782 -0.00111111 -0.000150214 0.000812808 -0.00289474 0.000384616 0.000837339 0.00135524 0.000694135 -0.00360215 0.00101276 0.000531515 -0.00369565
internal_weight=7120 168 69 99 6952 87 42 6865 5224 1641 1097 620 600 544 197 87 569 399 270 233 203 57 65 5201 1948 1347 93 1254 1063 69
internal_count=7120 168 69 99 6952 87 42 6865 5224 1641 1097 620 600 544 197 87 569 399 270 233 203 57 65 5201 1948 1347 93 1254 1063 69
is_linear=0
shrinkage=0.05


Tree=108
num_leaves=31
num_cat=0
split_feature=34 16 5 17 3 1 7 32 20 7 7 30 41 35 19 16 25 11 40 4 19 21 21 21 38 35 13 40 41 16
split_gain=0.343566 0.581174 0.71679 1.05032 1.17357 0.494095 0.481147 0.475955 0.452174 0.446007 0.555551 0.65919 1.40657 1.16667 0.703492 1.04218 1.21379 0.473485 0.37517 0.365591 1.03572 0.36165 0.563757 0.355339 0.351561 1.03364 0.980334 0.943323 0.532322 0.481254
threshold=118052.95891014625 0.004051511229490822 -0.00059717703089160661 0.0026084064252631062 122262.81000000001 112986.44000000002 -0.00025062275848727178 -4137.6966197993379 69.485000000000596 0.00040769764265325125 0.0022354816367372147 114412.02503924443 295.00828267462674 114639.66170000001 378.2050000000018 0.0014669245018005207 -0.57784505514192208 0.0021598284159805182 -599.9601140174999 383.29656000000006 635.06499999999517 67.799999999995649 75.434999999997686 1.0000000180025095e-35 54.046544329081307 112383.38505000001 -0.0055277779911556942 -208.98938882388754 383.01205839850678 0.0044984525055075655
decision_type=2 2 2 2 2 2 2 2 2 2 2 2 2 2 2 2 2 2 2 2 2 2 2 2 2 2 2 2 2 2
left_child=5 2 19 8 -5 24 7 -3 -4 21 11 -11 14 -14 15 -13 17 -17 -12 -2 -21 -7 -23 -20 -1 26 -26 -27 -28 -30
right_child=1 6 3 4 -6 9 -8 -9 -10 10 18 12 13 -15 -16 16 -18 -19 23 20 -22 22 -24 -25 25 27 28 -29 29 -31
leaf_value=4.50376011531207e-06 1.4529901604207489e-05 -0.00012224036644953895 -1.2460853620908892e-05 -4.3158706051606276e-05 -7.6025383326553485e-07 1.3265843635247878e-05 5.1902175171878202e-05 4.5543711737460271e-06 5.8574760590443436e-05 7.4008831438178214e-06 -7.7202463811464438e-05 5.1953184548762135e-06 -8.3709797981005985e-06 -3.5560483230106718e-05 2.4407124775816576e-05 4.9213776965725391e-05 -5.4653776865654007e-05 -5.1601901577731691e-06 -1.3994699780279754e-07 -2.7154340833581381e-05 1.3266804351968465e-05 -5.5315125881065235e-06 4.9365150159125239e-06 8.8640818756352933e-06 -0.00010493268909491018 -5.8293377374348627e-05 2.3388223513174661e-07 -9.3292003359041249e-07 7.4522227659965697e-06 2.7087433645073272e-06
leaf_weight=3135 34 20 20 34 29 293 65 46 26 65 21 28 21 21 70 24 21 20 23 24 38 23 506 371 24 24 1448 46 292 308
leaf_count=3135 34 20 20 34 29 293 65 46 26 65 21 28 21 21 70 24 21 20 23 24 38 23 506 371 24 24 1448 46 292 308
internal_value=0.000905899 -0.000654762 -0.00231707 -0.00509174 -0.00928571 0.000983196 0.00194657 -0.00106061 0.000652174 0.00178169 0.000839416 -0.000925926 -0.00231707 -0.0104762 -0.000214724 -0.00306452 -0.00653846 -0.00181818 0.00198795 0.000833334 -0.00145161 0.00256691 0.00178639 0.00233503 0.000755164 0.000261438 0.000463321 -0.00571429 0.000581055 0.00183333
internal_weight=7120 336 205 109 63 6784 131 66 46 1507 685 270 205 42 163 93 65 44 415 96 62 822 529 394 5277 2142 2072 70 2048 600
internal_count=7120 336 205 109 63 6784 131 66 46 1507 685 270 205 42 163 93 65 44 415 96 62 822 529 394 5277 2142 2072 70 2048 600
is_linear=0
shrinkage=0.05


Tree=109
num_leaves=31
num_cat=0
split_feature=0 34 41 13 24 7 15 31 40 7 19 18 32 28 34 23 23 19 19 18 23 28 28 39 21 13 19 20 35 39
split_gain=0.290804 0.317845 0.672773 0.540898 0.479446 0.434448 1.18519 0.400909 0.395644 0.533775 0.962595 0.787077 0.597785 0.382472 0.671212 0.465676 0.684774 0.964188 0.493421 0.423984 0.645388 1.31237 1.43605 1.06379 1.15928 0.557849 0.526716 0.537083 0.475336 0.460553
threshold=124166.24000000001 114841.19634006351 778.16808340544299 -0.035081045673534816 264.2961102000001 0.0080658859834184752 0.0043145719169039361 114031.71490000001 546.17250981141854 0.0029803388635044332 846.25000000000011 441.15000000000151 2098.8384955956794 -54.314496311882969 114549.23393896368 -0.79307987727002172 -0.7514583022550626 472.24500000000268 349.06500000000239 -26.815000000002325 -0.49260918995531838 -300.74286039399152 -378.8251636136701 653.1939285714285 87.150000000001469 -0.021730005225571114 300.00499999999744 609.87500000000011 114106.6548 354.53821428571456
decision_type=2 2 2 2 2 2 2 2 2 2 2 2 2 2 2 2 2 2 2 2 2 2 2 2 2 2 2 2 2 2
left_child=1 8 3 -3 -5 7 -7 -6 13 -10 11 12 -11 15 -15 -1 17 18 -17 20 21 22 23 -18 -25 -26 29 -28 -22 -21
right_child=-2 2 -4 4 5 6 -8 -9 9 10 -12 -13 -14 14 -16 16 19 -19 -20 26 28 -23 -24 24 25 -27 27 -29 -30 -31
leaf_value=1.1654436554712148e-05 -1.9323307457925812e-06 -9.4740587095642857e-05 -4.9256694264044302e-06 -2.8996032800565132e-05 2.3204683298342133e-05 -4.3823785637937197e-05 6.2013616153284282e-05 3.2913525929660186e-06 1.063292672132407e-05 -0.00013043099169818148 2.5326892646349207e-05 -0.00031034110862700632 6.5767421797609937e-06 8.2164104797877868e-07 -3.7986543962113409e-05 -5.5154989704482289e-06 3.9840140949524599e-05 -4.474247175402566e-06 3.4626655620027869e-05 1.9290070174299724e-05 5.8349804526111587e-06 1.6285309370081183e-05 -6.4470302896664725e-05 -0.00055383061397434917 -0.00017131144215505492 3.6006570300423565e-05 1.6537265627905784e-05 -0.00037289887938523963 -3.1592710362402898e-05 -1.1156660772685776e-05
leaf_weight=355 27 23 20 25 172 27 27 1135 437 37 80 31 80 2576 28 32 39 23 25 63 931 77 20 21 22 31 635 26 36 59
leaf_count=355 27 23 20 25 172 27 27 1135 437 37 80 31 80 2576 28 32 39 23 25 63 931 77 20 21 22 31 635 26 36 59
internal_value=0.000919944 0.000939659 0.00160602 0.00173527 0.00186147 0.00198751 -0.00240741 0.00216909 0.00077154 0.00191729 -4.38595e-05 -0.00243243 -0.000555555 0.000619124 0.000199693 0.00107516 0.000784314 -0.00375 -0.000263158 0.000969388 0.000369584 -0.00214286 -0.00515038 -0.0029646 -0.00648649 -0.00254717 0.00187101 0.00242814 0.000915202 -0.00114754
internal_weight=7120 7093 1429 1409 1386 1361 54 1307 5664 665 228 148 117 4999 2604 2395 2040 80 57 1960 1177 210 133 113 74 53 783 661 967 122
internal_count=7120 7093 1429 1409 1386 1361 54 1307 5664 665 228 148 117 4999 2604 2395 2040 80 57 1960 1177 210 133 113 74 53 783 661 967 122
is_linear=0
shrinkage=0.05


Tree=110
num_leaves=31
num_cat=0
split_feature=30 20 1 24 15 4 38 40 38 4 9 9 35 36 35 25 41 22 17 24 16 41 7 5 19 40 21 16 16 3
split_gain=0.359576 0.642604 0.404375 0.505651 0.695173 0.857448 0.546547 0.393603 0.574978 0.454711 0.452611 0.564695 0.750456 0.518627 0.482025 0.65359 0.596635 0.814378 0.612815 0.85124 0.609023 0.500725 0.493816 1.09178 0.665758 1.07978 0.592383 0.57931 0.468645 0.926637
threshold=122851.47111160848 140.08000000000177 112986.44000000002 380.96692050000007 0.0014663075465426057 303.44712500000009 58.55256497452055 546.17250981141854 54.046544329081307 2788.9972100000005 -0.009034179259647666 -0.0017373623044857611 112383.38505000001 -2981.7889858632766 90131.160550000015 -0.88832093895589848 295.00828267462674 1130.1513137500003 0.0041905473905710314 535.45021640000016 0.0028293134000983169 -401.55033159448647 0.00092257919433325042 0.0015247551003682905 246.73999999999799 153.79865406775937 286.59000000000384 0.0020516644085856912 0.0041817167978434868 96607.865000000005
decision_type=2 2 2 2 2 2 2 2 2 2 2 2 2 2 2 2 2 2 2 2 2 2 2 2 2 2 2 2 2 2
left_child=2 -2 7 4 -4 -6 -7 8 -1 10 -10 -12 14 -14 15 -13 18 -18 19 -17 -21 -20 23 24 25 27 -26 -16 29 -24
right_child=1 -3 3 -5 5 6 -8 -9 9 -11 11 12 13 -15 22 16 17 -19 21 20 -22 -23 28 -25 26 -27 -28 -29 -30 -31
leaf_value=4.0374092069683978e-06 1.0407385797488717e-05 -1.960865234522793e-06 6.0741997788947557e-06 3.6094032726807503e-06 -9.5533266802217765e-05 -1.4187559028092377e-05 2.768957590687749e-05 5.9754850028827102e-06 -0.00019931023483404312 -5.6812266899762468e-05 9.6084848655418241e-06 -1.9297449857689038e-05 -7.1084903797222595e-05 -1.1100417406997817e-06 -3.0339186616591514e-06 1.9099374958951561e-05 -7.9791439275095203e-05 1.2901176539287387e-05 -2.2817040518902522e-05 -8.7470859947251688e-05 -3.498787356274111e-06 9.9656489519840627e-06 -1.9018594710157476e-05 -0.00010215608585197943 1.550472035406344e-05 -5.7964589001582617e-05 -5.8172049740638906e-05 5.6310742534792043e-05 3.6169074520438003e-05 3.6016651833237612e-06
leaf_weight=3098 31 25 44 1623 28 37 26 528 26 38 305 29 20 34 30 47 31 25 25 21 36 166 44 40 172 22 23 28 176 342
leaf_count=3098 31 25 44 1623 28 37 26 528 26 38 305 29 20 34 30 47 31 25 25 21 36 166 44 40 172 22 23 28 176 342
internal_value=0.000955056 -0.00303571 0.000986693 0.00164391 -0.0012963 -0.00379121 -0.000555555 0.000768941 0.000625785 -0.000119047 6.09032e-06 0.000111386 -0.000339435 -0.00611111 -9.14875e-05 -0.00157895 -0.000982906 -0.00571429 -8.47456e-05 -0.00317308 -0.0072807 0.00159686 0.000553022 -0.00103175 9.09093e-05 -0.00375 0.00166667 -0.000172414 0.00144128 0.000466321
internal_weight=7120 56 7064 1758 135 91 63 5306 4778 1680 1642 1616 1311 54 1257 380 351 56 295 104 57 191 877 315 275 80 195 58 562 386
internal_count=7120 56 7064 1758 135 91 63 5306 4778 1680 1642 1616 1311 54 1257 380 351 56 295 104 57 191 877 315 275 80 195 58 562 386
is_linear=0
shrinkage=0.05


Tree=111
num_leaves=31
num_cat=0
split_feature=0 36 11 9 38 23 28 4 5 41 13 17 25 25 39 39 20 23 20 20 17 0 41 4 23 32 25 13 23 36
split_gain=0.301146 0.340949 0.383444 0.366319 0.797373 0.958537 0.359098 0.295368 0.283333 0.257806 0.498188 0.230637 0.455464 0.394735 0.381725 0.612793 0.589898 0.581817 0.495951 0.490151 0.960415 1.32858 0.502607 0.614432 1.97392 0.64836 0.460258 0.797412 0.641357 0.632946
threshold=124166.24000000001 5718.2955690795288 0.020838622208817426 0.018664992329463278 80.007885087800432 0.36529022758275992 1311.5176139644393 775.27084500000012 0.0086435384637198413 851.13211410004317 0.027544933376003833 0.0030218265815240525 -0.8965782432582623 -0.8677474135881883 306.72214285714296 503.13499999999897 0.99500000000261946 -1.0636699330233195 0.01000000000203727 224.46500000000381 0.0023886478176969087 111111.50500000002 63.619733987256531 300.05245000000008 -0.4240752344802094 -128.4197344043059 0.8661704419819507 -0.0023093720674488318 -0.22828881426289946 160.47298566588145
decision_type=2 2 2 2 2 2 2 2 2 2 2 2 2 2 2 2 2 2 2 2 2 2 2 2 2 2 2 2 2 2
left_child=1 2 6 4 5 7 11 -4 -5 -8 -11 12 -1 -14 18 17 -17 -16 -15 22 21 -21 23 24 25 -19 28 -28 29 -25
right_child=-2 -3 3 8 -6 -7 9 -9 -10 10 -12 -13 13 14 15 16 -18 19 -20 20 -22 -23 -24 26 -26 -27 27 -29 -30 -31
leaf_value=1.0273925801042904e-05 -1.7376709467768179e-06 4.8970772191847308e-06 -2.1455468481755434e-05 4.7490165401769261e-05 -0.00014346167335881573 -5.2146750623993495e-05 1.3484462617847277e-05 3.7055232880260781e-05 -2.0720711631245317e-05 -1.8513998725421111e-05 1.7029665156585883e-05 2.5598533323139239e-06 -3.2405356255316882e-06 -2.3500475610854072e-06 -9.6571992502867063e-06 -7.8821991031264708e-06 1.6613164740899384e-05 2.9363235268627202e-06 9.3341893852921682e-06 -8.6641722643316063e-05 1.9912566690334979e-05 -1.0519241526681101e-06 5.4728178838439058e-06 1.6317793199705592e-06 -8.1217154752954949e-05 -3.3896269576718175e-05 -9.4244550029189486e-05 1.1302889893950461e-05 4.4700668297132676e-05 -3.4132735333689553e-05
leaf_weight=135 27 153 27 34 21 29 196 52 30 24 22 4804 25 30 24 26 334 34 312 20 44 38 380 33 23 23 28 25 141 26
leaf_count=135 27 153 27 34 21 29 196 52 30 24 22 4804 25 30 24 26 334 34 312 20 44 38 380 33 23 23 28 25 141 26
internal_value=0.00101124 0.0010313 0.000979827 -0.00121762 -0.00275194 -0.00101852 0.00104269 0.00183544 0.001875 0.00293388 -0.000434782 0.000972329 0.00147266 0.00123244 0.00133355 0.000913261 0.00263889 0.000172825 0.00280702 0.000398773 -0.00284314 -0.00706897 0.000862553 -0.000555555 -0.004375 0.000614035 0.000652174 -0.00349057 0.00175 -0.00262712
internal_weight=7120 7093 6940 193 129 108 6747 79 64 242 46 6505 1701 1566 1541 1199 360 839 342 815 102 58 713 333 80 57 253 53 200 59
internal_count=7120 7093 6940 193 129 108 6747 79 64 242 46 6505 1701 1566 1541 1199 360 839 342 815 102 58 713 333 80 57 253 53 200 59
is_linear=0
shrinkage=0.05


Tree=112
num_leaves=31
num_cat=0
split_feature=34 19 16 7 32 11 36 34 27 27 13 36 35 11 20 20 30 31 16 38 28 28 24 24 16 22 4 39 21 41
split_gain=0.440802 0.825445 0.68959 0.499608 0.388685 0.476547 0.692063 0.348017 0.334381 0.336623 0.349091 0.306206 0.281942 0.5 0.364146 0.403226 0.370853 1.22481 0.480835 0.500159 0.461092 0.738431 0.34039 0.350914 0.384615 0.333333 0.331006 0.314155 0.268853 0.261099
threshold=118727.99403156167 421.71500000000384 0.0031255321727178442 -0.0060768199158453612 2098.8384955956794 0.027246710157063224 -2281.9449035407083 114709.47529598075 113451.15525000001 113605.74225 0.016473472096078755 5557.2081535715706 118899.64932500002 -0.0022118460739801011 37.174999999995642 0.99500000000261946 118423.29410946753 118471.71350000001 0.0023279752386600283 63.438826797694013 -89.399888516047199 -162.43832621666658 496.89427690000008 582.04531510000015 0.0039254438316600349 969.85732775000008 208.11765000000003 593.87428571428518 463.48000000000326 -52.853549200879613
decision_type=2 2 2 2 2 2 2 2 2 2 2 2 2 2 2 2 2 2 2 2 2 2 2 2 2 2 2 2 2 2
left_child=4 -2 -3 -4 5 7 -7 11 -9 -10 12 -1 14 -14 15 26 20 -18 -19 -20 21 22 -16 -24 29 -26 -11 -28 -6 -25
right_child=1 2 3 -5 28 6 -8 8 9 10 -12 -13 13 -15 16 -17 17 18 19 -21 -22 -23 23 24 25 -27 27 -29 -30 -31
leaf_value=2.8623959031275962e-06 -1.7717569801814304e-06 -1.6789259422683572e-05 -9.784614495131992e-05 1.0193843525711115e-05 6.5213634656522703e-06 3.2582286084490774e-05 -6.3086083894540456e-05 3.9055008441271592e-05 -1.2578788674570439e-05 -2.656084465432674e-05 -4.1840931400993948e-05 -1.6693071103854269e-06 7.8524325725031957e-05 -1.2514684137340707e-05 4.7043872802030265e-05 9.9968383288066293e-06 -1.200878699030374e-05 -1.582048134938824e-05 1.9579656102494396e-05 -1.0584668309126854e-05 9.9846323572935406e-06 -9.3738744647234461e-05 -3.9434387920221691e-05 3.0072168838192097e-05 -2.3549525754304416e-05 4.7667741343556262e-06 2.151725936793206e-05 -5.0628970148911827e-06 -6.7318398602950649e-05 2.2948859781270699e-05
leaf_weight=5149 33 24 28 83 441 20 23 146 20 20 20 26 25 25 51 186 36 32 132 20 279 29 32 66 21 28 43 30 27 25
leaf_count=5149 33 24 28 83 441 20 23 146 20 20 20 26 25 25 51 186 36 32 132 20 279 29 32 66 21 28 43 30 27 25
internal_value=0.000983146 -0.00154762 0.000185185 0.00184685 0.0010443 0.000943862 -0.00430233 0.000978885 0.00172196 0.00142857 0.00154545 0.000797102 0.00166667 -0.002 0.00184466 0.0033871 0.00127164 -0.000454545 0.00119565 0.00236842 0.00198682 0.000436508 0.00141256 0.000348837 0.00142857 -0.00214286 0.000698925 0.00226027 0.0024359 0.00335165
internal_weight=7120 168 135 111 6952 6484 43 6441 1266 1120 1100 5175 1080 50 1030 279 751 220 184 152 531 252 223 172 140 49 93 73 468 91
internal_count=7120 168 135 111 6952 6484 43 6441 1266 1120 1100 5175 1080 50 1030 279 751 220 184 152 531 252 223 172 140 49 93 73 468 91
is_linear=0
shrinkage=0.05


Tree=113
num_leaves=31
num_cat=0
split_feature=30 4 40 30 24 19 5 22 4 18 18 11 32 32 34 36 34 19 41 5 42 17 11 25 20 7 17 38 21 38
split_gain=0.524624 0.992063 0.334579 0.37506 0.372461 0.379887 0.732481 0.496636 0.749243 0.639629 1.74295 0.703851 0.641057 1.225 0.35211 1.17056 0.562928 0.560485 0.415005 0.4 0.378452 0.444017 0.45977 0.418551 0.543478 0.343402 0.33416 0.621116 0.511308 0.99865
threshold=122851.47111160848 786.91964500000006 546.17250981141854 122119.85690569303 607.28076270000008 846.25000000000011 0.0047847371157015714 1604.4903350500001 522.93304000000012 279.6199999999954 206.94499999999246 0.0017810501111404722 1768.0737491023176 2160.9959458033341 118070.13910238438 421.48939237547171 114841.19634006351 312.06500000000239 630.58118577616813 0.00013642994022252189 -187.1030459993697 0.0063564067660335805 -0.0070127672610565605 0.44168742459331339 316.6199999999954 -0.0056258200851604526 0.006622477161833811 78.850096976338733 305.37500000000006 68.205628863772816
decision_type=2 2 2 2 2 2 2 2 2 2 2 2 2 2 2 2 2 2 2 2 2 2 2 2 2 2 2 2 2 2
left_child=2 -2 3 14 -4 6 7 8 -6 10 11 12 -10 -14 16 17 18 19 20 -16 21 -1 23 -23 -25 -19 28 -28 -22 -30
right_child=1 -3 4 -5 5 -7 -8 -9 9 -11 -12 -13 13 -15 15 -17 -18 25 -20 -21 26 22 -24 24 -26 -27 27 -29 29 -31
leaf_value=1.6129797306529725e-05 -1.2493375191619486e-06 1.229204223230628e-05 1.3222031497417958e-05 3.8460453042176773e-05 1.6438595156094564e-05 1.5337803612368726e-05 -0.00039550916181505446 1.4948104726529599e-05 8.2928945624389559e-05 2.8235302503126013e-05 -3.0643147351241151e-05 6.4060681945800075e-06 -0.00010560217455599596 6.3105984509417945e-05 6.4883794759790326e-06 -3.5789813284987254e-05 3.7778301992802934e-06 -2.3880018559866465e-05 -1.1488389937039332e-05 -1.299041716201361e-05 1.8784460318237204e-06 2.6879914922643159e-05 -7.4237371718645706e-05 -3.2741594818281426e-06 0.0001116651495391091 3.1137800000549093e-05 1.0373490912150303e-05 -8.2228578515551368e-05 -2.5192441373704506e-06 -0.00010955469898899962
leaf_weight=325 36 20 138 53 101 163 23 69 34 37 22 122 20 20 20 24 1074 33 29 20 3684 50 20 23 23 92 419 22 359 45
leaf_count=325 36 20 138 53 101 163 23 69 34 37 22 122 20 20 20 24 1074 33 29 20 3684 50 20 23 23 92 419 22 359 45
internal_value=0.000891854 -0.00392857 0.000930068 0.00081156 0.00192924 0.00139935 0.000647322 0.00111765 0.000365169 -0.00107843 -0.00211009 -0.000612245 -0.00445946 -0.00875 0.00077611 -0.00134921 0.000842253 0.000151515 0.000619124 -0.005 0.000653924 0.00205215 -0.000603448 0.000833334 -0.0026087 0.0018 0.000517775 0.0018254 0.000376713 -0.00131188
internal_weight=7120 56 7064 6315 749 611 448 425 356 255 218 196 74 40 6262 189 6073 165 4999 40 4970 441 116 96 46 125 4529 441 4088 404
internal_count=7120 56 7064 6315 749 611 448 425 356 255 218 196 74 40 6262 189 6073 165 4999 40 4970 441 116 96 46 125 4529 441 4088 404
is_linear=0
shrinkage=0.05


Tree=114
num_leaves=31
num_cat=0
split_feature=40 30 42 34 13 22 27 32 7 5 13 13 24 5 0 23 25 19 39 21 26 16 19 21 25 34 38 35 11 11
split_gain=0.642425 0.380564 0.88053 0.328181 0.503941 0.444565 1.04491 1.49911 2.45578 0.547805 0.918968 0.404372 0.388497 0.354424 0.619438 0.478671 0.888942 0.326912 1.14497 0.314901 0.654762 0.276894 0.664057 2.54298 0.719278 0.514209 0.56593 1.15976 0.497587 0.663561
threshold=546.17250981141854 122851.47111160848 -32.127503987636224 114841.19634006351 -0.035081045673534816 608.63439925000011 118098.91325000003 371.42598697570071 -0.0019664511257603818 0.0016647923786165589 -0.0018184895922993992 0.0060302694538033339 281.22309060000003 -0.00045929494359702464 118044.96500000001 -0.74674427267511823 -0.78501326811098349 395.82999999999453 690.34571428571405 112.7150000000038 118498.5025641859 0.0051309592023797215 327.87999999999744 157.71500000000381 0.36729023383680787 103163.23684755257 52.905913038387574 87678.195950000008 -0.023343861227418095 -0.010137280697651735
decision_type=2 2 2 2 2 2 2 2 2 2 2 2 2 2 2 2 2 2 2 2 2 2 2 2 2 2 2 2 2 2
left_child=1 3 -3 21 -5 6 9 8 -8 12 -11 -12 -6 -14 15 16 -15 18 19 -7 -21 28 23 -23 -24 26 -26 -28 -1 -30
right_child=-2 2 -4 4 5 17 7 -9 -10 10 11 -13 13 14 -16 -17 -18 -19 -20 20 -22 22 24 -25 25 -27 27 -29 29 -31
leaf_value=-0.00018804074549320148 4.9734495063517773e-06 4.5000480104478903e-06 -1.1859851193288975e-05 -8.5249537302273606e-05 -1.0961149176361717e-05 1.5920401363562001e-05 1.1996672097839385e-05 7.3672374293364581e-06 -3.1026516377934977e-05 -2.3856361170952036e-05 1.8152236786290677e-05 -7.4985800156679063e-07 1.2875134632430949e-05 1.0481348202453953e-05 -4.1674196446457345e-06 4.3282583099142314e-06 -5.6336663597481941e-05 1.4626365371693945e-05 -2.5266291951925124e-05 1.638729002372206e-05 -4.5186208890690578e-06 6.1070896588778267e-06 1.649235826300063e-05 -7.8029338496241773e-05 -7.9990329739927815e-07 1.6243040054155885e-05 -0.00028017591329510715 1.1916554009301663e-05 8.4002582514246745e-06 5.4289614810993537e-07
leaf_weight=26 752 26 27 23 31 81 21 50 28 33 37 24 196 32 21 110 20 537 30 22 20 92 847 22 190 129 27 33 285 3348
leaf_count=26 752 26 27 23 31 81 21 50 28 33 37 24 196 32 21 110 20 537 30 22 20 92 847 22 190 129 27 33 285 3348
internal_value=0.000891854 0.000728643 -0.00349057 0.000764054 0.00146657 0.00159706 0.000605307 -0.00409091 -0.0103061 0.00152778 -0.00191489 0.00172131 0.00231707 0.00275726 0.00117486 0.00222222 -0.00173077 0.00246377 0.000424837 0.00256098 -0.000952381 0.000579116 0.00119403 -0.00245614 0.00153344 -0.000277045 -0.0016 -0.00583333 0.000353922 0.000403248
internal_weight=7120 6368 53 6315 1316 1293 603 99 49 504 94 61 410 379 183 162 52 690 153 123 42 4999 1340 114 1226 379 250 60 3659 3633
internal_count=7120 6368 53 6315 1316 1293 603 99 49 504 94 61 410 379 183 162 52 690 153 123 42 4999 1340 114 1226 379 250 60 3659 3633
is_linear=0
shrinkage=0.05


Tree=115
num_leaves=31
num_cat=0
split_feature=0 40 34 31 20 35 5 21 19 15 22 36 11 35 35 38 24 38 42 16 41 18 32 23 9 0 16 19 21 9
split_gain=0.535938 0.503582 0.316189 0.431946 0.373571 0.797578 0.853186 0.472323 1.36921 2.79586 0.613469 0.850274 1.44051 0.463268 0.623377 0.449733 0.448954 0.38291 0.64 0.345465 0.571505 0.935207 1.31643 0.570807 0.835843 1.24569 0.703565 0.479644 1.03122 0.566912
threshold=124166.24000000001 546.17250981141854 114841.19634006351 114480.96740000001 60.120000000002626 118740.70207500001 -0.00045929494359702464 67.799999999995649 419.0999999999986 0.0029212309534862291 608.63439925000011 733.96757701331819 -0.0037071922548818164 118014.03509999999 117573.77357500001 33.070418802712659 933.58405810000011 51.040482734159951 13.804418659519365 0.0051309592023797215 494.75194296757178 -200.41499999999357 1146.4939544626179 0.39009666920845165 -0.01074875371862088 89239.000000000015 0.0075096128976551539 327.87999999999744 157.71500000000381 -0.009034179259647666
decision_type=2 2 2 2 2 2 2 2 2 2 2 2 2 2 2 2 2 2 2 2 2 2 2 2 2 2 2 2 2 2
left_child=1 2 19 -4 5 -5 -7 16 9 -9 11 12 -10 14 15 -12 17 -6 -19 20 -1 -22 -23 27 -25 26 -26 28 -21 -29
right_child=-2 -3 3 4 7 6 -8 8 10 -11 13 -13 -14 -15 -16 -17 -18 18 -20 23 21 22 -24 24 25 -27 -28 29 -30 -31
leaf_value=1.4509919932155805e-06 -9.0856403746550068e-07 4.9461862364738554e-06 7.4991076163436959e-06 9.1777438378475267e-06 2.5886482838700309e-05 1.0404305538428838e-05 -8.9910666706646564e-06 2.550088848553573e-07 7.2476713178750487e-06 -9.9073246963601484e-05 -2.4891624562197976e-05 3.5594252875103817e-05 -9.1708377134070674e-05 1.3672988389993086e-05 -4.852166005076237e-05 3.4204274298881724e-05 -1.1383042662080583e-05 -2.0130739323723121e-05 4.3214424564320924e-06 5.3348272213189406e-06 -4.5761601106813006e-06 -3.9574326802360934e-05 1.313097436176517e-06 9.7994096470533992e-06 -2.486553825171507e-06 7.837524209789156e-06 -0.00011720267292476931 -5.2820321481301201e-06 -7.4127871571429683e-05 1.7524319537390383e-05
leaf_weight=3549 27 744 264 323 130 30 34 63 26 33 20 32 24 142 24 68 37 20 80 91 28 28 54 154 39 81 41 82 22 830
leaf_count=3549 27 744 264 323 130 30 34 63 26 33 20 32 24 142 24 68 37 20 80 91 28 28 54 154 39 81 41 82 22 830
internal_value=0.000919944 0.000946708 0.000802489 0.00148148 0.00104052 0.00228682 -0.0028125 0.000350501 -0.000671296 -0.0059375 0.000833334 -0.00292683 -0.007 0.00204724 -0.000357143 0.00159091 0.00200375 0.00282609 0.0005 0.000619124 0.000367587 -0.00318182 -0.000487805 0.00130597 -0.000555555 -0.00307453 -0.0075 0.00187805 -0.00119469 0.00225877
internal_weight=7120 7093 6349 1350 1086 387 64 699 432 96 336 82 50 254 112 88 267 230 100 4999 3659 110 82 1340 315 161 80 1025 113 912
internal_count=7120 7093 6349 1350 1086 387 64 699 432 96 336 82 50 254 112 88 267 230 100 4999 3659 110 82 1340 315 161 80 1025 113 912
is_linear=0
shrinkage=0.05


Tree=116
num_leaves=31
num_cat=0
split_feature=0 15 15 38 20 24 17 21 21 16 0 15 36 21 24 41 1 32 19 40 11 26 30 16 16 23 23 17 20 5
split_gain=0.532731 0.441044 0.816536 1.22714 0.726073 0.684392 1.04563 1.22937 1.13891 0.817559 1.17731 0.634424 0.568182 0.557766 0.470983 0.381868 0.619645 0.602406 0.652268 0.66402 0.446695 0.430233 0.468917 0.419655 0.579827 0.564759 0.55649 0.81313 0.70203 0.795725
threshold=124166.24000000001 0.0029424926187283881 0.002523566579845809 79.395345297022757 128.82499999999712 697.11362910000014 0.0035393954140266835 71.824999999997104 35.090000000003791 0.0037535613602972533 96047.85000000002 0.0028174947053715088 229.76470836794763 148.71500000000381 1451.6160590000002 96.251213879376508 84043.140000000014 -496.02187731780572 749.04499999999837 -233.68541803224068 -0.0048547056408116988 115741.35615391741 118423.29410946753 0.0032593303621452807 0.0029551969548392795 -1.1817738273557994 0.29306767227603142 0.0016836835862443903 25.435000000004951 -0.00062425440682358922
decision_type=2 2 2 2 2 2 2 2 2 2 2 2 2 2 2 2 2 2 2 2 2 2 2 2 2 2 2 2 2 2
left_child=1 2 14 4 5 6 7 8 12 13 -11 -9 -4 -7 15 16 -1 -18 19 -19 -21 23 -23 24 25 -22 27 -27 -29 -30
right_child=-2 -3 3 -5 -6 9 -8 11 -10 10 -12 -13 -14 -15 -16 -17 17 18 -20 20 21 22 -24 -25 -26 26 -28 28 29 -31
leaf_value=-9.6449977362006954e-06 -8.6313583559222978e-07 3.5423621429381443e-06 1.0904232044785658e-05 -7.9046991869862721e-05 7.4075404643065531e-06 1.8289330682356518e-05 -0.00012722352247328313 3.3747456901289163e-05 -5.3892581324371221e-05 -8.4422404660510462e-05 1.6663117292649527e-05 -9.8295663305143653e-06 -1.4846113396056766e-05 -1.2742639919205501e-06 -0.00013504953217837986 4.5444893438658628e-06 8.8578903216749814e-06 -6.0935609921804285e-06 -2.7346330180129811e-05 -2.8858417904153559e-06 3.8449025254079133e-05 9.6823438554072636e-06 -2.1361387733270733e-05 3.4718790069089872e-05 -7.5830019787750964e-06 -9.1060005856265192e-05 1.4996794585378255e-05 6.1477132214851602e-06 -8.2601702458091387e-05 -6.1171428792644764e-07
leaf_weight=24 27 4070 22 23 235 105 24 86 26 29 31 27 22 66 22 916 449 28 22 34 49 155 22 71 28 22 127 111 60 187
leaf_count=24 27 4070 22 23 235 105 24 86 26 29 31 27 22 66 22 916 449 28 22 34 49 155 22 71 28 22 127 111 60 187
internal_value=0.000898877 0.000925561 0.000468078 -0.00103448 -0.000646359 -0.00184931 -0.0039372 -0.00265027 -0.00785714 2.16452e-05 -0.005 0.000575221 -0.00295455 0.00178363 0.00091749 0.000986985 0.000464363 0.000604396 -0.000131004 7.83e-05 0.000323326 0.000552885 0.00274011 -3.81678e-05 -0.000479452 -0.000125899 -0.000621302 -0.00157895 -0.00100559 -0.00248988
internal_weight=7120 7093 3023 696 673 438 207 183 70 231 60 113 44 171 2327 2305 1389 1365 916 894 866 832 177 655 584 556 507 380 358 247
internal_count=7120 7093 3023 696 673 438 207 183 70 231 60 113 44 171 2327 2305 1389 1365 916 894 866 832 177 655 584 556 507 380 358 247
is_linear=0
shrinkage=0.05


Tree=117
num_leaves=31
num_cat=0
split_feature=24 42 42 4 7 13 38 41 20 20 19 42 30 21 36 35 27 41 20 32 32 36 36 22 22 11 38 38 36 16
split_gain=0.404629 0.336621 0.755148 0.583333 0.419048 0.378547 0.470541 0.38422 0.569951 1.10176 1.245 0.361887 0.38281 0.369643 0.363915 0.52687 0.789862 0.542835 0.502964 0.435494 0.464178 0.509894 0.434656 0.418736 0.762698 0.964725 0.927371 1.2031 0.786717 0.854805
threshold=2411.6295216000003 -147.87878179645307 -140.50588728973722 702.28060500000004 0.00023048465683336489 0.0017001321222584575 39.517642522139347 208.64159616150849 152.39499999999683 30.70999999999913 567.3400000000039 -129.66790321559736 122851.47111160848 41.849999999998552 -73.014577644986261 83543.334650000019 83476.98275000001 463.22845238437498 176.4150000000009 1023.5768285583619 939.37955051207257 -123.39069753568764 22.363473539044211 338.77032100000008 668.95408425000005 0.017552519096814097 69.555591594439036 67.71670779592452 1905.3604624689108 0.0019959817523746127
decision_type=2 2 2 2 2 2 2 2 2 2 2 2 2 2 2 2 2 2 2 2 2 2 2 2 2 2 2 2 2 2
left_child=1 5 3 4 -3 6 7 -1 9 -9 -11 13 14 -4 15 16 18 19 -13 20 21 -17 -16 -24 25 26 27 28 -25 -30
right_child=-2 2 11 -5 -6 -7 -8 8 -10 10 -12 12 -14 -15 22 17 -18 -19 -20 -21 -22 -23 23 24 -26 -27 -28 -29 29 -31
leaf_value=7.1245844606963732e-06 9.4281616390328201e-06 3.7831322225233635e-05 -2.9641147605085255e-05 -1.8016854339454089e-05 -4.2562797894816853e-06 -6.6138152387978768e-06 5.0126348135368868e-05 5.1123341726697569e-05 3.5642610089355441e-05 1.5261457168372952e-06 -0.00017022694201301549 1.4141255414506919e-05 -6.1580167789645355e-07 2.7772560203830787e-05 1.9103362112856725e-05 2.1525904482121047e-06 -3.0219262901181094e-05 -7.8971647635925628e-05 -2.8500200012302271e-05 1.3078165461269639e-05 -1.1400086237468295e-05 -8.4610373277712561e-06 5.6337676986457886e-06 -1.4361188952405439e-06 3.8254267608423551e-06 -9.3687229723791923e-05 1.4482255563757054e-05 -5.2908532686501031e-05 -1.6446445254338856e-05 1.0800140228173391e-05
leaf_weight=607 84 22 20 42 20 20 163 23 61 26 23 69 38 92 96 2221 21 32 31 76 21 33 364 693 1673 23 199 39 51 237
leaf_count=607 84 22 20 42 20 20 163 23 61 26 23 69 38 92 96 2221 21 32 31 76 21 33 364 693 1673 23 199 39 51 237
internal_value=0.000955056 0.000913872 0.000779487 -0.00392857 0.000238095 0.0018039 0.0019546 0.00141892 -0.00101504 -0.00402778 -0.00826531 0.000845082 0.000791787 0.00366071 0.00082412 0.000367412 -0.00285124 0.000530844 -0.001 0.000618886 0.000494506 0.000563443 0.00116296 0.00106587 0.000866209 -7.24636e-05 0.00011895 -0.000490196 -0.000147808 0.00204861
internal_weight=7120 7036 6113 84 42 923 903 740 133 72 49 6029 5917 112 5879 2504 121 2383 100 2351 2275 2254 3375 3279 2915 1242 1219 1020 981 288
internal_count=7120 7036 6113 84 42 923 903 740 133 72 49 6029 5917 112 5879 2504 121 2383 100 2351 2275 2254 3375 3279 2915 1242 1219 1020 981 288
is_linear=0
shrinkage=0.05


Tree=118
num_leaves=31
num_cat=0
split_feature=30 31 19 28 17 16 20 21 15 34 24 20 0 36 36 11 40 7 9 13 28 41 36 23 41 41 13 22 36 4
split_gain=0.332781 1.42742 2.01285 0.917131 1.24616 0.476768 0.428734 0.61164 0.591692 0.398199 0.495748 0.371095 0.925802 0.537061 1.20285 0.368641 0.343164 0.513839 0.626557 0.456827 0.889474 0.455678 0.366789 0.315525 0.302841 0.303101 0.301839 0.395422 0.281348 0.532986
threshold=118423.29410946753 118614.42210000001 387.94000000000239 -213.31371836788455 0.0036094040898889111 0.0045571406129709469 71.280000000006126 2.1049999999959259 0.0039517733566820099 114956.46511993422 264.2961102000001 125.76000000000205 121171.86000000002 2323.1851433728229 4657.360894065795 -0.026730583114492536 546.17250981141854 -0.0018724981676325823 -0.0036870046903280415 0.010919764028803437 932.00008410891326 630.58118577616813 5290.8522169328362 2.5740045047706608 562.52014012179745 531.1943957671607 0.0027503320330070319 862.02513975000022 580.60192822963302 275.59892000000008
decision_type=2 2 2 2 2 2 2 2 2 2 2 2 2 2 2 2 2 2 2 2 2 2 2 2 2 2 2 2 2 2
left_child=9 2 -2 -4 -5 6 8 -8 -3 15 -11 12 -9 -13 -15 23 21 -18 -19 20 26 22 24 -1 25 28 -20 -28 29 -17
right_child=1 5 3 4 -6 -7 7 11 -10 10 -12 13 -14 14 -16 16 17 18 19 -21 -22 -23 -24 -25 -26 -27 27 -29 -30 -31
leaf_value=1.587678480064615e-05 -3.5542480852182521e-05 4.5520839793254886e-05 4.8612315454326006e-05 6.0997232689577553e-07 -5.559944646752645e-06 3.8853084391735139e-05 -1.5624123712840978e-05 -7.0220245647706009e-05 -1.7998794587900125e-06 -1.6744881561773316e-05 4.4889571406793396e-06 2.9085474213511934e-05 1.3745947308702354e-05 -5.1389986802907819e-05 3.2232705064269212e-06 4.0362274662422581e-06 3.1861512371004388e-05 -1.2076549244598652e-05 4.2787217915135232e-05 5.7375428572079793e-06 -0.00010765906142603518 -1.6144367470964363e-05 -2.2309130845946418e-06 -4.3055675078385329e-06 2.6247005982209748e-05 -2.1970829289656811e-06 2.4566290267606028e-05 -7.0633479222217477e-05 2.5797378341877574e-06 3.6306626264463652e-07
leaf_weight=110 20 73 28 20 23 81 21 31 21 25 942 68 27 26 37 489 178 26 52 317 35 28 38 21 41 33 24 22 1759 2504
leaf_count=110 20 73 28 20 23 81 21 31 21 25 942 68 27 26 37 489 178 26 52 317 35 28 38 21 41 33 24 22 1759 2504
internal_value=0.000919944 -0.000357143 -0.00598901 -0.00204225 -0.00662791 0.000974026 6.57897e-05 -0.00119048 0.00287234 0.00101144 0.00194933 -0.000291005 -0.00362069 0.00118321 -0.00214286 0.000851682 0.000789759 0.00186544 0.0010084 0.00144444 -0.00101504 0.000645953 0.000682566 0.00347328 0.000721094 0.000684431 0.00142857 -0.00152174 0.000717593 0.000422653
internal_weight=7120 476 91 71 43 385 304 210 94 6644 967 189 58 131 63 5677 5546 654 476 450 133 4892 4864 131 4826 4785 98 46 4752 2993
internal_count=7120 476 91 71 43 385 304 210 94 6644 967 189 58 131 63 5677 5546 654 476 450 133 4892 4864 131 4826 4785 98 46 4752 2993
is_linear=0
shrinkage=0.05


Tree=119
num_leaves=31
num_cat=0
split_feature=24 11 4 22 19 28 42 28 28 20 7 40 21 24 41 41 20 19 42 42 4 13 15 13 42 17 11 36 32 23
split_gain=0.292238 0.343124 0.602718 0.948805 0.55719 0.82024 0.48 0.417199 0.588236 1.08029 0.818182 0.367841 0.524164 1.1664 0.445783 0.325449 0.665284 0.49784 0.375624 0.792708 0.646045 0.491497 0.384802 0.410017 0.671356 0.571053 0.720238 0.565911 0.620024 0.842977
threshold=2411.6295216000003 0.020838622208817426 901.06211000000008 1205.44101075 1029.9150000000011 1805.4971067485533 278.16868592450697 1311.5176139644393 1195.8157802297067 89.565000000002343 0.002091300893331783 546.17250981141854 73.524999999994193 1122.6892161000003 800.5890453529895 518.91245159480752 20.995000000002623 955.99500000000273 -147.87878179645307 -140.50588728973722 985.83027500000014 -0.01149454337814911 0.0018848884033834561 -0.027464094439977174 -190.97679448285979 0.0066649697258137535 -0.022222922025655362 1840.9254987272291 447.63902852115285 -0.37408242417380883
decision_type=2 2 2 2 2 2 2 2 2 2 2 2 2 2 2 2 2 2 2 2 2 2 2 2 2 2 2 2 2 2
left_child=1 7 3 -3 -4 -6 -7 8 11 -10 -11 15 13 14 -13 18 -17 -18 22 20 21 -20 -1 24 25 -24 -27 -25 29 -29
right_child=-2 2 4 -5 5 6 -8 -9 9 10 -12 12 -14 -15 -16 16 17 -19 19 -21 -22 -23 23 27 -26 26 -28 28 -30 -31
leaf_value=-2.4225004111455872e-06 8.2780167099637055e-06 -0.00014591099095592375 1.3420970645235735e-05 6.7301656010161508e-06 -5.2860822635909864e-05 -0.00013541867692949016 3.0178637779078008e-05 1.0345726224406512e-05 2.6653278555896533e-05 -2.730460122518597e-07 -0.00017503949140759885 3.3327019940421806e-05 2.3405128911066989e-05 -8.5655923714871881e-06 -1.5854903200764123e-05 -5.7917244341643103e-06 1.3908567597129265e-06 -0.00028362511273372852 -9.6693145121601401e-07 1.9150471854537867e-06 -1.3493179656142637e-05 3.9541284158799098e-05 1.1395343871257011e-05 1.7786318469306768e-05 -0.00025458079028894335 1.2805592339508379e-05 -0.00024697248486463128 -0.00013869601842471268 5.1053367819808114e-05 4.5483207384327633e-06
leaf_weight=20 84 21 81 23 27 20 30 290 32 22 22 62 290 22 22 20 114 20 21 5051 25 28 161 455 30 32 24 20 25 26
leaf_count=20 84 21 81 23 27 20 30 290 32 22 22 62 290 22 22 20 114 20 21 5051 25 28 161 455 30 32 24 20 25 26
internal_value=0.000877809 0.000842809 -0.00118812 -0.00636364 0.000253165 -0.00279221 0.001 0.000902839 0.000820599 -0.00355263 -0.00863636 0.000871985 0.00234848 -0.000660377 0.00202381 0.000775692 -0.00149351 -0.00022388 0.000834742 0.000678049 -0.00445946 -0.00112245 0.00184742 0.00202458 0.00034413 0.00131336 -0.00303571 0.00281369 -0.00133803 -0.00478261
internal_weight=7120 7036 202 44 158 77 50 6834 6544 76 44 6468 396 106 84 6072 154 134 5918 5125 74 49 793 773 247 217 56 526 71 46
internal_count=7120 7036 202 44 158 77 50 6834 6544 76 44 6468 396 106 84 6072 154 134 5918 5125 74 49 793 773 247 217 56 526 71 46
is_linear=0
shrinkage=0.05


end of trees

feature_importances:
lower_wick=197
log_return_6=173
volume=167
upper_wick=167
candle_range=153
price_minus_ema_200=146
vol_std_10=145
atr=144
log_return_2=140
log_return_12=137
macd_hist=133
volume_zscore_20=127
vol_std_50=126
macd_signal=122
volume_mean_50=115
sma_200=110
rsi=110
log_return_3=106
volume_zscore_50=104
log_return_1=100
macd=99
vol_std_20=98
volume_mean_20=98
price_minus_ema_50=87
price_minus_ema_20=82
ema_200=74
ema_50=54
candle_body=53
open=52
high=35
sma_50=35
close=32
low=27
ema_20=26
sma_20=26

parameters:
[boosting: gbdt]
[objective: quantile]
[metric: quantile]
[tree_learner: serial]
[device_type: cpu]
[data_sample_strategy: bagging]
[data: ]
[valid: ]
[num_iterations: 120]
[learning_rate: 0.05]
[num_leaves: 31]
[num_threads: 0]
[seed: 42]
[deterministic: 0]
[force_col_wise: 0]
[force_row_wise: 0]
[histogram_pool_size: -1]
[max_depth: -1]
[min_data_in_leaf: 20]
[min_sum_hessian_in_leaf: 0.001]
[bagging_fraction: 1]
[pos_bagging_fraction: 1]
[neg_bagging_fraction: 1]
[bagging_freq: 0]
[bagging_seed: 400]
[bagging_by_query: 0]
[feature_fraction: 1]
[feature_fraction_bynode: 1]
[feature_fraction_seed: 30056]
[extra_trees: 0]
[extra_seed: 12879]
[early_stopping_round: 0]
[early_stopping_min_delta: 0]
[first_metric_only: 0]
[max_delta_step: 0]
[lambda_l1: 0]
[lambda_l2: 0]
[linear_lambda: 0]
[min_gain_to_split: 0]
[drop_rate: 0.1]
[max_drop: 50]
[skip_drop: 0.5]
[xgboost_dart_mode: 0]
[uniform_drop: 0]
[drop_seed: 17869]
[top_rate: 0.2]
[other_rate: 0.1]
[min_data_per_group: 100]
[max_cat_threshold: 32]
[cat_l2: 10]
[cat_smooth: 10]
[max_cat_to_onehot: 4]
[top_k: 20]
[monotone_constraints: ]
[monotone_constraints_method: basic]
[monotone_penalty: 0]
[feature_contri: ]
[forcedsplits_filename: ]
[refit_decay_rate: 0.9]
[cegb_tradeoff: 1]
[cegb_penalty_split: 0]
[cegb_penalty_feature_lazy: ]
[cegb_penalty_feature_coupled: ]
[path_smooth: 0]
[interaction_constraints: ]
[verbosity: -1]
[saved_feature_importance_type: 0]
[use_quantized_grad: 0]
[num_grad_quant_bins: 4]
[quant_train_renew_leaf: 0]
[stochastic_rounding: 1]
[linear_tree: 0]
[max_bin: 255]
[max_bin_by_feature: ]
[min_data_in_bin: 3]
[bin_construct_sample_cnt: 200000]
[data_random_seed: 175]
[is_enable_sparse: 1]
[enable_bundle: 1]
[use_missing: 1]
[zero_as_missing: 0]
[feature_pre_filter: 1]
[pre_partition: 0]
[two_round: 0]
[header: 0]
[label_column: ]
[weight_column: ]
[group_column: ]
[ignore_column: ]
[categorical_feature: ]
[forcedbins_filename: ]
[precise_float_parser: 0]
[parser_config_file: ]
[objective_seed: 16083]
[num_class: 1]
[is_unbalance: 0]
[scale_pos_weight: 1]
[sigmoid: 1]
[boost_from_average: 1]
[reg_sqrt: 0]
[alpha: 0.1]
[fair_c: 1]
[poisson_max_delta_step: 0.7]
[tweedie_variance_power: 1.5]
[lambdarank_truncation_level: 30]
[lambdarank_norm: 1]
[label_gain: ]
[lambdarank_position_bias_regularization: 0]
[eval_at: ]
[multi_error_top_k: 1]
[auc_mu_weights: ]
[num_machines: 1]
[local_listen_port: 12400]
[time_out: 120]
[machine_list_filename: ]
[machines: ]
[gpu_platform_id: -1]
[gpu_device_id: -1]
[gpu_use_dp: 0]
[num_gpu: 1]

end of parameters

pandas_categorical:[]
