tree
version=v4
num_class=1
num_tree_per_iteration=1
label_index=0
max_feature_idx=42
objective=quantile
feature_names=open high low close volume log_return_1 return_1 log_return_2 return_2 log_return_3 return_3 log_return_6 return_6 log_return_12 return_12 vol_std_10 vol_std_20 vol_std_50 candle_body candle_range upper_wick lower_wick volume_mean_20 volume_zscore_20 volume_mean_50 volume_zscore_50 ema_20 sma_20 price_minus_ema_20 slope_ema_20 ema_50 sma_50 price_minus_ema_50 slope_ema_50 ema_200 sma_200 price_minus_ema_200 slope_ema_200 rsi atr macd macd_signal macd_hist
feature_infos=[74810:126011.17999999999] [75491.059999999998:126199.63] [74508:125252.74000000001] [74810.009999999995:126011.17999999999] [55.663110000000003:22932.63034] [-0.050194534107679628:0.049046832698038376] [-0.048955604068812497:0.050269536544331084] [-0.054430650570970483:0.073476142573905459] [-0.05297581783309413:0.076242859981111355] [-0.051763945009398085:0.10037704986863207] [-0.050447012889056508:0.10558770119419636] [-0.089134294306237399:0.10288469684838659] [-0.085277276727932838:0.10836360389131627] [-0.11547459971848215:0.095308261010448495] [-0.10905679784217504:0.099997889328760969] [0.00043666998028047657:0.02093055959530522] [0.00064129677235217274:0.01653861037861672] [0.001119974649823826:0.014575197150878624] [-4402.6600000000035:3934.4700000000012] [41.580000000001746:13112.690000000002] [0:2210.4700000000012] [0:11451.860000000001] [122.12798100000001:4030.8873189999999] [-2.110438023074344:4.2001900222389192] [189.2571542:3088.6918599999999] [-1.7381946760067346:6.6553358521083466] [77071.386983985474:124694.10041516216] [76734.368500000011:124829.1735] [-5610.1596149673569:6976.4475902612758] [-590.54311736498494:734.36290423803439] [77877.609215548699:124031.47673128865] [77971.398199999996:124089.9958] [-8206.0916271875758:8167.5835344851075] [-334.9425153954071:333.37075650959741] [80709.759886852858:121156.2540190468] [80865.342950000006:122296.24195] [-11482.272730710625:8513.8839020029845] [-115.39972593678976:85.566672381944954] [1.5039170063437979:97.611937349984728] [129.42142857142503:2664.2164285714284] [-2434.5334785931191:2390.7359220770304] [-2230.2798034168663:1991.8154586057992] [-947.87349092399427:872.18259031331581]
tree_sizes=2917 2935 2917 2909 2926 2936 2934 2898 2931 2904 2891 2948 2942 2964 2909 2885 2937 2905 2924 2922 2932 2958 2915 2939 2895 2907 2844 2925 2893 2910 2892 2911 2893 2875 2911 2901 2875 2861 2875 2908 2909 2928 2895 2891 2913 2874 2887 2884 2915 2915 2862 2900 2900 2919 2873 2873 2896 2919 2895 2856 2910 2894 2926 2926 2866 2888 2942 2922 2915 2897 2902 2875 2905 2883 2908 2914 2895 2904 2898 2858 2856 2855 2858 2888 2895 2891 2879 2888 2920 2882 2886 2902 2880 2889 2912 2903 2923 2903 2892 2909 2920 2853 2884 2898 2884 2938 2890 2910 2861 2919 2905 2886 2873 2865 2886 2912 2895 2860 2917 2887

Tree=0
num_leaves=31
num_cat=0
split_feature=9 20 24 15 42 17 21 21 5 5 13 3 9 32 19 21 36 40 32 38 20 19 17 16 3 15 41 38 17 38
split_gain=5.81669 4.24835 2.86151 2.96258 2.45567 2.84009 2.7982 2.20911 2.9328 2.14803 2.14099 2.89833 2.13258 2.23927 2.11731 2.00997 1.85179 2.22173 1.88268 1.83151 1.78838 1.78828 1.95741 1.95196 1.77308 2.16411 2.08869 1.75101 2.06371 1.89613
threshold=-0.0010361910715756576 52.625000000000007 576.8094275000002 0.0041555812229426949 278.16868592450697 0.0061605686096578649 25.085000000006406 41.849999999998552 0.0022047966089714355 -0.002927229596691696 0.0020236660059797617 117642.675 0.00025482170306368888 -116.16139900835695 424.93499999999773 438.91000000000355 -2981.7889858632766 -705.7225983799143 -1655.092557427495 80.007885087800432 2.5849999999991273 254.98999999999799 0.0043134009352103079 0.0032479405002727299 121656.12000000001 0.0031586374218155922 730.89070284938327 71.695094532299919 0.005070669235841224 45.773567614434519
decision_type=2 2 2 2 2 2 2 2 2 2 2 2 2 2 2 2 2 2 2 2 2 2 2 2 2 2 2 2 2 2
left_child=7 2 -2 10 5 6 12 16 19 -5 11 21 13 -3 -12 -10 17 -1 -18 24 -16 22 -4 -23 26 -26 -9 28 29 -14
right_child=1 4 3 9 -6 -7 -8 8 15 -11 14 -13 27 -15 20 -17 18 -19 -20 -21 -22 23 -24 -25 25 -27 -28 -29 -30 -31
leaf_value=1.7317337460553971e-05 2.2627816406384227e-05 5.7682654642121634e-05 -1.8479691880202155e-05 6.8963891590101414e-05 -1.4588409339921785e-05 6.9711053856735827e-05 1.7720394589559872e-05 3.6960520719730991e-05 -2.7517698708834362e-05 1.2765484189003472e-05 -3.2971795917546849e-06 4.8120810879481725e-05 6.5704127246135618e-05 -4.0933701711765038e-06 -1.9865964077325771e-05 9.1632137537089878e-05 -3.6659357374446702e-05 0.00015479001076528222 4.8509518728678819e-05 -9.0547845502442201e-06 -6.7524260612117362e-05 3.2985140478558606e-05 1.9016719943465431e-05 -3.3470651487732539e-05 4.383715668154764e-05 -5.6337551450269535e-05 0.00011039547598556965 8.2533657314343151e-05 -5.2700672767969081e-05 3.8843850688863313e-05
leaf_weight=22 470 46 44 35 193 355 1919 1933 180 219 190 35 68 47 20 35 26 39 502 21 85 101 29 82 20 29 95 64 22 194
leaf_count=22 470 46 44 35 193 355 1919 1933 180 219 190 35 68 47 20 35 26 39 502 21 85 101 29 82 20 29 95 64 22 194
internal_value=2.54389e-05 -0.00115996 -0.00352418 -0.00527218 -9.49187e-05 0.000292474 -0.000334731 0.00174839 0.00105224 -0.000761963 -0.00722712 -0.00418418 0.00325673 -0.00346918 -0.0102288 -0.00450944 0.00448215 0.0127304 0.00352923 0.0016222 -0.0159269 -0.00602925 -0.0126458 -0.00338986 0.00177074 -0.00762762 0.00199783 0.00505417 0.00337051 0.00460559
internal_weight=7120 4218 1310 840 2908 2715 2360 2902 2313 254 586 291 441 93 295 215 589 61 528 2098 105 256 73 183 2077 49 2028 348 284 262
internal_count=7120 4218 1310 840 2908 2715 2360 2902 2313 254 586 291 441 93 295 215 589 61 528 2098 105 256 73 183 2077 49 2028 348 284 262
is_linear=0
shrinkage=1


Tree=1
num_leaves=31
num_cat=0
split_feature=9 21 20 4 15 38 24 24 0 36 15 39 7 21 36 5 7 40 11 15 13 18 11 1 3 22 11 28 38 31
split_gain=5.1427 4.57463 3.32132 2.62749 2.55485 2.49833 2.07347 2.26385 2.39943 2.97329 2.20921 2.58677 2.48337 2.21796 2.06342 2.35958 2.01374 1.91723 1.89132 1.73617 2.49661 1.73101 1.72142 1.69541 2.59339 2.31291 2.19093 1.92976 1.69436 2.21096
threshold=-0.002040824720811418 24.245000000002623 52.625000000000007 171.18566500000003 0.0011040851661857462 79.395345297022757 582.04531510000015 350.84595540000004 111649.11000000002 327.16107858192123 0.0041555812229426949 790.18785714285809 0.0035306992506496638 385.23999999999802 5170.4190856554351 -0.0036498604593477109 -0.0052606013025349651 343.16310208298825 0.0054355762089674303 0.0034592602732034902 0.0045144198401815714 -219.83000000000899 0.0010117066194982613 83185.980000000025 85193.520000000019 866.73033250000003 -0.0023383918545216223 519.75756915302929 40.758070623024871 111061.36250000002
decision_type=2 2 2 2 2 2 2 2 2 2 2 2 2 2 2 2 2 2 2 2 2 2 2 2 2 2 2 2 2 2
left_child=3 14 6 -1 22 16 7 8 9 -3 12 21 13 18 15 -2 -6 -7 -8 20 28 -12 -4 27 25 -25 -27 -18 -9 -30
right_child=1 2 4 -5 5 17 10 19 -10 -11 11 -13 -14 -15 -16 -17 23 -19 -20 -21 -22 -23 -24 24 -26 26 -28 -29 29 -31
leaf_value=4.4130959108770187e-05 9.4741534599052113e-05 5.3758060892050709e-05 -1.2908595413136939e-05 1.2298838887545573e-05 9.452470465930674e-05 7.7454327811210527e-06 -1.6345528561032552e-05 -1.4948964019367851e-05 -5.5078332445646089e-05 -4.5530027763334146e-05 4.0726859483584119e-05 -3.0202870689208794e-05 -6.208621106907231e-05 7.0424244518108034e-05 -3.4860015689446299e-05 1.1846257916658943e-05 0.00014434139946843062 -5.0144699484917511e-05 -8.8025323598230906e-05 4.6415689791956541e-05 -3.4380538056666414e-05 6.4212396728180462e-06 -3.786527976899379e-05 -3.3158054930026995e-06 -3.8178701288416051e-07 -2.4105255756694533e-05 -0.00011368052236775839 -1.9151311894347599e-05 1.0167379855374748e-06 4.396585012500509e-05
leaf_weight=33 30 23 34 2281 57 41 384 45 29 44 20 123 114 23 33 769 82 128 51 56 87 95 21 108 2108 34 81 34 95 57
leaf_count=33 30 23 34 2281 57 41 384 45 29 44 20 123 114 23 33 769 82 128 51 56 87 95 21 108 2108 34 81 34 95 57
internal_value=-3.51124e-05 -0.000967541 -0.00167338 0.00190147 -0.000696481 -0.000476992 -0.0038122 -0.00103211 -0.0078125 -0.00261194 -0.00530864 -0.0012605 -0.00699301 -0.00534934 0.00240385 0.00290989 -7.98722e-05 -0.00636095 -0.00614943 0.000882353 -0.000704225 0.00413043 -0.0113636 -0.000296281 -0.000589876 -0.00571749 -0.0106522 0.00560345 0.00241117 0.00493421
internal_weight=7120 4806 3974 2314 2728 2673 1246 436 96 67 810 238 572 458 832 799 2504 169 435 340 284 115 55 2447 2331 223 115 116 197 152
internal_count=7120 4806 3974 2314 2728 2673 1246 436 96 67 810 238 572 458 832 799 2504 169 435 340 284 115 55 2447 2331 223 115 116 197 152
is_linear=0
shrinkage=0.05


Tree=2
num_leaves=31
num_cat=0
split_feature=9 20 40 4 42 17 21 20 5 30 0 25 16 21 16 7 17 17 11 11 20 20 32 22 23 11 42 42 42 22
split_gain=4.86408 3.52382 2.41983 2.22588 2.15344 2.64446 2.47509 2.05197 3.14548 3.1718 2.57916 2.28423 2.21006 1.99505 2.40741 2.39325 1.90813 1.87703 1.87037 3.21516 1.9037 1.85156 3.61134 1.75222 1.74559 1.71216 2.17 2.16694 1.84113 1.65149
threshold=-0.0010361910715756576 53.569999999999716 145.80124550549957 134.94418500000003 270.16168238514359 0.0061605686096578649 5.1749999999956353 161.95500000000177 -0.001083745498526784 84666.891807230524 85096.795000000013 1.3884048536381801 0.0016744915828447236 9.4399999999950541 0.0016744915828447236 0.001476518299346952 0.0039747479078744317 0.0035765228294496808 -6.8825557389925874e-05 0.0014686247820131907 648.49500000000273 19.995000000002623 -834.97205668442609 525.67130550000013 2.8787165962402192 0.011121405844261309 -41.278991634462102 60.260144475430678 134.25887099190183 581.69840525000006
decision_type=2 2 2 2 2 2 2 2 2 2 2 2 2 2 2 2 2 2 2 2 2 2 2 2 2 2 2 2 2 2
left_child=3 2 13 -1 5 6 -3 8 9 -5 -11 -10 -12 14 -2 -16 23 24 20 -20 -9 22 -19 -4 -14 26 -21 -28 -29 -18
right_child=1 4 16 7 -6 -7 -8 18 11 10 12 -13 17 -15 15 -17 29 21 19 25 -22 -23 -24 -25 -26 -27 27 28 -30 -31
leaf_value=4.1372684507905432e-05 2.1297295935482909e-05 2.7455024436449094e-05 -3.4769129064784466e-05 6.8179968676076904e-05 -3.6144964751315455e-05 4.2946432266035119e-05 -6.6751057893270627e-06 2.315777105354755e-05 -1.0618067360042005e-05 -9.3298872100831438e-05 3.8760785571639648e-05 -9.996463389438759e-05 -4.043352622147723e-06 -1.0135326306453863e-05 4.9848110764969531e-05 -3.0211567055857812e-05 -5.3340982394047392e-05 0.00011397919921978428 0.00010142702815460325 -5.6825954682835802e-05 -6.0022281880492305e-05 9.5654974454646443e-06 3.0377313112239787e-06 -3.7458837080066587e-06 -6.0985613830098377e-05 -9.4059726845671326e-05 9.0066115723629994e-05 -1.2341700069782747e-05 0.00011021768047316983 -3.4757985394435312e-05
leaf_weight=36 30 232 107 139 208 350 2101 746 739 30 44 28 356 771 27 51 23 65 52 25 44 370 85 167 27 22 39 23 32 151
leaf_count=36 30 232 107 139 208 350 2101 746 739 30 44 28 356 771 27 51 23 65 52 25 44 370 85 167 27 22 39 23 32 151
internal_value=-4.21348e-05 -0.00112613 -0.00325923 0.00153343 -0.000147008 0.000232948 -0.000375054 0.00137823 0.000411577 0.00210573 0.00110031 -0.00205346 0.00155755 -0.00173493 0.00462963 0 -0.00625 0.00102436 0.00322991 0.00764249 0.0021519 0.00298077 0.00766667 -0.00364964 -0.00163185 0.0037234 0.00609244 0.00957447 0.00318182 -0.0103448
internal_weight=7120 4218 1327 2902 2891 2683 2333 2866 1883 1116 977 767 947 879 108 78 448 903 983 193 790 520 150 274 383 141 119 94 55 174
internal_count=7120 4218 1327 2902 2891 2683 2333 2866 1883 1116 977 767 947 879 108 78 448 903 983 193 790 520 150 274 383 141 119 94 55 174
is_linear=0
shrinkage=0.05


Tree=3
num_leaves=31
num_cat=0
split_feature=9 7 20 21 3 28 35 4 24 42 25 15 36 35 16 2 27 15 18 5 30 38 34 0 20 16 16 34 38 24
split_gain=4.47451 3.84025 3.10855 3.10225 3.00552 3.16516 2.71675 2.68454 2.52613 2.20215 2.38899 2.13509 1.91297 3.5163 2.55207 2.37139 2.78075 2.21394 1.87338 2.26528 1.85 1.84201 2.48551 2.88095 1.83625 1.94535 1.84806 1.77735 1.7604 1.69638
threshold=-0.002040824720811418 -0.0032407798915190032 27.415000000000877 3.3050000000002915 83005.560000000012 519.75756915302929 90800.020025000005 171.18566500000003 1238.7946312000001 237.40093118419517 2.242896287768783 0.004598735227123619 493.748865412621 117910.07315000001 0.0066107960805317023 84404.695000000022 87245.159750000006 0.0028863372979407113 -329.34999999999849 -0.0021961953053679507 84274.348714838896 70.702427736003656 111571.00162630407 105852.49000000001 53.569999999999716 0.006881409996695613 0.0050181662642470393 112162.53984054693 46.447801319675122 478.52551430000005
decision_type=2 2 2 2 2 2 2 2 2 2 2 2 2 2 2 2 2 2 2 2 2 2 2 2 2 2 2 2 2 2
left_child=7 -2 6 29 5 -5 20 -1 11 12 24 18 15 14 -14 -6 17 -17 -8 -20 -3 -18 23 -23 -11 26 -26 -13 -22 -4
right_child=1 2 3 4 9 -7 8 -9 -10 10 -12 27 13 -15 -16 16 21 -19 19 -21 28 22 -24 -25 25 -27 -28 -29 -30 -31
leaf_value=4.2455314521333781e-05 3.024446322306176e-05 4.4173623747951754e-06 2.9869339303616014e-05 0.00013362207905479409 -3.4649482234408425e-05 -5.0270069148399448e-05 -5.6093490338105317e-05 1.129179411501582e-05 -5.7006958919362205e-05 -0.00015221344221695292 -0.00013806032609200826 5.5121267143374556e-05 -1.1755478235863849e-05 -3.5360696524233506e-05 7.6238853025279249e-05 -2.8426672574278201e-05 3.0793137284263144e-06 8.7279575173863577e-05 3.4061101121835695e-05 -1.018189693978684e-05 -1.1696660709370122e-05 -7.0763685121471559e-05 -5.436936084483932e-05 2.8744130793177193e-05 -2.0980556230901473e-05 -7.9872727565560815e-05 5.6434061206783784e-05 -1.5349636158236991e-05 -6.2856405818172343e-05 1.1658036490473479e-05
leaf_weight=33 249 37 87 97 152 41 24 2281 20 22 20 51 1365 128 63 26 1110 79 29 533 54 21 27 21 72 69 61 25 94 229
leaf_count=33 249 37 87 97 152 41 24 2281 20 22 20 51 1365 128 63 26 1110 79 29 533 54 21 27 21 72 69 61 25 94 229
internal_value=-5.61798e-05 -0.000925926 -0.00125631 -0.000623306 -0.00106698 0.00615942 -0.0039504 0.00175022 -0.00249267 -0.00137515 -0.00594262 -0.00196375 -0.00100267 -0.00221722 -0.0015056 0.00031337 0.00101246 0.00880952 -0.00298635 -0.00240214 -0.00932432 0.000318066 -0.0076087 0 -0.00446429 -0.0029703 0.00056391 0.00592105 -0.0118243 0.00411392
internal_weight=7120 4806 4557 3690 3374 138 867 2314 682 3236 244 662 2992 1556 1428 1436 1284 105 586 562 185 1179 69 42 224 202 133 76 148 316
internal_count=7120 4806 4557 3690 3374 138 867 2314 682 3236 244 662 2992 1556 1428 1436 1284 105 586 562 185 1179 69 42 224 202 133 76 148 316
is_linear=0
shrinkage=0.05


Tree=4
num_leaves=31
num_cat=0
split_feature=7 32 23 34 9 9 23 11 23 15 20 17 26 40 39 20 38 15 22 40 39 32 4 38 32 24 40 3 16 7
split_gain=4.19575 3.91252 2.60548 2.72444 2.75978 2.59894 2.61044 3.68854 3.65324 2.51042 3.04561 2.5083 3.07273 2.45904 2.34641 2.34147 2.42672 2.67189 2.34081 2.45208 2.27284 3.21499 2.53951 2.92973 3.06489 2.249 2.19891 2.17253 2.17117 2.03363
threshold=-0.0028685586438372455 1057.261218972759 0.96025262567302072 118052.95891014625 -0.017177126577585137 -0.0054403232381180291 -1.2937921639461594 0.0054355762089674303 -1.0889161886734051 0.0041555812229426949 99.995000000002634 0.0040617936273588213 120225.77255822594 -48.262048705495538 563.29607142857287 84.944999999999723 81.509599299146501 0.0029058163343797525 880.62904749999996 368.62162536274269 496.64464285714149 -1334.9660359680418 154.49132500000005 44.24127070994232 -128.4197344043059 1268.3727653000003 39.931656982138527 106003.34500000002 0.0023074290232056047 0.0057781172023834704
decision_type=2 2 2 2 2 2 2 2 2 2 2 2 2 2 2 2 2 2 2 2 2 2 2 2 2 2 2 2 2 2
left_child=2 5 9 4 13 -2 7 -7 -8 10 14 12 -11 -4 -1 18 -17 -18 19 -3 21 -10 23 -23 -25 -6 -26 -20 -12 -22
right_child=1 15 3 -5 25 6 8 -9 20 11 28 -13 -14 -15 -16 16 17 -19 27 -21 29 22 -24 24 26 -27 -28 -29 -30 -31
leaf_value=2.5263076774518816e-06 4.4945056463818109e-05 -4.4382489810586211e-05 7.8107400609057432e-05 -0.00018752508264960739 -8.8752695032627568e-06 3.8330535674090243e-05 -2.7192992898357889e-05 -6.9335569654383072e-05 -6.4154977422869593e-05 9.148815564996056e-05 8.0119416731302539e-05 5.5281622797353411e-05 -6.6565246409558946e-05 0.00013003703528467384 -5.6046534535637994e-05 -3.2213264128054674e-06 -9.1099556633904229e-05 -3.3161063506786381e-05 -4.5088605390803527e-05 -3.4833185570218463e-06 1.0757913556105905e-05 4.8597464610237465e-05 -7.2073019748276581e-06 -1.1329379001421956e-05 4.892754566063331e-05 -0.00021375428296504029 1.4825048201774395e-06 -5.651234268726341e-05 3.3026824888126499e-05 -1.2180601228407114e-05
leaf_weight=207 216 80 76 31 319 97 194 20 22 90 32 394 20 21 145 674 20 89 114 198 1530 25 1638 34 23 36 40 60 307 368
leaf_count=207 216 80 76 31 319 97 194 20 22 90 32 394 20 21 145 674 20 89 114 198 1530 25 1638 34 23 36 40 60 307 368
internal_value=-7.02247e-05 -0.000744212 0.00211561 -0.000983437 0 -1.78274e-05 -0.000306941 0.00705128 -0.000529169 0.0033682 0.001411 0.00605159 0.0127273 0.00747423 -0.00184659 -0.00321862 -0.0015645 -0.00848624 -0.00608407 -0.00323741 -0.00017663 -0.00145903 -0.00122159 0.0057377 0.00180412 -0.00204225 0.00833333 -0.0106322 0.00479351 0.0010274
internal_weight=7120 5442 1678 483 452 4207 3991 117 3874 1195 691 504 110 97 352 1235 783 109 452 278 3680 1782 1760 122 97 355 63 174 339 1898
internal_count=7120 5442 1678 483 452 4207 3991 117 3874 1195 691 504 110 97 352 1235 783 109 452 278 3680 1782 1760 122 97 355 63 174 339 1898
is_linear=0
shrinkage=0.05


Tree=5
num_leaves=31
num_cat=0
split_feature=28 4 19 13 20 42 35 11 7 24 25 19 42 7 36 2 42 4 39 18 16 39 17 23 7 15 20 32 13 11
split_gain=3.84385 2.98033 3.22531 3.43499 2.97793 3.15158 3.37994 2.86581 2.70744 2.57432 3.31301 3.19297 2.64858 2.55114 2.38804 3.38639 2.29401 2.1346 2.21789 2.50357 2.11859 3.50097 2.11756 2.10503 2.09129 2.02228 2.87771 2.0928 3.15526 4.1375
threshold=-162.43832621666658 193.82585000000003 380.6199999999954 -0.0025214164436390464 81.205000000009036 361.70747276313153 112714.02867500002 0.0013836161849752084 -0.0057638367910902251 490.15449649999999 0.29921178025690581 570.01000000000215 -73.607469134874847 -0.00097426750537862774 -123.39069753568764 83049.440000000017 169.40154590824423 154.49132500000005 230.67928571428641 -44.55500000000756 0.002762544388793912 519.03928571428662 0.0041090150984602917 -0.98159550777961047 -0.001043033735150394 0.0041555812229426949 72.184999999997686 1395.1803029657679 -0.0047509769365862405 -0.0050778721718065202
decision_type=2 2 2 2 2 2 2 2 2 2 2 2 2 2 2 2 2 2 2 2 2 2 2 2 2 2 2 2 2 2
left_child=1 -1 7 -4 8 6 9 13 -2 16 11 12 -11 -3 15 -12 -6 18 19 -10 21 -8 -9 -13 -25 -19 27 28 -27 -30
right_child=4 2 3 -5 5 -7 20 22 17 10 14 23 -14 -15 -16 -17 -18 25 -20 -21 -22 -23 -24 24 -26 26 -28 -29 29 -31
leaf_value=3.1743255151094105e-05 5.8461633277713446e-05 7.9355514201093192e-06 9.402957782228698e-06 3.9203430053879224e-05 1.9197148151312903e-05 -8.3169555931221078e-05 -1.0809825579865291e-05 -5.0200546801331184e-05 -1.3156346867996817e-05 5.2521310259024155e-05 -0.00016532423457257914 -6.5393924318990666e-05 -3.6693746255813693e-06 -2.639410801169119e-05 -4.3354530841597979e-05 8.5310150342990222e-05 3.8653497507548041e-05 -1.6069084243442698e-05 2.5506070000490399e-05 5.9026026179011521e-06 -3.6205603336193177e-05 5.8250231636518322e-05 -3.1788048568320055e-05 0.00011349623384487719 3.9812633145627579e-05 -6.7990149066649694e-05 -5.9534542383512441e-05 -3.1238142625041139e-05 -7.636743568457511e-05 5.1827308108400532e-05
leaf_weight=97 57 263 1733 295 243 88 169 38 24 116 22 22 677 226 324 79 24 1400 82 44 310 46 25 106 252 24 40 105 22 167
leaf_count=97 57 263 1733 295 243 88 169 38 24 116 22 22 677 226 324 79 24 1400 82 44 310 46 25 106 252 24 40 105 22 167
internal_value=-4.91573e-05 0.00144752 0.00112403 0.00204635 -0.000950934 0.000201776 0.000543933 -0.00226449 -0.00240458 0.00154155 0.000782228 0.0021526 0.000346784 -0.00097137 -0.003 0.00371287 0.00608614 -0.00272537 0.003 -0.00367647 -0.003 0.000813953 -0.0123016 0.00592105 0.00684358 -0.00321388 0.000139665 0.00172956 0.00457746 0.00674603
internal_weight=7120 2677 2580 2028 4443 2478 2390 552 1965 1865 1598 1173 793 489 425 101 267 1908 150 68 525 215 63 380 358 1758 358 318 213 189
internal_count=7120 2677 2580 2028 4443 2478 2390 552 1965 1865 1598 1173 793 489 425 101 267 1908 150 68 525 215 63 380 358 1758 358 318 213 189
is_linear=0
shrinkage=0.05


Tree=6
num_leaves=31
num_cat=0
split_feature=7 40 36 23 34 15 17 26 20 39 23 36 19 21 9 28 36 36 24 16 35 34 4 19 17 20 20 18 36 41
split_gain=3.4941 3.37256 2.93413 2.52959 2.68524 2.45266 2.65961 3.07273 2.62752 3.24547 2.41361 2.93442 2.68829 2.78045 2.12199 2.22074 2.04857 2.02743 1.98751 2.66392 2.02075 3.83513 2.21944 1.97974 2.22729 1.94419 2.67879 1.92388 5.54568 2.53403
threshold=-0.0028685586438372455 130.34112341632866 3976.9458767396213 0.96025262567302072 118052.95891014625 0.0041555812229426949 0.0040617936273588213 120225.77255822594 146.26499999999945 577.8524999999994 -1.2937921639461594 -2281.9449035407083 413.79000000000093 81.565000000002343 -0.017177126577585137 -1405.5743265579074 1545.6507670537178 2440.5233642110911 604.7100243000001 0.0023279752386600283 115565.53830000001 108180.86431937564 297.09697000000006 838.14500000000419 0.0048559288585860415 18.400000000001459 12.459999999991853 -361.09999999999849 -2694.4115848928554 88.601486839705373
decision_type=2 2 2 2 2 2 2 2 2 2 2 2 2 2 2 2 2 2 2 2 2 2 2 2 2 2 2 2 2 2
left_child=3 2 10 5 14 8 7 -7 9 -1 11 -2 13 -12 -5 -16 18 27 20 -20 21 -15 -23 24 -11 26 -3 28 -14 -29
right_child=1 25 -4 4 -6 6 -8 -9 -10 23 12 -13 17 16 15 -17 -18 -19 19 -21 -22 22 -24 -25 -26 -27 -28 29 -30 -31
leaf_value=7.1685121233240639e-06 -1.5960052645447382e-05 -2.0365360947097158e-05 4.464486217609884e-05 9.409981754553307e-05 -0.00017760833723813376 8.6443599978351098e-05 5.3591906558625494e-05 -6.1550890440050136e-05 3.8249142034308576e-05 -8.6525735526184991e-05 1.1618388612705577e-06 4.3389455313285109e-05 5.8281011573827989e-05 -1.0828879045067547e-05 -7.2096856362724191e-05 1.5642604821722363e-06 1.7260878216618331e-05 -0.00010609962048984505 -5.7867177914905336e-05 -2.5168916594497829e-05 -4.8597944092564456e-05 2.0460441537748208e-07 6.5426115161955865e-05 3.0632886743218181e-05 1.6908243328552909e-05 -8.355951817825039e-06 -6.2875871292930149e-05 1.2755439060244053e-05 -5.2813196678340556e-05 4.7805322073150438e-05
leaf_weight=276 33 221 51 97 31 90 394 20 243 105 876 59 57 123 77 278 71 42 55 266 54 26 35 34 33 1856 52 1370 73 122
leaf_count=276 33 221 51 97 31 90 394 20 243 105 876 59 57 123 77 278 71 42 55 266 54 26 35 34 33 1856 52 1370 73 122
internal_value=-2.80899e-05 -0.000643146 0.000354663 0.00196663 -0.00108696 0.00320084 0.00585317 0.0127273 0.00126628 -0.00100446 0.000168608 0.00815217 -6.30915e-05 -0.00159363 -0.000110619 -0.00190141 -0.00412698 0.00132212 -0.00514311 -0.00771028 -0.00168067 0.000815217 0.0110656 -0.00639535 -0.00905797 -0.00219587 -0.00613553 0.00160296 -0.00423077 0.00211126
internal_weight=7120 5442 3313 1678 483 1195 504 110 691 448 3262 92 3170 1506 452 355 630 1664 559 321 238 184 61 172 138 2129 273 1622 130 1492
internal_count=7120 5442 3313 1678 483 1195 504 110 691 448 3262 92 3170 1506 452 355 630 1664 559 321 238 184 61 172 138 2129 273 1622 130 1492
is_linear=0
shrinkage=0.05


Tree=7
num_leaves=31
num_cat=0
split_feature=9 20 27 21 0 28 0 11 1 38 7 22 22 26 5 27 2 15 9 9 35 19 4 4 25 7 21 30 5 1
split_gain=3.52556 3.31011 2.812 2.67913 2.21656 2.44891 2.06213 1.98477 1.9704 3.13014 2.58493 3.03582 2.33692 2.18791 2.10953 2.26584 2.23989 2.39587 2.02468 1.94592 1.88015 1.96163 1.83157 1.81067 1.74297 1.69809 1.75243 2.97512 2.2774 1.66667
threshold=-0.0010361910715756576 27.415000000000877 117556.24125000001 20.964999999996511 82831.050000000017 519.75756915302929 84951.675000000003 0.0180215075006789 111330.15500000001 82.604697735201768 0.0063818038987518881 529.55417975000012 366.75052549999992 110755.67221995906 0.0010607046183085226 121364.10350000004 113052.97000000002 0.0027845969389458168 0.0003343303683546277 0.014669614596545807 116922.37487500002 319.80499999999307 134.94418500000003 1580.4747800000002 -0.6148168379772202 0.0036524999535077298 133.48500000000061 118140.92038728525 -0.00059717703089160661 118141.93500000001
decision_type=2 2 2 2 2 2 2 2 2 2 2 2 2 2 2 2 2 2 2 2 2 2 2 2 2 2 2 2 2 2
left_child=22 2 -2 -3 5 -5 7 -6 13 10 11 12 18 19 15 16 17 -13 -10 -8 21 -14 -1 -21 -20 26 27 28 -18 -4
right_child=1 3 29 4 6 -7 8 -9 9 -11 -12 14 20 -15 -16 -17 25 -19 24 23 -22 -23 -24 -25 -26 -27 -28 -29 -30 -31
leaf_value=3.9602750532034299e-05 -1.5289766522496791e-05 1.7900360066382138e-05 5.0414362587341549e-05 9.9552228220409976e-05 -3.0463754064427215e-05 -3.5325286630663057e-05 -2.5816528197206805e-06 -0.00013821105035457463 -3.9759552654250349e-05 -4.1186746267318823e-05 -6.1808861449878067e-05 1.5582545549930925e-05 -5.4830221207022631e-05 7.3768109803932876e-05 2.6351120230273781e-05 -5.1814886372921033e-05 4.293643017217985e-05 -6.0404454619231285e-05 2.4155323985040227e-05 9.1413259163478628e-05 -5.4476925710930814e-05 -9.8059250568894031e-06 7.40460318129293e-06 4.4008087483192649e-05 -7.0121718761928707e-06 -5.2741079682797872e-05 4.8426945883297164e-05 -5.159178929763476e-05 -2.5219876169872898e-05 1.6619210272764395e-05
leaf_weight=36 711 556 20 95 213 42 1479 25 21 27 96 21 42 22 187 32 34 47 28 43 32 81 2866 56 43 33 103 38 31 60
leaf_count=36 711 556 20 95 213 42 1479 25 21 27 96 21 42 22 187 32 34 47 28 43 32 81 2866 56 43 33 103 38 31 60
internal_value=-4.91573e-05 -0.000972025 -0.00388748 -0.000299095 -0.000914316 0.00529197 -0.00122531 -0.00567227 -0.000801282 -0.00267857 -0.00215765 -0.00119664 -0.00576923 0.00025 0.00095057 -0.00140118 -8.14332e-05 -0.00808824 0.000543478 3.16857e-05 -0.00951613 -0.00670732 0.00129221 0.00681818 0.00457746 0.00219665 0.0038835 -0.000728155 0.00576923 0.005
internal_weight=7120 4218 791 3427 2871 137 2734 238 2496 896 869 773 247 1600 526 339 307 68 92 1578 155 123 2902 99 71 239 206 103 65 80
internal_count=7120 4218 791 3427 2871 137 2734 238 2496 896 869 773 247 1600 526 339 307 68 92 1578 155 123 2902 99 71 239 206 103 65 80
is_linear=0
shrinkage=0.05


Tree=8
num_leaves=31
num_cat=0
split_feature=7 40 23 15 20 39 39 36 34 25 23 36 23 17 32 41 17 36 28 36 35 11 20 18 5 20 7 15 18 13
split_gain=3.05639 3.23125 2.55221 2.76987 2.9095 3.03935 2.77212 2.9489 2.59868 2.41794 2.33488 4.24747 2.23324 2.22251 2.09691 2.05671 2.11392 1.9837 2.56116 1.97943 2.14999 1.97547 1.95006 3.25698 1.90783 1.90735 1.89178 1.891 1.85289 2.21067
threshold=-0.0029402618570952724 149.83295734912102 0.9946383439238784 0.0042500782538311809 146.26499999999945 563.29607142857287 532.86214285714289 1743.9509429526881 118052.95891014625 0.72660569548542375 -1.2937921639461594 -2281.9449035407083 -1.0889161886734051 0.0040617936273588213 495.91855537079397 610.89201323472355 0.0033936491911865196 3976.9458767396213 260.33658770421613 -2364.7539807431963 118014.03509999999 0.0045250367026753871 58.16500000000088 -234.40499999999881 0.0019001790929236647 51.23999999999797 0.0025258917685156692 0.0025097525138057255 -717.76999999999668 -0.0094992815115777021
decision_type=2 2 2 2 2 2 2 2 2 2 2 2 2 2 2 2 2 2 2 2 2 2 2 2 2 2 2 2 2 2
left_child=2 10 3 4 5 6 7 -1 24 13 11 -2 -12 -5 26 16 -7 -14 -19 -16 21 -21 25 -24 -4 -23 27 -3 -15 -30
right_child=1 14 8 9 -6 15 -8 -9 -10 -11 12 -13 17 28 19 -17 -18 18 -20 20 -22 22 23 -25 -26 -27 -28 -29 29 -31
leaf_value=8.1842890722338301e-06 -1.2141827282213448e-05 -1.6304578639233803e-05 6.6708070492430013e-06 9.8404037078577691e-05 3.5966454773528495e-05 -8.5489395544236193e-05 4.8465019096287009e-05 -4.3780288854097411e-05 -0.00016700873429742008 -3.6724832472715168e-05 -1.6311780121482204e-05 4.2076975282361911e-05 3.2549676761191663e-07 0.00018094417254140526 0.00010302298973776671 5.9494608231072377e-05 -4.492689859512196e-05 6.0850403041001562e-05 -4.1935670106607089e-05 6.6436499909972175e-07 -5.8773204081801739e-05 -3.5574552588771177e-05 7.7992445785343408e-05 -1.9871400443217129e-05 -0.000111014432145158 -8.6088587027318783e-05 4.2469426022115727e-05 -7.2223023998644559e-05 -2.144412758710884e-05 6.5407100552797689e-05
leaf_weight=199 33 91 399 80 247 31 20 41 31 84 154 66 3145 42 41 29 129 38 20 850 56 186 53 594 39 28 22 93 108 171
leaf_count=199 33 91 399 80 247 31 20 41 31 84 154 66 3145 42 41 29 129 38 20 850 56 186 53 594 39 28 22 93 108 171
internal_value=-9.83146e-05 -0.000667276 0.00178788 0.0030271 0.00100575 -0.00139198 0.00211538 0.000625 -0.00133262 0.00592784 0.000260417 0.00782828 3.72356e-05 0.00754364 -0.00225919 -0.00621693 -0.0084375 0.000320012 0.00948276 -0.0017146 -0.00196661 -0.00165108 -0.00333914 -0.00197063 -0.000342466 -0.00747664 -0.00703883 -0.00869565 0.00568536 0.00421147
internal_weight=7120 5470 1650 1181 696 449 260 240 469 485 3456 99 3357 401 2014 189 160 3203 58 1808 1767 1711 861 647 438 214 206 184 321 279
internal_count=7120 5470 1650 1181 696 449 260 240 469 485 3456 99 3357 401 2014 189 160 3203 58 1808 1767 1711 861 647 438 214 206 184 321 279
is_linear=0
shrinkage=0.05


Tree=9
num_leaves=31
num_cat=0
split_feature=9 20 27 40 25 3 20 26 19 25 4 24 32 22 25 17 19 21 39 7 15 11 24 16 11 1 20 4 11 20
split_gain=2.84131 3.02071 2.69328 2.47517 2.22834 2.08864 1.99941 2.41513 2.2938 2.19349 1.97979 3.57235 1.9303 1.8392 1.8086 1.74625 2.30839 2.2023 2.15863 2.14075 2.03586 1.71934 1.6993 1.68602 1.6832 1.66667 2.50714 1.65994 1.65202 1.72395
threshold=-0.0010361910715756576 27.415000000000877 117556.24125000001 149.83295734912102 -0.95951993062538732 121656.12000000001 310.1150000000053 107051.41621080873 1137.5949999999941 0.16141586498198601 1236.4954150000001 1784.4193827000001 1190.2008734424455 338.77032100000008 0.94736832993259157 0.0028874410315437226 258.10500000000326 1.0000000180025095e-35 516.63535714285592 0.0066769132612132095 0.0020982959570338354 0.0091275762777856019 1129.654624 0.0052791040948914113 -0.0064419030139787987 118141.93500000001 11.724999999998547 134.94418500000003 0.0061557512030518974 150.84999999999857
decision_type=2 2 2 2 2 2 2 2 2 2 2 2 2 2 2 2 2 2 2 2 2 2 2 2 2 2 2 2 2 2
left_child=5 2 -2 6 22 27 9 8 -8 10 11 15 -7 -11 -15 18 -17 -18 28 20 -19 -21 -5 -16 -6 -4 -27 -1 29 -3
right_child=1 3 25 4 24 12 7 -9 -10 13 -12 -13 -14 14 23 16 17 19 -20 21 -22 -23 -24 -25 -26 26 -28 -29 -30 -31
leaf_value=3.9190343344483245e-05 -1.4541553034752545e-05 1.1980881755723872e-05 4.7877369619593873e-05 -5.0558842214585852e-05 4.4335766487104033e-05 -5.6830301192958569e-06 0.00012345136721381435 -1.6032671678737439e-05 3.1054540341490869e-05 7.1881843992170922e-05 8.2214890043239504e-05 -8.157160045856912e-05 -6.3320137885505365e-05 -4.2062759085102465e-05 -3.5716658870572991e-05 -1.5486700217033516e-05 5.1691553350556413e-05 -2.0611839721014406e-05 5.8010628933066029e-05 -7.1184830302523189e-05 1.4352205883561373e-05 4.445220691995218e-06 -3.9053778464762223e-05 0.00019662357524623871 -9.5354747058807741e-06 3.932391186194924e-05 -5.7250628746297833e-05 7.8895923513157033e-06 -1.6549774131644872e-05 -3.7691493886053672e-05
leaf_weight=35 711 214 20 26 35 43 99 82 58 30 47 51 21 201 70 175 35 111 47 54 680 22 22 24 1286 39 21 2803 21 37
leaf_count=35 711 214 20 26 35 43 99 82 58 30 47 51 21 201 70 175 35 111 47 54 680 22 22 24 1286 39 21 2803 21 37
internal_value=-8.42697e-05 -0.000912755 -0.00369785 -0.000269915 -0.00191746 0.00111992 0.000826045 0.00512552 0.00875796 0.000261132 0.00107095 0.000742916 -0.0078125 -0.00346154 -0.00466102 0.00121777 0.000255339 0.00127494 0.00446708 0.000778547 0.00154867 -0.00723684 -0.0125 0.00106383 -0.00153293 0.005 0.000833333 0.00132135 0.00275735 0.00388446
internal_weight=7120 4218 791 3427 1369 2902 2058 239 157 1819 1494 1447 64 325 295 1396 1077 902 319 867 791 76 48 94 1321 80 60 2838 272 251
internal_count=7120 4218 791 3427 1369 2902 2058 239 157 1819 1494 1447 64 325 295 1396 1077 902 319 867 791 76 48 94 1321 80 60 2838 272 251
is_linear=0
shrinkage=0.05


Tree=10
num_leaves=31
num_cat=0
split_feature=9 21 20 7 4 38 21 22 5 20 20 19 0 27 17 42 11 34 18 15 11 38 42 42 17 13 26 35 35 16
split_gain=2.61213 3.10934 2.63938 2.34299 2.30473 2.20547 2.16589 1.80042 2.23789 1.80454 2.025 1.79942 1.70954 2.52592 1.83081 1.6293 3.34301 2.23109 2.04206 1.85289 2.33192 1.60747 2.18269 2.42578 1.51349 1.58651 1.76125 1.91601 1.96231 2.47435
threshold=-0.002040824720811418 20.964999999996511 52.625000000000007 -0.0052606013025349651 171.18566500000003 83.377606925580764 17.595000000001168 449.05435850000003 -0.0038065979242957854 28.965000000003787 5.8549999999959264 239.17000000000556 89928.97500000002 86621.593750000015 0.0065778360900158941 75.438798834587843 0.0096318694993237104 83796.292516271715 -438.07499999999703 0.005303690522679789 0.0057500808346690755 62.562856588460015 -2.713629761755342 -71.884836970672339 0.005509262795361152 0.012189337253110855 117667.0642093213 115666.70180000002 111767.069325 0.0023637843535821621
decision_type=2 2 2 2 2 2 2 2 2 2 2 2 2 2 2 2 2 2 2 2 2 2 2 2 2 2 2 2 2 2
left_child=4 6 15 -4 -1 -5 7 21 -9 10 -10 -11 13 14 -13 16 17 -3 -19 20 24 22 23 -2 25 26 27 28 -20 -30
right_child=1 2 3 5 -6 -7 -8 8 9 11 -12 12 -14 -15 -16 -17 -18 18 19 -21 -22 -23 -24 -25 -26 -27 -28 -29 29 -31
leaf_value=3.8851280787399501e-05 -2.110489294568967e-05 -3.7668326949657641e-05 6.72628499777268e-05 -2.2868498936059791e-06 8.5588229475970071e-06 -4.210424677491138e-05 4.3279232445769626e-05 0.00010227815014664812 6.7736071118567974e-06 -2.065099591591211e-05 -4.552665364307807e-05 -3.6934880593333999e-05 1.9117915170220771e-05 -0.00010494186105639379 8.1471994098670372e-05 -2.6696210438406047e-05 6.5332127369247409e-05 -8.4432836471525543e-05 -8.1674219825485473e-06 2.1824364215274371e-05 -4.4303075848214224e-05 3.6020858362243795e-05 -7.2246518092861545e-06 4.3186101086483886e-05 -2.9883932226974528e-05 4.5763239002243759e-05 1.858671573388214e-05 -5.1804419598013487e-05 3.7315450629754246e-05 -2.784069201659359e-05
leaf_weight=33 21 29 58 2636 2281 73 56 24 24 35 36 36 292 21 22 328 34 24 451 77 53 50 93 62 32 20 70 61 51 37
leaf_count=33 21 29 58 2636 2281 73 56 24 24 35 36 36 292 21 22 328 34 24 451 77 53 50 93 62 32 20 70 61 51 37
internal_value=-0.000105337 -0.000769871 -0.00132623 -0.000460788 0.00127485 -0.00067368 0.00213731 0.00139665 -0.000306122 -0.00107296 -0.00916667 0.000123153 0.00114555 -0.00537975 0 -0.00321626 -0.00215655 -0.00273481 -0.00228311 -0.00187793 -0.0026129 0.0050885 0.00284091 0.00873494 -0.00186981 -0.00137681 -0.00179104 -0.00266667 -0.00171614 0.00511364
internal_weight=7120 4806 4034 2767 2314 2709 772 716 490 466 60 406 371 79 58 1267 939 905 876 852 775 226 176 83 722 690 670 600 539 88
internal_count=7120 4806 4034 2767 2314 2709 772 716 490 466 60 406 371 79 58 1267 939 905 876 852 775 226 176 83 722 690 670 600 539 88
is_linear=0
shrinkage=0.05


Tree=11
num_leaves=31
num_cat=0
split_feature=7 35 32 20 42 9 7 36 11 7 40 7 16 19 17 36 36 23 9 19 24 15 25 32 15 15 39 17 39 36
split_gain=2.69543 2.72176 2.66217 2.73349 2.24583 4.05734 2.52067 2.31654 2.65057 2.23336 2.19096 1.97659 2.29134 3.98402 1.92874 2.70166 2.75256 2.21326 2.83786 2.76967 2.45893 2.19908 2.30098 2.33656 2.32961 2.44107 3.68367 2.1427 2.13333 2.07407
threshold=-0.00097426750537862774 118358.94182500002 1057.261218972759 41.150000000001462 23.061324321359759 0.0046303199077176354 0.00018766343919136879 1968.479889104274 1.0000000180025095e-35 0.0051642882860136064 362.42542346808483 -0.00056405128042213363 0.0047681714397141209 547.62000000000273 0.0035765228294496808 -2927.6846259209483 -342.70636251467653 1.312649936295633 -0.014626307511828614 965.49499999999546 749.09026810000012 0.010862361178989427 -0.58785360772892059 140.76189863967014 0.0023811709226414213 0.0033542831020110498 712.07678571428517 0.003492503645741159 1457.2046428571441 -6068.8268514037618
decision_type=2 2 2 2 2 2 2 2 2 2 2 2 2 2 2 2 2 2 2 2 2 2 2 2 2 2 2 2 2 2
left_child=1 14 3 4 6 -6 -2 8 -8 -7 11 12 13 -5 15 -1 -17 21 29 20 -20 22 23 -16 -25 -26 -27 -18 -23 -19
right_child=2 -3 -4 10 5 9 7 -9 -10 -11 -12 -13 -14 -15 17 16 27 18 19 -21 -22 28 -24 24 25 26 -28 -29 -30 -31
leaf_value=7.9383104129143237e-05 8.3901224581596584e-06 -3.31218049560768e-05 -2.0503398632022279e-05 -2.6244685355790269e-05 -2.2667006082229231e-05 7.6746115656695091e-05 -3.6801063711034009e-05 2.7940811489966844e-05 2.1628221425883859e-06 -1.1004023794723199e-05 5.3714664021902806e-05 3.8056287935469099e-06 -0.00010567842937153929 9.8131886953364161e-05 1.9364373828058301e-05 -1.8304858535223402e-05 8.7479311621763377e-06 -0.00020037763955918139 -5.1375816006428086e-05 -8.3015665476208621e-05 6.7565298994801189e-05 -0.00012709102453092224 4.1180673070865815e-05 4.3080096198467629e-05 -8.8677970056335529e-05 7.081316576230708e-05 -8.0561737114403346e-05 -4.3949031564295552e-05 0.00014850801327592696 0.00010489774977005357
leaf_weight=43 127 187 1064 110 280 38 167 38 159 42 58 2162 28 21 273 340 650 24 20 87 43 40 805 20 52 49 49 40 20 84
leaf_count=43 127 187 1064 110 280 38 167 38 159 42 58 2162 28 21 273 340 650 24 20 87 43 40 805 20 52 49 49 40 20 84
internal_value=-4.91573e-05 0.00115004 -0.000838379 -0.000123839 -0.00255582 -0.00555556 -0.000356415 -0.00247253 -0.00383436 0.004375 0.000746112 0.000506247 -0.00487421 -0.00209924 0.00156309 -6.98975e-05 -0.000582524 0.00268199 -0.00155039 -0.006 0.00198413 0.00351682 0.00396635 0.00107223 -0.00352941 -0.00566667 -0.00102041 0.00123188 -0.00583333 0.00462963
internal_weight=7120 2826 4294 3230 851 360 491 364 326 80 2379 2321 159 131 2639 1073 1030 1566 258 150 63 1308 1248 443 170 150 98 690 60 108
internal_count=7120 2826 4294 3230 851 360 491 364 326 80 2379 2321 159 131 2639 1073 1030 1566 258 150 63 1308 1248 443 170 150 98 690 60 108
is_linear=0
shrinkage=0.05


Tree=12
num_leaves=31
num_cat=0
split_feature=36 16 25 20 15 42 7 21 24 39 5 13 36 25 19 40 38 42 38 39 7 24 16 16 36 36 21 20 5 21
split_gain=2.20377 2.36026 2.61594 2.02145 2.76048 2.46572 2.43523 2.26696 2.87052 2.21856 2.40781 2.14472 2.68551 2.25519 2.63511 2.06776 2.03838 2.00576 2.22253 1.72724 1.97088 1.71048 1.68348 1.93495 1.98857 2.21844 1.65824 2.56983 2.08328 1.99158
threshold=5399.7181437479167 0.0047912933058125743 -0.11874545927784728 142.75000000000003 0.0046409258564876089 -226.56352736810609 0.0066769132612132095 0.014999999999417925 482.69405440000008 350.63999999999737 0.00023795583886056362 0.0025397954864691155 3976.9458767396213 2.8729559421663153 1029.9150000000011 -196.71353531035126 41.451279490206311 75.438798834587843 51.32756870864241 804.81678571428517 -0.0022473191944079292 1052.8687187000003 0.0013532534814095526 0.0023952987063691434 1026.2730164109237 801.39905135043239 231.13999999999945 11.160000000003494 -0.0018802706201308899 309.4900000000053
decision_type=2 2 2 2 2 2 2 2 2 2 2 2 2 2 2 2 2 2 2 2 2 2 2 2 2 2 2 2 2 2
left_child=3 -2 -3 4 5 15 9 8 -7 10 -5 12 13 14 -9 -1 -14 18 -10 21 -21 26 -13 24 25 -24 27 -6 -28 -30
right_child=1 2 -4 6 19 7 -8 11 17 -11 -12 22 16 -15 -16 -17 -18 -19 -20 20 -22 -23 23 -25 -26 -27 28 -29 29 -31
leaf_value=-6.3314656759372381e-06 -3.6517552770216572e-05 9.1992745645952639e-05 -3.4551301013676579e-05 -2.6132295410152869e-05 6.2123859149471741e-05 2.9974936393034585e-05 -1.9356994440890015e-05 -2.3738549628195697e-06 6.1989580671873305e-06 1.8133509191976243e-05 8.8134360105262016e-06 3.2085972347420729e-05 7.966188001241821e-05 -0.00014721979555974932 9.3083569030756369e-05 -0.00011475243151422054 8.1068842691200346e-06 4.8321977772909676e-05 -3.7959500526937341e-05 5.5009458968614282e-05 -2.3417976645334812e-05 6.0318179056854983e-05 -2.191072998819587e-05 -1.2278518693459691e-05 -3.1527525011790795e-05 7.3472417009974705e-05 -9.3114286751014132e-05 1.9878536256284182e-05 -2.0924316993904848e-05 9.6796088435383961e-05
leaf_weight=41 147 23 46 73 27 78 338 1811 61 2106 59 37 20 26 34 31 57 34 51 184 280 78 118 898 133 20 43 212 21 33
leaf_count=41 147 23 46 73 27 78 338 1811 61 2106 59 37 20 26 34 31 57 34 51 184 280 78 118 898 133 20 43 212 21 33
internal_value=-0.000119382 -0.00509259 0.00253623 3.62109e-05 -0.000623845 -0.00126087 0.00114519 -0.00106572 0.00379464 0.00174263 -0.00454545 -0.00141091 -0.00038501 -0.000761625 -0.000555556 -0.0104167 0.00876623 -0.000342466 -0.00357143 0.00187927 -0.000215517 0.00422705 -0.00306799 -0.00340034 -0.00710332 -0.00289855 0.00267857 0.00491632 -0.00283505 0.0037037
internal_weight=7120 216 69 6904 4328 3450 2576 3378 224 2238 132 3154 1948 1871 1845 72 77 146 112 878 464 414 1206 1169 271 138 336 239 97 54
internal_count=7120 216 69 6904 4328 3450 2576 3378 224 2238 132 3154 1948 1871 1845 72 77 146 112 878 464 414 1206 1169 271 138 336 239 97 54
is_linear=0
shrinkage=0.05


Tree=13
num_leaves=31
num_cat=0
split_feature=42 11 17 9 20 26 18 5 24 30 15 39 7 42 9 21 11 15 34 27 7 7 15 42 5 41 25 34 38 35
split_gain=2.14671 2.6695 2.52887 2.32394 2.20841 2.31141 2.13874 2.83699 3.03497 2.37478 2.2376 2.21141 3.17071 2.62464 2.4054 2.36195 2.27278 2.14066 2.13394 2.66327 2.1254 2.11225 2.10118 2.09504 2.63174 2.05124 2.0467 1.98319 2.82873 1.96814
threshold=232.46962996371244 0.0029205085618705202 0.0061605686096578649 0.0042945524716126995 135.38500000000207 82638.27147652542 -118.76000000000202 0.00010608433475949197 482.69405440000008 84666.891807230524 0.001360992178078312 419.13535714285644 0.00077686676748507904 -33.190594005975591 0.0088033853559708278 57.699999999997097 -0.016834133703819847 0.0019079586973885906 113530.7649414328 83739.202750000011 0.0055711951743852989 0.0027847397806490949 0.0043145719169039361 -120.25826652762747 -0.0060863329469709659 -593.45266691421682 0.91482335185751051 111196.25609679236 60.429279994327487 110828.21620000002
decision_type=2 2 2 2 2 2 2 2 2 2 2 2 2 2 2 2 2 2 2 2 2 2 2 2 2 2 2 2 2 2
left_child=2 -2 4 21 5 -1 9 -8 10 -7 -9 12 -10 15 16 -14 -13 -11 19 -6 26 -3 25 24 -4 -19 -12 29 -29 -21
right_child=1 3 23 -5 18 6 7 8 11 17 20 14 13 -15 -16 -17 -18 22 -20 27 -22 -23 -24 -25 -26 -27 -28 28 -30 -31
leaf_value=0.00018283954998176449 9.2385074880134703e-05 -3.79375912601328e-05 0.00020302580456187092 -1.4726801897055261e-05 -2.7460362497059579e-05 3.4677166164181e-05 -1.6571971300655399e-05 2.7814069451790664e-05 3.7174144537690813e-06 1.8418273306322407e-05 3.2243852012250605e-06 -0.00012872935759299206 -3.8481033202212877e-05 -3.606152550059047e-05 -4.0246614081003834e-05 2.6090635169574142e-05 8.4005025855699965e-07 9.7639037764772908e-05 -8.8362629888929629e-06 1.7005554224843076e-05 5.7238050809273248e-05 -0.00013545684534032682 2.833147924375057e-05 3.9913493383171533e-05 -5.9656241891706873e-05 -1.2288486249943386e-05 -4.9393779719112809e-05 7.7687655606120136e-05 -3.8051521868464515e-06 -6.9965833336625181e-05
leaf_weight=24 55 99 56 247 97 105 670 97 144 200 254 22 32 143 96 35 923 26 598 1256 51 31 267 490 150 726 27 111 57 31
leaf_count=24 55 99 56 247 97 105 670 97 144 200 254 22 32 143 96 35 923 26 598 1256 51 31 267 490 150 726 27 111 57 31
internal_value=-5.61798e-05 -0.00347222 0.000164474 -0.00497347 -0.000166889 -0.000884956 -0.00098219 -0.00184443 -0.000822368 0.000641994 0.00285548 -0.00195341 -0.00536723 -0.00928571 -0.000792507 -0.0011194 -2.6455e-05 2.05086e-05 0.00111628 0.00209407 0.000903614 -0.0103846 -0.000907753 0.00301724 -0.00121359 -0.00226064 -0.000800712 0.00262887 0.0077381 0.00196193
internal_weight=7120 432 6688 377 5992 3842 3818 2494 1824 1324 429 1395 354 210 1041 67 945 1219 2150 1552 332 130 1019 696 206 752 281 1455 168 1287
internal_count=7120 432 6688 377 5992 3842 3818 2494 1824 1324 429 1395 354 210 1041 67 945 1219 2150 1552 332 130 1019 696 206 752 281 1455 168 1287
is_linear=0
shrinkage=0.05


Tree=14
num_leaves=31
num_cat=0
split_feature=9 21 21 4 20 38 2 35 4 23 7 20 24 9 24 2 20 22 20 18 17 20 17 23 25 21 21 35 23 4
split_gain=2.27991 2.65492 2.30103 2.29714 2.0126 2.24443 1.76769 2.72688 2.08291 1.7904 2.51405 1.85515 1.86194 1.92588 1.98387 2.16087 1.78842 2.53747 1.77733 1.69992 2.27296 3.35554 1.90637 2.16108 2.37758 2.33727 2.33236 1.73756 1.69171 1.65874
threshold=-0.002040824720811418 20.964999999996511 18.579999999994474 171.18566500000003 38.819999999999716 83.377606925580764 110764.96500000001 111767.069325 1739.9343800000004 -1.0027821981387248 -0.00069907012390073211 648.49500000000273 674.15077710000014 -0.0022054335588801116 694.23203690000014 107576.17000000003 247.96500000000381 792.49587574999998 234.13500000000207 -11.43499999999767 0.0027945865098637809 119.48500000000787 0.0040363984653701097 0.039811945508901304 -0.22010894110443305 5.1749999999956353 60.289999999993604 116010.95475000002 0.40809805652771475 242.91521000000003
decision_type=2 2 2 2 2 2 2 2 2 2 2 2 2 2 2 2 2 2 2 2 2 2 2 2 2 2 2 2 2 2
left_child=3 2 -2 -1 -3 -6 7 9 19 10 -5 12 29 14 -14 16 18 -18 -16 22 27 -22 23 24 25 -8 -25 -21 -9 -11
right_child=1 4 -4 6 5 -7 8 28 -10 11 -12 -13 13 -15 15 -17 17 -19 -20 20 21 -23 -24 26 -26 -27 -28 -29 -30 -31
leaf_value=3.6924026864532437e-05 5.1889625354412016e-06 -8.9152951395900036e-06 4.3807615360613603e-05 3.9889039822193717e-06 -1.3674786885182671e-06 -3.6226179234163632e-05 -3.4288789625186303e-05 8.5365098453372089e-05 -8.5538920255058334e-05 5.3428811287943757e-05 -7.5000136748558678e-05 -7.4440254169187364e-05 7.8392001811683877e-05 6.7491448191140296e-05 2.1268127769273609e-05 -3.3983540416967344e-05 0.00013089709904267303 6.7397436261392739e-05 -7.7799636979285498e-05 -6.4255642271668508e-05 -1.7158324762586382e-05 6.0596443056109216e-05 -5.7010867365705211e-05 6.1873934023722347e-05 -7.2560270079435321e-05 5.9676906309855048e-06 5.079511256391992e-06 8.6572191932055651e-06 5.5466863160805202e-05 -1.0348080725497794e-05
leaf_weight=33 732 1001 40 57 2953 80 21 58 55 31 28 33 28 25 669 81 28 169 25 26 42 61 78 36 56 110 113 25 34 392
leaf_count=33 732 1001 40 57 2953 80 21 58 55 31 28 33 28 25 669 81 28 169 25 26 42 61 78 36 56 110 113 25 34 392
internal_value=7.02247e-06 -0.000613816 0.00207254 0.00129646 -0.00112791 -0.000486317 0.00110697 0.00196019 -0.00116372 0.00146871 -0.00558824 0.00187373 0.00214088 0.00329268 0.00295 0.00257202 0.00328283 0.00748731 0.00208934 -0.000264085 0.00422078 0.00849515 -0.00193237 -0.000297619 -0.00387701 -0.00019084 0.00419463 -0.00441176 0.0103261 -0.000650118
internal_weight=7120 4806 772 2314 4034 3033 2281 1658 623 1566 85 1481 1448 1025 1000 972 891 197 694 568 154 103 414 336 187 131 149 51 92 423
internal_count=7120 4806 772 2314 4034 3033 2281 1658 623 1566 85 1481 1448 1025 1000 972 891 197 694 568 154 103 414 336 187 131 149 51 92 423
is_linear=0
shrinkage=0.05


Tree=15
num_leaves=31
num_cat=0
split_feature=9 20 4 21 21 20 32 15 38 24 39 26 25 39 24 4 4 19 27 28 16 38 24 17 38 42 34 0 7 18
split_gain=1.93316 2.47249 2.3505 2.216 2.09274 1.75608 1.75316 1.87947 1.96037 1.98473 2.1619 1.96 2.04584 1.8788 2.21373 2.0981 1.74681 1.72914 1.68664 1.8531 2.14654 1.95415 2.37679 2.45236 1.67778 2.43094 2.41386 1.667 1.56018 1.54285
threshold=-0.002040824720811418 27.415000000000877 171.18566500000003 20.964999999996511 18.579999999994474 12.459999999991853 1023.5768285583619 0.0072406444683413658 83.377606925580764 478.52551430000005 525.48964285714317 87466.928002161134 -0.080524294218067158 611.00714285714389 634.0037665000001 726.53492000000017 391.75523000000004 1363.9250000000031 117875.91850000001 932.00008410891326 0.0016744915828447236 51.040482734159951 478.52551430000005 0.0023692887602353367 69.834338375149827 -129.66790321559736 112264.61981833767 103721.20000000003 0.0014282570787869226 -50.05500000000756
decision_type=2 2 2 2 2 2 2 2 2 2 2 2 2 2 2 2 2 2 2 2 2 2 2 2 2 2 2 2 2 2
left_child=2 5 -1 4 17 18 -5 8 9 10 -8 -9 -13 14 15 -11 -15 -3 19 20 -2 29 23 -23 25 -16 -27 -21 -7 -22
right_child=1 3 -4 6 -6 28 7 11 -10 13 -12 12 -14 16 24 -17 -18 -19 -20 27 21 22 -24 -25 -26 26 -28 -29 -30 -31
leaf_value=3.5077825521305811e-05 1.8958437645972932e-05 1.0920710852520487e-05 5.1770484466769982e-06 6.6874265755906832e-07 4.4662572340957431e-05 -5.0260996198963934e-06 -3.4647741305562247e-06 -9.570166573601159e-05 -5.6048027248684458e-05 -9.3391639488315303e-05 5.1462753182762147e-05 9.0307864198807677e-05 9.9011664725744752e-06 -6.9886013921348694e-05 6.4067013600243444e-05 9.6627330033816961e-06 -4.0352806238712893e-05 -9.1600268471962046e-05 3.5553794899851952e-05 0.00013579856017823051 1.4483069718183753e-05 -1.3874935647723812e-05 -3.2441036548490115e-05 5.2979378986939483e-05 3.7832055033451496e-05 -4.3919710918417218e-05 7.5361917698690015e-05 -3.7209251512359204e-06 -4.225386380737762e-05 -2.0015887505602684e-05
leaf_weight=33 64 581 2281 2354 34 182 73 20 61 31 33 29 51 25 22 30 296 20 49 21 94 29 145 20 90 114 28 27 173 110
leaf_count=33 64 581 2281 2354 34 182 73 20 61 31 33 29 51 25 22 30 296 20 49 21 94 29 145 20 90 114 28 27 173 110
internal_value=-4.21348e-05 -0.000613816 0.0011452 -6.42343e-05 0.0026378 -0.00295405 -0.000591035 -0.00246401 -0.00326899 -0.00256065 0.00377358 0.004 0.0075 -0.00361635 -0.000873016 -0.00942623 -0.00630841 0.00195507 -0.00120751 -0.00205882 -0.0030303 -0.00439698 -0.00798969 0.00153061 0.0011811 -0.00182927 -0.00422535 0.00729167 -0.00570423 -0.000980392
internal_weight=7120 4806 2314 3892 635 914 3257 903 803 742 106 100 80 636 315 61 321 601 559 510 462 398 194 49 254 164 142 48 355 204
internal_count=7120 4806 2314 3892 635 914 3257 903 803 742 106 100 80 636 315 61 321 601 559 510 462 398 194 49 254 164 142 48 355 204
is_linear=0
shrinkage=0.05


Tree=16
num_leaves=31
num_cat=0
split_feature=42 15 5 25 42 0 11 2 7 21 9 7 5 23 25 22 39 40 19 20 25 35 25 4 11 9 24 28 38 41
split_gain=2.10261 2.17197 2.45944 3.34948 2.61941 2.38613 2.63459 3.50305 2.6846 2.30067 2.69621 2.48244 2.32408 2.75521 2.72012 2.10318 3.6346 2.4937 2.47924 2.68878 2.17521 2.07033 2.06688 2.0643 2.02647 2.24733 3.21859 1.8663 1.85134 2.85446
threshold=361.70747276313153 0.0042500782538311809 -0.0027032460600095753 0.43005079518288691 -196.34890750453431 121171.86000000002 0.0033681885791583331 107669.67500000002 -0.0022962157370319839 87.150000000001469 -0.0049478776437336877 -0.0052606013025349651 -0.0035748109251597412 0.14270376413100885 2.7173500964058377 458.38108142500005 630.95892857142996 336.86925637981773 576.83999999999662 56.434999999997679 -0.23315719120836673 84688.592550000016 1.1091180849632312 154.49132500000005 -0.0033452026245363122 0.0018279391951597558 751.05581250000012 1421.3673778528394 44.24127070994232 -104.19717091492869
decision_type=2 2 2 2 2 2 2 2 2 2 2 2 2 2 2 2 2 2 2 2 2 2 2 2 2 2 2 2 2 2
left_child=1 9 3 -3 -4 6 7 24 -8 23 11 12 14 -14 -11 17 18 -12 -17 -20 -21 -5 -23 28 -6 26 -26 -18 -1 -30
right_child=-2 2 4 21 5 -7 8 -9 -10 10 15 -13 13 -15 -16 16 27 -19 19 20 -22 22 -24 -25 25 -27 -28 -29 29 -31
leaf_value=3.8762278144834041e-05 -7.1010847041156575e-05 6.1433567168464584e-05 -2.9785109234162169e-05 0.00017819150676973616 -1.1557632528406525e-05 -6.7649351588842705e-05 6.9535438504277815e-05 5.266724136084259e-05 -1.3645326160465112e-05 5.007273860413472e-05 -1.5838697271781116e-05 4.7621627677266374e-05 3.5152349833269827e-05 -7.3511919461411801e-05 -5.7980868697313577e-05 -6.4414579604818432e-06 -3.0144725554352697e-05 -7.0805384069820351e-05 -1.9522242958405605e-05 7.4873394221855124e-05 4.4819401655612672e-05 -0.00010574799762032329 3.9989550858141829e-05 5.0984316147838319e-07 -1.955573886130959e-05 -1.2166878132115639e-06 6.7478978120125076e-05 -0.00013556140040324739 -2.043398999462744e-05 1.2120679241001111e-05
leaf_weight=41 108 310 230 29 237 44 61 147 600 96 446 195 32 64 21 860 440 28 79 66 226 88 172 2128 26 101 96 24 24 101
leaf_count=41 108 310 230 29 237 44 61 147 600 96 446 195 32 64 21 860 440 28 79 66 226 88 172 2128 26 101 96 24 24 101
internal_value=-2.10674e-05 8.55676e-05 0.00141289 0.00413189 0.00035668 0.00121951 0.00161672 0.00399506 -0.000567322 -0.000497844 -0.00152309 0.00220588 -0.00152582 -0.00729167 0.00320513 -0.00222453 -0.00140118 -0.00516878 2.03087e-05 0.00343666 0.00565068 0.000259516 -0.00115385 0.00065388 0.00184783 0.00526906 0.00983607 -0.00517241 0.0060241 0.003
internal_weight=7120 7012 2141 599 1542 1312 1268 607 661 4871 2577 408 213 96 117 2169 1695 474 1231 371 292 289 260 2294 460 223 122 464 166 125
internal_count=7120 7012 2141 599 1542 1312 1268 607 661 4871 2577 408 213 96 117 2169 1695 474 1231 371 292 289 260 2294 460 223 122 464 166 125
is_linear=0
shrinkage=0.05


Tree=17
num_leaves=31
num_cat=0
split_feature=4 38 7 40 32 23 15 19 32 39 36 7 20 17 26 9 16 7 26 35 13 21 38 22 28 9 32 25 38 30
split_gain=2.11321 2.62752 2.23208 2.48754 2.46379 1.97381 2.18629 2.33962 2.26754 2.69099 3.43105 2.43006 2.32311 2.20577 2.44974 2.14109 2.48984 2.3335 2.62457 2.91782 2.29527 2.08822 2.72581 2.0359 2.51311 1.96163 2.17872 2.11745 1.88164 1.82392
threshold=154.49132500000005 44.24127070994232 -0.0028685586438372455 149.83295734912102 495.91855537079397 1.3547021841432183 0.0041555812229426949 1122.4000000000017 -2302.5940919142954 597.80392857142908 1.0000000180025095e-35 -0.0051594907486425838 200.94499999999974 0.0040617936273588213 120225.77255822594 -0.014626307511828614 0.0039090656116441041 -0.0040130615927770671 108707.63716831066 114863.15192500003 -0.010546462507477811 327.91500000000821 27.297649092370985 1205.44101075 136.78377991387245 -0.0052931384188474404 -1763.2304181486613 -0.093249204467407004 74.473361785992282 118170.07006436776
decision_type=2 2 2 2 2 2 2 2 2 2 2 2 2 2 2 2 2 2 2 2 2 2 2 2 2 2 2 2 2 2
left_child=1 -1 5 25 -5 6 7 8 -2 29 11 -11 -13 14 -8 20 17 18 -17 -20 21 22 -7 24 -12 26 -4 -28 -15 -10
right_child=2 -3 3 4 -6 15 13 -9 9 10 23 12 -14 28 -16 16 -18 -19 19 -21 -22 -23 -24 -25 -26 -27 27 -29 -30 -31
leaf_value=3.7434497217291626e-05 0.00014479253512914841 7.886897187663747e-07 -2.0546735653680533e-05 -2.4793301793021449e-05 -6.074864723789118e-06 0.00012004108287250379 6.7901834159335978e-05 0.00016124819284313893 2.9858179839109161e-06 -9.8779535330585603e-05 1.5116249011279447e-05 -6.0838570159822346e-05 5.3385858706486984e-05 2.4805293434939623e-05 -5.3906256564590179e-05 2.2038346265064854e-05 -9.9536499692553777e-05 4.1519793016207551e-05 -8.2347064827153739e-05 -2.4060103523302317e-05 0.00011428302976566066 -9.3949560272891576e-05 -5.1752288120771716e-05 7.3449657257861208e-05 -5.762376462731627e-05 -6.2245297557694036e-07 6.2788833478159031e-05 1.5068834778371807e-06 0.00013605461773756396 8.0046809710593075e-05
leaf_weight=50 22 153 64 198 1783 31 103 23 434 47 72 40 27 409 22 62 82 37 24 41 22 46 31 26 29 3071 72 53 24 22
leaf_count=50 22 153 64 198 1783 31 103 23 434 47 72 40 27 409 22 62 82 37 24 41 22 46 31 26 29 3071 72 53 24 22
internal_value=2.10674e-05 0.00504926 -0.0001265 -0.000634421 -0.0020318 0.00146181 0.00238462 0.000606469 0.000104312 -0.000394548 -0.00466805 -0.0109649 -0.00485075 0.0047491 0.0106 -0.00172872 -0.00447154 -0.000914634 -0.00413386 -0.0111538 0.00346154 0.000462963 0.00645161 0.000984252 -0.00222772 0.000214724 0.00515873 0.009 0.00306005 0.00186404
internal_weight=7120 203 6917 5241 1981 1676 1300 742 719 697 241 114 67 558 125 376 246 164 127 65 130 108 62 127 101 3260 189 125 433 456
internal_count=7120 203 6917 5241 1981 1676 1300 742 719 697 241 114 67 558 125 376 246 164 127 65 130 108 62 127 101 3260 189 125 433 456
is_linear=0
shrinkage=0.05


Tree=18
num_leaves=31
num_cat=0
split_feature=4 38 23 20 13 4 42 16 28 17 3 39 23 42 15 30 17 21 36 23 25 13 22 19 18 4 7 39 38 11
split_gain=1.93377 2.24456 1.84106 1.85007 2.77187 2.97286 2.54841 2.37305 2.26985 2.16541 2.15953 1.85969 2.26784 3.553 2.79602 2.16875 1.98803 2.02773 2.1719 1.9868 2.84722 2.35347 1.97102 1.84285 2.25003 2.20882 2.01274 1.82017 1.90909 1.80685
threshold=154.49132500000005 44.24127070994232 -1.539773919564996 77.82500000000438 0.003835945444375721 171.18566500000003 361.70747276313153 0.001384073363738492 -2452.8845971890619 0.0017612688403821277 84425.355000000025 350.63999999999737 -1.045849740164021 67.876314983305861 0.0028863372979407113 118457.44305345793 0.0046360936981321996 54.455000000001753 774.56128666008601 -0.86577392614115589 -0.49725230207431498 0.003914958541618197 1311.9390585000001 211.78499999999624 91.750000000000014 279.79742500000003 -0.00056405128042213363 893.29964285714289 66.62779052314842 -0.0033452026245363122
decision_type=2 2 2 2 2 2 2 2 2 2 2 2 2 2 2 2 2 2 2 2 2 2 2 2 2 2 2 2 2 2
left_child=1 -1 -2 4 7 -6 11 9 -9 -4 -7 16 13 14 -13 19 17 -5 -19 20 21 22 -14 24 25 26 -10 28 -23 -12
right_child=2 -3 3 6 5 10 -8 8 23 -11 29 12 15 -15 -16 -17 -18 18 -20 -21 -22 27 -24 -25 -26 -27 -28 -29 -30 -31
leaf_value=3.556277235642704e-05 5.7756466721347422e-05 7.4925523282805601e-07 -1.1971253031028731e-05 1.3063770354168809e-05 -4.8556563329134378e-05 2.0762903219063102e-05 -6.8455381464442344e-05 0.00014021198627459756 -1.9550578814583761e-05 3.135561044955391e-05 -3.680463034286623e-05 3.5687204559411286e-05 7.9429677871045579e-05 -5.9290224580788099e-05 -4.6512733675986383e-05 -2.7011356620831975e-05 -2.1656316874614669e-05 -3.5430010460880474e-06 -6.2569852159372868e-05 7.9858134910495529e-06 0.00011692075589979768 -7.7797791361910595e-07 -6.7844682098571984e-05 -1.0048579685591338e-06 -2.4329500781536658e-05 -4.7869697023222403e-05 9.9385053974658823e-06 6.3661347439258271e-05 -8.8289821893343851e-05 -1.4572857649108632e-05
leaf_weight=50 20 153 25 156 20 65 88 27 35 70 67 43 93 69 77 271 39 94 67 3071 23 42 22 1486 26 36 69 21 22 773
leaf_count=50 20 153 25 156 20 65 88 27 35 70 67 43 93 69 77 271 39 94 67 3071 23 42 22 1486 26 36 69 21 22 773
internal_value=-7.02247e-06 0.00480296 -0.000148186 -0.000192113 -0.00121341 -0.00343243 0.000464507 -5.63698e-05 -0.000491364 0.00763158 -0.00301105 0.000644769 0.000972296 -0.00436508 0.000833333 0.00125526 -0.00280899 -0.00149842 -0.00543478 0.00160899 0.00616592 0.00425 0.00891304 -0.000726392 -0.00572289 -0.00321429 0.000480769 -0.00205882 -0.00625 -0.00369048
internal_weight=7120 203 6917 6897 2699 925 4198 1774 1679 95 905 4110 3754 189 120 3565 356 317 161 3294 223 200 115 1652 166 140 104 85 64 840
internal_count=7120 203 6917 6897 2699 925 4198 1774 1679 95 905 4110 3754 189 120 3565 356 317 161 3294 223 200 115 1652 166 140 104 85 64 840
is_linear=0
shrinkage=0.05


Tree=19
num_leaves=31
num_cat=0
split_feature=4 38 16 22 4 32 11 22 7 5 40 3 22 17 15 22 5 26 9 11 42 42 31 41 41 0 36 36 25 25
split_gain=1.93377 2.24456 1.82596 2.49592 2.85865 2.59599 3.53129 2.77212 2.32503 2.25486 2.60759 2.10499 2.10028 2.67612 2.03561 1.96981 2.99868 3.04694 2.34225 4.72678 2.84608 2.67347 1.97462 2.20151 2.48727 3.19414 3.16731 2.08304 4.15107 1.96961
threshold=154.49132500000005 44.24127070994232 0.0045266948366351799 880.62904749999996 293.31193500000006 -1365.4779088308567 -0.012040169755136035 959.63544450000006 0.0070536028681822205 -0.0027032460600095753 329.60882242274971 103189.50000000001 780.35670624999989 0.0043134009352103079 0.0050633126065436247 1311.9390585000001 0.0054284549419287356 86919.697194389402 0.0042083432499590238 0.0028537737214950469 7.7239259625394263 183.405010647034 91887.959200000027 -707.73810903532842 -441.39052716966467 103512.85000000002 -3489.6633082578769 1685.5926894730003 -0.28980478909500113 -0.22010894110443305
decision_type=2 2 2 2 2 2 2 2 2 2 2 2 2 2 2 2 2 2 2 2 2 2 2 2 2 2 2 2 2 2
left_child=1 -1 3 -2 -5 6 -6 -8 15 -10 12 -7 -11 -14 -13 16 17 -4 19 -17 -20 -22 -19 -24 25 -25 -27 -26 -29 -21
right_child=2 -3 8 4 5 11 7 -9 9 10 -12 14 13 -15 -16 18 -18 22 20 29 21 -23 23 24 27 26 -28 28 -30 -31
leaf_value=3.3784633738605695e-05 -9.6959103773568178e-07 7.1179247118665346e-07 5.6923093013586244e-05 -4.7082605884579007e-05 -3.8155322429408595e-05 -1.5788061309745995e-06 -2.7868901495857617e-05 0.00011993782518929411 5.6532202079101615e-05 0.00016521729056378481 -8.8382840118447461e-05 -5.0350059322671887e-05 -0.000101959449674437 -2.8509921290069775e-06 3.0216532461999405e-05 5.2631025514980995e-06 -6.4091281206865404e-05 -9.9224368511189633e-06 -3.4537094138352554e-05 -0.0001091855855168596 0.00014108795241152755 3.0546320127725898e-05 6.4224713443879848e-05 4.9905625117711681e-05 4.0037510378973638e-05 3.9712665659017987e-05 -8.1148723335183379e-05 2.8618662449570116e-05 -4.8124739659076814e-05 -9.8539136171208373e-06
leaf_weight=50 3975 153 250 27 58 254 30 48 21 22 87 243 20 192 26 408 70 227 48 87 53 56 83 31 302 44 58 68 89 40
leaf_count=50 3975 153 250 27 58 254 30 48 21 22 87 243 20 192 26 408 70 227 48 87 53 56 83 31 302 44 58 68 89 40
internal_value=-7.02247e-06 0.00480296 -0.000148186 -0.000713366 -0.00349854 -0.00284522 0.00330882 0.0102564 0.0010195 -0.00277778 -0.0038162 -0.00444551 -0.00106838 -0.00259434 -0.00752788 0.00169801 0.00290507 0.00351563 -0.000433526 -0.00200935 0.00493631 0.00940367 0.00216186 0.00351852 0.00244932 -0.00357143 -0.00784314 0.0041939 -0.000477707 -0.0104331
internal_weight=7120 203 6917 4661 686 659 136 78 2256 342 321 523 234 212 269 1914 1222 1152 692 535 157 109 902 675 592 133 102 459 157 127
internal_count=7120 203 6917 4661 686 659 136 78 2256 342 321 523 234 212 269 1914 1222 1152 692 535 157 109 902 675 592 133 102 459 157 127
is_linear=0
shrinkage=0.05


Tree=20
num_leaves=31
num_cat=0
split_feature=4 7 35 20 9 34 39 21 24 40 36 13 38 13 9 22 21 15 9 36 13 18 18 1 42 21 4 0 5 25
split_gain=1.76768 1.9778 2.52269 2.37345 2.32698 2.5991 1.9496 1.90966 1.89428 1.89142 1.86848 2.44573 2.37918 2.46739 2.4105 2.09231 2.15784 1.89666 2.03125 1.85592 1.84838 2.86535 2.87097 1.92203 1.90299 1.94569 2.08404 2.72581 1.88155 2.17943
threshold=154.49132500000005 -0.001043033735150394 118358.94182500002 27.415000000000877 0.0046303199077176354 94912.92856836658 230.67928571428641 25.085000000006406 598.39876860000015 825.24298125639336 -2871.8667889507192 -0.015860144612523157 32.43562768334511 -0.0026352835694500748 -0.0022054335588801116 460.93160549999999 127.24000000000525 0.0020624809408648437 -0.0042037175435929034 -99.637437387973463 0.0022129986745079177 -219.83000000000899 -264.84499999999383 81955.680000000008 161.25561551432136 206.56500000000236 198.28442500000003 109288.46000000001 -0.0016917887893935387 -0.55836739081429621
decision_type=2 2 2 2 2 2 2 2 2 2 2 2 2 2 2 2 2 2 2 2 2 2 2 2 2 2 2 2 2 2
left_child=6 2 8 4 -3 -6 -1 9 10 -5 -2 -12 17 14 15 -14 -17 -13 -19 -15 23 22 -22 -9 25 26 27 -25 -23 -30
right_child=1 3 -4 7 5 -7 -8 20 -10 -11 11 12 13 19 -16 16 -18 18 -20 -21 21 28 -24 24 -26 -27 -28 -29 29 -31
leaf_value=-4.7050872852512795e-06 6.5929317557979734e-05 -1.7537045239468044e-05 -2.9821363264282249e-05 8.9244609873962605e-06 -3.8594617443630224e-05 1.5675519788179392e-05 2.3061426991004364e-05 0.00013776663030032777 1.1924525345166255e-05 0.00011840901672489947 -8.7003753796492761e-05 5.4695532939376533e-05 2.385395890986058e-05 -1.2495012454524953e-05 -4.8561108310145112e-05 -6.1421140094817603e-05 3.4535753828377413e-05 6.8536327529325678e-05 -2.9934359286165474e-05 7.6367110678500523e-06 3.8711862849983826e-06 -6.7015149324965378e-05 5.7905107303264739e-05 -3.3423300457181543e-05 -3.2369349483211923e-05 2.1542218249011221e-05 -5.7578223208988483e-06 3.4840872897880746e-05 -2.4150324204319563e-05 -4.6641255532260178e-06
leaf_weight=79 39 534 181 579 53 133 124 40 1879 23 34 42 58 102 48 44 21 32 20 231 80 45 31 31 23 367 903 31 360 953
leaf_count=79 39 534 181 579 53 133 124 40 1879 23 34 42 58 102 48 44 21 32 20 231 80 45 31 31 23 367 903 31 360 953
internal_value=-4.21348e-05 -0.0001771 0.000869645 -0.00086001 -0.00347222 0.00134409 0.00455665 -0.000317369 0.00127451 0.00224252 -0.00100596 -0.00166139 -0.000919732 -0.00228175 -0.00716374 -0.00345528 -0.00961538 0.00638298 0 0.000225225 -0.000855447 -0.00209326 0.00563063 0.000448029 0.000129151 0.000375375 -0.000803109 0.00806452 -0.00272459 -0.00238005
internal_weight=7120 6917 2731 4186 720 186 203 3466 2550 602 671 632 598 504 171 123 65 94 52 333 2864 1469 111 1395 1355 1332 965 62 1358 1313
internal_count=7120 6917 2731 4186 720 186 203 3466 2550 602 671 632 598 504 171 123 65 94 52 333 2864 1469 111 1395 1355 1332 965 62 1358 1313
is_linear=0
shrinkage=0.05


Tree=21
num_leaves=31
num_cat=0
split_feature=20 21 3 7 25 15 15 35 9 20 28 32 35 5 5 5 25 15 13 0 13 22 15 24 42 39 24 21 11 27
split_gain=1.54822 2.16363 2.27427 2.3837 2.10616 2.95339 2.12595 3.81123 2.25019 2.07424 2.05747 2.16862 2.04165 2.02538 2.15194 2.77579 2.04721 2.00949 1.95122 1.88108 1.87108 3.43325 2.27752 2.34945 2.23234 3.78286 2.12178 2.96566 2.11594 2.09921
threshold=310.1150000000053 28.950000000004369 121656.12000000001 -0.00097426750537862774 0.77401421716579044 0.0035019761129355784 0.0026055984981775914 99829.009700000024 -0.00020368158230052693 6.8549999999959264 1988.6307117539766 2584.1967020535162 82675.289550000016 0.0029656989556631698 0.0004742286552204573 -0.00067382005656199662 0.98299354310186116 0.0031393895969657822 0.0068733755194404665 83713.340000000011 0.002432826067064606 2348.9942023750004 0.0033542831020110498 549.43557940000017 32.412383898388647 399.24714285714282 1764.5392712000003 197.63999999999945 -0.0028104510683379979 86432.04200000003
decision_type=2 2 2 2 2 2 2 2 2 2 2 2 2 2 2 2 2 2 2 2 2 2 2 2 2 2 2 2 2 2
left_child=1 12 3 4 5 6 9 -8 18 -3 11 -2 -1 14 15 16 -6 -4 -9 -7 24 22 28 -24 -5 -26 29 -28 -22 -25
right_child=10 2 17 20 13 19 7 8 -10 -11 -12 -13 -14 -15 -16 -17 -18 -19 -20 -21 21 -23 23 26 25 -27 27 -29 -30 -31
leaf_value=0.0001118849037864879 2.0266880618259095e-05 -1.2586394275066755e-05 5.4811519160365205e-06 1.2489145091046747e-06 -6.8092864245915445e-05 -3.1986162369887245e-05 2.7862099020556418e-05 -3.4759810516583771e-05 -5.9010282727006621e-05 8.0348095872566729e-06 -7.5580091848039419e-05 0.00014125706606851553 4.0812654357556841e-06 -0.00013855649130630553 7.7527697623080836e-05 -0.00013347723965290295 5.718717209279216e-06 -4.7471899027731201e-05 1.8111347530501864e-05 3.2850103927467115e-05 -9.1967888880580654e-05 -0.00022204285556837378 2.0923652723738831e-05 -3.7205064502194385e-05 -3.0735698263959718e-05 -3.9597138693936253e-06 -1.5216581213292255e-05 0.00016329740593147273 -1.4652018470360989e-05 -1.0668780466455981e-05
leaf_weight=20 784 72 37 1290 47 86 136 164 54 494 43 25 1088 27 27 21 287 81 41 600 28 29 92 95 56 192 32 21 709 442
leaf_count=20 784 72 37 1290 47 86 136 164 54 494 43 25 1088 27 27 21 287 81 41 600 28 29 92 95 56 192 32 21 709 442
internal_value=-6.32022e-05 -0.000335035 -0.000765504 -0.000604919 0.000705253 0.00150273 -0.00028616 -0.00310127 -0.00666023 0.00167845 0.00193662 0.00250309 0.00166968 -0.00250611 -0.00157068 -0.00260563 -0.00149701 -0.00762712 -0.00426829 0.00400875 -0.00150703 -0.00279696 -0.00244891 -0.000366569 -0.000292588 -0.0046371 -0.00152542 0.00801887 -0.00437585 -0.00246741
internal_weight=7120 6268 5160 5042 2056 1647 961 395 259 566 852 809 1108 409 382 355 334 118 205 686 2986 1448 1419 682 1538 248 590 53 737 537
internal_count=7120 6268 5160 5042 2056 1647 961 395 259 566 852 809 1108 409 382 355 334 118 205 686 2986 1448 1419 682 1538 248 590 53 737 537
is_linear=0
shrinkage=0.05


Tree=22
num_leaves=31
num_cat=0
split_feature=32 7 36 22 32 35 20 11 36 2 9 34 16 42 36 24 4 39 17 23 22 26 42 32 20 27 5 7 19 18
split_gain=1.58837 2.01189 1.70776 2.85312 1.70896 1.65689 1.5421 1.91925 4.04355 1.7983 2.40175 2.02616 1.94788 3.36326 2.69309 2.67178 2.07214 2.99504 1.9701 1.73302 3.03202 1.95277 2.01954 2.61529 2.5037 1.85945 1.6874 2.27896 1.69424 2.19359
threshold=1057.261218972759 -0.0022129650926383149 3976.9458767396213 926.33239250000008 766.66902030517679 114930.75440000002 134.29999999999566 0.0096318694993237104 -3098.1556850604679 82641.900000000009 -0.010077955532824969 83703.279351340083 0.001720048982504663 -6.6056730743942031 1343.0374880126112 420.79011660000009 417.56246500000003 300.66678571428673 0.0016836835862443903 -1.045849740164021 701.12742399999991 114731.86149480088 97.468563785039123 -32.027824009659518 195.33499999999916 114298.28925000002 -0.0011768620172422082 -0.0013239003217008518 355.67999999999307 136.96999999999392
decision_type=2 2 2 2 2 2 2 2 2 2 2 2 2 2 2 2 2 2 2 2 2 2 2 2 2 2 2 2 2 2
left_child=2 5 6 4 -4 -2 7 9 -9 10 -1 -12 13 15 26 -11 17 -17 -14 20 -8 25 23 24 -23 -21 -15 -28 29 -29
right_child=1 -3 3 -5 -6 -7 19 8 -10 12 11 -13 18 14 -16 16 -18 -19 -20 21 -22 22 -24 -25 -26 -27 27 28 -30 -31
leaf_value=0.00021649121502682864 3.6057486949470876e-05 -1.2575468386933191e-05 8.4626715182514392e-05 -5.1683624719697807e-05 1.1379345545954357e-05 -7.7779486081712263e-05 3.6172614223724297e-05 -3.0527802275955963e-05 3.1925830392993994e-05 4.2114577708070174e-05 -0.00011129216580758567 7.0549641321414504e-05 -4.3418871908375398e-05 3.0871859671789718e-05 -4.4085293799914419e-05 1.1843880082594634e-05 3.3971079008147854e-05 -4.465373432912719e-05 -3.4959513887065745e-06 1.7341035961654453e-05 -3.6400336066470751e-05 3.2502574147382396e-05 4.1194684041003798e-05 -3.8783295082825279e-05 -2.3902234344347719e-05 8.5349688450394863e-05 -2.8271666540346674e-05 -5.6305060866524277e-07 -3.9580108948474534e-05 5.6307358386615592e-05
leaf_weight=22 212 1188 42 37 59 21 22 46 152 51 26 49 40 37 28 70 24 27 2669 1661 81 72 46 88 108 38 20 140 21 23
leaf_count=22 212 1188 42 37 59 21 22 46 152 51 26 49 40 37 28 70 24 27 2669 1661 81 72 46 88 108 38 20 140 21 23
internal_value=-7.02247e-05 -0.0015658 0.000302685 0.0057971 0.0101485 0.0026824 0.000166337 -0.000486212 0.00429293 -0.000777641 0.00592784 0.00166667 -0.000984127 0.00209751 -0.00139405 0.00755814 0.0035124 0.000257732 -0.00148579 0.00122873 -0.00509709 0.00155241 -0.00207006 -0.00373134 -0.000277778 0.0022219 0.000311203 -0.00147059 0.000271739 0.00199387
internal_weight=7120 1421 5699 138 101 233 5561 3445 198 3247 97 75 3150 441 269 172 121 97 2709 2116 103 2013 314 268 180 1699 241 204 184 163
internal_count=7120 1421 5699 138 101 233 5561 3445 198 3247 97 75 3150 441 269 172 121 97 2709 2116 103 2013 314 268 180 1699 241 204 184 163
is_linear=0
shrinkage=0.05


Tree=23
num_leaves=31
num_cat=0
split_feature=36 4 42 25 25 15 32 42 42 41 17 18 41 36 32 39 32 17 25 18 11 41 16 21 22 22 20 34 7 28
split_gain=1.43877 2.53854 1.37189 1.9707 2.04356 1.60585 2.64997 2.24229 2.43153 2.66455 3.39364 2.41489 2.24544 2.21645 2.41435 3.20366 2.24503 2.19312 2.40895 2.40141 2.1627 2.57036 2.15501 2.01312 1.96909 1.88153 1.84734 3.30315 2.57015 2.87248
threshold=-8061.2042935146446 3321.5430200000005 270.16168238514359 -0.57784505514192208 1.8933119498614481 0.0042500782538311809 -2351.3980850199873 -30.247082876502215 -51.239794968683036 175.17071933403801 0.0048730610353572854 389.42000000000559 84.512829161797825 -4354.0374096149744 -2013.2837622950099 830.0132142857143 -1418.507575260868 0.0029130834254545573 -1.1453387282933243 525.70500000000186 0.0038451654013066127 200.87217797540265 0.0048881741053644076 0.014999999999417925 1194.6180037500001 922.15458649999994 147.42500000000294 114549.23393896368 -0.0056258200851604526 -150.87054731410896
decision_type=2 2 2 2 2 2 2 2 2 2 2 2 2 2 2 2 2 2 2 2 2 2 2 2 2 2 2 2 2 2
left_child=1 -1 5 -4 -5 6 -2 8 9 10 13 -11 -9 24 15 -15 -16 18 -8 23 -14 25 -12 -20 -7 -22 -19 -28 -29 -30
right_child=2 -3 3 4 -6 7 17 12 -10 11 22 -13 20 14 16 -17 -18 26 19 -21 21 -23 -24 -25 -26 -27 27 28 29 -31
leaf_value=0.00020924197633844844 8.4660479859980587e-05 -0.00012757527134594221 -9.309224769008331e-05 3.3373416821011768e-07 -9.9086927635109345e-05 0.00019099725432836733 3.4964134806717885e-05 3.4213792480307254e-05 -5.5068642467375546e-05 5.6095811783434525e-05 -9.9974448304316184e-05 -7.2934945354249611e-05 3.0211928379156211e-05 -8.7535614361105793e-05 7.9365009503631453e-05 4.5155676487736919e-05 2.354770815099202e-06 -5.9837875241236391e-06 1.8328083756310699e-05 4.8773574911365471e-05 -0.00010702488664486644 -1.7727415197736099e-06 -3.6218385920378029e-05 -1.1675481063162483e-06 1.9211429600690172e-05 -3.5334699039775234e-05 1.5313080847143881e-05 -9.4198968368729193e-05 8.4332634905139369e-06 -3.475609666200852e-05
leaf_weight=32 37 26 57 211 25 30 24 534 66 151 39 33 214 52 52 41 129 2179 126 59 20 247 286 1346 25 21 816 23 106 113
leaf_count=32 37 26 57 211 25 30 24 534 66 151 39 33 214 52 52 41 129 2179 126 59 20 247 286 1346 25 21 816 23 106 113
internal_value=-8.42697e-05 0.00775862 -0.000148683 -0.00349829 -0.00148305 -3.69331e-06 -0.00049182 0.00121134 -0.000608407 0.000119332 -0.00137615 0.00543478 0.00279923 0.00220365 0.000364964 -0.0061828 0.00372928 -0.000594741 0.000948553 0.000702155 0.000398406 -0.00243056 -0.005 0.000305707 0.0113636 -0.0140244 -0.00133611 0.000378072 -0.00475207 -0.00308219
internal_weight=7120 58 7062 293 236 6769 4829 1940 904 838 654 184 1036 329 274 93 181 4792 1555 1531 502 288 325 1472 55 41 3237 1058 242 219
internal_count=7120 58 7062 293 236 6769 4829 1940 904 838 654 184 1036 329 274 93 181 4792 1555 1531 502 288 325 1472 55 41 3237 1058 242 219
is_linear=0
shrinkage=0.05


Tree=24
num_leaves=31
num_cat=0
split_feature=32 2 9 31 7 23 23 24 24 39 36 22 24 16 32 36 4 21 15 25 1 31 0 11 23 4 39 39 42 23
split_gain=1.44241 2.02349 2.47944 2.17948 2.08733 1.96723 2.31906 1.80291 2.09921 1.82296 1.71869 2.24086 1.54354 1.99448 1.41453 1.35782 2.53854 1.34932 2.37576 1.59091 1.42857 1.37278 1.33836 2.1461 1.2759 1.32141 1.81633 2.01302 1.90339 1.77775
threshold=1057.261218972759 122011.71500000001 0.0017077009781269294 119002.41410000002 -0.0022129650926383149 -0.71674723023713272 -0.34890491078540775 478.52551430000005 364.90756740000006 367.27392857142752 3976.9458767396213 926.33239250000008 863.28227249999998 0.0042012492191197863 766.66902030517679 -8061.2042935146446 3321.5430200000005 345.29000000000093 0.0037856054101687475 0.013689899630014045 94789.585000000006 118059.81690000002 108573.34000000001 0.0069457089772294025 -1.539773919564996 154.49132500000005 230.67928571428641 432.59000000000179 -4.9979433814840837 -1.2313530667685411
decision_type=2 2 2 2 2 2 2 2 2 2 2 2 2 2 2 2 2 2 2 2 2 2 2 2 2 2 2 2 2 2
left_child=10 3 -3 4 5 -2 -7 8 -6 -9 15 14 13 -8 -12 16 -1 21 -19 -20 -21 -11 -10 -24 -17 26 28 -28 -26 -27
right_child=1 2 -4 -5 7 6 12 9 22 17 11 -13 -14 -15 -16 24 -18 18 19 20 -22 -23 23 -25 25 29 27 -29 -30 -31
leaf_value=0.00019877987752152604 -4.6982643055621798e-05 -5.8794627278532821e-05 -1.8870412498040612e-05 8.3151005293558442e-05 -1.763398338122168e-05 7.5387054275425735e-05 3.2306967702003279e-05 -4.5377415967968413e-05 5.1128279964169668e-05 -8.5725881437137021e-06 8.0694568799594851e-05 -4.986509752607011e-05 5.6915505906441671e-05 -9.0679570201354154e-05 1.1109567644862821e-05 3.1060108282873991e-05 -0.00012119650777864511 -7.3796183562367952e-05 3.9670223423515011e-05 -6.3131105422900758e-06 -0.00015834301048398076 -0.00011338015201577773 5.7174388905694668e-05 -1.3057320597683055e-05 1.2012260792896677e-05 -1.3949162590529993e-05 2.7176500488067099e-05 -2.1892340204303923e-05 -1.5501219917459903e-05 -2.7381404987442037e-09
leaf_weight=32 35 20 31 23 33 65 39 24 42 830 42 37 56 28 59 28 26 30 21 24 21 23 31 45 23 108 94 21 49 5180
leaf_count=32 35 20 31 23 33 65 39 24 42 830 42 37 56 28 59 28 26 30 21 24 21 23 31 45 23 108 94 21 49 5180
internal_value=-7.02247e-05 -0.00149543 -0.0112745 -0.00113139 -0.00139198 0.00302691 0.00505319 -0.00226868 0.00281457 -0.00305755 0.000285138 0.0057971 0.00101626 -0.00410448 0.00965347 0.000148355 0.00775862 -0.00271338 -0.00833333 -0.0030303 -0.00833333 -0.00208089 0.0059322 0.00197368 6.81446e-05 1.36986e-05 0.00414439 0.00804348 -0.00208333 -0.000132375
internal_weight=7120 1421 51 1370 1347 223 188 1124 151 973 5699 138 123 67 101 5561 58 949 96 66 45 853 118 76 5503 5475 187 115 72 5288
internal_count=7120 1421 51 1370 1347 223 188 1124 151 973 5699 138 123 67 101 5561 58 949 96 66 45 853 118 76 5503 5475 187 115 72 5288
is_linear=0
shrinkage=0.05


Tree=25
num_leaves=31
num_cat=0
split_feature=3 15 24 7 5 4 23 27 35 9 39 21 20 20 11 11 24 11 11 21 21 13 19 26 4 42 39 11 40 15
split_gain=1.52877 2.28008 2.23884 1.73665 1.53868 2.27926 3.20048 2.29932 1.70674 1.70168 1.88215 1.50539 2.00253 2.42102 1.86198 2.26701 2.04519 2.01459 2.19604 3.25542 1.79947 2.08758 1.70242 1.62652 1.5899 1.70838 1.93389 2.069 1.68751 1.58397
threshold=121656.12000000001 0.0031393895969657822 721.61341740000023 0.0048803270232391166 -0.0060863329469709659 664.69834500000013 1.2598812052056989 84764.456000000006 111808.02902500001 -0.017177126577585137 523.8050000000004 87.150000000001469 310.1150000000053 351.19499999999977 -0.02127253607803779 -0.012497251918577664 912.62431050000009 -0.0098086267481625623 -0.0063459859933981634 77.349999999998559 37.509999999994768 -0.0019240131021268597 421.71500000000384 105224.84333821907 154.49132500000005 1.1757594997860681 261.05714285714259 0.00059417260692971332 39.931656982138527 0.0041333476629163103
decision_type=2 2 2 2 2 2 2 2 2 2 2 2 2 2 2 2 2 2 2 2 2 2 2 2 2 2 2 2 2 2
left_child=4 2 -2 -3 5 -1 8 -8 -7 -9 -11 14 29 -14 -6 16 -16 23 19 20 21 22 -19 -17 25 28 27 -27 -20 -13
right_child=1 3 -4 -5 11 6 7 9 -10 10 -12 12 13 -15 15 17 -18 18 24 -21 -22 -23 -24 -25 -26 26 -28 -29 -30 -31
leaf_value=-2.1176488122364748e-05 5.3754521429959039e-05 -4.4767624442662678e-05 -1.3906230319504822e-05 1.1646072338298036e-05 -6.7563615225758796e-05 5.2491898200711571e-05 0.00015935611131316112 5.3467197848048669e-05 0.00014760844806316125 2.1817634913013252e-05 -6.8093813991375443e-05 -7.9096528241108722e-06 5.104934430140159e-05 1.9344097993312451e-06 4.9297187128427417e-05 -9.1142075200606771e-05 -3.6088934831601905e-06 -5.9908732818204817e-05 2.9204209688344318e-05 -0.00011696835483519264 7.7433950641328652e-05 6.6622369297896815e-05 2.171403350917926e-05 -2.9747141885728013e-06 1.6744070429981076e-07 -1.6637854946243551e-05 3.2746861546233994e-05 1.6622313445773276e-06 3.5945358388109509e-07 1.282481179583254e-06
leaf_weight=21 29 79 32 26 30 169 28 61 36 34 73 2193 113 351 62 27 27 25 44 20 69 20 30 31 2296 29 40 21 30 1074
leaf_count=21 29 79 32 26 30 169 28 61 36 34 73 2193 113 351 62 27 27 25 44 20 69 20 30 31 2296 29 40 21 30 1074
internal_value=-7.72472e-05 -0.00481928 0.00286885 -0.00928571 3.59505e-05 0.00296209 0.00380299 -0.000765306 0.00817073 -0.00297619 -0.0067757 -0.000153092 -0.000810775 0.00226293 0.000722956 0.000857091 0.00870787 0.00059657 0.000800305 0.00640244 0.00902778 0.00366667 -0.00136364 -0.00862069 0.000426829 0.00518293 0.000555556 -0.006 0.0108108 -0.00124732
internal_weight=7120 166 61 105 6954 422 401 196 205 168 107 6532 3731 464 2801 2771 89 2682 2624 164 144 75 55 58 2460 164 90 50 74 3267
internal_count=7120 166 61 105 6954 422 401 196 205 168 107 6532 3731 464 2801 2771 89 2682 2624 164 144 75 55 58 2460 164 90 50 74 3267
is_linear=0
shrinkage=0.05


Tree=26
num_leaves=31
num_cat=0
split_feature=42 11 25 17 23 3 0 15 39 24 38 23 13 23 9 20 23 28 28 32 32 21 21 18 13 21 16 26 34 20
split_gain=1.61957 2.00509 2.06808 1.95538 1.78041 1.99915 3.25249 1.7705 1.71818 1.76736 1.63298 2.18108 1.69335 1.85649 2.34959 1.91915 3.13083 2.66866 2.05745 1.68692 2.14976 1.52381 1.51429 1.42721 1.42266 1.3751 1.36013 1.34216 2.08333 1.32848
threshold=232.46962996371244 0.0029205085618705202 -0.57784505514192208 0.0061605686096578649 0.96025262567302072 109597.42000000001 113748.94500000002 0.010862361178989427 1231.4153571428581 1106.2075376000003 65.955189341005777 -0.17524697638270231 0.014127955499379832 1.7090078642119932 -0.0087794197065651104 264.45999999999918 -0.15867673055797307 -551.02124638286466 -300.74286039399152 -617.19972780803789 1688.4927504450682 134.9349999999977 133.48500000000061 -142.52000000000405 0.02057994099346103 176.56500000000236 0.008710272910946967 84501.164568527034 83942.811212130924 138.67500000000294
decision_type=2 2 2 2 2 2 2 2 2 2 2 2 2 2 2 2 2 2 2 2 2 2 2 2 2 2 2 2 2 2
left_child=3 -2 24 -1 5 22 -7 8 9 -5 12 -12 13 14 -11 17 -17 -16 -19 -20 27 -8 29 -10 -3 -6 -25 28 -21 -4
right_child=1 2 4 7 25 6 21 -9 23 10 11 -13 -14 -15 15 16 -18 18 19 20 -22 -23 -24 26 -26 -27 -28 -29 -30 -31
leaf_value=-4.7153289288965728e-07 8.1748737837299671e-05 -5.5825000162732668e-06 5.6515529084915023e-05 5.0415805002893308e-05 -2.3063255624937659e-05 -7.3946908925048724e-05 -1.4105125752163217e-05 -3.0127564138040967e-05 0.00020805816997963717 9.9934876578041743e-05 2.1541024673047435e-05 0.00014300535012154016 -8.0585587552460286e-05 -0.00014318688652216978 -0.00010147386244629995 0.00012994157880197606 -0.00021478243877111363 4.1256473510083735e-05 -3.830347485875803e-05 3.9176752989863976e-05 -6.1189408809555164e-05 7.9081162185918338e-05 -5.516471542924976e-06 -2.7295276720343148e-05 -0.00011742653750294276 -0.0002194285882719914 0.00010123673245475331 7.7961434723601241e-05 -0.00011601523823040385 8.2005792959947401e-06
leaf_weight=5992 55 29 31 78 34 31 21 98 24 48 57 27 37 31 42 32 23 24 35 24 22 21 110 26 35 22 24 20 24 43
leaf_count=5992 55 29 31 78 34 31 21 98 24 48 57 27 37 31 42 32 23 24 35 24 22 21 110 26 35 22 24 20 24 43
internal_value=-4.21348e-05 -0.00300926 -0.00431034 0.000149522 -0.00263578 -0.000875486 -0.00787671 0.00265805 0.00367893 0.00267176 0.0014574 0.0077381 0 0.00115385 0.00238095 0.000406504 0.00863636 -0.00196335 0.0011745 -0.0014 0.00222222 0.00119048 0.00190217 0.0108108 -0.0125 -0.0107143 0.006 0.00661765 0.00208333 0.00743243
internal_weight=7120 432 377 6688 313 257 73 696 598 524 446 84 362 325 294 246 55 191 149 125 90 42 184 74 64 56 50 68 48 74
internal_count=7120 432 377 6688 313 257 73 696 598 524 446 84 362 325 294 246 55 191 149 125 90 42 184 74 64 56 50 68 48 74
is_linear=0
shrinkage=0.05


Tree=27
num_leaves=31
num_cat=0
split_feature=42 11 25 15 32 22 15 19 28 18 35 31 34 1 25 42 42 13 42 40 28 22 15 18 21 38 38 5 23 17
split_gain=1.71667 2.05747 2.00164 1.66853 2.4774 1.91777 2.42415 2.05342 2.53146 1.78073 2.52377 1.95079 1.89712 1.85932 2.01681 1.80391 2.29524 1.73571 2.3141 1.7031 2.23877 3.48789 1.69808 1.64905 1.74605 1.83133 2.68353 2.5671 1.97169 1.61333
threshold=232.46962996371244 0.0029205085618705202 -0.57784505514192208 0.0042500782538311809 -2351.3980850199873 1015.0400315000003 0.0035798051288174 294.13999999999947 629.2983277254317 -65.949999999997075 117232.49367500002 120367.16990000002 117715.82078426135 86496.655000000013 -0.64946231538846977 -190.97679448285979 -298.81535594531334 -0.023931023299780124 -311.56030513484598 454.09230441549158 -17.605735988181547 1057.5452237750001 0.0028328828011600173 -779.16499999999348 87.150000000001469 21.020074811088524 24.523177336842547 -0.0010549575464067218 3.3580760841912221 0.0048964152258115607
decision_type=2 2 2 2 2 2 2 2 2 2 2 2 2 2 2 2 2 2 2 2 2 2 2 2 2 2 2 2 2 2
left_child=3 -2 -3 4 -1 23 7 -7 19 11 15 12 13 14 -5 16 -11 18 -16 20 21 -9 -22 -6 -25 27 -27 -26 -28 -18
right_child=1 2 -4 9 5 6 -8 8 -10 10 -12 -13 -14 -15 17 -17 29 -19 -20 -21 22 -23 -24 24 25 26 28 -29 -30 -31
leaf_value=7.9741729719489391e-05 7.7661300945434684e-05 -7.5869461073619702e-05 -1.1978767934530381e-05 -2.0852816953771325e-05 -5.1452359658584044e-05 -4.6081099373825e-05 -4.4579015068975671e-05 -7.7715243092673999e-05 -4.152815664881277e-05 1.0027499160072516e-05 4.6645371277768666e-05 -7.6998365432420866e-05 0.00016644695333850072 1.6617127904551283e-05 0.00020705476736628247 1.1061081248881533e-06 -2.6825270472430299e-05 8.8252976132083578e-05 -0.00013602754219606129 0.00010237603465965963 2.0101220378940065e-05 4.3586209304811715e-05 -8.8958191316320328e-05 1.7583417403333913e-06 -5.3802512730362268e-05 6.4985044353698613e-05 -4.5668864545405049e-06 5.1191782567414553e-06 0.00011177525487023317 -4.9304393426758681e-05
leaf_weight=39 55 64 313 35 38 26 197 20 42 69 96 38 22 542 25 826 48 105 39 30 20 75 21 2101 30 39 2048 29 30 58
leaf_count=39 55 64 313 35 38 26 197 20 42 69 96 38 22 542 25 826 48 105 39 30 20 75 21 2101 30 39 2048 29 30 58
internal_value=-7.02247e-05 -0.003125 -0.00444297 0.000127093 -0.000370951 -0.000474083 -0.00365429 -0.000213675 0.00144231 0.0013794 6.83683e-05 0.00316377 0.00371094 0.00328418 0.00735294 -0.000674326 -0.00528571 0.00961538 0.003125 0.00421687 0.00183824 0.00605263 -0.00792683 -0.000156431 -6.42974e-05 -0.00105699 -0.000814832 -0.00974576 -0.00105871 -0.00990566
internal_weight=7120 432 377 6688 4785 4746 431 234 208 1903 1097 806 768 746 204 1001 175 169 64 166 136 95 41 4315 4277 2176 2117 59 2078 106
internal_count=7120 432 377 6688 4785 4746 431 234 208 1903 1097 806 768 746 204 1001 175 169 64 166 136 95 41 4315 4277 2176 2117 59 2078 106
is_linear=0
shrinkage=0.05


Tree=28
num_leaves=31
num_cat=0
split_feature=20 23 21 13 35 40 4 42 4 41 40 41 9 7 42 28 22 22 15 21 19 32 19 20 34 23 25 21 36 36
split_gain=1.64042 1.96939 1.89736 2.12605 2.07672 1.915 2.03757 1.72837 1.90428 2.07562 2.13444 1.64403 1.76717 1.97805 2.70846 2.82616 2.31666 1.63537 1.91385 1.66494 1.63488 1.60831 1.65139 1.57343 2.23278 1.5528 1.6 1.47138 1.76202 1.80128
threshold=310.1150000000053 3.7884166820798337 28.950000000004369 0.021105291149608661 82675.289550000016 1193.2320707113615 1787.0929460000004 125.36119953861019 1369.6375950000001 -69.900772245349387 987.94296557299833 -693.93677879293136 0.017158159924208206 0.0062659234240397587 43.468177622222377 987.10470935094793 792.49587574999998 819.09628425000017 0.0072406444683413658 111.43000000000031 2435.110000000001 2352.2749924774112 95.684999999997686 271.01999999999686 90942.818313354961 0.16040578752850276 0.98299354310186116 0.01000000000203727 4903.5236858604048 1545.6507670537178
decision_type=2 2 2 2 2 2 2 2 2 2 2 2 2 2 2 2 2 2 2 2 2 2 2 2 2 2 2 2 2 2
left_child=2 20 4 11 -1 6 7 -5 9 -9 -11 -4 13 23 17 -16 -17 25 19 -19 27 22 -6 -13 -25 -15 -27 -2 29 -29
right_child=1 -3 3 5 21 -7 -8 8 -10 10 -12 12 -14 14 15 16 -18 18 -20 -21 -22 -23 -24 24 -26 26 -28 28 -30 -31
leaf_value=9.9379313983786208e-05 -2.3343805777304462e-05 0.00013645297125245887 2.5098519338114623e-05 -6.7586814362127794e-05 3.9886306011725858e-05 6.4617573449791513e-05 -0.0001188315674634604 -9.0499479258972259e-05 7.4633103078291537e-05 6.3643937322761684e-06 -7.5372362824908094e-05 -9.6379894192139086e-07 0.00012812272493645688 6.6615721877484992e-05 -6.9043018144561208e-05 2.863997776830829e-05 -5.0111038066764999e-05 -8.4531576163015783e-05 9.5261242020688888e-06 -2.9260844206208595e-06 -0.00015276462633252987 7.9957167593130177e-05 1.4720250432829289e-06 6.0245760164611958e-05 -3.9411703622605011e-05 -6.6614051415833853e-05 0.00010383352403471507 2.8169888212636342e-05 9.0157967211628874e-05 -2.8660257131298387e-05
leaf_weight=20 42 20 295 34 23 37 44 47 22 118 27 4068 27 23 69 45 22 29 25 32 20 37 1028 34 122 20 20 560 46 164
leaf_count=20 42 20 295 34 23 37 44 47 22 118 27 4068 27 23 69 45 22 29 25 32 20 37 1028 34 122 20 20 560 46 164
internal_value=-6.32022e-05 0.00199531 -0.000343012 -0.000746124 0.0015343 -0.00463526 -0.00599315 -0.00423387 -0.00257009 -0.00416667 -0.0012069 -0.000481267 -0.00071649 -0.000792859 -0.00482456 -0.00992647 -0.00261194 -0.000167785 -0.00465116 -0.00942623 0.0016226 0.00124081 0.000880114 -0.000520833 -0.00544872 0.00595238 0 0.00197044 0.00246753 0.00186464
internal_weight=7120 852 6268 5160 1108 329 292 248 214 192 145 4831 4536 4509 285 136 67 149 86 61 832 1088 1051 4224 156 63 40 812 770 724
internal_count=7120 852 6268 5160 1108 329 292 248 214 192 145 4831 4536 4509 285 136 67 149 86 61 832 1088 1051 4224 156 63 40 812 770 724
is_linear=0
shrinkage=0.05


Tree=29
num_leaves=31
num_cat=0
split_feature=32 7 36 41 5 28 20 28 42 28 42 21 7 36 21 39 15 21 21 39 42 23 25 4 15 15 7 21 20 17
split_gain=1.55868 2.01189 1.50017 2.55696 2.89572 1.67485 1.4999 1.87299 2.01349 1.87744 2.08071 2.52606 2.78065 2.75053 1.49538 1.46539 3.10645 2.17918 1.61228 1.70915 2.35142 1.85474 1.77864 1.57792 2.14881 1.5291 1.41665 1.58507 1.77516 1.44404
threshold=1057.261218972759 -0.0022129650926383149 3976.9458767396213 222.40067787577308 -0.0020764212571392601 272.88753586027457 134.29999999999566 932.00008410891326 243.34394600463742 -2240.3020873412893 -196.34890750453431 219.23500000000061 -0.0066394301386999846 -2032.9068465605667 314.3499999999986 992.02785714285619 0.004598735227123619 190.34999999999857 31.919999999998257 910.22857142857345 177.3035325890832 -1.0027821981387248 -0.75630844626051896 626.26190000000008 0.0073167151656403509 0.0053482538078897714 0.0080658859834184752 360.03500000000355 17.634999999994765 0.0031864811577097534
decision_type=2 2 2 2 2 2 2 2 2 2 2 2 2 2 2 2 2 2 2 2 2 2 2 2 2 2 2 2 2 2
left_child=2 -2 6 5 -5 -4 7 9 -9 14 11 12 -11 -14 -1 16 26 -17 25 20 21 -20 -23 -19 -25 -18 27 29 -29 -12
right_child=1 -3 3 4 -6 -7 -8 8 -10 10 15 -13 13 -15 -16 17 18 23 19 -21 -22 22 -24 24 -26 -27 -28 28 -30 -31
leaf_value=0.00016423548523569409 2.1461482297215826e-05 -9.3154741726840968e-06 5.1366906272928667e-05 2.9731087513532778e-05 -3.5281919462187075e-05 7.8502126958456089e-06 7.6591747146591499e-06 6.7069419278808834e-05 -5.9804180951649076e-06 -8.0965116017603871e-05 4.0218354224063931e-07 -6.2345269153578847e-05 6.0175944815084296e-05 -3.1330537619016634e-05 -1.9630358687407131e-05 -8.5683950369944443e-05 8.9555339238310829e-05 6.779230302768765e-05 5.4602537260352651e-05 6.7090323050746415e-05 -8.776897775486487e-05 -4.8909885051931512e-05 2.9098293533543214e-05 -0.00010957472334357944 1.6237569111078888e-05 5.6897560167034639e-05 -4.5387512688303565e-05 -1.6329009471337599e-05 4.1487972000224169e-05 -5.6343654688116747e-06
leaf_weight=26 233 1188 47 24 44 23 2116 22 21 23 1128 75 28 53 24 41 21 21 23 48 28 39 203 24 32 27 30 33 95 1380
leaf_count=26 233 1188 47 24 44 23 2116 22 21 23 1128 75 28 53 24 41 21 21 23 48 28 39 203 24 32 27 30 33 95 1380
internal_value=-8.42697e-05 -0.0015658 0.000285138 0.00543478 -0.00147059 0.0121429 0.000157346 -0.000486212 0.00988372 -0.000617284 -0.00076074 -0.00600559 -0.000961538 0.00339506 0.009 -0.00046486 -0.000253682 -0.0059322 0.00392031 0.00271261 0.00127986 0.00273585 0.00144628 -0.000974026 -0.00535714 0.0125 -0.000862716 -0.000739757 0.0046875 -0.00101675
internal_weight=7120 1421 5699 138 68 70 5561 3445 43 3402 3352 179 104 81 50 3173 3055 118 389 341 293 265 242 77 56 48 2666 2636 128 2508
internal_count=7120 1421 5699 138 68 70 5561 3445 43 3402 3352 179 104 81 50 3173 3055 118 389 341 293 265 242 77 56 48 2666 2636 128 2508
is_linear=0
shrinkage=0.05


Tree=30
num_leaves=31
num_cat=0
split_feature=36 4 7 18 19 26 15 20 35 22 4 35 25 9 20 39 21 24 23 16 25 0 20 4 25 15 16 11 32 23
split_gain=1.40547 2.53854 1.5656 2.51099 2.59901 2.13327 4.29211 2.30071 1.90352 1.63222 2.7 2.72222 2.36915 1.56385 1.52541 2.098 2.37527 3.50347 1.95696 3.87148 1.95879 2.1448 2.25932 2.48274 1.76575 1.73715 1.95201 1.57826 2.44922 1.8389
threshold=-8061.2042935146446 3321.5430200000005 0.0066769132612132095 -84.650000000001441 846.25000000000011 104739.24974439049 0.0044955337710421038 170.98000000000323 88397.584325000018 783.59936375000018 570.99227000000008 112226.65107500002 0.94736832993259157 0.012118882600844398 142.75000000000003 350.63999999999737 86.33000000000176 624.3005436000002 -1.045849740164021 0.00333428505461713 -0.039723109306458344 121946.80500000001 155.88500000000207 282.94285500000007 -0.072206946567508506 0.0028556389787675004 0.0046344511558408059 -0.026730583114492536 -2448.5308629677743 -0.13946146875177751
decision_type=2 2 2 2 2 2 2 2 2 2 2 2 2 2 2 2 2 2 2 2 2 2 2 2 2 2 2 2 2 2
left_child=1 -1 14 -4 9 6 -6 -8 13 10 -5 12 -12 -9 -2 16 17 -16 19 -17 21 22 25 -24 -25 -20 -27 -22 -29 -30
right_child=2 -3 3 4 5 -7 7 8 -10 -11 11 -13 -14 -15 15 18 -18 -19 20 -21 27 -23 23 24 -26 26 -28 28 29 -31
leaf_value=0.00017919887854294484 -1.1692344553958936e-06 -0.00012720596058293321 3.0855548435762525e-05 6.3958285774283062e-05 9.7620257337938587e-05 -4.5227942047594364e-05 0.00011999563841137875 -1.7470823747529953e-06 2.3401303089541548e-06 -5.5002689371860458e-05 -7.9979527185104478e-05 -9.3427784315238852e-05 3.3421332972192743e-05 -0.00012175442183468841 2.5419876586652341e-05 1.5511753637375966e-05 -4.5312535833162206e-05 -4.5270530769584004e-05 7.3120359259652522e-05 -4.4136159191503125e-05 -9.1166027886560168e-05 -2.4577837532291576e-05 -2.7380183481862793e-05 2.1967471200285589e-05 8.6378241045570404e-05 -2.7868497206395804e-05 5.8086775665403665e-05 0.00012032577541201697 -2.7730785353212781e-05 4.5996557466007077e-06
leaf_weight=32 4141 26 53 24 37 114 55 27 54 156 35 24 37 28 67 35 43 24 41 83 60 25 56 839 28 30 26 67 101 752
leaf_count=32 4141 26 53 24 37 114 55 27 54 156 35 24 37 28 67 35 43 24 41 83 60 25 56 839 28 30 26 67 101 752
internal_value=7.02247e-06 0.00775862 -5.66412e-05 -0.00240683 -0.00334179 -0.000238095 0.0028607 -0.000609756 -0.00481651 -0.00688406 -0.0025 -0.00625 -0.00138889 -0.0113636 0.000179184 0.00121871 -0.00485075 -0.000274725 0.00159823 -0.00466102 0.00196296 0.0034689 0.00382353 0.00306067 0.00371972 0.0110825 0.00535714 0.000357143 0.000869565 0.000146542
internal_weight=7120 58 7062 644 591 315 201 164 109 276 120 96 72 55 6418 2277 134 91 2143 118 2025 1045 1020 923 867 97 56 980 920 853
internal_count=7120 58 7062 644 591 315 201 164 109 276 120 96 72 55 6418 2277 134 91 2143 118 2025 1045 1020 923 867 97 56 980 920 853
is_linear=0
shrinkage=0.05


Tree=31
num_leaves=31
num_cat=0
split_feature=36 4 23 41 36 5 21 40 15 15 36 17 20 32 22 38 16 7 20 22 3 7 39 0 7 19 20 39 2 20
split_gain=1.55738 1.65344 1.71001 1.61957 1.56683 1.89462 1.53999 1.62077 1.83089 1.4679 2.53873 1.87158 2.52716 2.42459 1.80224 2.61003 2.27692 1.93062 1.7967 2.69382 1.71634 1.87592 1.77815 1.70817 2.38861 2.04106 2.68034 1.70526 2.7817 1.62224
threshold=5399.7181437479167 375.04391500000003 -0.22033707639225367 755.45608420452447 3976.9458767396213 -0.0032353310966464258 69.050000000002925 78.991418419580455 0.0046782570254828128 0.010862361178989427 -8061.2042935146446 0.006622477161833811 4.8350000000064037 2746.0950170410001 1311.9390585000001 70.702427736003656 0.0055921407502729946 0.0092502633507904417 163.31999999999974 1389.2905400000002 84267.310000000012 0.0065247549457980352 534.43964285714287 105362.78000000001 0.0039088408848538354 522.79499999999837 362.23500000000791 970.27857142857363 90025.35500000001 46.384999999994768
decision_type=2 2 2 2 2 2 2 2 2 2 2 2 2 2 2 2 2 2 2 2 2 2 2 2 2 2 2 2 2 2
left_child=4 -2 3 -3 9 -6 -7 -8 -9 10 -1 13 -13 14 16 17 -12 23 19 -14 -18 22 -22 24 29 -25 -27 28 -24 -16
right_child=1 2 -4 -5 5 6 7 8 -10 -11 11 12 18 -15 15 -17 20 -19 -20 -21 21 -23 27 25 -26 26 -28 -29 -30 -31
leaf_value=0.00016180234766233521 -2.5918254425485208e-05 -1.7141170873591783e-05 -4.232482744056011e-05 2.8128983119161694e-05 0.00012265583132551971 5.8153217815460672e-05 2.6786554204026957e-05 -2.8922627934450431e-05 5.6268728538542513e-05 -4.5201737153664183e-05 -8.7521267654863799e-07 0.0001767867192155319 1.9888491266829368e-05 -8.0869305233355275e-05 1.1991529134040782e-05 -0.00010341862795720334 9.1500758295737212e-05 8.9557593665342725e-05 4.4382440314230094e-05 -5.0894994469831046e-05 -1.9098640198688376e-05 -4.1033273040872415e-05 -1.5670367898230182e-06 -6.9570014042328742e-05 -0.00018923875211707513 5.8174970387281044e-05 -7.678040616488442e-05 -6.2753425512382234e-05 4.2312681138928806e-05 -4.3590797248807879e-05
leaf_weight=43 27 20 100 69 28 113 20 101 36 156 5093 24 101 29 27 29 42 34 275 116 42 47 85 20 21 52 20 49 181 120
leaf_count=43 27 20 100 69 28 113 20 101 36 156 5093 24 101 29 27 29 42 34 275 116 42 47 85 20 21 52 20 49 181 120
internal_value=1.40449e-05 -0.00416667 -0.00251323 0.00252809 0.000144844 0.00369128 0.00240741 -0.000796178 -0.00273723 -1.51378e-05 0.000100775 1.95099e-05 0.00290698 -0.000233407 -0.000162061 -0.00379257 4.9648e-05 -0.00238095 0.00213415 -0.00126728 0.00347534 0.00247525 0.00371148 -0.00384615 -0.00684524 0.00163043 0.00555556 0.005 0.00657895 -0.00459184
internal_weight=7120 216 189 89 6904 298 270 157 137 6606 6450 6407 516 5891 5862 323 5539 294 492 217 446 404 357 260 168 92 72 315 266 147
internal_count=7120 216 189 89 6904 298 270 157 137 6606 6450 6407 516 5891 5862 323 5539 294 492 217 446 404 357 260 168 92 72 315 266 147
is_linear=0
shrinkage=0.05


Tree=32
num_leaves=31
num_cat=0
split_feature=42 25 23 1 41 9 41 38 20 16 39 42 28 9 36 11 34 21 11 40 23 7 11 19 19 25 42 7 25 28
split_gain=1.66856 1.80149 2.15949 2.08082 1.51046 1.40698 1.39394 3.62319 1.41195 2.1769 2.68037 2.57125 1.98312 2.69573 2.68022 2.29777 2.45158 2.64939 2.10219 2.29768 1.78686 1.62682 1.94887 2.09123 1.97246 1.75864 1.742 1.73947 1.57002 1.44535
threshold=270.16168238514359 -0.57784505514192208 -0.3128872561675195 86496.655000000013 -693.93677879293136 0.0042945524716126995 -629.73308280882054 32.43562768334511 22.400000000001459 0.0015607273673600467 230.67928571428641 -6.6056730743942031 -34.704653989436331 0.0046303199077176354 2857.2728093697738 -0.00731626181457807 117223.07715536673 62.985000000000589 -0.014822262706791838 -52.037004957390302 0.82699991513558557 0.0013807303255705518 -0.00054449912451524961 363.4749999999986 624.8400000000039 -0.8112878944460612 -47.293229859210591 -0.00090734697092211155 -0.8677474135881883 456.00779656376841
decision_type=2 2 2 2 2 2 2 2 2 2 2 2 2 2 2 2 2 2 2 2 2 2 2 2 2 2 2 2 2 2
left_child=4 3 5 -2 -1 -3 7 -6 9 11 -11 -8 15 21 -15 18 17 -17 20 -20 -12 22 29 27 -25 -23 -27 -24 -29 -14
right_child=1 2 -4 -5 6 -7 8 -9 -10 10 12 -13 13 14 -16 16 -18 -19 19 -21 -22 25 23 24 -26 26 -28 28 -30 -31
leaf_value=2.5201021065367388e-05 2.1697897394975413e-05 -9.7820566674603823e-06 -3.6538492965157554e-05 -8.839884839611328e-05 3.824058874063796e-05 2.6722533963203611e-05 3.2508864254404995e-05 -5.9630448393105127e-05 1.0798181568447953e-06 -2.1740499537536395e-05 -4.4630744854515729e-06 -4.3712882052649964e-07 -3.3364154601054046e-05 2.6242690722993617e-05 -4.8689360654554263e-05 3.0149149166139285e-05 6.5049078750326159e-05 -4.495236039726898e-06 -3.8689873901278174e-05 -1.4490374165332655e-06 9.7522103236607826e-05 -6.2250498932979711e-05 2.4476748470031139e-05 -4.3878340381242305e-05 4.3237990221596661e-05 -4.7281423201869196e-05 -2.5720136982539957e-05 3.1551597210483232e-05 -9.5640257031459243e-06 2.1903475291607761e-05
leaf_weight=384 21 43 152 38 53 43 32 82 5237 24 23 68 73 89 28 77 30 190 45 39 20 37 37 51 21 20 79 25 39 20
leaf_count=384 21 43 152 38 53 43 32 82 5237 24 23 68 73 89 28 77 30 190 45 39 20 37 37 51 21 20 79 25 39 20
internal_value=4.91573e-05 -0.00361953 -0.00168067 -0.0114407 0.000208852 0.00465116 2.71781e-05 -0.005 0.000134835 -0.00152296 -0.00224922 0.0055 -0.00182927 -0.00390173 0.00277778 0.000707547 0.00311448 0.00159176 -0.00492126 -0.00952381 0.00406977 -0.00584577 -0.00357143 -0.000433526 -0.00694444 -0.0102941 -0.00681818 0.00420792 -0.00078125 -0.0094086
internal_weight=7120 297 238 59 6823 86 6439 135 6304 1067 967 100 943 519 117 424 297 267 127 84 43 402 266 173 72 136 99 101 64 93
internal_count=7120 297 238 59 6823 86 6439 135 6304 1067 967 100 943 519 117 424 297 267 127 84 43 402 266 173 72 136 99 101 64 93
is_linear=0
shrinkage=0.05


Tree=33
num_leaves=31
num_cat=0
split_feature=36 36 23 25 28 20 41 40 38 7 21 0 23 19 20 24 42 41 5 23 27 35 9 21 23 15 28 20 36 36
split_gain=1.56261 1.87037 1.51736 1.60303 1.59932 3.61513 1.73107 1.76493 1.63333 1.39459 1.76654 1.3891 1.40996 1.36092 2.15653 2.0119 1.54286 2.23228 1.24757 2.3392 2.19429 1.77954 1.62964 1.82371 1.718 1.53061 1.48954 1.44511 2.1948 2.5913
threshold=5399.7181437479167 3976.9458767396213 -0.89774019324582444 -0.73001484693029095 266.53318862627208 133.05500000000032 222.40067787577308 249.29404168869954 63.438826797694013 0.0055711951743852989 80.680000000000305 121946.80500000001 0.012340148005752137 924.41499999999371 274.54499999999831 955.76621870000019 -165.71485055006752 1005.5647768736442 -0.0071684303165477792 1.1401282609896948 84764.456000000006 87678.195950000008 -0.014626307511828614 188.14499999999683 3.0037088224862263 0.0072406444683413658 -2669.7343917948451 48.199999999997097 2857.2728093697738 1938.2613787956873
decision_type=2 2 2 2 2 2 2 2 2 2 2 2 2 2 2 2 2 2 2 2 2 2 2 2 2 2 2 2 2 2
left_child=1 18 3 -3 6 9 -4 -8 -7 10 -6 13 -13 14 15 -2 -17 -18 19 21 -21 25 23 -22 -25 -1 -20 28 29 -28
right_child=11 2 4 -5 5 8 7 -9 -10 -11 -12 12 -14 -15 -16 16 17 -19 26 20 22 -23 -24 24 -26 -27 27 -29 -30 -31
leaf_value=0.0001751054991257023 2.3794189790116301e-05 2.2024284699878572e-05 7.095172070725526e-05 -6.9947357082990604e-05 4.9366508398289011e-05 -9.8685721658079254e-07 -1.3765949515842967e-05 5.9208054348334433e-05 9.6395117245311822e-05 -7.9515456667321756e-05 -4.4817653933604113e-05 -3.0424266083011963e-05 -5.4999836078673332e-06 -6.3245307811455912e-05 7.5258020778607327e-05 8.8954218946573954e-06 -8.1357955098695296e-05 -4.957346761008078e-07 -0.00018971873561981844 0.00014154208800175341 4.4087531562985286e-05 0.00010116229076423969 -6.2672170659056777e-05 7.2718383807448826e-05 -0.00021270914171927659 -0.00012659831585085186 -3.3894448545423675e-06 9.4288399410443151e-07 -4.6258114074319059e-05 2.3071074217977206e-05
leaf_weight=21 28 24 39 20 32 20 32 34 40 21 36 23 20 38 23 24 31 29 47 25 39 84 70 20 21 28 1503 4496 70 182
leaf_count=21 28 24 39 20 32 20 32 34 40 21 36 23 20 38 23 24 31 29 47 25 39 84 70 20 21 28 1503 4496 70 182
internal_value=2.10674e-05 0.000152086 0.00402685 -0.00454545 0.00551181 0.00218121 0.0102381 0.00530303 0.0116667 -0.00421348 -0.000735294 -0.00416667 -0.0122093 -0.00216763 0.000185185 -0.00267857 -0.00654762 -0.0108333 -2.27066e-05 0.00308442 -0.000714286 0.00808271 -0.003 0.001875 -0.0054878 0.000510204 -0.000174659 -0.000107983 -0.00132479 -0.000964392
internal_weight=7120 6904 298 44 254 149 105 66 60 89 68 216 43 173 135 112 84 60 6606 308 175 133 150 80 41 49 6298 6251 1755 1685
internal_count=7120 6904 298 44 254 149 105 66 60 89 68 216 43 173 135 112 84 60 6606 308 175 133 150 80 41 49 6298 6251 1755 1685
is_linear=0
shrinkage=0.05


Tree=34
num_leaves=31
num_cat=0
split_feature=5 4 23 28 42 35 9 15 7 28 20 36 32 42 21 24 11 11 42 42 15 36 25 38 23 17 23 22 9 13
split_gain=1.4247 2.23289 3.1159 2.12033 2.25447 1.75652 1.81442 1.56357 1.55359 1.45048 1.62331 1.59715 1.92588 1.72258 1.5723 1.72022 1.5306 3.10029 2.56027 1.92 1.50667 1.48048 1.46678 4.10414 1.87316 1.82384 1.75175 1.46648 1.46527 1.82083
threshold=-0.0060863329469709659 664.69834500000013 1.1796483721265452 -277.84376416626031 -11.208939611086874 87678.195950000008 -0.0072565069482130673 0.0064357909158987781 -0.010086725026272232 -2452.8845971890619 310.1150000000053 5399.7181437479167 1870.7500911006357 334.23003683175364 0.014999999999417925 501.92972770000011 0.0029781794756644658 -0.0021359460886039481 75.438798834587843 -4.9979433814840837 0.0054793007587702917 -240.70244518800607 -0.6148168379772202 45.533836411636067 0.85344569355124789 0.0023533675798841206 3.4831265429733933 2823.9757990000003 -0.0017968623942133334 0.0023403828227697644
decision_type=2 2 2 2 2 2 2 2 2 2 2 2 2 2 2 2 2 2 2 2 2 2 2 2 2 2 2 2 2 2
left_child=1 -1 5 4 8 7 -7 -3 -4 -2 11 13 -13 14 15 21 17 -17 19 -18 28 -11 23 -12 25 -24 -26 -16 -14 -30
right_child=9 2 3 -5 -6 6 -8 -9 -10 10 22 12 20 -15 27 16 18 -19 -20 -21 -22 -23 24 -25 26 -27 -28 -29 29 -31
leaf_value=-2.0391765867033636e-05 -0.0001772244950839067 0.0001836228732714843 1.1496300969720771e-05 -9.9614333420624862e-05 9.4534325865715325e-05 5.128565637237779e-05 8.7741962957867334e-05 -0.00010670423290669783 -6.5169500414663495e-05 -1.149284184179352e-06 5.9315539331644798e-05 -4.6348542453458682e-05 4.2743129620919155e-05 -6.9812788847038948e-05 -1.1033227587624521e-06 -1.0119206021617039e-05 2.6481974946341227e-06 3.7679033479310737e-05 2.9645289385997619e-05 -7.0920601144280532e-05 5.4568093592368329e-05 3.4751594842572138e-05 -5.1107681194008905e-05 -5.3528848907290146e-05 -1.7868564486797389e-05 4.1547578848635752e-05 6.0745456052731558e-05 9.9106351425655987e-05 8.4506507999245239e-06 -5.4435909244453624e-05
leaf_weight=21 54 22 115 24 28 73 65 36 44 28 24 30 22 73 5259 53 20 79 48 30 20 85 20 35 236 412 36 31 26 71
leaf_count=21 54 22 115 24 28 73 65 36 44 28 24 30 22 73 5259 53 20 79 48 30 20 85 20 35 236 412 36 31 26 71
internal_value=7.02247e-06 0.00280374 0.00362408 -0.000592417 0.00120321 0.00816327 0.0112319 0.000862069 -0.00110063 -0.000171847 -0.000105453 -0.000387234 -0.00517751 -0.000245356 -0.000146458 0.00313411 0.000652174 0.00416667 -0.00408163 -0.012 -0.00269784 0.00818584 0.00206422 -0.00550847 0.00269886 0.00474537 -0.000551471 -0.000359168 -0.00483193 -0.00747423
internal_weight=7120 428 407 211 187 196 138 58 159 6692 6638 5875 169 5706 5633 343 230 132 98 50 139 113 763 59 704 432 272 5290 119 97
internal_count=7120 428 407 211 187 196 138 58 159 6692 6638 5875 169 5706 5633 343 230 132 98 50 139 113 763 59 704 432 272 5290 119 97
is_linear=0
shrinkage=0.05


Tree=35
num_leaves=31
num_cat=0
split_feature=36 4 7 18 19 13 26 15 25 34 42 16 16 28 22 9 11 42 5 26 42 35 31 7 24 19 34 32 25 19
split_gain=1.40547 1.76691 1.46387 2.47373 1.74465 2.35566 2.10021 2.39054 2.33274 1.82127 1.9358 1.44618 2.26455 1.88883 1.82694 2.57162 3.52717 3.05319 2.38009 2.94057 2.32374 2.1914 1.92541 1.91515 2.06869 2.38308 1.96513 2.9655 1.90208 1.87471
threshold=-8061.2042935146446 3321.5430200000005 0.0066769132612132095 -84.650000000001441 846.25000000000011 0.024486747945783507 104739.24974439049 0.0044955337710421038 3.2906575375984524 85252.616203507074 -21.439476665676036 0.0045266948366351799 0.0043692723662299374 207.42888286059318 1311.9390585000001 0.0042083432499590238 0.0028537737214950469 18.299655007410482 0.0047847371157015714 86919.697194389402 183.405010647034 83856.086425000016 91887.959200000027 0.0034617081423106268 949.58129260000021 479.9550000000018 111980.33220932363 -2600.9446324358864 -0.22010894110443305 1183.0250000000017
decision_type=2 2 2 2 2 2 2 2 2 2 2 2 2 2 2 2 2 2 2 2 2 2 2 2 2 2 2 2 2 2
left_child=1 -1 11 -4 -5 6 7 -6 -8 -9 -11 12 -2 -14 18 16 -16 -17 19 21 -19 -13 -21 26 25 -25 -24 -28 -18 -20
right_child=2 -3 3 4 5 -7 8 9 -10 10 -12 14 13 -15 15 17 28 20 29 22 -22 -23 23 24 -26 -27 27 -29 -30 -31
leaf_value=0.00015517936668821609 -3.1220126162414001e-07 -0.00011965834678059401 2.9557707232412565e-05 -3.5958067042492011e-05 9.8665508911383851e-05 -5.827543057760186e-05 -7.3650513641850367e-05 -7.975764514653075e-05 8.2065624122693015e-05 -1.2459007514604697e-05 0.00016680194929436461 2.8769558135903528e-05 -6.3996568177773944e-06 -4.1492926989871496e-05 -9.5812509542901061e-07 -2.3483752298422009e-05 -9.0570732776776319e-05 0.00013778179560484675 -6.1361724632024792e-05 -6.9329656719968613e-06 3.8702668458221403e-05 7.2793277121059531e-05 2.8811759645344328e-05 5.1611448084191072e-06 2.0656404249699091e-05 -4.5878332438246863e-05 0.00010190210667556916 -8.8736948730958102e-06 -3.3878053149630222e-06 0.00010624906468761019
leaf_weight=32 4439 26 53 276 33 80 70 28 23 36 45 122 67 60 365 48 86 42 61 232 53 119 373 33 33 31 21 170 39 24
leaf_count=32 4439 26 53 276 33 80 70 28 23 36 45 122 67 60 365 48 86 42 61 232 53 119 373 33 33 31 21 170 39 24
internal_value=7.02247e-06 0.00775862 -5.66412e-05 -0.00232919 -0.00325719 -0.000714286 0.00180851 0.0056338 -0.00403226 0.00206422 0.0058642 0.000171393 -0.000306614 -0.00688976 0.00134989 -0.000829384 -0.00255102 0.00506993 0.00248154 0.00308642 0.0102632 0.00798755 0.00176372 0.00313918 -0.00335052 -0.00859375 0.00425532 0.00013089 -0.0098 -0.00558824
internal_weight=7120 58 7062 644 591 315 235 142 93 109 81 6418 4566 127 1852 633 490 143 1219 1134 95 241 893 661 97 64 564 191 125 85
internal_count=7120 58 7062 644 591 315 235 142 93 109 81 6418 4566 127 1852 633 490 143 1219 1134 95 241 893 661 97 64 564 191 125 85
is_linear=0
shrinkage=0.05


Tree=36
num_leaves=31
num_cat=0
split_feature=17 17 42 16 25 22 38 7 18 2 2 38 7 28 21 41 16 21 30 13 16 17 17 2 23 42 0 39 5 11
split_gain=1.40768 1.85722 1.64363 2.03746 3.36877 2.03516 1.80639 1.79833 1.59597 2.08984 2.8925 2.07683 1.51369 1.48616 1.26086 1.55016 1.61585 1.52058 1.76828 1.54317 2.47666 2.20743 1.53409 1.66504 1.93026 1.43142 1.35 2.01804 1.33926 1.32687
threshold=0.0079266471040074175 0.0086128670329014261 270.16168238514359 0.006881409996695613 -0.60510881734169586 954.74432800000011 81.509599299146501 0.0021864023428401574 -104.58499999999911 86611.885000000009 82173.550000000017 57.770806304686552 0.00011077930416135858 1421.3673778528394 742.97000000000128 -693.93677879293136 0.009078582450249088 48.399999999994186 111470.06820035537 -0.00041190940730313134 0.0054869950193912678 0.0050029487359994325 0.0056523924329266529 85756.360000000015 -0.047504276716005982 -77.622956045172145 111767.09000000001 921.07571428571373 0.0022541899830819142 0.0017033894055077288
decision_type=2 2 2 2 2 2 2 2 2 2 2 2 2 2 2 2 2 2 2 2 2 2 2 2 2 2 2 2 2 2
left_child=2 -2 14 4 -4 6 -6 -7 -3 10 11 -10 -12 -11 15 17 -17 29 19 20 -19 -22 -23 -24 25 -25 27 -16 -20 -1
right_child=1 8 3 -5 5 7 -8 -9 9 13 12 -13 -14 -15 26 16 -18 18 28 -21 21 22 23 24 -26 -27 -28 -29 -30 -31
leaf_value=1.2036666635890213e-06 8.4748956775759432e-05 5.1183243693830029e-05 -8.0622863395573259e-05 -7.9806757740766212e-05 -4.6635695071684857e-05 0.00014060807362794428 6.7907217613267765e-06 1.2909882435162478e-06 -6.3372612398474869e-05 8.7196558399248129e-05 -6.7865396878298117e-06 0.00012311011580959784 -0.00011244833117380139 -3.9830920383908562e-05 0.00012488778692751223 -1.1994908844928985e-07 -7.2260689671450892e-05 -2.7508753667465765e-05 0.00012468167026837034 9.1270063787026969e-05 7.0252428666800384e-05 -8.0338141920075913e-05 0.00016799669023392406 -0.00017759598001030214 9.8131583955439301e-05 1.396611572066544e-05 -0.00010265834309074701 -0.00019666558234276911 1.8035277150307772e-05 -6.9639696234835249e-05
leaf_weight=31 84 119 21 51 36 23 21 49 41 26 21 33 46 22 37 6109 22 28 41 21 40 20 26 20 21 21 20 23 25 22
leaf_count=31 84 119 21 51 36 23 21 49 41 26 21 33 46 22 37 6109 22 28 41 21 40 20 26 20 21 21 20 23 25 22
internal_value=2.10674e-05 0.00293367 -0.000148633 -0.00460199 -0.00166667 0.00135659 -0.00570175 0.00694444 0.00113636 -0.00171958 -0.00478723 0.00202703 -0.0123134 0.00729167 -1.14907e-05 6.59221e-05 -0.000110096 0.00348101 0.00503802 0.00266497 0.00113636 0.00371622 0 0.00284091 -0.0016129 -0.00792683 -0.00625 -0.0025 0.0121212 -0.00424528
internal_weight=7120 392 6728 201 150 129 57 72 308 189 141 74 67 48 6527 6447 6131 316 263 197 176 148 108 88 62 41 80 60 66 53
internal_count=7120 392 6728 201 150 129 57 72 308 189 141 74 67 48 6527 6447 6131 316 263 197 176 148 108 88 62 41 80 60 66 53
is_linear=0
shrinkage=0.05


Tree=37
num_leaves=31
num_cat=0
split_feature=20 24 42 23 36 38 4 39 22 11 23 19 36 21 23 23 25 25 38 25 39 38 22 28 22 32 7 24 4 25
split_gain=1.43093 1.4395 1.59253 2.12835 1.86815 2.13721 2.51863 1.52905 2.07195 2.18772 1.39803 1.63488 1.30049 2.25455 1.9588 1.83004 1.28 1.25913 3.80278 1.57972 1.92734 1.35975 1.38092 2.05612 1.60762 1.48195 1.5097 1.7606 1.81501 1.65028
threshold=310.1150000000053 2550.8926510000006 334.23003683175364 -0.54283800186117503 5170.4190856554351 79.395345297022757 1393.4780150000001 367.27392857142752 727.05780100000015 0.00085078563638861667 3.7884166820798337 2435.110000000001 3976.9458767396213 132.26999999999683 0.077455456691993607 -0.6453414212045665 -0.53220236305294166 -0.6148168379772202 45.533836411636067 -0.44213894911154206 808.53857142857214 17.734787586754283 988.41706550000004 1988.6307117539766 871.16520450000019 2284.1090314218241 0.0070536028681822205 2213.5940525000001 852.47066000000007 1.3015973965263139
decision_type=2 2 2 2 2 2 2 2 2 2 2 2 2 2 2 2 2 2 2 2 2 2 2 2 2 2 2 2 2 2
left_child=1 2 4 -4 12 6 7 -6 -9 16 11 17 -1 -14 15 -15 -10 18 -2 20 -19 -21 24 25 -23 26 27 28 -24 -30
right_child=10 -3 3 -5 5 -7 -8 8 9 -11 -12 -13 13 14 -16 -17 -18 19 -20 21 -22 22 23 -25 -26 -27 -28 -29 29 -31
leaf_value=-4.6261464165244866e-07 5.510493815885436e-05 0.00012531825692967133 -0.00014346649175005425 -4.3579492502089325e-06 -3.4577726182206962e-05 9.1674879563026176e-05 -0.00010978470791778435 5.4572970092052761e-05 -3.6484870226633997e-05 -2.2987962379981494e-05 0.00013782107110900076 -0.00013527405656354105 3.8607584106580098e-05 1.1382106791819088e-06 4.4006361183456223e-05 -6.3517278310265494e-05 5.6101915827878198e-05 0.00012480957864869911 -5.1294504824085245e-05 -5.0339557752649866e-05 2.2949946099059e-05 1.3959839883849463e-05 -2.8652428785854044e-06 -5.472210563661394e-05 -4.5052116422664439e-05 0.00013112823989409338 -0.0001049102152338513 -9.6493158471686266e-05 0.00013141692896057253 9.8688442996549709e-06
leaf_weight=5712 24 36 29 55 23 27 26 20 25 67 20 20 136 29 21 37 25 21 36 37 32 282 20 31 81 23 51 27 116 31
leaf_count=5712 24 36 29 55 23 27 26 20 25 67 20 20 136 29 21 37 25 21 36 37 32 282 20 31 81 23 51 27 116 31
internal_value=1.40449e-05 -0.000247288 -0.000304878 -0.00714286 -0.000211451 -0.00481221 -0.00672043 -0.004375 -0.00237226 -0.00491453 0.00193662 0.0016226 -4.63353e-05 0.00369955 -0.00258621 -0.00681818 0.003 0.00197044 -0.005 0.0025266 0.0108491 0.00189557 0.00241692 0.00493311 0.000344353 0.00634328 0.00520408 0.00721649 0.00913174 0.0110544
internal_weight=7120 6268 6232 84 6148 213 186 160 137 117 852 832 5935 223 87 66 50 812 60 752 53 699 662 299 363 268 245 194 167 147
internal_count=7120 6268 6232 84 6148 213 186 160 137 117 852 832 5935 223 87 66 50 812 60 752 53 699 662 299 363 268 245 194 167 147
is_linear=0
shrinkage=0.05


Tree=38
num_leaves=31
num_cat=0
split_feature=9 32 20 20 40 4 19 4 11 28 20 7 20 19 9 21 9 11 36 41 23 20 23 7 5 4 11 15 11 21
split_gain=1.32118 1.57248 1.52566 2.11355 1.55872 1.22683 3.6452 2.11799 1.89158 3.01074 1.98065 1.91002 1.78119 2.04393 2.32635 1.95437 1.75549 1.68439 1.63426 2.10129 1.62077 1.45811 2.39461 1.44713 1.43069 1.40833 1.40021 1.39455 1.32679 1.275
threshold=-0.017177126577585137 -576.85323176245572 116.52499999999419 190.36000000000061 -384.48645697368187 1393.4780150000001 1089.2549999999976 852.47066000000007 -0.011784118770082367 -487.32837941647443 152.39499999999683 -0.0047198553677659672 420.0999999999986 965.49499999999546 0.0096312752316083227 143.76499999999945 0.012807190680091217 -0.024533786221531184 2226.3544291447838 28.464788814254124 3.4831265429733933 467.84499999999395 0.85344569355124789 0.0013807303255705518 -0.0030024366745667794 1815.6499650000003 -0.010461018757326407 0.0060512333504748614 -0.016122585107057198 282.28000000000617
decision_type=2 2 2 2 2 2 2 2 2 2 2 2 2 2 2 2 2 2 2 2 2 2 2 2 2 2 2 2 2 2
left_child=1 2 4 -4 -1 6 -2 -8 10 26 24 17 13 15 18 -11 -16 -12 19 -15 21 -14 -23 -17 -7 -25 -10 -18 -19 -9
right_child=5 -3 3 -5 -6 8 7 29 9 12 11 -13 20 14 16 23 27 28 -20 -21 -22 22 -24 25 -26 -27 -28 -29 -30 -31
leaf_value=0.00019970961986199226 -9.255773615838273e-08 7.6384551144474696e-05 -0.0002927178090147139 1.7639118025769247e-05 4.8997158968214906e-06 -6.2374565877630733e-05 -0.00011552801676520319 4.0482637172661289e-05 -2.3142556506129525e-05 5.9677340195112028e-05 -0.00013220516792002013 0.00012848276617617334 8.5687145586783346e-05 -0.00016587090489372173 7.7250876564329416e-05 2.4714223798154492e-05 -8.8176825999684155e-05 6.6182177966446143e-05 -0.00018897335683637072 -2.2018839643146006e-06 8.9649114616777246e-05 4.3344622109054427e-05 -5.8686405282835626e-05 -5.1203505651490938e-05 -0.00012206126807799093 -9.2264782797807907e-05 7.628782384198966e-05 7.5944391753682952e-07 -5.8528640066893197e-05 8.0465559908388313e-05
leaf_weight=21 5938 20 23 84 26 63 20 85 23 59 21 31 27 34 21 39 34 23 33 39 26 37 69 40 27 20 118 48 20 51
leaf_count=21 5938 20 23 84 26 63 20 85 23 59 21 31 27 34 21 39 34 23 33 39 26 37 69 40 27 20 118 48 20 51
internal_value=7.02247e-06 0.00431034 0.0025974 -0.000700935 0.0101064 -0.000100777 0.000147686 0.00769231 -0.00187793 -0.000637181 -0.00635135 -0.00131579 -0.00237643 -0.00429155 -0.00753589 0 -0.00218447 -0.00625 -0.0127358 -0.00856164 0.00204403 -0.00018797 -0.00283019 -0.00429293 -0.0116667 -0.00916667 0.00585106 -0.0054878 -0.000581395 0.00992647
internal_weight=7120 174 154 107 47 6946 6094 156 852 667 185 95 526 367 209 158 103 64 106 73 159 133 106 99 90 60 141 82 43 136
internal_count=7120 174 154 107 47 6946 6094 156 852 667 185 95 526 367 209 158 103 64 106 73 159 133 106 99 90 60 141 82 43 136
is_linear=0
shrinkage=0.05


Tree=39
num_leaves=31
num_cat=0
split_feature=9 32 40 15 20 16 42 36 17 39 5 18 15 20 42 36 4 7 16 23 7 22 13 42 36 23 0 0 22 3
split_gain=1.68763 1.89163 1.25499 1.24833 1.06847 2.25945 2.55606 2.84242 2.55367 2.54697 2.07304 1.7526 1.56352 2.2268 1.67246 1.54341 1.42741 1.87035 1.66636 3.41558 1.92939 1.78571 1.67475 1.5976 1.55568 1.48052 2.17206 2.588 2.73314 3.00245
threshold=-0.016347645986993942 -682.14320006100741 -1046.9581930019192 0.011140067683183546 52.625000000000007 0.001720048982504663 -6.6056730743942031 1277.4542038676011 0.001873015160132189 300.66678571428673 -0.00098320509115718165 136.96999999999392 0.0043145719169039361 4.8350000000064037 232.46962996371244 1169.9702478035108 182.42790500000004 0.00040769764265325125 0.0017934539403665684 1.1401282609896948 -0.0023351214840801964 399.31707450000005 0.0029543934818212817 -25.012844957205825 421.48939237547171 1.4396931287914658 82520.24000000002 89494.755000000019 773.19939050000005 85761.075000000012
decision_type=2 2 2 2 2 2 2 2 2 2 2 2 2 2 2 2 2 2 2 2 2 2 2 2 2 2 2 2 2 2
left_child=1 2 -1 -4 5 6 9 10 -7 15 -8 -12 14 -14 -10 -2 17 24 19 20 -18 22 23 -22 -6 -20 -27 28 -28 -30
right_child=4 -3 3 -5 16 8 7 -9 12 -11 11 -13 13 -15 -16 -17 18 -19 25 -21 21 -23 -24 -25 -26 26 27 -29 29 -31
leaf_value=8.3262654496650361e-05 1.8256729316334151e-05 7.2887032617040967e-05 1.4708890411936231e-05 -0.00021184460477956035 -1.4474689973025988e-05 -3.4929736671531804e-05 3.0423949351689434e-05 -3.9079703547037248e-05 -6.2524073844802695e-06 -1.4010578240040105e-05 -6.1868716021529963e-06 3.1485085790253029e-05 3.8314868720795433e-05 -1.8007339734223351e-06 -5.2144042164765495e-05 3.6279914351877744e-05 1.0232730571511703e-05 2.2025579750568174e-05 2.2414038691659433e-06 1.5696510719347801e-05 -1.0719781268891217e-05 -3.4022818565359139e-05 1.2548015817356753e-05 -3.4769631640823926e-05 2.9738090913792057e-05 -0.00011595820467409139 0.00014326998728992095 -2.2484291501140036e-05 -7.0231475090523399e-05 0.0001666789017438147
leaf_weight=33 52 29 120 21 44 55 33 21 1299 30 103 27 113 327 25 28 22 53 3908 64 31 42 40 55 36 21 50 387 27 24
leaf_count=33 52 29 120 21 44 55 33 21 1299 30 103 27 113 327 25 28 22 53 3908 64 31 42 40 55 36 21 50 387 27 24
internal_value=6.32022e-05 0.00455665 0.00258621 0.000531915 -6.86714e-05 -0.00100568 0.00306122 -0.000543478 -0.001663 0.00909091 0.00168712 -0.00115385 -0.0013322 0.00125 -0.00219033 0.01375 0.000343464 0.00545113 0.00019803 -0.00374016 -0.00710526 -0.00892857 -0.00595238 -0.00988372 0.000625 0.000424496 -0.00211198 -0.00143443 0.00569307 -0.00245098
internal_weight=7120 203 174 141 6917 2113 294 184 1819 110 163 130 1764 440 1324 80 4804 133 4671 254 190 168 126 86 80 4417 509 488 101 51
internal_count=7120 203 174 141 6917 2113 294 184 1819 110 163 130 1764 440 1324 80 4804 133 4671 254 190 168 126 86 80 4417 509 488 101 51
is_linear=0
shrinkage=0.05


Tree=40
num_leaves=31
num_cat=0
split_feature=36 4 7 7 35 19 20 36 38 13 35 17 5 42 36 23 23 35 9 11 1 23 25 0 36 20 7 16 19 31
split_gain=1.39277 1.76691 1.1057 2.13448 2.09545 1.95393 2.3005 1.67495 1.67008 2.11397 2.21742 2.05268 2.47003 2.44347 2.23729 3.12306 2.54652 2.21516 2.01409 2.14789 1.9822 1.81386 1.83306 1.79821 1.87887 2.78255 2.00323 1.94121 1.75808 1.60941
threshold=-8061.2042935146446 3321.5430200000005 -0.00097426750537862774 -0.00094176320804867776 118358.94182500002 990.76499999999953 140.08000000000177 -1738.6127127623256 45.533836411636067 -0.026175192283824363 118465.34097500001 0.0044061778493610449 -0.00016124298112805927 -41.278991634462102 -3098.1556850604679 -0.44689502013335541 -0.81148189010966754 104652.7461 -0.0036870046903280415 -0.010137280697651735 118212.04500000003 -0.52714724338856234 0.1752861881800323 116637.46000000001 88.828136909942273 59.0350000000035 0.004064649583330855 0.0025787265106886489 450.01999999999686 84175.689700000003
decision_type=2 2 2 2 2 2 2 2 2 2 2 2 2 2 2 2 2 2 2 2 2 2 2 2 2 2 2 2 2 2
left_child=1 -1 4 -4 -2 6 -6 -8 9 21 11 14 13 -13 15 -11 -16 -18 -10 -20 23 -5 -23 24 26 -26 -19 -27 -12 -14
right_child=2 -3 3 8 5 -7 7 -9 18 10 28 12 29 -15 16 -17 17 20 19 -21 -22 22 -24 -25 25 27 -28 -29 -30 -31
leaf_value=0.00014353231228111146 2.8348585289258723e-06 -0.00011306009786308529 -5.1490902279065702e-05 -0.00011010390787427783 -1.619254959796678e-05 -0.00011577598381517262 -2.596262540804255e-05 6.7695643057101541e-05 -6.7719135456604788e-05 -5.7292138104451181e-05 7.6614829745269829e-06 2.1169126513192822e-05 7.3821370217350506e-05 0.00010463368010310601 2.954916755557747e-05 5.4489406991144417e-06 -2.7200443120330567e-05 4.2664442557341593e-05 2.7846610214073458e-05 -3.0567607520559627e-06 -5.7986639752056754e-05 6.248884807873166e-05 -3.0706281598389809e-05 4.6570138986822888e-05 -6.1883565007012629e-05 -2.8688799263156907e-05 -2.6891434227418468e-05 5.5785712104573762e-05 6.7101227186817814e-05 -1.8358329885870083e-06
leaf_weight=32 2606 26 28 26 80 44 20 34 88 32 30 69 39 41 142 27 150 140 26 2901 32 25 44 22 47 26 47 37 36 223
leaf_count=32 2606 26 28 26 80 44 20 34 88 32 30 69 39 41 142 27 150 140 26 2901 32 25 44 22 47 26 47 37 36 223
internal_value=4.21348e-05 0.00775862 -2.12404e-05 -0.000525947 0.00075431 -0.00449438 -0.00149254 0.00648148 -0.000435294 0.00111336 0.00171053 0.00116387 0.00416667 0.0104545 -0.00042735 -0.00974576 0.000427683 -0.0012475 -0.00106965 -0.000845576 0.000925926 -0.00605263 -0.00181159 0.00211599 0.00109428 -0.00409091 0.00414439 0.00277778 0.0106061 0.00152672
internal_weight=7120 58 7062 4278 2784 178 134 54 4250 1235 1140 1074 372 110 702 59 643 501 3015 2927 351 95 69 319 297 110 187 63 66 262
internal_count=7120 58 7062 4278 2784 178 134 54 4250 1235 1140 1074 372 110 702 59 643 501 3015 2927 351 95 69 319 297 110 187 63 66 262
is_linear=0
shrinkage=0.05


Tree=41
num_leaves=31
num_cat=0
split_feature=19 28 42 28 24 24 15 2 16 22 23 1 7 26 42 15 16 11 38 35 16 5 15 39 35 21 23 18 20 19
split_gain=1.31762 2.18159 2.00436 1.91148 2.17691 1.78067 1.71503 1.69207 1.87988 1.91907 2.23352 2.12733 1.82534 1.82387 2.14807 3.0284 2.24685 1.79542 1.79339 1.78944 2.02978 1.65048 1.61323 2.22951 2.74936 1.87292 1.92308 1.67709 1.60288 1.57576
threshold=598.68499999999779 -1643.2466860704369 334.23003683175364 -1405.5743265579074 2287.7759295000001 1060.3353570000002 0.0020058504936535855 110600.50000000001 0.0024074780848750981 506.51366075000004 1.1041092288329366 110859.04500000003 -0.022051267316973152 112582.27988222473 -311.56030513484598 0.0043145719169039361 0.0043692723662299374 0.0028537737214950469 41.916883686468857 118593.43935000002 0.0037381769477973863 0.0021268434471718002 0.0037510538402729795 773.57392857142895 84597.580725000022 15.025000000001457 -0.7365215872547155 -65.949999999997075 420.0999999999986 749.04499999999837
decision_type=2 2 2 2 2 2 2 2 2 2 2 2 2 2 2 2 2 2 2 2 2 2 2 2 2 2 2 2 2 2
left_child=1 -1 3 -3 5 -5 -2 8 29 -10 11 -11 -12 28 -15 17 -17 19 -18 20 -16 22 25 27 -25 -7 -27 -24 -9 -8
right_child=6 2 -4 4 -6 21 7 13 9 10 12 -13 -14 14 15 16 18 -19 -20 -21 -22 -23 23 24 -26 26 -28 -29 -30 -31
leaf_value=8.52572089209497e-05 2.9008380522941865e-05 -2.9695273839204072e-05 -6.6782354143820902e-05 -4.8408388882463523e-07 3.0876946217195865e-05 7.2633745626155647e-05 1.6236331714424794e-06 -3.6249076064194675e-05 5.2021329756860058e-05 8.8571387227629606e-06 5.785854607477195e-05 8.0048024898432982e-05 -1.7470849349668895e-05 -8.9992683214367569e-05 3.8661644205936433e-05 7.2058013548020582e-05 6.5362731363093299e-05 -4.0358767073938042e-05 -2.7611310033317057e-05 -3.033159455134189e-05 -4.6507790442031077e-05 -2.6160431137326666e-05 4.9410975972234835e-05 -6.5222149431825902e-05 1.2914073758260594e-05 -4.2206090895821281e-05 -1.5369272118202e-05 6.7106085299110556e-06 2.0660281932819439e-05 -6.9830599639871977e-05
leaf_weight=32 92 24 33 3900 24 22 26 89 77 1216 42 43 424 43 119 71 28 137 48 53 46 90 40 20 86 104 104 41 24 22
leaf_count=32 92 24 33 3900 24 22 26 89 77 1216 42 43 424 43 119 71 28 137 48 53 46 90 40 20 86 104 104 41 24 22
internal_value=7.02247e-06 -0.00050885 -0.000601604 -0.000510662 -0.000434439 -0.000516224 0.000903846 0.000657895 0.00143243 0.00169256 0.00134783 0.00244241 -0.00160944 -0.00151976 -0.000321101 0.00059761 0.00663265 -0.00190141 0.000657895 0.000917431 0.00348485 -0.00330375 -0.00197842 0.00147059 -0.00330189 -0.00478261 -0.00625 0.00771605 -0.00730088 -0.00833333
internal_weight=7120 4520 4488 4455 4431 4407 2600 2508 1850 1802 1725 1259 466 658 545 502 147 355 76 218 165 507 417 187 106 230 208 81 113 48
internal_count=7120 4520 4488 4455 4431 4407 2600 2508 1850 1802 1725 1259 466 658 545 502 147 355 76 218 165 507 417 187 106 230 208 81 113 48
is_linear=0
shrinkage=0.05


Tree=42
num_leaves=31
num_cat=0
split_feature=5 4 23 9 39 35 9 15 36 18 41 39 7 18 32 15 17 17 5 28 20 42 38 40 40 28 42 13 26 35
split_gain=1.24963 2.16774 3.21351 2.14776 2.0725 1.87633 2.08661 1.6515 1.35183 2.53809 2.50909 2.22793 2.17077 2.35942 2.95232 2.94338 2.80619 2.28795 2.03478 2.18081 2.46524 2.47905 2.89403 2.2147 3.20566 1.78277 2.43 1.76933 2.03879 1.71861
threshold=-0.0060863329469709659 664.69834500000013 1.2598812052056989 -0.014626307511828614 523.8050000000004 87678.195950000008 -0.0072565069482130673 0.0064357909158987781 -417.63763590146112 -407.22999999999587 -230.95515187219161 512.36214285714243 -0.0032407798915190032 -336.05500000000751 -320.12882340386562 0.0056191466466019207 0.0039828673763912205 0.0035633813239778623 -0.002927229596691696 -292.82607473158708 119.48500000000787 -132.45527771428132 39.920445778508629 164.82403466631516 259.61285398533079 -414.31633361826238 -165.71485055006752 0.027544933376003833 84893.616761378042 118090.13175
decision_type=2 2 2 2 2 2 2 2 2 2 2 2 2 2 2 2 2 2 2 2 2 2 2 2 2 2 2 2 2 2
left_child=1 -1 5 -4 -5 7 -7 -3 9 10 -2 -12 18 15 -15 16 17 -14 -10 20 -20 -22 -23 -21 -25 26 -16 -11 -29 -27
right_child=8 2 3 4 -6 6 -8 -9 12 27 11 -13 13 14 25 -17 -18 -19 19 23 21 22 -24 24 -26 29 -28 28 -30 -31
leaf_value=-2.3279352781260376e-05 -2.9954896104451609e-06 0.00016729013361257571 3.2883446172916162e-05 3.2138304525687371e-05 -5.7794644627301397e-05 6.7574087828969182e-05 8.0088213241973256e-05 -8.2607110574872125e-05 2.7358561743876029e-05 -1.0904988927269491e-06 -1.8328450890694565e-06 -0.00015565807186004657 -4.8204008614759067e-05 1.954614434619298e-05 2.4876539848040781e-06 5.6828961403020974e-05 -9.2176790200272315e-05 5.6360171724881252e-05 -4.3196130539510975e-05 5.156330459144148e-05 5.190842444146966e-05 4.092681530238258e-05 -5.2654708353618391e-05 -2.6519557215594532e-05 2.6565258807128174e-05 -7.3902645785208993e-07 8.9426131193423022e-05 2.6791104395724022e-06 -8.5897975411188148e-05 -2.1769918257209e-05
leaf_weight=21 92 22 106 31 64 79 66 39 205 2416 34 53 62 351 30 21 33 22 62 54 46 23 21 35 134 2768 20 25 30 155
leaf_count=21 92 22 106 31 64 79 66 39 205 2416 34 53 62 351 30 21 33 22 62 54 46 23 21 35 134 2768 20 25 30 155
internal_value=-4.91573e-05 0.00257009 0.00337838 -0.0011194 -0.00657895 0.00776699 0.0108621 0.000409836 -0.000216677 -0.00109434 -0.00684358 -0.012931 0.000358733 -0.00011554 0.000150421 -0.00652174 -0.00961538 -0.0047619 0.00318966 0.001 -0.00361842 0.00166667 -0.00681818 0.00414798 0.00133136 -0.000361588 0.009 -0.000677863 -0.00954545 -0.000521724
internal_weight=7120 428 407 201 95 206 145 61 6692 2650 179 87 4042 3462 3324 138 117 84 580 375 152 90 44 223 169 2973 50 2471 55 2923
internal_count=7120 428 407 201 95 206 145 61 6692 2650 179 87 4042 3462 3324 138 117 84 580 375 152 90 44 223 169 2973 50 2471 55 2923
is_linear=0
shrinkage=0.05


Tree=43
num_leaves=31
num_cat=0
split_feature=17 17 24 18 16 42 23 23 42 19 1 42 20 30 16 22 36 36 23 21 0 20 41 22 40 28 40 4 25 20
split_gain=1.13403 2.07916 1.6726 1.71553 1.49669 2.87006 1.98884 1.92865 2.29917 1.39486 1.36687 2.23187 1.32679 1.30614 1.28455 1.66211 1.58945 1.58986 1.82914 2.32347 1.58155 2.96077 1.5073 1.68368 2.0469 3.01485 1.4545 1.37374 1.54354 1.52727
threshold=0.0079266471040074175 0.0086128670329014261 2213.5940525000001 -104.58499999999911 0.006881409996695613 250.53157180451385 -0.87244614269450971 -0.60067433217114174 45.505995026210151 437.72500000000588 83320.580000000016 99.715330587777586 86.565000000009618 82318.651557126359 0.0067089645088166125 1248.7435940000003 5399.7181437479167 3976.9458767396213 0.17268899625958969 219.23500000000061 116356.40500000001 133.05500000000032 -693.93677879293136 899.86733775000016 -615.24390211922571 -359.40802245690423 -897.00460180656944 370.26347000000004 -0.60510881734169586 202.74500000000265
decision_type=2 2 2 2 2 2 2 2 2 2 2 2 2 2 2 2 2 2 2 2 2 2 2 2 2 2 2 2 2 2
left_child=4 -2 9 -4 13 6 -6 8 12 -3 -11 -12 -8 -1 16 -16 17 22 19 -19 21 -20 23 -15 25 26 -25 -18 -29 -30
right_child=1 2 3 -5 5 -7 7 -9 -10 10 11 -13 -14 14 15 -17 27 18 20 -21 -22 -23 -24 24 -26 -27 -28 28 29 -31
leaf_value=6.1625386768862672e-05 7.3852866704384663e-05 -4.2390268318290227e-05 1.9686383634401222e-05 -7.2709845476524076e-05 -6.9768393965542874e-05 -7.4312802944390653e-05 6.3080909529377349e-05 -9.4052284737865298e-06 0.00012407551786603198 0.00010873907175648142 4.826935718158335e-05 -8.3661694655517161e-05 -1.0177285479271229e-05 -2.214247866901539e-05 6.0948823241867484e-05 2.3403424831731284e-06 -1.935706028393229e-05 1.2669289796480948e-05 -3.2875036119615545e-05 -7.0110991743410557e-05 7.9809306759177855e-05 5.91517869636753e-05 -8.1109621022432129e-07 2.0761113554342145e-05 7.4293215622296102e-05 -4.1671832433928457e-05 6.2810111224498731e-05 1.1628393844007404e-05 -3.4896202988274626e-05 1.0045483889838839e-05
leaf_weight=38 84 27 59 78 25 57 20 239 22 60 53 31 23 22 28 45 26 169 20 37 32 23 5558 70 21 33 61 20 87 52
leaf_count=38 84 27 59 78 25 57 20 239 22 60 53 31 23 22 28 45 26 169 20 37 32 23 5558 70 21 33 61 20 87 52
internal_value=-6.32022e-05 0.00255102 0.000649351 -0.00346715 -0.000215517 -0.00323834 -0.00144377 -0.000328947 0.00730769 0.00394737 0.00590278 0.00178571 0.000581395 -3.15358e-05 -8.72462e-05 0.00650685 -0.0001645 -2.48098e-05 0.00364769 0.00121359 0.0103333 0.00406977 -0.000203816 0.00398551 0.00554054 0.00365854 0.00706107 -0.00472973 -0.00298742 -0.00485612
internal_weight=7120 392 308 137 6728 386 329 304 65 171 144 84 43 6342 6304 73 6231 6046 281 206 75 43 5765 207 185 164 131 185 159 139
internal_count=7120 392 308 137 6728 386 329 304 65 171 144 84 43 6342 6304 73 6231 6046 281 206 75 43 5765 207 185 164 131 185 159 139
is_linear=0
shrinkage=0.05


Tree=44
num_leaves=31
num_cat=0
split_feature=36 4 34 11 28 9 9 28 7 11 16 5 4 0 25 41 16 9 19 20 36 2 0 11 25 23 39 16 38 19
split_gain=1.133 1.46626 1.19498 1.75167 2.24487 1.59538 2.046 1.47663 1.62856 1.4293 1.67348 1.3803 2.28442 2.57784 2.34959 1.98103 2.29167 1.80289 1.78487 1.39716 1.26776 2.72832 2.71324 1.93438 2.93044 2.75532 2.33799 2.34928 2.17909 2.14854
threshold=-8061.2042935146446 3321.5430200000005 118052.95891014625 -0.0064419030139787987 -104.06255492016497 0.0010613482893637516 -0.00051624564539275847 -783.33919079464965 -0.00090734697092211155 0.0060175506699900495 0.0025787265106886489 -0.0060863329469709659 664.69834500000013 115337.79000000002 0.66221615638012821 -15.01808964210429 0.0054148422979518928 -0.010077955532824969 1433.1149999999982 70.315000000009618 -454.97935248446441 115749.39000000001 115262.145 0.0048998680794387827 -0.53220236305294166 -0.33561491268219695 793.20357142857245 0.0083246228205788256 72.294411319490024 611.55999999999779
decision_type=2 2 2 2 2 2 2 2 2 2 2 2 2 2 2 2 2 2 2 2 2 2 2 2 2 2 2 2 2 2
left_child=1 -1 11 -4 7 6 -6 -5 -9 10 -7 12 -2 14 15 -14 -17 -16 19 -19 21 22 -13 29 28 -26 -27 -28 -25 -22
right_child=2 -3 3 4 5 9 -8 8 -10 -11 -12 20 13 -15 17 16 -18 18 -20 -21 23 -23 -24 24 25 26 27 -29 -30 -31
leaf_value=0.00013427082773253193 -2.2074830331686145e-05 -0.00010904177820578593 -6.2196900609589264e-05 -9.6286558033097317e-06 -9.5102906177766585e-06 -3.0635132581773014e-05 -4.9910655314465413e-05 2.7091038494530334e-06 4.3387498786292417e-05 -3.8474756311449027e-05 5.2508945821073391e-05 -2.521302115865655e-06 0.00010650832024495054 0.00011836738672304985 2.5044851010930541e-05 6.7758725500623103e-05 -7.771043517049545e-05 3.6716762990504076e-05 -0.00015930127312022594 -5.158213779049981e-05 6.5170635306037366e-07 5.5364325408914787e-05 -6.7372790767483197e-05 -3.7719751163982384e-05 3.2096114061247635e-05 -1.0415703509378369e-06 -8.7958022887687284e-05 1.3395886001876319e-05 4.4515312338806396e-06 1.927875993956304e-05
leaf_weight=32 21 26 78 24 33 20 31 39 40 35 24 2428 68 22 136 23 39 27 26 21 2172 31 38 181 188 656 83 27 31 520
leaf_count=32 21 26 78 24 33 20 31 39 40 35 24 2428 68 22 136 23 39 27 26 21 2172 31 38 181 188 656 83 27 31 520
internal_value=-6.32022e-05 0.00689655 -0.000120363 -0.00308642 -0.00101626 -0.00506993 -0.0109375 0.00461165 0.00791139 -0.000316456 0.00568182 2.22618e-05 0.00293734 0.0038674 0.00279412 0.00807692 0.0016129 -0.00047619 -0.00675676 -0.00104167 -0.000153423 -0.00103124 -0.00121655 0.000414723 -0.00128645 -0.000104822 -0.00143603 -0.00818182 -0.00660377 0.00115156
internal_weight=7120 58 7062 324 246 143 64 103 79 79 44 6738 383 362 340 130 62 210 74 48 6355 2497 2466 3858 1166 954 766 110 212 2692
internal_count=7120 58 7062 324 246 143 64 103 79 79 44 6738 383 362 340 130 62 210 74 48 6355 2497 2466 3858 1166 954 766 110 212 2692
is_linear=0
shrinkage=0.05


Tree=45
num_leaves=31
num_cat=0
split_feature=17 20 21 17 21 36 28 4 22 15 11 19 23 39 2 31 23 28 18 18 23 36 25 36 20 36 23 18 36 40
split_gain=1.16571 1.85188 1.67892 1.58739 1.88253 2.48684 2.23906 2.44121 1.76605 1.47509 1.14309 1.30791 2.07335 2.2473 1.75868 1.6 1.45478 1.80178 1.12856 1.11116 1.10436 1.50531 1.74317 1.23311 1.15954 1.90731 1.78203 1.67601 2.0337 2.37501
threshold=0.0079266471040074175 11.724999999998547 624.96499999999662 0.0086128670329014261 161.98000000000323 1545.6507670537178 1621.3721203837342 726.53492000000017 1707.0823800750002 0.012356111571805349 0.016318325883272262 787.58999999999662 0.13159623200474449 737.66678571428315 113052.97000000002 91549.921600000016 -0.014187925297414571 1342.4096898427381 1189.840000000004 485.60999999999336 -1.2937921639461594 438.92763831229246 -1.1735171757563616 -1877.6353881130706 310.1150000000053 4542.2753919773177 3.4831265429733933 -131.88999999999939 1806.5481010244259 454.09230441549158
decision_type=2 2 2 2 2 2 2 2 2 2 2 2 2 2 2 2 2 2 2 2 2 2 2 2 2 2 2 2 2 2
left_child=9 -2 3 19 6 8 7 -5 -6 10 18 14 15 -14 16 -13 -12 -18 20 -3 21 22 -1 -24 -22 26 27 -26 -29 -30
right_child=1 2 -4 4 5 -7 -8 -9 -10 -11 11 12 13 -15 -16 -17 17 -19 -20 -21 24 -23 23 -25 25 -27 -28 28 29 -31
leaf_value=3.0955552540111061e-05 0.00013825131637149382 3.5242883746751911e-05 8.1222448512019505e-05 -2.4655654024488691e-05 1.5052078326041697e-05 7.4701606422231362e-05 -7.9585746793549164e-05 0.00010721061615319 -0.00012240121614200705 -9.4581353495721635e-05 -6.701153358700829e-05 8.6536087912591047e-07 1.7604854237221713e-05 -6.0038632354618277e-05 1.6750501752316877e-05 8.5088460778771769e-05 7.305229967790136e-06 -4.3738033791459357e-05 0.00010622558718689662 6.7699052967446662e-05 -7.9150193409400857e-07 3.6524776440515531e-05 -2.3433965197724934e-05 3.7413316362022549e-07 -1.5891714282083497e-05 7.6841223119627176e-05 5.448316729781777e-05 3.0269405457814958e-05 -7.2997817835635063e-05 1.7535593052716565e-05
leaf_weight=23 20 54 27 35 29 21 22 81 83 24 65 20 52 50 35 20 21 34 22 20 5603 51 22 36 180 40 24 315 51 40
leaf_count=23 20 54 27 35 29 21 22 81 83 24 65 20 52 50 35 20 21 34 22 20 5603 51 22 36 180 40 24 315 51 40
internal_value=2.80899e-05 0.00267857 0.00188172 0.000942029 -0.000830258 -0.00507519 0.00326087 0.00603448 -0.00803571 -0.000126338 -8.20406e-05 -0.00311448 0.000352113 -0.00343137 -0.00629032 0.01 -0.00916667 -0.00318182 5.85297e-05 0.00743243 1.95771e-05 0.00454545 0.000308642 -0.00431034 -7.59635e-05 0.00192308 0.00122951 0.000682594 0.00246305 -0.00412088
internal_weight=7120 392 372 345 271 133 138 116 112 6728 6704 297 142 102 155 40 120 55 6407 74 6385 132 81 58 6253 650 610 586 406 91
internal_count=7120 392 372 345 271 133 138 116 112 6728 6704 297 142 102 155 40 120 55 6407 74 6385 132 81 58 6253 650 610 586 406 91
is_linear=0
shrinkage=0.05


Tree=46
num_leaves=31
num_cat=0
split_feature=36 4 7 22 22 35 20 25 23 15 9 39 9 15 27 11 42 15 15 28 42 21 18 5 16 16 11 0 24 17
split_gain=1.11705 1.46626 1.16286 1.62654 1.99781 1.77635 1.84077 1.70259 2.23309 1.76641 1.54968 2.53344 2.60457 4.5443 2.31953 1.91519 2.055 2.19671 1.66849 1.65 1.54821 1.53338 2.1417 1.75373 1.53172 1.43988 1.75496 1.73649 1.35772 1.33193
threshold=-8061.2042935146446 3321.5430200000005 0.0066769132612132095 805.43800599999997 1296.5587365000004 116599.11987500002 264.45999999999918 0.88684035680353623 -0.22033707639225367 0.0043973240840787251 0.006613654197234778 903.22035714285778 0.0077686001813699118 0.0030684577048738899 112614.66100000001 0.0041062999152637345 57.322226206789828 0.0040090456952700084 0.0050633126065436247 720.05889575915364 48.385365577438748 278.5999999999986 1189.840000000004 0.0014886771406494258 0.0041817167978434868 0.0066107960805317023 0.010791888159347262 83363.080000000016 1784.4193827000001 0.004333050927939344
decision_type=2 2 2 2 2 2 2 2 2 2 2 2 2 2 2 2 2 2 2 2 2 2 2 2 2 2 2 2 2 2
left_child=1 -1 10 5 21 6 7 8 -4 -10 -2 12 24 -14 15 -15 -17 -18 -19 28 -9 22 23 -5 -12 -6 27 -27 -13 -25
right_child=2 -3 3 4 25 -7 -8 20 9 -11 11 19 13 14 -16 16 17 18 -20 -21 -22 -23 -24 29 -26 26 -28 -29 -30 -31
leaf_value=0.00012682033875781231 -2.4895154449011349e-07 -0.00010279510358139247 5.3749173285482328e-05 2.1285830864442223e-05 5.3083539265331757e-05 -8.2448079781400854e-05 4.7343440264046781e-05 9.3760556566547268e-05 -7.1905724190135306e-05 3.3266291375324087e-06 2.4396543891211604e-05 4.446135229048859e-05 -0.00011135291310446091 6.6725454521021022e-05 3.7768418513765786e-05 -0.00010175557877216498 4.9680983226662602e-05 -8.4206468803144755e-05 2.0873837995272902e-06 0.00013960546192534257 1.968548162400236e-05 -0.00010881199733502943 8.0831043597309952e-05 -8.9285937949579329e-05 -2.208587301778344e-06 0.0001137796380691046 -6.0311056072359042e-05 -1.1902142156322274e-05 -8.6578454287744328e-05 -4.0413606869474386e-05
leaf_weight=32 5956 26 22 21 41 28 45 20 39 25 102 45 38 31 30 23 29 25 27 44 64 40 20 50 47 26 83 43 21 77
leaf_count=32 5956 26 22 21 41 28 45 20 39 25 102 45 38 31 30 23 29 25 27 44 64 40 20 50 47 26 83 43 21 77
internal_value=-1.40449e-05 0.00689655 -7.08015e-05 -0.00209627 -0.00405237 0.00113169 0.00267442 0.000294118 -0.00465116 -0.009375 0.00013244 0.00292208 0.000852273 -0.00283251 0.000757576 -0.00203704 -0.00528846 -0.00154321 -0.00769231 0.00954545 0.00535714 -0.00745192 -0.00535714 -0.00743243 0.00587248 -0.000388601 -0.00263158 0.00326087 0.00454545 -0.00964567
internal_weight=7120 58 7062 644 401 243 215 170 86 64 6418 462 352 203 165 135 104 81 52 110 84 208 168 148 149 193 152 69 66 127
internal_count=7120 58 7062 644 401 243 215 170 86 64 6418 462 352 203 165 135 104 81 52 110 84 208 168 148 149 193 152 69 66 127
is_linear=0
shrinkage=0.05


Tree=47
num_leaves=31
num_cat=0
split_feature=38 21 11 24 20 7 4 4 36 32 9 9 15 26 5 22 30 22 15 16 21 16 15 11 15 13 5 5 22 25
split_gain=1.27562 1.19048 1.8287 1.10863 1.38897 1.22801 1.68073 1.86137 2.4 2.00828 1.66828 1.8396 2.86003 1.89445 1.81618 1.64841 2.30082 2.02372 1.78723 1.78316 1.62444 1.56308 1.86121 2.315 1.47597 1.53938 1.46738 2.08369 1.57714 1.39918
threshold=83.377606925580764 51.0350000000035 0.0091275762777856019 264.2961102000001 78.709999999999141 0.0066769132612132095 954.05849000000012 664.69834500000013 1393.6479052787038 184.02998383130765 0.0067182968969287131 0.0077686001813699118 0.0030684577048738899 112457.15865715493 -0.00055138388061080044 805.43800599999997 85576.686886775671 1296.5587365000004 0.0051879462781826442 0.0066107960805317023 149.91500000000818 0.0052272526669309679 0.0040090456952700084 0.0041062999152637345 0.0038425920157424288 0.013212928348818766 0.00085286133914020746 0.0058969761182319381 1080.1640125000001 -0.039723109306458344
decision_type=2 2 2 2 2 2 2 2 2 2 2 2 2 2 2 2 2 2 2 2 2 2 2 2 2 2 2 2 2 2
left_child=3 -2 -3 4 -1 10 7 8 20 29 -5 14 -13 21 -12 16 -8 26 24 -19 -7 22 -14 -24 25 -18 -17 -28 -29 -9
right_child=1 2 -4 5 -6 6 15 9 -10 -11 11 12 13 -15 -16 17 18 19 -20 -21 -22 -23 23 -25 -26 -27 27 28 -30 -31
leaf_value=-3.2137749570760842e-05 1.8911213901137504e-05 9.0629664960868818e-06 -6.6031056027837662e-05 1.855220045407258e-07 8.4088946987808654e-06 -9.1329426263650156e-05 0.00013821990737867534 -3.6000031163217949e-05 5.8566514764334797e-05 -5.7284709339102934e-05 -1.8797605202746821e-06 -0.00010494997790415663 4.6310164036845104e-05 3.6125361723174075e-05 4.8738328989810539e-05 9.1940013912503576e-06 -2.0275209027518894e-05 7.1103183950637749e-05 3.4323449474894665e-05 -1.0045622242261924e-06 5.1477224927135564e-06 3.9835829576920342e-05 3.3319069865045665e-05 -9.8273283922615046e-05 -7.0238079549141106e-05 5.2410808940684459e-05 -0.00015079721417303286 2.4460689556204216e-05 -9.0015918010182829e-05 1.6793054073746345e-05
leaf_weight=45 28 25 59 5899 38 37 20 22 20 68 28 33 34 35 118 20 28 23 28 139 23 106 22 42 29 26 36 34 29 26
leaf_count=45 28 25 59 5899 38 37 20 22 20 68 28 33 34 35 118 20 28 23 28 139 23 106 22 42 29 26 36 34 29 26
internal_value=-6.32022e-05 -0.00535714 -0.00833333 2.14041e-05 -0.00572289 9.02527e-05 -0.00205592 -0.00586735 0 -0.00991379 0.000296818 0.00334928 0.000919118 0.00282427 0.00787671 -0.000242718 0.00438931 -0.00240214 0.00157658 0.00123457 -0.005 0.000980392 -0.00357143 -0.00859375 -0.00210843 0.00277778 -0.00735294 -0.00984848 -0.00436508 -0.00208333
internal_weight=7120 112 84 7008 83 6925 608 196 80 116 6317 418 272 239 146 412 131 281 111 162 60 204 98 64 83 54 119 99 63 48
internal_count=7120 112 84 7008 83 6925 608 196 80 116 6317 418 272 239 146 412 131 281 111 162 60 204 98 64 83 54 119 99 63 48
is_linear=0
shrinkage=0.05


Tree=48
num_leaves=31
num_cat=0
split_feature=42 17 24 25 4 28 32 11 32 9 34 38 2 19 15 22 22 21 34 42 11 1 9 5 7 41 25 7 15 31
split_gain=1.31327 1.71858 2.54786 1.67984 1.90476 2.28409 1.56722 1.55395 1.38507 1.09247 1.02246 3.35386 2.62551 1.81016 2.33497 2.15911 1.96433 1.82998 1.70168 1.64425 2.53317 2.08939 1.60537 2.88766 1.59467 1.675 1.91504 1.74934 1.57974 1.47166
threshold=270.16168238514359 0.0068813671617405517 1830.2889143 -0.46016494280328574 1815.6499650000003 1508.0792948319724 326.0725214452105 0.013475071480909756 2746.0950170410001 0.0059340815291641941 114549.23393896368 73.495452584755711 110500.78500000002 1545.0699999999999 0.0043145719169039361 880.62904749999996 1457.7461530000003 395.14499999999686 116487.5312447906 -335.50906236585513 -0.02013040933284933 91173.890000000014 -0.01126654028561762 -0.0094659805998767981 -0.0056258200851604526 259.35835229366631 0.55173229925148159 0.0076323306507544769 0.0052545493997713964 118024.45270000001
decision_type=2 2 2 2 2 2 2 2 2 2 2 2 2 2 2 2 2 2 2 2 2 2 2 2 2 2 2 2 2 2
left_child=10 3 9 -2 5 7 -4 -5 -7 -3 19 12 -12 14 17 -16 28 24 -19 21 -21 -1 -22 -24 29 27 -27 -26 -17 -14
right_child=1 2 6 4 -6 8 -8 -9 -10 -11 11 -13 13 -15 15 16 -18 18 -20 20 22 -23 23 -25 25 26 -28 -29 -30 -31
leaf_value=2.0135759015505395e-05 -6.1484436364545717e-05 2.0852031881611443e-06 7.9378334257142958e-05 -3.3686177382597384e-06 -4.589856540665868e-05 8.7857995840339291e-05 -6.1348439283841991e-05 -7.821695213468457e-05 -1.2774172972131963e-06 0.00011252904103645218 0.00011229262027329353 -4.0437085655209602e-05 -7.3313886575091384e-05 -8.9720782479056147e-05 5.9095595542085138e-05 -5.7039615034193869e-05 5.8096303159228177e-05 6.923717897102073e-05 2.0908701434215005e-06 -2.4563959609917907e-05 3.8494637001320819e-05 0.00010366291098692122 -0.00011226002980231493 7.3183720575824631e-07 -8.1652159169805585e-08 -2.3744262970998311e-05 4.2513487607319719e-05 -7.5461440325375664e-05 8.8640372523869782e-06 -3.858831082401952e-06
leaf_weight=70 38 20 39 31 30 28 42 22 24 23 20 79 38 32 68 38 28 28 40 173 179 29 33 4869 809 151 21 20 64 34
leaf_count=70 38 20 39 31 30 28 42 22 24 23 20 79 38 32 68 38 28 28 40 173 179 29 33 4869 809 151 21 20 64 34
internal_value=-2.80899e-05 -0.00328283 0.00120968 -0.00650289 -0.00388889 -0.000714286 -0.00401235 -0.00801887 0.00673077 0.0110465 0.000113586 -0.00105442 -0.000485262 -0.000747629 -0.000466766 0.00454545 0.000769231 -0.00133655 0.00661765 0.000434336 0.000314046 0.00681818 0.000516631 0.000346797 -0.00184063 -0.00132368 -0.00581395 -0.000392039 -0.00245098 -0.00902778
internal_weight=7120 297 124 173 135 105 81 53 52 43 6823 1470 1391 1371 1339 198 130 1141 68 5353 5254 99 5081 4902 1073 1001 172 829 102 72
internal_count=7120 297 124 173 135 105 81 53 52 43 6823 1470 1391 1371 1339 198 130 1141 68 5353 5254 99 5081 4902 1073 1001 172 829 102 72
is_linear=0
shrinkage=0.05


Tree=49
num_leaves=31
num_cat=0
split_feature=42 25 23 18 24 36 4 35 32 19 7 9 23 25 13 24 32 15 20 19 5 23 13 15 13 21 38 7 13 20
split_gain=1.19054 2.22272 1.83115 1.70455 1.79718 1.07717 1.46626 0.957164 2.36235 2.39715 2.50109 2.57528 1.6242 1.83171 2.15366 1.61909 1.6496 2.11548 2.24889 1.92373 2.22856 2.36544 2.34928 1.59776 2.27523 2.49651 2.01667 1.61383 1.96024 2.36601
threshold=334.23003683175364 -0.50833803162581681 -0.3128872561675195 -204.5650000000023 1602.7348762000004 -8061.2042935146446 3321.5430200000005 115753.10345000001 812.08823515086999 448.10999999999336 0.0060761672033232102 0.0011540961048284737 3.1233107902173929 2.7173500964058377 0.039476660435252671 264.2961102000001 -3492.3175368986772 0.0042754989441623767 1.0000000180025095e-35 846.25000000000011 0.001596433919019577 0.80754429422776375 0.0014247320471333545 0.002763419779926969 -0.0025214164436390464 85.415000000000887 56.755701396009535 -0.0019169680347200257 0.005125976386031998 154.12000000000265
decision_type=2 2 2 2 2 2 2 2 2 2 2 2 2 2 2 2 2 2 2 2 2 2 2 2 2 2 2 2 2 2
left_child=5 -2 -3 -4 -5 6 -1 12 15 -10 11 -11 13 14 -7 -9 -17 18 -18 20 21 23 -22 27 25 -25 -26 -20 29 -29
right_child=1 2 3 4 -6 7 -8 8 9 10 -12 -13 -14 -15 -16 16 17 -19 19 -21 22 -23 -24 24 26 -27 -28 28 -30 -31
leaf_value=0.00011624007473960076 -8.8110217844806235e-05 4.5481527471705508e-05 3.6771035124420493e-05 -4.6837352894018483e-05 -2.7565980501326249e-06 3.8823809596796004e-07 -9.8671412453325147e-05 -3.0758020402773681e-05 -8.405971631841824e-05 -2.7363910240581865e-05 -8.0016338430410772e-05 4.5672129014786815e-05 4.5606495807830871e-05 -2.9658002547949583e-05 9.0363787301177216e-05 -9.4648817197087905e-05 4.3322416566237548e-05 2.1457302509417196e-05 2.3493666756305871e-05 -8.1957584724588845e-05 5.0027913042628745e-06 2.5889458318913456e-05 -4.0571767375126199e-05 3.509017813085347e-06 3.0209190800293674e-05 -5.5996439100438326e-05 -6.4187731756109415e-05 2.1897760910403527e-05 -1.9742578360048579e-05 -3.3705963190376643e-05
leaf_weight=32 33 27 20 29 26 5552 26 25 30 33 26 43 153 107 22 22 34 141 75 92 66 56 58 28 40 69 24 144 52 35
leaf_count=32 33 27 20 29 26 5552 26 25 30 33 26 43 153 107 22 22 34 141 75 92 66 56 58 28 40 69 24 144 52 35
internal_value=2.10674e-05 -0.00462963 -0.000980392 -0.005 -0.00954545 0.000110952 0.00689655 5.4136e-05 -0.00130375 -0.00757576 -0.00392157 0.000657895 0.000308536 0.000171625 0.000296017 -0.000442248 -0.000106838 0.000218818 -0.000808538 -0.00138701 -0.000425039 0.00100382 -0.00645161 -0.0001606 -0.00419255 -0.00902062 0.003125 0.00196078 -0.000108225 0.0023743
internal_weight=7120 135 102 75 55 6985 58 6927 1093 132 102 76 5834 5681 5574 961 936 914 773 739 647 523 124 467 161 97 64 306 231 179
internal_count=7120 135 102 75 55 6985 58 6927 1093 132 102 76 5834 5681 5574 961 936 914 773 739 647 523 124 467 161 97 64 306 231 179
is_linear=0
shrinkage=0.05


Tree=50
num_leaves=31
num_cat=0
split_feature=23 3 23 9 7 4 42 42 22 11 7 18 24 1 19 34 34 1 4 36 39 21 42 18 39 22 16 40 15 11
split_gain=1.44707 2.06222 1.47601 1.79378 2.17419 2.64315 1.46596 3.12096 1.53187 1.48158 1.27193 1.87519 2.04199 1.445 1.26721 1.62225 2.6857 2.4429 1.64131 1.40414 1.37143 1.60952 1.66401 1.52945 2.33039 1.46056 1.93166 1.872 1.21424 1.84091
threshold=-1.2937921639461594 102002.65000000001 -1.0889161886734051 0.0050264601181333824 -0.0028685586438372455 363.92048000000005 -34.415972797599231 -71.884836970672339 414.53783125000001 0.0001949100145759883 0.0066769132612132095 -84.650000000001441 478.52551430000005 118378.17500000002 787.58999999999662 107667.15406077173 112162.53984054693 83699.500000000015 1179.4449450000002 1576.0721990007589 762.95428571428636 278.5999999999986 -13.445604537655454 638.79000000000099 577.8524999999994 1311.9390585000001 0.0067089645088166125 206.31714693559482 0.00079329330759566892 -0.00054449912451524961
decision_type=2 2 2 2 2 2 2 2 2 2 2 2 2 2 2 2 2 2 2 2 2 2 2 2 2 2 2 2 2 2
left_child=1 -1 3 4 -2 6 7 -6 -8 -10 28 -12 -13 14 15 17 -17 -14 19 -19 21 22 -16 -24 -25 27 -27 -22 29 -4
right_child=2 -3 10 -5 5 -7 8 -9 9 -11 11 12 13 -15 20 16 -18 18 -20 -21 25 -23 23 24 -26 26 -28 -29 -30 -31
leaf_value=-8.0271719665600253e-06 2.7705272829449662e-05 2.1264882662828724e-05 1.5381863022016539e-05 2.1952889692667912e-05 -4.1718017471860468e-05 -6.5109032206699008e-05 -2.5926732904057582e-05 4.3949259140390965e-05 -3.3654072106494386e-05 3.4963820579990132e-06 3.9838741944585814e-05 2.322818416993741e-05 5.9474747065209292e-06 -6.9121426330155956e-05 -6.8137377365405459e-05 1.7956705803436372e-05 -4.2389863039995714e-05 -8.4461870566234529e-05 -3.0173620748836031e-05 -2.924720029054296e-05 -9.1761032852399137e-06 -2.8407946887896302e-05 0.0001181788987097558 -5.9257404936737047e-05 0.00011083798923412822 5.8655468649057455e-05 -1.0745573396629036e-05 -0.00014565599384332539 6.22383118448301e-07 -1.9435605305524216e-05
leaf_weight=45 33 100 22 25 22 50 36 21 27 47 55 56 27 41 20 23 28 51 37 28 30 20 21 27 37 21 96 28 6024 22
leaf_count=45 33 100 22 25 22 50 36 21 27 47 55 56 27 41 20 23 28 51 37 28 30 20 21 27 37 21 96 28 6024 22
internal_value=5.61798e-05 0.005 -4.6595e-05 -0.00373563 -0.00508475 -0.0070197 -0.00375817 0.00406977 -0.00681818 -0.0027027 9.68126e-05 -0.00201238 -0.00283418 -0.00378505 -0.00303644 -0.00618557 0.00147059 -0.00891608 -0.012069 -0.0161392 -0.001 0.003 0.00547619 0.00852941 0.0046875 -0.00385714 -0.000641026 -0.0103448 0.000321358 -0.00795455
internal_weight=7120 145 6975 261 236 203 153 43 110 74 6714 646 591 535 494 194 51 143 116 79 300 125 105 85 64 175 117 58 6068 44
internal_count=7120 145 6975 261 236 203 153 43 110 74 6714 646 591 535 494 194 51 143 116 79 300 125 105 85 64 175 117 58 6068 44
is_linear=0
shrinkage=0.05


Tree=51
num_leaves=31
num_cat=0
split_feature=42 25 19 19 22 21 17 39 24 15 23 7 15 7 20 15 18 22 42 13 16 21 21 22 7 24 24 39 28 9
split_gain=1.01842 2.37108 1.93906 1.20417 0.900312 1.19412 1.16883 2.36886 1.14875 2.38557 2.03967 1.01895 1.49383 1.64599 1.01846 0.878833 1.58699 0.895488 2.33693 2.39839 2.04864 1.86752 2.16395 2.343 1.83691 1.72389 2.45406 1.95335 1.81362 1.76786
threshold=334.23003683175364 -0.50833803162581681 1464.3549999999962 598.68499999999779 2084.0038767500005 742.97000000000128 0.0039199666032645785 921.07571428571373 1706.5622927000002 0.0061582559917020318 -0.7745565039448945 -0.012343699381377389 0.010862361178989427 0.0060761672033232102 231.44999999999712 0.00079329330759566892 -32.404999999998829 1371.3503737500002 -352.18052517156451 -0.023072203443559005 0.0055921407502729946 23.229999999995929 142.59500000000119 1015.0400315000003 -0.00047811407325719667 923.41444670000021 1037.6424531600003 776.97178571428719 68.970802411124183 0.0027092087028935791
decision_type=2 2 2 2 2 2 2 2 2 2 2 2 2 2 2 2 2 2 2 2 2 2 2 2 2 2 2 2 2 2
left_child=4 -2 3 -3 5 15 -7 -8 9 -6 -10 -12 13 14 -13 16 -1 20 -19 24 -17 -22 23 -23 -20 27 -27 28 -24 -29
right_child=1 2 -4 -5 8 6 7 -9 10 -11 11 12 -14 -15 -16 17 -18 18 19 -21 21 22 25 -25 -26 26 -28 29 -30 -31
leaf_value=1.1923450476401692e-05 -8.2196025915124129e-05 -5.9900110990031319e-05 -0.00010527148122735868 2.816182534664016e-05 -2.0554077960906235e-05 -6.437166410200582e-05 0.00012501552129263422 -0.00017076877678018533 9.860107834336798e-05 0.00010494338896256303 0.00022204541005615012 -6.4602189717383529e-05 -0.00014976225451195446 0.00012718400946300782 2.8626054666387756e-05 3.5023367012485692e-08 -1.2819343481353373e-05 6.2559814521545286e-05 -7.1479966188601522e-05 -1.5577110567415037e-06 4.1774958910305066e-05 1.2382525830524443e-05 2.0157344187918514e-06 -2.7263804892791455e-05 -0.00014232649608504654 9.8243959859832799e-05 1.4951677338835563e-05 7.1364777847297291e-05 -9.2462537577827492e-05 -9.8229037378407834e-06
leaf_weight=22 33 20 22 60 22 22 34 21 29 43 21 34 27 22 25 5553 36 30 68 380 65 111 33 120 30 43 80 56 26 32
leaf_count=22 33 20 22 60 22 22 34 21 29 43 21 34 27 22 25 5553 36 30 68 380 65 111 33 120 30 43 80 56 26 32
internal_value=4.21348e-05 -0.00425926 -0.000490196 0.003125 0.000125268 2.21828e-05 -0.00616883 -0.00227273 0.00325112 0.00884615 0.000949367 -0.00174419 -0.0037037 -0.000308642 -0.00466102 9.34929e-05 -0.00603448 0.000147125 -0.00187008 -0.00271967 0.000314594 0.00318021 0.00214571 -0.00140693 -0.00969388 0.00518519 0.00955285 0.00153061 -0.00550847 0.00625
internal_weight=7120 135 102 80 6985 6762 77 55 223 65 158 129 108 81 59 6685 58 6627 508 478 6119 566 501 231 98 270 123 147 59 88
internal_count=7120 135 102 80 6985 6762 77 55 223 65 158 129 108 81 59 6685 58 6627 508 478 6119 566 501 231 98 270 123 147 59 88
is_linear=0
shrinkage=0.05


Tree=52
num_leaves=31
num_cat=0
split_feature=42 42 20 9 3 42 11 4 40 0 9 9 36 36 21 11 28 16 16 16 32 32 39 15 17 11 4 19 32 7
split_gain=1.14706 1.63272 1.70379 1.86831 1.03467 2.56473 2.18659 2.70079 2.1149 1.95208 1.66107 1.47 1.46644 2.06283 1.13882 2.09995 2.54675 1.64126 2.46842 2.39525 2.35264 3.02675 2.8706 2.22069 1.91432 2.14065 2.0004 1.9688 1.7058 2.02699
threshold=361.70747276313153 390.35033293684802 119.48500000000787 0.0059340815291641941 83005.560000000012 -21.439476665676036 -0.0078395847906923034 1477.5208650000002 -310.41705174410885 83005.560000000012 -0.016347645986993942 -0.0066648747263502537 -4620.431424387868 -1596.6791693666162 82.899999999994193 -0.02013040933284933 -1926.2150142347525 0.0037729160161934804 0.0029431985276476224 0.0041122174153214166 -51.76585215780505 31.185650518062179 416.95714285714405 0.0033839373077502147 0.0026363368424939114 0.00085078563638861667 300.05245000000008 455.43999999999511 1729.9599323202567 0.001152112743266778
decision_type=2 2 2 2 2 2 2 2 2 2 2 2 2 2 2 2 2 2 2 2 2 2 2 2 2 2 2 2 2 2
left_child=4 -2 -3 -4 5 6 7 11 -8 -6 -9 -1 -7 -14 15 16 -11 18 28 23 22 -22 -20 -19 -23 26 -26 -28 29 -17
right_child=1 2 3 -5 9 12 8 10 -10 14 -12 -13 13 -15 -16 17 -18 19 20 -21 21 24 -24 -25 25 -27 27 -29 -30 -31
leaf_value=0.0001468870703333672 -7.2771335196819233e-05 3.1201194716129357e-05 -6.3453629439616399e-05 2.0644055936851505e-06 -5.7492902134465815e-05 0.00030121633729437725 2.7194751933068376e-05 6.3596039625689508e-05 -9.5056214219462555e-05 8.323869885692363e-07 -0.000109253477554066 5.3852167373848151e-05 1.5859425541697703e-06 9.5738329909309775e-05 -1.0069482454259719e-06 4.7244478763863508e-06 -9.0403783568421853e-05 -2.9603881692110986e-06 -3.3017579964807752e-05 2.8336150637334945e-06 -3.9098710479095828e-05 1.9833514194001381e-05 2.1228628618641269e-05 5.3532185998721465e-05 -3.6877752451059156e-05 -3.0090647191099064e-05 3.4825240648516e-05 -3.2179577124212181e-05 5.5205985941029656e-05 -4.9470784951167373e-06
leaf_weight=20 27 21 21 39 37 21 27 36 41 25 33 30 72 43 3907 794 21 46 22 694 27 34 212 118 30 152 67 29 24 450
leaf_count=20 27 21 21 39 37 21 27 36 41 25 33 30 72 43 3907 794 21 46 22 694 27 34 212 118 30 152 67 29 24 450
internal_value=2.10674e-05 -0.00509259 -0.00154321 -0.00583333 9.98289e-05 0.00286378 -0.000935829 0.00315126 -0.00808824 -3.36373e-05 -0.00326087 0.012 0.00808824 0.00586957 3.00661e-05 0.000810565 -0.00978261 0.000991108 0.000149375 0.0027972 -0.00257417 -0.00523599 0.00128205 0.00823171 -0.00384615 -0.00521583 -0.000396825 0.003125 0.00138013 0.0011254
internal_weight=7120 108 81 60 7012 323 187 119 68 6689 69 50 136 115 6652 2745 46 2699 1841 858 573 339 234 164 312 278 126 96 1268 1244
internal_count=7120 108 81 60 7012 323 187 119 68 6689 69 50 136 115 6652 2745 46 2699 1841 858 573 339 234 164 312 278 126 96 1268 1244
is_linear=0
shrinkage=0.05


Tree=53
num_leaves=31
num_cat=0
split_feature=7 7 25 4 21 34 0 5 41 13 34 11 13 7 39 28 5 24 30 16 16 3 18 0 2 34 9 20 28 42
split_gain=0.956775 2.13865 2.04088 2.24208 2.27842 1.68289 2.08656 1.97249 1.75011 2.96715 1.66632 1.66353 2.16663 2.73687 1.80843 1.77408 1.6318 1.62977 3.02097 2.43331 2.25952 1.85001 2.1279 2.00973 2.72826 2.61874 1.9867 1.89318 3.04427 1.89408
threshold=-0.00097426750537862774 -0.00094176320804867776 0.77401421716579044 867.3682950000001 125.69499999999972 90248.323655864529 83963.720000000016 -0.0032353310966464258 -183.40376006817331 -0.0078065085001467107 118727.99403156167 -0.0032719584590464534 -0.015860144612523157 -0.0055036472448107519 722.09214285714302 -359.40802245690423 0.0035147420442363884 478.52551430000005 118140.92038728525 0.0024215201201390189 0.0021820521058392686 83005.560000000012 358.69999999999715 84951.675000000003 84250.335000000006 84175.178539254804 0.0013335428368324027 467.84499999999395 1988.6307117539766 29.87949569455559
decision_type=2 2 2 2 2 2 2 2 2 2 2 2 2 2 2 2 2 2 2 2 2 2 2 2 2 2 2 2 2 2
left_child=2 -2 5 4 -4 6 7 -1 -9 -10 16 12 -8 15 -13 -14 -5 18 19 20 -3 22 26 24 25 -23 -19 -25 29 -29
right_child=1 17 3 10 -6 -7 11 8 9 -11 -12 14 13 -15 -16 -17 -18 21 -20 -21 -22 23 -24 27 -26 -27 -28 28 -30 -31
leaf_value=5.2190443256610839e-05 -5.5682176957586476e-05 1.9587114566429616e-06 -1.209349881169975e-05 1.3931707335246595e-06 -7.3151818862365683e-05 6.1707597835314295e-07 7.106894332089475e-05 3.2563000643297061e-05 -0.00018838214331845797 -2.8272739519208766e-07 -0.00013132515037249693 3.5766950392325171e-05 -2.2747790892166619e-05 -5.5125284833905748e-05 9.2987913720432117e-06 7.7428721028005427e-05 -0.00011762073468910323 -3.0845288258849471e-06 -3.4125014023981889e-05 2.0215883383884345e-05 -2.4416127706950258e-05 1.9652951101235579e-06 -3.0636468207389847e-05 -2.1791970726560493e-06 -5.0951789252608934e-05 -5.896130523338843e-05 9.4589828091179326e-05 2.7238287003027327e-05 -3.9416787967440337e-05 0.00010472867782815288
leaf_weight=65 28 383 38 481 28 1662 34 41 32 52 20 151 20 79 62 26 35 34 20 291 67 159 54 2887 79 76 72 58 25 61
leaf_count=65 28 383 38 481 28 1662 34 41 32 52 20 151 20 79 62 26 35 34 20 291 67 159 54 2887 79 76 72 58 25 61
internal_value=-4.21348e-05 -0.000512343 0.000672328 -0.0019103 -0.0106061 0.0013714 0.00373665 -0.000526316 -0.0042 -0.00833333 -0.000839552 0.00591398 0.00204403 -0.001 0.00880282 0.00869565 -0.000290698 -0.000421941 0.00167543 0.00219298 -0.000111111 -0.000877318 0.004375 -0.00112855 -0.00493631 -0.00223404 0.00849057 -0.000734081 0.00486111 0.00819328
internal_weight=7120 4294 2826 602 66 2224 562 190 125 84 536 372 159 125 213 46 516 4266 761 741 450 3505 160 3345 314 235 106 3031 144 119
internal_count=7120 4294 2826 602 66 2224 562 190 125 84 536 372 159 125 213 46 516 4266 761 741 450 3505 160 3345 314 235 106 3031 144 119
is_linear=0
shrinkage=0.05


Tree=54
num_leaves=31
num_cat=0
split_feature=42 19 19 9 21 15 18 23 22 39 36 41 24 15 11 17 19 1 7 23 7 18 5 17 42 13 22 18 25 4
split_gain=1.12823 1.51145 1.08289 2.49447 1.47659 1.07245 1.64796 1.77846 1.18039 2.05007 1.52228 1.34713 2.06751 1.8221 1.42609 1.15454 1.46507 1.33355 1.14815 1.11284 1.03408 1.40876 1.568 2.07454 1.34073 2.01144 1.68185 1.52488 2.25029 1.33303
threshold=361.70747276313153 589.7150000000039 1464.3549999999962 0.01077624552935552 223.34500000000119 0.00089893999329475219 -21.469999999993885 -0.40277939362135545 267.10827675000002 207.84464285714373 1444.3422449985594 -62.781950789360629 333.30142920000003 0.001360992178078312 -0.0012365009036252289 0.0017184443038831909 483.97500000000588 115954.98000000001 0.00051749073253044571 3.9819891291041771 0.0066769132612132095 -84.650000000001441 0.0050749270713093013 0.0089402227091251903 99.715330587777586 0.018700740591250875 871.16520450000019 1189.840000000004 -0.15925103054452522 570.99227000000008
decision_type=2 2 2 2 2 2 2 2 2 2 2 2 2 2 2 2 2 2 2 2 2 2 2 2 2 2 2 2 2 2
left_child=5 -2 3 4 -3 6 7 -1 10 -10 11 12 -7 -14 -13 16 17 -11 -16 20 -17 -22 29 24 27 -26 -27 28 -24 -23
right_child=1 2 -4 -5 -6 8 -8 -9 9 15 -12 14 13 -15 18 19 -18 -19 -20 -21 21 22 23 -25 25 26 -28 -29 -30 -31
leaf_value=1.5113524927567814e-05 -5.6287278725017647e-05 -4.6220826596790501e-05 -0.00013762006303022221 4.2614113011809115e-05 2.4352293941771192e-05 -2.4729217110231638e-05 -1.1703752657599721e-05 -2.1464167381148641e-05 -3.5272575805516586e-05 -6.1022162593169085e-06 -2.1882222283092172e-05 3.7189214304305509e-05 2.5452582427998279e-05 -5.6035295519434507e-06 -6.8415109134348783e-06 3.6178654005477615e-07 7.9056829503050825e-05 -4.736339002261349e-05 2.2589536667165738e-05 8.077392279437735e-05 4.4850385928821729e-05 1.8670303546173802e-06 1.5670547622490216e-05 -8.3366213389475538e-05 7.3246828198427058e-05 -2.9913723712822126e-05 8.9002781506473711e-05 8.1242424179517675e-05 -4.6141009877371881e-05 -3.2465740068812766e-05
leaf_weight=20 20 24 20 23 21 24 46 21 24 52 24 39 25 28 39 5947 27 20 57 22 46 39 27 26 47 35 37 23 89 228
leaf_count=20 20 24 20 23 21 24 46 21 24 52 24 39 25 28 39 5947 27 20 57 22 46 39 27 26 47 35 37 23 89 228
internal_value=-2.10674e-05 -0.00509259 -0.00227273 0.000735294 -0.00611111 5.70451e-05 -0.00545977 0.00182927 0.000126354 3.73748e-06 0.00360169 0.00495283 -0.000324675 0.00518868 0.00796296 5.62641e-05 -0.00530303 -0.00902778 0.0046875 0.00013707 9.93276e-05 -0.00188442 -0.00258621 0 0.00135659 0.0052521 0 -0.00197842 -0.00431034 -0.00533708
internal_weight=7120 108 88 68 45 7012 87 41 6925 6689 236 212 77 53 135 6665 99 72 96 6566 6544 597 551 284 258 119 72 139 116 267
internal_count=7120 108 88 68 45 7012 87 41 6925 6689 236 212 77 53 135 6665 99 72 96 6566 6544 597 551 284 258 119 72 139 116 267
is_linear=0
shrinkage=0.05


Tree=55
num_leaves=31
num_cat=0
split_feature=2 42 19 19 9 17 22 41 19 19 38 42 21 15 36 13 13 32 1 3 31 11 41 32 16 1 11 22 7 25
split_gain=1.04737 0.92456 1.62635 1.20655 2.57326 0.86467 1.83515 2.29338 1.67644 1.23636 0.88344 2.06689 1.24504 1.09113 0.717692 2.38974 2.95182 1.54696 2.13877 1.89254 2.35384 1.43202 2.37601 1.37382 2.55241 2.05192 2.50384 2.13325 1.28161 1.13335
threshold=76817.520000000019 361.70747276313153 589.7150000000039 1464.3549999999962 0.0086380210776100912 0.0017184443038831909 334.47240824999989 47.769944627994413 195.93000000000032 455.43999999999511 83.377606925580764 180.80913836038005 129.76000000000207 0.0047101537905142815 5894.7940254147043 0.0023403828227697644 0.015044990589753117 2284.1090314218241 89763.375000000015 92979.840000000011 96217.008800000025 0.014656703774668623 714.06553059023861 1870.7500911006357 0.003352326812878672 111269.56000000001 0.0031283583366271566 969.85732775000008 2.9612377707185919e-05 -0.011039102321105625
decision_type=2 2 2 2 2 2 2 2 2 2 2 2 2 2 2 2 2 2 2 2 2 2 2 2 2 2 2 2 2 2
left_child=-1 5 -3 4 -4 6 7 8 -2 -8 14 -12 -13 -14 17 -16 -17 23 -19 -20 -21 22 -22 -7 -25 26 -26 -28 -24 -18
right_child=1 2 3 -5 -6 10 9 -9 -10 -11 11 12 13 -15 15 16 29 18 19 20 21 -23 28 24 25 -27 27 -29 -30 -31
leaf_value=9.5806184119175076e-05 7.4215948803952655e-07 -5.347291478876677e-05 -4.2744816308995818e-05 -0.00013073905987871109 4.0483407361218663e-05 3.0588495896970383e-07 -3.5918303401010591e-05 3.5149649564388604e-05 -2.1906854797113321e-05 2.4341124600871192e-05 -5.9758805700454012e-05 2.9718159715946576e-05 -2.8870010354628748e-05 4.5795599678900027e-05 4.2440320130417801e-05 -0.00010593511340354816 6.3540181634399271e-05 -9.1983079203780839e-05 0.0001017865688035509 -8.943866354255431e-05 0.00011578536606320853 -9.0336394035193922e-06 -4.0366401415862733e-06 3.6470018228878579e-05 8.1901530379954312e-06 -9.2147441566705669e-05 -4.6711728238400472e-07 -0.00010914257754726832 5.5914719501821153e-05 -2.8178546638903359e-05
leaf_weight=29 34 20 37 20 31 6206 47 38 33 22 25 31 22 20 30 24 24 21 42 20 24 41 28 43 37 28 33 37 38 35
leaf_count=29 34 20 37 20 31 6206 47 38 33 22 25 31 22 20 30 24 24 21 42 20 24 41 28 43 37 28 33 37 38 35
internal_value=0 -3.87816e-05 -0.00462963 -0.00170455 0.00147059 3.22211e-05 -0.00344828 0.000714286 -0.00485075 -0.00978261 0.000121163 -0.00459184 -0.000342466 -0.00595238 0.000189987 -0.00376106 -0.00813253 0.000257654 0.00443925 0.00608808 0.00347682 0.00591603 0.00944444 0.000117481 -0.00421348 -0.00759259 -0.00443925 -0.01 0.00454545 -0.00211864
internal_weight=7120 7091 108 88 68 6983 174 105 67 69 6809 98 73 42 6711 113 83 6598 214 193 151 131 90 6384 178 135 107 70 66 59
internal_count=7120 7091 108 88 68 6983 174 105 67 69 6809 98 73 42 6711 113 83 6598 214 193 151 131 90 6384 178 135 107 70 66 59
is_linear=0
shrinkage=0.05


Tree=56
num_leaves=31
num_cat=0
split_feature=13 25 36 5 20 28 21 22 4 20 42 11 20 11 38 16 15 42 11 9 17 40 22 16 18 21 22 15 13 13
split_gain=1.24614 1.66116 2.82958 1.44336 1.5897 1.82088 1.55783 1.4319 1.41737 1.57435 1.20511 1.82949 1.44617 1.26944 1.15167 1.14333 1.06486 2.01388 2.04326 2.25506 2.296 1.82861 1.54672 2.10827 2.02147 1.90474 1.88129 1.79855 2.54345 1.78393
threshold=0.021105291149608661 -0.57388806251098423 1053.1097012950052 -0.0023010532327555548 420.0999999999986 1988.6307117539766 31.919999999998257 828.71805450000011 1046.1322900000002 234.13500000000207 205.89971331610491 0.010791888159347262 124.62999999999739 0.022099952455079088 69.834338375149827 0.006881409996695613 0.0042500782538311809 95.666812323951333 0.0044174489012321965 0.003497045220761249 0.0049667432665772048 7.7149724791961498 862.02513975000022 0.0045266948366351799 -555.56500000000221 663.05000000000302 1707.0823800750002 0.0039302139955786916 0.0040015572118281724 0.016761823872618941
decision_type=2 2 2 2 2 2 2 2 2 2 2 2 2 2 2 2 2 2 2 2 2 2 2 2 2 2 2 2 2 2
left_child=16 2 14 8 6 -6 7 -5 -3 -10 12 -12 -8 -13 -2 -15 22 -18 -19 20 -20 -21 25 24 -24 -1 27 28 -25 -26
right_child=1 3 -4 4 5 -7 10 -9 9 -11 11 13 -14 15 -16 -17 17 18 19 21 -22 -23 23 26 29 -27 -28 -29 -30 -31
leaf_value=3.1776099166931533e-07 -6.8758372282174334e-05 9.757262995577642e-05 2.7235761763901909e-05 -2.1291553153638291e-05 7.876905815284207e-05 -1.9293570410473622e-05 -7.7074283568712525e-05 5.0969809278705633e-05 -6.4993641114371856e-05 0.000107922144007616 2.448083009385125e-05 -5.5932524302635452e-05 -2.3706669360219117e-05 1.2822776197720597e-05 -6.5994476264989054e-05 -6.2008201479581953e-05 8.3287621501943338e-07 8.0847830643988956e-05 3.4699663530890241e-06 2.721248171785412e-06 -5.4361853254477202e-05 4.7140221963544495e-05 7.022142493886642e-05 2.4762705121517399e-05 -1.8021714746989885e-05 -7.5812233417688429e-05 -6.5373711876644329e-05 -2.6506060249475605e-05 -5.7470327305665246e-06 -7.5889671385228423e-05
leaf_weight=3812 26 22 23 22 33 27 43 38 26 21 36 58 51 35 27 25 1435 134 61 79 63 82 28 176 474 23 27 59 131 23
leaf_count=3812 26 22 23 22 33 27 43 38 26 21 36 58 51 35 27 25 1435 134 61 79 63 82 28 176 474 23 27 59 131 23
internal_value=-1.40449e-05 -0.00238791 -0.00921053 -0.00120137 -0.00244565 0.005 -0.0038961 0.00333333 0.00543478 0.000531915 -0.00564516 -0.00292208 -0.0101064 -0.0059322 -0.015566 -0.000833333 0.000170274 0.00118662 0.00423628 0.00184211 -0.00322581 0.00574534 -0.000226173 -0.00206972 -0.00414286 0.000215124 0.000699746 0.00163934 0.0031759 -0.00487928
internal_weight=7120 513 76 437 368 60 308 60 69 47 248 154 94 118 53 60 6607 1854 419 285 124 161 4753 918 525 3835 393 366 307 497
internal_count=7120 513 76 437 368 60 308 60 69 47 248 154 94 118 53 60 6607 1854 419 285 124 161 4753 918 525 3835 393 366 307 497
is_linear=0
shrinkage=0.05


Tree=57
num_leaves=31
num_cat=0
split_feature=23 36 19 23 9 7 39 23 36 38 21 9 19 35 19 23 38 38 7 21 36 25 0 11 11 3 13 24 34 24
split_gain=1.25607 1.81747 1.53191 1.32669 2.33938 2.17419 2.53448 1.58824 1.41176 1.6 1.00275 0.95014 1.4007 2.1205 2.14606 2.41665 1.73616 1.70468 2.83445 2.56019 2.41495 2.40689 1.8509 1.84251 2.16988 1.78486 2.44805 2.31945 1.90476 1.68052
threshold=-1.2937921639461594 438.92763831229246 302.32000000000704 -1.0889161886734051 0.0050264601181333824 -0.0028685586438372455 671.89785714285779 -1.1206728814856117 -2064.180585603382 56.936989185914165 97.735000000000596 -0.002040824720811418 570.01000000000215 82885.735000000001 563.52999999999895 2.3364195659813793 84.220480904781056 36.67965242018613 0.0060761672033232102 25.764999999999421 -7324.0040079236123 0.31447041768509715 118973.00000000001 0.0094388145064581586 -0.0025426400338883211 111214.26500000001 -0.00058563745242916235 863.28227249999998 104126.39080039413 482.69405440000008
decision_type=2 2 2 2 2 2 2 2 2 2 2 2 2 2 2 2 2 2 2 2 2 2 2 2 2 2 2 2 2 2
left_child=1 2 -1 4 5 -2 7 8 -7 -10 -4 -5 13 -13 15 16 -15 20 21 -20 -14 -19 23 24 -23 26 -21 -28 -29 -26
right_child=3 -3 10 11 -6 6 -8 -9 9 -11 -12 12 17 14 -16 -17 -18 18 19 25 -22 22 -24 -25 29 -27 27 28 -30 -31
leaf_value=1.9923973660177927e-05 2.5176701165242147e-05 2.7576322692871618e-05 -4.4293185306999282e-05 1.9115619042273817e-06 2.076809313131937e-05 3.9324693946796807e-05 -6.0580752839311954e-05 -4.5443350810663124e-05 -2.8310110299497324e-05 2.0091750879100076e-05 2.5130644085192027e-07 -3.6811722737683073e-05 0.00017933965700478818 -1.052877324369205e-06 -7.4572897134801591e-05 7.4916962612774158e-05 -2.018470416951661e-05 2.7659944120272346e-05 2.7661636791961313e-05 -7.7658055521871423e-05 -2.3834535329106851e-05 3.8275972241960498e-05 8.9025033345345699e-05 2.2554844764979019e-05 1.8569102650942589e-06 -4.2292302763584014e-05 2.8055765732544878e-05 -3.5623622398116824e-05 6.1140456423450386e-05 -6.633806585502483e-05
leaf_weight=47 33 51 22 2213 25 21 56 28 63 35 25 86 21 2707 34 22 37 541 97 59 214 45 30 72 35 92 103 140 28 138
leaf_count=47 33 51 22 2213 25 21 56 28 63 35 25 86 21 2707 34 22 37 541 97 59 214 45 30 72 35 92 103 140 28 138
internal_value=4.91573e-05 0.00465517 0.000531915 -4.6595e-05 -0.00354406 -0.00508475 -0.0070197 -0.00357143 -0.00105042 -0.00357143 -0.00585106 8.93655e-05 -0.000327705 -0.000987526 -0.00075 -0.000596529 -0.000728863 0.000851393 0.00152174 -0.00139692 -0.00308511 0.00328107 -0.00015625 -0.00137931 -0.00366972 -0.00308057 -0.00136364 0.000645756 -0.00297619 -0.00621387
internal_weight=7120 145 94 6975 261 236 203 147 119 98 47 6714 4501 2886 2800 2766 2744 1615 1380 519 235 861 320 290 218 422 330 271 168 173
internal_count=7120 145 94 6975 261 236 203 147 119 98 47 6714 4501 2886 2800 2766 2744 1615 1380 519 235 861 320 290 218 422 330 271 168 173
is_linear=0
shrinkage=0.05


Tree=58
num_leaves=31
num_cat=0
split_feature=17 20 21 2 17 5 19 21 24 40 16 40 40 32 21 4 20 15 18 23 3 39 34 24 42 15 7 13 4 19
split_gain=0.969855 1.88389 1.71671 1.60666 1.89724 1.49031 1.5359 2.6898 1.84477 1.22106 1.15005 1.68982 1.14369 1.084 1.29274 1.03052 0.871111 0.867118 1.58699 1.01267 2.04322 0.917098 0.942648 2.526 2.29331 1.78439 3.50023 2.15717 2.78363 1.80509
threshold=0.0079266471040074175 11.724999999998547 624.96499999999662 86611.885000000009 0.0093077322620267258 0.0047847371157015714 432.59500000000122 212.36499999999799 2213.5940525000001 275.30894003438885 0.009078582450249088 -1046.9581930019192 848.13614205685019 326.0725214452105 206.56500000000236 1273.0897550000002 250.94999999999712 0.00079329330759566892 -32.404999999998829 -1.2937921639461594 102002.65000000001 170.53035714285684 115144.20509193992 333.30142920000003 -335.50906236585513 0.0043145719169039361 0.0080658859834184752 0.0071657536881659725 926.79254500000013 522.79499999999837
decision_type=2 2 2 2 2 2 2 2 2 2 2 2 2 2 2 2 2 2 2 2 2 2 2 2 2 2 2 2 2 2
left_child=10 -2 3 4 13 6 -6 15 -9 -5 17 -12 -11 14 16 -8 -3 18 -1 20 -19 -21 24 -24 -23 26 27 -25 -29 -27
right_child=1 2 -4 9 5 -7 7 8 -10 12 11 -13 -14 -15 -16 -17 -18 19 -20 21 -22 22 23 25 -26 29 -28 28 -30 -31
leaf_value=9.8777689366698918e-06 0.00012507047718231029 2.6486320940491458e-06 5.9955833624952235e-05 -2.6227787399454766e-06 -4.818365011041309e-05 -0.00010496783272895983 7.1079172136730341e-05 2.4257457600988384e-05 -0.00011625602143001243 7.0896227311395042e-05 3.1271045446598361e-05 -8.1794891711186752e-05 7.5013276840659988e-06 -4.1069420065582715e-06 -6.1288090519128773e-05 4.0994067125495301e-05 0.00019637769610592257 -2.3495694541180432e-05 -1.1930700155575286e-05 1.3288715679449032e-05 2.1586828203322525e-05 6.493795645854132e-05 -4.1999701611196958e-05 -8.2847631989520663e-07 1.8923501278774983e-07 -3.4817131039246208e-05 -0.00016446049230419083 -2.3020293587916985e-05 7.633737566400164e-05 2.8507980016313107e-05
leaf_weight=22 20 20 27 28 30 38 22 22 29 21 23 33 36 34 20 20 25 36 36 33 91 60 31 841 5082 59 20 152 23 186
leaf_count=22 20 20 27 28 30 38 22 22 29 21 23 33 36 34 20 20 25 36 36 33 91 60 31 841 5082 59 20 152 23 186
internal_value=0.000133427 0.00255102 0.00174731 0.000797101 -0.00115385 -0.00450311 -0.00182927 0.00134409 -0.00637255 0.00676471 -7.43163e-06 -0.00714286 0.0109649 0.00429293 0.00807692 0.0107143 0.0127778 5.2458e-05 -0.00603448 0.000105836 0.00452756 1.92693e-05 -2.32414e-05 -0.00121951 0.000281991 -0.00087822 -0.00178571 -0.00137795 -0.00642857 0.00295918
internal_weight=7120 392 372 345 260 161 123 93 51 85 6728 56 57 99 65 42 45 6672 58 6614 127 6487 6454 1312 5142 1281 1036 1016 175 245
internal_count=7120 392 372 345 260 161 123 93 51 85 6728 56 57 99 65 42 45 6672 58 6614 127 6487 6454 1312 5142 1281 1036 1016 175 245
is_linear=0
shrinkage=0.05


Tree=59
num_leaves=31
num_cat=0
split_feature=42 15 25 11 15 17 32 24 17 25 42 25 34 30 13 39 38 21 38 7 21 0 4 20 38 42 7 21 24 21
split_gain=0.918395 1.53508 1.15152 1.39228 1.09479 1.38978 1.225 1.14706 1.03924 2.22444 1.78001 2.27167 2.09762 1.81363 1.64653 1.52062 1.48263 2.20182 1.68868 1.40938 1.39769 1.70841 1.91443 2.2996 1.93781 1.30432 1.22032 1.21753 1.10476 1.0826
threshold=270.16168238514359 0.0038870008784685863 -0.6873477708365 0.0029205085618705202 0.0098241119570202356 0.0068813671617405517 2227.1805952706713 1830.2889143 0.0061605686096578649 -0.92253679135745525 -58.321929695691374 -0.48518427929764102 102023.4106735211 91425.351015368404 0.003398140483060513 613.31035714285838 26.924309047357145 208.44000000000236 36.479831523716769 0.00023048465683336489 33.635000000002044 82692.780000000013 1453.5298500000001 160.5000000000073 49.845060336748901 60.260144475430678 0.00059018243880903118 121.97999999999594 1215.6186049000003 742.97000000000128
decision_type=2 2 2 2 2 2 2 2 2 2 2 2 2 2 2 2 2 2 2 2 2 2 2 2 2 2 2 2 2 2
left_child=8 -2 -3 -4 5 -5 -6 -7 29 -10 13 12 14 16 19 -16 17 -11 26 -12 -13 -22 24 -24 -23 -25 -18 -21 -26 -1
right_child=1 2 3 4 6 7 -8 -9 9 10 11 20 -14 -15 15 -17 18 -19 -20 27 21 22 23 25 28 -27 -28 -29 -30 -31
leaf_value=9.4369111913633383e-08 -6.4780262904812774e-05 -3.972052817725829e-05 8.0471228251394113e-05 -2.6427251471447871e-06 -0.00022768581684487455 8.1526818572216132e-05 -1.5100676519055128e-05 9.2516848677584622e-06 3.46806804840297e-05 0.00015650897030085721 2.5854091341731887e-05 9.9671331698155557e-05 5.8125829362584208e-05 -4.7031982142518095e-05 5.5800199274633907e-07 -7.07017938854801e-05 -0.00013614836155368778 -9.1926647528094092e-05 5.9134700273429518e-06 -6.2904401821325446e-05 0.00015216774278821069 -5.3711173743417353e-06 -0.000186417742490025 8.7829691513304777e-05 2.8871078585638595e-05 -7.4318183497758142e-05 1.1549652572098594e-06 1.0405600096715515e-05 0.00011109640951210754 -4.4786676402665738e-05
leaf_weight=6028 30 36 20 120 20 25 20 26 45 27 31 37 27 61 31 51 45 25 91 20 38 27 20 20 23 39 25 22 30 60
leaf_count=6028 30 36 20 120 20 25 20 26 45 27 31 37 27 61 31 51 45 25 91 20 38 27 20 20 23 39 25 22 30 60
internal_value=0.00011236 -0.00260943 -0.00140449 -0.000108225 -0.00130332 0.000438596 -0.00875 0.00735294 0.000230837 0.0020068 0.00130435 0.00336538 -0.000824176 -0.00182482 -0.00306452 -0.00792683 0.000352113 0.00769231 -0.00201863 0.00239726 0.00662393 0.00494924 0.00267296 -0.0028481 0.008125 0.00211864 -0.00785714 -0.00357143 0.0136792 1.64258e-05
internal_weight=7120 297 267 231 211 171 40 51 6823 735 690 416 182 274 155 82 213 52 161 73 234 197 159 79 80 59 70 42 53 6088
internal_count=7120 297 267 231 211 171 40 51 6823 735 690 416 182 274 155 82 213 52 161 73 234 197 159 79 80 59 70 42 53 6088
is_linear=0
shrinkage=0.05


Tree=60
num_leaves=31
num_cat=0
split_feature=13 25 32 32 20 15 20 25 4 42 26 22 42 11 5 36 19 19 31 5 39 17 18 4 4 38 16 25 23 11
split_gain=1.05201 1.84246 1.49825 1.4053 1.68205 1.3703 1.12735 1.59986 2.23525 2.2451 2.09003 3.56874 1.89656 1.75592 2.47279 2.0397 2.25111 2.06899 2.50135 1.9982 1.98333 2.11765 2.13232 1.72857 1.67124 1.78773 4.26257 2.28776 3.03409 1.67005
threshold=0.027544933376003833 -0.50833803162581681 459.09491627904214 1921.6308650758876 120.69499999999972 0.0057207439430140318 134.29999999999566 0.26328868080173601 716.20219000000009 -32.127503987636224 82777.496886144087 2044.7752220000002 310.71874446603562 0.0045250367026753871 -0.0026633325774928916 -1911.6323243216464 630.52500000000157 1071.5449999999985 110201.43020000002 -0.0026633325774928916 584.04035714285635 0.0058942655553125356 133.65500000000614 739.57001000000014 1253.0953700000002 48.135275187765224 0.0032479405002727299 -0.66480015306690232 -0.562031176890188 0.00012839758110116313
decision_type=2 2 2 2 2 2 2 2 2 2 2 2 2 2 2 2 2 2 2 2 2 2 2 2 2 2 2 2 2 2
left_child=6 -2 -3 -4 5 -5 -1 12 9 -9 11 -10 13 15 -15 20 19 18 -18 -17 -8 22 -22 -20 25 26 -16 -27 -29 -21
right_child=1 2 3 4 -6 -7 7 8 10 -11 -12 -13 -14 14 24 16 17 -19 23 29 21 -23 -24 -25 -26 27 -28 28 -30 -31
leaf_value=-5.8779259223290148e-07 -5.5329023784472667e-05 7.8845245739151882e-05 -8.1803136983930996e-05 -2.7025310077049475e-05 -2.1005236473006425e-05 7.3136960018467499e-05 3.8767886909611931e-05 -7.1805354456297329e-05 -0.00021937925669480632 -2.4929418286805346e-06 2.5928139064179551e-06 0.00015555600889367405 9.6785754933852779e-05 3.8588919994764876e-05 0.00011344597233788369 -2.063895334907656e-05 7.9516051720270023e-05 -0.00012895688877802907 5.0131874290593181e-05 2.1387457575692822e-06 -5.2718100254988507e-05 1.146316277573174e-05 1.616646708360567e-05 -3.2056523819917068e-05 9.1642699869877643e-05 -5.4852521333725893e-05 -1.7724775923091171e-05 2.8881152519224596e-05 -3.1717196128369189e-05 2.2359234495056725e-05
leaf_weight=4187 49 22 39 21 103 36 85 38 34 72 846 20 29 34 24 30 120 23 36 409 94 136 42 20 24 50 68 43 155 231
leaf_count=4187 49 22 39 21 103 36 85 38 34 72 846 20 29 34 24 30 120 23 36 409 94 136 42 20 24 50 68 43 155 231
internal_value=9.83146e-05 -0.00296296 -0.0010181 -0.00238693 -0.0003125 0.00657895 0.000218978 0.00102328 -0.000544554 -0.00727273 0.000277778 -0.00925926 0.00198125 0.00175493 -0.00113065 0.00269168 0.00399885 0.00866834 0.0105114 0.00261194 -0.000490196 -0.00257353 -0.00698529 0.00178571 -0.00233516 -0.00323529 0.00271739 -0.00544355 -0.0030303 0.00320312
internal_weight=7120 270 221 199 160 57 6850 2663 1010 110 900 54 1653 1624 398 1226 869 199 176 670 357 272 136 56 364 340 92 248 198 640
internal_count=7120 270 221 199 160 57 6850 2663 1010 110 900 54 1653 1624 398 1226 869 199 176 670 357 272 136 56 364 340 92 248 198 640
is_linear=0
shrinkage=0.05


Tree=61
num_leaves=31
num_cat=0
split_feature=15 25 5 23 4 42 28 22 36 39 34 24 16 28 22 40 4 21 9 20 1 26 4 23 28 22 16 15 42 16
split_gain=0.874914 1.68373 1.40629 1.00283 1.59559 1.28977 1.39725 0.912625 1.56885 1.43842 1.35679 1.89981 1.12068 1.80614 2.32555 1.93493 1.78716 2.1661 2.1285 1.47692 1.66324 2.79016 1.36665 2.53203 2.16571 2.11091 1.67577 2.36702 4.07508 2.03369
threshold=0.00089893999329475219 -0.74435890761287171 -0.00037521740809180233 -1.2937921639461594 456.89363500000007 -31.212356146563902 118.84161693486386 267.10827675000002 1320.8292965952935 207.84464285714373 111663.15160559413 324.21562040000009 0.0020136448957503677 -285.29979400142469 351.88599100000005 -228.43267079292852 343.98795500000011 54.455000000001753 0.0003343303683546277 11.160000000003494 105701.38000000002 114731.86149480088 223.46350000000004 -0.70599012260717375 76.059902175227776 539.37968450000005 0.00252892478742171 0.0016771936094970485 37.664116308300841 0.0024683427882105013
decision_type=2 2 2 2 2 2 2 2 2 2 2 2 2 2 2 2 2 2 2 2 2 2 2 2 2 2 2 2 2 2
left_child=1 -1 -3 4 5 -2 -7 8 10 -9 -5 -12 13 15 16 -11 18 -18 -15 -16 -21 -22 23 24 -14 -26 27 28 -24 -29
right_child=3 2 -4 7 -6 6 -8 9 -10 12 11 -13 22 14 19 -17 17 -19 -20 20 21 -23 26 -25 25 -27 -28 29 -30 -31
leaf_value=3.3565043579661008e-06 3.4895833434459241e-05 -2.676287257953023e-06 -2.336300172538981e-05 2.4958432503142032e-05 -1.8427566934848854e-05 -1.5359215851062855e-06 2.1690145790260632e-05 -3.4273803749467591e-05 -1.4805498831779743e-05 -1.9817590816511369e-05 -2.6478508489916575e-05 5.0093287266650723e-06 9.1401445690237332e-06 -3.092322747049225e-06 8.1918982873456832e-06 3.0402360842538793e-05 2.1536079406622579e-05 -2.4638832034860555e-05 1.5135765436197078e-05 -5.1400311206013829e-05 5.8114734443525647e-06 -2.207401460493679e-05 5.4872701193907028e-05 -4.0404295510500186e-05 -2.9620795231982333e-05 3.3528277587040441e-06 7.3670748572624445e-08 8.5688454105550685e-07 -1.4315257609364717e-05 5.8645145652686667e-05
leaf_weight=26 41 24 37 119 25 34 36 21 31 38 28 49 123 74 32 68 29 43 76 44 46 118 55 54 54 34 5145 509 31 76
leaf_count=26 41 24 37 119 25 34 36 21 31 38 28 49 123 74 32 68 29 43 76 44 46 118 55 54 54 34 5145 509 31 76
internal_value=9.83146e-05 -0.00488506 -0.00942623 0.00015996 0.00441176 0.00698198 0.00285714 7.61201e-05 0.00319383 -2.9985e-05 0.00484694 -0.000324675 1.12799e-05 -0.00211268 -0.0034632 0.00377358 0.000225225 -0.00625 0.00333333 -0.006875 -0.00841346 -0.00609756 0.000209669 -0.00330189 -0.000829384 -0.00681818 0.00036967 0.00271982 0.0104651 0.0015812
internal_weight=7120 87 61 7033 136 111 70 6897 227 6670 196 77 6649 568 462 106 222 72 150 240 208 164 6081 265 211 88 5816 671 86 585
internal_count=7120 87 61 7033 136 111 70 6897 227 6670 196 77 6649 568 462 106 222 72 150 240 208 164 6081 265 211 88 5816 671 86 585
is_linear=0
shrinkage=0.05


Tree=62
num_leaves=31
num_cat=0
split_feature=7 7 25 34 0 11 4 21 31 42 4 38 35 20 24 16 41 19 19 9 23 21 36 38 40 32 22 11 40 31
split_gain=0.867134 2.18957 1.82111 2.11834 2.44948 2.33228 1.98757 2.00183 1.71052 1.66383 1.65137 1.6399 2.03514 1.91845 1.74838 2.22931 1.73072 1.96494 2.07839 1.83477 1.72263 2.66146 2.67076 2.49783 2.99566 2.28438 1.98473 1.75635 1.96455 1.76835
threshold=-0.00097426750537862774 -0.00094176320804867776 0.77401421716579044 90248.323655864529 83963.720000000016 -0.0078395847906923034 867.3682950000001 133.48500000000061 120709.75870000002 -2.713629761755342 962.68047000000013 45.165614725337477 118419.09755000002 742.26499999999226 496.89427690000008 0.0024215201201390189 151.90394118040487 246.73999999999799 378.2050000000018 0.00098681735557964913 -0.71124285650588204 309.4900000000053 -3345.6718378789078 55.013787000403369 -140.7164647426907 -799.22387482666807 1739.8114662500002 0.0041836425542931032 57.650786031357718 95052.507300000012
decision_type=2 2 2 2 2 2 2 2 2 2 2 2 2 2 2 2 2 2 2 2 2 2 2 2 2 2 2 2 2 2
left_child=2 -2 3 4 5 10 7 -4 -8 -7 -1 12 -3 14 15 16 17 -13 -19 -18 21 22 -16 24 25 -24 27 29 -29 -25
right_child=1 11 6 -5 -6 9 8 -9 -10 -11 -12 13 -14 -15 20 -17 19 18 -20 -21 -22 -23 23 26 -26 -27 -28 28 -30 -31
leaf_value=5.0152395834073605e-05 -5.165060005589585e-05 1.1431044531759959e-06 -6.490250027066241e-06 8.4587529738486878e-07 1.8643701999711109e-05 -8.7691724665449187e-05 -1.045351538227679e-06 -6.8796720312205698e-05 -0.00012529139872361576 -2.7372851406646822e-07 -3.6904324964914012e-05 -7.0690809067349186e-06 2.9615044266870423e-05 0.00012510258470223976 -2.9050449928059478e-05 1.2632480667226301e-05 -3.6901181289589289e-05 3.5957590934655784e-05 -2.9552054069326887e-06 -2.6944082713815172e-06 -1.0496510837979448e-05 3.1991693319759168e-05 -1.8862969112350268e-05 -1.0773258239120036e-05 -2.637736935130575e-05 4.7811729791732905e-05 0.00012495278553717961 2.9619952231271721e-05 -2.4028068125983141e-05 1.9351758070939475e-05
leaf_weight=39 28 1148 41 1662 372 47 516 25 20 68 36 141 71 40 73 267 34 74 75 72 1654 30 22 73 193 30 22 36 71 140
leaf_count=39 28 1148 41 1662 372 47 516 25 20 68 36 141 71 40 73 267 34 74 75 72 1654 30 22 73 193 30 22 36 71 140
internal_value=9.83146e-05 -0.000349325 0.000778485 0.00143885 0.00409253 -0.000526316 -0.00166113 -0.00984848 -0.000652985 -0.005 0.00633333 -0.000257853 0.00129204 -0.000877913 -0.00102261 0.00124434 -0.00113636 0.000862069 0.00486577 -0.00660377 -0.00166382 0.000434783 -0.000227273 0.000894378 -0.00295918 0.00769231 0.00365497 0.00265625 -0.00257009 0.00528169
internal_weight=7120 4294 2826 2224 562 190 602 66 536 115 75 4266 1219 3047 3007 663 396 290 149 106 2344 690 660 587 245 52 342 320 107 213
internal_count=7120 4294 2826 2224 562 190 602 66 536 115 75 4266 1219 3047 3007 663 396 290 149 106 2344 690 660 587 245 52 342 320 107 213
is_linear=0
shrinkage=0.05


Tree=63
num_leaves=31
num_cat=0
split_feature=21 24 22 9 36 40 16 39 7 25 25 13 32 25 38 13 23 28 13 40 40 28 11 38 34 25 18 4 21 42
split_gain=0.893154 1.98876 1.9748 1.65762 1.42789 2.47331 1.93406 2.34057 2.41849 2.09565 2.62554 2.00035 1.76779 2.17845 2.38218 1.86582 2.16495 1.99076 1.82615 1.79063 1.87694 1.90425 2.10786 1.79693 2.73261 1.92502 2.19886 1.77171 2.06127 1.71087
threshold=82.899999999994193 340.65322459999999 334.47240824999989 -0.0013014087965684913 -417.63763590146112 -405.22951328034827 0.006198911640849865 793.20357142857245 -0.0032407798915190032 0.1752861881800323 -0.65934650021000019 0.029197210942452787 348.49387892088276 -0.87562540689359991 60.633328580221807 0.00098013462018638089 -0.91370118089535646 -150.87054731410896 0.0004849974180328595 -10.991779755408059 -83.210413401204264 -89.399888516047199 0.0056668589020065921 32.671413590005059 117943.45102742629 -0.45233807089073647 -160.85500000000317 547.6088850000001 45.420000000005537 109.71721643976794
decision_type=2 2 2 2 2 2 2 2 2 2 2 2 2 2 2 2 2 2 2 2 2 2 2 2 2 2 2 2 2 2
left_child=4 2 3 -2 12 -6 7 8 9 10 -7 -8 13 14 -1 18 -17 -18 19 20 21 22 23 24 -15 26 -25 -14 -29 -10
right_child=1 -3 -4 -5 5 6 11 -9 29 -11 -12 -13 27 15 -16 16 17 -19 -20 -21 -22 -23 -24 25 -26 -27 -28 28 -30 -31
leaf_value=3.720181390728819e-05 2.3854901102684544e-05 -4.2219082920848815e-07 -3.1671525417097345e-05 -4.1514869547028087e-05 4.5102658049296663e-05 2.6925554657999116e-05 4.1631393472265683e-05 -4.4659219825789469e-05 -1.5558443495086911e-07 6.0611558819584085e-05 -8.7564018910284814e-07 -3.809406040181588e-06 -6.8116850328194111e-05 2.0816535326490498e-05 -3.3351813356033174e-06 -2.6541131380217918e-05 7.4990175489507676e-05 3.6127859503646574e-06 -2.4242387263028282e-05 1.0024407317135677e-05 -3.7972369893296536e-05 1.0826664287129811e-05 -4.2832672677541896e-05 7.0356695951421372e-05 -4.7948119763893792e-05 -6.1866754449546829e-05 -7.9766688363567951e-06 -3.0204766315722549e-05 6.4500126851558008e-05 1.7332711419747873e-05
leaf_weight=92 25 4127 51 35 46 41 75 59 1260 51 100 35 46 153 35 25 39 162 23 61 39 46 22 22 21 107 64 51 24 183
leaf_count=92 25 4127 51 35 46 41 75 59 1260 51 100 35 46 153 35 25 39 162 23 61 39 46 22 22 21 107 64 51 24 183
internal_value=8.42697e-05 -0.000377537 -0.00698198 -0.000833333 0.000763359 0.00159459 0.00130266 0.000885478 0.00123853 0.00651042 0.00336879 0.00772727 -0.000726744 2.74424e-05 0.00610236 -0.000956633 0.00287611 0.00460199 -0.00250896 -0.00191589 -0.00295359 -0.00201149 -0.0031491 -0.00224796 0.00143678 -0.00556995 0 -0.00640496 -0.00166667 0.000537076
internal_weight=7120 4238 111 60 2882 1850 1804 1694 1635 192 141 110 1032 911 127 784 226 201 558 535 474 435 389 367 174 193 86 121 75 1443
internal_count=7120 4238 111 60 2882 1850 1804 1694 1635 192 141 110 1032 911 127 784 226 201 558 535 474 435 389 367 174 193 86 121 75 1443
is_linear=0
shrinkage=0.05


Tree=64
num_leaves=31
num_cat=0
split_feature=4 39 5 36 18 19 22 21 20 25 21 21 21 20 35 13 4 4 1 16 9 42 39 38 24 19 4 34 35 22
split_gain=0.916341 2.86283 1.94433 1.71107 1.30054 1.12548 2.93716 1.67263 1.78267 1.49412 2.50941 1.24837 2.30867 2.1488 1.86466 1.68873 1.72781 2.50374 1.72883 2.20849 1.94233 2.22379 2.29167 2.04084 1.83179 1.5847 1.54286 1.47743 2.69584 1.30789
threshold=154.49132500000005 230.67928571428641 -0.00018310556304073399 -342.70636251467653 -44.55500000000756 211.78499999999624 323.44582074999988 24.245000000002623 83.954999999994484 -0.81681738210440413 53.574999999997097 20.964999999996511 16.790000000000877 245.44999999999712 83055.204925000013 -0.017105354276907177 994.08282000000008 859.0934400000001 90709.580000000016 0.0029047877071180059 0.0023422049000390121 25.461277306233455 607.80714285714259 36.479831523716769 859.57649490000006 413.79000000000093 2215.9223250000005 114263.24506664446 95300.468475000016 430.79189125000005
decision_type=2 2 2 2 2 2 2 2 2 2 2 2 2 2 2 2 2 2 2 2 2 2 2 2 2 2 2 2 2 2
left_child=1 4 -3 -4 -1 6 -2 8 -8 -9 -11 12 13 14 -7 -16 17 18 19 -17 23 -22 -23 -20 -21 -15 27 28 -27 -13
right_child=5 2 3 -5 -6 11 7 9 -10 10 -12 29 -14 25 15 16 -18 -19 20 24 21 22 -24 -25 -26 26 -28 -29 -30 -31
leaf_value=-9.8620156746191054e-06 1.9601590747813708e-06 2.2511691746239098e-05 -1.3913269233893217e-05 2.4209049964533174e-05 6.6368899746870748e-07 6.1083012936759612e-05 -2.9262509051309896e-05 2.3942487304051514e-06 -3.4354540388026271e-06 2.6641642493471777e-06 -2.9435770272700148e-05 -4.4586694855073282e-06 2.7239197193614181e-05 -8.7603048902811808e-05 -7.5047662940042504e-05 1.8669175111306203e-05 5.3179377030750465e-05 -4.7445688278934623e-05 6.0595702146174927e-05 -3.5486271638997495e-05 3.319381422333101e-05 -2.4661809118841582e-05 3.7616553419012454e-05 -1.6773796315693518e-06 -1.3238381809045017e-06 -5.1840949796669941e-06 -6.438199853957998e-05 -2.9556021815780654e-05 4.9309182486472078e-05 1.7987435237440777e-07
leaf_weight=31 128 39 29 56 48 23 34 76 25 53 74 698 95 23 32 21 64 21 40 24 68 39 23 207 23 36 20 34 50 4986
leaf_count=31 128 39 29 56 48 23 34 76 25 53 74 698 95 23 32 21 64 21 40 24 68 39 23 207 23 36 20 34 50 4986
internal_value=1.40449e-05 0.00332512 0.00806452 0.00382353 -0.00411392 -8.31285e-05 -0.00269231 -0.00572519 -0.0131356 -0.00357143 -0.00688976 7.27746e-05 0.00186833 0.000935829 0.00235043 0.00177936 0.00245283 0.00139485 0.00219101 -0.00514706 0.00351459 0.00846154 0.0016129 0.000910931 -0.0111702 -0.0041411 -0.00214286 0 0.00348837 -0.000193526
internal_weight=7120 203 124 85 79 6917 390 262 59 203 127 6527 843 748 585 562 530 466 445 68 377 130 62 247 47 163 140 120 86 5684
internal_count=7120 203 124 85 79 6917 390 262 59 203 127 6527 843 748 585 562 530 466 445 68 377 130 62 247 47 163 140 120 86 5684
is_linear=0
shrinkage=0.05


Tree=65
num_leaves=31
num_cat=0
split_feature=21 7 36 2 1 19 17 35 0 31 25 42 28 38 23 23 9 25 9 9 32 19 23 23 39 18 41 28 16 19
split_gain=0.848817 1.55937 1.49448 1.54028 3.55925 1.63985 1.17028 1.46038 1.8868 1.97225 1.11364 1.10381 1.62175 1.63486 1.84337 1.66292 1.06536 3.1105 2.53213 2.33735 2.94998 2.44649 1.96394 1.80651 2.08568 1.78892 1.79417 1.72811 1.64323 1.50905
threshold=3.3050000000002915 -0.0052606013025349651 4903.5236858604048 116551.57000000002 115853.57500000001 522.79499999999837 0.0040926943176645579 105981.96592500001 89928.97500000002 83818.637600000002 -0.57784505514192208 99.715330587777586 554.73043462935323 60.633328580221807 -0.20289544837430892 -0.43665587838477576 -0.0054403232381180291 -0.80656707918450421 -0.007064715583593382 -0.01126654028561762 -392.57452347312932 1464.3549999999962 -0.73104338636694421 -0.55497193982871984 858.05035714285793 -631.94000000000221 -149.95670781995875 -124.183319816344 0.0030209578640409142 598.68499999999779
decision_type=2 2 2 2 2 2 2 2 2 2 2 2 2 2 2 2 2 2 2 2 2 2 2 2 2 2 2 2 2 2
left_child=1 -1 3 4 6 -5 11 8 9 -8 -9 12 13 14 15 -3 17 -2 19 20 25 22 -21 -24 28 26 -19 -22 -25 -20
right_child=16 2 -4 5 -6 -7 7 10 -10 -11 -12 -13 -14 -15 -16 -17 -18 18 29 21 27 -23 23 24 -26 -27 -28 -29 -30 -31
leaf_value=-4.6810248791472796e-05 8.1918511451505087e-05 2.7210959777222872e-06 -5.7827613932426436e-05 1.5340491261448522e-05 -2.2804217192908634e-05 9.6587452257206784e-05 2.5723066536733372e-05 -1.9085256886727912e-07 7.3312576625298879e-05 -6.0295192969051496e-05 -5.4667881214084386e-05 3.3880745235059373e-05 -3.2196651846875015e-05 4.2860519150226666e-05 3.0458380462166101e-05 -1.2268393115426002e-05 -6.1183100503525641e-07 0.00010632242370128375 3.7761539602503463e-06 -8.6937147944058979e-05 7.9692971014114054e-05 -0.00030745876725922895 7.0745037004559303e-05 -3.0492618086875598e-05 -5.1752725428548207e-05 -2.5405488608376766e-05 -1.8974098625001658e-06 1.6485408474792116e-05 9.0418659322341363e-06 5.1347295020218245e-05
leaf_weight=24 34 87 23 37 21 20 22 22 30 31 22 38 24 29 43 23 5517 96 146 26 42 34 26 69 54 165 74 20 186 135
leaf_count=24 34 87 23 37 21 20 22 22 30 31 22 38 24 29 43 23 5517 96 146 26 42 34 26 69 54 165 74 20 186 135
internal_value=2.10674e-05 0.00201613 0.00264831 0.00328508 0.00216837 0.0109649 0.00330189 -0.000590551 0.00331325 -0.00235849 -0.00795455 0.00532787 0.0038835 0.00549451 0.00343137 0 -0.000128321 0.00128726 0.000815471 -0.000631313 0.00207809 -0.00335443 -0.00214681 -0.0011194 -0.00218447 0.000223881 0.00382353 0.0120968 -0.000294118 0.00489324
internal_weight=7120 496 472 449 392 57 371 127 83 53 44 244 206 182 153 110 6624 1107 1073 792 397 395 361 335 309 335 170 62 255 281
internal_count=7120 496 472 449 392 57 371 127 83 53 44 244 206 182 153 110 6624 1107 1073 792 397 395 361 335 309 335 170 62 255 281
is_linear=0
shrinkage=0.05


Tree=66
num_leaves=31
num_cat=0
split_feature=2 23 36 9 9 5 9 9 11 13 22 9 13 24 24 34 1 2 23 23 9 0 42 38 19 19 0 32 9 15
split_gain=1.05514 0.808287 1.84343 1.04233 2.60645 1.01331 0.841069 1.8106 2.2945 3.7727 1.44944 1.34692 1.49118 1.20178 1.3408 2.29036 2.24232 2.57177 1.95134 2.30134 1.79825 1.67504 2.19674 2.74656 2.19135 3.79892 1.96701 1.82454 1.61817 1.61671
threshold=76817.520000000019 -1.2937921639461594 438.92763831229246 0.0027561571449802214 0.00043753838615025165 0.00034495173305689868 -0.0010361910715756576 -0.00069823248601838127 -0.0027217571830710613 0.0047757431904270091 486.88398175000003 -0.0011354699950416609 0.0016069431782602505 246.36932670000002 576.8094275000002 115144.20509193992 83185.980000000025 79209.950000000012 -0.014187925297414571 0.85344569355124789 0.0035642171877124889 84951.675000000003 48.385365577438748 61.888752708644624 166.65999999999624 203.44500000000701 85905.650000000009 1395.1803029657679 0.002288090439745739 0.0014438839671036927
decision_type=2 2 2 2 2 2 2 2 2 2 2 2 2 2 2 2 2 2 2 2 2 2 2 2 2 2 2 2 2 2
left_child=-1 2 3 4 -2 -4 11 8 -8 10 -10 -3 -13 -9 15 20 17 -16 -17 -20 -15 22 28 -24 -23 -26 -27 -25 -18 -28
right_child=1 6 5 -5 -6 -7 7 13 9 -11 -12 12 -14 14 16 18 21 -19 19 -21 -22 24 23 27 25 26 29 -29 -30 -31
leaf_value=7.7028000252345598e-05 -4.9590897326965712e-06 1.100123693065994e-06 4.0955203297201126e-05 -2.7064639475088237e-06 3.8267278239447553e-05 1.1065408136790969e-06 -4.0914771319971891e-05 -2.4132230619566994e-05 -1.1616590142554402e-05 -4.5663723149964572e-05 5.4376610484045927e-05 -4.8320246814832693e-06 8.7409014950709212e-05 5.5817504083177057e-07 -0.00014853124744800255 6.351871892349126e-07 1.2066705140728288e-05 7.4500527450790165e-05 -3.3000095600734959e-05 1.4398394497798084e-06 1.8204946902196871e-05 1.4859047747803523e-05 -6.3740191146792347e-05 1.5305946550715555e-05 -2.6428126432860178e-05 3.8807199364313235e-05 -1.4139927212445144e-05 -7.5130452105931164e-05 -2.1440449791059746e-05 -1.3886801123986304e-06
leaf_weight=29 48 2776 31 23 23 20 46 28 28 49 43 20 34 521 25 147 58 108 56 39 314 49 66 58 46 69 72 21 82 2191
leaf_count=29 48 2776 31 23 23 20 46 28 28 49 43 20 34 521 25 147 58 108 56 39 314 49 66 58 46 69 72 21 82 2191
internal_value=-3.51124e-05 -7.40375e-05 0.00362069 -0.000531915 0.00246479 0.0112745 -0.000151166 -0.000607386 -0.00572289 -0.00208333 0.00528169 0.000512367 0.00833333 -0.000392405 -0.000318715 0.00118384 -0.000887522 0.00545113 -0.00309917 -0.00868421 0.00242515 -0.00119838 -0.00482456 -0.00913793 -0.000772559 -0.000988225 -0.000707547 -0.0028481 -0.000357143 -0.000961114
internal_weight=7120 7091 145 94 71 51 6946 4116 166 120 71 2830 54 3950 3922 1077 2845 133 242 95 835 2712 285 145 2427 2378 2332 79 140 2263
internal_count=7120 7091 145 94 71 51 6946 4116 166 120 71 2830 54 3950 3922 1077 2845 133 242 95 835 2712 285 145 2427 2378 2332 79 140 2263
is_linear=0
shrinkage=0.05


Tree=67
num_leaves=31
num_cat=0
split_feature=2 30 27 19 22 7 39 41 34 34 25 9 21 21 16 41 42 42 32 25 7 11 24 9 40 13 15 16 11 13
split_gain=1.05982 1.05622 1.16912 1.41353 1.45929 1.09961 1.95647 1.8558 1.77608 1.62102 1.86124 1.83261 3.16588 1.87442 1.61812 2.67331 2.11186 2.18668 1.55035 2.27613 1.68703 2.19495 2.03739 1.53345 1.52378 2.34265 1.5226 1.44683 1.53088 1.44048
threshold=76817.520000000019 80188.790478910785 81936.690500000012 598.68499999999779 2084.0038767500005 -0.00097426750537862774 1457.2046428571441 945.78524675712049 90327.592414217259 87867.505715309628 -0.94683704564345128 0.0077686001813699118 309.4900000000053 145.31999999999974 0.0076058015280484363 -529.45019586769456 101.39006948353843 28.801352514761877 -3670.4728263067659 0.72660569548542375 -0.0070634068567858891 -0.010461018757326407 549.43557940000017 0.011685693049826232 -364.77271744418971 -0.0090693058458109939 0.0071355736841657007 0.0059596096910583341 -0.0028104510683379979 0.0071657536881659725
decision_type=2 2 2 2 2 2 2 2 2 2 2 2 2 2 2 2 2 2 2 2 2 2 2 2 2 2 2 2 2 2
left_child=-1 -2 3 -3 -5 7 9 8 18 10 -7 12 -12 23 15 16 17 26 -4 20 21 -20 -22 -13 -21 -26 27 28 -10 -9
right_child=1 2 5 4 -6 6 -8 29 14 -11 11 13 -14 -15 -16 -17 -18 -19 19 24 22 -23 -24 -25 25 -27 -28 -29 -30 -31
leaf_value=7.3176600239728315e-05 -3.6614598781660531e-05 0.00010055981201283409 0.00015827614285391633 -6.6675256126054794e-05 0.00010213971205372288 -6.4294047657431066e-05 -4.4966096933294551e-05 9.9925956610210983e-05 0.00012814945613283618 -1.2578978412029199e-07 -6.1421371932614763e-06 -2.4356442076224276e-05 0.00021041504562440306 -9.2628198590156548e-05 -8.6278549079700926e-05 -6.0377810306422577e-07 9.9116568467206905e-05 -6.6007615844897979e-05 1.7422826643367229e-05 -0.00019203748173969527 4.2144527553106121e-05 0.00011242848465366907 2.3280448571686396e-06 6.4924464818192634e-05 8.7398547648514407e-05 -4.0547737168076944e-05 0.00017432811052866978 -9.2684108323155752e-05 -8.8376326643574147e-06 1.5969388000489386e-05
leaf_weight=29 67 20 22 36 23 24 46 21 45 3603 392 27 24 48 67 1837 39 31 34 22 39 40 365 25 28 58 25 35 21 27
leaf_count=29 67 20 22 36 23 24 46 21 45 3603 392 27 24 48 67 1837 39 31 34 22 39 40 365 25 28 58 25 35 21 27
internal_value=-5.61798e-05 -9.51911e-05 -3.55923e-05 0.00601266 0.00211864 -0.000104392 -0.000614705 0.000671263 0.000498523 -0.000500845 -0.00305556 -0.00242248 -0.000961538 -0.0085 -0.000190476 6.14855e-05 0.00561224 0.00302548 0.00287829 0.00238908 0.00387029 0.0108108 0.00259901 -0.00192308 -0.00416667 -0.00116279 0.00595238 0.00321782 0.00757576 0.0104167
internal_weight=7120 7091 7024 79 59 6945 4189 2756 2708 4143 540 516 416 100 2100 2033 196 157 608 586 478 74 404 52 108 86 126 101 66 48
internal_count=7120 7091 7024 79 59 6945 4189 2756 2708 4143 540 516 416 100 2100 2033 196 157 608 586 478 74 404 52 108 86 126 101 66 48
is_linear=0
shrinkage=0.05


Tree=68
num_leaves=31
num_cat=0
split_feature=11 11 34 36 32 32 4 4 25 42 36 36 13 22 32 30 41 21 5 23 25 36 24 41 39 15 5 15 32 25
split_gain=0.755536 2.19035 2.11194 1.37407 2.16657 1.6686 2.40545 1.47165 1.70059 2.25382 2.08846 2.7763 2.38026 1.9586 1.94683 2.08161 1.99617 1.91997 1.84075 1.82317 2.37064 2.51162 1.81518 1.61463 1.66158 1.90244 1.79787 1.58348 1.875 1.55127
threshold=0.0048998680794387827 0.0051327169418181164 118375.89741876793 -417.63763590146112 812.08823515086999 -1391.6147617325839 926.79254500000013 2939.5172400000006 -0.16642218123534794 130.15025909586026 470.55940293936152 512.02636733201518 0.0057695952078976312 743.89507225 482.01464501667948 84492.896746457685 219.65787207374649 4.3600000000078589 -0.0007009537718188568 -0.88766912618199156 -0.68342219430693596 906.66518659480801 585.0295923000001 449.97760542781805 222.27285714285611 0.0018848884033834561 -7.0468029372868629e-05 0.0028174947053715088 -309.32749603519181 -0.55351612981075771
decision_type=2 2 2 2 2 2 2 2 2 2 2 2 2 2 2 2 2 2 2 2 2 2 2 2 2 2 2 2 2 2
left_child=3 -2 -3 4 -1 6 -5 8 9 10 12 -12 23 -14 15 -13 -16 -10 -18 -17 -21 27 -20 24 26 -26 -7 28 -22 -27
right_child=1 2 -4 5 -6 7 -8 -9 17 -11 11 14 13 -15 16 19 18 -19 22 20 21 -23 -24 -25 25 29 -28 -29 -30 -31
leaf_value=-5.8199073021355049e-07 -6.9959917984712617e-05 -5.3681899569166717e-07 -3.3115591021534749e-05 2.2705809618037112e-05 -3.8929693776785518e-05 -1.3289119254873278e-05 -4.416429818706038e-07 3.0060040820939246e-05 2.0506349088901225e-05 3.2914437868879546e-05 -5.9334494098713277e-05 8.1979166741574658e-05 -2.2579323685632918e-05 8.3783210320702322e-05 2.1113413744749239e-05 4.7731414430889018e-06 8.6421377548872884e-06 -4.1486109506527707e-06 -5.4569422541908579e-05 -2.4753380294161123e-05 -5.5131869572093691e-05 -7.4164698908160746e-06 8.1310026221409286e-07 -4.0423635219260238e-05 3.1093491707436122e-05 2.8322028412711349e-05 3.3064121633722646e-06 4.7588406027393245e-05 3.3470032257338635e-05 -1.5593482362527876e-06
leaf_weight=2304 56 1747 39 25 34 47 30 22 44 58 21 22 41 20 124 135 223 885 40 177 20 241 303 21 105 140 47 22 40 87
leaf_count=2304 56 1747 39 25 34 47 30 22 44 58 21 22 41 20 124 135 223 885 40 177 20 241 303 21 105 140 47 22 40 87
internal_value=-0.000105337 -0.000977199 -0.000671892 0.000198939 -0.000705731 0.000918367 0.00954545 0.000753899 0.000654907 0.00149948 0.00119936 0.000182749 0.00393701 -0.00532787 0.000463994 -0.00148402 0.00231884 -0.00110334 0.00106007 -0.00200787 -0.0034 -0.000851393 -0.00123907 0.00520134 0.00586854 0.00753012 0 0.00670732 0.0025 0.00495595
internal_weight=7120 1842 1786 5278 2338 2940 55 2885 2863 1934 1876 1368 508 61 1347 657 690 929 566 635 500 323 343 447 426 332 94 82 60 227
internal_count=7120 1842 1786 5278 2338 2940 55 2885 2863 1934 1876 1368 508 61 1347 657 690 929 566 635 500 323 343 447 426 332 94 82 60 227
is_linear=0
shrinkage=0.05


Tree=69
num_leaves=31
num_cat=0
split_feature=23 36 20 5 41 41 38 7 17 19 23 4 13 9 41 23 24 17 24 13 41 32 19 21 3 22 32 28 13 7
split_gain=0.840665 1.84343 1.23777 1.01331 0.969048 1.85451 2.99731 1.65638 1.59117 1.59127 1.90434 1.56708 1.38496 0.951452 0.948554 0.923649 0.916936 1.66416 1.43001 3.09756 1.36029 1.43106 1.25195 0.902185 1.11346 1.73373 1.84025 1.74478 1.65844 1.32198
threshold=-1.2937921639461594 438.92763831229246 30.70999999999913 0.00034495173305689868 -693.93677879293136 -629.73308280882054 32.43562768334511 0.00023048465683336489 0.003961149448765822 493.46500000000384 -0.84654767764645189 470.42324500000007 -0.018519824842169196 0.00072567256433040946 -622.02919158787915 -1.4561146710687203 2213.5940525000001 0.0079266471040074175 1626.5678072000003 0.029197210942452787 -199.50096764711421 1688.4927504450682 680.79499999999837 46.209999999999134 83486.960000000006 1406.1975172500001 -3670.4728263067659 -2452.8845971890619 -0.0020475320564057355 -0.0023894060625226058
decision_type=2 2 2 2 2 2 2 2 2 2 2 2 2 2 2 2 2 2 2 2 2 2 2 2 2 2 2 2 2 2
left_child=1 2 -1 -3 8 6 12 -8 -2 11 13 -10 -6 -11 -7 -4 17 -16 -19 -20 -18 22 -22 -12 -25 29 27 -27 -28 -26
right_child=4 3 15 -5 5 14 7 -9 9 10 23 -13 -14 -15 16 -17 20 18 19 -21 21 -23 -24 24 25 26 28 -29 -30 -31
leaf_value=1.6654237181159834e-05 7.1287602359185694e-05 3.6561559682531316e-05 8.8156751002606634e-06 1.1049241367900275e-06 -4.3677863077061751e-06 6.0342346877150578e-05 -4.4446413621705491e-05 -4.7612099302522237e-05 9.4361908187768485e-06 8.0418244142163681e-05 -3.0074958189607625e-05 -4.5266640748200988e-05 5.0263756789537528e-05 9.3542836551564572e-05 -3.6229862255377054e-07 -2.3741235716400807e-05 -0.00010622993480384192 3.0750971503747433e-05 2.73414793020387e-05 -9.3583024082474772e-05 1.9264455322203746e-05 -4.3325579898124701e-05 -1.4297038720586684e-05 0.00015159238490653943 0.00018535962141844517 -3.1907079829611764e-05 -0.00011354932637309453 8.6773583125641785e-05 5.0602937631475962e-05 4.1657846729496911e-06
leaf_weight=25 21 31 31 20 27 28 38 49 29 20 39 34 26 21 6064 38 28 29 128 28 38 21 31 65 26 29 46 23 24 63
leaf_count=25 21 31 31 20 27 28 38 49 29 20 39 34 26 21 6064 38 28 29 128 28 38 21 31 65 26 29 46 23 24 63
internal_value=-0.000147472 0.00362069 -0.000531915 0.0112745 -0.000225806 -0.00037873 -0.00607143 -0.0117816 0.00204545 0.00137232 0.00266854 -0.00595238 0.00330189 0.0128049 -0.000254105 -0.00398551 -0.000294487 -0.000212034 0.00445946 0.0025641 -0.00466102 -0.00166667 0.00181159 0.00134921 0.00235507 0.000592417 -0.00327869 0.00384615 -0.00857143 0.00589888
internal_weight=7120 145 94 51 6975 6535 140 87 440 419 356 63 53 41 6395 69 6367 6249 185 156 118 90 69 315 276 211 122 52 70 89
internal_count=7120 145 94 51 6975 6535 140 87 440 419 356 63 53 41 6395 69 6367 6249 185 156 118 90 69 315 276 211 122 52 70 89
is_linear=0
shrinkage=0.05


Tree=70
num_leaves=31
num_cat=0
split_feature=23 36 25 28 13 41 41 38 22 17 2 13 36 15 19 41 0 5 23 23 27 20 40 42 11 23 15 15 27 28
split_gain=0.843801 1.56319 0.951801 1.26398 1.38478 0.880327 1.41832 2.5579 1.41069 1.45394 1.62831 1.38496 1.33148 1.34017 1.53575 1.19135 1.39434 1.16686 1.39797 1.32364 1.2615 1.50704 1.39382 1.93294 1.44048 0.875412 1.15103 0.763358 2.14548 1.88459
threshold=-1.2937921639461594 1105.2407103274675 -1.1735171757563616 32.817623310402276 -0.00127810408296656 -693.93677879293136 -629.73308280882054 32.43562768334511 899.86733775000016 0.0045778453125668766 110600.50000000001 -0.018519824842169196 -3577.472505855621 0.0052545493997713964 501.80999999999773 -793.83796882711044 108377.68000000001 -0.0010549575464067218 -0.6570000170243403 1.0000000180025095e-35 81936.690500000012 320.67000000000559 -739.41530473974115 -124.95159116685112 0.0037396947530671291 -1.2313530667685411 0.0025689499054710328 0.0034231150512167873 119071.82950000001 586.39631029574969
decision_type=2 2 2 2 2 2 2 2 2 2 2 2 2 2 2 2 2 2 2 2 2 2 2 2 2 2 2 2 2 2
left_child=1 2 -1 4 -4 8 7 11 -2 15 17 -7 -9 14 -14 -10 -17 18 -11 -20 -19 22 23 -22 -25 26 -8 29 -29 -27
right_child=5 -3 3 -5 -6 6 25 12 9 10 -12 -13 13 -15 -16 16 -18 20 19 -21 21 -23 -24 24 -26 27 -28 28 -30 -31
leaf_value=2.2792453338565521e-05 -2.755093709686523e-05 2.9893696721878687e-05 -1.1618705693069759e-07 1.0485704255583882e-06 -2.8559917370803547e-05 -4.1493969923208651e-06 3.5992843933640993e-06 -1.1134807408895773e-05 6.066644900434981e-07 0.00011903043838422208 -5.676588375212163e-05 4.7750568950060643e-05 -4.2981598375636544e-05 -0.00010675051351956812 -7.0926377026076185e-07 0.00011458253458470625 4.2409306322583212e-05 6.1967250518925603e-05 -1.1076406264568284e-05 8.4509159619646236e-05 -6.2427944817527848e-05 -9.097469222293094e-05 -5.1751949002694455e-05 0.000172425739463234 6.099835825289755e-06 -3.1663922743717685e-07 -4.4363841661596011e-05 1.5518261583671421e-06 -2.6513958822700332e-05 -9.1516407155590631e-06
leaf_weight=25 21 39 26 35 20 27 25 22 31 37 37 26 23 20 22 22 29 31 33 54 33 36 28 21 27 3110 27 2592 179 462
leaf_count=25 21 39 26 35 20 27 25 22 31 37 37 26 23 20 22 22 29 31 33 54 33 36 28 21 27 3110 27 2592 179 462
internal_value=-0.000154494 0.00362069 0.000471698 -0.00216049 -0.0076087 -0.000232975 -0.00037873 -0.00535714 0.00193182 0.00256563 0.00111276 0.00330189 -0.0106322 -0.0142308 -0.00944444 0.00853659 0.0132353 0.00233333 0.00604839 0.00258621 -0.000284091 -0.00224138 0.000688073 0.00401235 0.0104167 -0.000269742 -0.00673077 -0.000216774 0.000405991 -0.000699888
internal_weight=7120 145 106 81 46 6975 6535 140 440 419 337 53 87 65 45 82 51 300 124 87 176 145 109 81 48 6395 52 6343 2771 3572
internal_count=7120 145 106 81 46 6975 6535 140 440 419 337 53 87 65 45 82 51 300 124 87 176 145 109 81 48 6395 52 6343 2771 3572
is_linear=0
shrinkage=0.05


Tree=71
num_leaves=31
num_cat=0
split_feature=24 7 39 35 35 39 23 22 21 24 21 22 20 18 36 41 40 32 13 27 34 23 24 9 39 36 3 15 32 11
split_gain=0.920513 0.90667 1.39213 1.14511 1.72135 1.30651 1.11058 1.19089 2.22969 1.82767 1.49014 1.56465 1.47626 1.39316 2.39346 2.29339 1.19532 2.37916 1.18347 1.17361 2.08333 1.81334 1.11468 1.01139 2.39526 2.26824 1.79571 2.53446 2.37253 2.12779
threshold=2712.8563950000007 0.0066769132612132095 389.39499999999992 118496.87830000001 112714.02867500002 1457.2046428571441 3.2607228082727002 1296.5587365000004 267.29499999999831 1191.3099965000001 352.85000000000588 1064.5680325000001 240.62500000000003 587.9300000000004 801.39905135043239 376.92045501095726 310.21440215399349 -116.16139900835695 0.024486747945783507 91311.715500000006 84118.292025028815 0.10435712621581371 908.26933550000024 0.006613654197234778 903.22035714285778 -5186.13011567993 99649.135000000024 0.0030288763788948949 971.61515095161315 0.0041836425542931032
decision_type=2 2 2 2 2 2 2 2 2 2 2 2 2 2 2 2 2 2 2 2 2 2 2 2 2 2 2 2 2 2
left_child=1 23 -3 4 5 6 7 9 16 10 11 13 -10 15 -15 19 17 -9 -8 20 -4 -21 -13 -1 26 -26 29 28 -28 -25
right_child=-2 2 3 -5 -6 -7 18 8 12 -11 -12 22 -14 14 -16 -17 -18 -19 -20 21 -22 -23 -24 24 25 -27 27 -29 -30 -31
leaf_value=-2.2039639652600205e-07 0.00010294991472824066 3.661418491416294e-05 5.4187155179165368e-06 2.7557399664938399e-05 -5.0840679105824114e-05 -0.00012462717771521392 0.0001766289200223746 -6.5659010904995022e-05 5.6588126508055111e-05 -0.00010457726309241229 -7.6758678007389245e-05 -7.7834389777180693e-05 5.8763282691408022e-07 0.00011553894347202104 -1.6098778375060886e-05 3.9078306188276516e-05 -4.8327901829663918e-05 0.00011972299161395117 -3.1731921328949146e-05 3.6931663715804101e-05 -6.4361063408329046e-05 -1.1082348500472837e-05 -4.3712006583652519e-06 6.0006978597887343e-05 -4.192584586672725e-05 5.9670633239114224e-05 5.4438921302921871e-06 2.2687114524914317e-05 -0.00010454242806944479 -5.3871144547970815e-05
leaf_weight=5990 28 21 21 24 68 25 23 33 31 37 32 21 22 31 35 21 39 23 20 24 28 39 24 39 21 87 36 144 33 100
leaf_count=5990 28 21 21 24 68 25 23 33 31 37 32 21 22 31 35 21 39 23 20 24 28 39 24 39 21 87 36 144 33 100
internal_value=-0.000119382 -0.000155104 -0.00194704 -0.0023752 -0.0028057 -0.0018431 -0.00128968 -0.00200651 0.00168919 -0.00375399 -0.00235507 -0.00102459 0.00990566 0.000879397 0.00681818 -0.00206767 -0.00289474 0.00178571 0.00639535 -0.00491071 -0.0107143 -0.000396825 -0.00944444 2.32558e-05 0.00228261 0.0087963 0.000284091 0.00316901 -0.00471014 -0.00413669
internal_weight=7120 7092 642 621 597 529 504 461 148 313 276 244 53 199 66 133 95 56 43 112 49 63 45 6450 460 108 352 213 69 139
internal_count=7120 7092 642 621 597 529 504 461 148 313 276 244 53 199 66 133 95 56 43 112 49 63 45 6450 460 108 352 213 69 139
is_linear=0
shrinkage=0.05


Tree=72
num_leaves=31
num_cat=0
split_feature=15 20 42 16 15 38 7 21 39 11 4 39 13 19 22 18 25 25 39 5 40 15 11 22 41 39 16 4 9 7
split_gain=0.811977 1.43143 1.43761 1.30546 1.95264 1.84037 1.75152 1.85848 1.06822 1.2997 1.13257 2.82742 2.16454 1.7478 2.07289 2.47596 1.30908 1.33715 1.40182 1.33462 1.45922 1.27522 1.2375 1.03784 2.72061 1.34646 1.3794 2.26717 1.89482 1.79533
threshold=0.00089893999329475219 89.565000000002343 -1.5748689737030686 0.0015607273673600467 0.0011040851661857462 38.045654235055771 0.0030988683306759951 112.7150000000038 261.05714285714259 0.0001949100145759883 154.49132500000005 332.7514285714289 0.0013461561156430405 211.78499999999624 323.44582074999988 108.65499999999157 -0.81681738210440413 -0.74773524061259045 320.10892857142875 2.6902642195297531e-05 39.931656982138527 0.0012178255748532059 -0.0013112652702440847 286.27603100000005 40.535218371904264 280.37678571428643 0.0019307236317009074 762.69083000000012 0.0023422049000390121 0.001026100245066315
decision_type=2 2 2 2 2 2 2 2 2 2 2 2 2 2 2 2 2 2 2 2 2 2 2 2 2 2 2 2 2 2
left_child=1 2 -1 5 -5 -2 7 -7 9 -6 11 -10 -13 14 -12 16 19 -18 -19 20 -16 -15 -20 24 -23 -25 27 28 29 -27
right_child=3 -3 -4 4 8 6 -8 -9 10 -11 13 12 -14 21 15 -17 17 18 22 -21 -22 23 -24 25 -26 26 -28 -29 -30 -31
leaf_value=1.246851099190562e-05 3.4481496191390809e-05 -1.6648830364697944e-05 -7.8133195727433947e-06 -1.2244609714239246e-05 -3.1814779902636271e-05 2.3085430965464587e-06 1.5617852016892677e-05 -2.921956562425359e-05 3.2400338714160697e-05 4.3836549022202406e-06 3.2079903191096094e-05 -2.1771818474885386e-05 1.8581052651983126e-05 5.1607545498464713e-05 6.2731092853788404e-06 -2.5953448989649114e-05 -2.4119287765754328e-05 7.2980472656345607e-06 1.5072589295742237e-06 3.1297770650034207e-05 -1.7732273817575827e-05 -5.3271714971048422e-05 -4.1818640960506688e-05 2.5172001279471645e-05 5.7056077799810924e-06 -1.4699889466259392e-05 4.5592592504633908e-07 4.3289733758009171e-05 6.3075208637800099e-06 -6.382133247214336e-05
leaf_weight=20 27 22 45 55 42 186 30 34 41 41 21 27 22 28 28 20 33 22 20 29 22 25 44 36 30 128 5950 22 35 35
leaf_count=20 27 22 45 55 42 186 30 34 41 41 21 27 22 28 28 20 33 22 20 29 22 25 44 36 30 128 5950 22 35 35
internal_value=-8.42697e-05 -0.00488506 -0.00115385 -2.48827e-05 -0.000162818 0.00333935 0.002 0.000454545 -8.58081e-05 -0.00572289 -1.51103e-05 0.00555556 -0.00255102 -9.19118e-05 -0.0042887 -0.00573394 -0.0040404 -0.00735294 -0.00406977 0.000949367 -0.004 6.75783e-05 -0.0078125 1.99649e-05 -0.00681818 8.05672e-05 2.43112e-05 -0.00386364 -0.00555556 -0.00782209
internal_weight=7120 87 65 7033 6756 277 250 220 6701 83 6618 90 49 6528 239 218 198 119 86 79 50 6289 64 6261 55 6206 6170 220 198 163
internal_count=7120 87 65 7033 6756 277 250 220 6701 83 6618 90 49 6528 239 218 198 119 86 79 50 6289 64 6261 55 6206 6170 220 198 163
is_linear=0
shrinkage=0.05


Tree=73
num_leaves=31
num_cat=0
split_feature=23 19 5 5 22 41 40 28 35 3 28 19 5 4 7 21 42 18 11 7 41 22 31 11 41 42 5 18 38 36
split_gain=0.752855 0.961431 0.962695 1.78479 2.11238 1.31733 1.51392 0.997327 0.96096 1.63333 0.833333 0.826123 0.800917 2.01519 1.96833 1.8416 3.07225 1.81989 2.01519 1.55489 1.56548 1.62373 1.59156 1.43545 1.58737 1.50365 1.23467 1.31447 1.45009 2.07362
threshold=3.9819891291041771 2875.9799999999964 -0.0077830889861828208 -0.0088747834412774337 1930.2916352500001 -153.39814381920829 -830.35947454097902 -2669.7343917948451 104070.46195000003 84571.290000000023 -1352.6456937106848 1183.0250000000017 -0.0041256792016771959 570.99227000000008 -0.0049042853562593063 46.209999999999134 8.8015955305317011 -427.26999999999674 -0.0028104510683379979 -0.0040130615927770671 -516.5552491339057 1140.9490185000002 103808.24400000002 -0.0048547056408116988 326.52842947338229 -76.393341826180048 -0.0038065979242957854 -336.05500000000751 33.809354275889305 -1522.0341078565905
decision_type=2 2 2 2 2 2 2 2 2 2 2 2 2 2 2 2 2 2 2 2 2 2 2 2 2 2 2 2 2 2
left_child=1 2 3 4 5 6 -1 11 9 -7 -5 -4 13 14 -9 16 -15 18 -14 23 -21 22 -22 25 -25 -17 -19 28 -28 -30
right_child=-2 -3 7 10 -6 8 -8 12 -10 -11 -12 -13 17 15 -16 19 -18 26 -20 20 21 -23 -24 24 -26 -27 27 -29 29 -31
leaf_value=-4.0946003545621056e-05 3.2192724736461788e-05 -0.00013322219845733507 -5.4224541222288294e-05 5.4256441984253135e-05 0.00021614012226940389 2.584191120208893e-05 0.00011226544428323258 1.5897583227651785e-05 6.1214853868912878e-06 -0.00017146149908067623 0.00011795534779396643 -0.00017852296621484589 5.2918827739225846e-05 -2.9086054303017351e-06 -3.535001008819782e-05 1.6917911075192179e-06 9.4622763567614725e-05 3.2724826521348684e-05 -4.3628428173832638e-07 5.8138570214325178e-05 1.9180877984828548e-06 -8.1333985591871099e-05 -9.4959032517740328e-05 6.7071967159127493e-05 -9.3389548266187916e-06 -3.982926366845701e-05 1.9033804950174928e-05 1.4664856848395746e-07 -0.00012737837799102727 -1.3625221496131445e-05
leaf_weight=20 27 21 25 24 32 20 44 23 32 40 30 23 26 46 59 96 34 52 23 24 29 25 31 57 27 57 40 6012 27 94
leaf_count=20 27 21 25 24 32 20 44 23 32 40 30 23 26 46 59 96 34 52 23 24 29 25 31 57 27 57 40 6012 27 94
internal_value=0 -3.17214e-05 0 0.00309917 0.000797872 -0.00160256 0.00390625 -0.00010981 -0.00543478 -0.00916667 0.0111111 -0.00729167 -5.89797e-05 -0.0019685 -0.00914634 -0.000586854 0.00625 9.56328e-05 0.00969388 -0.00216763 -0.00711009 -0.0102941 -0.00583333 0.000105485 0.00535714 -0.00277778 2.00803e-05 -4.45488e-05 -0.00450311 -0.0072314
internal_weight=7120 7093 7072 242 188 156 64 6830 92 60 54 48 6782 508 82 426 80 6274 49 346 109 85 60 237 84 153 6225 6173 161 121
internal_count=7120 7093 7072 242 188 156 64 6830 92 60 54 48 6782 508 82 426 80 6274 49 346 109 85 60 237 84 153 6225 6173 161 121
is_linear=0
shrinkage=0.05


Tree=74
num_leaves=31
num_cat=0
split_feature=23 19 5 23 39 2 42 24 9 0 36 20 5 27 11 42 23 7 21 9 4 40 11 4 22 23 11 16 27 34
split_gain=0.749053 0.965241 1.06091 1.31825 2.07247 1.93445 1.91574 1.81071 1.2803 1.85929 1.32103 1.10738 1.10134 0.813115 0.766243 2.21509 2.32096 2.80519 1.21334 0.864081 1.73543 2.10131 1.76579 1.37198 2.41887 2.31383 1.27258 2.57899 1.88134 2.54046
threshold=3.9819891291041771 2875.9799999999964 -0.0071684303165477792 1.1401282609896948 1009.8792857142852 83721.280000000013 -1.5748689737030686 1830.2889143 -0.014626307511828614 109665.92000000001 -994.85538990578777 126.63999999999943 -0.0069462703071971983 77766.132000000027 -0.02013040933284933 -264.44196803817414 0.32877184168215873 0.0015813860394180747 195.51499999999945 -0.0020861263990010052 249.30784500000001 -111.27318821063817 -0.0011228084768087094 300.05245000000008 736.80578725000009 -0.82696461343289096 0.0048998680794387827 0.0031047531228354419 110108.13925000002 107436.22794378655
decision_type=2 2 2 2 2 2 2 2 2 2 2 2 2 2 2 2 2 2 2 2 2 2 2 2 2 2 2 2 2 2
left_child=1 2 3 4 6 -5 -1 -6 9 11 -10 -7 -4 -14 15 16 17 -15 -17 20 21 -16 -23 24 25 -22 28 -28 29 -25
right_child=-2 -3 12 5 7 8 -8 -9 10 -11 -12 -13 13 14 19 18 -18 -19 -20 -21 23 22 -24 26 -26 -27 27 -29 -30 -31
leaf_value=0.00010649542308710874 3.0583088499638697e-05 -0.0001265610885344683 -6.9368209789445558e-05 0.00011015939525444167 -8.6311753767039285e-05 4.2502190153323975e-05 1.5183261219073709e-05 0.00021005654791271465 7.4757457108296657e-06 4.5453346377044221e-05 -9.6595496619796995e-05 -0.00035288047376683942 0.00026452869982403058 0.0001233077134567555 7.9254452970046221e-05 -0.0001265454458751967 -3.410475250553807e-05 -1.7405692446813217e-05 -6.8942234990495063e-06 -4.5828909715441333e-07 3.8592397911053614e-05 -5.1364521778212903e-06 2.7678832936258149e-05 7.8318885238810611e-06 -8.5542851512710063e-05 -1.7776489008944487e-05 3.248942733502117e-05 -4.3481438470830173e-05 -2.0196792594093949e-06 2.8619024213300678e-05
leaf_weight=49 27 21 27 27 35 24 33 21 27 20 39 22 20 33 33 22 67 21 39 4711 21 58 34 830 21 61 20 106 522 129
leaf_count=49 27 21 27 27 35 24 33 21 27 20 39 22 20 33 33 22 67 21 39 4711 21 58 34 830 21 61 20 106 522 129
internal_value=2.10674e-05 -1.05738e-05 2.12104e-05 0.00294613 0.00652174 -0.000157233 0.0115854 -0.000892857 -0.00265152 0.00227273 -0.00757576 -0.00326087 -0.000107011 -6.66864e-05 -9.66112e-05 -0.0032967 0.000619835 0.00833333 -0.0110656 -7.63825e-06 0.000912807 0.0066 0.00271739 0.000497076 -0.00509709 -0.00121951 0.000855632 -0.00396825 0.00126604 0.00258081
internal_weight=7120 7093 7072 297 138 159 82 56 132 66 66 46 6775 6748 6728 182 121 54 61 6546 1835 125 92 1710 103 82 1607 126 1481 959
internal_count=7120 7093 7072 297 138 159 82 56 132 66 66 46 6775 6748 6728 182 121 54 61 6546 1835 125 92 1710 103 82 1607 126 1481 959
is_linear=0
shrinkage=0.05


Tree=75
num_leaves=31
num_cat=0
split_feature=7 22 15 9 28 28 38 7 25 25 21 15 28 36 25 20 15 23 23 19 20 13 11 9 19 19 31 9 9 32
split_gain=0.749214 1.50245 1.90654 1.31366 0.966071 1.95506 1.22554 1.64307 1.33682 1.05455 2.94014 1.69899 1.44196 2.10512 1.18714 1.81978 1.40829 0.976361 1.08034 2.27811 0.975795 1.62566 2.16351 1.33856 2.51412 2.46548 2.16 1.74162 2.17802 2.29561
threshold=-0.012343699381377389 2132.3672131250005 0.0044507848880374935 -0.01074875371862088 -2669.7343917948451 -2146.4400262126869 20.296359261110194 -0.0057638367910902251 1.0634966160157273 2.7173500964058377 190.34999999999857 0.0038266198082211465 1195.8157802297067 2403.2048955357973 2.0647472191151244 328.42999999999307 0.0048662590604224773 -0.38326669685203191 -0.047504276716005982 624.8400000000039 135.38500000000207 -0.03146147444780175 -0.02013040933284933 0.017158159924208206 1391.8600000000008 1159.5849999999921 108737.39570000001 0.0088033853559708278 0.01125707645612936 151.87808511903134
decision_type=2 2 2 2 2 2 2 2 2 2 2 2 2 2 2 2 2 2 2 2 2 2 2 2 2 2 2 2 2 2
left_child=1 2 -1 -4 -2 -6 7 -7 17 14 12 -12 -11 -14 20 -16 -17 -9 -19 -20 21 -8 -23 24 25 27 -27 -24 29 -29
right_child=4 -3 3 -5 5 6 9 8 -10 10 11 -13 13 -15 15 16 -18 18 19 -21 -22 22 23 -25 -26 26 -28 28 -30 -31
leaf_value=8.4963161013883954e-05 -0.00010806147516071166 0.00019955372051707893 6.3117107339615077e-06 -0.00022225408469271027 7.1879270840763751e-05 -6.3574352260962951e-05 7.4931350390089791e-05 1.3965392049318099e-06 9.0368340897463306e-05 -1.133871195261751e-05 -3.2338877651253079e-05 -0.00011732749211122115 0.00012118957871810105 -5.7997473703058509e-07 4.4370340537512675e-05 -4.2460050780627746e-05 4.5463888293450523e-05 -3.6830337276211088e-05 3.6324551522173966e-05 -4.9183750911035182e-05 1.6191220464831309e-06 -7.6965482925523483e-05 -4.4171234816279401e-07 0.00010029503647361203 -7.6195930395756909e-05 0.00011369030251822369 6.0317053530553947e-06 4.6019070910998698e-06 1.8103285097588876e-06 -5.1868124926740473e-05
leaf_weight=24 43 27 161 20 42 33 24 32 20 47 30 36 20 31 85 23 21 23 27 21 2346 31 3693 35 27 25 24 24 63 62
leaf_count=24 43 27 161 20 42 33 24 32 20 47 30 36 20 31 85 23 21 23 27 21 2346 31 3693 35 27 25 24 24 63 62
internal_value=7.02247e-06 0.00280172 0.00134146 -0.000414365 -8.7108e-05 -4.01753e-05 -0.000106571 -0.00448718 -0.00182927 -3.7611e-06 -0.00396341 -0.0121212 0.00153061 0.00735294 9.6406e-05 0.00484496 -0.00340909 -0.00412621 -0.00739437 -0.003125 0 -0.000474052 -0.000552209 -0.000449026 -0.000535988 -0.000430481 0.0107143 -0.000572618 -0.00587248 -0.0110465
internal_weight=7120 232 205 181 6888 6845 6803 156 123 6647 164 66 98 51 6483 129 44 103 71 48 6354 4008 3984 3953 3918 3891 49 3842 149 86
internal_count=7120 232 205 181 6888 6845 6803 156 123 6647 164 66 98 51 6483 129 44 103 71 48 6354 4008 3984 3953 3918 3891 49 3842 149 86
is_linear=0
shrinkage=0.05


Tree=76
num_leaves=31
num_cat=0
split_feature=5 28 34 3 38 39 21 16 28 5 36 32 21 20 18 9 9 36 9 21 11 42 2 25 26 24 18 9 7 11
split_gain=0.780785 1.15462 1.03148 1.77074 1.09738 1.27216 1.75208 1.58183 1.67659 1.52381 1.04964 1.52533 2.7036 0.830787 1.70826 1.44258 2.59669 2.19674 1.91479 1.84406 1.76053 1.56877 1.56379 1.41423 2.44054 1.84091 1.66636 2.39156 1.76913 1.71614
threshold=-0.0071684303165477792 -2669.7343917948451 118052.95891014625 113903.61500000001 31.616652416101193 812.01535714285853 117.945000000007 0.0045571406129709469 -689.64399410838075 -0.0094659805998767981 -2694.4115848928554 -2600.9446324358864 290.02499999999424 135.38500000000207 -592.88500000000192 0.0088033853559708278 0.01125707645612936 120.74068425942825 0.0061929515416871105 37.509999999994768 0.009819939390307687 66.20016887307483 86748.300000000017 0.31447041768509715 82638.27147652542 1342.8979028000001 -289.0099999999947 -0.0023118853984901576 -0.0047198553677659672 -0.010461018757326407
decision_type=2 2 2 2 2 2 2 2 2 2 2 2 2 2 2 2 2 2 2 2 2 2 2 2 2 2 2 2 2 2
left_child=2 -2 3 4 10 7 -7 8 -6 -9 11 12 -1 14 -3 18 17 -17 -16 21 22 -20 -21 -15 25 -25 29 28 -28 -26
right_child=1 13 -4 -5 5 6 -8 9 -10 -11 -12 -13 -14 23 15 16 -18 -19 19 20 -22 -23 -24 24 26 -27 27 -29 -30 -31
leaf_value=0.00010070218877199515 -0.00013870485394327473 -2.4635063133563787e-05 -8.4431714779950077e-05 0.00010620134274292296 -5.4579753835695168e-05 -7.5620102359922348e-05 7.8842236577921151e-06 5.9961251972634365e-06 1.8503083982971875e-05 5.9377539319363519e-05 0.00011510433249147909 -1.8289891939380682e-05 -4.9364577928272306e-05 3.1178622055439801e-06 -6.2632377244793589e-07 -3.0154723674507483e-07 3.074129488705069e-07 -6.5472967232038765e-05 -5.7848824214570881e-05 -3.1617486322032577e-05 7.770403442089223e-05 1.5599073755430106e-05 1.5465767836006215e-05 -0.00019733047887651696 -8.0766326345512658e-05 -3.1936408313769955e-05 5.1179867923718949e-08 -2.3190120861461595e-06 8.0098621748074647e-05 -4.9017742880535436e-06
leaf_weight=35 47 93 21 20 21 32 48 21 24 21 25 21 27 1724 3554 35 135 59 23 26 51 22 120 22 44 22 93 540 102 92
leaf_count=35 47 93 21 20 21 32 48 21 24 21 25 21 27 1724 3554 35 135 59 23 26 51 22 120 22 44 22 93 540 102 92
internal_value=-5.61798e-05 -0.000169018 0.00237342 0.00313559 0.00209091 -0.000449102 -0.005 0.00373563 -0.00277778 0.0107143 0.00601852 0.00331325 0.00725806 -0.000114696 -0.000558524 -0.000403727 -0.00425764 -0.0106383 -0.000171233 0.00413223 0.00621827 -0.005 0.00342466 0.00057787 -0.00101093 -0.0125 -0.00043054 0.000510204 0.00525641 -0.00551471
internal_weight=7120 6804 316 295 275 167 80 87 45 42 108 83 62 6757 4118 4025 229 94 3796 242 197 45 146 2639 915 44 871 735 195 136
internal_count=7120 6804 316 295 275 167 80 87 45 42 108 83 62 6757 4118 4025 229 94 3796 242 197 45 146 2639 915 44 871 735 195 136
is_linear=0
shrinkage=0.05


Tree=77
num_leaves=31
num_cat=0
split_feature=9 19 36 40 20 19 7 20 13 9 9 32 9 25 42 21 42 3 27 27 22 39 32 20 20 13 23 40 25 27
split_gain=1.15063 1.43432 2.06077 1.45102 2.29167 1.22727 0.946456 0.771894 1.59452 1.81254 2.62099 2.44395 2.33982 2.10959 1.73561 1.79272 1.61038 1.50906 1.49786 1.75609 1.57563 1.44231 1.44643 1.36657 1.79719 1.23863 1.55653 1.32345 1.254 1.82278
threshold=-0.017177126577585137 895.26000000000215 -1311.6177007792428 -1046.9581930019192 126.63999999999943 1363.9250000000031 -0.01704063830873381 135.38500000000207 0.039476660435252671 0.0088033853559708278 0.01125707645612936 -231.39909014332076 0.0063820674982556615 2.8729559421663153 109.71721643976794 37.509999999994768 278.16868592450697 115962.58500000001 82947.627250000005 83188.974499999997 1457.7461530000003 980.42785714285765 2098.8384955956794 43.29000000000088 82.044999999998268 -0.03146147444780175 -0.39787894902935717 -1330.8184916615207 0.31447041768509715 82947.627250000005
decision_type=2 2 2 2 2 2 2 2 2 2 2 2 2 2 2 2 2 2 2 2 2 2 2 2 2 2 2 2 2 2
left_child=1 -1 3 -3 -5 -6 -2 8 9 12 11 -11 13 16 15 -14 18 -17 20 -20 -8 22 23 -12 -25 26 -9 -27 -29 -30
right_child=6 2 -4 4 5 -7 7 25 -10 10 21 -13 14 -15 -16 17 -18 -19 19 -21 -22 -23 -24 24 -26 27 -28 28 29 -31
leaf_value=-5.6263175342233375e-05 -0.00014381907777620659 0.00011385193480838553 4.1084721570171711e-05 9.5764676384778563e-05 -0.00013387321728666231 -2.1435820780681066e-06 6.4107846285637164e-05 -0.00010118396305768361 7.192564789324082e-05 6.1846980872312305e-06 0.00011325036051519815 -5.364324708208657e-05 -5.269320604735569e-05 -5.003600147664571e-05 3.1828666436674564e-05 7.6831684771824692e-07 -5.1363254449131032e-05 7.5532885764023958e-05 -7.5195985715944091e-05 -5.8257313403940683e-07 -5.1119309535036764e-06 -9.7722769223784276e-06 -1.9301163173049712e-05 -7.9132201587972227e-06 1.3678000010224703e-05 8.2523102680658012e-05 -1.794407691320236e-06 3.8359870739668807e-06 -8.8788455382596883e-05 -5.2949360210826177e-07
leaf_weight=23 26 28 35 33 25 30 47 29 29 21 23 71 27 39 77 102 51 22 26 3572 29 30 28 20 29 24 66 1675 40 843
leaf_count=23 26 28 35 33 25 30 47 29 29 21 23 71 27 39 77 102 51 22 26 3572 29 30 28 20 29 24 66 1675 40 843
internal_value=7.02247e-06 0.00402299 0.0057947 0.00258621 -0.000568182 -0.00681818 -9.3579e-05 -5.78035e-05 -0.000477257 -0.000557665 -0.00495495 -0.011413 -0.000313126 -0.000611052 0.00460526 0.00149007 -0.000489933 0.00403226 -0.000367447 -0.000514175 0.00657895 -0.000384615 0.0025 0.00625 0.00153061 0.000607023 -0.005 0.000813323 0.000703675 -0.000821065
internal_weight=7120 174 151 116 88 55 6946 6920 4243 4214 222 92 3992 3764 228 151 3725 124 3674 3598 76 130 100 72 49 2677 95 2582 2558 883
internal_count=7120 174 151 116 88 55 6946 6920 4243 4214 222 92 3992 3764 228 151 3725 124 3674 3598 76 130 100 72 49 2677 95 2582 2558 883
is_linear=0
shrinkage=0.05


Tree=78
num_leaves=31
num_cat=0
split_feature=17 17 9 9 23 23 5 15 15 39 40 39 20 20 36 28 13 27 36 0 25 5 21 23 23 38 38 22 26 23
split_gain=0.710267 1.93087 1.68783 1.40229 1.19756 1.81776 2.15174 1.53256 1.47204 1.08555 1.44902 2.40143 1.25142 2.77908 1.48729 2.94806 2.13333 0.98373 0.976449 0.975238 0.975011 1.06341 0.880562 0.8638 1.51823 1.37152 1.38478 0.92595 1.18942 1.14513
threshold=0.0079266471040074175 0.0089402227091251903 -0.019020633910479923 0.0037080044216880551 0.87988221215805174 -0.41273408380906246 0.0041167807158378478 0.0062920077925131494 0.0089065006573941959 1022.8578571428578 -1000.438106285197 804.81678571428517 19.024999999994183 142.75000000000003 1393.6479052787038 195.74465959984812 -0.03146147444780175 82191.660250000001 -1951.9547439931046 106589.40000000001 -0.46016494280328574 -0.0013132342908892542 153.19500000000701 -1.2937921639461594 -1.3203713076345485 53.499795416493072 58.381354907451559 1810.1489842499998 91726.954424380572 -1.0889161886734051
decision_type=2 2 2 2 2 2 2 2 2 2 2 2 2 2 2 2 2 2 2 2 2 2 2 2 2 2 2 2 2 2
left_child=9 3 -3 -2 5 6 8 -7 22 10 11 -1 -11 20 15 16 -15 -12 -10 -18 -14 -22 -4 24 25 -19 -27 29 -29 -25
right_child=1 2 4 -5 -6 7 -8 -9 18 12 17 -13 13 14 -16 -17 19 23 -20 -21 21 -23 -24 27 -26 26 -28 28 -30 -31
leaf_value=-3.8292213651696533e-05 1.2236974186601664e-05 0.0001439213417366507 4.6511208214631499e-05 5.5830730629201019e-05 -0.00010919973992309931 -6.2134145763926806e-05 -6.5646370025516888e-05 6.243465120358859e-05 5.7423024582610876e-07 3.1656004542284371e-05 5.8081058221512377e-05 0.0001146248361977464 -9.2836630762595072e-06 -7.4098189325465225e-05 0.0001010110915686265 -8.925059344175254e-05 3.52883840334407e-05 -2.1115404368793771e-06 -4.5539277587898935e-05 0.00014577543657843828 -4.7523865699661668e-05 -6.2954673960974384e-05 -4.1175839144710656e-06 -1.1294657984677989e-05 4.6843637986303983e-05 1.6965289759950017e-05 4.1842013739884201e-07 -5.5855160867063675e-05 5.122881840714358e-05 -2.3551784227005918e-07
leaf_weight=20 51 24 33 61 26 23 28 62 22 32 26 50 30 50 20 23 54 55 24 21 31 38 38 239 25 20 26 25 24 5919
leaf_count=20 51 24 33 61 26 23 28 62 22 32 26 50 30 50 20 23 54 55 24 21 31 38 38 239 25 20 26 25 24 5919
internal_value=-2.80899e-05 0.00204082 -0.000178571 0.00758929 -0.00136719 -0.000217391 -0.00362069 0.00558824 -0.000641026 -0.000148633 -1.16659e-05 0.00714286 -0.00309365 -0.00421348 -0.000297619 -0.00202703 0.001 -9.0423e-05 -0.0076087 0.00633333 -0.0108586 -0.0141304 0.00387324 -0.00013027 0.00396825 0.00123762 0.0076087 -0.000213469 0.00663265 -0.000267944
internal_weight=7120 392 280 112 256 230 145 85 117 6728 6429 70 299 267 168 148 125 6359 46 75 99 69 71 6333 126 101 46 6207 49 6158
internal_count=7120 392 280 112 256 230 145 85 117 6728 6429 70 299 267 168 148 125 6359 46 75 99 69 71 6333 126 101 46 6207 49 6158
is_linear=0
shrinkage=0.05


Tree=79
num_leaves=31
num_cat=0
split_feature=13 25 7 18 32 24 9 24 25 32 41 9 18 25 36 7 17 40 2 38 28 21 34 0 30 22 4 4 42 5
split_gain=0.948502 1.43873 1.38792 1.57648 1.71097 1.60133 2.45578 1.15961 1.32458 1.01942 1.23316 0.9 0.757187 1.22131 0.877103 1.35227 0.75 0.732302 0.723622 3.21362 2.16123 1.54028 1.58232 1.436 1.32894 1.4448 1.86516 1.57279 1.24363 0.9
threshold=0.027544933376003833 -0.50833803162581681 0.0096740041994154129 314.05000000000297 2989.2683949640855 1122.6892161000003 0.00037808742612354876 1017.7727925300002 0.88684035680353623 3306.3650066904961 1221.1034847655076 0.0084166678681322406 1189.840000000004 1.2227411315117787 -8061.2042935146446 -0.0048008956940984891 0.0075210429975922409 987.94296557299833 82641.900000000009 62.112170468158759 528.90896035703202 411.61000000000064 85715.835150871149 83005.560000000012 83439.130227115078 1994.7918025000001 1477.5208650000002 768.87047500000006 -6.6056730743942031 7.4747184157818357e-05
decision_type=2 2 2 2 2 2 2 2 2 2 2 2 2 2 2 2 2 2 2 2 2 2 2 2 2 2 2 2 2 2
left_child=9 16 3 4 5 6 -3 -4 -9 10 12 -5 14 -14 15 -1 -2 18 19 20 21 22 24 -20 25 26 27 28 -16 -26
right_child=1 2 7 11 -6 -7 -8 8 -10 -11 -12 -13 13 -15 17 -17 -18 -19 23 -21 -22 -23 -24 -25 29 -27 -28 -29 -30 -31
leaf_value=-1.9192382547639117e-06 -7.4093270624654736e-05 -0.0001163206013402816 -6.9434818455539493e-05 7.8795055013038741e-05 -7.6444367740534979e-05 8.7044822698440096e-05 1.1503713244406382e-05 -4.1299113659451654e-05 9.1123736466138211e-05 -2.344048953566288e-05 9.4973006516607715e-05 3.5309902647735393e-06 -2.1301718072457884e-05 8.5705570630519447e-05 -6.0304298017634737e-05 0.00024936841451294917 -1.1289008467490684e-05 -3.960700406117606e-05 -4.873866293287743e-05 0.00014843445239426259 -5.3969494932864574e-05 0.00010260568450987337 -8.2198273784127003e-05 -1.1041378430373672e-07 7.2106167871318684e-05 4.3645732064858968e-05 -0.00018585302162878043 5.5390388420344835e-05 3.8724237456435005e-05 2.9674569988671117e-05
leaf_weight=34 21 21 26 20 35 25 28 26 20 36 20 20 21 34 29 22 28 34 29 26 20 37 23 6338 20 22 30 35 20 20
leaf_count=34 21 21 26 20 35 25 28 26 20 36 20 20 21 34 29 22 28 34 29 26 20 37 23 6338 20 22 30 35 20 20
internal_value=-5.61798e-05 -0.00296296 -0.00124434 0.00151007 -0.0016055 0.0027027 -0.00255102 -0.00694444 -0.00217391 5.83942e-05 0.00010273 0.01 6.62349e-05 0.00590909 1.85487e-05 0.00625 -0.0107143 -3.36675e-05 3.75996e-06 0.00248227 0.00078125 0.00211864 0.000376884 -0.000106015 0.00198864 -0.000367647 -0.00263158 0.00119048 -0.00459184 0.01
internal_weight=7120 270 221 149 109 74 49 72 46 6850 6814 40 6794 55 6739 56 49 6683 6649 282 256 236 199 6367 176 136 114 84 49 40
internal_count=7120 270 221 149 109 74 49 72 46 6850 6814 40 6794 55 6739 56 49 6683 6649 282 256 236 199 6367 176 136 114 84 49 40
is_linear=0
shrinkage=0.05


Tree=80
num_leaves=31
num_cat=0
split_feature=7 36 32 5 0 39 22 40 19 9 24 39 20 24 27 18 20 1 25 40 38 22 17 34 23 23 9 11 23 7
split_gain=0.940349 1.447 1.87299 1.40775 1.85793 1.63283 1.92456 1.48831 1.46433 2.26367 1.38709 1.35208 1.50979 2.15111 1.38135 1.31619 1.31419 1.2308 1.13601 1.0427 1.84932 1.83845 0.997617 0.912348 1.06367 1.43288 2.15791 1.56573 1.50188 1.67392
threshold=0.0066769132612132095 -5776.1377735880151 -1903.9744238818746 -0.00013277926347853166 88632.270000000004 762.95428571428636 1296.5587365000004 206.31714693559482 768.35499999999604 0.016389690150463983 866.72387520000007 661.70642857142809 401.9550000000018 475.36297830000007 107822.37675000001 734.1100000000007 170.98000000000323 104987.50500000002 1.9620011231584555 399.84017544733803 57.074091596659109 743.89507225 0.0038429769625451869 118070.13910238438 -0.93424119413621753 1.0211289396048742 -0.0010855712881758487 -0.0037796939170307701 -0.35338994257495848 0.0026771444729066884
decision_type=2 2 2 2 2 2 2 2 2 2 2 2 2 2 2 2 2 2 2 2 2 2 2 2 2 2 2 2 2 2
left_child=23 -2 -3 4 -4 11 7 -7 -8 15 -6 12 13 14 -5 -10 18 -13 19 20 -15 -22 -18 -1 -25 26 27 -26 29 -28
right_child=1 2 3 5 10 6 8 -9 9 -11 -12 17 -14 16 -16 -17 22 -19 -20 -21 21 -23 -24 24 25 -27 28 -29 -30 -31
leaf_value=5.1743802996620159e-07 5.6648081767786529e-05 -0.00012116005975993617 -9.5769134810019217e-06 8.22275550585758e-05 4.4342701561874312e-05 -2.8047888592272908e-05 -3.5329660127781607e-05 -0.00013129024950317056 4.2064425722159073e-05 -7.8132337597372438e-05 1.2237258026347477e-05 -4.7255909755248022e-06 6.6973377468322669e-05 -1.9184199412576361e-05 -4.5954822239751084e-06 -9.2873733797439475e-07 -0.00012886505460343335 4.000078045224547e-05 0.0001159736453059712 -3.4917103307085893e-05 -4.9912446288723126e-05 6.6153852646253517e-05 -3.2448539947204127e-05 -2.0018911160998401e-05 -2.2325085418132848e-06 -5.3432719993792999e-05 -4.1999402728148602e-05 5.9815627633213016e-05 2.7983918980215865e-05 2.6748466309280412e-06
leaf_weight=6176 42 20 22 21 21 48 30 37 29 32 22 38 23 42 24 25 23 40 20 21 22 25 27 27 50 53 57 42 38 23
leaf_count=6176 42 20 22 21 21 48 30 37 29 32 22 38 23 42 24 25 23 40 20 21 22 25 27 27 50 53 57 42 38 23
internal_value=-2.80899e-05 -0.00183486 -0.00245098 -0.00194257 0.005 -0.00279886 -0.00634328 -0.0120588 -0.00215517 0.00116279 0.0110465 -0.000613497 -0.00241935 -0.00366667 0.00611111 0.00740741 -0.00611111 0.00512821 -0.00346154 -0.00545455 -0.00308989 0.0037234 -0.013 0.000154655 -0.00258621 -0.00161597 0.000238095 0.00597826 -0.00423729 -0.008125
internal_weight=7120 654 612 592 65 527 201 85 116 86 43 326 248 225 45 54 180 78 130 110 89 47 50 6466 290 263 210 92 118 80
internal_count=7120 654 612 592 65 527 201 85 116 86 43 326 248 225 45 54 180 78 130 110 89 47 50 6466 290 263 210 92 118 80
is_linear=0
shrinkage=0.05


Tree=81
num_leaves=31
num_cat=0
split_feature=9 41 5 40 40 21 38 7 38 38 25 38 25 21 20 25 20 36 15 9 16 11 28 39 19 28 28 28 0 1
split_gain=0.841421 1.78475 2.1932 1.75362 1.3573 1.04457 1.44 0.950754 0.886108 1.55093 1.68437 1.38179 1.06944 2.57481 1.7099 1.43472 1.53336 1.5092 1.3598 1.30053 1.24449 1.23384 1.16404 2.21875 2.69939 1.45195 1.44589 2.26622 2.24812 1.97342
threshold=-0.017177126577585137 355.53180657236271 -0.0071684303165477792 -246.36719196637566 -353.77475402656268 320.67999999999307 27.709666158909979 -0.01704063830873381 20.296359261110194 19.297469659182699 1.4938410422733377 21.765306724213385 2.7173500964058377 193.91999999999828 96.465000000003798 2.0647472191151244 328.42999999999307 1872.769473114837 0.0043145719169039361 0.0058329884997878291 0.0027034907557290573 0.032775938331229874 1805.4971067485533 980.42785714285765 550.50500000000477 2157.8910248429243 1556.2859187082288 1455.2239541821621 105261.08000000002 91426.345000000016
decision_type=2 2 2 2 2 2 2 2 2 2 2 2 2 2 2 2 2 2 2 2 2 2 2 2 2 2 2 2 2 2
left_child=1 2 3 5 -4 6 -1 -2 9 10 -9 -10 15 18 -15 21 -17 -18 20 -16 -14 22 26 24 -24 -26 27 -13 29 -28
right_child=7 -3 4 -5 -6 -7 -8 8 11 -11 -12 12 13 14 19 16 17 -19 -20 -21 -22 -23 23 -25 25 -27 28 -29 -30 -31
leaf_value=0.00017506892504327143 -0.00013545449051113106 4.339151595480408e-05 -0.00013877437386157352 -9.4418766319316844e-05 2.1219952597601076e-05 6.9184839536419896e-06 6.9816834964777139e-05 -9.151198562430808e-06 1.945875397927666e-05 -2.5647574087205353e-05 7.4998565426464414e-05 4.9348231293131002e-08 2.5864668473857819e-05 -0.00015049351645052687 5.2792835760162733e-06 4.6025742290586007e-05 5.2261752222831245e-05 -6.8523902589298502e-05 2.4032623508568577e-05 -8.1876536303738899e-05 -2.8929883202069487e-05 1.0779556795824234e-05 -2.8022139325127448e-05 -5.6916045925859153e-05 -2.1127617181316944e-05 6.558331336067836e-05 2.6799135196771677e-06 -2.5825959207615227e-05 -3.9816835817175267e-06 0.00012157794780742536
leaf_weight=25 26 20 35 23 27 24 20 136 46 25 31 6092 28 22 29 88 26 20 46 21 29 40 25 27 30 31 21 44 41 22
leaf_count=25 26 20 35 23 27 24 20 136 46 25 31 6092 28 22 29 88 26 20 46 21 29 40 25 27 30 31 21 44 41 22
internal_value=1.40449e-05 0.00344828 0.00162338 0.00652174 -0.00564516 0.0105072 0.015 -7.19839e-05 -3.61272e-05 -0.00338542 -0.00164671 5.9453e-05 0 -0.00385714 -0.0111111 0.000103734 0.00522388 -0.00217391 0.00121359 -0.006 -0.00394737 -3.9228e-06 -5.92136e-05 -0.0050885 -0.00116279 0.0045082 3.21543e-05 -5.70404e-05 0.00654762 0.0145349
internal_weight=7120 174 154 92 62 69 45 6946 6920 192 167 6728 6682 175 72 6507 134 46 103 50 57 6373 6333 113 86 61 6220 6136 84 43
internal_count=7120 174 154 92 62 69 45 6946 6920 192 167 6728 6682 175 72 6507 134 46 103 50 57 6373 6333 113 86 61 6220 6136 84 43
is_linear=0
shrinkage=0.05


Tree=82
num_leaves=31
num_cat=0
split_feature=9 32 3 42 13 4 15 4 19 38 38 7 38 20 32 24 11 17 20 13 3 28 38 25 0 25 0 2 38 20
split_gain=1.35674 1.60204 1.63937 1.55556 1.52381 1.37627 2.66822 1.6478 0.992821 0.956074 1.65724 2.44699 1.3961 1.35876 1.38131 1.10818 2.17457 1.06522 1.06522 0.858937 1.15235 1.5943 2.44577 1.55229 1.03436 2.68894 1.69461 1.40818 1.16167 1.31364
threshold=-0.016347645986993942 -392.57452347312932 85914.560000000012 -335.50906236585513 -0.027464094439977174 2788.9972100000005 0.0075483278996098134 3893.3065450000008 1056.6500000000017 20.296359261110194 16.43658968356144 -0.0057638367910902251 21.765306724213385 351.19499999999977 -2705.4999697877788 565.9148871000001 -0.0042880342874748447 0.0035515032989205273 122.2350000000006 -0.041080085762885334 81853.110000000015 226.49297895403291 62.777792842238959 -0.060144151634182429 83005.560000000012 -0.74435890761287171 83110.025000000009 82641.900000000009 35.243833536383427 170.98000000000323
decision_type=2 2 2 2 2 2 2 2 2 2 2 2 2 2 2 2 2 2 2 2 2 2 2 2 2 2 2 2 2 2
left_child=1 2 3 -1 -5 6 8 -7 -4 10 13 -12 18 14 -2 -13 -17 -16 -11 -14 21 23 -23 -21 25 -22 -26 28 -27 -30
right_child=9 -3 5 4 -6 7 -8 -9 -10 12 11 15 19 -15 17 16 -18 -19 -20 20 24 22 -24 -25 26 27 -28 -29 29 -31
leaf_value=0.00016005355833983146 0.00016182786400955199 8.6958181234936255e-05 5.9199252229599627e-05 -0.00010556922042757226 5.0291097064180685e-05 0.00018193535786245157 -0.00014717319151558858 -0.00012140352712773234 -1.8304683514467956e-05 7.7068452774884497e-07 -0.00010784613121709709 -3.4479390959124246e-05 -0.00010115434552928184 -2.3388087759457945e-05 5.8141853366425509e-05 4.2027261689530596e-05 -1.7302976428315635e-05 -4.6215133912207133e-05 8.2233135981412298e-05 4.8948561043782446e-06 6.5761009575842611e-05 -0.00015984286735666288 0.00011403645598302367 0.00015601327380126629 5.2592529686264618e-05 -7.6261479949407278e-05 -8.1854313054352182e-08 -7.4129846963988087e-05 5.9067092893969395e-05 -4.9656295960065754e-05
leaf_weight=21 21 20 24 21 21 27 21 22 26 23 22 27 35 20 23 29 22 23 23 39 25 27 21 30 25 29 6347 26 44 36
leaf_count=21 21 20 24 21 21 27 21 22 26 23 22 27 35 20 23 29 22 23 23 39 25 27 21 30 25 29 6347 26 44 36
internal_value=3.51124e-05 0.00406404 0.00259563 0.00912698 0.00357143 -0.000833333 -0.00528169 0.00561224 0.001 -8.31285e-05 -0.00360963 -0.008 1.48588e-05 0.00143678 0.00485075 -0.00384615 0.000490196 0 0.00869565 -4.48833e-05 -3.75996e-06 0.00491453 -0.00208333 0.00978261 -9.18555e-05 -0.0040625 7.84683e-06 -0.00685185 -0.0043578 -0.00125
internal_weight=7120 203 183 63 42 120 71 49 50 6917 187 100 6730 87 67 78 51 46 46 6684 6649 117 48 69 6532 160 6372 135 109 80
internal_count=7120 203 183 63 42 120 71 49 50 6917 187 100 6730 87 67 78 51 46 46 6684 6649 117 48 69 6532 160 6372 135 109 80
is_linear=0
shrinkage=0.05


Tree=83
num_leaves=31
num_cat=0
split_feature=5 4 23 27 35 7 25 9 28 28 11 9 28 11 17 22 21 42 4 13 25 25 28 41 25 21 9 20 13 32
split_gain=0.810814 2.04035 1.6883 2.15644 1.84601 1.83575 2.34776 1.8274 1.46112 1.42322 2.14704 2.65073 1.38712 1.45603 1.18722 1.01823 0.932022 0.914502 0.9 0.819134 1.52863 1.72498 1.49216 1.46167 1.65974 1.93063 1.75162 1.225 1.16702 1.62665
threshold=-0.0060863329469709659 664.69834500000013 1.2598812052056989 84764.456000000006 87678.195950000008 -0.0056258200851604526 -0.029608155979030427 -0.010477456990233615 -2452.8845971890619 -277.84376416626031 -0.0067074575619004645 -0.0096874992444835727 -1196.4708877850715 -0.015467063511627577 0.0047829592707950295 2598.6942412500007 136.47499999999857 -241.21248289939842 1542.3785550000002 0.027544933376003833 -0.32286642191251119 -0.10200787468425186 1311.5176139644393 945.78524675712049 0.38337378422921603 263.87500000000006 0.010049074737730765 211.90499999999159 0.023898439358076649 3306.3650066904961
decision_type=2 2 2 2 2 2 2 2 2 2 2 2 2 2 2 2 2 2 2 2 2 2 2 2 2 2 2 2 2 2
left_child=1 -1 4 -4 7 6 -6 -3 15 10 11 12 13 14 -5 -2 -8 -16 -9 28 22 27 -21 24 -23 26 -26 -22 29 -10
right_child=8 2 3 9 5 -7 16 18 19 -11 -12 -13 -14 -15 17 -17 -18 -19 -20 20 21 23 -24 -25 25 -27 -28 -29 -30 -31
leaf_value=-1.4723469399264032e-05 -2.959308118534633e-06 0.0001176153917236785 9.4654677010418245e-05 5.3140711450481789e-05 -7.7493894108732675e-06 5.9046606398457147e-05 1.628495420685858e-05 -2.1400232536399294e-06 2.3281760161788546e-09 -7.6821054196590983e-05 4.3299338742202006e-05 -7.8109916882440828e-05 8.2557731237061383e-05 -4.6539039499034092e-05 1.786291224728201e-05 -0.00018397388506477433 0.00011239923947480298 -0.00015166067188382678 -0.0002357111380428473 -5.2635638243574927e-05 8.8200511304690403e-07 -8.4367178472648553e-05 -3.195278700910669e-05 6.0708409059417201e-05 4.1457256897437486e-05 -3.566159503984234e-05 -6.3358365392401788e-06 5.2446110614816412e-05 1.7471381925177139e-05 -2.636099989918826e-05
leaf_weight=21 31 21 28 25 20 46 31 20 6251 20 22 20 24 20 22 23 48 20 20 37 20 31 35 26 20 23 41 20 104 30
leaf_count=21 31 21 28 25 20 46 31 20 6251 20 22 20 24 20 22 23 48 20 20 37 20 31 35 26 20 23 41 20 104 30
internal_value=-7.02247e-06 0.0021028 0.00288698 -0.000373134 0.00606796 0.00913793 0.00530303 -0.00122951 -0.000141961 -0.00245665 -0.000816993 -0.00324427 -0.000225225 -0.00316092 0.000373134 -0.00833333 0.00917722 -0.0047619 -0.0075 -7.53239e-05 -0.00286561 -0.000414365 -0.00902778 -0.00301418 -0.00543478 -0.00178571 0.00286885 0.00875 3.52388e-05 -5.17434e-05
internal_weight=7120 428 407 201 206 145 99 61 6692 173 153 131 111 87 67 54 79 42 40 6638 253 181 72 141 115 84 61 40 6385 6281
internal_count=7120 428 407 201 206 145 99 61 6692 173 153 131 111 87 67 54 79 42 40 6638 253 181 72 141 115 84 61 40 6385 6281
is_linear=0
shrinkage=0.05


Tree=84
num_leaves=31
num_cat=0
split_feature=9 32 20 20 40 4 19 31 20 35 15 7 21 5 4 9 36 5 9 34 36 25 9 42 7 34 11 2 26 5
split_gain=1.18713 2.0195 1.1922 1.42507 1.29727 1.07155 2.55103 1.83653 2.71586 2.54206 3.04229 1.64854 1.9406 1.62024 1.38203 1.35035 1.7916 1.40649 1.96322 1.29712 2.02696 1.66429 2.48154 2.15632 1.52029 1.29663 1.28651 1.55559 1.24747 1.22501
threshold=-0.017177126577585137 -682.14320006100741 116.52499999999419 192.42499999999566 -384.48645697368187 1393.4780150000001 1300.9700000000014 106833.23670000001 105.74500000000263 113376.77450000001 0.004902915124111791 0.00040769764265325125 62.134999999994768 -0.0077830889861828208 2035.9202700000003 0.00060641526750131831 -1464.4380026160286 -0.001083745498526784 -0.01126654028561762 104532.35470778866 -5776.1377735880151 0.83186840392054362 0.0073601817965031017 112.23362357441712 0.011788253741670316 88600.738788729606 0.016318325883272262 113052.97000000002 107871.21975669863 0.002903842327520422
decision_type=2 2 2 2 2 2 2 2 2 2 2 2 2 2 2 2 2 2 2 2 2 2 2 2 2 2 2 2 2 2
left_child=1 2 4 -4 -1 6 13 11 -9 14 -11 12 -7 -2 -10 16 17 18 -14 20 -13 23 -23 25 -24 -22 -15 28 -28 -8
right_child=5 -3 3 -5 -6 7 29 8 9 10 -12 19 15 26 -16 -17 -18 -19 -20 -21 21 22 24 -25 -26 -27 27 -29 -30 -31
leaf_value=0.00014731814657231899 4.1976601358574807e-05 2.7138182543599096e-05 -0.00025151371531180569 4.4962241386271715e-06 4.0149756716569461e-06 0.00010128938778785647 3.694254270537477e-06 -4.6469639424395666e-05 -9.0004625569694029e-05 -1.3579959131767965e-05 8.1941258653071665e-05 8.1826520957767944e-05 6.3696013804389348e-05 1.2253648057537368e-07 -9.6814409077304537e-06 -6.8083731457904722e-05 8.5398812484439273e-06 -0.00013745421084045885 -0.00020671949146620254 6.7980862409693825e-05 -2.6057902662018575e-05 8.6860630456667522e-05 -4.8859302177262299e-05 4.7467696664129311e-07 3.6165314037293244e-05 -0.00018491124593525345 -3.5975474397060389e-06 3.053952321517936e-05 -3.6301568411697678e-05 0.00011629203298141274
leaf_weight=21 35 22 23 83 25 24 21 82 49 71 33 33 37 5805 40 35 94 33 40 28 23 45 47 51 66 21 148 36 27 22
leaf_count=21 35 22 23 83 25 24 21 82 49 71 33 33 37 5805 40 35 94 33 40 28 23 45 47 51 66 21 148 36 27 22
internal_value=-5.61798e-05 0.00402299 0.00197368 -0.000943396 0.00869565 -0.000158365 7.38431e-05 -0.00181925 -0.00518182 -0.00194301 0.00336538 -0.000216638 -0.00313688 -1.23946e-05 -0.00814607 -0.00449791 -0.00294118 -0.00727273 -0.00357143 0.0022293 0.00122378 -0.000296443 0.0028481 -0.00552632 -0.00110619 -0.0136364 -7.48005e-05 -0.00390995 -0.00585714 0.0122093
internal_weight=7120 174 152 106 46 6946 6094 852 275 193 104 577 263 6051 89 239 204 110 77 314 286 253 158 95 113 44 6016 211 175 43
internal_count=7120 174 152 106 46 6946 6094 852 275 193 104 577 263 6051 89 239 204 110 77 314 286 253 158 95 113 44 6016 211 175 43
is_linear=0
shrinkage=0.05


Tree=85
num_leaves=31
num_cat=0
split_feature=9 32 5 42 32 21 13 7 38 18 11 20 15 15 36 11 4 21 21 20 39 11 20 21 42 9 18 13 3 41
split_gain=1.54054 1.85888 1.00008 1.74036 1.14926 2.94981 0.999604 1.38898 2.31153 1.298 1.15258 1.0059 1.29727 1.21827 1.12185 0.984699 1.8393 1.69604 1.76328 1.10662 1.03601 0.9827 2.34068 1.71075 1.20577 1.08036 1.93393 1.04512 1.49091 1.2415
threshold=-0.017177126577585137 -682.14320006100741 -0.0071684303165477792 -264.44196803817414 -2230.2812950453804 320.67999999999307 0.027544933376003833 -0.0055036472448107519 73.842938397671375 -215.80000000000288 0.029994521253751596 288.13999999999947 0.006935365762676316 0.0060512333504748614 2756.5911976016146 -0.02013040933284933 1022.3988300000001 84.025000000001469 360.03500000000355 172.84999999999857 832.44642857142969 -0.015467063511627577 28.965000000003787 43.505000000004664 -264.44196803817414 -0.0093421862256933674 -207.56499999999502 -0.032935972681755209 86644.505000000019 -693.93677879293136
decision_type=2 2 2 2 2 2 2 2 2 2 2 2 2 2 2 2 2 2 2 2 2 2 2 2 2 2 2 2 2 2
left_child=1 2 4 -4 5 -1 15 -8 10 -10 -9 13 -13 14 -11 16 -2 -18 20 -20 -19 22 -17 -24 -25 -26 -27 28 -23 -29
right_child=6 -3 3 -5 -6 -7 7 8 9 11 -12 12 -14 -15 -16 21 17 18 19 -21 -22 27 23 24 25 26 -28 29 -30 -31
leaf_value=0.00012561259431334725 1.2677681607186471e-05 2.5781273416419143e-05 5.5037487344158706e-06 -0.0001469795176179698 -5.1057725672941099e-05 -3.1429117535985576e-05 3.6911518784612097e-05 -5.0182347862569074e-05 7.2925053856087257e-05 -4.0210709404754852e-05 -1.0758688240872314e-06 -3.5760796034150624e-06 -3.3111421767108104e-05 5.0785045800196341e-05 4.4199735925463311e-06 6.4223410690232701e-05 -4.4113354213388807e-05 -4.391950131807923e-05 -5.3440788965252698e-05 -7.1199649596070017e-05 0.00016887560668361917 5.2697762996061398e-06 9.5725397087974965e-05 -8.1477764416768361e-05 6.1049329547906072e-05 -7.2224244982392288e-05 4.1996376385490404e-05 6.0402320722949704e-06 -0.00012110353252056002 -2.4871109118119527e-07
leaf_weight=41 39 22 34 22 29 26 24 59 21 29 21 25 21 37 33 20 20 28 31 22 32 37 20 22 36 20 28 300 32 5989
leaf_count=41 39 22 34 22 29 26 24 59 21 29 21 25 21 37 33 20 20 28 31 22 32 37 20 22 36 20 28 300 32 5989
internal_value=-4.91573e-05 0.0045977 0.00263158 -0.00267857 0.00572917 0.00932836 -0.000165563 -0.00314815 -0.00426829 -0.000903614 -0.01125 -0.00258621 -0.00869565 0.000252525 -0.00403226 -4.49371e-05 -0.00377907 -0.00657895 -0.00420354 -0.0108491 0.00166667 5.3813e-05 0.00410959 0.0015873 -0.000943396 0.00178571 -0.003125 -3.93205e-05 -0.00615942 2.78264e-05
internal_weight=7120 174 152 56 96 67 6946 270 246 166 80 145 46 99 62 6676 172 133 113 53 60 6504 146 126 106 84 48 6358 69 6289
internal_count=7120 174 152 56 96 67 6946 270 246 166 80 145 46 99 62 6676 172 133 113 53 60 6504 146 126 106 84 48 6358 69 6289
is_linear=0
shrinkage=0.05


Tree=86
num_leaves=31
num_cat=0
split_feature=9 32 22 23 24 24 23 7 25 32 11 5 38 25 38 17 17 39 25 23 9 24 25 19 32 17 38 38 25 23
split_gain=1.50352 1.85888 1.12855 2.13442 1.39059 1.38889 1.96591 0.943597 0.807923 3.06854 2.43967 1.15255 1.07302 0.889043 2.10212 1.73365 2.10864 1.71063 1.6 1.17814 1.99689 1.23375 0.988209 1.44227 0.963333 0.876783 0.80037 1.96267 1.59935 1.04802
threshold=-0.017177126577585137 -682.14320006100741 1035.5530295000001 2.3364195659813793 980.1179714000001 1238.7946312000001 1.0211289396048742 -0.01704063830873381 -1.1054885124985612 62.803045460022993 -0.00081636307365172466 0.00015811832549261434 53.866995119088095 -0.94683704564345128 44.24127070994232 0.0023169299207191889 0.0061171193043541069 549.94892857142838 -0.99047715895732447 -0.99156918411784134 0.00095392638462881796 731.16624220000006 -0.92253679135745525 345.54000000000093 78.048772182257395 0.003492503645741159 20.296359261110194 19.297469659182699 1.4938410422733377 -0.17524697638270231
decision_type=2 2 2 2 2 2 2 2 2 2 2 2 2 2 2 2 2 2 2 2 2 2 2 2 2 2 2 2 2 2
left_child=1 2 3 -1 -4 -6 -7 -2 9 10 -9 -12 -11 14 17 -16 19 18 -10 21 24 -17 23 25 -21 -15 27 28 29 -24
right_child=7 -3 4 -5 5 6 -8 8 13 12 11 -13 -14 22 15 16 -18 -19 -20 20 -22 -23 26 -25 -26 -27 -28 -29 -30 -31
leaf_value=-0.00013135498861120869 -0.00011955518983582778 2.4492209745598184e-05 0.00010961824348374229 3.4356893915246744e-05 -0.00014711015814940231 0.0001302468460219156 -2.8869727066143752e-05 -2.1854177912531791e-06 1.7176283325337082e-05 -6.6906740579751251e-05 1.5274744378181459e-05 3.508380341556511e-05 -9.2639431661336767e-06 9.0282177571465013e-06 4.1069363235282768e-06 -5.6336789787443926e-06 4.7116389188846385e-06 3.1396418896429875e-05 -3.915069076094595e-05 -7.7785818587569743e-06 -5.4172049816620686e-05 -7.6730948004376625e-05 2.4532524331924874e-06 -2.0628103213818209e-06 1.3500185303860543e-05 4.8594229582706283e-05 -5.4635954220787668e-09 -2.1632344382243953e-05 5.8534979504246937e-05 -2.5710975846561373e-05
leaf_weight=26 26 22 20 25 27 26 28 35 20 21 31 34 24 21 25 29 32 33 20 20 34 44 50 37 30 26 6215 24 31 84
leaf_count=26 26 22 20 25 27 26 28 35 20 21 31 34 24 21 25 29 32 33 20 20 34 44 50 37 30 26 6215 24 31 84
internal_value=7.02247e-06 0.0045977 0.00263158 -0.00343137 0.00569307 0.00277778 0.00740741 -0.000107976 -7.22543e-05 0.00362069 0.0085 0.0142308 -0.00722222 -0.000151292 -0.00287456 -0.00537383 -0.00701058 0.00445205 -0.0025 -0.0093949 -0.00535714 -0.0140411 -3.08261e-05 0.00535714 0.001 0.0111702 -0.000101499 -0.00330688 -0.00136364 -0.00373134
internal_weight=7120 174 152 51 101 81 54 6946 6920 145 100 65 45 6775 287 214 189 73 40 157 84 73 6488 84 50 47 6404 189 165 134
internal_count=7120 174 152 51 101 81 54 6946 6920 145 100 65 45 6775 287 214 189 73 40 157 84 73 6488 84 50 47 6404 189 165 134
is_linear=0
shrinkage=0.05


Tree=87
num_leaves=31
num_cat=0
split_feature=7 38 28 38 20 3 2 20 16 17 11 2 20 9 34 34 42 28 11 0 39 36 39 11 16 20 21 24 16 22
split_gain=1.17337 1.32567 1.03569 1.1242 1.5758 1.02339 1.84127 1.68312 1.24802 1.78748 1.72106 1.71 1.59045 1.94385 1.99481 1.829 2.09569 1.6228 1.55049 1.63861 1.52617 1.72364 1.33834 1.28777 1.93803 1.35941 1.16395 1.16138 1.14272 2.09585
threshold=-0.012343699381377389 20.296359261110194 -2669.7343917948451 21.765306724213385 122.2350000000006 81853.110000000015 80089.590000000011 351.19499999999977 0.0069552059605286461 0.0066649697258137535 0.0041062999152637345 108000.49500000001 5.8549999999959264 0.006857007099709417 87867.505715309628 88600.738788729606 237.40093118419517 1311.5176139644393 0.0010117066194982613 84638.000000000015 1073.359285714286 1444.3422449985594 1073.359285714286 0.0024482565815301424 0.0084738198679128185 221.9349999999977 137.91999999999828 855.1219913000001 0.0063591962711648528 1080.1640125000001
decision_type=2 2 2 2 2 2 2 2 2 2 2 2 2 2 2 2 2 2 2 2 2 2 2 2 2 2 2 2 2 2
left_child=-1 -2 -3 4 -4 6 7 -5 9 28 18 26 -10 17 -15 -16 22 20 19 -11 21 27 -17 24 -22 -26 -12 -14 -7 -30
right_child=1 2 3 5 -6 8 -8 -9 12 10 11 -13 13 14 15 16 -18 -19 -20 -21 23 -23 -24 -25 25 -27 -28 -29 29 -31
leaf_value=1.5638906222560282e-05 -4.8083303066519018e-06 -0.0001120762069659322 -3.6225077905370089e-06 -4.4691196076646587e-05 0.00010469372506099809 -3.0885862938794615e-07 0.00011102762415545462 9.7500635002134478e-05 7.6733397164949636e-05 -5.0908344650803591e-05 -1.1960027547570982e-05 5.1392389340494291e-05 6.3050546607507874e-07 -8.8733834452820158e-06 5.371262635873026e-05 9.6108381924339778e-05 -5.9537224885103557e-05 -4.7222274290087018e-05 0.00010741196750905775 4.3702493192388699e-05 0.00022774901888580627 5.6925243760302621e-05 -6.4326175258905393e-07 -4.367564634920991e-05 -4.1013969531637938e-05 2.3993021436235489e-05 2.3928441900487389e-06 -6.590441105434277e-05 4.8566816737825912e-05 7.3114770048604953e-07
leaf_weight=232 195 24 23 55 21 5680 47 22 21 25 43 21 26 30 33 22 30 37 27 52 23 21 25 27 21 20 49 106 46 116
leaf_count=232 195 24 23 55 21 5680 47 22 21 25 43 21 26 30 33 22 30 37 27 52 23 21 25 27 21 20 49 106 46 116
internal_value=-4.91573e-05 -0.000166957 -4.85582e-05 -1.12461e-05 0.00795455 -6.41509e-05 0.00443548 -0.000324675 -0.000149977 3.71348e-05 0.00449309 0.000221239 -0.00271493 -0.0033848 0.00142857 0.00454545 0.000324675 -0.00578292 0.00913462 0.00551948 -0.00430328 -0.00735294 0.00691489 0.000824176 0.0046875 -0.00182927 -0.00271739 -0.0094697 -0.000128381 0.00401235
internal_weight=7120 6888 6693 6669 44 6625 124 77 6501 6059 217 113 442 421 140 110 77 281 104 77 244 153 47 91 64 41 92 132 5842 162
internal_count=7120 6888 6693 6669 44 6625 124 77 6501 6059 217 113 442 421 140 110 77 281 104 77 244 153 47 91 64 41 92 132 5842 162
is_linear=0
shrinkage=0.05


Tree=88
num_leaves=31
num_cat=0
split_feature=7 15 13 13 9 23 27 31 15 23 38 9 5 11 41 40 4 24 22 15 15 13 13 32 7 20 13 21 23 9
split_gain=1.19229 1.17967 1.84889 1.87748 1.74818 1.2622 1.24487 1.22106 1.54796 1.07302 1.03367 1.27579 1.48177 1.56957 1.42537 1.48563 2.45769 2.07388 2.59197 2.00194 2.87374 2.14208 2.26636 2.06591 1.97253 1.9571 2.29688 2.28425 1.95273 1.87904
threshold=-0.012343699381377389 0.0098241119570202356 0.026196917434562355 -0.0099642398032735256 0.0088033853559708278 -0.45148734261492113 81936.690500000012 81999.435000000012 0.0064908850998976588 -0.48584227212342829 20.296359261110194 -0.002040824720811418 0.0042897142863334682 -0.0027217571830710613 1005.5647768736442 -114.03172865456143 265.12347500000004 855.1219913000001 358.08535275000003 0.0042500782538311809 0.0024849300659270609 0.0060302694538033339 -0.0040858740120415437 -562.98409118111874 -0.0070634068567858891 0.99500000000261946 0.0061728220822240562 192.14999999999421 1.1041092288329366 -0.0028895915908164448
decision_type=2 2 2 2 2 2 2 2 2 2 2 2 2 2 2 2 2 2 2 2 2 2 2 2 2 2 2 2 2 2
left_child=-1 6 3 5 -4 -3 7 8 -2 -5 -8 12 14 -14 15 16 -12 18 -18 20 25 22 -21 -22 -20 -17 27 -27 -29 -19
right_child=1 2 4 9 -6 -7 10 -9 -10 -11 11 -13 13 -15 -16 19 17 29 24 21 23 -23 -24 -25 -26 26 -28 28 -30 -31
leaf_value=1.4856960911432268e-05 -7.2420526336669833e-05 -8.0933487306948556e-05 -0.00011767301913451119 8.8141940970126398e-05 -6.110986649596017e-07 -6.3401175243213e-07 -4.8018375393503356e-06 8.87046986289865e-05 2.8798036051400978e-05 7.7219049393192023e-08 5.3052240607016752e-05 -6.0784234695901961e-07 -6.3059746024848092e-05 5.3981153597587859e-05 7.7440075262526182e-05 -1.1728517405460924e-05 -3.501619210749213e-05 2.1109798708971174e-06 -5.2099018076346413e-06 7.7910374659637569e-07 -3.4709509512524574e-05 -2.3837656610192296e-06 4.3804892536319825e-05 -7.1469166093608095e-06 3.4596745337139201e-05 2.4591468927794288e-07 4.1070695149366216e-05 3.5656630775611836e-05 4.4097812687180188e-07 -6.7423632692085065e-05
leaf_weight=232 22 36 30 21 21 46 178 28 52 24 37 4563 45 24 28 32 29 232 59 51 56 114 74 470 259 244 20 34 22 37
leaf_count=232 22 36 30 21 21 46 178 28 52 24 37 4563 45 24 28 32 29 232 59 51 56 114 74 470 259 244 20 34 22 37
internal_value=-7.72472e-05 -0.000195993 -0.00421348 -0.000984252 -0.0122549 -0.0054878 -8.94188e-05 0.00539216 0.00202703 0.00722222 -0.000174031 -6.99844e-05 0.00103107 -0.00615942 0.00130701 0.00112994 0.0030245 0.00227273 0.00482709 2.23814e-05 -0.001082 0.0040795 0.0086 -0.00342205 0.00613208 0.00241477 0.00359375 0.0025 0.0116071 -0.0010223
internal_weight=7120 6888 178 127 51 82 6710 102 74 45 6608 6430 1867 69 1798 1770 653 616 347 1117 878 239 125 526 318 352 320 300 56 269
internal_count=7120 6888 178 127 51 82 6710 102 74 45 6608 6430 1867 69 1798 1770 653 616 347 1117 878 239 125 526 318 352 320 300 56 269
is_linear=0
shrinkage=0.05


Tree=89
num_leaves=31
num_cat=0
split_feature=7 38 39 13 39 17 16 36 4 30 5 4 42 1 17 0 0 13 5 23 41 42 38 20 25 21 39 17 9 25
split_gain=1.13728 1.37844 1.75206 2.90504 1.9322 1.71045 2.40841 1.35166 1.99041 1.78384 1.54751 1.29117 1.24819 1.22056 1.02785 1.25162 1.32103 1.25107 3.08885 2.27963 1.51947 1.43622 1.50302 0.996078 0.982687 0.970997 1.92667 3 0.990371 4.01602
threshold=0.0066769132612132095 32.179731073330835 790.18785714285809 -0.0055277779911556942 830.0132142857143 0.0046010768089107508 0.0060260737519155063 -2255.5343537828444 570.99227000000008 110274.11020282355 0.0049456734955318328 1414.2198350000001 101.39006948353843 88723.455000000016 0.0079266471040074175 86943.385000000009 89239.000000000015 -0.0079601996566748181 -0.0014739217201188599 -0.037651896801919132 -622.02919158787915 95.666812323951333 56.936989185914165 250.94999999999712 3.5035757285150551 742.97000000000128 938.7803571428575 0.0045778453125668766 -0.0052931384188474404 -0.86079977640759298
decision_type=2 2 2 2 2 2 2 2 2 2 2 2 2 2 2 2 2 2 2 2 2 2 2 2 2 2 2 2 2 2
left_child=14 -2 3 -3 -4 -6 -7 -5 -9 10 13 12 -12 -10 25 17 -17 18 -16 20 -19 -22 -23 -11 -13 28 27 -27 29 -1
right_child=1 2 4 7 5 6 -8 8 9 23 11 24 -14 -15 15 16 -18 19 -20 -21 21 22 -24 -25 -26 26 -28 -29 -30 -31
leaf_value=5.9633497346329352e-05 4.2179492338186594e-05 -8.7630506433349791e-05 -0.00010164574271486457 -1.1080405521353404e-05 -0.00011880014683437107 3.5671634110749408e-05 -6.9283608026068147e-06 3.1154697880111265e-05 -3.9805430038092751e-05 -3.4427946207965286e-05 9.4311944400453431e-06 -1.0967550315728055e-05 9.8732219014862794e-05 5.9357009039326021e-06 5.1387794282340211e-05 0.00015083290733576104 2.5661871905567755e-05 8.9307144720101304e-05 -6.8480676960461464e-05 0.00010488079965514329 5.1952461127526119e-06 -6.8376077585398024e-05 -1.4261791565312218e-06 6.2071768022296857e-06 4.648961806615086e-05 -4.7282953493543824e-05 -0.00020749998818392901 0.00018087386073867694 -2.4405760295559336e-07 2.382249923947274e-06
leaf_weight=29 39 25 29 22 21 28 159 25 35 65 31 37 24 68 38 27 39 24 42 23 35 20 39 23 23 30 25 20 5098 977
leaf_count=29 39 25 29 22 21 28 159 25 35 65 31 37 24 68 38 27 39 24 42 23 35 20 39 23 23 30 25 20 5098 977
internal_value=-7.72472e-05 -0.00206422 -0.00264228 -0.000529101 -0.00601266 -0.00432692 -0.00280749 0.000637394 0.00143505 0.000326797 0.00275229 0.00673913 0.0122727 -0.00169903 0.000123724 0.00304878 0.00909091 0.00124434 -0.00375 0.00407801 0.00127119 -0.00159574 -0.00635593 -0.00568182 0.00166667 -1.21379e-05 -0.00566667 0 5.73394e-05 0.00149105
internal_weight=7120 654 615 378 237 208 187 353 331 306 218 115 55 103 6466 287 66 221 80 141 118 94 59 88 60 6179 75 50 6104 1006
internal_count=7120 654 615 378 237 208 187 353 331 306 218 115 55 103 6466 287 66 221 80 141 118 94 59 88 60 6179 75 50 6104 1006
is_linear=0
shrinkage=0.05


Tree=90
num_leaves=31
num_cat=0
split_feature=9 4 38 42 11 21 4 21 21 21 31 28 11 26 26 26 25 7 19 42 25 23 25 1 28 21 9 15 16 7
split_gain=0.878559 1.56209 2.22971 2.10771 1.93317 1.86428 2.04848 1.46432 1.27395 2.27405 3.36435 2.09541 1.84453 1.81678 2.67612 1.94071 1.82569 1.78126 1.86354 2.27602 1.57379 1.43436 1.45414 1.41524 1.36421 1.3637 2.94035 2.09739 2.40573 1.88929
threshold=-0.0020861263990010052 249.30784500000001 37.153919333160708 -4.9979433814840837 -0.0011228084768087094 0.01000000000203727 500.12885500000004 51.0350000000035 43.505000000004664 108.81999999999972 117642.058 681.61953666974307 0.0070749205825449109 114731.86149480088 115492.9777505645 113919.24395751425 -0.42234878696292061 -0.0028132204220775643 393.65500000000617 -34.415972797599231 -0.78098299210566891 0.039811945508901304 0.66221615638012821 115331.43000000001 -221.10786302998892 178.61499999999799 -0.010077955532824969 0.002077404185336243 0.0026242005473380513 -0.0033112590676829096
decision_type=2 2 2 2 2 2 2 2 2 2 2 2 2 2 2 2 2 2 2 2 2 2 2 2 2 2 2 2 2 2
left_child=1 2 -1 7 -5 6 -3 -4 17 10 11 23 13 15 -15 25 -16 18 19 -7 -19 -18 -23 -10 -22 26 -11 -27 29 -29
right_child=-2 5 3 4 -6 8 -8 -9 9 12 -12 -13 -14 14 16 -17 21 20 -20 -21 24 22 -24 -25 -26 27 -28 28 -30 -31
leaf_value=8.5152742199964208e-05 -4.1703968353840209e-07 -3.6058482542935655e-05 -1.4418681101529514e-05 8.687031379118786e-07 4.2869651673696857e-05 1.3581693848651451e-06 -1.9048039619746421e-06 1.3282434486835779e-06 -1.4532622190646771e-05 5.8776358687167656e-05 2.4381660560388637e-05 6.1690612897181317e-05 -4.4280453392157995e-05 -6.5516718187832068e-05 5.5395829711474785e-05 9.234929037503476e-05 -4.3561525868876458e-05 -1.1471465808530869e-05 2.1076049213120977e-05 -4.5289147409484541e-05 1.4565358185882159e-05 2.6053137678495204e-05 -1.1229885472560662e-05 -4.1654756115910759e-05 4.18972033981486e-05 2.9851301554176384e-05 5.4938536863061041e-06 -3.4901296065309072e-05 3.0380168076645652e-06 5.4046717014908148e-07
leaf_weight=26 4834 22 20 27 23 23 33 29 371 71 51 28 55 20 26 36 47 23 155 24 45 43 76 21 50 44 257 36 584 20
leaf_count=26 4834 22 20 27 23 23 33 29 371 71 51 28 55 20 26 36 47 23 155 24 45 43 76 21 50 44 257 36 584 20
internal_value=-4.21348e-05 0.000765529 0.0062 0.00277778 0.01 0.00045118 -0.00863636 -0.00459184 0.000688509 0.000167973 -0.00281316 -0.00428571 0.00123574 0.00162698 -0.00259434 0.00248092 -0.00078125 0.00359375 0.000742574 -0.00797872 0.00847458 -0.00271084 0.000210084 -0.00522959 0.0113158 0.0020751 0.00472561 0.000804094 7.8125e-05 -0.00982143
internal_weight=7120 2286 125 99 50 2161 55 49 2106 1786 471 420 1315 1260 212 1048 192 320 202 47 118 166 119 392 95 1012 328 684 640 56
internal_count=7120 2286 125 99 50 2161 55 49 2106 1786 471 420 1315 1260 212 1048 192 320 202 47 118 166 119 392 95 1012 328 684 640 56
is_linear=0
shrinkage=0.05


Tree=91
num_leaves=31
num_cat=0
split_feature=9 25 38 41 9 42 42 20 42 21 19 11 9 5 32 18 28 40 36 20 28 13 22 7 19 25 25 39 7 18
split_gain=0.951369 2.72111 1.56349 2.02633 1.61435 1.56087 1.57546 2.12376 2.40683 2.62987 1.63933 1.523 1.40125 3.1685 2.35075 1.48117 1.61905 2.56016 1.65831 1.41012 1.68374 2.37228 2.0662 1.83893 2.04443 1.84726 2.34519 1.76774 1.37814 1.34481
threshold=-0.0054403232381180291 -0.86079977640759298 72.294411319490024 610.89201323472355 -0.007064715583593382 -234.4939115819034 -67.358484927675377 33.075000000004373 -38.368387154428042 206.56500000000236 598.68499999999779 -0.0065821333709736125 -0.01126654028561762 -0.0094659805998767981 -392.57452347312932 -631.94000000000221 -1238.9632670641365 -353.77475402656268 -1738.6127127623256 30.70999999999913 -708.37385797207378 -0.0088093937828074773 585.60458425000013 -0.0049042853562593063 862.83000000000186 2.0647472191151244 0.034738302423886973 756.69107142857331 -0.0096970687383680747 -342.13500000000198
decision_type=2 2 2 2 2 2 2 2 2 2 2 2 2 2 2 2 2 2 2 2 2 2 2 2 2 2 2 2 2 2
left_child=1 -1 3 4 12 -6 10 -8 -9 -10 11 -7 14 -14 15 16 17 -3 -19 -15 23 -22 -23 25 -25 26 -21 -24 -2 -30
right_child=28 2 -4 -5 5 6 7 8 9 -11 -12 -13 13 19 -16 -17 -18 18 -20 20 21 22 27 24 -26 -27 -28 -29 29 -31
leaf_value=5.7403551271917017e-05 5.6195584130909258e-05 6.1805609571572467e-05 -6.6405005400087684e-05 7.3138595825488709e-05 -3.0132040126947008e-05 5.6670555710531612e-05 -3.7367151993045655e-05 -2.3685902238605592e-05 5.9717397254601208e-05 -2.7742873749420773e-05 0.00010342711428322871 -2.2709761254644596e-06 -0.00036027196900686174 5.1598448893082038e-06 6.6000143927209647e-05 -1.333619054368041e-05 6.5084294674565919e-05 -0.00011466099301412929 8.7049549410183794e-06 9.1393970749774941e-06 -0.00012228766313155648 -0.00012722497297721282 9.3267038627038918e-06 8.751090591162235e-05 -8.1700823001877792e-06 4.9021834340579573e-05 -9.1979172657909029e-05 -0.00010389855913097172 -3.8066823075332405e-06 -1.5504661552950463e-07
leaf_weight=26 23 90 23 63 28 30 32 32 55 22 45 23 23 57 44 167 34 28 22 24 25 21 53 38 24 20 59 30 453 5506
leaf_count=26 23 90 23 63 28 30 32 32 55 22 45 23 23 57 44 167 34 28 22 24 25 21 53 38 24 20 59 30 453 5506
internal_value=-7.02247e-06 0.0013181 0.000944245 0.00121671 0.000682261 0.00402622 0.00533473 0.00195035 0.00527523 0.0100649 0.0102041 0.00424528 -0.000494071 -0.0026738 0.00162338 0.000219941 0.00344828 0.00107143 -0.008 -0.00149573 -0.00289116 -0.00717054 -0.00384615 0.000454545 0.00725806 -0.00364078 -0.00692771 -0.000301205 -0.000259111 -0.000306259
internal_weight=7120 1138 1112 1089 1026 267 239 141 109 77 98 53 759 374 385 341 174 140 50 351 294 129 104 165 62 103 83 83 5982 5959
internal_count=7120 1138 1112 1089 1026 267 239 141 109 77 98 53 759 374 385 341 174 140 50 351 294 129 104 165 62 103 83 83 5982 5959
is_linear=0
shrinkage=0.05


Tree=92
num_leaves=31
num_cat=0
split_feature=5 42 24 20 23 17 35 17 4 4 24 41 35 2 36 20 22 20 34 30 38 28 1 2 2 32 28 17 16 5
split_gain=1.03598 1.18397 1.77473 1.83681 1.431 1.39987 2.18066 1.24363 1.12247 1.1111 1.07302 1.03052 1.01295 1.72017 2.41088 3.22578 3.30893 2.03313 2.01287 1.84472 2.94203 2.07254 2.41792 1.96631 2.79501 1.77094 1.74896 2.72863 2.35171 1.74398
threshold=-0.0077830889861828208 334.23003683175364 2213.5940525000001 394.2249999999986 3.2607228082727002 0.0039450138599261908 105496.28735000001 0.0030514131945370351 1273.0897550000002 3893.3065450000008 1420.9107617500006 300.67133988079371 115753.10345000001 115749.39000000001 454.5676939568512 9.2450000000026211 556.1063512500001 237.48999999999799 118052.95891014625 114490.10058358462 46.447801319675122 576.48901465183019 114018.88500000002 112338.02500000001 111771.16000000002 -1763.2304181486613 -464.47996599965694 0.003479628413164793 0.0028293134000983169 -0.0028032357302720102
decision_type=2 2 2 2 2 2 2 2 2 2 2 2 2 2 2 2 2 2 2 2 2 2 2 2 2 2 2 2 2 2
left_child=8 4 3 10 9 6 -6 -8 -1 12 11 -3 -2 19 17 -16 -17 18 -15 21 29 22 23 24 25 -14 -18 -28 -29 -21
right_child=1 2 -4 -5 5 -7 7 -9 -10 -11 -12 -13 13 14 15 16 26 -19 -20 20 -22 -23 -24 -25 -26 -27 27 28 -30 -31
leaf_value=4.9076550970518886e-05 2.856564915372918e-07 -4.0945973382889734e-05 -4.1179984687403739e-05 1.042603882316494e-05 0.00012233190330189063 0.00013496213855169323 9.2702806195398625e-06 -4.3263859075774109e-05 4.2072840034430245e-06 -6.2829357232151159e-05 3.6050512420221744e-06 -1.743711433251486e-05 3.876168018469114e-05 2.2960550344263309e-05 3.7018286852630601e-05 -3.1097470515795593e-05 2.9852040871165723e-05 -1.0855504118438758e-05 3.2650741939698733e-07 -4.8167128473718583e-05 -4.3267317144343255e-05 -3.8113258510827456e-05 5.6338904961881353e-05 -3.4284568946074592e-05 5.283237662649762e-05 -6.2731943644599912e-05 7.3493072941702025e-06 8.703906761541555e-05 -5.10495122539745e-05 -1.3884911043684537e-06
leaf_weight=39 5525 22 31 24 20 44 20 29 221 37 30 20 21 114 37 59 45 39 129 26 57 21 51 53 24 23 79 23 140 117
leaf_count=39 5525 22 31 24 20 44 20 29 221 37 30 20 21 114 37 59 45 39 129 26 57 21 51 53 24 23 79 23 140 117
internal_value=-2.10674e-05 -0.000138484 -0.00492126 -0.0015625 -4.82697e-05 0.00553097 0.00108696 -0.00459184 0.00307692 -0.000143505 -0.00555556 -0.0107143 -9.49415e-05 -0.00151229 3.7594e-05 -0.00254569 -0.00404624 0.0035461 0.00524691 -0.00413486 -0.0075 -0.000647668 0.00116279 -0.00268595 0.00294118 -0.00454545 -0.00182927 -0.0035124 -0.00720859 -0.00367133
internal_weight=7120 6860 127 96 6733 113 69 49 260 6620 72 42 6583 1058 665 383 346 282 243 393 200 193 172 121 68 44 287 242 163 143
internal_count=7120 6860 127 96 6733 113 69 49 260 6620 72 42 6583 1058 665 383 346 282 243 393 200 193 172 121 68 44 287 242 163 143
is_linear=0
shrinkage=0.05


Tree=93
num_leaves=31
num_cat=0
split_feature=7 22 17 21 17 28 11 13 20 25 39 20 19 16 5 39 36 17 31 25 17 25 22 23 35 18 20 22 36 5
split_gain=0.967953 1.3879 2.15489 1.5442 1.59091 1.23717 1.16211 1.01565 1.09156 0.786036 1.99897 2.09536 1.39866 1.45819 0.999396 1.76489 1.19118 0.804944 1.48571 1.57871 0.799704 1.8253 2.09033 1.6795 1.65421 1.98987 1.62054 1.57649 1.54001 2.26232
threshold=-0.012343699381377389 2132.3672131250005 0.0049391421653917278 411.61000000000064 0.0058163965787811451 -1926.2150142347525 -0.015467063511627577 -0.045673307487291127 136.76500000000672 2.7173500964058377 737.66678571428315 96.465000000003798 1433.1149999999982 0.0027034907557290573 -0.0077830889861828208 928.80392857142851 -660.67083437324607 0.010510079772894735 87495.473300000027 -0.52345879426637099 0.0029006280101895425 -1.021771737833949 529.55417975000012 2.4951154785908405 114803.29552500001 -350.91500000000082 44.194999999999716 542.40351575000011 470.55940293936152 0.0010607046183085226
decision_type=2 2 2 2 2 2 2 2 2 2 2 2 2 2 2 2 2 2 2 2 2 2 2 2 2 2 2 2 2 2
left_child=1 2 6 4 -4 -6 -1 8 -2 14 11 -11 13 -13 15 16 -9 20 -19 -20 21 26 23 24 25 -23 -16 -24 -27 -30
right_child=7 -3 3 -5 5 -7 -8 9 -10 10 -12 12 -14 -15 17 -17 -18 18 19 -21 -22 22 27 -25 -26 28 -28 -29 29 -31
leaf_value=5.7352805778794724e-05 5.4027415371448482e-05 0.00015048933660361674 -0.00015183062314319502 8.1151769720049057e-06 3.6726107051154617e-05 -5.5673917501359976e-05 2.7137366696042777e-07 5.0966579277632101e-05 -0.00010660645044781397 -2.9517403968851909e-05 -7.1154991828616053e-05 3.59140692255794e-05 2.8815049445023218e-05 -3.7247290557836029e-05 -2.5556053400020628e-07 -1.732987404482844e-05 1.3058402117057349e-05 4.1606179737813738e-05 -3.3615422592228696e-05 7.967149294140044e-06 -4.2670069963842443e-07 -3.1069610418178091e-05 5.679692969701887e-05 3.02067381828752e-05 -9.5685883048597775e-06 1.1028674561593931e-05 2.4640899532097397e-05 4.5423450328331124e-06 -7.5730666095020329e-06 1.5054546203142813e-05
leaf_weight=57 20 27 22 32 24 31 39 34 35 36 33 28 38 38 24 30 34 28 29 23 4978 31 41 29 273 256 32 407 280 131
leaf_count=57 20 27 22 32 24 31 39 34 35 36 33 28 38 38 24 30 34 28 29 23 4978 31 41 29 273 256 32 407 280 131
internal_value=5.61798e-05 0.00323276 0.00182927 -0.00298165 -0.00681818 -0.00227273 0.00729167 -5.0813e-05 -0.00681818 3.65872e-06 -0.0033237 -0.000714286 0.00288462 -0.00151515 9.00901e-05 0.00510204 0.00955882 1.52393e-05 0.005 0 -4.6282e-05 0.000964096 0.000621547 -0.00065 -0.00100412 0.000286533 0.00982143 0.00345982 0.000862069 -0.00103406
internal_weight=7120 232 205 109 77 55 96 6888 55 6833 173 140 104 66 6660 98 68 6562 80 52 6482 1504 1448 1000 971 698 56 448 667 411
internal_count=7120 232 205 109 77 55 96 6888 55 6833 173 140 104 66 6660 98 68 6562 80 52 6482 1504 1448 1000 971 698 56 448 667 411
is_linear=0
shrinkage=0.05


Tree=94
num_leaves=31
num_cat=0
split_feature=5 15 24 4 16 42 11 9 4 20 22 15 22 9 7 21 25 20 16 2 40 3 35 15 20 11 21 17 20 39
split_gain=0.906951 1.19456 1.2707 1.17836 1.01941 1.01013 2.29883 1.43205 1.19358 1.45754 1.1453 0.656588 2.41257 1.68861 1.90327 1.85835 1.84381 1.60968 1.59593 1.94304 2.37569 2.01648 1.93948 1.58207 1.95297 1.82773 1.90956 1.87182 1.77512 1.79185
threshold=-0.0077830889861828208 0.012356111571805349 2213.5940525000001 1273.0897550000002 0.011365094999951114 -335.50906236585513 -0.0288277435217732 -0.017177126577585137 3155.1418500000004 130.30000000000294 1015.0400315000003 0.0046782570254828128 862.02513975000022 -0.010077955532824969 -0.0083032476542823728 663.05000000000302 0.18747697948145578 0.99500000000261946 0.0066107960805317023 107576.17000000003 -545.59431678680983 83601.085000000006 106090.11095000002 0.0027421621741884074 431.16999999999831 0.0011911264492008107 116.87000000000263 0.0037355149916084639 192.42499999999566 600.29571428571433
decision_type=2 2 2 2 2 2 2 2 2 2 2 2 2 2 2 2 2 2 2 2 2 2 2 2 2 2 2 2 2 2
left_child=3 11 4 -1 -3 -5 -7 -8 9 10 -9 12 13 16 -15 -16 -2 -13 19 20 22 -22 -14 28 25 26 -25 -27 29 -21
right_child=1 2 -4 5 -6 6 7 8 -10 -11 -12 17 18 14 15 -17 -18 -19 -20 23 21 -23 -24 24 -26 27 -28 -29 -30 -31
leaf_value=4.5969803316140075e-05 5.2544585766853849e-05 -5.5975412860890392e-05 -0.00010127612792542326 6.4791032254763473e-05 1.4305529889367816e-05 -0.00014371897252793374 8.4593156949648246e-05 -8.0069679560731887e-05 -5.6293385319111509e-05 5.4031828028152017e-05 7.8934150349475213e-06 1.9898635779662513e-05 3.9997489741791585e-06 -7.9547099591349452e-05 4.4761432115386033e-07 -5.6445650802934979e-05 2.013902680200745e-06 7.4659310588467441e-07 -5.4880142090838759e-05 -2.2849233228848411e-06 6.0763836742173258e-05 -6.868598397028793e-06 0.00012508792162758994 4.2043102073704634e-06 6.4554350830007182e-05 -1.2638153278006151e-05 -5.0382353773004448e-05 -7.3524197044152068e-05 -8.7752288060231104e-06 8.9387159517593975e-05
leaf_weight=39 21 20 23 30 23 21 48 28 22 38 34 64 51 39 3930 20 54 1545 92 24 32 528 26 66 25 45 101 61 35 35
leaf_count=39 21 20 23 30 23 21 48 28 22 38 34 64 51 39 3930 20 54 1545 92 24 32 528 26 66 25 45 101 61 35 35
internal_value=-1.40449e-05 -0.000123907 -0.00681818 0.00288462 -0.00174419 0.00147059 0.00013089 0.00205882 -0.000819672 0.0015 -0.00322581 -5.88755e-05 -0.00033269 0.00023376 9.40085e-05 0.000202532 0.00766667 0.000823493 -0.00238626 -0.00182216 -0.000117739 -0.00125 0.00811688 -0.00459184 -0.00637584 -0.00760073 -0.00434132 -0.0127358 0.00106383 0.00635593
internal_weight=7120 6860 66 260 43 221 191 170 122 100 62 6794 5185 4064 3989 3950 75 1609 1121 1029 637 560 77 392 298 273 167 106 94 59
internal_count=7120 6860 66 260 43 221 191 170 122 100 62 6794 5185 4064 3989 3950 75 1609 1121 1029 637 560 77 392 298 273 167 106 94 59
is_linear=0
shrinkage=0.05


Tree=95
num_leaves=31
num_cat=0
split_feature=9 39 41 19 21 16 24 24 35 16 7 11 9 4 39 4 30 16 23 23 20 34 23 21 4 38 42 41 41 36
split_gain=0.918893 1.74535 1.22855 2.06525 1.19923 1.3677 1.22881 2.51379 2.16253 2.15752 2.4469 2.87098 2.87049 1.63737 2.1421 1.93711 1.45771 2.25658 1.35097 1.58542 1.31522 1.3502 2.04573 1.81855 2.57449 1.69011 2.79595 2.65301 2.09386 2.08614
threshold=-0.0023118853984901576 1516.5914285714287 -1182.7307908092466 915.02500000000157 0.01000000000203727 0.0040718718691767188 501.92972770000011 466.29975780000007 105381.27437500002 0.0025141325437209616 -0.0057638367910902251 -0.0039620974230325512 -0.0031982301622573779 246.28083000000001 389.39499999999992 300.05245000000008 114490.10058358462 0.0021820521058392686 0.039811945508901304 0.92818131557184003 648.49500000000273 90327.592414217259 2.7396915149994481 663.05000000000302 1290.8451750000002 67.71670779592452 140.04311835137267 562.52014012179745 246.1705691393112 2965.1140193150063
decision_type=2 2 2 2 2 2 2 2 2 2 2 2 2 2 2 2 2 2 2 2 2 2 2 2 2 2 2 2 2 2
left_child=4 2 3 -2 5 -1 7 8 -6 10 -8 -12 -13 -11 -15 -16 17 -10 -18 -20 21 22 23 24 -17 26 27 28 -23 -29
right_child=1 -3 -4 -5 6 -7 9 -9 16 13 11 12 -14 14 15 20 18 -19 19 -21 -22 25 -24 -25 -26 -27 -28 29 -30 -31
leaf_value=-3.5958906248137623e-07 -4.0131793203506667e-05 -8.1726169342307182e-05 -3.5393459901548154e-07 0.00021591887461558753 -3.8622066469505122e-05 -3.6171753175147294e-05 -1.4908222518248248e-05 -3.3089027564763726e-05 4.3667832454152534e-05 3.6754098030505555e-05 4.6443207105006399e-05 -1.4683138339871219e-05 4.0199965014383127e-05 -5.5359545201088943e-05 -4.9169467306886847e-05 2.0121934090231575e-05 -2.6264065910975613e-05 4.0190427218657188e-06 5.0465915955186141e-05 -2.8509204658577802e-05 -2.0548170049769544e-05 1.8832753202469009e-06 0.0001286022071510311 5.9999111070398734e-05 -1.7491706265303018e-05 -3.3612590573939283e-05 6.4191766736597291e-05 7.6220788527950209e-05 -3.2722792200856675e-05 9.4793611280185029e-07
leaf_weight=43 23 44 4853 26 54 22 24 58 23 26 83 49 37 58 37 276 26 84 23 22 40 670 23 27 130 69 60 26 143 41
leaf_count=43 23 44 4853 26 54 22 24 58 23 26 83 49 37 58 37 276 26 84 23 22 40 670 23 27 130 69 60 26 143 41
internal_value=6.32022e-05 -0.000313385 -0.000224398 0.00765306 0.000919963 -0.00576923 0.00112613 -0.00189655 0.000431034 0.00160803 0.00660622 0.00872781 0.00232558 0.00101476 0.0008125 0.00116732 0.00308989 0.0067757 -0.00246479 0.00277778 0.00144518 0.00168942 0.00394737 0.00317552 0.0023399 0.000668979 0.0012234 0.000511364 -0.000276753 0.0100746
internal_weight=7120 4946 4902 49 2174 65 2109 290 232 1819 193 169 86 1626 1600 1542 178 107 71 45 1505 1465 456 433 406 1009 940 880 813 67
internal_count=7120 4946 4902 49 2174 65 2109 290 232 1819 193 169 86 1626 1600 1542 178 107 71 45 1505 1465 456 433 406 1009 940 880 813 67
is_linear=0
shrinkage=0.05


Tree=96
num_leaves=31
num_cat=0
split_feature=5 18 5 23 0 41 9 38 23 22 25 25 16 38 9 4 4 23 7 22 7 20 11 25 9 11 38 39 16 42
split_gain=0.723448 2.32286 1.62712 2.45179 2.39607 3.44382 1.79351 1.75546 1.65217 1.60444 1.56477 2.00411 2.58883 2.24016 1.96112 2.63776 2.2467 1.60859 2.38482 3.06553 2.38022 2.06286 1.73136 2.0898 1.79622 2.20408 1.78571 1.76203 2.15014 1.85133
threshold=0.001331041075177808 146.51500000000672 0.00094189190220058717 -0.50783513082500986 113343.01500000001 -69.900772245349387 0.016389690150463983 60.861458184690754 -0.24759396232470701 502.42070150000001 -0.6707148654089069 -0.77183097442506665 0.0024074780848750981 61.039593271717102 0.00060641526750131831 542.24580000000003 358.85479000000004 0.18552654628782414 2.9612377707185919e-05 727.05780100000015 -0.0025438628313193862 183.59500000000119 -0.00731626181457807 1.6163498628944748 -0.0023118853984901576 -0.0028104510683379979 39.920445778508629 740.80535714285691 0.0083246228205788256 -14.797354302107037
decision_type=2 2 2 2 2 2 2 2 2 2 2 2 2 2 2 2 2 2 2 2 2 2 2 2 2 2 2 2 2 2
left_child=2 -2 6 7 5 -5 -1 -4 -7 -6 11 12 -3 -13 16 -16 -14 18 19 -12 -21 -22 23 26 25 -24 -19 29 -29 -26
right_child=1 10 3 4 9 8 -8 -9 -10 -11 17 13 14 -15 15 -17 -18 22 -20 20 21 -23 24 -25 27 -27 -28 28 -30 -31
leaf_value=3.2101667925877621e-08 -2.0815142973422214e-05 2.3236734297696231e-05 1.992564677499701e-05 -3.3929673773819689e-05 -4.9134351526204759e-05 -3.2246811904352442e-07 8.4526913238900907e-05 3.6934655626059088e-05 3.8732418019857757e-05 -2.1757269069456635e-05 6.3605002904914195e-05 -1.0670093751309236e-05 -6.4630689081585462e-05 -2.4332549895124234e-05 1.2836566070755121e-05 -2.6064283265414407e-05 -7.676878651856242e-07 -8.8889324782324823e-05 8.8864518326828641e-07 8.418059368271262e-05 -4.5315386539105258e-05 6.7389360792200127e-05 -4.4884907830299798e-05 1.2174357398497133e-06 -3.9608195830105364e-05 0.000107797253909378 -2.6378838842609222e-05 -3.9327827728770628e-05 1.6265626250018735e-05 3.7655905487423151e-06
leaf_weight=4429 108 22 128 40 25 25 31 49 49 20 51 112 35 34 108 30 41 42 845 60 50 20 21 35 111 28 21 114 27 409
leaf_count=4429 108 22 128 40 25 25 31 49 49 20 51 112 35 34 108 30 41 42 845 60 50 20 21 35 111 28 21 114 27 409
internal_value=1.40449e-05 -0.000709983 0.000364887 0.00372024 -0.000786164 0.00307018 0.000112108 0.00776836 0.00945946 -0.0105556 -0.000361011 -0.00327225 -0.000423729 -0.00787671 -0.0021028 0.00144928 -0.00855263 0.000245365 0.00155945 0.00676796 0.00269231 -0.00357143 -0.00142327 -0.00765306 -0.00056338 0.00867347 -0.0130952 -0.00124811 -0.00620567 9.61538e-05
internal_weight=7120 2324 4796 336 159 114 4460 177 74 45 2216 382 236 146 214 138 76 1834 1026 181 130 70 808 98 710 49 63 661 141 520
internal_count=7120 2324 4796 336 159 114 4460 177 74 45 2216 382 236 146 214 138 76 1834 1026 181 130 70 808 98 710 49 63 661 141 520
is_linear=0
shrinkage=0.05


Tree=97
num_leaves=31
num_cat=0
split_feature=17 20 20 21 15 35 30 2 18 3 32 28 13 13 42 28 17 39 16 4 32 27 15 28 42 20 42 32 34 42
split_gain=0.968935 1.91618 1.6129 2.45787 1.47332 1.06049 2.97917 1.98415 1.90321 2.29626 1.97276 2.7075 1.84677 1.805 1.79758 1.59894 2.31843 1.87923 2.52808 1.76827 1.68611 1.5744 1.57341 1.55769 1.51782 1.64258 1.83616 1.59905 1.79333 1.50092
threshold=0.0079266471040074175 11.724999999998547 420.0999999999986 121.97999999999594 0.012356111571805349 103504.28772500002 102191.58981527619 103469.63500000002 -50.05500000000756 102258.85500000001 -546.48223599002074 -407.19587010925892 -0.00048949413171437046 -0.0069062820170005439 -25.012844957205825 -157.05024413862699 0.0048824822224206648 782.21500000000231 0.0063591962711648528 1056.5275200000003 1442.8384020816522 86742.483500000017 0.0042500782538311809 -277.84376416626031 195.94126517186794 27.415000000000877 12.622000342782341 -309.32749603519181 83210.440337843276 -20.324299760051598
decision_type=2 2 2 2 2 2 2 2 2 2 2 2 2 2 2 2 2 2 2 2 2 2 2 2 2 2 2 2 2 2
left_child=4 -2 -3 -4 5 7 22 8 9 -1 11 13 -9 -10 -11 16 23 18 19 24 -21 -19 -7 -12 25 26 29 -27 -29 -17
right_child=1 2 3 -5 -6 6 -8 12 10 14 15 -13 -14 -15 -16 17 -18 21 -20 20 -22 -23 -24 -25 -26 27 -28 28 -30 -31
leaf_value=7.653875069567036e-07 9.5833918683325284e-05 4.697045175744452e-08 0.0001308262101867044 1.973100180313207e-06 -6.5026642719815815e-05 1.3839254326178196e-05 4.5190569189186822e-07 2.2734687610778825e-05 -6.5767519209312699e-06 4.4062249658304046e-05 -2.612604870855635e-05 -3.3398917531463819e-05 -3.2864253539651021e-05 0.00010095600095947005 6.4669574292161312e-05 -1.9507114607390691e-05 8.6881614888482237e-05 -5.4425416283678977e-05 4.6718050732616251e-05 8.6696630494869826e-05 -5.7280824361601473e-06 -2.0822700609587125e-05 8.1473171941162342e-05 4.1109556086126361e-05 -1.2164472186291377e-05 4.7375783974446071e-05 -2.0426926135939322e-05 7.5857876417780812e-05 -5.3613671887047839e-06 6.7223500306730215e-06
leaf_weight=959 20 300 25 47 24 20 4206 20 180 45 43 120 67 20 24 41 33 28 33 63 66 84 26 42 30 26 54 26 428 20
leaf_count=959 20 300 25 47 24 20 4206 20 180 45 43 120 67 20 24 41 33 28 33 63 66 84 26 42 30 26 54 26 428 20
internal_value=7.02247e-06 0.00242347 0.0016129 0.00833333 -0.000133769 -8.94988e-05 0.000388053 -0.000917618 -0.00064482 0.000972763 -0.00188856 -0.0053125 -0.00833333 -0.00175 0.00978261 -0.000811209 0.00466102 -0.00152948 -0.00066709 -0.00125995 0.00406977 -0.00758929 0.0130435 0.000294118 -0.00236 -0.00180672 -0.00717391 -0.000520833 -0.00121145 -0.00122951
internal_weight=7120 392 372 72 6728 6704 4252 2452 2365 1028 1337 320 87 200 69 1017 118 899 787 754 129 112 46 85 625 595 115 480 454 61
internal_count=7120 392 372 72 6728 6704 4252 2452 2365 1028 1337 320 87 200 69 1017 118 899 787 754 129 112 46 85 625 595 115 480 454 61
is_linear=0
shrinkage=0.05


Tree=98
num_leaves=31
num_cat=0
split_feature=7 22 36 4 17 20 20 35 5 13 41 41 19 25 21 5 20 39 20 39 17 23 4 23 39 20 24 21 21 15
split_gain=0.87651 1.29189 1.46087 1.26727 1.25707 1.84461 1.74004 3.27468 1.53861 1.55715 1.42919 1.83248 2.12997 1.63528 1.4148 1.20961 1.17528 2.35826 2.09724 2.76347 2.10669 2.06663 2.12065 2.08121 2.00634 2.8251 1.79852 2.26679 1.76977 1.67486
threshold=0.0066769132612132095 805.43800599999997 -5776.1377735880151 1888.8754100000003 0.0079266471040074175 24.464999999996511 65.784999999996231 87636.376725000024 0.0061188357586791338 0.039476660435252671 -220.7544548748819 116.95630380227441 680.79499999999837 -0.6873477708365 238.41499999999363 -0.002342656687135417 144.49499999999537 350.63999999999737 155.88500000000207 475.66142857142773 0.0044061778493610449 -1.045849740164021 456.89363500000007 -1.1206728814856117 1022.8578571428578 28.965000000003787 650.24492051000004 87.150000000001469 32.890000000006701 0.004598735227123619
decision_type=2 2 2 2 2 2 2 2 2 2 2 2 2 2 2 2 2 2 2 2 2 2 2 2 2 2 2 2 2 2
left_child=4 3 -3 -2 16 -6 7 -7 9 10 13 -12 -13 -8 -15 -4 24 26 19 -19 -21 22 23 -20 29 -26 27 28 -18 -1
right_child=1 2 15 -5 5 6 8 -9 -10 -11 11 12 -14 14 -16 -17 17 18 21 20 -22 -23 -24 -25 25 -27 -28 -29 -30 -31
leaf_value=-1.1183767655397263e-06 -2.3155415852725838e-06 3.4693133175753352e-05 2.938791221825314e-05 3.6630446293216826e-05 8.5330652723583826e-05 -7.0110869830517758e-05 -5.2576309046690534e-05 6.3373305288315005e-05 5.0313092233921378e-05 -1.6043042515843553e-05 0.00016732646257743328 2.1208491687406834e-05 -4.9922852713241848e-05 0.00016821370257266767 -8.6561922402425301e-05 -1.2021531584307171e-05 -1.2513899134846378e-05 8.0393684444995649e-05 1.4229073359394367e-05 -1.2639421033790015e-05 6.9143964414595193e-05 2.3206768429729581e-06 -6.4419116274409176e-05 -2.6629038813300791e-05 1.5022212061111163e-05 -6.3588513457817756e-05 -2.6528269121219024e-05 -4.0161307027583679e-05 2.2831314911394679e-05 4.803976376411198e-06
leaf_weight=3349 202 41 20 41 24 22 23 20 26 23 23 31 34 32 29 350 32 39 38 56 46 1756 31 29 36 71 26 34 39 597
leaf_count=3349 202 41 20 41 24 22 23 20 26 23 23 31 34 32 29 350 32 39 38 56 46 1756 31 29 36 71 26 34 39 597
internal_value=-1.40449e-05 -0.00175841 -0.00346715 0.00113169 0.000162388 0.00339721 0.00218631 -0.00714286 0.00395928 0.0024359 0.00406977 0.00852273 0.00423077 -0.000595238 0.00368852 -0.00445946 1.21379e-05 0.000964252 0.00139098 0.0072695 0.00294118 0.000943905 -0.00612245 -0.0011194 -0.000487293 -0.00724299 -0.00553435 -0.00261905 0.00246479 -0.000304105
internal_weight=7120 654 411 243 6466 287 263 42 221 195 172 88 65 84 61 370 6179 2126 1995 141 102 1854 98 67 4053 107 131 105 71 3946
internal_count=7120 654 411 243 6466 287 263 42 221 195 172 88 65 84 61 370 6179 2126 1995 141 102 1854 98 67 4053 107 131 105 71 3946
is_linear=0
shrinkage=0.05


Tree=99
num_leaves=31
num_cat=0
split_feature=9 7 38 41 16 9 25 28 20 11 40 32 32 23 18 18 17 17 17 15 18 23 36 28 41 11 4 15 9 23
split_gain=0.742229 1.37625 1.3103 2.3828 1.64795 1.40738 1.75762 1.67909 1.7744 1.85869 1.28448 2.63974 1.33371 1.44643 1.24211 2.93141 2.30407 2.18503 1.70611 2.67748 1.92989 1.85786 1.6547 1.65288 2.31637 2.27018 1.46443 1.4601 2.03538 1.61333
threshold=-0.0054403232381180291 -0.0096970687383680747 72.294411319490024 610.89201323472355 0.0057382252637296089 -0.007064715583593382 -0.75630844626051896 -1136.598934200774 146.26499999999945 -0.0098086267481625623 115.23377954907484 459.09491627904214 -345.81697140169848 0.10435712621581371 -342.13500000000198 -270.689999999995 0.0031208090384022926 0.0028679133058286568 0.0047829592707950295 0.0043973240840787251 -658.09500000000105 -0.39128748452719242 1656.7849749539967 62.483627177323804 241.46890315706369 0.0020776819563761172 608.39291000000014 0.0019620266105881607 -0.0015861865797043384 -0.63197414639659988
decision_type=2 2 2 2 2 2 2 2 2 2 2 2 2 2 2 2 2 2 2 2 2 2 2 2 2 2 2 2 2 2
left_child=2 -2 3 5 -5 6 -1 -7 9 -9 12 -12 13 -11 16 23 17 26 19 21 -20 -18 -21 27 -25 -26 -3 -16 -29 -30
right_child=1 14 -4 4 -6 7 -8 8 -10 10 11 -13 -14 -15 15 -17 18 -19 20 22 -22 -23 -24 24 25 -27 -28 28 29 -31
leaf_value=4.7974821612100402e-05 5.2193522474070261e-05 -2.6034412911738061e-05 -6.5652759788984455e-05 2.9605089763093333e-05 8.3471455339628159e-05 -5.6698029591838592e-06 -2.0459066847561114e-06 5.3766131073197821e-05 4.7780494236717267e-05 3.7148620484225148e-05 -6.9194897181092821e-05 2.3925948498252215e-05 3.4618807106841748e-05 -1.5342955514815694e-05 3.8225932495751698e-05 -4.8460050494926444e-07 -5.8407538251836322e-05 -8.425190314041665e-05 3.7403505880759599e-05 5.1970139395975169e-05 -1.6346265416290446e-05 1.2346104051403683e-06 -1.4892646564260038e-06 -1.4973016605974153e-05 -1.4438402386248058e-05 8.2438818776058291e-05 1.7429024286259102e-05 3.4556482716416197e-06 8.6129620512740286e-05 4.6062690357820654e-05
leaf_weight=22 23 25 24 34 32 39 747 27 92 28 21 22 22 28 23 5276 40 36 37 52 109 100 20 44 26 33 34 54 20 30
leaf_count=22 23 25 24 34 32 39 747 27 92 28 21 22 22 28 23 5276 40 36 37 52 109 100 20 44 26 33 34 54 20 30
internal_value=-2.80899e-05 -0.000250752 0.00114236 0.00139138 0.0106061 0.000811069 -0.000292588 0.00385305 0.00541667 0.00202703 -0.000619835 -0.00755814 0.00320513 -0.000892857 -0.000297869 -9.081e-05 -0.00281457 -0.00973684 -0.000977654 0.00188679 -0.00513699 -0.00214286 0.00972222 0.00543478 0.000728155 0.00720339 -0.00381356 0.00925197 0.00673077 0.014
internal_weight=7120 5982 1138 1114 66 1048 769 279 240 148 121 43 78 56 5959 5506 453 95 358 212 146 140 72 230 103 59 59 127 104 50
internal_count=7120 5982 1138 1114 66 1048 769 279 240 148 121 43 78 56 5959 5506 453 95 358 212 146 140 72 230 103 59 59 127 104 50
is_linear=0
shrinkage=0.05


Tree=100
num_leaves=31
num_cat=0
split_feature=30 41 20 39 31 7 24 22 11 20 24 42 11 5 20 27 30 9 13 0 39 18 9 39 19 35 30 16 25 9
split_gain=0.739741 2.00275 1.58866 2.84304 1.68862 2.23606 1.68863 1.48762 2.10335 1.45875 1.41322 1.40385 2.50619 1.93665 1.31315 1.5909 1.82644 2.5489 2.38506 1.73926 1.82896 1.59279 1.93721 1.67297 2.33218 2.07613 1.56333 1.5488 1.54157 1.94015
threshold=118457.44305345793 693.89590923086075 65.784999999996231 593.87428571428518 118670.65020000002 -0.0002875037661041352 784.18037993000019 959.63544450000006 -0.013456620511973248 147.42500000000294 821.35726530000011 -298.81535594531334 -0.0288277435217732 0.0058969761182319381 135.38500000000207 115314.85600000001 114125.59063223416 0.003497045220761249 0.0045144198401815714 115445.23000000003 668.67678571428416 -118.76000000000202 -0.0039753560663553364 280.37678571428643 541.7399999999908 114803.29552500001 116028.09036266657 0.0013532534814095526 0.31447041768509715 -0.0022054335588801116
decision_type=2 2 2 2 2 2 2 2 2 2 2 2 2 2 2 2 2 2 2 2 2 2 2 2 2 2 2 2 2 2
left_child=11 2 3 -2 5 -4 9 -8 -9 -6 -5 13 -13 -1 15 16 -14 18 -18 -17 21 22 -21 26 25 -25 -23 -16 -29 -30
right_child=1 -3 4 10 6 -7 7 8 -10 -11 -12 12 14 -15 27 19 17 -19 -20 20 -22 23 -24 24 -26 -27 -28 28 29 -31
leaf_value=2.6126627209123533e-05 3.7944592689669839e-05 -5.9921857044781021e-05 -3.77798478213576e-06 -3.3415321397724702e-05 5.5792976304141329e-05 -0.00015139081813280364 -2.223892922576987e-05 -0.0001128238580000838 2.6368143325997909e-05 -1.293726806192425e-06 1.1177367879397851e-05 -0.00012290774614909724 -1.049913534005589e-06 -2.9194867178341195e-05 -2.564038712787256e-05 4.3053820106114206e-05 -1.5650318397587092e-05 1.3138386279999856e-05 -5.2537635429868237e-05 -2.5714619145041217e-05 3.2766843297083596e-05 -8.8616708899288419e-06 7.6412635064087793e-06 3.3010828138941198e-06 1.6015332784342236e-05 -1.8478395743153039e-05 9.0086389939149429e-06 3.6034214771982972e-06 1.1854676248908996e-05 -5.4870864793358665e-06
leaf_weight=134 42 32 28 35 38 23 100 20 54 39 37 40 3246 24 23 47 115 37 37 30 58 32 107 57 47 128 54 1575 296 585
leaf_count=134 42 32 28 35 38 23 100 20 54 39 37 40 3246 24 23 47 115 37 37 30 58 32 107 57 47 128 54 1575 296 585
internal_value=-4.21348e-05 -0.00200893 -0.00108173 0.00394737 -0.00298013 -0.0112745 -0.00129482 -0.00402299 0.00135135 0.00487013 -0.00208333 8.99281e-05 -2.30273e-05 0.00474684 5.40624e-05 -0.000506884 -0.000909753 -0.00568783 -0.00855263 0.00196429 0.00112086 5.49451e-05 0.00456204 -0.00188679 -0.00409483 -0.00662162 0.00406977 0.000958048 0.00107899 -0.000595914
internal_weight=7120 448 416 114 302 51 251 174 74 77 72 6672 6514 158 6474 3995 3435 189 152 560 513 455 137 318 232 185 86 2479 2456 881
internal_count=7120 448 416 114 302 51 251 174 74 77 72 6672 6514 158 6474 3995 3435 189 152 560 513 455 137 318 232 185 86 2479 2456 881
is_linear=0
shrinkage=0.05


Tree=101
num_leaves=31
num_cat=0
split_feature=7 9 39 36 31 9 41 15 42 20 25 23 26 41 15 32 35 35 22 39 5 18 16 1 34 19 35 34 39 22
split_gain=0.697742 1.27892 2.14521 3.43091 2.17969 2.03921 2.31317 1.88841 1.35465 1.2994 1.21019 1.16206 1.11168 1.83873 1.84524 1.25022 0.984418 1.96728 1.37097 1.50035 2.3487 3.25079 1.40833 1.18642 2.06815 1.49469 2.87607 1.73096 1.51479 1.38478
threshold=0.0066769132612132095 0.006613654197234778 903.22035714285778 -5346.5571537636197 111972.06890000003 0.0079554401946211727 116.95630380227441 0.0030582156617170067 18.299655007410482 118.70500000000176 0.46231489022635019 0.49332318850819584 108240.39591865723 96.251213879376508 0.0043973240840787251 174.20915768142007 118496.87830000001 115832.14355000002 805.43800599999997 577.8524999999994 0.0023200419354778659 568.24499999999546 0.003286545709637509 83420.095000000016 83703.279351340083 862.83000000000186 88397.584325000018 89422.729810229866 960.03821428571575 1296.5587365000004
decision_type=2 2 2 2 2 2 2 2 2 2 2 2 2 2 2 2 2 2 2 2 2 2 2 2 2 2 2 2 2 2
left_child=1 -1 4 -4 5 12 -7 -6 -5 -8 -9 -11 13 14 15 -3 17 18 19 22 -21 -22 -2 24 -20 28 -27 -28 29 -25
right_child=16 2 3 8 7 6 9 10 -10 11 -12 -13 -14 -15 -16 -17 -18 -19 23 20 21 -23 -24 25 -26 26 27 -29 -30 -31
leaf_value=-1.3261492006953714e-07 4.8916488660039005e-06 6.3318569178511254e-05 -4.8219324115677961e-05 2.6062003832515234e-06 -1.9395050793481491e-05 1.2295327123852695e-08 -8.5962267704273328e-05 3.2980417531941922e-05 8.3609128193421717e-05 4.430293933307343e-06 6.2780769158661166e-05 -0.0001803903124837117 -2.5969828106690667e-05 2.5940577880864118e-05 -3.3592620433259733e-05 -4.8192560235345489e-08 1.5426796954257806e-05 -5.4648549681720926e-05 -2.0085478730931214e-05 7.4756158372578507e-05 -4.9553908403292304e-05 6.1661858747658288e-05 -2.9950535972368514e-05 -3.684110514871498e-05 8.2836821751413895e-05 -5.2242585359108765e-05 2.7387796630746331e-05 -4.1960931233359046e-07 -3.9028648321875629e-05 1.3953036681423336e-05
leaf_weight=6001 80 20 22 25 29 79 21 34 66 24 21 22 20 40 20 22 24 32 31 23 28 35 48 76 29 49 24 111 37 27
leaf_count=6001 80 20 22 25 29 79 21 34 66 24 21 22 20 40 20 22 24 32 31 23 28 35 48 76 29 49 24 111 37 27
internal_value=-4.91573e-05 0.000108259 0.00263441 0.00862832 0.000710227 -0.00149254 -0.00547945 0.0077381 0.0129121 -0.0123134 0.0131818 -0.0076087 0.00327869 0.00539216 0 0.00595238 -0.0016055 -0.00198413 -0.00133779 0.00186916 0.00697674 0.00198413 -0.0015625 -0.003125 0.00333333 -0.00432099 -0.0013587 0.00240741 -0.00821429 -0.00509709
internal_weight=7120 6466 465 113 352 268 146 84 91 67 55 46 122 102 62 42 654 630 598 214 86 63 128 384 60 324 184 135 140 103
internal_count=7120 6466 465 113 352 268 146 84 91 67 55 46 122 102 62 42 654 630 598 214 86 63 128 384 60 324 184 135 140 103
is_linear=0
shrinkage=0.05


Tree=102
num_leaves=31
num_cat=0
split_feature=13 25 19 19 34 9 9 22 20 24 15 13 11 21 9 32 41 19 13 36 36 20 3 17 15 24 21 38 11 9
split_gain=0.916693 1.43873 1.49417 1.92114 1.67442 1.10736 2.16195 0.98661 0.941403 0.801172 0.773986 0.770104 1.70455 1.97045 1.6461 1.18396 1.26276 1.12208 0.788469 2.75269 4.08216 1.875 1.225 0.75 0.715505 0.664269 2.0578 1.79653 2.18527 1.57281
threshold=0.027544933376003833 -0.50833803162581681 979.02999999999895 667.16000000000361 88953.59045660733 0.0084166678681322406 0.00037808742612354876 1194.6180037500001 99.285000000003507 2712.8563950000007 0.0084457295117806291 0.023898439358076649 0.015209171720287828 116.87000000000263 0.0072321029895743121 3306.3650066904961 1221.1034847655076 460.76000000000209 0.021105291149608661 2857.2728093697738 1190.761805944727 88.620000000002634 88632.275000000009 0.0075210429975922409 0.0061582559917020318 340.65322459999999 82.899999999994193 42.641663611049943 -0.0016664725612658352 0.0020514458876792177
decision_type=2 2 2 2 2 2 2 2 2 2 2 2 2 2 2 2 2 2 2 2 2 2 2 2 2 2 2 2 2 2
left_child=9 23 3 5 10 6 -3 -6 -5 11 -4 15 14 -14 17 16 18 -13 25 20 21 -20 -23 -2 -10 26 27 -1 -29 -30
right_child=1 2 4 8 7 -7 -8 -9 24 -11 -12 12 13 -15 -16 -17 -18 -19 19 -21 -22 22 -24 -25 -26 -27 -28 28 29 -31
leaf_value=-1.2333152842040194e-05 -5.6699478625766482e-05 -5.9385088599017976e-05 -7.2821120754373514e-05 5.2684563146060538e-05 -3.1080627277371797e-05 -1.0669077517993007e-05 4.4116804051227816e-05 5.1500138484184913e-05 -3.5002297580242038e-05 0.00014318521904166032 -7.792173446311858e-05 -4.1922099132287397e-05 8.8919258569331169e-05 -5.5320273989933327e-05 4.8168967629887393e-05 -2.1420306903538734e-05 7.4977835602988398e-05 5.2074918550688985e-05 -6.2194578717048615e-05 -5.2846682208119621e-05 3.9097171359293524e-05 -0.00011889615480664665 3.1583104894058418e-05 -4.1541975329788803e-06 2.7995378672314986e-05 1.6640108013173767e-07 -8.3833190790087601e-06 2.2728460942366033e-05 -2.7035299495937749e-06 3.1136085579851949e-05
leaf_weight=37 21 20 21 20 22 21 33 21 20 20 22 20 24 20 22 30 20 22 20 31 33 20 20 28 21 6263 110 25 71 42
leaf_count=37 21 20 21 20 22 21 33 21 20 20 22 20 24 20 22 30 20 22 20 31 33 20 20 28 21 6263 110 25 71 42
internal_value=-0.000105337 -0.00296296 -0.00124434 0.00203704 -0.00639535 -0.00337838 0.000471698 0.000581395 0.00860656 7.29927e-06 -0.0133721 -2.19619e-05 0.00416667 -0.00340909 0.009375 -8.92591e-05 -4.48296e-05 0.00357143 -8.24341e-05 -0.00403226 0.000268817 -0.0075 -0.00125 -0.0107143 0.00426829 -7.63592e-06 -0.00236842 0.001 0.00362319 0.000663717
internal_weight=7120 270 221 135 86 74 53 43 61 6850 43 6830 108 44 64 6722 6692 42 6672 124 93 60 40 49 41 6548 285 175 138 113
internal_count=7120 270 221 135 86 74 53 43 61 6850 43 6830 108 44 64 6722 6692 42 6672 124 93 60 40 49 41 6548 285 175 138 113
is_linear=0
shrinkage=0.05


Tree=103
num_leaves=31
num_cat=0
split_feature=11 0 1 25 2 38 15 19 25 36 15 24 17 17 7 21 19 25 32 23 19 31 15 7 21 25 35 18 22 21
split_gain=0.969621 1.83435 2.61911 2.67991 2.60301 1.98107 1.73929 2.14032 1.61278 2.27798 2.19424 3.28986 2.05882 2.6911 2.35574 2.05516 1.80545 1.78955 1.71802 1.80207 2.12994 1.90139 1.91973 1.75571 1.6993 1.73611 1.51856 1.50733 1.47167 1.44897
threshold=0.0057500808346690755 84951.675000000003 83543.190000000017 -0.37085427009116406 85975.330000000016 69.834338375149827 0.005100042453075355 560.27500000000157 -0.63700461118811258 1417.1302417443878 0.0033383902359831095 731.16624220000006 0.0027116827806553004 0.0025417330908303068 0.0007086879492308229 76.45000000000438 240.69500000000701 -0.80075936980431417 -1418.507575260868 -0.32072760737018025 846.25000000000011 108786.87400000003 0.0039710082987895615 0.00014619620923901657 235.77999999999886 -0.52786280749449821 81457.344600000026 190.81000000000498 566.48088350000012 257.5999999999986
decision_type=2 2 2 2 2 2 2 2 2 2 2 2 2 2 2 2 2 2 2 2 2 2 2 2 2 2 2 2 2 2
left_child=26 2 5 -4 -3 -2 7 -5 10 16 17 -12 13 28 15 -14 -10 -6 -18 24 23 22 -22 -21 25 -20 -1 -27 -11 -13
right_child=1 4 3 6 8 -7 -8 -9 9 12 11 29 14 -15 -16 -17 18 -19 19 20 21 -23 -24 -25 -26 27 -28 -29 -30 -31
leaf_value=3.9281349595660552e-05 -5.5325016020343765e-06 4.3400694636981051e-05 -5.0429518898953185e-05 -6.3796689150051638e-05 -4.2387491041153998e-06 9.5507891657758458e-05 -3.1941177839386851e-05 7.5312519278452079e-05 -3.761033137563057e-05 -9.6422903521479408e-06 7.4290399862466809e-05 -3.1213193084198899e-05 9.124513089112602e-05 2.1726241673818556e-05 -1.9512009255553195e-05 -6.6304679793802842e-06 -3.8325248548662083e-05 -6.4673585054402056e-05 -5.2936484190818173e-05 2.5257877470736143e-05 0.000126885453609272 -1.4811324608457782e-06 3.2144463600701782e-05 -4.2817484162347919e-06 8.3567165732840044e-05 6.088280357705857e-05 3.4099220778555042e-07 3.506279782623475e-06 1.1044642161576328e-05 8.9629466401479715e-06
leaf_weight=76 80 64 50 22 32 25 39 24 20 38 20 84 43 46 357 76 35 41 30 29 25 48 47 161 31 46 5426 44 35 26
leaf_count=76 80 64 50 22 32 25 39 24 20 38 20 84 43 46 357 76 35 41 30 29 25 48 47 161 31 46 5426 44 35 26
internal_value=-9.83146e-05 -0.00117429 -0.00520833 -0.00981481 -0.000471698 0.000714286 -0.00441176 0.00217391 -0.000951294 -0.00020252 -0.00504926 -0.00115385 -0.00231092 0.00357143 -0.00378151 0.00231092 0.00222868 -0.0119863 0.00282258 0.00363341 0.00145161 0.00666667 0.0118056 -0.00184211 0.00811258 0.00541667 0.000218103 0.00888889 -0.00239726 -0.00454545
internal_weight=7120 1618 240 135 1378 105 85 46 1314 1111 203 130 595 119 476 119 516 73 496 461 310 120 72 190 151 120 5502 90 73 110
internal_count=7120 1618 240 135 1378 105 85 46 1314 1111 203 130 595 119 476 119 516 73 496 461 310 120 72 190 151 120 5502 90 73 110
is_linear=0
shrinkage=0.05


Tree=104
num_leaves=31
num_cat=0
split_feature=11 18 5 5 23 31 21 24 13 13 39 18 13 24 21 22 38 11 32 22 36 17 25 27 28 19 13 15 11 20
split_gain=0.911418 2.24352 1.8814 1.20884 1.78426 1.97509 1.20169 1.09831 1.57263 1.07686 1.10345 0.886682 1.01586 0.737589 2.35105 1.72239 1.37594 2.24949 1.36186 1.22077 1.13636 0.925169 1.60976 1.96748 2.28275 1.3901 1.37452 1.0849 1.84789 2.1645
threshold=0.016318325883272262 -215.80000000000288 0.0032470989630644363 0.0042082084269412087 -0.38326669685203191 107828.08940000001 278.5999999999986 610.1457709 0.032323945075353945 0.018700740591250875 762.95428571428636 2.7649999999994184 0.016473472096078755 340.65322459999999 82.899999999994193 338.77032100000008 42.641663611049943 -0.0016664725612658352 -80.396772376196154 234.36204550000002 1001.0935539321437 0.0020881842560247312 -0.072206946567508506 115800.48125000003 149.92706154494229 424.93499999999773 0.0022129986745079177 0.0011040851661857462 0.000902182160521331 55.355000000003209
decision_type=2 2 2 2 2 2 2 2 2 2 2 2 2 2 2 2 2 2 2 2 2 2 2 2 2 2 2 2 2 2
left_child=13 -2 7 -4 -5 6 9 -3 11 -6 -11 -9 -13 14 16 19 -1 -18 -19 -16 -20 22 23 24 -15 -24 -27 28 -23 -30
right_child=1 2 3 4 5 -7 -8 8 -10 10 -12 12 -14 21 15 -17 17 18 20 -21 -22 27 25 -25 -26 26 -28 -29 29 -31
leaf_value=-1.1733544810327461e-05 2.2738651245912806e-05 -2.5172682905793345e-05 4.6358267877691138e-05 -5.7795469258564377e-05 0.00010560943085157576 -4.1494231519557004e-05 -6.9994176892533845e-05 5.9607488388171529e-06 -2.6150255812283529e-05 5.7358088149382842e-05 -4.7490666608971881e-06 5.6018243394222194e-06 -4.667368172380852e-05 3.2402031917635499e-05 -3.6419276408047002e-05 -2.587961815521023e-05 2.157498828485845e-05 -7.0927915272242676e-06 2.3684964643241393e-05 1.899440816482239e-05 -3.503544347156411e-06 -8.7717465493508912e-07 -3.1143477890485427e-05 -1.0089064052148133e-06 -6.962708309734439e-07 1.8647067346465003e-05 -1.3258693167509972e-05 2.1422708954204493e-07 -5.6436466591112199e-07 -2.6762510048594925e-05
leaf_weight=37 40 33 26 24 25 34 22 39 28 29 29 20 37 54 23 47 25 26 44 40 44 96 33 41 28 35 24 6095 22 20
leaf_count=37 40 33 26 24 25 34 22 39 28 29 29 20 37 54 23 47 25 26 44 40 44 96 33 41 28 35 24 6095 22 20
internal_value=-9.83146e-05 -0.00246114 -0.00375723 -0.000396825 -0.00199387 0.000179856 0.00357143 -0.00780255 -0.00564516 0.0063253 0.00258621 -0.00260417 -0.00657895 3.7125e-05 -0.00244755 -0.00818182 0.00113636 0.00341727 0.000438596 -0.00277778 0.00340909 0.000147333 0.00337209 0.00711382 0.0115854 -0.00163043 0.0029661 3.60982e-05 -0.00434783 -0.0130952
internal_weight=7120 386 346 189 163 139 105 157 124 83 58 96 57 6734 286 110 176 139 114 63 88 6448 215 123 82 92 59 6233 138 42
internal_count=7120 386 346 189 163 139 105 157 124 83 58 96 57 6734 286 110 176 139 114 63 88 6448 215 123 82 92 59 6233 138 42
is_linear=0
shrinkage=0.05


Tree=105
num_leaves=31
num_cat=0
split_feature=34 2 30 17 20 34 31 5 32 23 4 9 21 5 15 38 11 21 40 34 25 9 11 34 22 4 28 32 20 5
split_gain=0.795055 2.11449 1.82542 1.94705 2.41409 1.88056 2.24376 1.77941 2.02376 2.37177 2.01985 2.53205 2.16864 1.97256 2.56624 3.16779 3.36351 2.11631 1.93303 1.89994 1.98879 1.85505 2.14007 1.80764 1.80132 1.74298 1.77269 1.91068 1.78152 2.43699
threshold=102571.06248281745 103363.01000000002 104838.83076485521 0.0045371106985816296 161.95500000000177 104532.35470778866 104815.98660000002 0.0012958485262843272 -472.08997849380097 1.2242724573257007 973.29015000000015 0.0073601817965031017 143.76499999999945 0.00079603296568809894 0.0033839373077502147 40.758070623024871 -0.00012758147805758653 327.91500000000821 169.3432855800784 90000.929222325009 -0.24011676310160104 0.00048071421423608219 0.00095797607425228426 93928.268831010806 710.72977724999998 807.28263000000015 1256.5777953693762 1622.9477331699311 27.415000000000877 0.0054284549419287356
decision_type=2 2 2 2 2 2 2 2 2 2 2 2 2 2 2 2 2 2 2 2 2 2 2 2 2 2 2 2 2 2
left_child=1 7 3 4 -2 -4 -7 13 9 19 25 -12 18 14 15 16 -1 21 -13 -9 -21 22 -17 -22 -24 26 27 28 -10 -30
right_child=2 -3 5 -5 -6 6 -8 8 10 -11 11 12 -14 -15 -16 17 -18 -19 -20 20 23 -23 24 -25 -26 -27 -28 -29 29 -31
leaf_value=3.0186859389874994e-07 9.1573353003067429e-06 -2.3931835425511124e-05 3.198320406984776e-05 -9.6653489961717621e-07 4.9778133581525734e-05 -6.0460135712149201e-05 -2.3297834519887472e-10 -3.6149915875244755e-07 -1.7551025717766626e-05 -0.00013352263764503607 6.5545574621922646e-05 7.0825782525155446e-05 -6.7777141641283282e-05 1.9782261313629309e-05 4.2429169735653836e-06 -2.2156299156809875e-05 4.9242941747020963e-05 4.8285485567627884e-05 -1.6615447423006478e-06 -4.1155526785738526e-05 -1.9533362204955438e-05 -2.8753793729286155e-05 5.3210899539301791e-05 6.2877135710390531e-05 -1.6524522084195428e-05 -5.6498836771077003e-05 5.2858531319264438e-05 -6.0566290780309759e-05 3.8111761548899425e-06 -8.2137105998929933e-05
leaf_weight=167 196 97 39 230 78 44 3753 132 65 32 109 31 66 143 906 204 30 34 60 45 23 148 40 21 36 73 23 23 245 27
leaf_count=167 196 97 39 230 78 44 3753 132 65 32 109 31 66 143 906 204 30 34 60 45 23 148 40 21 36 73 23 23 245 27
internal_value=-7.72472e-05 -0.00073741 0.000345622 0.0031746 0.0060219 -2.60688e-05 -0.000138267 -0.000475214 -0.00217949 -0.00602767 -0.000831025 0.00263158 -0.00143312 0.000497658 -1.59744e-05 -0.00238998 0.00291878 -0.00465368 0.00357143 -0.00418552 -0.00983146 -0.00560748 -0.00321429 -0.00227273 0.00394737 -0.00285088 -0.00150131 -0.00236111 -0.0014095 0.000367647
internal_weight=7120 2780 4340 504 274 3836 3797 2683 975 253 722 266 157 1708 1565 659 197 462 91 221 89 428 280 44 76 456 383 360 337 272
internal_count=7120 2780 4340 504 274 3836 3797 2683 975 253 722 266 157 1708 1565 659 197 462 91 221 89 428 280 44 76 456 383 360 337 272
is_linear=0
shrinkage=0.05


Tree=106
num_leaves=31
num_cat=0
split_feature=11 19 22 0 2 41 0 38 25 1 24 38 20 5 20 20 21 24 5 4 15 7 9 5 19 39 38 16 38 16
split_gain=0.892719 1.49656 1.83506 1.49374 2.35031 2.24663 1.88476 1.88254 2.06565 2.2363 1.87102 1.47331 1.29835 2.11074 1.99502 2.56755 2.9678 1.92249 1.98227 1.75718 1.58838 1.33515 2.03954 1.98723 2.30458 2.06922 1.46904 1.40954 1.35994 2.05589
threshold=0.0057500808346690755 240.69500000000701 338.77032100000008 84951.675000000003 84117.605000000025 300.67133988079371 85757.005000000019 72.065636871647087 -0.67820403495482207 84160.190000000017 1342.8979028000001 62.338755083978135 4.8350000000064037 -0.00094755866293991524 58.16500000000088 41.150000000001462 290.02499999999424 776.71063470000013 0.0021539750983493992 636.47844000000009 0.0035197335212768369 0.0076323306507544769 0.0077686001813699118 -0.00013277926347853166 817.0749999999972 737.66678571428315 69.555591594439036 0.0027465600205159291 71.695094532299919 0.0033227433304926189
decision_type=2 2 2 2 2 2 2 2 2 2 2 2 2 2 2 2 2 2 2 2 2 2 2 2 2 2 2 2 2 2
left_child=-1 11 -3 4 5 7 -5 8 -4 10 -10 -2 13 -8 15 16 17 18 20 -15 -14 27 -23 -24 -25 -26 -27 -16 29 -29
right_child=1 2 3 6 -6 -7 12 -9 9 -11 -12 -13 14 19 21 -17 -18 -19 -20 -21 -22 22 23 24 25 26 -28 28 -30 -31
leaf_value=3.9835341463989873e-07 -2.2132942793784677e-10 1.3155807847275625e-05 1.1223723467494968e-05 4.6899106056696817e-05 -7.5671774418344909e-05 -4.5767977455414599e-05 -2.8003345301487493e-05 8.7905543297199634e-05 -6.6877534135867159e-05 4.6116611580970727e-06 -4.349422400942531e-06 -5.8634014833819274e-05 -6.4612155365155295e-05 6.817490937058338e-05 -8.4681728202371952e-06 -4.3922848988132106e-05 3.8111738511638062e-05 -5.0209268061690575e-05 2.1463543772797279e-05 1.4634635782800372e-06 8.0273094261954743e-06 -8.7155998500406464e-05 7.0447098586304334e-05 -3.1144019901660789e-05 5.9535346513486604e-05 2.5964090186815406e-06 -4.4693269020497116e-05 4.3573704071891512e-05 7.9549666881476416e-06 -2.3189379273652969e-06
leaf_weight=5502 29 42 26 43 42 27 20 34 37 21 43 30 23 21 100 80 29 54 39 25 24 34 21 48 61 32 31 80 189 333
leaf_count=5502 29 42 26 43 42 27 20 34 37 21 43 30 23 21 100 80 29 54 39 25 24 34 21 48 61 32 31 80 189 333
internal_value=-4.91573e-05 -0.00108158 -0.00078576 -0.00107119 -0.00478261 -0.00239362 -0.000407925 -0.00015528 -0.00295276 -0.00618812 -0.01 -0.00889831 -0.000763666 0.00606061 -0.00114601 -0.00512048 -0.00162722 -0.00464286 0 0.0119565 -0.00691489 -8.0732e-05 -0.0034141 -0.00142487 -0.00319767 0.000403226 -0.00595238 0.000997151 0.0019103 0.000302663
internal_weight=7120 1618 1559 1517 230 188 1287 161 127 101 80 59 1244 66 1178 249 169 140 86 46 47 929 227 193 172 124 63 702 602 413
internal_count=7120 1618 1559 1517 230 188 1287 161 127 101 80 59 1244 66 1178 249 169 140 86 46 47 929 227 193 172 124 63 702 602 413
is_linear=0
shrinkage=0.05


Tree=107
num_leaves=31
num_cat=0
split_feature=9 15 25 15 21 21 9 41 24 4 23 5 3 31 20 26 39 25 41 9 15 5 22 27 17 26 25 17 36 31
split_gain=0.879604 1.6831 1.7982 1.50153 1.319 1.10968 2.3262 2.21847 1.88897 1.6373 2.01749 2.03317 1.80744 2.93709 1.43451 1.83115 1.53409 1.3751 1.36989 2.61274 1.34447 2.01351 2.24251 1.84191 1.72145 2.10972 1.94542 1.4918 2.40871 2.39234
threshold=-0.0054403232381180291 0.010862361178989427 -0.86079977640759298 0.0098241119570202356 1.0550000000075672 87.150000000001469 -0.005039500244535605 -707.73810903532842 340.65322459999999 448.14837500000004 -0.028580914555538097 -0.0016198677204844422 102002.65000000001 111061.36250000002 49.575000000004373 107871.21975669863 306.72214285714296 0.72660569548542375 -639.10576837120254 -0.00081769937618945043 0.0036000255932399396 0.0027401360493679843 1311.9390585000001 119272.0405 0.0030218265815240525 87132.613818317797 0.74951216624017258 0.0045587742513879606 -2558.0266883324653 111061.36250000002
decision_type=2 2 2 2 2 2 2 2 2 2 2 2 2 2 2 2 2 2 2 2 2 2 2 2 2 2 2 2 2 2
left_child=1 2 -1 4 -4 6 -2 9 14 -7 11 -11 -13 -14 16 -16 -9 -12 19 -10 21 22 -20 27 -23 -26 -27 28 -22 -29
right_child=5 -3 3 -5 -6 7 -8 8 18 10 17 12 13 -15 15 -17 -18 -19 20 -21 23 24 -24 -25 25 26 -28 29 -30 -31
leaf_value=5.1905030500711798e-05 -2.0532275862855124e-05 -9.4223627827843403e-06 -1.9960659563458312e-05 5.3096729581485173e-05 2.8677977072265205e-06 2.4272383857201369e-05 9.7541968511650912e-07 -3.5803269667415747e-05 8.2879774881073481e-05 8.7323144619905397e-05 0.00017969260233767452 -4.4206417777157355e-05 4.334198237563092e-05 -3.0586372218915786e-05 -6.7436693121407216e-05 7.5248497552264887e-06 -2.5544189776961152e-05 1.5637670361538316e-05 -4.4094445444175706e-06 -4.6121762726453788e-05 3.165183649199559e-05 8.1008136102526799e-05 -9.0102479797910928e-05 -4.1071941815727559e-05 7.0659200774879038e-05 4.3263957609867473e-06 -0.00010285196396022812 -2.1615618789325475e-06 2.3950977830091254e-06 2.9932110970600504e-05
leaf_weight=25 30 65 24 20 1004 20 2657 24 22 39 22 66 26 29 24 27 20 34 1465 53 70 48 22 71 20 75 22 565 494 37
leaf_count=25 30 65 24 20 1004 20 2657 24 22 39 22 66 26 29 24 27 20 34 1465 53 70 48 22 71 20 75 22 565 494 37
internal_value=0 0.00127417 0.00174744 0.0014313 0.00116732 -0.000242394 0.000511723 -0.00085736 -0.00121772 0.00381356 0.0025463 -0.0003125 -0.0035124 0.00318182 -0.00815789 -0.00245098 -0.0147727 0.0107143 -0.000995277 -0.00766667 -0.000822084 -0.00175545 -0.00233692 0.000424414 0.00348485 0.000213675 -0.00283505 0.000900515 0.00274823 -0.000830565
internal_weight=7120 1138 1073 1048 1028 5982 2687 3295 3059 236 216 160 121 55 95 51 44 56 2964 75 2889 1652 1487 1237 165 117 97 1166 564 602
internal_count=7120 1138 1073 1048 1028 5982 2687 3295 3059 236 216 160 121 55 95 51 44 56 2964 75 2889 1652 1487 1237 165 117 97 1166 564 602
is_linear=0
shrinkage=0.05


Tree=108
num_leaves=31
num_cat=0
split_feature=9 15 25 41 36 4 28 25 17 9 5 5 0 0 13 23 7 20 3 13 5 19 36 36 24 41 19 19 18 32
split_gain=0.771517 1.33406 1.3457 1.18211 1.33726 2.12351 1.90004 1.66996 1.12303 1.01653 1.73518 1.66965 2.11689 1.96441 1.92827 1.46812 1.40274 1.87561 1.70819 2.29282 2.01492 1.32065 1.81545 1.60262 1.85143 1.32432 1.26117 2.11177 1.84408 1.6547
threshold=-0.0054403232381180291 0.010862361178989427 -0.80656707918450421 482.6607204483588 1510.1117761360513 887.13675000000012 29.157621689075317 0.63919344420646251 0.0095157642285931907 -0.007064715583593382 0.00074617908777322199 -0.0059017049891474166 87771.485000000015 92357.785000000018 -0.030144077309075843 -0.095736470016898792 -0.0046293817428547232 54.610000000000589 108378.46500000001 -0.025393383931503397 -0.0013132342908892542 611.55999999999779 -1464.4380026160286 -3345.6718378789078 980.1179714000001 -230.95515187219161 598.68499999999779 463.76000000000209 -631.94000000000221 -1813.3589201569264
decision_type=2 2 2 2 2 2 2 2 2 2 2 2 2 2 2 2 2 2 2 2 2 2 2 2 2 2 2 2 2 2
left_child=1 2 -1 9 6 -6 -5 -7 -3 11 26 12 14 -14 -4 -12 21 -18 19 -19 -21 22 -13 24 -23 -25 27 -11 -28 -30
right_child=-2 8 3 4 5 7 -8 -9 -10 10 15 16 13 -15 -16 -17 17 18 -20 20 -22 23 -24 25 -26 -27 28 -29 29 -31
leaf_value=5.5753340684876895e-05 -2.7181020897649797e-07 -0.00013665595537930026 1.9642977871187995e-07 8.9218908503677194e-05 -5.114538008008468e-05 0.00010420508990763277 5.7890013541100656e-06 -4.051511382561671e-06 1.8710118751201679e-06 1.8511330933685636e-05 5.4592978085765254e-05 -1.1426476977255959e-07 -7.6205040626514962e-05 1.0105279526256233e-05 4.2012460754757221e-05 0.0001163890591196344 -0.00010368463597670778 0.00023917251491004335 4.953195530996059e-05 1.3308760141271163e-05 -7.9032906027388177e-05 4.6454447349320605e-05 -6.924324579364912e-05 4.4878874594273447e-05 -0.00011735300422956539 -1.094199820512521e-06 -5.5780029377143951e-05 -1.8517676103336795e-05 -6.0730989221458604e-06 6.7460608436866937e-05
leaf_weight=36 5982 37 28 23 26 22 22 23 28 68 21 37 30 148 43 20 27 20 38 28 33 20 55 21 50 93 22 47 20 52
leaf_count=36 5982 37 28 23 26 22 22 23 28 68 21 37 30 148 43 20 27 20 38 28 33 20 55 21 50 93 22 47 20 52
internal_value=-7.02247e-06 0.00118629 0.00160764 0.00127772 0.00603448 0.00176056 0.0127778 0.00833333 -0.00576923 0.00067861 0.0034 -0.00033532 0.00291165 0 0.0102113 0.0128049 -0.00225118 0.00171233 0.00441176 0.000308642 -0.0045082 -0.00434783 -0.00923913 -0.00190217 -0.00785714 0.00175439 0.00155502 -0.00195652 0.00585106 0.00972222
internal_weight=7120 1138 1073 1037 116 71 45 45 65 921 250 671 249 178 71 41 422 146 119 81 61 276 92 184 70 114 209 115 94 72
internal_count=7120 1138 1073 1037 116 71 45 45 65 921 250 671 249 178 71 41 422 146 119 81 61 276 92 184 70 114 209 115 94 72
is_linear=0
shrinkage=0.05


Tree=109
num_leaves=31
num_cat=0
split_feature=7 22 17 17 11 28 25 11 28 4 28 39 39 24 13 22 22 22 13 40 41 39 36 7 20 38 35 36 13 7
split_gain=0.779638 1.50245 1.39038 1.85459 1.5385 1.43741 1.18608 2.14721 2.23394 2.06159 1.90622 1.7149 1.54266 1.62652 1.26775 1.24637 3.27304 1.86288 2.42497 2.18312 1.11596 1.11364 1.06835 0.96969 1.99164 2.27351 2.15248 2.81775 2.92778 2.92175
threshold=-0.012343699381377389 2132.3672131250005 0.0049391421653917278 0.0057410418352712121 -0.015467063511627577 -1643.2466860704369 1.2227411315117787 -0.011784118770082367 -1838.6897338253473 807.28263000000015 -708.37385797207378 561.13321428571328 812.01535714285853 1017.7727925300002 0.056810089822106252 862.02513975000022 1015.0400315000003 569.15474350000011 0.0063809679467532621 -92.998803497219328 191.98083813294755 650.03500000000111 955.56383489815209 -0.00097426750537862774 484.19999999999715 51.503378571644753 106613.85272500002 -2772.5453236378739 0.0052560029733006415 0.0010002925230314932
decision_type=2 2 2 2 2 2 2 2 2 2 2 2 2 2 2 2 2 2 2 2 2 2 2 2 2 2 2 2 2 2
left_child=1 2 4 -4 -1 -5 14 8 -8 -9 -11 -10 15 -14 23 17 21 20 19 -19 -12 -17 -20 -2 26 -26 -25 29 -29 -28
right_child=6 -3 3 5 -6 -7 7 9 11 10 12 -13 13 -15 -16 16 -18 18 22 -21 -22 -23 -24 24 25 -27 27 28 -30 -31
leaf_value=5.5876988145092679e-05 1.0301825156098712e-06 0.00014886019248837426 -0.0001159435195582142 2.1767478282103321e-05 -1.4681700021779481e-06 -4.3214549333658535e-05 1.0343631252682619e-06 -1.7705051063929754e-05 -1.6756876632743308e-05 6.2170174772226011e-05 2.5631359930277019e-06 -0.00011290935904962116 -8.7329104885616052e-05 -4.7383814067688604e-07 -1.3212154798108561e-05 5.7079184178305772e-05 -7.3550062839858404e-06 6.5106310998191946e-06 2.6913696892591575e-05 -8.404766826420194e-05 8.3269112791699407e-05 0.00015948237950624779 -9.0610716421770322e-06 -2.3725090332698916e-06 -9.1247540346474416e-08 8.9690233905798718e-05 -3.0565697001657443e-05 5.3480445578001404e-06 -3.6202980095981388e-06 -7.590430451233887e-07
leaf_weight=57 2305 27 27 45 39 37 44 54 24 58 92 39 27 31 20 22 34 21 25 45 25 22 96 1949 47 42 76 1037 591 162
leaf_count=57 2305 27 27 45 39 37 44 54 24 58 92 39 27 31 20 22 34 21 25 45 25 22 96 1949 47 42 76 1037 591 162
internal_value=-4.91573e-05 0.00280172 0.00134146 -0.00252294 0.00572917 0.00121951 -0.00014518 -0.00216237 -0.00864486 -0.000905797 0.000100402 -0.0146825 -0.00102273 -0.00862069 6.82293e-05 0.00013089 0.00576923 -0.00131579 -0.00441176 -0.0121212 0.00363248 0.0147727 -0.000206612 0.000108713 -0.000371414 0.00702247 -0.000543906 0.000669882 0.00141278 -0.00441176
internal_weight=7120 232 205 109 96 82 6888 659 107 552 498 63 440 58 6229 382 78 304 187 66 117 44 121 6209 3904 89 3815 1866 1628 238
internal_count=7120 232 205 109 96 82 6888 659 107 552 498 63 440 58 6229 382 78 304 187 66 117 44 121 6209 3904 89 3815 1866 1628 238
is_linear=0
shrinkage=0.05


Tree=110
num_leaves=31
num_cat=0
split_feature=42 24 7 42 15 38 38 25 32 11 0 5 0 13 25 13 19 40 17 39 4 19 40 13 39 15 18 5 15 4
split_gain=1.00186 1.298 1.20664 1.16574 1.55648 1.02602 2.14368 0.705759 2.42603 1.79111 1.10738 0.760306 1.93675 1.91859 1.83412 1.73434 1.67785 1.4515 1.97321 1.87124 1.53045 1.51532 1.48405 2.85247 2.12984 2.45662 2.07115 2.30205 1.80299 2.84034
threshold=334.23003683175364 2213.5940525000001 -0.0014585670222608961 310.71874446603562 0.0050633126065436247 69.834338375149827 77.934728551035604 -1.1054885124985612 62.803045460022993 -0.00089384023970710065 105436.40000000001 -0.00067382005656199662 83218.700000000012 -0.027464094439977174 0.21939303076414732 -0.03146147444780175 780.91500000000099 -705.7225983799143 0.0038700763306523992 793.20357142857245 688.22076000000015 719.6999999999972 362.42542346808483 0.00059347132849075026 718.44107142857285 0.0049434452893328193 -477.02999999999878 -0.0023010532327555548 0.0034016965336692768 522.93304000000012
decision_type=2 2 2 2 2 2 2 2 2 2 2 2 2 2 2 2 2 2 2 2 2 2 2 2 2 2 2 2 2 2
left_child=3 2 -2 7 -5 -4 -7 8 9 -1 -10 12 13 -9 -15 16 -13 18 -14 -20 -21 -22 -19 -24 28 -26 -27 -28 -25 -30
right_child=1 -3 5 4 -6 6 -8 11 10 -11 -12 15 17 14 -16 -17 -18 22 19 20 21 -23 23 24 25 26 27 -29 29 -31
leaf_value=-5.7299015888998965e-06 7.1708381703354185e-05 -1.9418899868868696e-05 -4.9047896857339892e-05 -9.969581501364983e-06 7.1374895906668606e-05 7.2105874484818734e-05 -1.6652204986849163e-05 -6.1168132002365094e-06 -0.00011855229480021812 2.6064713960119598e-05 2.558021476136675e-06 1.1172436622543538e-05 0.00014251575834296835 1.7028255076388851e-05 0.00015278592545049343 -4.5124578466202277e-07 -7.8641022607298352e-05 -9.0368797238435699e-07 -4.4779352739041399e-05 0.0001027190323601599 -3.4111496512092894e-05 4.3064499990021919e-05 1.5711206437208866e-05 -9.7223080739241926e-06 -6.5832592629747158e-05 -4.1053821866975607e-05 4.7451637729864187e-05 -5.4918887788358892e-05 6.7352944215740143e-05 5.1639896842202687e-06
leaf_weight=34 24 33 22 24 30 26 30 46 20 65 23 30 26 71 27 3990 51 1874 24 20 20 98 122 103 57 27 26 24 34 119
leaf_count=34 24 33 22 24 30 26 30 46 20 65 23 30 26 71 27 3990 51 1874 24 20 20 98 122 103 57 27 26 24 34 119
internal_value=7.02247e-06 -0.00425926 -0.00147059 8.94775e-05 0.00740741 -0.00448718 -0.000892857 3.24628e-05 0.00352113 0.00782828 -0.00639535 -4.05067e-05 0.000607064 0.00625 0.0102041 -0.000472857 -0.00771605 0.000291375 0.00452128 0.00246914 0.00471014 0.00254237 -4.19111e-05 0.00234375 0.00025641 -0.00485075 0.000974026 0.007 0.00292969 0.00637255
internal_weight=7120 135 102 6985 54 78 56 6931 142 99 43 6789 2718 144 98 4071 81 2574 188 162 138 118 2386 512 390 134 77 50 256 153
internal_count=7120 135 102 6985 54 78 56 6931 142 99 43 6789 2718 144 98 4071 81 2574 188 162 138 118 2386 512 390 134 77 50 256 153
is_linear=0
shrinkage=0.05


Tree=111
num_leaves=31
num_cat=0
split_feature=42 22 28 18 24 9 24 26 13 13 23 21 24 21 17 39 25 20 22 16 16 17 18 15 1 19 31 24 23 5
split_gain=1.28862 1.15686 1.61984 1.88929 1.13306 1.99989 1.08449 1.44158 2.4571 1.06342 1.14831 1.20107 1.77954 1.52871 1.04796 1.21466 2.13711 2.19333 3.91564 1.96115 1.72645 3.04466 3.32227 2.05327 1.77553 1.7095 1.64067 1.42917 1.39287 2.00119
threshold=334.23003683175364 2084.0038767500005 -2452.8845971890619 -438.07499999999703 1373.4711535500003 -0.019020633910479923 2213.5940525000001 89475.999929920348 0.027544933376003833 -0.030144077309075843 -0.81650225721163738 159.4549999999945 1764.5392712000003 345.29000000000093 0.0073575341066712723 970.27857142857363 -0.45233807089073647 195.33499999999916 1248.7435940000003 0.0064116911949503854 0.0063591962711648528 0.0046360936981321996 350.83499999999918 0.0076773368248774275 86650.570000000022 855.06999999999982 82400.063500000004 1106.2075376000003 -0.30451274172684306 0.00015811832549261434
decision_type=2 2 2 2 2 2 2 2 2 2 2 2 2 2 2 2 2 2 2 2 2 2 2 2 2 2 2 2 2 2
left_child=1 4 3 -3 14 -6 7 -2 -9 -4 -11 -12 -13 -14 15 20 -17 19 -19 -18 23 -22 24 26 -23 -21 -1 -20 29 -26
right_child=6 2 9 -5 5 -7 -8 8 -10 10 11 12 13 -15 -16 16 17 18 27 25 21 22 -24 -25 28 -27 -28 -29 -30 -31
leaf_value=4.9951254790101171e-05 2.4421856313713394e-05 0.00011829523481411685 0.00011684012197702952 -0.00011806961637171674 3.8809400983387405e-05 -4.689424826992092e-06 -1.8447954875425252e-05 3.9035906373907543e-05 -3.6949955071620783e-05 5.8270560190352238e-05 3.1753252403447046e-05 2.5001197942669088e-05 -6.2334511038049798e-05 9.9259943727111204e-06 2.3771197326357612e-05 6.1745285308671236e-06 -0.00015065028364974109 0.00010793479426280443 -0.00013821888443298045 -3.9702465854045132e-05 6.1790271984823325e-05 6.8404637888813634e-05 9.1099679380004066e-05 -4.9323981896832093e-05 3.1550358777748065e-05 4.3490395740660575e-06 -1.21269430868009e-07 1.445572181379889e-05 -3.7338887741633751e-05 -1.1845585810505647e-05
leaf_weight=30 38 21 22 24 23 487 33 20 44 35 45 27 24 25 29 49 34 22 20 36 21 28 35 35 40 38 5723 28 54 30
leaf_count=30 38 21 22 24 23 487 33 20 44 35 45 27 24 25 29 49 34 22 20 36 21 28 35 35 40 38 5723 28 54 30
internal_value=-0.000161517 -6.80029e-05 0.00347534 -0.005 -0.000184857 -0.00245098 -0.005 -0.00245098 -0.00703125 0.00561798 0.00416667 0.0018595 -0.00197368 -0.00765306 0 -4.41909e-05 -0.00363436 -0.00617978 0.000714286 -0.0106481 9.17278e-05 0.00456731 0.00254011 -6.91085e-05 -0.000657895 -0.00608108 4.34556e-06 -0.00729167 -0.00322581 0.00142857
internal_weight=7120 6985 223 45 6762 510 135 102 64 178 156 121 76 49 6252 6223 227 178 70 108 5996 208 187 5788 152 74 5753 48 124 70
internal_count=7120 6985 223 45 6762 510 135 102 64 178 156 121 76 49 6252 6223 227 178 70 108 5996 208 187 5788 152 74 5753 48 124 70
is_linear=0
shrinkage=0.05


Tree=112
num_leaves=31
num_cat=0
split_feature=7 3 0 40 13 9 21 42 42 17 1 2 11 38 24 25 21 20 15 4 20 13 9 41 20 22 5 21 24 15
split_gain=1.11604 2.15652 1.5334 1.70693 1.51806 1.35738 1.5528 1.14344 2.96327 1.07769 1.06344 1.99303 1.7827 1.58581 1.60077 1.39797 1.30573 1.64951 1.9717 1.54557 1.90619 1.99362 1.76917 1.3883 2.77374 2.43482 2.54387 1.86394 1.7124 2.57039
threshold=-0.010086725026272232 86051.415000000023 92357.785000000018 -61.189766192866948 -0.0053763950555607678 -0.017177126577585137 125.69499999999972 -248.98870341915185 -172.01464707758564 0.0067363714196684204 101518.77 102410.75500000002 0.0075456353915099106 31.372249916522147 1017.7727925300002 -0.093249204467407004 87.150000000001469 310.1150000000053 0.0059830122597481035 1923.3657800000003 351.19499999999977 -0.0065691453484585044 -0.0047207121424329866 -707.73810903532842 125.76000000000205 918.43301325000004 -0.005328165751543352 112.7150000000038 790.1858132000001 0.0037129817790432155
decision_type=2 2 2 2 2 2 2 2 2 2 2 2 2 2 2 2 2 2 2 2 2 2 2 2 2 2 2 2 2 2
left_child=1 7 -3 5 -5 -4 -7 -1 -9 -10 -2 12 13 -12 15 -15 -13 23 19 20 21 -19 -22 24 -18 -25 -27 -28 -29 -30
right_child=10 2 3 4 -6 6 -8 8 9 -11 11 16 -14 14 -16 -17 17 18 -20 -21 22 -23 -24 25 -26 26 27 28 29 -31
leaf_value=9.3819817624402134e-05 -1.2416497876621398e-06 -4.9479804079321415e-05 2.465014494080662e-05 6.116009926037301e-05 1.3503280407961386e-06 -0.00013551588435916232 -2.1216805573362909e-07 -8.000496634159263e-05 7.5906341673184972e-05 5.9863408154588319e-06 0.00011541053194768514 1.1255228912742644e-06 6.7510935235383531e-05 8.1419106579128939e-06 3.0365516548471258e-05 -6.9557257503260859e-05 -4.8353209511139221e-06 2.9978827393843224e-06 -6.478444729558979e-05 0.0001537014359573096 6.2498212086421135e-05 0.00010350370436997333 -2.2015042204542976e-05 -8.3663690866688695e-07 8.6906756106612662e-05 3.265072308321221e-05 1.609269522152853e-05 -7.3191450776939008e-05 -5.9184272203586861e-05 -1.4533229710652524e-06
leaf_weight=34 2429 54 48 21 29 23 40 21 25 24 27 1894 30 37 43 21 58 24 26 21 28 33 87 1578 42 20 43 75 98 187
leaf_count=34 2429 54 48 21 29 23 40 21 25 24 27 1894 30 37 43 21 58 24 26 21 28 33 87 1578 42 20 43 75 98 187
internal_value=-0.000147472 0.00274295 -0.000116279 0.00232919 0.01 -0.00112613 -0.00595238 0.00865385 0.005 0.0117347 -0.000283047 0.000182983 0.0056962 0.003125 0.000247525 -0.00517241 -2.37304e-05 -0.000818966 0.0033105 0.00505181 0.00348837 0.0109649 -0.000217391 -0.00124941 0.0045 -0.00153673 -0.00490544 -0.00576923 -0.00694444 -0.00517544
internal_weight=7120 319 215 161 50 111 63 104 70 49 6801 4372 158 128 101 58 4214 2320 219 193 172 57 115 2101 100 2001 423 403 360 285
internal_count=7120 319 215 161 50 111 63 104 70 49 6801 4372 158 128 101 58 4214 2320 219 193 172 57 115 2101 100 2001 423 403 360 285
is_linear=0
shrinkage=0.05


Tree=113
num_leaves=31
num_cat=0
split_feature=11 25 4 19 41 21 19 18 41 39 22 5 4 23 21 24 32 38 28 21 36 24 25 19 36 39 20 36 23 9
split_gain=0.859056 1.45007 2.55616 3.38453 2.44202 2.10105 2.27815 1.80021 1.72094 2.16082 2.06711 2.5632 1.70588 1.77442 2.48608 2.19368 1.83754 1.79291 1.68809 2.03594 1.99483 1.66021 2.70239 1.98412 1.48869 2.13259 1.78129 1.74545 1.69551 1.55909
threshold=0.0057500808346690755 -0.52786280749449821 558.7832350000001 526.07499999998993 -130.93852973643456 142.59500000000119 469.61000000000791 272.7050000000018 -225.28746073905793 602.92428571428502 1130.1513137500003 0.0017722473732964452 762.69083000000012 -0.24759396232470701 210.77500000000148 526.66249550000009 11.570526538009291 66.269472371971673 244.2730490985123 109.80499999999303 1605.6236085319617 1830.2889143 0.13114822193049794 768.35499999999604 3976.9458767396213 532.86214285714289 106.81999999999972 5399.7181437479167 0.10435712621581371 0.0063820674982556615
decision_type=2 2 2 2 2 2 2 2 2 2 2 2 2 2 2 2 2 2 2 2 2 2 2 2 2 2 2 2 2 2
left_child=-1 4 3 -3 8 7 -7 -6 9 -2 -11 -12 13 14 16 -15 -4 -18 19 -14 21 22 -20 -24 25 -22 28 -28 -26 -29
right_child=1 2 12 -5 5 6 -8 -9 -10 10 11 -13 18 15 -16 -17 17 -19 20 -21 24 -23 23 -25 26 -27 27 29 -30 -31
leaf_value=1.9453600076695537e-07 -3.3319945794563223e-05 3.1692014838668951e-06 2.5218340754601593e-05 6.2957798181722093e-05 -4.2945254303832979e-05 3.393410767280196e-05 -5.2252604919923725e-06 3.1680605268848559e-06 3.4261798240921668e-05 5.1177144341600346e-05 2.3142363362809232e-05 -4.2602605107337551e-05 -3.0149885864662657e-05 -1.0369691006865019e-06 -2.0541057483502518e-05 -7.9185526372340851e-05 -1.9104629949503079e-05 1.4923390376416766e-05 9.4986730275660664e-05 -4.2014729784849488e-06 1.3954651341466828e-06 -5.6306378343897992e-06 -6.220840922014346e-06 3.9223036688002741e-05 -7.3622164170944235e-05 -4.1334883381863964e-05 6.2411835468133189e-05 7.2842301587637721e-05 2.0536226083747871e-06 -2.1836219909747305e-05
leaf_weight=5502 30 161 23 44 112 32 42 25 22 37 47 34 28 55 34 76 20 37 59 62 96 55 77 103 24 169 33 20 26 35
leaf_count=5502 30 161 23 44 112 32 42 25 22 37 47 34 28 55 34 76 20 37 59 62 96 55 77 103 24 169 33 20 26 35
internal_value=-0.000161517 -0.00117429 -0.000343573 0.0047561 -0.00387139 -0.00746445 -0.000675676 -0.0111314 0.000588235 -0.00135135 0.00169492 -0.00277778 -0.00135659 -0.005 -0.000438596 -0.00896947 0.004375 -0.000438596 -0.000222363 -0.00666667 0.000609756 0.0037415 0.00554393 0.0025 -0.00167494 -0.00386792 0.00253623 0.00681818 -0.005 0.00136364
internal_weight=7120 1618 1237 205 381 211 74 137 170 148 118 81 1032 245 114 131 80 57 787 90 697 294 239 180 403 265 138 88 50 55
internal_count=7120 1618 1237 205 381 211 74 137 170 148 118 81 1032 245 114 131 80 57 787 90 697 294 239 180 403 265 138 88 50 55
is_linear=0
shrinkage=0.05


Tree=114
num_leaves=31
num_cat=0
split_feature=11 0 3 38 15 2 39 22 24 15 39 17 39 34 17 20 36 39 20 42 42 13 40 16 4 19 20 0 42 38
split_gain=0.847184 1.83435 1.74107 3.09169 1.93581 1.44038 1.39938 2.35872 1.3058 1.60525 1.89536 1.59541 1.45707 2.33858 1.70162 1.86012 1.71 1.59445 1.34478 1.34474 1.7172 1.59565 2.80026 1.55128 1.35016 1.3144 1.24672 1.26724 1.24218 2.17197
threshold=0.0057500808346690755 84951.675000000003 83005.560000000012 53.499795416493072 0.0034231150512167873 85202.275000000009 760.05857142857042 2044.7752220000002 2287.7759295000001 0.0053887246633647955 793.20357142857245 0.006622477161833811 664.53142857143041 115144.20509193992 0.0034527420715223284 130.30000000000294 -1845.2756331085836 722.09214285714302 13.26499999999942 390.35033293684802 225.58152859618392 0.0010881504854092863 236.5735642994114 0.0048551323692856072 1253.0953700000002 573.51000000000215 98.470000000001178 84126.60000000002 134.25887099190183 64.846918932522186
decision_type=2 2 2 2 2 2 2 2 2 2 2 2 2 2 2 2 2 2 2 2 2 2 2 2 2 2 2 2 2 2
left_child=28 2 6 -4 -5 -3 -2 -8 9 10 12 -12 13 -7 15 -14 -16 -18 -11 20 21 -20 -23 -24 -25 -19 -6 -28 -1 -30
right_child=1 5 3 4 26 8 7 -9 -10 18 11 -13 14 -15 16 -17 17 25 19 -21 -22 22 23 24 -26 -27 27 -29 29 -31
leaf_value=-1.000327414601972e-07 8.4103092356187305e-05 4.7373217678352633e-05 -6.4319868248653508e-05 4.423433120621302e-05 1.4653443144601274e-06 -8.8065198307947264e-07 -6.8874668335922349e-05 0.00010943924026171598 -3.6011137436591653e-05 3.4932994230050045e-05 -3.946861692350353e-05 1.9827763609954184e-05 6.0856207811851475e-06 -1.7641493927169685e-05 2.9914993403604182e-06 0.00011167628558814174 1.145543017914997e-05 -6.5531452881290906e-05 -2.9200808803024292e-06 1.0109629560350445e-05 -5.9097988759136292e-06 0.00011317753249858944 6.7651690803195646e-05 1.1582492429470778e-05 -3.9268139212770757e-05 -6.9051078923125946e-06 -1.53967304731777e-05 -9.2437113651534862e-05 2.8652443112216458e-05 -1.0312750071033434e-06
leaf_weight=5171 29 33 41 34 20 590 23 32 21 23 91 31 27 116 21 21 47 22 67 30 103 34 24 31 23 23 37 24 163 168
leaf_count=5171 29 33 41 34 20 590 23 32 21 23 91 31 27 116 21 21 47 22 67 30 103 34 24 31 23 23 37 24 163 168
internal_value=-0.000168539 -0.00117429 -0.00520833 -0.00833333 -0.00413043 -0.000471698 0.000595238 -0.00409091 -0.000724907 -0.000528701 -0.00154196 -0.00737705 -0.000720877 -0.00169972 0.00357143 0.0114583 0.000221239 -0.00271739 0.00246269 0.00160256 0.000531915 0.00349162 0.00714286 0.00192308 -0.00277778 -0.00944444 -0.00833333 -0.0118852 0.000127226 0.00309668
internal_weight=7120 1618 240 156 115 1378 84 55 1345 1324 989 122 867 706 161 48 113 92 335 312 282 179 112 78 54 45 81 61 5502 331
internal_count=7120 1618 240 156 115 1378 84 55 1345 1324 989 122 867 706 161 48 113 92 335 312 282 179 112 78 54 45 81 61 5502 331
is_linear=0
shrinkage=0.05


Tree=115
num_leaves=31
num_cat=0
split_feature=2 0 3 4 9 22 36 36 16 26 3 0 9 9 0 25 21 21 36 15 20 19 1 16 32 20 39 22 19 25
split_gain=0.720299 0.81342 0.765567 1.93939 1.16364 1.92001 0.898363 1.07512 1.30023 1.09695 1.77516 0.946796 0.886401 1.81316 1.69618 1.62045 1.61199 2.454 2.00002 1.99132 1.67006 2.30986 2.22461 1.63393 1.6388 1.62796 1.67257 2.30161 1.77778 1.76175
threshold=76817.520000000019 79766.480000000025 81853.110000000015 1000.5050850000001 0.0031832957876330626 1770.0310715000001 -8061.2042935146446 -6538.5894320731741 0.0060846747752694346 104154.92734361651 90385.560000000012 81853.12000000001 -0.0052931384188474404 -0.005039500244535605 103635.925 -0.86079977640759298 87.150000000001469 104.62500000000729 -2454.5430222196514 0.0011040851661857462 199.15500000000614 345.54000000000093 84586.515000000014 0.0022553791060502481 1190.2008734424455 140.08000000000177 628.26142857142793 1389.2905400000002 615.52500000000157 0.061967522658005959
decision_type=2 2 2 2 2 2 2 2 2 2 2 2 2 2 2 2 2 2 2 2 2 2 2 2 2 2 2 2 2 2
left_child=-1 -2 3 -3 5 -5 -4 8 -8 10 -10 -9 15 14 -14 -13 20 18 -18 -19 25 -22 -23 -20 -25 26 -15 29 -29 -28
right_child=1 2 6 4 -6 -7 7 11 9 -11 -12 12 13 16 -16 -17 17 19 23 -21 21 22 -24 24 -26 -27 27 28 -30 -31
leaf_value=2.6265512066593806e-05 -5.8603549666504283e-05 0.0001254699981675585 5.6714278228808048e-05 3.866326330664149e-05 0.00010131586315312222 -0.00014498862280677073 2.3263666109508556e-05 -4.2377242949545292e-05 -8.1216568016229541e-05 -0.00013280726058619951 3.7767560774088914e-05 3.6603631443288887e-05 -6.9013506736605352e-05 2.3228588196068977e-08 -1.738937395520806e-06 1.8301612226038286e-06 -2.8266345216865975e-05 -1.0606027671926145e-05 -2.2301547543756902e-05 -3.7202330340637325e-07 -2.6800875918232458e-05 -8.1529229096460212e-05 8.8340031029520088e-07 4.2354871902408477e-06 -2.5877359198912649e-05 1.0952046511016426e-05 1.6271844142730157e-05 -5.7041896597676655e-05 4.1817375985560675e-05 -1.8601493383005397e-05
leaf_weight=29 58 24 42 23 20 21 21 21 42 21 22 29 25 1404 27 985 44 38 89 2692 63 28 492 175 77 326 205 25 20 32
leaf_count=29 58 24 42 23 20 21 21 21 42 21 22 29 25 1404 27 985 44 38 89 2692 63 28 492 175 77 326 205 25 20 32
internal_value=-0.000105337 -0.000137498 -8.88668e-05 0.00454545 0 -0.00454545 -0.000147588 -0.000191946 -0.00518868 -0.00794118 -0.0046875 -0.000114021 -8.11688e-05 -0.000321069 -0.00961538 0.00128205 -0.000236427 -0.00100321 -0.00474026 -0.00047619 0.000684008 -0.00167238 -0.000576923 -0.00344575 -0.00138889 0.0013668 0.0007414 0.00425532 -0.00611111 0.00622363
internal_weight=7120 7091 7033 88 64 44 6945 6903 106 85 64 6797 6776 5762 52 1014 5710 3115 385 2730 2595 583 520 341 252 2012 1686 282 45 237
internal_count=7120 7091 7033 88 64 44 6945 6903 106 85 64 6797 6776 5762 52 1014 5710 3115 385 2730 2595 583 520 341 252 2012 1686 282 45 237
is_linear=0
shrinkage=0.05


Tree=116
num_leaves=31
num_cat=0
split_feature=16 42 24 7 13 34 36 18 22 16 3 13 7 24 38 16 23 38 9 18 7 7 4 20 16 13 7 7 20 39
split_gain=0.956525 2.87768 2.09485 2.12912 2.55724 1.59832 1.59189 2.32481 1.69341 2.25011 1.54746 1.81643 1.44906 1.36981 1.35941 1.33838 1.5067 2.95268 2.04839 1.95133 1.92781 2.14911 1.92224 1.62277 1.44235 2.87515 1.62329 1.40908 1.96168 1.99947
threshold=0.001720048982504663 -6.6056730743942031 420.79011660000009 -0.00014324831982990749 -0.00089363915021831478 115303.15462529182 1343.0374880126112 -167.38499999999473 234.36204550000002 0.0013532534814095526 114318.91500000002 0.0042708064093854572 -0.0010864358548814499 496.89427690000008 47.784726806223198 0.0020697309837867119 -0.70599012260717375 44.24127070994232 0.0030254103538449035 214.67500000000294 0.00051749073253044571 -7.6716806175590791e-05 282.94285500000007 75.805000000007581 0.0021429180219665308 -0.0061369203838184229 0.0024648282249257777 -0.00097426750537862774 13.26499999999942 306.72214285714296
decision_type=2 2 2 2 2 2 2 2 2 2 2 2 2 2 2 2 2 2 2 2 2 2 2 2 2 2 2 2 2 2
left_child=1 2 12 4 5 -4 7 -3 -9 -10 11 -11 -1 -5 -15 16 17 -2 20 -20 21 27 -22 -19 25 -17 -27 28 -18 -30
right_child=15 6 3 13 -6 -7 -8 8 9 10 -12 -13 -14 14 -16 24 18 23 19 -21 22 -23 -24 -25 -26 26 -28 -29 29 -31
leaf_value=1.870089544090233e-06 3.3808350907978333e-05 2.4132604134250559e-05 7.0265558795087783e-06 -3.9494966005945969e-05 2.8832382282309108e-05 -1.6033251992502078e-05 -3.1754787307181588e-05 -6.0772992078057515e-06 2.4438329061075059e-05 -2.9977619841113825e-05 -9.245341732634966e-06 2.0910861811804024e-05 3.4407357053775954e-05 1.5186916227175581e-05 -1.4741553803828962e-05 -9.516566928733544e-06 -2.608901830830606e-05 -1.8553109439641218e-05 3.3188316584055413e-05 -1.5869927209539596e-05 -5.8086468320104814e-06 3.3747737514286987e-05 -6.1454283665083066e-05 1.6518074945788592e-05 -1.0726512824133344e-07 4.06071697800308e-05 4.2026838464870097e-06 -3.4355294429655711e-05 1.2682174201412062e-05 -5.6569909031054555e-06
leaf_weight=22 46 25 43 22 27 23 43 111 60 23 35 29 36 21 20 20 21 37 34 33 23 26 53 29 6048 41 23 28 23 95
leaf_count=22 46 25 43 22 27 23 43 111 60 23 35 29 36 21 20 20 21 37 34 33 23 26 53 29 6048 41 23 28 23 95
internal_value=1.40449e-05 0.00203704 0.00654206 0.00352564 0.00833333 0.0030303 -0.000920245 0.000441696 -0.000968992 0.00255102 -0.00258621 0.00288462 0.0146552 -0.00357143 0.00182927 -0.000151976 -0.00279018 0.00223214 -0.00446429 0.00335821 -0.00641264 -0.00375648 -0.0131579 -0.00454545 4.07697e-05 0.00654762 0.0117188 -0.00583832 -0.00377698 -0.00127119
internal_weight=7120 540 214 156 93 66 326 283 258 147 87 52 58 63 41 6580 448 112 336 67 269 193 76 66 6132 84 64 167 139 118
internal_count=7120 540 214 156 93 66 326 283 258 147 87 52 58 63 41 6580 448 112 336 67 269 193 76 66 6132 84 64 167 139 118
is_linear=0
shrinkage=0.05


Tree=117
num_leaves=31
num_cat=0
split_feature=11 25 21 19 38 4 19 13 22 13 15 15 2 35 27 41 27 21 3 9 4 0 23 27 25 38 28 22 19 9
split_gain=0.746235 1.2656 2.74775 3.3525 2.62987 2.16574 3.52021 1.58421 1.58006 2.34714 1.79536 1.6534 1.44309 2.56819 2.29782 2.20209 2.28722 2.15463 2.28571 1.87301 1.51128 1.45328 1.4048 1.37322 1.32198 2.14939 1.70653 1.31692 1.76851 2.10248
threshold=0.0057500808346690755 -0.52786280749449821 201.61000000000061 476.82499999999715 50.744204278812468 558.7832350000001 526.07499999998993 0.003914958541618197 834.02160450000008 0.0049770242970960431 0.0033839373077502147 0.0025403167816408947 109013.48500000002 104070.46195000003 111079.9335 259.35835229366631 117612.58325000001 30.384999999994765 103721.20000000003 0.0076115966945039361 910.78561000000013 107587.36500000001 1.3911298765172833 103996.23225000002 -0.76169869333046625 77.155594878361029 381.64195866556116 1194.6180037500001 355.67999999999307 0.0030254103538449035
decision_type=2 2 2 2 2 2 2 2 2 2 2 2 2 2 2 2 2 2 2 2 2 2 2 2 2 2 2 2 2 2
left_child=-1 2 7 -4 -5 6 8 27 9 -3 11 -11 13 23 -14 16 22 -15 -19 20 -17 -20 -16 -7 26 -26 -9 28 29 -2
right_child=1 5 3 4 -6 12 -8 24 -10 10 -12 -13 14 17 15 19 -18 18 21 -21 -22 -23 -24 -25 25 -27 -28 -29 -30 -31
leaf_value=3.5203984759575734e-07 -3.5411912038842558e-05 5.4000443220738748e-05 2.9762298271690459e-05 4.9375812179645682e-05 -1.5343276064231003e-05 -1.7679144976386358e-06 5.9569503239316611e-05 1.8389849043628237e-05 -2.6333602905097049e-05 4.0254958110574156e-07 5.2211605575028232e-05 -3.9821525066647141e-05 -3.4915334920571e-05 2.1218490414182109e-05 -8.2304504668016039e-06 3.0227612153380213e-06 -6.6697820957717675e-05 8.878697897786656e-05 -3.6218574201762457e-06 -9.9943739285265087e-06 0.00010180811975642797 2.2982884237324567e-05 4.3392888773613962e-06 -8.7811904209907934e-05 -5.4598814979361965e-05 3.9736291287388441e-06 -2.9146647287116683e-05 -4.0831619199861845e-05 4.5394288677434062e-05 1.1887567795837274e-06
leaf_weight=5502 27 39 23 21 45 512 44 27 22 48 29 23 85 22 68 42 45 22 63 50 31 43 27 22 86 20 53 20 39 20
leaf_count=5502 27 39 23 21 45 512 44 27 22 48 29 23 85 22 68 42 45 22 63 50 31 43 27 22 86 20 53 20 39 20
internal_value=-1.40449e-05 -0.000957973 -0.00347769 0.00421348 -0.00151515 -0.000181892 0.0045122 -0.00582192 0.00108696 0.00305755 -0.001 -0.00528169 -0.00111434 0.000219298 -0.00373563 -0.00142586 -0.00571429 0.006 0.00351563 0.00345528 0.00856164 0.000471698 -0.00131579 -0.00140449 -0.00860215 -0.0122642 -0.00375 -0.000943396 0.00174419 -0.00478723
internal_weight=7120 1618 381 89 66 1237 205 292 161 139 100 71 1032 684 348 263 140 150 128 123 73 106 95 534 186 106 80 106 86 47
internal_count=7120 1618 381 89 66 1237 205 292 161 139 100 71 1032 684 348 263 140 150 128 123 73 106 95 534 186 106 80 106 86 47
is_linear=0
shrinkage=0.05


Tree=118
num_leaves=31
num_cat=0
split_feature=15 20 13 40 41 17 20 9 18 7 7 41 9 4 25 0 7 20 21 42 21 19 20 25 16 36 16 18 16 16
split_gain=0.830201 2.06951 1.69612 1.58248 1.53363 1.94222 1.49072 1.55526 2.20039 2.5366 2.07131 1.83723 2.41029 2.22028 1.64862 2.09612 2.20321 1.91736 1.95926 1.84091 1.69118 1.46613 2.27811 1.43968 1.4823 1.41538 1.41208 1.47156 1.31963 1.61552
threshold=0.0034853584454606385 3.5249999999941797 0.020193044373360194 -759.74061004880048 191.98083813294755 0.0025149634303434812 742.26499999999226 -0.017177126577585137 -492.05999999999761 -0.0030112566138491056 -0.0040130615927770671 232.0621088401297 -0.0031982301622573779 901.06211000000008 -0.029608155979030427 105852.49000000001 2.9612377707185919e-05 86.565000000009618 57.699999999997097 29.87949569455559 159.4549999999945 393.65500000000617 226.98999999999072 0.087400588035801488 0.0035649744525551642 1999.6583664775901 0.0051309592023797215 -685.68000000000018 0.0030209578640409142 0.0030462746385271429
decision_type=2 2 2 2 2 2 2 2 2 2 2 2 2 2 2 2 2 2 2 2 2 2 2 2 2 2 2 2 2 2
left_child=2 -2 3 -1 -3 -6 7 -7 26 10 -10 -11 13 -13 15 17 19 20 -19 -17 25 -4 -23 -16 -25 -14 27 -9 -5 -30
right_child=1 4 21 28 5 6 -8 8 9 11 -12 12 14 -15 23 16 -18 18 -20 -21 -22 22 -24 24 -26 -27 -28 -29 29 -31
leaf_value=8.1085961785398001e-05 6.9290649001082733e-06 -7.2101113447755295e-07 -0.00010532065366253897 2.4412760525086236e-07 0.00011422338301473337 1.1916079224278693e-05 0.00015422157313500382 2.2133290570335875e-05 1.4579462688367624e-05 6.4477199726083301e-05 6.6323954641449775e-05 -7.6915241448330559e-05 8.0097489890691716e-06 4.8452135569227546e-06 -5.3283499709924364e-05 -5.6317693618310205e-05 3.8833004457082163e-05 -2.5675878240040137e-05 1.4980077183828118e-05 1.5355553506485547e-05 -2.8575355868993362e-05 3.1056168702760124e-05 -7.9658966621061936e-05 1.0403252431999042e-05 -1.021376105546641e-05 -4.3655858630370256e-05 -5.9225681464965115e-05 -2.1708654704044335e-05 -2.6608366114019638e-05 -2.1943244034649614e-06
leaf_weight=24 187 2044 23 2475 26 34 23 24 127 49 39 44 20 23 29 22 85 45 90 22 34 27 21 38 175 26 45 25 38 1236
leaf_count=24 187 2044 23 2475 26 34 23 24 127 49 39 44 20 23 29 22 85 45 90 22 34 27 21 38 175 26 45 25 38 1236
internal_value=5.61798e-05 0.000641026 -0.000442248 -0.000298171 0.000331823 0.00188995 0.00154563 0.00125502 0.000883576 0.00167051 0.00722892 0.000356125 -0.000344564 -0.00932836 0.000682594 0.00290698 0.00794574 -0.000116279 0.00351852 -0.00113636 -0.00625 -0.00809859 -0.003125 -0.00247934 -0.00105634 0 -0.00638298 -0.000510204 -0.000380101 -0.0016876
internal_weight=7120 3276 3844 3773 3089 1045 1019 996 962 868 166 702 653 67 586 344 129 215 135 44 80 71 48 242 213 46 94 49 3749 1274
internal_count=7120 3276 3844 3773 3089 1045 1019 996 962 868 166 702 653 67 586 344 129 215 135 44 80 71 48 242 213 46 94 49 3749 1274
is_linear=0
shrinkage=0.05


Tree=119
num_leaves=31
num_cat=0
split_feature=32 20 11 40 27 27 3 19 13 20 7 23 22 32 35 38 15 13 21 0 16 38 23 4 15 32 7 5 11 4
split_gain=1.01537 1.66934 3.12704 2.39361 1.85505 2.44633 1.7985 1.6 1.38172 1.96884 1.56837 1.35772 1.53575 1.28093 1.21212 1.225 1.18367 1.08419 1.06561 1.01331 0.975741 0.998725 0.948306 1.04183 1.11609 2.3849 1.79654 3.08063 3.00115 2.36593
threshold=2284.1090314218241 221.9349999999977 -0.00012758147805758653 1095.6361200407557 112502.58325000001 117272.93375000001 103079.97500000002 595.14999999999429 0.027544933376003833 87.605000000003216 0.0076323306507544769 -0.22033707639225367 1875.8273362500001 2052.1841541126782 81105.034425000005 59.129073306029859 0.0045567553143285857 0.024486747945783507 143.76499999999945 111542.94500000002 0.0042491254636191486 72.533929602189147 3.7884166820798337 4916.4055500000004 0.0042500782538311809 -2230.2812950453804 -0.0040894561686253385 -0.0034708774709389001 -0.0020597990757905004 1658.0899700000002
decision_type=2 2 2 2 2 2 2 2 2 2 2 2 2 2 2 2 2 2 2 2 2 2 2 2 2 2 2 2 2 2
left_child=8 2 19 16 6 -6 17 -7 13 -10 11 12 -11 14 15 -1 -3 -4 -8 -2 21 -15 23 24 25 -16 27 28 29 -27
right_child=1 3 4 -5 5 7 18 -9 9 10 -12 -13 -14 20 22 -17 -18 -19 -20 -21 -22 -23 -24 -25 -26 26 -28 -29 -30 -31
leaf_value=-3.4081600893633261e-06 5.0141718819227604e-05 1.2396403256290301e-05 -5.0170703850410649e-05 -1.0611745501189276e-05 1.8780241112769087e-05 -5.1846520154142907e-05 -2.3849611226109126e-05 9.9307395202426672e-06 3.0047115215056092e-06 -7.204723667019143e-05 -8.8305236817286649e-05 3.020181298260059e-05 2.1975470575332856e-07 3.9645048529001666e-06 3.6363515704054029e-05 6.8191537443334694e-05 5.2669662580925923e-05 4.2416413157469859e-06 -9.835917057672455e-05 5.31197405277218e-07 -9.0066243758528107e-05 -2.593057922787529e-05 1.600553317805248e-05 -0.00014029756139853872 1.4873566505562938e-06 7.5625158357118395e-07 -1.5525938260823703e-07 -1.7901247667097358e-05 7.4882339483389255e-05 -5.0393138868283473e-05
leaf_weight=20 31 42 31 32 37 20 24 20 33 23 30 21 22 29 61 20 55 48 25 20 30 28 38 29 1789 179 4005 304 42 32
leaf_count=20 31 42 31 32 37 20 24 20 33 23 30 21 22 29 61 20 55 48 25 20 30 28 38 29 1789 179 4005 304 42 32
internal_value=3.51124e-05 0.00253247 0.000195313 0.00717054 -0.00256098 0.00357143 -0.00625 -0.005 -0.000107647 -0.00523256 -0.00885417 -0.00454545 -0.00944444 -7.56888e-06 7.28639e-05 0.00875 0.0110825 -0.00158228 -0.0137755 0.0112745 -0.00603448 -0.00219298 1.92931e-05 -2.71697e-05 1.55958e-05 -0.000394765 -0.000526085 -0.00318671 0.000889328 -0.00154028
internal_weight=7120 385 256 129 205 77 128 40 6735 129 96 66 45 6606 6519 40 97 79 49 51 87 57 6479 6441 6412 4623 4562 557 253 211
internal_count=7120 385 256 129 205 77 128 40 6735 129 96 66 45 6606 6519 40 97 79 49 51 87 57 6479 6441 6412 4623 4562 557 253 211
is_linear=0
shrinkage=0.05


end of trees

feature_importances:
upper_wick=194
log_return_3=171
lower_wick=168
volume_zscore_50=160
log_return_2=157
volume_zscore_20=157
vol_std_10=153
macd_hist=148
log_return_6=142
price_minus_ema_200=142
volume=136
volume_mean_20=126
candle_range=123
rsi=120
atr=120
log_return_12=112
log_return_1=111
volume_mean_50=111
vol_std_20=107
vol_std_50=107
price_minus_ema_50=102
price_minus_ema_20=97
candle_body=78
macd_signal=78
macd=68
open=62
sma_200=60
ema_200=59
low=43
close=40
sma_20=34
high=32
ema_20=32
sma_50=28
ema_50=22

parameters:
[boosting: gbdt]
[objective: quantile]
[metric: quantile]
[tree_learner: serial]
[device_type: cpu]
[data_sample_strategy: bagging]
[data: ]
[valid: ]
[num_iterations: 120]
[learning_rate: 0.05]
[num_leaves: 31]
[num_threads: 0]
[seed: 42]
[deterministic: 0]
[force_col_wise: 0]
[force_row_wise: 0]
[histogram_pool_size: -1]
[max_depth: -1]
[min_data_in_leaf: 20]
[min_sum_hessian_in_leaf: 0.001]
[bagging_fraction: 1]
[pos_bagging_fraction: 1]
[neg_bagging_fraction: 1]
[bagging_freq: 0]
[bagging_seed: 400]
[bagging_by_query: 0]
[feature_fraction: 1]
[feature_fraction_bynode: 1]
[feature_fraction_seed: 30056]
[extra_trees: 0]
[extra_seed: 12879]
[early_stopping_round: 0]
[early_stopping_min_delta: 0]
[first_metric_only: 0]
[max_delta_step: 0]
[lambda_l1: 0]
[lambda_l2: 0]
[linear_lambda: 0]
[min_gain_to_split: 0]
[drop_rate: 0.1]
[max_drop: 50]
[skip_drop: 0.5]
[xgboost_dart_mode: 0]
[uniform_drop: 0]
[drop_seed: 17869]
[top_rate: 0.2]
[other_rate: 0.1]
[min_data_per_group: 100]
[max_cat_threshold: 32]
[cat_l2: 10]
[cat_smooth: 10]
[max_cat_to_onehot: 4]
[top_k: 20]
[monotone_constraints: ]
[monotone_constraints_method: basic]
[monotone_penalty: 0]
[feature_contri: ]
[forcedsplits_filename: ]
[refit_decay_rate: 0.9]
[cegb_tradeoff: 1]
[cegb_penalty_split: 0]
[cegb_penalty_feature_lazy: ]
[cegb_penalty_feature_coupled: ]
[path_smooth: 0]
[interaction_constraints: ]
[verbosity: -1]
[saved_feature_importance_type: 0]
[use_quantized_grad: 0]
[num_grad_quant_bins: 4]
[quant_train_renew_leaf: 0]
[stochastic_rounding: 1]
[linear_tree: 0]
[max_bin: 255]
[max_bin_by_feature: ]
[min_data_in_bin: 3]
[bin_construct_sample_cnt: 200000]
[data_random_seed: 175]
[is_enable_sparse: 1]
[enable_bundle: 1]
[use_missing: 1]
[zero_as_missing: 0]
[feature_pre_filter: 1]
[pre_partition: 0]
[two_round: 0]
[header: 0]
[label_column: ]
[weight_column: ]
[group_column: ]
[ignore_column: ]
[categorical_feature: ]
[forcedbins_filename: ]
[precise_float_parser: 0]
[parser_config_file: ]
[objective_seed: 16083]
[num_class: 1]
[is_unbalance: 0]
[scale_pos_weight: 1]
[sigmoid: 1]
[boost_from_average: 1]
[reg_sqrt: 0]
[alpha: 0.5]
[fair_c: 1]
[poisson_max_delta_step: 0.7]
[tweedie_variance_power: 1.5]
[lambdarank_truncation_level: 30]
[lambdarank_norm: 1]
[label_gain: ]
[lambdarank_position_bias_regularization: 0]
[eval_at: ]
[multi_error_top_k: 1]
[auc_mu_weights: ]
[num_machines: 1]
[local_listen_port: 12400]
[time_out: 120]
[machine_list_filename: ]
[machines: ]
[gpu_platform_id: -1]
[gpu_device_id: -1]
[gpu_use_dp: 0]
[num_gpu: 1]

end of parameters

pandas_categorical:[]
