tree
version=v4
num_class=1
num_tree_per_iteration=1
label_index=0
max_feature_idx=42
objective=quantile
feature_names=open high low close volume log_return_1 return_1 log_return_2 return_2 log_return_3 return_3 log_return_6 return_6 log_return_12 return_12 vol_std_10 vol_std_20 vol_std_50 candle_body candle_range upper_wick lower_wick volume_mean_20 volume_zscore_20 volume_mean_50 volume_zscore_50 ema_20 sma_20 price_minus_ema_20 slope_ema_20 ema_50 sma_50 price_minus_ema_50 slope_ema_50 ema_200 sma_200 price_minus_ema_200 slope_ema_200 rsi atr macd macd_signal macd_hist
feature_infos=[75073.339999999997:125410.8] [76868.279999999999:126199.63] [74508:124800] [75073.330000000002:125410.81] [340.57663000000002:41734.73429] [-0.051762534026410414:0.063610354885484915] [-0.050445673085000586:0.065677081985037189] [-0.057546369862841076:0.077005607989813582] [-0.055921887401147452:0.080048133274546407] [-0.074972883538717477:0.080438707871954701] [-0.07223135621003085:0.083762418501585056] [-0.11058245204570148:0.085508649956967234] [-0.10468749320164461:0.089270983450447705] [-0.10598322184750306:0.092593775538753087] [-0.10056026111357341:0.097016010004315589] [0.0012133157954555224:0.029033061964449523] [0.0026553607375538702:0.024014575640068085] [0.0038415284704402292:0.018848158326120825] [-4383.7200000000012:5074.070000000007] [141.58999999999651:15214.639999999999] [0:3132.4100000000035] [0:10774.5] [1069.1190555000001:10559.11088] [-1.7848604440839944:4.1200587279656391] [1550.0915938000001:7028.6691156000006] [-1.5789049112738824:6.4711646594253676] [78482.938449553287:123285.86484806422] [78276.484499999991:123511.78399999999] [-8375.9843059019331:5642.7772138774453] [-881.68255851598224:593.97654882920324] [80605.527076710467:121101.63388453695] [80752.497999999992:122249.3198] [-10975.066404110796:8382.2813502118079] [-447.96189404533652:342.13393266170169] [83734.36461442399:116925.39951511516] [83235.8799:117624.01245000001] [-20061.639967127063:13717.513945779021] [-201.62452228268376:137.86446176661411] [8.6739813567826758:93.755215326931904] [420.77499999999833:3026.9835714285718] [-3060.2893734303652:2402.7765626512555] [-2561.2840826429788:2152.5902854798824] [-1257.8768198701616:819.04688810727021]
tree_sizes=2864 2883 2889 2912 2892 2898 2892 2868 2909 2908 2917 2915 2933 2885 2902 2906 2893 2909 2888 2899 2894 2911 2892 2902 2897 2906 2890 2893 2911 2885 2901 2899 2913 2883 2881 2902 2887 2901 2884 2909 2879 2884 2890 2865 2918 2888 2889 2895 2903 2908 2909 2900 2893 2889 2874 2883 2907 2893 2914 2893 2907 2886 2902 2894 2915 2887 2886 2905 2904 2900 2923 2887 2892 2905 2883 2904 2932 2917 2890 2885 2898 2896 2887 2912 2923 2888 2904 2903 2907 2916 2893 2909 2907 2900 2911 2892 2935 2886 2933 2933 2925 2898 2912 2925 2898 2909 2933 2927 2905 2874 2897 2909 2914 2913 2923 2892 2913 2920 2916 2925

Tree=0
num_leaves=31
num_cat=0
split_feature=4 13 22 40 41 19 4 19 9 17 32 7 25 15 36 21 35 40 23 34 34 22 0 36 41 18 9 15 0 1
split_gain=2.55686 1.7922 1.12293 1.06747 1.74424 1.32233 1.225 0.957585 0.942048 1.21682 1.44 1.1634 0.845622 0.907212 1.16764 0.810249 1.41769 1.32703 0.719528 0.651715 0.420252 0.808399 0.419048 0.397367 0.794773 0.827256 1.26735 0.599773 0.354613 0.640244
threshold=4905.8414550000007 -0.052853448124659232 4308.7150095000006 -1734.839709920401 -1206.4450218938341 810.47500000000593 3292.3134100000002 1186.2350000000008 -0.00074657077293051896 0.0081503232464034889 -2695.6572282481789 -0.0041734393642977275 2.6858264410752821 0.0061286284166648308 4936.4695310887482 606.01499999999953 109869.79407500001 -446.0166576627816 0.83777289154021395 116348.51960640398 112234.95804576411 2835.8081914000004 103632.84000000001 94.983410264227146 -463.26067439352863 -269.98999999999791 -0.0056762007524048244 0.0043332944670840664 118792.03000000001 120538.46500000001
decision_type=2 2 2 2 2 2 2 2 2 2 2 2 2 2 2 2 2 2 2 2 2 2 2 2 2 2 2 2 2 2
left_child=2 -2 7 -4 6 -6 -5 19 9 10 -9 18 13 -3 15 16 17 -15 -12 23 21 -10 -17 24 -1 26 -26 -27 -25 -30
right_child=1 12 3 4 5 -7 -8 8 20 -11 11 -13 -14 14 -16 22 -18 -19 -20 -21 -22 -23 -24 28 25 27 -28 -29 29 -31
leaf_value=-0.0084934359329788631 -0.009242372428864002 -0.0089779743422208312 -0.0084894470447470956 -0.0090537286368811403 -0.0088481193238705066 -0.0085435860731057339 -0.0089918946830652921 -0.0083500613624146649 -0.008945261298929915 -0.0084403559407748539 -0.0087256865463323872 -0.0089575289240951452 -0.0084215941089055123 -0.0095353974364011402 -0.0085259693346733684 -0.0084435157426558695 -0.0085228002054361079 -0.0088348241557747505 -0.0088621252355319084 -0.0089320155644189454 -0.0084651482405527587 -0.0085532871536170303 -0.0089285421646086664 -0.0084667560934325349 -0.0084901894334573815 -0.0087875429512014464 -0.0089846923090673089 -0.0085141917658383102 -0.008816867719903719 -0.0084417968492786211
leaf_weight=145 35 21 33 20 20 69 20 20 34 46 29 31 40 22 45 22 27 38 20 30 76 53 20 479 25 21 22 126 20 21
leaf_count=145 35 21 33 20 20 69 20 20 34 46 29 31 40 22 45 22 27 38 20 30 76 53 20 479 25 21 22 126 20 21
internal_value=-0.00862908 -0.0130735 -0.00774673 -0.0116538 -0.0137066 -0.00980886 -0.0223791 -0.0072184 -0.00961614 -0.0125332 -0.0156291 -0.0186291 -0.0115014 -0.0128598 -0.0116751 -0.0140942 -0.0168475 -0.0211291 -0.0138332 -0.00638499 -0.00700331 -0.00937621 -0.00839099 -0.00613199 -0.00746389 -0.00955692 -0.0153312 -0.00771071 -0.0052637 -0.00972664
internal_weight=1630 270 1360 162 129 89 40 1198 309 146 100 80 235 195 174 129 87 60 49 889 163 87 42 859 339 194 47 147 520 41
internal_count=1630 270 1360 162 129 89 40 1198 309 146 100 80 235 195 174 129 87 60 49 889 163 87 42 859 339 194 47 147 520 41
is_linear=0
shrinkage=1


Tree=1
num_leaves=31
num_cat=0
split_feature=4 13 17 25 15 36 21 35 40 30 3 22 22 40 32 19 23 19 39 5 36 41 39 21 9 22 32 0 36 13
split_gain=2.59228 1.7922 1.12967 0.845622 0.907212 1.16764 0.810249 1.41769 1.32703 0.808241 0.767363 0.684746 0.805444 0.986937 1.55809 1.12599 0.678801 1.05502 0.539647 0.885048 0.768596 1.414 0.642911 0.549542 0.427192 0.477171 0.625 0.419048 0.402439 0.387931
threshold=4905.8414550000007 -0.052853448124659232 0.0064805137922651105 2.6858264410752821 0.0061286284166648308 4936.4695310887482 606.01499999999953 109869.79407500001 -446.0166576627816 118060.59399450503 118964.99500000001 1800.2747257500002 4308.7150095000006 -1734.839709920401 -3200.4979338083281 810.47500000000593 0.60273627699035359 1672.580000000002 1278.3853571428572 -0.0019133988002753228 -773.18576827840286 -317.03787829443974 1118.6253571428556 548.88500000000215 0.0039641515151363398 2872.4599575000007 228.27219315820551 103632.84000000001 -485.22485312449129 0.023055018646085969
decision_type=2 2 2 2 2 2 2 2 2 2 2 2 2 2 2 2 2 2 2 2 2 2 2 2 2 2 2 2 2 2
left_child=2 -2 9 4 -3 6 7 8 -6 -1 11 -4 16 -14 -15 -16 18 -18 19 20 21 -13 -22 24 -21 26 -26 -8 29 -17
right_child=1 3 10 -5 5 -7 27 -9 -10 -11 -12 12 13 14 15 28 17 -19 -20 23 22 -23 -24 -25 25 -27 -28 -29 -30 -31
leaf_value=0.00015504410825916131 -0.00058262700993843132 -0.00033144882762741764 -0.00033766038579771012 0.00019711239402213531 -0.00086100076709871235 9.7955929542671669e-05 0.00017628684195929498 0.00010096660231806886 -0.00019545615050364134 -0.00022450073158737546 -0.00024105573679483288 0.00012237220479325875 0.00013265210497263123 -0.00038249065910233129 -0.00020808656019460992 7.3545303917901738e-05 -0.00030336378576055809 9.9806890761818323e-06 0.0001774585823036905 0.00019379463267108691 0.00022868156435142594 -0.00041707633163660007 -7.53849497532521e-05 -0.00028811554736139593 0.00015644172243587054 0.00013443857949893312 -0.00021340809571650915 -0.00028448825889586206 9.8242497442732526e-05 -8.4643790227413747e-05
leaf_weight=430 35 21 28 40 22 45 22 27 38 30 37 27 33 27 20 29 34 29 225 148 48 31 22 26 20 43 20 20 33 20
leaf_count=430 35 21 28 40 22 45 22 27 38 30 37 27 33 27 20 29 34 29 225 148 48 31 22 26 20 43 20 20 33 20
internal_value=3.0675e-05 -0.00444444 0.000919118 -0.00287234 -0.00423077 -0.00304598 -0.00546512 -0.00821839 -0.0125 0.00293478 -0.000111111 0.000191194 0.000449102 -0.00271605 -0.00468992 -0.00186274 0.001211 -0.00373016 0.00172131 0.000584416 -0.0028125 -0.00706897 0.000714286 0.00227626 0.00305195 0.000180723 -0.00375 0.000238095 0.000731707 -0.00214286
internal_weight=1630 270 1360 235 195 174 129 87 60 460 900 863 835 162 129 102 673 63 610 385 128 58 70 257 231 83 40 42 82 49
internal_count=1630 270 1360 235 195 174 129 87 60 460 900 863 835 162 129 102 673 63 610 385 128 58 70 257 231 83 40 42 82 49
is_linear=0
shrinkage=0.05


Tree=2
num_leaves=31
num_cat=0
split_feature=24 23 41 3 22 7 20 24 24 15 40 40 41 19 22 4 13 36 22 5 41 28 22 22 36 16 17 9 19 23
split_gain=2.00363 1.53096 1.20283 1.10205 1.15874 1.26061 0.946746 0.879343 1.46337 1.09291 0.842075 1.25941 1.07545 1.05695 0.828408 0.757576 1.14512 0.755832 0.750943 0.592414 0.972549 1.40833 0.372884 0.849182 0.351172 0.568505 0.593867 0.853333 0.342979 0.475586
threshold=2495.9037352000005 0.71519739459066234 139.7775830566417 118964.99500000001 4200.7646187500004 0.0097091301888906703 326.44499999999977 4776.4251401600004 2956.4949846600007 0.0075259545105540518 -1989.862514541084 -928.98122778722598 -1726.9224821160985 810.47500000000593 5612.4744018750007 8499.7016850000018 -0.017386340519286687 1524.6428086006856 1800.2747257500002 -0.0050461128011216423 -317.03787829443974 -73.624932667618836 3472.7686117500007 3358.8591697500001 1177.470929724441 0.0050785404321113956 0.0064805137922651105 0.00057696088477359267 604.64499999999691 -0.19560712103812986
decision_type=2 2 2 2 2 2 2 2 2 2 2 2 2 2 2 2 2 2 2 2 2 2 2 2 2 2 2 2 2 2
left_child=24 3 7 4 18 10 -5 8 9 -3 -6 12 -12 -13 -14 16 -10 -4 -2 20 -20 -22 23 28 25 -1 -27 -28 -21 -30
right_child=1 2 17 6 5 -7 -8 -9 15 -11 11 13 14 -15 -16 -17 -18 -19 19 22 21 -23 -24 -25 -26 26 27 -29 29 -31
leaf_value=-0.00037042421018349155 -0.0002325497815148711 -0.00040040719978418212 -0.00019855958066273719 -0.00040246504460832188 0.0002643139809102595 0.00012100839253760647 7.7162158877514109e-05 0.00025181635375353312 -0.00082638955522975417 7.6043294575819172e-05 -5.725906518809982e-05 -0.00018709790519410273 -0.00052718552612055305 6.3505658067124741e-05 -0.00054381543395397173 -0.00023605846955337788 -0.00019916422055465575 8.0277468713660634e-05 0.00016620207017316782 0.00019153788329963597 -0.00047577874496759488 0.00014197644265367436 0.00018777722673233015 -0.00020367571745852562 0.00016987110542267784 0.00021440837781119455 0.00014502123444955431 -0.00027734249263164308 -1.4978667195442824e-06 0.00011292225885404279
leaf_weight=23 25 30 36 27 20 54 22 20 23 31 22 21 20 66 27 22 21 69 31 117 30 24 141 31 242 112 30 20 155 118
leaf_count=23 25 30 36 27 20 54 22 20 23 31 22 21 20 66 27 22 21 69 31 117 30 24 141 31 242 112 30 20 155 118
internal_value=0.000184049 -0.000860349 -0.0043254 5.7834e-05 0.000454546 -0.0026087 -0.0072449 -0.0072449 -0.00877953 -0.00319672 -0.00465909 -0.00589744 -0.010942 -0.00189655 -0.0152128 -0.0139394 -0.0177273 -0.000238095 0.00150298 0.00183153 -0.00205882 -0.00611111 0.00241993 0.00167458 0.00312646 0.00148649 0.00253086 -0.002 0.00230769 0.001337
internal_weight=1630 1203 252 951 902 230 49 147 127 61 176 156 69 87 47 66 44 105 672 647 85 54 562 421 427 185 162 50 390 273
internal_count=1630 1203 252 951 902 230 49 147 127 61 176 156 69 87 47 66 44 105 672 647 85 54 562 421 427 185 162 50 390 273
is_linear=0
shrinkage=0.05


Tree=3
num_leaves=31
num_cat=0
split_feature=4 13 17 3 25 42 38 22 22 19 21 39 23 41 36 0 17 25 11 11 7 36 22 30 17 25 7 36 16 24
split_gain=1.77451 1.1964 1.12967 0.767363 0.692502 0.77509 0.944845 0.684746 0.656021 1.04441 1.29679 0.692579 1.13227 0.781291 1.73428 1.70704 0.721768 1.01102 0.652381 1.17644 0.827727 0.523188 0.612813 0.504365 0.354437 0.835625 0.32488 0.323618 0.679514 0.596634
threshold=4905.8414550000007 -0.052853448124659232 0.0064805137922651105 118964.99500000001 2.9271690851299472 459.11332137407243 66.654643154399977 1800.2747257500002 4308.7150095000006 961.08000000000186 246.59500000000119 1278.3853571428572 -0.71161693244935453 -463.26067439352863 -1035.284725903766 91420.145000000004 0.0071130199607111625 0.03095621992455248 0.0099369764027755752 -0.0085123637624122169 -0.0052416816017056885 6517.3921408426986 2950.7888680000001 118060.59399450503 0.0097764172674948604 -0.24906662214957162 -0.005308769298989254 431.23382098504231 0.005155925758948336 2530.2499399000003
decision_type=2 2 2 2 2 2 2 2 2 2 2 2 2 2 2 2 2 2 2 2 2 2 2 2 2 2 2 2 2 2
left_child=2 -2 23 7 5 6 18 -4 11 10 -10 12 26 -14 15 -15 17 -16 19 20 -3 -18 -23 27 -11 -26 -9 28 -1 -30
right_child=1 4 3 -5 -6 -7 -8 8 9 24 -12 -13 13 14 16 -17 21 -19 -20 -21 -22 22 -24 -25 25 -27 -28 -29 29 -31
leaf_value=-0.00038103782042738313 -0.00055017383935954405 3.0812457623384969e-05 -0.00030663201649571293 -0.00020887969772467519 0.00022072707200008113 8.9552147074279526e-05 -0.0003001039701753717 -2.5136917341197705e-05 3.9064947485280105e-05 8.4466554915256704e-05 -0.00030991474422235968 0.00015842772869211326 0.0001341965057718733 -8.4166110226834493e-06 2.8254993062428907e-05 -0.00064522967282686485 0.00010246268378111469 -0.00018920600813133231 8.3037403523410647e-05 -0.0007860864533557855 -0.00040539526957623266 -0.00031325736904655151 5.6459647073899179e-05 -0.00019564318078023709 2.9313874531760643e-05 -0.00029993380547116199 0.00017706610401535268 0.0001601064968738522 0.00020744870296992665 -5.9105631556850807e-05
leaf_weight=21 35 61 28 37 29 25 32 21 29 32 30 237 69 25 31 32 69 21 33 35 20 22 24 30 51 20 122 292 97 20
leaf_count=21 35 61 28 37 29 25 32 21 29 32 30 237 69 25 31 32 69 21 33 35 20 22 24 30 51 20 122 292 97 20
internal_value=0.000184049 -0.00351852 0.000919118 -0.000111111 -0.00223404 -0.00325243 -0.00439226 0.000191194 0.000449102 -0.00240741 -0.00771186 0.0011367 -4.58714e-05 -0.00182594 -0.00325893 -0.0107895 -0.000688623 -0.00557692 -0.00271812 -0.00448276 -0.00117284 0.00152174 -0.0026087 0.00293478 0.000631068 -0.00133803 0.0036014 0.00337209 0.00137681 0.00286325
internal_weight=1630 270 1360 900 235 206 181 863 835 162 59 673 436 293 224 57 167 52 149 116 81 115 46 460 103 71 143 430 138 117
internal_count=1630 270 1360 900 235 206 181 863 835 162 59 673 436 293 224 57 167 52 149 116 81 115 46 460 103 71 143 430 138 117
is_linear=0
shrinkage=0.05


Tree=4
num_leaves=31
num_cat=0
split_feature=24 20 39 19 25 40 22 9 20 20 24 2 0 3 17 41 21 20 41 27 36 25 42 25 36 17 9 16 36 22
split_gain=1.72895 1.30465 1.77372 1.01647 0.970913 0.877076 0.7822 1.98215 0.94489 1.15715 0.8985 0.815711 0.695961 0.96385 1.21166 2.00116 1.25469 0.693749 1.02915 0.802222 0.546577 1.28641 0.526616 0.360016 0.40118 0.439343 0.773244 0.578771 0.325371 0.473485
threshold=2495.9037352000005 904.52500000000157 1355.7617857142855 676.08499999999924 -0.91944313311298653 -277.57779198803468 5612.4744018750007 0.012017496923981793 337.08499999999918 313.75000000000006 4454.9336906000008 118068.45000000003 115200.06500000002 104997.03500000002 0.0081503232464034889 -578.94800713605207 399.12000000000268 226.15000000000148 419.97731453680063 84267.872000000018 1670.1818020254361 0.85974016222647576 -311.38458533023834 1.8626090626955694 1177.470929724441 0.0064805137922651105 0.00057696088477359267 0.0050785404321113956 -5946.3103628546296 4688.7311857500008
decision_type=2 2 2 2 2 2 2 2 2 2 2 2 2 2 2 2 2 2 2 2 2 2 2 2 2 2 2 2 2 2
left_child=23 3 -3 22 -5 -4 8 10 9 11 -8 12 13 17 15 -15 -17 19 -19 -6 21 -10 -2 24 25 27 -27 -1 29 -21
right_child=1 2 5 4 6 -7 7 -9 20 -11 -12 -13 -14 14 -16 16 -18 18 -20 28 -22 -23 -24 -25 -26 26 -28 -29 -30 -31
leaf_value=-0.0002163118284458028 -0.00024410513992346512 -0.00068020928288128554 -0.00023070150184775168 -0.00023218360316427651 -0.00023215778353393812 0.00033896587369180065 -0.00012930075506173061 0.00010840852105439928 9.428062958311684e-05 -0.00044930041200635733 -0.00051417847843468988 -0.00016714557605800026 0.00024842739372725784 9.6748661235824805e-05 7.310839708239651e-05 -0.00030550747996381869 -0.00040821917650948799 2.6790430082371124e-05 -0.00016450922686103546 -0.00016544017964613671 0.00013018159241151532 -0.00065245785526461765 0.00013895381904257585 -2.4857398147240681e-05 0.00016334844872312973 0.00010945445614858775 -0.00026380081295505361 0.00018993465302175768 0.00013633609403561174 0.00021610443526268015
leaf_weight=21 20 20 21 21 20 22 25 32 138 27 37 23 50 30 74 28 23 30 23 24 119 39 201 26 225 26 20 109 136 20
leaf_count=21 20 20 21 21 20 22 25 32 138 27 37 23 50 30 74 28 23 30 23 24 119 39 201 26 225 26 20 109 136 20
internal_value=0.000276074 -0.000694098 -0.00769841 -0.000307017 -0.00103917 -0.00197674 -0.000790646 -0.00510638 -0.000286069 -0.00159449 -0.0103226 -0.00102911 -0.000567685 -0.00125 -0.00435484 -0.00858025 -0.0146078 0.000652174 -0.00443396 0.002 0.00195946 0.00019774 0.00273756 0.00300937 0.00337905 0.00159091 -0.0026087 0.00307692 0.00305556 -0.000681818
internal_weight=1630 1203 63 1140 919 43 898 94 804 508 62 481 458 408 155 81 51 253 53 200 296 177 221 427 401 176 46 130 180 44
internal_count=1630 1203 63 1140 919 43 898 94 804 508 62 481 458 408 155 81 51 253 53 200 296 177 221 427 401 176 46 130 180 44
is_linear=0
shrinkage=0.05


Tree=5
num_leaves=31
num_cat=0
split_feature=24 9 3 20 36 24 9 0 34 0 20 21 7 7 15 41 30 2 20 15 24 1 39 7 15 15 25 36 17 9
split_gain=1.36266 0.948085 0.811026 0.853164 0.843088 0.741763 0.822358 0.637805 0.68447 1.33571 1.28863 1.3054 0.981172 1.56573 0.82672 0.563605 0.794066 0.509091 0.607032 1.11777 0.503906 0.534181 0.520721 0.500947 0.494828 0.640021 0.360016 0.40118 0.439343 0.773244
threshold=2495.9037352000005 -0.034130370145373533 118964.99500000001 326.44499999999977 94.983410264227146 2609.0327381300008 -0.0021460009830904293 113304.40500000001 112367.01139295833 91243.36500000002 79.199999999997104 140.33499999999916 -0.0055049303223986086 0.0078685933864206178 0.0095445139795716765 -380.72841996457811 110466.28987416872 83687.915000000023 406.43000000000035 0.0097679253752820678 3722.0393017000001 85892.050000000017 1155.0571428571432 -0.0022186728326724762 0.0079015267900579018 0.0061065482429933518 1.8626090626955694 1177.470929724441 0.0064805137922651105 0.00057696088477359267
decision_type=2 2 2 2 2 2 2 2 2 2 2 2 2 2 2 2 2 2 2 2 2 2 2 2 2 2 2 2 2 2
left_child=26 -2 4 -4 7 6 -6 8 9 17 -11 -12 -13 14 -14 -10 -17 18 19 -3 -7 -22 -23 -24 25 -19 27 28 -1 -30
right_child=1 2 3 -5 5 20 -8 -9 15 10 11 12 13 -15 -16 16 -18 24 -20 -21 21 22 23 -25 -26 -27 -28 -29 29 -31
leaf_value=0.00016080714324716064 -0.00046237021632391595 0.00020697719085705697 -0.00026363273806775435 7.2054630486518034e-06 -0.00029706135126524703 7.8848593571033187e-05 0.00010204279920881248 -0.00023624343346039984 0.00012835483826706648 9.8778043623852776e-05 -0.00091458094871124218 2.6338884471976695e-05 -0.00034138838896786516 0.00010777657423270005 -0.00050075198888169768 0.00026279139205447115 -0.00023006841060713141 0.00030613584388158616 0.00011578752108700579 -0.00042497592719407235 0.00015272501094242734 -0.00030587457606317782 -6.1959799513626684e-05 2.8210806991216526e-05 0.00017665770984603206 -0.0002351141404348725 -2.3614528239878659e-05 0.00015518102628697323 0.00010398173334115835 -0.00025061077230730092
leaf_weight=130 33 31 30 31 21 388 20 36 111 25 21 39 21 21 27 31 26 25 29 20 28 20 22 32 82 33 26 225 26 20
leaf_count=130 33 31 30 31 21 388 20 36 111 25 21 39 21 21 27 31 26 25 29 20 28 20 22 32 82 33 26 225 26 20
internal_value=0.000582822 -0.00027847 -4.27349e-05 -0.00565574 0.000266006 0.00170433 -0.0047561 -0.00105536 -0.000627306 -0.00181818 -0.00538961 -0.0074031 -0.00518518 -0.00876812 -0.01375 0.00202381 -0.00201754 0.000681818 -0.0025 -0.00578431 0.0022449 -0.000882353 -0.00310811 -0.000555555 0.0025 -0.00103448 0.00300937 0.00337905 0.00159091 -0.0026087
internal_weight=1630 1203 1170 61 1109 531 41 578 542 374 154 129 108 69 48 168 57 220 80 51 490 102 74 54 140 58 427 401 176 46
internal_count=1630 1203 1170 61 1109 531 41 578 542 374 154 129 108 69 48 168 57 220 80 51 490 102 74 54 140 58 427 401 176 46
is_linear=0
shrinkage=0.05


Tree=6
num_leaves=31
num_cat=0
split_feature=4 31 38 19 22 19 32 28 20 5 15 15 39 18 42 19 30 36 41 5 4 7 40 35 16 15 11 35 19 1
split_gain=1.53735 1.11808 1.77963 0.927911 0.888933 1.19395 0.866605 0.847339 0.764282 1.01234 1.08559 0.93278 0.883678 0.696773 0.509804 0.409029 0.370315 0.400611 1.08662 0.780793 0.461272 0.809734 0.480159 0.317332 0.236858 0.530643 0.72803 0.226839 0.48 0.225
threshold=4187.2513400000007 118425.64960000002 47.649100913850639 1392.9749999999988 4322.9892465000012 792.69499999999255 -3281.0313959130285 1426.4999368336869 205.28500000000352 -0.007831738599554933 0.010898273720035658 0.0077331918604404285 1241.7303571428567 -1075.7150000000108 -213.43409281637847 587.91500000000099 118060.59399450503 94.983410264227146 -463.26067439352863 -0.0045779932322775963 1974.2406500000002 0.00093385204524552054 -216.5888712140804 96071.694000000018 0.0070556144111581622 0.0072326952195400423 0.0090851819566976442 91672.429175000012 427.70999999999918 105425.50000000001
decision_type=2 2 2 2 2 2 2 2 2 2 2 2 2 2 2 2 2 2 2 2 2 2 2 2 2 2 2 2 2 2
left_child=1 4 14 7 13 -6 -7 -2 -5 10 -10 12 -11 -1 -3 27 17 18 -17 -20 21 29 -22 -13 25 -19 -27 28 -15 -21
right_child=3 2 -4 8 5 6 -8 -9 9 11 -12 23 -14 15 -16 16 -18 24 19 20 22 -23 -24 -25 -26 26 -28 -29 -30 -31
leaf_value=-0.00015910007109731816 -0.00040136682737294523 0.00028186585215879314 -0.00042945943101240332 7.5606109794003419e-05 -0.0001890486522742815 -0.0002492123564364052 6.6528029053342683e-05 -7.9716557777881653e-06 -2.8497208885783797e-05 -3.5569337555808134e-06 -0.00086564312672899333 -8.6868958879467184e-06 -0.00031733642331287145 -0.00027885753744718368 -0.0001303824683323298 0.0001298567574867594 -0.00016582567176171443 8.9445169720659993e-05 -0.00027309126605874046 0.00020693307195611096 -0.00030928044931551366 -0.00035921069533021376 0.0001619240704054178 0.00010884151000727359 0.00017113512217716009 -0.00011955206890847978 4.0669210259670758e-05 0.00018313645113431681 0.00011911939005483145 -0.00017828080732410932
leaf_weight=28 21 26 20 84 27 36 67 30 38 29 26 38 25 20 25 155 20 250 32 20 21 31 63 63 136 20 24 205 30 20
leaf_count=28 21 26 20 84 27 36 67 30 38 29 26 38 25 20 25 155 20 250 32 20 21 31 63 63 136 20 24 205 30 20
internal_value=0.000429448 0.00123824 -0.00485915 -0.00248588 0.00159751 -0.00230769 0.000145631 -0.00872549 -0.00143564 -0.00299087 -0.00828125 -0.000806451 -0.00611111 0.00206977 9.80394e-05 0.00227794 0.00171717 0.00189119 0.000614035 -0.00195187 -0.000483871 -0.0034507 0.00202381 0.0020297 0.00290698 0.00210884 -0.00295455 0.00401961 0.001 0.00125
internal_weight=1630 1276 71 354 1205 130 103 51 303 219 64 155 54 1075 51 1047 792 772 342 187 155 71 84 101 430 294 44 255 50 40
internal_count=1630 1276 71 354 1205 130 103 51 303 219 64 155 54 1075 51 1047 792 772 342 187 155 71 84 101 430 294 44 255 50 40
is_linear=0
shrinkage=0.05


Tree=7
num_leaves=31
num_cat=0
split_feature=4 22 19 19 0 31 36 41 18 40 9 4 39 9 25 19 20 38 19 21 23 15 19 24 39 16 23 0 23 28
split_gain=1.35503 0.980249 1.25024 0.95258 0.739761 0.819687 0.648268 0.699793 0.952381 1.00218 1.06973 0.922835 1.41324 0.668518 0.609982 0.888966 0.935184 0.797607 1.02587 0.690947 1.12247 0.437665 0.584384 0.361011 0.654762 0.342857 0.2849 0.278102 0.270531 0.253262
threshold=4187.2513400000007 5010.6724057500005 961.08000000000186 1273.4199999999985 118792.03000000001 117747.27960000002 1313.4951850833461 -463.26067439352863 -269.98999999999791 543.83919696156238 -0.013098196666294694 1828.6375950000004 1162.2442857142862 0.016098409611034897 2.9271690851299472 3192.8400000000042 256.36499999999802 75.671002462101768 1866.6250000000002 648.20500000000186 1.1403084445977998 0.0045075818491559358 622.79499999999837 3722.0393017000001 1169.774642857142 0.0072164122040082965 -0.65695356703968011 114268.395 0.35179666209757465 505.08672576685791
decision_type=2 2 2 2 2 2 2 2 2 2 2 2 2 2 2 2 2 2 2 2 2 2 2 2 2 2 2 2 2 2
left_child=1 4 -3 -2 6 -6 7 27 9 10 -9 -12 -13 21 15 16 25 18 -18 20 -20 22 -10 -8 -25 -5 -4 -1 29 -23
right_child=3 2 26 14 5 -7 23 8 13 -11 11 12 -14 -15 -16 -17 17 -19 19 -21 -22 28 -24 24 -26 -27 -28 -29 -30 -31
leaf_value=0.00011821382110748593 -0.00035868029404084891 -0.00023765843059571202 0.00013614738436512269 -4.2935220337772504e-05 0.00014824693022983884 -0.00029404412713659924 0.00011814974726539316 0.00013068386557256784 0.00020107925904879549 9.001300518774011e-05 -9.4273285254867873e-05 -0.00046637765602717759 -0.0001681030140518142 -0.00058116789275539354 0.00023446311771980392 -0.00050668452511576031 9.3137956232759776e-05 -0.00010001717134038818 -0.00029392858454607717 1.5449987721193881e-05 -0.00085822314296061868 0.00021818312028899249 -0.00031060155034191329 -0.00011357446546305579 0.00019783115241317836 0.00016559887196005766 -1.1271973074159694e-05 -0.00011133336250013612 -0.00029985193679362538 1.5759759854355654e-05
leaf_weight=223 33 34 25 20 37 38 452 22 25 23 22 21 20 20 35 25 59 24 34 34 26 118 23 20 22 64 27 20 20 64
leaf_count=223 33 34 25 20 37 38 452 22 25 23 22 21 20 20 35 25 59 24 34 34 26 118 23 20 22 64 27 20 20 64
internal_value=0.000674847 0.00143417 -0.00372093 -0.00206215 0.00180672 -0.003 0.00213004 0.00105475 -0.000291005 -0.00425926 -0.00676471 -0.0100794 -0.0145122 0.0012963 -0.00123053 -0.00199301 -0.00113027 -0.00319209 -0.00186274 -0.00510638 -0.00833333 0.002 -0.00229167 0.00348178 -0.000952381 0.00321429 0.00115385 0.00314815 0.0030198 0.00362637
internal_weight=1630 1276 86 354 1190 75 1115 621 378 108 85 63 41 270 321 286 261 177 153 94 60 250 48 494 42 84 52 243 202 182
internal_count=1630 1276 86 354 1190 75 1115 621 378 108 85 63 41 270 321 286 261 177 153 94 60 250 48 494 42 84 52 243 202 182
is_linear=0
shrinkage=0.05


Tree=8
num_leaves=31
num_cat=0
split_feature=24 9 20 22 19 38 22 19 23 38 20 13 20 35 7 13 23 24 19 16 24 9 2 9 36 16 17 9 30 26
split_gain=1.43243 0.92932 0.721896 0.803613 0.760184 0.629873 0.616406 1.70801 0.735397 1.15137 0.89369 0.842062 0.841584 0.66622 0.693572 0.813154 0.6075 0.883205 0.523296 0.442252 0.503212 0.429137 0.368414 0.305753 0.302814 0.568505 0.593867 0.853333 0.261174 0.364008
threshold=2495.9037352000005 -0.034130370145373533 49.795000000005537 1800.2747257500002 3372.8249999999975 25.810165477697549 5223.0345375000006 961.08000000000186 -0.35011574704707299 37.864794390132502 190.4749999999913 -0.025427270329277777 68.284999999996231 115544.98822500001 0.01493058751489903 0.026701744053660392 -0.41337575929866183 4776.4251401600004 810.47500000000593 0.0065383633928285927 3384.9370041700008 -0.00070818956332596662 118487.73500000002 0.010301592509669931 1177.470929724441 0.0050785404321113956 0.0064805137922651105 0.00057696088477359267 110847.42829401859 109020.83086506205
decision_type=2 2 2 2 2 2 2 2 2 2 2 2 2 2 2 2 2 2 2 2 2 2 2 2 2 2 2 2 2 2
left_child=24 -2 23 -4 5 -5 8 -8 12 10 -10 -12 -7 14 18 -16 -9 -18 -11 20 21 -20 28 -3 25 -1 -27 -28 29 -14
right_child=1 2 3 4 -6 6 7 16 9 13 11 -13 22 -15 15 -17 17 -19 19 -21 -22 -23 -24 -25 -26 26 27 -29 -30 -31
leaf_value=-0.0002958886952310952 -0.00039458169241592367 0.00010694657435318314 -0.00026589731790107799 0.00015531817535318018 -0.0004561438459686931 -0.00026239000688128752 -0.00024125950096388202 7.1454351610885546e-05 -0.00041421954548120324 -8.658758058749929e-05 0.00011424141371379538 -0.00029704446063999571 0.00010059148736959432 -0.00026756481193062492 -0.00039374878442702721 9.5233944225311181e-06 9.291472796229549e-05 -0.00035922738598702516 -0.00012802378377269847 0.00013061701034272543 -0.00014988108440162055 0.00011700727781683657 -0.00017180636621958224 -3.5521420848189164e-05 0.00012540559565428779 0.00017316422974981196 0.00010939242072103312 -0.00020375209761375884 0.00014375454481095975 -0.00016258194907556412
leaf_weight=23 33 121 29 73 20 24 24 30 33 31 21 26 227 22 29 28 24 26 32 144 20 39 22 20 242 112 30 20 84 21
leaf_count=23 33 121 29 73 20 24 24 30 33 31 21 26 227 22 29 28 24 26 32 144 20 39 22 20 242 112 30 20 84 21
internal_value=0.000521473 -0.000361596 -0.000128205 -0.000587949 -0.00035 -0.000153061 -0.000512679 -0.00413462 -4.35864e-05 -0.00147059 -0.006875 -0.00244681 0.00156085 -0.000217391 0.000356037 -0.00464912 -0.000625 -0.004 0.00142857 0.00223404 -0.000494505 0.00147887 0.00217514 0.00322695 0.00300937 0.00148649 0.00253086 -0.002 0.00259036 0.00177419
internal_weight=1630 1203 1170 1029 1000 980 907 104 803 425 80 47 378 345 323 57 80 50 266 235 91 71 354 141 427 185 162 50 332 248
internal_count=1630 1203 1170 1029 1000 980 907 104 803 425 80 47 378 345 323 57 80 50 266 235 91 71 354 141 427 185 162 50 332 248
is_linear=0
shrinkage=0.05


Tree=9
num_leaves=31
num_cat=0
split_feature=17 9 20 16 13 38 13 34 19 22 20 0 18 22 16 9 17 13 32 16 2 2 4 30 16 27 11 9 9 18
split_gain=1.12378 0.827902 0.637296 0.541981 0.660318 1.05194 0.727273 1.2349 0.536189 1.39642 1.1759 1.25217 0.77702 1.80247 0.551776 0.544056 0.525 0.503337 1.06996 0.951452 0.593096 0.509697 0.473485 0.334683 0.323349 0.290935 0.6674 0.396932 0.823983 0.271928
threshold=0.0073281210640812134 -0.034130370145373533 873.06500000000244 0.0047694502212478071 -0.029051743761519099 39.311938279985768 -0.019364397933557927 105481.56727196078 968.31499999999517 5010.6724057500005 138.25000000000003 109696.66500000002 812.75500000000477 3472.7686117500007 0.0065383633928285927 0.0030392332308423801 0.011494042424874481 -0.022163068593065442 -2395.0259680737431 0.0072349199196361435 119202.60000000002 121517.00500000002 2702.4275400000001 91099.885757567201 0.0070130318518707548 105008.76575000001 0.0099369764027755752 -0.0058372660737650408 -0.0087158043664567839 -553.05500000000018
decision_type=2 2 2 2 2 2 2 2 2 2 2 2 2 2 2 2 2 2 2 2 2 2 2 2 2 2 2 2 2 2
left_child=2 -2 17 -3 16 6 7 -6 9 10 -7 15 14 -14 -10 23 -5 18 -1 -20 24 -22 -8 -12 25 26 -19 28 -27 -29
right_child=1 3 -4 4 5 8 22 -9 12 -11 11 -13 13 -15 -16 -17 -18 20 19 -21 21 -23 -24 -25 -26 27 -28 29 -30 -31
leaf_value=0.00021336391975202947 -0.00037432978654774345 0.00015820430345384027 -0.00011606645820328827 0.00013462104151704869 -1.8586072324994004e-05 7.4837608708253075e-05 -0.00021066392091517922 -0.00060122275077425938 -0.00014243970924848057 -0.00026510003819464237 0.00017259339784511207 -0.00024698699774575313 -0.00056018870402898874 5.4379552237208371e-05 0.00011673017540524288 -0.00010118056888951012 -0.00035695642932616291 8.2444924635088532e-05 -0.00033098095886431193 6.0896928679416199e-05 -0.00010941469442907061 0.00015736712173335858 0.00015827701871158338 -0.00016024823745616965 0.00018285462453663918 6.9248471304512505e-05 -0.00015979703368720235 -9.1924855534823713e-05 -0.00041591513644921715 0.00013961183576989821
leaf_weight=46 34 46 22 120 21 66 20 23 26 20 31 23 26 50 211 35 20 77 20 21 30 25 24 26 171 41 25 24 23 283
leaf_count=46 34 46 22 120 21 66 20 23 26 20 31 23 26 50 211 35 20 77 20 21 30 25 24 26 171 41 25 24 23 283
internal_value=0.000705522 -0.000596107 0.0020297 -0.000266497 -0.000592992 -0.00131229 -0.00636364 -0.0109091 -0.000447471 -0.00246269 -0.00107735 -0.00413043 0.000846646 -0.00355263 0.00225738 -0.00152174 0.0025 0.00226463 -0.00132184 -0.00719512 0.00271102 -0.00227273 -0.00181818 0.00149123 0.00313665 0.002463 9.80394e-05 0.00311321 -0.00046875 0.00385993
internal_weight=1630 822 808 788 742 602 88 44 514 201 181 115 313 76 237 92 140 786 87 41 699 55 44 57 644 473 102 371 64 307
internal_count=1630 822 808 788 742 602 88 44 514 201 181 115 313 76 237 92 140 786 87 41 699 55 44 57 644 473 102 371 64 307
is_linear=0
shrinkage=0.05


Tree=10
num_leaves=31
num_cat=0
split_feature=19 9 24 25 19 38 11 9 7 22 25 25 20 35 0 24 24 22 20 24 13 28 23 16 19 19 36 16 17 27
split_gain=1.11871 0.93523 0.636942 0.676988 0.680193 0.510205 0.605224 0.894436 1.38846 0.948517 0.65899 1.40847 0.692677 0.689375 0.525622 0.471977 0.765631 0.530303 0.914286 0.432143 0.419299 0.668605 0.329252 0.393496 0.297438 0.914286 0.297013 0.646503 0.57778 0.21296
threshold=587.91500000000099 -0.034130370145373533 2461.8702737000003 -0.978146853078106 3372.8249999999975 25.810165477697549 0.0088476396011596143 0.010849832879613823 0.0069301357207792857 5612.4744018750007 0.95925422785146208 1.384088586048861 337.08499999999918 115544.98822500001 119256.13500000002 4104.8700432100004 3804.6009671500001 3231.4213612500002 213.05499999999304 3598.2217955000006 -0.01258388858813366 -929.67569726148929 -0.91045678452146739 0.0052561682513059286 1186.2350000000008 1350.9499999999973 1177.470929724441 0.0050785404321113956 0.0064805137922651105 83879.356750000021
decision_type=2 2 2 2 2 2 2 2 2 2 2 2 2 2 2 2 2 2 2 2 2 2 2 2 2 2 2 2 2 2
left_child=20 -2 26 -4 5 -5 7 9 -9 10 12 -12 13 15 22 16 17 24 -19 -10 21 -1 -8 -24 -7 -26 27 -3 -29 -25
right_child=1 2 3 4 -6 6 14 8 19 -11 11 -13 -14 -15 -16 -17 -18 18 -20 -21 -22 -23 23 29 25 -27 -28 28 -30 -31
leaf_value=0.00028019439346582605 -0.00035509047597297226 -0.00032686247559418364 -0.0002665613735270955 0.00013627494896348603 -0.00038555801753113169 9.4819279674774999e-05 -7.1105045694911392e-06 -0.00023681767535260252 6.820493827896307e-05 -0.00025144372911994851 -0.00036676784341777978 5.769789849730008e-05 0.00011388134376259942 -0.00046902031509671229 -6.0057226847947854e-05 0.00017632148027678534 -0.00026872961868228189 9.9799421477944106e-06 -0.00011035301183130588 -0.00033984790487761284 0.00014119166223743393 -0.00017124050297642659 -0.00017407599384574329 -7.0428873993927954e-05 -0.00051340382652593955 0.00025872946267159751 0.00011071032660854985 0.00014232152731964153 -0.00012330561708969834 5.4106380883331744e-05
leaf_weight=23 35 20 27 72 22 109 24 20 24 28 28 27 146 32 24 44 20 36 20 21 230 20 24 25 21 24 153 82 28 221
leaf_count=23 35 20 27 72 22 109 24 20 24 28 28 27 146 32 24 44 20 36 20 21 230 20 24 25 21 24 153 82 28 221
internal_value=0.000797546 0.000210022 0.000423601 -0.000149182 5.92887e-05 0.000252525 -6.53593e-05 -0.001 -0.00653846 -0.000327103 0.000167653 -0.005 0.00079646 -0.000555555 0.00169811 0.000255475 -0.000652174 0.000238095 -0.00392857 -0.00166667 0.00371795 -0.000813953 0.00227891 0.00277778 0.00175325 -0.00166667 0.0025265 0.000769231 0.00227273 0.00337398
internal_weight=1630 1357 1322 1039 1012 990 918 600 65 535 507 55 452 306 318 274 230 210 56 45 273 43 294 270 154 45 283 130 110 246
internal_count=1630 1357 1322 1039 1012 990 918 600 65 535 507 55 452 306 318 274 230 210 56 45 273 43 294 270 154 45 283 130 110 246
is_linear=0
shrinkage=0.05


Tree=11
num_leaves=31
num_cat=0
split_feature=9 20 24 5 22 20 20 4 39 39 23 4 17 36 20 11 41 22 22 17 24 15 11 21 9 28 21 27 9 16
split_gain=1.06408 0.934014 0.725631 0.485002 1.24877 0.457071 0.653105 1.08046 0.931283 1.80806 0.663265 0.996077 0.530603 0.508487 0.572727 0.519697 0.484559 0.528 0.788667 0.553086 0.878492 0.586675 0.465455 0.56484 0.431373 0.390388 0.640244 0.323239 0.317513 0.224381
threshold=-0.034130370145373533 1040.1549999999991 2295.0716436000007 -0.014124579776368815 3328.0292302500006 49.795000000005537 346.02999999999889 1515.2047800000003 1579.8628571428585 1667.825357142857 -0.345237419784931 2135.7770350000005 0.0098571776470055619 8262.5908936930591 77.409999999996231 0.0036846183353584521 -235.22341164276 3641.6116468250002 3251.8458565750002 0.007749319526973524 2992.3325880000007 0.0054322501665208462 -0.0056487989795356809 101.63999999999943 -0.00062801975029079255 -796.05692528685165 244.30499999999304 109009.54900000001 0.013014058145015535 0.0088808764376531492
decision_type=2 2 2 2 2 2 2 2 2 2 2 2 2 2 2 2 2 2 2 2 2 2 2 2 2 2 2 2 2 2
left_child=-1 2 25 4 -4 28 8 -8 10 -10 13 -12 -11 14 15 -7 27 18 19 20 21 -18 23 -16 -25 26 -2 -13 -5 -9
right_child=1 -3 3 5 -6 6 7 29 9 12 11 16 -14 -15 22 -17 17 -19 -20 -21 -22 -23 -24 24 -26 -27 -28 -29 -30 -31
leaf_value=-0.00033733595217432368 0.00022787823600606784 -0.00013785115684010669 8.992640793807341e-05 0.00010629806093333172 -0.0005210695275320148 -0.00018142887491224698 -0.00012270340379727662 8.7633186538629642e-05 -0.00020817214805231014 0.00013830954532673777 -0.0002676012892084988 0.00015203198801354338 -0.00032344467553544392 -8.8011757731198524e-06 -0.00039414754713120175 8.0394100608268505e-05 -0.00027893731796373145 3.0096458048842702e-05 -0.00056950779493775345 8.2404566217456282e-05 -0.00023511083214677035 0.00011424746747467962 0.00012908227793645007 0.00016880457909376691 -3.2776705215626217e-05 0.00011742388074270293 -0.00039784537033434866 -0.00023419874184082751 -0.00013934800877313711 3.6445538027087354e-05
leaf_weight=35 21 32 29 134 27 22 22 212 22 23 34 51 36 24 20 20 21 22 20 24 24 36 200 44 24 243 20 20 20 148
leaf_count=35 21 32 29 134 27 22 22 212 22 23 34 51 36 24 20 20 21 22 20 24 24 36 200 44 24 243 20 20 20 148
internal_value=0.000766871 0.000956113 0.00112924 0.00062158 -0.00392857 0.000829927 0.00046305 0.00212042 -0.000458515 -0.00549383 0.000214522 -0.00174603 -0.000932203 0.00161017 0.00212121 -0.00333333 -0.000504587 -0.00214286 -0.0034 -0.00166667 -0.00364198 -0.000263158 0.00291667 -0.000113636 0.00205882 0.00341549 -0.00109756 0.00288732 0.00337662 0.00277778
internal_weight=1630 1595 1563 1279 56 1223 1069 382 687 81 606 252 59 354 330 42 218 147 125 105 81 57 288 88 68 284 41 71 154 360
internal_count=1630 1595 1563 1279 56 1223 1069 382 687 81 606 252 59 354 330 42 218 147 125 105 81 57 288 88 68 284 41 71 154 360
is_linear=0
shrinkage=0.05


Tree=12
num_leaves=31
num_cat=0
split_feature=9 24 19 24 19 4 41 16 32 36 38 18 20 42 13 7 7 16 23 36 32 36 16 17 9 16 9 16 22 21
split_gain=1.08691 0.777979 0.729851 0.802944 0.450271 0.690195 0.601301 1.37143 0.480279 0.467556 0.668952 0.960243 0.754319 1.2015 1.00939 0.554358 0.900577 0.504364 0.502724 0.472363 0.435556 0.374801 0.522168 0.550298 0.814881 0.314027 0.433907 0.546896 1.00833 0.307193
threshold=-0.034130370145373533 2495.9037352000005 3372.8249999999975 2530.2499399000003 580.06500000000244 1669.5635550000002 -207.48826608165351 0.0065552441490760319 1661.4807796009629 -1441.6862473195504 28.22459325277757 -1466.4150000000006 379.37000000000268 -42.908141143824217 -0.031221392255850852 0.0013619076043429902 -0.0055049303223986086 0.0070556144111581622 0.98238596017319513 8262.5908936930591 1246.5487450688236 1177.470929724441 0.0050785404321113956 0.0064805137922651105 0.00057696088477359267 0.0068000042816894245 -0.0026067586585831015 0.0059591007227464887 2468.4246738500001 548.88500000000215
decision_type=2 2 2 2 2 2 2 2 2 2 2 2 2 2 2 2 2 2 2 2 2 2 2 2 2 2 2 2 2 2
left_child=-1 21 3 -3 8 6 7 -6 -5 10 -7 -12 13 14 -13 16 -15 19 -14 25 -8 22 -2 -24 -25 26 -11 28 -28 -19
right_child=1 2 -4 4 5 9 20 -9 -10 17 11 12 18 15 -16 -17 -18 29 -20 -21 -22 -23 23 24 -26 -27 27 -29 -30 -31
leaf_value=-0.00032046915456560753 -0.00025988654905595318 -0.0001765513945883551 -0.00034121476484716531 0.00014253103249509344 -0.00021665692565745262 9.5574732923840573e-05 0.00019467765614383629 2.2658348803685864e-05 -1.8537836957778708e-06 0.00022655551767807459 -0.00054264659145437802 6.1076422028227316e-05 0.0001052067116151541 0.00018059636930522593 -0.00070432539644828436 5.4338611078019505e-05 -0.00030656332791850332 4.5901967502398001e-05 -0.00023826476114268834 -9.0909011512836792e-05 -5.8155096179568516e-05 0.00010941226710518789 0.00014751716791104293 9.1206051596687108e-05 -0.00017663111352374854 -6.8612524546929574e-05 3.768424288979158e-06 0.00012783439562662817 -0.00024431946271513764 1.6683918392410517e-05
leaf_weight=35 23 27 22 124 20 65 45 28 25 65 21 21 109 30 38 52 33 189 20 21 30 242 112 28 20 28 40 46 20 51
leaf_count=35 23 27 22 124 20 65 45 28 25 65 21 21 109 30 38 52 33 189 20 21 30 242 112 28 20 28 40 46 20 51
internal_value=0.000858896 0.00105016 0.000384616 0.000557491 0.000762712 0.000370371 -0.00313008 -0.0075 0.00332215 0.000877503 -0.000398457 -0.00132716 -0.000610561 -0.00275862 -0.00855932 0.000217391 -0.00293651 0.00195652 0.00228682 0.000227273 -0.000333333 0.00288235 0.00117486 0.0021875 -0.00229167 0.0009799 0.00178363 -0.000188679 -0.00333333 0.00354167
internal_weight=1630 1595 1170 1148 1121 972 123 48 149 849 389 324 303 174 59 115 63 460 129 220 75 425 183 160 48 199 171 106 60 240
internal_count=1630 1595 1170 1148 1121 972 123 48 149 849 389 324 303 174 59 115 63 460 129 220 75 425 183 160 48 199 171 106 60 240
is_linear=0
shrinkage=0.05


Tree=13
num_leaves=31
num_cat=0
split_feature=4 34 38 25 9 19 19 20 40 32 13 36 20 4 0 36 31 41 21 2 41 32 15 15 11 19 9 21 23 25
split_gain=1.10106 0.802557 2.20435 0.801818 0.788674 0.76612 1.14424 0.689555 0.915326 0.7106 0.674043 0.612256 0.624058 0.667412 0.704973 0.651345 1.0002 0.820853 1.31287 1.0516 1.19431 0.760755 0.511984 1.18569 0.468141 0.6 0.382778 0.743034 0.372754 0.849175
threshold=4585.8198900000007 115837.38985589125 47.649100913850639 2.9271690851299472 -0.034130370145373533 1438.5149999999996 1973.7899999999938 205.28500000000352 -109.53280276553413 -3281.0313959130285 0.015119838228072583 431.23382098504231 536.61000000000797 1001.0367500000001 112931.62000000001 -1158.8265314554517 84486.713800000012 -463.26067439352863 89.224999999991283 91136.970000000016 -199.26706589443552 719.24248747024842 0.0072326952195400423 0.007575682717527136 0.0068861583511795168 956.41500000000099 0.0040808177072307042 240.51499999999945 0.65832233840270904 0.37074534893140376
decision_type=2 2 2 2 2 2 2 2 2 2 2 2 2 2 2 2 2 2 2 2 2 2 2 2 2 2 2 2 2 2
left_child=1 11 -3 4 -2 -6 -7 -8 9 -9 -10 12 13 -1 15 16 -15 26 -19 -20 -21 -22 28 -24 25 -25 -18 -28 -13 -30
right_child=3 2 -4 -5 5 6 7 8 10 -11 -12 22 -14 14 -16 -17 17 18 19 20 21 -23 23 24 -26 -27 27 -29 29 -31
leaf_value=0.0001461567805566657 -0.00058087466520388058 8.5950958771891986e-05 -0.00031083891487792246 0.00021574328523894941 -0.00012447956805174262 4.4526213148483943e-05 4.6767801542541034e-05 -0.00034805541743153308 0.0001461267145876672 -0.00058167755365505459 -0.0003686826001899198 8.9111465996649465e-05 0.00021897932924885019 -0.00029253343832827975 -0.00014283140609421807 0.00016550457760651071 0.00015585897440660712 -0.00056718180002578633 0.00012926106623706377 -0.00018727253492637188 0.00032951169460224182 -3.5200806839556167e-05 -5.6995404941971453e-05 -0.00014524407299116148 0.00013850751272789026 0.00011362169341287167 0.00015280686214305759 -0.00034488631998414197 -0.00017573699421541173 6.1828486260751206e-05
leaf_weight=56 20 60 32 36 31 78 42 21 22 25 25 430 67 21 36 68 99 28 47 20 28 25 23 24 85 40 30 38 24 49
leaf_count=56 20 60 32 36 31 78 42 21 22 25 25 430 67 21 36 68 99 28 47 20 28 25 23 24 85 40 30 38 24 49
internal_value=0.000736196 0.00135338 -0.00315217 -0.002 -0.00295455 -0.00217213 -0.00110329 -0.00388889 -0.00629032 -0.0113043 -0.00138298 0.00168821 0.000470693 -0.000141129 -0.000795454 -0.00019802 -0.00110119 -0.000396825 -0.00310811 -0.000833333 -0.00458904 -0.000660377 0.0027037 0.000348837 0.00197987 -0.00125 0.00200599 -0.000882353 0.00350895 0.00020548
internal_weight=1630 1330 92 300 264 244 213 135 93 46 47 1238 563 496 440 404 336 315 148 120 73 53 675 172 149 64 167 68 503 73
internal_count=1630 1330 92 300 264 244 213 135 93 46 47 1238 563 496 440 404 336 315 148 120 73 53 675 172 149 64 167 68 503 73
is_linear=0
shrinkage=0.05


Tree=14
num_leaves=31
num_cat=0
split_feature=9 19 19 2 22 19 4 18 19 36 0 16 20 34 15 18 25 21 21 21 20 16 19 4 21 22 11 4 9 16
split_gain=1.10998 0.752948 0.649531 0.678055 0.845166 0.567719 0.7857 0.595832 0.583865 0.505996 0.656583 0.446776 0.811101 1.28938 0.763405 0.589407 0.489342 0.414834 0.620606 0.598961 0.357509 0.336062 0.364426 1.0248 0.444922 0.317083 0.261194 0.168339 0.321406 0.150568
threshold=-0.034130370145373533 587.91500000000099 3372.8249999999975 119202.60000000002 3080.7282175750006 898.13499999999487 3064.1426600000004 527.76999999999691 1093.7900000000011 1177.470929724441 112931.62000000001 0.0070130318518707548 337.08499999999918 102707.81587339636 0.0049534956483041548 -1466.4150000000006 0.33232248522011626 275.76499999999947 380.3650000000053 82.375000000000014 661.15499999999895 0.0084514595780906792 1471.0749999999973 4041.7586350000006 191.98000000000323 3397.0163487500004 0.0071711281781806574 3050.9223150000003 0.003423054064970454 0.0091371316315927084
decision_type=2 2 2 2 2 2 2 2 2 2 2 2 2 2 2 2 2 2 2 2 2 2 2 2 2 2 2 2 2 2
left_child=-1 25 3 5 -5 6 7 9 27 10 17 12 13 -10 -15 -13 -16 19 -19 -3 -14 -17 23 26 -24 -2 -23 -7 -29 -26
right_child=1 2 -4 4 -6 8 -8 -9 11 -11 -12 15 20 14 16 21 -18 18 -20 -21 -22 22 24 -25 29 -27 -28 28 -30 -31
leaf_value=-0.0002758127494977892 0.00012767968258426709 -0.00030599643102172135 -0.00026487081718566192 -0.00010326853841311078 2.8914792681109958e-05 0.00010634906886012634 -0.00013796461557520149 -0.0001756701774091904 -0.00019457374392766648 9.2094683995237961e-05 -0.00012532645010220921 -0.00041872725257389027 0.00010447170421338538 -0.00035109729069230918 -9.165332161362058e-05 0.00013766960578928404 0.00013094556676244981 -0.00062427116670349056 1.404418289226221e-05 0.00014884949718660655 -0.0001289915961686839 -3.6402667438990193e-05 -0.00017409447170705673 -0.00031797288660121939 1.4499648794103273e-05 -2.8813146297629622e-06 3.7860100570302168e-05 5.8955804368299778e-05 -3.859452901743502e-06 0.00013720162318518332
leaf_weight=35 240 27 24 24 34 171 30 24 28 130 32 31 61 21 39 126 44 25 30 79 30 32 35 23 22 33 35 32 27 106
leaf_count=35 240 27 24 24 34 171 30 24 28 130 32 31 61 21 39 126 44 25 30 79 30 32 35 23 22 33 35 32 27 106
internal_value=0.00095092 0.0011442 0.00065053 0.000801233 -0.00448276 0.00104839 -0.000570292 0.000100865 0.0017555 0.000665635 -0.000958549 0.000971564 -0.000829596 -0.00333333 -0.000769231 0.00195122 0.00138554 0.000341615 -0.00318182 0.00216981 0.0028022 0.0024934 0.00144269 -0.00111111 0.00285276 0.0035348 0.00201493 0.00391304 0.00161017 0.00421875
internal_weight=1630 1595 1322 1298 58 1240 377 347 863 323 193 633 223 132 104 410 83 161 55 106 91 379 253 90 163 273 67 230 59 128
internal_count=1630 1595 1322 1298 58 1240 377 347 863 323 193 633 223 132 104 410 83 161 55 106 91 379 253 90 163 273 67 230 59 128
is_linear=0
shrinkage=0.05


Tree=15
num_leaves=31
num_cat=0
split_feature=4 16 28 19 31 38 42 17 22 42 18 2 1 2 11 21 11 32 9 11 20 27 27 42 20 9 25 13 15 4
split_gain=1.10117 0.89064 0.752523 0.711594 0.684075 0.823529 0.646168 0.572432 0.763033 1.76333 0.776397 0.450954 0.605991 0.520505 0.393048 1.01368 0.743548 0.346939 0.583987 0.507334 1.06522 0.333058 0.707654 0.779415 0.30303 0.257686 0.248452 0.228216 0.183981 0.496017
threshold=4605.9140450000004 0.0061432888865759335 -4271.6124888912518 1392.9749999999988 118425.64960000002 47.649100913850639 -201.24632351720979 0.0074132729798724708 3514.3681907500004 71.281286098207161 -1395.1149999999977 119202.60000000002 113691.98500000002 112098.60000000002 -0.0005689671804574415 25.059999999997675 -0.0012018453754983154 586.16612071861903 0.0057199022168125547 -0.0063643118705839921 221.72999999999595 95208.986000000019 89714.9035 -88.623974252045272 123.68500000000496 -0.021849584250580364 -1.0228868163598499 0.0023437831010404181 0.0056251126650320614 2622.8591200000005
decision_type=2 2 2 2 2 2 2 2 2 2 2 2 2 2 2 2 2 2 2 2 2 2 2 2 2 2 2 2 2 2
left_child=4 -2 -3 -4 11 6 -6 -5 9 -9 -10 12 13 14 15 -1 17 18 25 20 -19 22 24 -24 -16 -17 -23 -27 29 -28
right_child=1 2 3 7 5 -7 -8 8 10 -11 -12 -13 -14 -15 21 16 -18 19 -20 -21 -22 26 23 -25 -26 27 28 -29 -30 -31
leaf_value=-0.00028647417443676413 -0.00023486556638491969 -0.00044726885724727768 -8.6857546060796107e-05 0.00011436374719569505 0.00020029409018098435 -0.00029361821745402256 -6.4380307851775962e-05 7.4969274502417968e-05 -0.00040456120876545962 -0.00077864494708522122 0.00010905180053127412 -0.00010056340898840096 8.1234564234200068e-05 -0.0001091503411609127 -4.9372010142008197e-07 -0.00011155313424816229 -0.00019658767272981372 9.523551347575419e-05 -0.00015514182388315478 9.7279675449621542e-05 -0.0002132664313840117 2.7214493217389257e-06 7.7878295406477006e-05 -0.00025646117573835012 0.00010518612321668889 0.00013600735744160174 0.00010840575267611823 9.1580078889239512e-06 9.210093811208716e-05 -3.3002900656753727e-05
leaf_weight=35 25 24 27 56 29 21 22 30 20 20 92 33 274 22 32 22 24 23 35 44 23 22 26 38 88 191 106 28 178 20
leaf_count=35 25 24 27 56 29 21 22 30 20 20 92 33 274 22 32 22 24 23 35 44 23 22 26 38 88 191 106 28 178 20
internal_value=0.000797546 -0.00197279 -0.00113383 -0.000306122 0.00140719 -0.00333333 9.80394e-05 0.000642202 -0.000864197 -0.006 0.00142857 0.00167722 0.00183184 0.00123824 0.00141711 0.000294118 0.00102564 0.0015847 0.00246377 -0.00111111 -0.00478261 0.00235294 0.000652174 -0.00359375 0.00291667 0.00334025 0.00331288 0.00385845 0.00368421 0.00222222
internal_weight=1630 294 269 245 1336 72 51 218 162 50 112 1264 1231 957 935 425 390 366 276 90 46 510 184 64 120 241 326 219 304 126
internal_count=1630 294 269 245 1336 72 51 218 162 50 112 1264 1231 957 935 425 390 366 276 90 46 510 184 64 120 241 326 219 304 126
is_linear=0
shrinkage=0.05


Tree=16
num_leaves=31
num_cat=0
split_feature=2 34 4 24 18 9 11 42 21 23 22 20 36 36 41 13 42 21 19 3 21 30 41 3 2 42 19 19 27 4
split_gain=0.913218 0.758421 0.694104 0.451223 0.943571 0.840166 1.0934 1.66978 2.04848 0.757409 0.568857 0.637518 0.63449 0.550492 0.727714 0.811644 1.26642 0.955622 0.574086 0.607273 1.06522 0.407854 0.326475 0.706522 0.310592 0.28655 0.464682 1.25134 0.272883 0.214912
threshold=79094.740000000005 116489.99221513387 1007.5912250000001 3475.3225152700002 -1549.1600000000033 0.003423054064970454 0.0077798528647996671 -176.63815200975816 340.26000000000209 0.23460830091164434 3632.5702190000006 964.08000000000186 8452.2228287217968 1313.4951850833461 -463.26067439352863 0.010791005670423719 104.17918011600422 72.129999999997395 666.26000000000215 107754.96500000001 399.12000000000268 118060.59399450503 -182.4085280642874 105382.28000000001 113107.55500000001 -316.03499373027972 883.93499999999779 732.5749999999972 90285.799250000025 4041.7586350000006
decision_type=2 2 2 2 2 2 2 2 2 2 2 2 2 2 2 2 2 2 2 2 2 2 2 2 2 2 2 2 2 2
left_child=-1 2 -2 10 -5 25 7 -7 -9 -8 11 12 13 14 24 16 17 -16 -19 -20 -21 22 23 -15 29 -6 27 -27 -17 -4
right_child=1 -3 3 4 5 6 9 8 -10 -11 -12 -13 -14 21 15 28 -18 18 19 20 -22 -23 -24 -25 -26 26 -28 -29 -30 -31
leaf_value=-0.0002391309948358283 0.0001502193302273746 -0.0002858111833310028 0.00011352012595607666 -0.00043172533611078931 -5.5376920845871582e-06 8.9329353608790156e-05 6.2166536629834035e-05 -0.00029367522164962592 -0.00012737697428611745 -6.3085091685869248e-05 8.7748494189355468e-05 -0.00026562576470188636 -0.00017808512411061382 0.00016751574725755621 -0.00030409252374249631 -2.734294075754963e-06 -0.0002575635622373271 -9.3010778616407045e-05 0.00010249092584748189 0.00033209786461514413 -0.00020282312743582262 -7.7510325517266552e-05 8.0184627497435377e-05 -2.6733880376701447e-05 -1.8444319283172704e-06 0.00017281254907851096 0.00015404485876609718 -0.00031954075222553403 8.9143373558745782e-05 -0.00015400073550097149
leaf_weight=21 145 30 144 23 36 25 69 20 24 20 109 26 34 26 31 23 20 20 61 23 23 35 322 20 28 38 130 24 53 27
leaf_count=21 145 30 144 23 36 25 69 20 24 20 109 26 34 26 31 23 20 20 61 23 23 35 322 20 28 38 130 24 53 27
internal_value=0.00107362 0.00120883 0.00135845 0.0010251 -0.000378973 0.000207254 -0.00259494 -0.00731884 -0.0131818 0.00106742 0.00158537 0.00117904 0.00140449 0.00167056 0.000474614 -0.00129921 -0.00314607 -0.00164557 0.000275591 0.00172897 -0.0026087 0.00301489 0.00350543 -0.000434782 0.00273869 0.00214912 0.00291667 -0.000645161 0.00302632 0.00353801
internal_weight=1630 1609 1579 1434 409 386 158 69 44 89 1025 916 890 856 453 254 178 158 127 107 46 403 368 46 199 228 192 62 76 171
internal_count=1630 1609 1579 1434 409 386 158 69 44 89 1025 916 890 856 453 254 178 158 127 107 46 403 368 46 199 228 192 62 76 171
is_linear=0
shrinkage=0.05


Tree=17
num_leaves=31
num_cat=0
split_feature=19 26 25 42 24 5 15 40 28 20 1 22 22 40 40 42 9 42 15 17 22 38 17 17 19 36 35 0 31 34
split_gain=0.993507 0.806176 0.811394 0.633836 0.483929 0.712313 1.15864 1.12734 1.79596 0.694231 0.665692 0.879339 0.500687 0.477704 0.54655 0.490823 0.465244 0.440503 0.45473 0.715762 0.658329 0.500521 0.471342 0.437012 0.480237 0.429501 0.419048 0.390881 0.640152 0.345412
threshold=715.90999999999633 80298.954532316871 -0.8196074231587388 -293.5303695399661 3384.9370041700008 -0.0031913674585646963 0.0054702894182835108 -182.31431302569396 -1961.76699848369 423.71000000000646 120219.95000000003 2988.5779380750005 3144.7093032500002 527.29991115225869 426.60090120926913 -486.97621387430308 -0.0055120513065407073 -137.77703883870058 0.0095812910425466472 0.0064805137922651105 2119.6314437500005 42.486788467387804 0.0079791392912752519 0.0069803308342065353 1187.7099999999994 2440.5464777372549 115217.11330000001 95531.075000000026 90702.559800000003 115837.38985589125
decision_type=2 2 2 2 2 2 2 2 2 2 2 2 2 2 2 2 2 2 2 2 2 2 2 2 2 2 2 2 2 2
left_child=3 -2 -3 -1 10 7 -7 8 9 -6 13 -12 -8 14 15 -4 -9 -17 19 21 -21 -19 23 24 -22 -16 -13 28 -5 -29
right_child=1 2 4 27 5 6 12 16 -10 -11 11 26 -14 -15 25 17 -18 18 -20 20 22 -23 -24 -25 -26 -27 -28 29 -30 -31
leaf_value=-4.5974316493334691e-05 -0.00022945968992072499 -0.00013327803636118467 -0.0001884459183053792 5.9617620464415864e-05 0.00011938066206773565 -0.00015319138689485752 -2.9644082458197283e-05 0.00022978252214575783 -0.00030610147682811142 -0.00039743349872849295 -0.00013110098904771123 0.00014998002035748916 3.3515979524152477e-05 5.8776462521566261e-05 -0.0005129050370472982 9.2362038110874992e-05 -2.3452209901246813e-05 -3.9757801731738919e-05 0.00020773781436347319 -0.0002602288190386591 0.00021215289198995565 0.00010913851661815708 -0.00013099942561710804 0.00019208442629001549 -0.00017152467865414308 3.1588417977356478e-05 -0.00012468304559191455 0.00012500867519803907 -0.0001902174252210486 -5.5397721102500355e-05
leaf_weight=25 20 37 23 72 32 29 26 34 25 20 20 22 182 171 20 159 29 20 47 22 22 108 24 32 24 21 20 296 27 21
leaf_count=25 20 37 23 72 32 29 26 34 25 20 20 22 182 171 20 159 29 20 47 22 22 108 24 32 24 21 20 296 27 21
internal_value=0.000705522 -4.62572e-05 0.000124038 0.00273243 0.000362191 -0.0011008 0.00056962 -0.00392857 -0.00798701 -0.00269231 0.00109272 -0.00387097 0.001875 0.0015368 0.000785441 0.0012578 0.00103175 0.00161572 0.00048495 -0.000357143 -0.00306452 0.00226563 -0.00137255 0.000512821 -0.0026087 -0.0047561 0.000238095 0.00319712 0.000454546 0.00405363
internal_weight=1630 1189 1169 441 1132 377 237 140 77 52 755 62 208 693 522 481 63 458 299 252 124 128 102 78 46 41 42 416 99 317
internal_count=1630 1189 1169 441 1132 377 237 140 77 52 755 62 208 693 522 481 63 458 299 252 124 128 102 78 46 41 42 416 99 317
is_linear=0
shrinkage=0.05


Tree=18
num_leaves=31
num_cat=0
split_feature=2 31 11 28 20 24 18 22 40 20 22 22 18 16 26 4 35 19 9 34 31 40 19 9 22 18 41 18 21 15
split_gain=0.907818 0.776001 0.8 1.90549 0.578985 0.515995 0.618563 0.635841 0.479169 0.425275 0.44371 0.959204 1.43192 0.697591 0.460426 0.916919 0.453972 0.995133 0.354667 0.343192 0.772598 0.992063 0.45356 0.332446 0.332411 0.274761 0.158218 0.133601 0.133333 0.115757
threshold=79094.740000000005 118425.64960000002 0.0020888173966029733 -840.80338808417571 49.795000000005537 3390.9598414000006 -1315.2549999999972 2823.38420825 1120.6164222475566 964.08000000000186 2640.6146767500004 2394.5381305000005 228.98000000000323 0.0069511789848641353 104434.91295397458 1974.2406500000002 86596.950125000018 799.9300000000004 0.013833371384070049 102280.98191006666 103994.54410000001 -1526.8468932117682 792.69499999999255 0.0057199022168125547 3658.4278420000005 777.22999999999604 826.89247346835703 -553.05500000000018 263.48500000000064 0.011013583448043275
decision_type=2 2 2 2 2 2 2 2 2 2 2 2 2 2 2 2 2 2 2 2 2 2 2 2 2 2 2 2 2 2
left_child=-1 4 3 -3 18 9 -7 -8 19 10 11 14 13 28 15 -6 17 -12 -2 22 21 -21 24 -22 -9 27 -24 -16 -13 -18
right_child=1 2 -4 -5 5 6 7 8 -10 -11 16 12 -14 -15 25 -17 29 -19 -20 20 23 -23 26 -25 -26 -27 -28 -29 -30 -31
leaf_value=-0.00021570146059800063 8.3653219337104787e-05 7.6060918761317771e-05 2.3727780421755216e-05 -0.00040985579790651688 -0.00043873015254638581 -0.000471783195331065 -0.00015887605251901362 0.00016325390749901097 -7.2063723041258787e-05 -0.00023640477512393149 -0.00027958122048933734 9.9024894324944998e-05 -0.0001946043451394271 -6.1560076155667371e-05 1.8383164184228608e-05 0.00010318639511764662 5.750577608096946e-05 0.0001496955741664022 -9.2163150897594948e-05 8.4535958667522922e-06 8.7674774352689014e-05 -0.00031345572638742121 9.4991288384583126e-05 -3.1785243557723531e-05 -1.0781303058271936e-05 -4.2313219164484725e-06 9.0650978311905669e-05 8.8109851058671378e-05 -3.3325729002091858e-06 0.0001084310305371092
leaf_weight=21 196 39 30 21 31 22 23 22 28 26 20 40 28 39 34 38 274 39 20 24 59 21 103 36 23 31 21 236 20 65
leaf_count=21 196 39 30 21 31 22 23 22 28 26 20 40 28 39 34 38 274 39 20 24 59 21 103 36 23 31 21 236 20 65
internal_value=0.00104294 0.00117775 -0.00333333 -0.00666667 0.00144503 0.00104758 -0.000497382 1.86265e-10 0.000548962 0.00168838 0.00187151 0.000875252 -0.00287402 -5.05049e-05 0.00216216 -0.00152174 0.00311558 -0.000932203 0.00384259 0.00111651 -0.000714286 -0.00611111 0.00263314 0.00184211 -0.00166667 0.00300664 0.00419355 0.00351852 0.00333333 0.00382006
internal_weight=1630 1609 90 60 1519 1303 382 360 337 921 895 497 127 99 370 69 398 59 216 309 140 45 169 95 45 301 124 270 60 339
internal_count=1630 1609 90 60 1519 1303 382 360 337 921 895 497 127 99 370 69 398 59 216 309 140 45 169 95 45 301 124 270 60 339
is_linear=0
shrinkage=0.05


Tree=19
num_leaves=31
num_cat=0
split_feature=19 19 40 42 21 19 42 0 0 30 34 2 19 27 16 26 41 15 25 23 24 3 32 25 15 17 4 35 13 28
split_gain=0.812985 0.803781 1.14751 1.24265 1.26841 0.813534 0.65256 0.625 0.58449 0.555652 0.543915 0.495447 0.480917 0.488444 0.569731 0.531171 0.583869 0.853186 0.405093 0.387387 0.482959 0.977376 0.415455 0.315672 0.301811 0.301082 0.298847 0.257944 0.350116 0.493816
threshold=715.90999999999633 898.13499999999487 461.03307674947433 240.31667348365644 63.974999999998552 840.94000000000244 -293.5303695399661 109315.12000000001 80412.500000000015 120109.18297815825 115837.38985589125 119202.60000000002 1093.7900000000011 113109.10875000001 0.0056068276013024635 112027.34397730157 801.08066729576728 0.0062728807753868751 0.44517696207476248 0.71519739459066234 2968.5841134000002 105981.17000000003 -4272.2767488361415 -0.377571383188051 0.0079015267900579018 0.0096120718582509822 1875.9969700000001 93833.949000000008 0.0072547115349610941 -315.34597381072666
decision_type=2 2 2 2 2 2 2 2 2 2 2 2 2 2 2 2 2 2 2 2 2 2 2 2 2 2 2 2 2 2
left_child=6 2 3 4 -2 23 -1 -7 -3 11 27 12 -10 15 -15 16 19 -18 -19 22 -21 25 -14 -6 -4 -22 -24 28 29 -8
right_child=1 8 24 -5 5 7 10 -9 9 -11 -12 -13 13 14 -16 -17 17 18 -20 20 21 -23 26 -25 -26 -27 -28 -29 -30 -31
leaf_value=-3.5072538473474115e-05 -0.0002631653059743002 -0.00020720163239478873 5.4270944905610469e-05 -0.00020272296480461959 0.00013287505931589133 1.6203728581904261e-05 7.7733665104558298e-05 -0.00014770307378626682 8.5179448947384319e-05 -0.0003309543909203955 -5.8049386543949816e-05 -8.3824331158555834e-05 -0.00019704384415293868 -6.2400400455599954e-05 7.3704201059001206e-05 -0.00018327045335190002 -2.275817050775862e-05 -1.1163204388925253e-05 7.8497252525353022e-05 9.748566235392879e-06 -0.00029191263299886732 -0.00048430725313416137 -5.5051846534812577e-05 -0.000123213505440761 -6.5785615481045432e-07 1.5503108371171765e-05 0.00014978251536765046 0.00012353656266676631 6.1702539391871269e-05 -0.00016716566830568471
leaf_weight=25 21 20 50 25 47 20 22 20 232 21 21 30 32 34 117 25 20 27 21 77 35 24 20 20 21 43 187 293 43 37
leaf_count=25 21 20 50 25 47 20 22 20 232 21 21 30 32 34 117 25 20 27 21 77 35 24 20 20 21 43 187 293 43 37
internal_value=0.00101227 0.000332212 -0.00236607 -0.00480392 -0.0028125 -0.000607476 0.00284581 -0.00625 0.000958549 0.00113757 0.00331731 0.00132035 0.00153244 0.000845922 0.00334437 0.000107632 0.000473251 -0.00382353 -0.000208333 0.00117225 -0.000586592 -0.00284314 0.00248954 0.00276119 0.00288732 -0.000128205 0.00330918 0.00373418 0.00156863 -0.000932203
internal_weight=1630 1189 224 153 128 107 441 40 965 945 416 924 894 662 151 511 486 68 48 418 179 102 239 67 71 78 207 395 102 59
internal_count=1630 1189 224 153 128 107 441 40 965 945 416 924 894 662 151 511 486 68 48 418 179 102 239 67 71 78 207 395 102 59
is_linear=0
shrinkage=0.05


Tree=20
num_leaves=31
num_cat=0
split_feature=26 34 23 25 25 11 20 15 17 22 39 5 0 23 25 5 23 17 22 16 15 1 3 7 39 0 26 3 5 19
split_gain=0.940459 0.788642 0.59364 0.715942 1.1229 0.614116 1.01941 0.595238 0.517879 0.502293 1.40745 0.513621 0.345324 0.376541 0.518979 0.937095 0.360379 0.330801 0.349091 0.528876 0.333262 0.615385 0.443154 0.4 0.31933 0.206897 0.208862 0.312757 0.35979 0.644128
threshold=80298.954532316871 116489.99221513387 -0.345237419784931 -0.3091528386764254 -0.35125786713164814 -0.0049992725976261169 110.97000000000118 0.0066235984407564561 0.012119001586946216 5546.0865903750009 1688.2974999999999 0.0084877595896949015 121545.84500000002 0.45226425264560693 0.33232248522011626 0.00070842389015756356 -0.19560712103812986 0.0049657316679305322 2311.2769637500005 0.0061840182865453589 0.011013583448043275 94397.49500000001 93992.550000000017 -0.0027081356273021494 1275.0503571428569 118906.02500000001 113480.58083016232 110360.87500000001 0.0033108186608071769 735.80500000000768
decision_type=2 2 2 2 2 2 2 2 2 2 2 2 2 2 2 2 2 2 2 2 2 2 2 2 2 2 2 2 2 2
left_child=-1 2 9 4 5 -4 -7 -8 12 11 -11 25 13 16 15 -15 24 -16 -19 -20 22 -22 -21 -23 -5 26 27 -2 29 -29
right_child=1 -3 3 8 -6 6 7 -9 -10 10 -12 -13 -14 14 17 -17 -18 18 19 20 21 23 -24 -25 -26 -27 -28 28 -30 -31
leaf_value=-0.00019455630594836118 6.030444133975551e-05 -0.00024607411051526896 0.00014952894431541957 2.7799125539610143e-05 -0.00036454502071536364 9.9412192227124873e-05 -0.00024380117640666399 -0.00013713671477740293 -0.00021138105163821883 -0.00010475584778492967 7.7911412607653671e-05 -3.2508239883250594e-05 -7.9633114657972435e-05 0.00011262167080062427 -8.2787321208346202e-06 -0.00016276659551352646 9.3293262514760556e-05 0.00012032925838309786 -0.00016223466636785204 -0.00018139533288076854 0.00013420844593738424 -2.5646829526949157e-05 3.2322106091775942e-05 -0.00059675560855870096 -3.0167200410573791e-05 3.6328373428094407e-06 0.00013171972216462492 0.00013840522089128795 0.00014105832618830673 -0.00014020594643341413
leaf_weight=21 422 30 32 27 22 23 21 21 29 20 27 20 20 38 21 36 230 72 22 26 25 20 112 20 26 36 146 23 21 21
leaf_count=21 422 30 32 27 22 23 21 21 29 20 27 20 20 38 21 36 230 72 22 26 25 20 112 20 26 36 146 23 21 21
internal_value=0.00122699 0.0013642 0.00151678 0.000610914 -0.00298319 -0.000670103 -0.00346154 -0.00809524 0.00120166 0.00255435 -0.00244681 0.0028955 0.00147482 0.00166667 0.000663265 -0.00310811 0.00305654 0.00154088 0.0019697 0.001 0.00179803 -0.00115385 0.00318841 -0.005 -0.000660377 0.00313154 0.00334123 0.00284394 -0.000384615 -0.00295455
internal_weight=1630 1609 1579 843 119 97 65 42 724 736 47 689 695 675 392 74 283 318 297 225 203 65 138 40 53 669 633 487 65 44
internal_count=1630 1609 1579 843 119 97 65 42 724 736 47 689 695 675 392 74 283 318 297 225 203 65 138 40 53 669 633 487 65 44
is_linear=0
shrinkage=0.05


Tree=21
num_leaves=31
num_cat=0
split_feature=9 15 15 5 22 28 28 23 23 13 11 39 20 34 22 16 41 21 15 19 9 40 38 20 4 7 4 3 22 39
split_gain=1.19665 0.605325 0.80903 0.533763 1.25744 0.489171 0.683736 0.506559 0.916123 1.14657 1.4881 0.382401 0.530108 0.365709 0.322557 0.534369 0.531324 0.485541 0.418008 0.360891 0.266854 0.404389 0.415773 0.266844 0.730357 0.753463 0.327883 0.262278 0.32273 0.923831
threshold=-0.034130370145373533 0.0043006051514024183 0.0045075818491559358 -0.014124579776368815 3328.0292302500006 -1961.76699848369 -1787.4021092219552 -0.35011574704707299 -0.18161637262848729 0.0084434903698383194 -0.0031427736311147899 1386.665000000002 884.85499999999604 116239.37292841023 2394.5381305000005 0.0059591007227464887 939.87517867440818 308.435000000005 0.0096501728238822301 941.094999999994 -0.0019240131021268597 124.00361708142738 41.939839926080261 221.72999999999595 1435.9235250000004 0.00011787770721027219 3028.3687400000003 112931.62000000001 2013.6160700000003 764.60892857142824
decision_type=2 2 2 2 2 2 2 2 2 2 2 2 2 2 2 2 2 2 2 2 2 2 2 2 2 2 2 2 2 2
left_child=-1 20 -3 4 -4 -5 -7 13 9 10 -9 12 14 23 27 -16 18 -18 19 -17 21 22 -2 26 25 -25 -8 28 29 -10
right_child=1 2 3 5 -6 6 7 8 11 -11 -12 -13 -14 -15 15 16 17 -19 -20 -21 -22 -23 -24 24 -26 -27 -28 -29 -30 -31
leaf_value=-0.00020670454237283302 0.0001043350653572141 -0.00012282374920154465 8.3041074158017882e-05 0.00012205631777789384 -0.00032362703183324421 -0.0001344054208736688 7.3894681185859422e-05 -2.034438696783498e-05 5.1260615002017649e-05 0.00011926940339910687 -0.00040915923898831571 3.6392622704557365e-05 -0.00010250225519003642 -2.2232622571017691e-05 -0.00015537588427823562 -4.0533283951840276e-06 -6.3782673480990208e-05 7.515584174930842e-05 -0.00062132172140287817 3.9220828996931073e-05 6.8107650189403528e-05 0.0001040997830370155 -0.0003228603092470646 -5.8764217746750178e-05 2.4297217572504065e-05 0.00011474392718719906 -0.00016772254021529378 4.1738634918887579e-05 6.6803087788365923e-05 -8.4078583204661014e-05
leaf_weight=35 23 35 32 117 28 25 285 28 25 44 20 116 20 23 24 20 20 23 22 81 158 43 21 22 164 20 20 64 46 26
leaf_count=35 23 35 32 117 28 25 285 28 25 44 20 116 20 23 24 20 20 23 22 81 158 43 21 22 164 20 20 64 46 26
internal_value=0.00128834 0.00148903 0.00107407 0.00127376 -0.00333333 0.00149402 0.0011775 0.00136119 0.000336788 -0.00423913 -0.00958333 0.00120123 0.00041779 0.00247191 0.000868946 -0.000526316 0.000481928 -0.00430233 0.00215447 0.00351485 0.00377551 0.00155172 -0.00181818 0.00274951 0.00135922 -0.00452381 0.00368852 0.00251553 0.000876289 -0.00186274
internal_weight=1630 1595 1350 1315 60 1255 1138 1113 579 92 48 487 371 534 351 190 166 43 123 101 245 87 44 511 206 42 305 161 97 51
internal_count=1630 1595 1350 1315 60 1255 1138 1113 579 92 48 487 371 534 351 190 166 43 123 101 245 87 44 511 206 42 305 161 97 51
is_linear=0
shrinkage=0.05


Tree=22
num_leaves=31
num_cat=0
split_feature=20 9 5 22 20 23 15 15 32 17 9 11 35 0 25 36 21 21 7 9 36 36 30 25 20 13 41 21 36 20
split_gain=0.794534 0.685956 0.831943 1.83333 0.748432 0.885296 0.549222 0.596007 0.895638 0.504604 1.04599 1.34611 1.0571 0.981417 0.481537 0.446866 0.447307 0.849149 0.441905 0.382878 0.343212 0.701778 0.299207 0.28562 0.275609 0.203175 0.164265 0.184497 0.463986 0.153288
threshold=49.795000000005537 -0.03622590988967446 -0.014124579776368815 3328.0292302500006 346.02999999999889 1.9411126972782917 0.0038643997947393522 0.0045075818491559358 270.74272844532976 0.007370965466194636 0.0057199022168125547 0.0050516346972576303 93833.949000000008 102001.51000000002 -0.76331330015115006 8002.5859051745947 328.40999999999627 448.69499999999977 -0.0098395197810789998 0.013833371384070049 48.923455611831749 -1232.0239740078539 117812.96217415332 -1.0228868163598499 1040.1549999999991 -0.022163068593065442 -1548.5268076855118 551.18499999999779 361.31100893462286 904.52500000000157
decision_type=2 2 2 2 2 2 2 2 2 2 2 2 2 2 2 2 2 2 2 2 2 2 2 2 2 2 2 2 2 2
left_child=19 -2 3 -3 5 6 23 8 -8 18 15 13 -13 -12 -6 16 -11 -18 -9 -1 21 -20 -22 -4 26 -19 -16 29 -29 -28
right_child=1 2 4 -5 14 -7 7 9 -10 10 11 12 -14 -15 24 -17 17 25 20 -21 22 -23 -24 -25 -26 -27 27 28 -30 -31
leaf_value=6.5408278700485061e-05 -0.00019815943417252318 0.00018316527303793295 6.0055920144155152e-06 -0.00055537996479661201 -5.4098623194514108e-07 -0.00031136071279531268 -0.00020406673505846625 -3.835548903434856e-05 9.3204468718684278e-05 0.00017270416601268285 -0.00012337477520843611 -0.0001450503500147019 2.8870892620579739e-05 -0.00060092924183631664 0.00010062880748425276 -9.5927622458932615e-06 -0.00032366652933646118 1.5840514267502e-05 8.5754998062984044e-05 -4.7092889679428682e-05 6.9479290232117206e-05 -2.4083594033217127e-05 -1.4601966420441175e-05 0.00010074116286521527 -6.2511681559814566e-05 -2.4293521857486853e-06 8.0826029021269479e-05 4.7000881120596967e-05 -8.5563003435308807e-05 6.6414081443946407e-06
leaf_weight=202 24 30 25 25 21 20 23 27 26 120 21 20 44 20 30 24 20 28 54 20 190 31 34 96 32 35 294 42 31 21
leaf_count=202 24 30 25 25 21 20 23 27 26 120 21 20 44 20 30 24 20 28 54 20 190 31 34 96 32 35 294 42 31 21
internal_value=0.00131902 0.000880682 0.00102601 -0.005 0.0012754 0.000396271 0.000644392 0.00011855 -0.00520408 0.000508982 -0.000873494 -0.005 -0.00046875 -0.0120732 0.00287686 0.00103524 0.00179803 -0.0010241 0.001875 0.0040991 0.002411 -0.000294117 0.0034375 0.00376033 0.00322222 0.0018254 0.00356459 0.00384021 0.00157534 0.00436508
internal_weight=1630 1408 1384 55 1329 858 838 717 49 668 332 105 64 41 471 227 203 83 336 222 309 85 224 121 450 63 418 388 73 315
internal_count=1630 1408 1384 55 1329 858 838 717 49 668 332 105 64 41 471 227 203 83 336 222 309 85 224 121 450 63 418 388 73 315
is_linear=0
shrinkage=0.05


Tree=23
num_leaves=31
num_cat=0
split_feature=19 25 0 30 19 21 25 2 36 18 23 25 5 9 32 22 38 32 7 34 16 15 17 17 35 35 13 38 7 11
split_gain=0.870788 0.833055 0.555597 0.474135 0.506502 1.4652 0.755424 0.594014 0.390145 1.02708 0.482496 0.711167 1.16667 0.485383 1.00511 0.441795 0.439359 0.759467 0.4 0.35992 0.317538 0.838604 0.775948 0.769981 0.291789 0.49759 0.693032 0.227096 0.16622 0.309656
threshold=715.90999999999633 -0.89586644403723137 80412.500000000015 120109.18297815825 810.47500000000593 80.235000000000596 -0.32542177957853341 119202.60000000002 -8290.9493217613472 -374.53499999999616 0.60273627699035359 0.33232248522011626 0.0020378678875017111 -0.011691208302948385 -844.0841593343938 2369.7108497500003 61.570410231010655 2856.2306561190276 -0.014566690223743168 115837.38985589125 0.0070130318518707548 0.0077790357753389607 0.007370965466194636 0.008224563754944637 93833.949000000008 85489.543125000011 0.009077509186513795 80.771520306000397 0.0077890976117728087 0.010206181925792307
decision_type=2 2 2 2 2 2 2 2 2 2 2 2 2 2 2 2 2 2 2 2 2 2 2 2 2 2 2 2 2 2
left_child=19 -2 -3 4 5 -4 -7 8 9 18 20 12 -12 -13 -15 -16 -17 -18 -6 24 21 22 -10 -24 25 -1 -27 28 -22 -30
right_child=1 2 3 -5 7 6 -8 -9 10 -11 11 13 -14 14 15 16 17 -19 -20 -21 27 -23 23 -25 -26 26 -28 -29 29 -31
leaf_value=4.8851784720209762e-05 -0.00014825790832099294 -0.00018002134715235668 -0.00024925016629867059 -0.00033356118325554384 -0.00018465596707798097 8.5246917841921407e-05 -0.0001092955178981111 -5.4285476911014186e-05 7.7212827061294808e-05 4.1774304945341253e-05 0.00025391520186493071 9.1442952822674056e-05 -0.00015428149469232227 -0.00030805319873221918 9.7764177705506947e-05 4.3850107199599927e-05 -0.0006011006291542874 2.6334212063257937e-05 -0.00026370671200639731 -6.3813318770927427e-05 0.00010462032925168146 -9.3555513542349807e-05 -1.2043285301713547e-05 6.1184947379920175e-05 0.00010752013821077216 -0.00024860131395397104 7.0365735283155727e-05 1.4476970982072456e-05 1.2136659394147873e-06 0.00015424318816201107
leaf_weight=50 21 20 21 22 20 57 34 35 148 53 21 66 21 36 63 38 23 31 20 27 236 24 31 30 305 36 23 26 43 49
leaf_count=50 21 20 21 22 20 57 34 35 148 53 21 66 21 36 63 38 23 31 20 27 236 24 31 30 305 36 23 26 43 49
internal_value=0.00128834 0.000584525 0.000761986 0.000905924 0.00104796 -0.00214286 0.000604396 0.00140039 0.00162921 -0.00145161 0.0019526 0.000317726 -0.00571429 0.0013035 2.61782e-05 0.00177419 -0.000434782 -0.00333333 -0.0075 0.00318594 0.00278535 0.00135193 0.00236842 -0.00237705 0.00355072 0.00133028 -0.00177966 0.00372881 0.00408537 0.00228261
internal_weight=1630 1189 1168 1148 1126 112 91 1014 979 93 886 299 42 257 191 155 92 54 40 441 587 233 209 61 414 109 59 354 328 92
internal_count=1630 1189 1168 1148 1126 112 91 1014 979 93 886 299 42 257 191 155 92 54 40 441 587 233 209 61 414 109 59 354 328 92
is_linear=0
shrinkage=0.05


Tree=24
num_leaves=31
num_cat=0
split_feature=26 30 42 4 36 36 21 39 0 31 21 41 9 5 36 21 2 32 21 17 13 21 5 2 24 7 9 15 31 9
split_gain=0.951468 0.614809 0.629762 0.533928 0.514791 0.783445 0.78332 0.502058 0.523707 1.22586 1.09221 0.948536 0.539395 0.712837 1.18519 0.59685 1.18989 0.496032 0.469444 0.391011 0.358602 0.42578 0.49 0.276271 0.305072 0.658561 0.275593 0.235498 0.211722 0.34632
threshold=80298.954532316871 118060.59399450503 -80.481187062584397 1080.1269850000001 1313.4951850833461 8774.197960968655 151.73000000000323 1793.117500000001 91420.145000000004 103994.54410000001 532.01499999999953 -105.34115373436988 -0.0087158043664567839 -0.0028267440719389157 -1959.0171204975775 453.29999999999569 109460.67000000001 4619.6520724991578 343.56500000000239 0.0066119927557741444 -0.023630332982704599 116.56000000000496 0.0032164518108098853 119202.60000000002 3768.8604140000007 1.0000000180025095e-35 0.016475679198028396 0.0077790357753389607 83649.396400000012 -0.0039647656705569358
decision_type=2 2 2 2 2 2 2 2 2 2 2 2 2 2 2 2 2 2 2 2 2 2 2 2 2 2 2 2 2 2
left_child=-1 3 18 -2 7 23 -7 8 19 10 11 -10 27 14 -14 20 -17 -8 -3 -5 -15 22 -22 24 -6 -26 28 -11 29 -21
right_child=1 2 -4 4 5 6 17 -9 9 12 -12 -13 13 15 -16 16 -18 -19 -20 26 21 -23 -24 -25 25 -27 -28 -29 -30 -31
leaf_value=-0.00017096938431536586 9.7484556122369459e-05 0.00022249273947566614 -0.00017735330810198045 -0.00025421906198400509 4.6196549359290537e-05 -4.1045113759468084e-05 -0.00014158886718997564 0.0001135206103702172 -0.00038604911134789538 0.00012733862116475424 0.00016912248292866826 -0.00029887475634968142 3.5134801111123049e-05 -0.00010393996453399889 -0.00024567604573856963 1.5646280048814134e-05 -0.00030912363620411192 6.9510475840353221e-05 -0.00018846446975262363 -5.961838308612868e-06 -5.2507188894857679e-05 4.2896596356252382e-05 0.00013316038846914279 -3.0255376443842517e-06 0.00016070860045817355 -0.00012539791111210036 -0.00031397731389723715 2.480632439445652e-06 0.00010922233089925891 0.00018962300648217383
leaf_weight=21 161 36 24 21 420 24 28 94 21 68 22 34 27 21 27 24 22 35 24 22 20 111 25 20 26 21 29 42 140 20
leaf_count=21 161 36 24 21 420 24 28 94 21 68 22 34 27 21 27 24 22 35 24 22 20 111 25 20 26 21 29 42 140 20
internal_value=0.00128834 0.00142635 -0.00273809 0.00165574 0.00133431 0.00247387 -0.00189655 0.000506329 4.31036e-05 -0.000926724 -0.00668831 -0.0104545 0.000219638 -0.000956678 -0.00611111 0.00029148 -0.00478261 0.00103175 1.86265e-10 0.00198276 0.00161017 0.0024359 -0.00166667 0.00325462 0.00350107 -0.000319149 0.00263033 0.00318182 0.00335165 0.000238095
internal_weight=1630 1609 84 1525 1364 574 87 790 696 464 77 55 387 277 54 223 46 63 60 232 177 156 45 487 467 47 211 110 182 42
internal_count=1630 1609 84 1525 1364 574 87 790 696 464 77 55 387 277 54 223 46 63 60 232 177 156 45 487 467 47 211 110 182 42
is_linear=0
shrinkage=0.05


Tree=25
num_leaves=31
num_cat=0
split_feature=9 20 38 32 41 11 34 23 23 34 15 19 0 35 36 20 42 15 9 13 0 1 23 20 21 23 16 4 25 16
split_gain=0.62001 0.971645 0.600993 0.756726 1.04598 1.61059 0.52888 0.469059 0.534392 0.412833 0.89983 0.332308 0.313761 1.03332 0.511615 0.389676 0.310399 0.645448 0.300518 0.928371 1.35976 0.293124 0.310271 0.264255 0.235096 0.221513 0.260727 0.520226 0.299067 0.157324
threshold=-0.032377436724541568 381.97500000000588 30.870156862014323 -3129.7162517247702 -1726.9224821160985 -0.011701557676300694 116348.51960640398 -0.30331442678518294 -0.2586639703328471 114759.87986342164 0.0060124614431665583 1357.8550000000034 107482.49500000001 106240.69572500001 8774.197960968655 904.52500000000157 240.31667348365644 0.008532406553441849 -0.0042552126065439101 0.0084434903698383194 104400.51500000001 119180.46500000001 2.2599649276953611 334.61499999999802 70.694999999999723 -1.3010254677302433 0.006864439884333196 1887.0143550000003 -1.0228868163598499 0.0061184599182451819
decision_type=2 2 2 2 2 2 2 2 2 2 2 2 2 2 2 2 2 2 2 2 2 2 2 2 2 2 2 2 2 2
left_child=1 -1 24 4 -4 -6 7 18 -9 12 -11 -12 13 14 15 16 -10 -18 19 23 -21 22 -14 -5 -2 -20 27 28 -27 -30
right_child=2 -3 3 6 5 -7 -8 8 9 10 11 -13 21 -15 -16 -17 17 -19 25 20 -22 -23 -24 -25 -26 26 -28 -29 29 -31
leaf_value=4.2154394188637898e-05 6.7468589742456745e-06 -0.00024182311282759593 7.9937019079454573e-05 0.00010293709087749259 6.1216157164657758e-05 -0.00035852110132581264 -0.00010866361857222473 -8.5667305866224362e-05 0.00010120938809280946 -0.00020962601056332184 -4.6190093855485087e-05 0.00015378909757443468 3.0231668639744076e-05 -0.00029049489389112451 -3.6851553410136995e-05 -0.0002418508690385307 -2.2573084963872826e-05 0.00015035620052096348 -6.6892474487304427e-06 2.3913003132306775e-05 -0.00030932832286646966 -1.3038368039007627e-06 -0.00026778897706949701 2.5817039454386065e-05 9.175757850263033e-05 4.9879131060896796e-06 5.7229578135083701e-05 -0.00017516498857280153 8.7846043678711119e-05 2.1982750084246858e-05
leaf_weight=22 32 20 26 69 36 22 30 27 157 22 25 27 205 36 24 22 20 37 23 23 20 29 20 25 163 32 251 27 116 42
leaf_count=22 32 20 26 69 36 22 30 27 157 22 25 27 205 36 24 22 20 37 23 23 20 29 20 25 163 32 251 27 116 42
internal_value=0.00147239 -0.00452381 0.00163098 0.00126705 -0.00333333 -0.00706897 0.00156226 0.00171618 0.00077573 0.00107372 -0.00243243 0.00115385 0.00154545 0.000439189 0.00153846 0.00224576 0.0028972 -0.000263158 0.00269108 0.000620438 -0.00546512 0.00283465 0.00344444 0.00340426 0.00423077 0.00326884 0.00350427 0.00223502 0.00315789 0.00405063
internal_weight=1630 42 1588 1393 84 58 1309 1279 651 624 74 52 550 296 260 236 214 57 628 137 43 254 225 94 195 491 468 217 190 158
internal_count=1630 42 1588 1393 84 58 1309 1279 651 624 74 52 550 296 260 236 214 57 628 137 43 254 225 94 195 491 468 217 190 158
is_linear=0
shrinkage=0.05


Tree=26
num_leaves=31
num_cat=0
split_feature=2 20 27 35 36 9 19 16 19 25 36 19 36 20 5 41 4 9 0 21 20 11 36 36 0 9 11 22 18 22
split_gain=0.97927 0.547588 0.500401 1.06778 0.460063 0.991442 0.541935 0.360378 0.76534 1.04575 0.69722 0.75 0.461456 0.824103 1.09578 1.01535 0.443007 0.390859 0.438312 0.310685 0.252673 0.231934 0.230959 0.410234 1.05556 0.508344 1.2803 0.386672 0.186099 0.180952
threshold=79094.740000000005 29.465000000003787 120053.18900000001 115483.04405000001 -8290.9493217613472 -0.015958371800600894 1093.7900000000011 0.0070130318518707548 690.04999999999575 -0.81433132025096555 6911.7348106896325 1041.840000000004 1463.951424466781 205.28500000000352 0.0051643128292553691 -333.87423310306536 4585.8198900000007 0.025191884206384605 100051.96000000001 84.844999999993902 640.43499999999779 -0.0059714898894646694 -1232.0239740078539 -2328.7663400471206 92966.160000000018 0.0057199022168125547 0.0034067015393937396 5223.0345375000006 777.22999999999604 2640.6146767500004
decision_type=2 2 2 2 2 2 2 2 2 2 2 2 2 2 2 2 2 2 2 2 2 2 2 2 2 2 2 2 2 2
left_child=-1 -2 4 -4 5 -3 -7 8 21 -10 12 -12 13 14 15 -11 19 22 -19 -15 28 -6 23 25 -25 -9 -27 29 -14 -24
right_child=1 2 3 -5 7 6 -8 17 9 10 11 -13 20 16 -16 -17 -18 18 -20 -21 -22 -23 27 24 -26 26 -28 -29 -30 -31
leaf_value=-0.00015813754939970252 4.3753889279323187e-05 -0.0002098814448360529 0.00011529304166895691 -0.00036199825279008399 6.7033879128228343e-06 -0.00013709314598665213 9.627437619535588e-05 7.8102283605718735e-05 -3.1764792145792073e-05 -0.00010108117056856069 5.5707499663497739e-06 -6.30689218660433e-05 7.9750560494785201e-05 -0.00020673567459549301 0.00022039117800184426 -0.00022477985242213454 -4.6049904214890292e-05 2.8277699710965764e-05 -0.00010759016343970234 7.1969379581522222e-05 -1.9530843057898914e-06 7.0714748145291013e-05 2.4898831245205146e-05 -0.00034368523391759557 0.00018159881024306092 -0.00055729880534041633 3.4132005151529185e-05 -6.738349506284499e-07 1.2229184429645874e-05 0.00010353883374086455
leaf_weight=21 135 32 25 20 39 20 42 200 22 29 24 24 133 20 21 27 20 22 20 86 20 174 42 23 35 22 44 31 29 228
leaf_count=21 135 32 25 20 39 20 42 200 22 29 24 24 133 20 21 27 20 22 20 86 20 174 42 23 35 22 44 31 29 228
internal_value=0.00144172 0.00158173 0.00130258 -0.00388889 0.00146606 -0.00191489 0.00177419 0.00170412 0.000883234 -0.000274725 0.000265589 -0.00541667 0.000974026 -0.000665024 -0.00474026 -0.00839286 0.0018254 0.00252624 -0.00214286 0.00311321 0.0028022 0.00335681 0.00284 0.00191358 -0.00189655 0.00274436 -0.00106061 0.00383721 0.00345679 0.00444444
internal_weight=1630 1609 1474 45 1429 94 62 1335 668 455 433 48 385 203 77 56 126 667 42 106 182 213 625 324 58 266 66 301 162 270
internal_count=1630 1609 1474 45 1429 94 62 1335 668 455 433 48 385 203 77 56 126 667 42 106 182 213 625 324 58 266 66 301 162 270
is_linear=0
shrinkage=0.05


Tree=27
num_leaves=31
num_cat=0
split_feature=9 20 20 1 22 35 19 38 38 15 36 39 40 40 5 20 15 36 20 22 20 30 0 4 11 11 40 40 7 22
split_gain=0.632511 0.948605 0.440773 0.408369 0.647888 0.459574 0.364911 0.370964 0.45927 0.99875 0.523709 0.51046 0.470501 0.625 0.443618 0.345066 0.706522 0.343616 0.461475 0.434524 0.667771 0.377697 0.376628 0.351281 0.586982 0.974594 0.51282 1.22667 0.393551 0.324598
threshold=-0.031132008234326599 315.90499999999889 22.299999999995638 120219.95000000003 2988.5779380750005 115281.74450000002 395.31499999999511 25.810165477697549 38.090511960861626 0.0055667584284703206 265.78046133425238 1068.0107142857153 -1107.3428582224149 -1444.0580435662339 -0.011432437346625189 185.16999999999101 0.0094034642415609295 8346.675570451067 277.50000000000006 3555.9370247500005 904.52500000000157 118060.59399450503 116658.645 2866.0391800000002 0.0099369764027755752 0.012413491676434997 461.03307674947433 -80.673783814345356 -0.0096483311255611392 3350.7777582500003
decision_type=2 2 2 2 2 2 2 2 2 2 2 2 2 2 2 2 2 2 2 2 2 2 2 2 2 2 2 2 2 2
left_child=1 -1 -2 6 -5 -6 -4 -8 9 10 -9 -11 13 -10 -13 16 -16 19 -19 20 21 22 23 24 28 -26 27 -27 -14 -25
right_child=2 -3 3 4 5 -7 7 8 12 11 -12 14 17 -15 15 -17 -18 18 -20 -21 -22 -23 -24 29 25 26 -28 -29 -30 -31
leaf_value=8.053659778807367e-05 4.1566194479059824e-05 -0.00015846605054835444 0.00012996501580849319 -9.0139588788647353e-05 0.00014610874695094198 -0.00022096369796266677 0.00010616222787274605 -0.00099461044426043545 4.6706720753777933e-05 -2.4187503239514666e-05 -1.3783269158398572e-06 -0.0001973422170502843 -8.2920044016026811e-05 -0.00036620070230694476 7.5746218398715633e-05 3.1750558245717887e-05 -0.00023094545356866543 -1.1718425225788692e-05 2.3882601424151969e-05 5.3029340870112366e-05 -0.00026247866461142033 -0.00010352378565060458 9.0266730392959119e-05 3.4958307072131191e-05 -4.1420039970098987e-05 0.00013505986276851099 7.5242956924801479e-05 -0.00018432134832228639 4.7314254527130168e-05 -0.00052048605597167479
leaf_weight=24 115 25 72 20 27 20 90 22 20 29 21 20 20 20 26 80 20 39 50 189 20 20 89 143 20 23 30 25 291 20
leaf_count=24 115 25 72 20 27 20 90 22 20 29 21 20 20 20 26 80 20 39 50 189 20 20 89 143 20 23 30 25 291 20
internal_value=0.00141104 -0.00418367 0.00158444 0.00135061 -0.00246269 0.000744681 0.00153324 0.00134514 0.00111964 -0.000963303 -0.0077907 0.000714286 0.00156526 -0.00375 0.00191781 0.00301587 -0.000434782 0.00178243 -0.00117978 0.00207865 0.00150499 0.00176946 0.00197428 0.0015035 0.000721272 -0.00265306 -0.000128205 -0.00333333 0.00178457 0.00346626
internal_weight=1630 49 1581 1466 67 47 1399 1327 1237 218 43 175 1019 40 146 126 46 979 89 890 701 681 661 572 409 98 78 48 311 163
internal_count=1630 49 1581 1466 67 47 1399 1327 1237 218 43 175 1019 40 146 126 46 979 89 890 701 681 661 572 409 98 78 48 311 163
is_linear=0
shrinkage=0.05


Tree=28
num_leaves=31
num_cat=0
split_feature=0 19 25 1 22 22 35 34 20 9 36 40 36 5 24 41 36 36 7 21 17 20 11 2 7 24 16 19 19 22
split_gain=0.61037 0.548917 0.723201 0.359279 0.724625 0.762566 0.333638 0.902692 0.357223 0.743887 0.382018 1.06702 0.445642 0.389895 0.423472 0.284892 0.36682 0.528996 0.822244 1.01445 0.581167 0.751111 0.222004 0.692489 0.196779 0.229526 0.304104 0.284444 0.166667 0.159907
threshold=80412.500000000015 587.91500000000099 -0.978146853078106 119422.90500000001 2872.4599575000007 3397.0163487500004 115848.66550000002 114898.15520874666 817.31000000000506 -0.00074657077293051896 -8290.9493217613472 -1486.2568500399573 8346.675570451067 0.0074048769053517436 3334.0501411700006 -787.1025268853474 -1158.8265314554517 -2328.7663400471206 -0.0046186631936031937 246.59500000000119 0.0083148347898359069 213.05499999999304 -0.0063643118705839921 108000.50000000001 0.0014932667298823883 3269.2115639000008 0.0042919583778409818 1068.0400000000011 848.14999999999429 3397.0163487500004
decision_type=2 2 2 2 2 2 2 2 2 2 2 2 2 2 2 2 2 2 2 2 2 2 2 2 2 2 2 2 2 2
left_child=-1 29 -3 6 -5 -6 7 8 10 -10 11 -4 15 14 -14 -12 17 20 -19 -20 21 -17 23 -18 -24 26 -26 -27 -8 -2
right_child=1 2 3 4 5 -7 28 -9 9 -11 12 -13 13 -15 -16 16 22 18 19 -21 -22 -23 24 -25 25 27 -28 -29 -30 -31
leaf_value=-0.00013192063706598891 8.8657217994268092e-05 -0.00013974499185464656 2.9757002550173051e-05 -8.5632609349214976e-05 0.00013345651936968477 -0.00022084105682496698 -1.4540077936608305e-06 -0.00015577713017068224 -0.00011962614393911762 2.5301990372186357e-05 9.8350356841164953e-05 -0.00018224736530450699 0.00016677454822874795 -1.7593737859651846e-05 -5.0613045388042367e-07 -0.00026692071252917105 0.00011284322707580833 1.9139916571060634e-05 0.00017197124386579481 -0.00064777219604976422 5.401092544407415e-05 0.00021335681995993171 6.2282362531162775e-05 -3.3232510625752683e-05 -9.7888665487681206e-06 5.1231528132635028e-06 6.9860104572279139e-05 -0.00012330312887682494 1.2425602121497544e-05 5.1218737066661001e-06
leaf_weight=21 240 31 53 20 51 20 20 22 32 42 99 34 28 20 29 20 95 23 25 28 128 25 146 36 21 25 143 20 100 33
leaf_count=21 240 31 53 20 51 20 20 22 32 42 99 34 28 20 29 20 95 23 25 28 128 25 146 36 21 25 143 20 100 33
internal_value=0.00156442 0.00167495 0.00125749 0.00143678 -0.00159341 0.000774648 0.00166392 0.0013894 0.00159515 -0.00175676 0.00184369 -0.00132184 0.00214599 -0.00149351 0.000614035 0.00248201 0.00214286 0.000582329 -0.00289474 -0.00632075 0.00210983 -0.00277778 0.00294239 0.00118321 0.00359155 0.00260766 0.00347561 -0.000555555 0.00416667 0.00371795
internal_weight=1630 1609 1336 1305 91 71 1214 1094 1072 74 998 87 911 77 57 834 735 249 76 53 173 45 486 131 355 209 164 45 120 273
internal_count=1630 1609 1336 1305 91 71 1214 1094 1072 74 998 87 911 77 57 834 735 249 76 53 173 45 486 131 355 209 164 45 120 273
is_linear=0
shrinkage=0.05


Tree=29
num_leaves=31
num_cat=0
split_feature=0 0 36 22 19 19 40 35 11 41 20 34 24 11 23 19 20 21 15 7 9 9 35 17 24 39 23 9 25 19
split_gain=0.637187 0.395331 0.888889 0.472009 0.323052 0.38553 0.391519 0.358335 0.368691 0.753768 0.523218 0.445734 0.90694 0.9 0.488432 1.15309 1.72857 0.4301 0.352653 0.72039 0.296886 0.384055 0.339464 0.463787 0.304894 0.294828 0.288297 0.232471 0.157677 0.125617
threshold=80412.500000000015 118906.02500000001 4936.4695310887482 2922.3265117500005 580.06500000000244 630.27500000000157 255.89551833139561 115848.66550000002 0.0040361209440859863 1435.0228994471593 44.61499999999797 101645.48192093366 4432.3997572200014 -0.021215355948103892 0.45226425264560693 1471.0749999999973 199.82499999999712 94.625000000000014 0.0056031322554853371 0.0022588220771041054 0.01246943113460423 0.015048266706110822 96071.694000000018 0.0076274329070448984 4509.3482446100015 1071.1207142857127 -0.18630897394654514 -0.009235323821210251 -0.80486151675690876 766.27999999999895
decision_type=2 2 2 2 2 2 2 2 2 2 2 2 2 2 2 2 2 2 2 2 2 2 2 2 2 2 2 2 2 2
left_child=-1 4 -3 -4 26 6 -6 8 9 10 -7 17 14 -14 18 16 -16 -12 19 25 24 -22 23 -23 28 -13 -2 -17 -10 -19
right_child=1 2 3 -5 5 7 -8 -9 20 -11 11 12 13 -15 15 27 -18 29 -20 -21 21 22 -24 -25 -26 -27 -28 -29 -30 -31
leaf_value=-0.00012532460521268952 7.9273534565687124e-05 -0.00039267584713222232 -8.1350978881754191e-05 8.5177910307296422e-05 -3.3002293019155191e-05 6.5872114258963086e-05 1.186445822622394e-05 9.9937876511331291e-06 4.2878880723998546e-06 -3.6981737431595928e-05 -8.0111952450571787e-05 8.0020048613429779e-05 1.1909287579337978e-05 -0.00051274672596827596 -0.00020616195521965948 6.4270450475828968e-05 7.9378919350539989e-05 2.6080426943855583e-06 8.7147537951376246e-05 -0.00018250215349323399 -2.5943751475744982e-06 5.8738412667040112e-05 7.7452114770532613e-05 -0.00037443784929879414 2.0496858034223691e-07 -5.7056527143448979e-06 7.1938031354753774e-06 -0.00016720707330235485 4.2550433156416725e-05 0.00010931196994344458
leaf_weight=21 239 24 20 52 32 78 22 115 21 23 34 38 20 20 21 47 24 22 118 23 35 34 82 30 36 20 22 20 220 117
leaf_count=21 239 24 20 52 32 78 22 115 21 23 34 38 20 20 21 47 24 22 118 23 35 34 82 30 36 20 22 20 220 117
internal_value=0.00174847 0.0018614 -0.00125 0.00152778 0.00205882 0.00172524 -0.00240741 0.00191152 0.00162973 0.00084 0.0011794 0.000610687 -0.000413105 -0.0075 0.000498392 -0.00214286 -0.00833333 0.00268786 0.00198492 -0.000555555 0.00270742 0.0011326 0.00226027 -0.00046875 0.00373646 0.00241379 0.003659 0.00201493 0.00437759 0.00392086
internal_weight=1630 1609 96 72 1513 1252 54 1198 1083 625 602 524 351 40 311 112 45 173 199 81 458 181 146 64 277 58 261 67 241 139
internal_count=1630 1609 96 72 1513 1252 54 1198 1083 625 602 524 351 40 311 112 45 173 199 81 458 181 146 64 277 58 261 67 241 139
is_linear=0
shrinkage=0.05


Tree=30
num_leaves=31
num_cat=0
split_feature=2 36 21 30 38 32 9 36 5 40 9 25 5 15 15 23 9 36 32 21 19 41 41 36 22 5 21 42 7 9
split_gain=1.02459 0.529583 0.819614 0.554325 1.05423 0.519723 0.369608 0.922066 0.297458 0.274129 0.387867 0.501521 1.29953 0.402124 0.654054 0.813063 0.681081 0.735703 0.467938 0.865691 0.981818 0.368814 0.29544 0.34749 0.285787 0.258511 0.216564 0.17546 0.154211 0.509145
threshold=79094.740000000005 8774.197960968655 151.73000000000323 118101.73759818896 47.649100913850639 4619.6520724991578 -0.021849584250580364 -8290.9493217613472 -0.0010159410057638384 661.11370092582376 -0.0097474191326117118 1.1580579837489229 0.0021634236196558907 0.0038643997947393522 0.0051432341588502602 -0.92602207849880436 -0.005228999656661279 2578.239156337761 403.34502726151555 116.56000000000496 815.91000000000361 -434.81818037918953 16.9785866653169 94.983410264227146 1790.2641252500005 -0.0026374147360221983 551.18499999999779 92.178128765819963 0.00072826647342842589 0.0055664095479049302
decision_type=2 2 2 2 2 2 2 2 2 2 2 2 2 2 2 2 2 2 2 2 2 2 2 2 2 2 2 2 2 2
left_child=-1 3 -3 6 25 -4 7 -2 -9 10 27 13 -13 -12 15 -15 -17 21 24 20 -20 -18 -21 -24 -16 -5 -11 -8 29 -26
right_child=1 2 5 4 -6 -7 9 8 -10 26 11 12 -14 14 18 16 17 -19 19 22 -22 -23 23 -25 28 -27 -28 -29 -30 -31
leaf_value=-0.00011905837495205509 -0.00016397372389512758 -1.1912881501021298e-05 -0.00012145397262174957 -0.00020889807128042569 -0.00029826582171368384 6.7603586474554748e-05 0.00013220559724380068 0.00020166686556113555 -9.5265981632125551e-06 2.9190002874958433e-05 7.9836998564424683e-05 -0.0003931059829436498 1.3219036987771832e-05 0.00016740958589463542 -8.8593242120565744e-06 -0.00041078265700889515 -8.4247704960067597e-05 -8.4246766268261143e-05 -0.00023922532418825445 -4.7080347887954151e-07 2.8127746178631809e-05 0.00022903803196256271 -3.1978652835998152e-06 7.3125246779334911e-05 2.3894097294571158e-05 0.0001585340079758351 2.6000115215517389e-05 9.1715572192389856e-06 7.2185102414510738e-05 -0.00013644499416411694
leaf_weight=21 25 29 28 20 21 39 143 39 20 215 155 24 34 37 20 21 25 31 22 39 33 34 21 90 137 27 30 20 210 20
leaf_count=21 25 29 28 20 21 39 143 39 20 215 155 24 34 37 20 21 25 31 22 39 33 34 21 90 137 27 30 20 210 20
internal_value=0.00168712 0.00183033 -0.00177083 0.00205882 -0.00235294 0.00126866 0.00226644 -0.000952381 0.00245763 0.0024651 0.00213262 0.00174711 -0.00275862 0.00203911 0.00155405 -0.00141892 -0.00355856 -0.00166667 0.0022973 0.000365854 -0.005 0.00161017 0.00233333 0.00364865 0.00332041 0.00180851 0.00397959 0.0043865 0.0036376 0.00245223
internal_weight=1630 1609 96 1513 68 67 1445 84 59 1361 1116 953 58 895 740 148 111 90 592 205 55 59 150 111 387 47 245 163 367 157
internal_count=1630 1609 96 1513 68 67 1445 84 59 1361 1116 953 58 895 740 148 111 90 592 205 55 59 150 111 387 47 245 163 367 157
is_linear=0
shrinkage=0.05


Tree=31
num_leaves=31
num_cat=0
split_feature=0 19 0 22 22 19 24 15 19 19 26 3 7 25 36 16 22 19 25 27 24 3 11 31 11 20 23 39 7 20
split_gain=0.6148 0.402264 0.330205 0.585432 0.755714 0.349961 0.689465 0.719528 0.284107 0.559791 0.633046 0.847463 0.873123 0.556319 0.658088 0.30128 0.66062 0.432965 0.705558 0.288532 0.295125 0.597054 0.281482 0.665033 0.659093 0.882907 0.520755 0.335862 0.3535 0.272109
threshold=80412.500000000015 568.44499999999982 118906.02500000001 2886.1945600000004 3397.0163487500004 630.27500000000157 2919.6622420000008 0.0059019909361803886 715.90999999999633 878.04499999999837 111817.68379461131 105290.71500000001 0.0014932667298823883 -0.61476977051690029 48.923455611831749 0.0056353574105946517 2389.6028197500004 1123.4900000000055 0.33232248522011626 114372.87375000001 2445.0493827000005 111375.95000000001 -0.00081161966647280855 91238.057800000024 -0.014950142522045736 334.61499999999802 -0.20782518209917109 1618.6571428571428 -0.013088167565841335 207.1650000000009
decision_type=2 2 2 2 2 2 2 2 2 2 2 2 2 2 2 2 2 2 2 2 2 2 2 2 2 2 2 2 2 2
left_child=-1 -2 5 -4 -5 6 7 -3 -7 10 11 13 -13 -10 -15 16 17 -11 -19 20 -17 22 23 -22 27 26 -26 -25 -29 -24
right_child=1 2 3 4 -6 8 -8 -9 9 15 -12 12 -14 14 -16 19 -18 18 -20 -21 21 -23 29 24 25 -27 -28 28 -30 -31
leaf_value=-0.00011310545620445241 6.9292293187990257e-05 1.5788735149037428e-05 -0.00026023069285353466 0.00011649623579721688 -0.00017927346943742988 2.5495698047524757e-05 0.00015612844161269111 -4.3952848885599796e-05 8.5293062882485309e-05 6.1119783090325029e-05 3.6162900331480929e-05 -0.00012767473061950176 1.6882116849839482e-05 -0.00031713307593052254 1.7797803488087513e-06 8.9059470777218155e-05 -9.4206748997755242e-05 -0.00015488657060639467 2.7833974829088843e-05 0.00019503702340267819 7.8349117950465657e-05 -3.7223532839401415e-06 1.8110901671791933e-06 4.2034459597246543e-05 9.1792648919131352e-05 -0.0002366551340031298 -7.6541259132821386e-05 0.00014686356299068641 -0.0001689092931544583 4.0529949703032895e-05
leaf_weight=21 245 29 22 50 20 116 25 20 35 52 48 22 23 31 25 76 30 23 32 96 74 37 84 64 23 23 30 27 31 196
leaf_count=21 245 29 22 50 20 116 25 20 35 52 48 22 23 31 25 76 30 23 32 96 74 37 84 64 23 23 30 27 31 196
internal_value=0.00159509 0.00170603 0.00137097 -0.00152174 0.000714286 0.00158019 -0.00175676 -0.00520408 0.00178631 0.0015342 -0.000978261 -0.00272059 -0.00833333 5.49452e-05 -0.00303571 0.002049 -0.000109489 0.00172897 -0.00136364 0.00243758 0.00206767 0.0016893 0.00210145 0.000955883 -0.000555555 -0.00421053 -0.000660377 0.00172131 -0.00103448 0.00321429
internal_weight=1630 1609 1364 92 70 1272 74 49 1198 1082 184 136 45 91 56 898 137 107 55 761 665 589 552 272 198 76 53 122 58 280
internal_count=1630 1609 1364 92 70 1272 74 49 1198 1082 184 136 45 91 56 898 137 107 55 761 665 589 552 272 198 76 53 122 58 280
is_linear=0
shrinkage=0.05


Tree=32
num_leaves=31
num_cat=0
split_feature=2 24 24 20 19 4 38 31 9 19 18 20 39 18 16 13 40 36 16 17 9 21 0 9 4 21 13 34 11 17
split_gain=0.605957 0.511053 0.819527 0.59048 0.488448 0.791481 0.87963 0.508898 0.431834 0.887842 0.568582 0.560221 0.544872 0.420396 0.408333 0.360069 1.11041 0.323421 0.739452 0.378789 0.613333 0.286713 0.436364 0.277297 0.388997 0.749318 0.547556 0.237024 0.362359 0.657392
threshold=79094.740000000005 2495.9037352000005 2539.9887915300001 44.61499999999797 568.44499999999982 1669.5635550000002 50.00370824318609 106934.96680000001 -0.021849584250580364 1212.5000000000002 -1466.4150000000006 65.369999999995358 1659.618214285714 1602.3149999999953 0.0060308752602135224 -0.0083761324089240401 -1137.7608429480676 1240.2654650565385 0.0049514191187196343 0.0064805137922651105 -0.0056762007524048244 626.59500000000855 105555.13000000002 -0.00053263831304049597 3092.3120050000002 626.59500000000855 -0.0013844012239382978 94305.211640933951 0.01428403056353756 0.0074526727307442997
decision_type=2 2 2 2 2 2 2 2 2 2 2 2 2 2 2 2 2 2 2 2 2 2 2 2 2 2 2 2 2 2
left_child=-1 17 -3 -4 -5 6 14 -8 9 -7 -10 -12 -11 15 -6 21 -17 18 -2 -20 -21 -13 -23 24 26 -26 -18 28 -25 -30
right_child=1 2 3 4 5 8 7 -9 10 12 11 13 -14 -15 -16 16 23 -19 19 20 -22 22 -24 27 25 -27 -28 -29 29 -31
leaf_value=-0.00010745018339422984 -0.00017191537885127514 -0.00015926883977356726 3.0782654528635851e-05 8.3582049630358824e-05 -1.1347562777505014e-05 -0.00010149715513161459 -1.1373357168451414e-06 -0.00029987516188129343 -0.00015202291083899931 0.0002015500289465531 -6.3776540188260287e-05 0.00010697600578101442 -0.00026658573621389389 -2.9560779874562801e-05 5.2233769919579601e-05 -0.00012214672264123185 -0.00032405588518210699 5.4648549781509891e-05 6.4676064227690497e-05 0.00016631790341981945 -9.2071681675234428e-05 2.5381878320890339e-05 -1.6504416432833702e-05 7.1159685177576949e-05 -0.00011973702456995216 0.00012346896951600321 8.4095603499010667e-05 1.1839381654790777e-05 3.9048570607666555e-05 -0.00025881577874660395
leaf_weight=21 20 35 124 110 20 22 33 21 29 34 23 164 26 28 40 20 20 236 121 23 27 24 20 55 30 27 74 151 29 23
leaf_count=21 20 35 124 110 20 22 33 21 29 34 23 164 26 28 40 20 20 236 121 23 27 24 20 55 30 27 74 151 29 23
internal_value=0.00153374 0.00164388 0.00110829 0.00133827 0.000943304 0.000564075 -0.00333333 -0.00796296 0.00112015 -0.00231707 0.00151325 0.00180233 0.000833334 0.00206767 0.000833334 0.00233124 0.0015035 0.00312646 0.00159686 0.00266082 -0.001 0.00403846 0.000454546 0.00206601 0.000364239 -0.00289474 0.00234043 0.00306202 0.00126168 -0.00173077
internal_weight=1630 1609 1182 1147 1023 913 114 54 799 82 717 688 60 665 60 637 429 427 191 171 50 208 44 409 151 57 94 258 107 52
internal_count=1630 1609 1182 1147 1023 913 114 54 799 82 717 688 60 665 60 637 429 427 191 171 50 208 44 409 151 57 94 258 107 52
is_linear=0
shrinkage=0.05


Tree=33
num_leaves=31
num_cat=0
split_feature=24 24 19 11 9 4 20 4 35 5 42 17 3 41 41 40 22 22 4 5 38 38 23 36 5 22 31 38 31 23
split_gain=0.456148 0.529322 0.459897 0.515821 0.750843 0.765625 0.660154 0.675279 0.531289 0.517204 0.537634 0.934562 0.467195 0.736747 2.55714 0.8721 0.702808 0.359911 0.333117 0.314475 0.473835 0.445196 0.73828 0.416843 0.313636 0.265664 0.252895 0.797361 0.329444 0.217582
threshold=2514.4123637000007 2539.9887915300001 568.44499999999982 0.0090851819566976442 0.010849832879613823 3590.2072600000006 44.61499999999797 1203.2791050000003 95754.643050000028 -0.0012830715786325867 74.508178165260901 0.0076606747397671444 108715.23000000003 -393.99951886557767 33.380378518753339 936.87803671872837 5782.9094353750015 2571.6128187500003 1987.3846700000001 -0.0031913674585646963 57.791213091483478 39.63960158861444 1.6842984955620739 -5628.742852701921 0.00058818811865184054 3397.0163487500004 114595.55650000002 65.149399208408184 115184.8031 0.29498677975604098
decision_type=2 2 2 2 2 2 2 2 2 2 2 2 2 2 2 2 2 2 2 2 2 2 2 2 2 2 2 2 2 2
left_child=26 -2 25 4 6 -6 -4 -8 9 -5 -11 -12 16 24 -15 18 19 -10 -16 21 -21 22 23 -9 -14 -3 -1 28 -28 -23
right_child=1 2 3 8 5 -7 7 12 17 10 11 -13 13 14 15 -17 -18 -19 -20 20 -22 29 -24 -25 -26 -27 27 -29 -30 -31
leaf_value=4.4034994647324125e-05 -0.00025667031282938167 0.0001043539886852063 4.17008085219955e-05 8.6225301114041384e-05 -3.5194933319371924e-06 2.8569927877781134e-06 -3.7881245820699435e-06 -0.0003764253668573113 4.0629345323454602e-07 4.3962768635443911e-05 5.3327941506875385e-06 -0.00093983412700352474 4.1431742352374969e-05 -0.00014674040120677973 -6.3192462596570303e-05 -0.00023612691559622798 -0.00011621553022636916 3.3040950838263345e-05 8.9886308295771778e-05 8.8148357285312606e-05 -5.4733333511378293e-07 7.9675461591739195e-05 0.00017312648161628706 7.8872612110349404e-07 -0.00012611462105911864 -6.6019157023769583e-07 -8.4972534184095126e-06 -2.9693105768806978e-06 0.00011868809831354094 1.9434558855467122e-05
leaf_weight=300 21 106 73 37 32 32 22 21 22 31 35 27 46 38 20 23 26 161 57 164 36 44 20 22 20 27 30 25 86 26
leaf_count=300 21 106 73 37 32 32 22 21 22 31 35 27 46 38 20 23 26 161 57 164 36 44 20 22 20 27 30 25 86 26
internal_value=0.00147239 0.000962994 0.00110445 0.000748792 1.38506e-05 -0.00515625 0.000516717 -4.27349e-05 0.00244409 1.86265e-10 -0.00198925 -0.00467742 0.000293073 -0.00161765 -0.00369565 0.0005 0.00137883 0.00418033 0.00305195 0.001997 0.00325 0.000112782 -0.00293651 -0.00662791 0.00272727 0.00387218 0.00284581 0.00109929 0.00284483 0.00285714
internal_weight=1630 1189 1168 1035 722 64 658 585 313 130 93 62 563 204 138 100 359 183 77 333 200 133 63 43 66 133 441 141 116 70
internal_count=1630 1189 1168 1035 722 64 658 585 313 130 93 62 563 204 138 100 359 183 77 333 200 133 63 43 66 133 441 141 116 70
is_linear=0
shrinkage=0.05


Tree=34
num_leaves=31
num_cat=0
split_feature=31 18 19 4 22 18 16 36 4 19 34 7 9 4 11 34 16 30 18 34 16 39 11 13 31 42 9 13 19 18
split_gain=0.48844 0.634425 0.634785 1.05286 0.921404 0.663119 0.4593 0.87811 1.18971 0.441025 0.392674 0.390876 1.0582 1.04435 1.11517 0.499344 1.02041 0.609524 0.355084 0.353127 0.734295 0.664116 0.251271 0.22156 0.266261 0.195877 0.205168 0.541311 0.625 0.164337
threshold=103719.63210000003 1602.3149999999953 810.47500000000593 2774.8187950000006 2297.47993 -1466.4150000000006 0.0065820567697061861 -2886.1985922471572 1757.8783650000003 574.70999999999924 116489.99221513387 -0.0036510142587460642 -0.004526129356487261 3460.5634400000004 -0.0065240033636437154 114759.87986342164 0.0060553678527148621 115899.3297164393 -553.05500000000018 105660.6565354214 0.0065979087019648339 924.6564285714278 -0.0065240033636437154 -0.041231615956225265 118266.04850000002 -442.44834141364385 0.009948075856561581 0.012504202322086643 1401.4349999999979 -690.32499999999698
decision_type=2 2 2 2 2 2 2 2 2 2 2 2 2 2 2 2 2 2 2 2 2 2 2 2 2 2 2 2 2 2
left_child=1 2 3 4 -1 -4 -6 -8 -9 -2 11 23 13 14 -13 18 -17 -18 -14 20 21 -20 -21 -11 -25 -7 29 28 -28 -27
right_child=9 -3 5 -5 6 25 7 8 -10 10 -12 12 15 -15 -16 16 17 -19 19 22 -22 -23 -24 24 -26 26 27 -29 -30 -31
leaf_value=-0.00015378211340328629 8.7516740814702395e-05 -0.00010665763148083493 -0.00012191442065558286 -5.5661019645864262e-05 8.9729662698131364e-05 -1.4703407760383625e-05 0.00010300865933499906 -0.00011025357273185119 1.6922685419566588e-05 3.2610218575120625e-06 -0.00014268948077433318 6.9420589484293067e-05 -3.163236846097408e-06 -0.0001032070935285288 -0.00017604820453991543 -0.0001093611062314771 -1.1643697469679363e-05 3.6609878964990555e-05 1.5618552753015473e-05 9.8402742600219202e-06 8.6371893452895438e-05 -0.00019901582260603334 5.373557560482109e-05 5.9981578039782232e-05 -1.340913710376811e-05 1.5692666160830771e-05 -5.7400430832300024e-05 6.5004376502993079e-05 6.6325365632879157e-05 0.00010109617894617874
leaf_weight=24 179 23 28 24 48 20 48 20 33 23 26 33 24 21 25 22 24 56 22 27 64 29 223 228 23 48 20 51 20 174
leaf_count=24 179 23 28 24 48 20 48 20 33 23 26 33 24 21 25 22 24 56 22 27 64 29 223 228 23 48 20 51 20 174
internal_value=0.00125767 9.46646e-05 0.000430108 -0.00185279 -0.000491329 0.0016759 0.000973155 -0.000940594 -0.00537736 0.00190181 0.00143678 0.00162322 0.000877193 -0.00449367 -0.00103448 0.00174134 -0.00137255 0.00125 0.00255784 0.00294521 0.000652174 -0.00382353 0.004 0.00317518 0.00360558 0.0022973 0.00260383 0.000604396 -0.00375 0.00342342
internal_weight=1630 581 558 197 173 361 149 101 53 1049 870 844 570 79 58 491 102 80 389 365 115 51 250 274 251 333 313 91 40 222
internal_count=1630 581 558 197 173 361 149 101 53 1049 870 844 570 79 58 491 102 80 389 365 115 51 250 274 251 333 313 91 40 222
is_linear=0
shrinkage=0.05


Tree=35
num_leaves=31
num_cat=0
split_feature=5 39 3 40 36 16 24 20 20 11 25 20 20 23 39 39 17 9 13 5 11 30 21 39 28 41 23 9 32 23
split_gain=0.544919 1.02311 0.562893 0.295566 0.290422 0.831254 0.464251 0.27373 0.483712 0.738994 0.603175 0.305342 0.631844 1.0684 1.0213 0.266118 0.479421 1.00328 0.89966 0.445426 0.280292 0.273487 0.257112 0.176348 0.204906 0.460374 0.323557 0.155767 0.143791 0.225957
threshold=-0.013329295889105549 1659.618214285714 82549.410000000018 -277.57779198803468 8452.2228287217968 0.0071156170580794209 3768.8604140000007 44.61499999999797 68.284999999996231 -0.0072951529451665874 -0.67942360850175831 110.97000000000118 149.50499999999741 -0.55132545463719129 1121.773571428573 1436.3460714285713 0.0074734236206862436 0.01167417793331106 0.013277554046253795 -0.0045779932322775963 0.015071214939069452 118060.59399450503 581.02999999999895 1027.1071428571424 -193.57442287814044 27.303067381966013 -0.77034647851684135 0.012668235461781743 -3129.7162517247702 0.03188384189605848
decision_type=2 2 2 2 2 2 2 2 2 2 2 2 2 2 2 2 2 2 2 2 2 2 2 2 2 2 2 2 2 2
left_child=1 3 -2 -1 7 -6 -7 27 9 -9 -11 -10 13 -13 -15 16 21 19 -19 -18 -21 22 23 24 -14 -26 -27 -4 29 -17
right_child=2 -3 4 -5 5 6 -8 8 11 10 -12 12 15 14 -16 28 17 18 -20 20 -22 -23 -24 -25 25 26 -28 -29 -30 -31
leaf_value=-1.1389980093245069e-06 -0.00010474074591106668 -0.0004325991662264518 4.7815282765580281e-05 0.00017662301863047297 -8.766075774475801e-05 3.1546207171382343e-05 -1.3792746564869789e-05 -0.00027624998714729712 8.6338718109721792e-05 -6.1272284414182004e-05 7.1369214984896015e-05 0.00010876140255031658 5.5129061107582807e-05 -0.00015213955581272964 2.8599599606388841e-06 4.7511689424182422e-05 -1.543649187277276e-06 -0.00045194843055217462 -4.4476458248425519e-06 2.5072511240811878e-05 -2.593340732636894e-06 -6.5458648113767416e-05 3.3821434302521193e-06 0.00010744227100855213 -2.8417621266626532e-05 -2.5753839763166305e-05 7.1551097910270908e-05 5.8181306764534863e-07 8.7848053487497475e-05 -9.731736987851771e-05
leaf_weight=28 31 26 158 30 21 72 20 20 158 25 38 47 71 32 26 51 37 21 28 131 20 30 34 148 37 20 97 20 132 21
leaf_count=28 31 26 158 30 21 72 20 20 158 25 38 47 71 32 26 51 37 21 28 131 20 30 34 148 37 20 97 20 132 21
internal_value=0.00177914 -0.00214286 0.00199224 0.00155172 0.00212871 -0.000309734 0.00173913 0.00232525 0.00205882 -0.00162651 0.00103175 0.00232691 0.00199898 -0.00166667 -0.0062069 0.00243736 0.00195846 0.00014768 -0.00622449 0.00180851 0.00301325 0.0029405 0.0032801 0.00365952 0.00277778 0.00175325 0.0032906 0.0041573 0.00401961 0.00222222
internal_weight=1630 84 1546 58 1515 113 92 1402 1224 83 63 1141 983 105 58 878 674 237 49 188 151 437 407 373 225 154 117 178 204 72
internal_count=1630 84 1546 58 1515 113 92 1402 1224 83 63 1141 983 105 58 878 674 237 49 188 151 437 407 373 225 154 117 178 204 72
is_linear=0
shrinkage=0.05


Tree=36
num_leaves=31
num_cat=0
split_feature=4 19 40 18 19 38 20 18 19 39 15 25 36 5 17 23 41 28 9 23 21 20 9 41 13 20 13 21 7 32
split_gain=0.611976 0.625534 0.549103 0.54167 0.728029 1.24219 0.664866 0.327569 0.849547 0.297308 0.558542 0.4281 0.581538 0.793849 0.275238 0.281667 0.270287 0.612745 0.222802 0.684226 0.24018 0.479167 0.155769 0.132315 0.147068 0.684705 0.245354 0.163162 0.220636 0.178589
threshold=2954.0754550000006 810.47500000000593 -194.47063834796424 -1549.1600000000033 1273.4199999999985 36.105717391870733 207.1650000000009 527.76999999999691 878.04499999999837 1345.820357142856 0.009268412176808587 0.56712316858424028 984.21805151061574 0.0023760465377946479 0.01196734756817183 1.576477329766927 75.831251886460393 203.44504397020503 0.01246943113460423 -0.40771800685025283 557.72000000000855 171.34499999999392 0.0057199022168125547 -765.90764346503738 -0.01258388858813366 156.0400000000009 -0.019697959150436394 148.67500000000294 0.0054534295803310767 -723.17027532895725
decision_type=2 2 2 2 2 2 2 2 2 2 2 2 2 2 2 2 2 2 2 2 2 2 2 2 2 2 2 2 2 2
left_child=7 -2 3 6 5 -5 -3 18 -9 10 11 12 -4 -14 15 22 17 -10 20 -20 23 -22 -6 -1 25 26 -25 28 29 -26
right_child=1 2 9 4 14 -7 -8 8 16 -11 -12 -13 13 -15 -16 -17 -18 -19 19 -21 21 -23 -24 24 27 -27 -28 -29 -30 -31
leaf_value=3.3534065385038293e-05 -5.2643790063619132e-05 8.9339450316450195e-06 6.0702908607362779e-05 1.4704442035126079e-05 0.00010167549460468593 -0.00014220681994093595 -0.00022861821670445929 -0.00010338121698753352 9.9446877941337857e-05 0.00010961756898503964 -0.0004053493647527387 2.1909944020032267e-05 -2.4110388070507557e-05 2.3240435800759928e-05 -5.5744230983649729e-05 -0.00013200574208448098 4.4188907277912932e-05 -0.00010423380008230889 1.3076895831257231e-05 -0.00019047539316597824 0.00016531397739896747 -4.490190781577793e-05 5.8336965464645234e-05 7.60259677310836e-07 -1.922973262600773e-05 0.00012327642368133835 -0.00019409798183195144 4.5360429127734553e-05 -7.9657758415472917e-06 7.5570100059115205e-05
leaf_weight=115 31 21 28 32 81 25 20 22 34 129 22 109 27 23 25 30 65 20 41 20 23 25 39 21 25 55 20 284 20 198
leaf_count=115 31 21 28 32 81 25 20 22 34 129 22 109 27 23 25 30 65 20 41 20 23 25 39 21 25 55 20 284 20 198
internal_value=0.00184049 0.000638629 0.00099018 -0.000677655 0.000258621 -0.00464912 -0.00597561 0.00262146 0.000390071 0.00233728 0.00117225 0.00205882 -0.000769231 -0.004 0.00185714 0.00266667 0.00205882 -0.000555555 0.00299292 8.19674e-05 0.00321883 -0.000208333 0.00375 0.00344173 0.00315409 0.00135417 -0.00353659 0.00348197 0.00253086 0.00298206
internal_weight=1630 642 611 273 232 57 41 988 141 338 209 187 78 50 175 150 119 54 847 61 786 48 120 738 623 96 41 527 243 223
internal_count=1630 642 611 273 232 57 41 988 141 338 209 187 78 50 175 150 119 54 847 61 786 48 120 738 623 96 41 527 243 223
is_linear=0
shrinkage=0.05


Tree=37
num_leaves=31
num_cat=0
split_feature=4 21 9 36 9 9 25 25 15 24 40 32 40 16 23 41 21 31 13 34 5 22 2 3 5 20 20 17 23 0
split_gain=0.644843 0.411607 0.631117 0.560631 0.995617 1.59269 0.391176 0.891085 0.572344 0.443526 0.869003 1.04518 0.517952 0.425768 0.563276 0.426139 0.659726 0.386696 0.384143 0.480237 0.328378 0.294491 0.231553 0.65748 0.999349 0.333579 1.03365 0.176746 0.267161 0.156896
threshold=3050.9223150000003 118.25000000000729 0.0095729904131735388 857.26582612018694 -0.0016881195413518135 -0.0083350941046866842 2.7814341071890927 2.0240771719536856 0.0090261175156324171 3768.8604140000007 -1486.2568500399573 -3200.4979338083281 648.0853229280184 0.0071506401875966489 0.40749176794233782 150.32209856845049 496.02500000000151 118425.64960000002 0.0099072955767253827 100850.99043231974 -0.00041452531844522045 3231.4213612500002 109562.73000000001 108715.23000000003 0.00021198536310554374 68.284999999996231 49.795000000005537 0.0080527023255387766 0.71519739459066234 83728.375000000015
decision_type=2 2 2 2 2 2 2 2 2 2 2 2 2 2 2 2 2 2 2 2 2 2 2 2 2 2 2 2 2 2
left_child=1 2 3 4 5 -1 7 9 -9 13 -11 -12 18 14 -2 16 -16 22 19 -13 -6 -5 23 25 -25 26 -3 -15 -29 -27
right_child=6 17 -4 21 20 -7 -8 8 -10 10 11 12 -14 27 15 -17 -18 -19 -20 -21 -22 -23 -24 24 -26 29 -28 28 -30 -31
leaf_value=4.5703904080550603e-05 -8.4771313814942614e-06 1.3806599972427767e-05 -0.00015745562750675254 8.1464838234516037e-05 -1.0279569436939748e-05 -0.00019314530457428182 0.00015395153382687684 1.6010107118567615e-05 -0.00038483364204289921 7.5094775461614934e-05 -0.00021795019333763828 2.8542409882301245e-05 -2.5334353055953395e-05 3.0937662006685336e-05 4.6317121239007858e-05 7.4079526341081864e-05 -0.00010156927187500922 -7.8962620963089515e-07 0.00016043335897725623 -0.00013365708649129451 0.00014066240792176963 -4.7587596212207811e-07 3.1437676561074251e-05 0.0001430424159092956 -0.00020286208372041322 6.2575531883006093e-05 -9.5276760685046163e-05 2.5195573222989663e-05 -5.195323153404083e-05 5.7383248092392065e-05
leaf_weight=26 25 57 33 135 20 29 42 26 28 56 26 22 29 92 37 61 22 36 45 24 54 37 245 24 29 20 22 49 28 251
leaf_count=26 25 57 33 135 20 29 42 26 28 56 26 22 29 92 37 61 22 36 45 24 54 37 245 24 29 20 22 49 28 251
internal_value=0.00162577 0.00239686 0.000958084 0.00167774 -0.000813953 -0.00590909 0.000343137 1.86265e-10 -0.00611111 0.000639535 -0.00118812 -0.00321918 -0.00125 0.00181529 -0.000172414 0.00125 -0.00177966 0.00309942 0.000604396 -0.0026087 0.00297297 0.00354651 0.00337963 0.00264268 -0.00254717 0.00342857 0.00056962 0.00352071 0.00175325 0.00426199
internal_weight=1630 1018 334 301 129 55 612 570 54 516 202 146 120 314 145 120 59 684 91 46 74 172 648 403 53 350 79 169 77 271
internal_count=1630 1018 334 301 129 55 612 570 54 516 202 146 120 314 145 120 59 684 91 46 74 172 648 403 53 350 79 169 77 271
is_linear=0
shrinkage=0.05


Tree=38
num_leaves=31
num_cat=0
split_feature=4 19 11 4 11 4 13 19 25 25 20 0 31 20 20 13 21 21 23 25 36 21 36 21 15 38 36 11 31 15
split_gain=0.56531 0.649357 0.724121 0.994815 1.05861 0.52459 1.03584 0.506191 0.494314 0.861057 0.458094 0.489586 1.06982 0.356463 0.459429 0.750149 0.397234 0.567377 0.736861 0.40578 0.28103 0.258511 0.251075 0.250085 0.543452 0.273648 0.738031 0.268254 0.212169 0.169231
threshold=3050.9223150000003 1471.0749999999973 -0.015859474575889123 3460.5634400000004 0.0066136202226060193 4041.7586350000006 0.019954521110930525 1866.6250000000002 2.5373678573199352 2.1315598979469841 159.67999999999304 106129.75000000001 91238.057800000024 44.61499999999797 71.429999999993029 -0.01258388858813366 80.235000000000596 14.1449999999968 -0.21435780791776823 -0.8196074231587388 5910.7081590322714 403.810000000005 2440.5464777372549 532.01499999999953 0.0063124342100033424 65.149399208408184 3002.0643713096147 0.01184546442462495 118445.9875 0.0057579477412962087
decision_type=2 2 2 2 2 2 2 2 2 2 2 2 2 2 2 2 2 2 2 2 2 2 2 2 2 2 2 2 2 2
left_child=13 2 -2 4 -4 20 -7 29 9 10 -9 12 21 -1 15 -15 17 -16 19 -19 -5 -12 -17 25 -25 28 -27 -28 -18 -3
right_child=1 7 3 5 -6 6 -8 8 -10 -11 11 -13 -14 14 16 22 23 18 -20 -21 -22 -23 -24 24 -26 26 27 -29 -30 -31
leaf_value=2.5036941660317425e-05 6.7415008002801605e-06 1.6880690783814845e-05 -0.00018748525544151675 0.00020390175077888352 -2.3790356658841954e-06 -5.0385890984276307e-05 6.5107633333706644e-06 0.00015075150260791326 0.00011531471905197522 -0.0004967010893848024 -8.7339406174259108e-06 2.0042188019407273e-05 -0.00022043855992950599 -0.00057701334312065149 0.00015028934935815854 6.4967499774395225e-05 5.5716930567583392e-05 -7.0766397554848138e-05 -0.00017135584065464444 7.9373092495865121e-05 -7.8034272049598367e-07 0.00014572508030793671 -3.903603528284198e-05 -4.8538046681052011e-06 9.9699413162349489e-05 1.0818812216344605e-05 -8.2420636108228605e-06 8.0733792403037119e-06 9.9459568028414594e-08 8.1484734491627696e-05
leaf_weight=144 57 20 26 40 28 23 38 43 47 24 20 50 38 20 47 38 408 36 36 61 21 27 26 22 36 71 24 21 28 110
leaf_count=144 57 20 26 40 28 23 38 43 47 24 20 50 38 20 47 38 408 36 36 61 21 27 26 22 36 71 24 21 28 110
internal_value=0.00162577 0.000424837 -0.00165236 -0.00323864 -0.00888889 -0.000737705 -0.00401639 0.00170185 0.000381526 -0.000693069 0.000505618 -0.000925926 -0.00323529 0.00234774 0.00196796 -0.00154762 0.00234177 0.000277778 -0.00139098 0.000876289 0.00254098 0.00180851 0.00109375 0.00295082 -0.000172414 0.00327899 0.00112069 -0.00388889 0.00385321 0.00423077
internal_weight=1630 612 233 176 54 122 61 379 249 202 178 135 85 1018 874 84 790 180 133 97 61 47 64 610 58 552 116 45 436 130
internal_count=1630 612 233 176 54 122 61 379 249 202 178 135 85 1018 874 84 790 180 133 97 61 47 64 610 58 552 116 45 436 130
is_linear=0
shrinkage=0.05


Tree=39
num_leaves=31
num_cat=0
split_feature=20 32 32 20 4 19 41 11 28 32 36 9 42 15 40 9 42 42 41 41 39 25 19 39 39 2 34 7 25 18
split_gain=0.44657 0.445304 1.31688 0.684031 0.587738 0.6522 0.399363 0.566916 0.583262 0.492699 0.352625 0.835677 0.513633 0.365668 0.51585 0.332392 0.230047 0.489318 0.180673 1.12084 0.520456 0.718307 0.879339 0.409814 0.954545 0.380952 0.155023 0.150617 0.136179 0.230488
threshold=49.795000000005537 -1770.8817185092119 -1994.6205919450292 58.049999999995642 2654.5384100000006 968.31499999999517 -1726.9224821160985 -0.0078154795901800612 -4271.6124888912518 -2695.6572282481789 8346.675570451067 -0.0033099564929497771 122.58703925194131 0.0030116680702116385 115.79299849976816 0.013833371384070049 -158.78526931912137 -144.82758754790547 80.18159310003314 7.3552402024598482 1119.5632142857141 -0.63066902455826968 919.50500000000477 1317.3842857142863 1406.7060714285708 107282.07500000001 116348.51960640398 -0.0041734393642977275 -0.50224691742105509 -160.59500000000114
decision_type=2 2 2 2 2 2 2 2 2 2 2 2 2 2 2 2 2 2 2 2 2 2 2 2 2 2 2 2 2 2
left_child=15 2 4 -3 28 -6 -7 8 -8 27 13 -12 -13 14 -5 -1 26 -18 19 20 21 -19 -23 -20 -25 -24 -15 -10 -2 -30
right_child=1 3 -4 10 5 6 7 -9 9 -11 11 12 -14 16 -16 -17 17 18 23 -21 -22 22 25 24 -26 -27 -28 -29 29 -31
leaf_value=3.576630933973562e-05 7.5272157144360154e-05 -8.0937552569039625e-05 -4.3091607606931258e-05 -0.00016025677367727153 -6.4538354865335099e-05 0.00017076380031318941 -0.00032848053012116531 -0.00023623712083001606 0.00010921460324339393 -9.0097867510108808e-05 -8.4434350658749296e-05 5.2970230687119759e-05 -1.0156595883435377e-06 6.6806806771861757e-05 9.4293376281381775e-06 -1.9786305184707207e-06 -0.00014085443995274537 4.068247733024689e-05 3.003993107061064e-05 -6.3108647415663891e-05 6.9811406731806397e-05 -0.00025462254725471694 5.5156924570888666e-05 -0.00021627850992703159 7.6845580426461262e-05 -8.5454537868376681e-05 4.0067216324118857e-05 1.2295736033029796e-05 8.7646007580189806e-05 -3.6156438699565699e-06
leaf_weight=202 67 27 29 25 21 33 20 28 61 28 20 45 38 155 37 20 26 53 312 20 143 20 21 21 56 21 20 20 21 20
leaf_count=202 67 27 29 25 21 33 20 28 61 28 20 45 38 155 37 20 26 53 312 20 143 20 21 21 56 21 20 20 21 20
internal_value=0.00156442 0.0012358 -0.000316092 0.00174528 0.000611285 -0.00092417 1.86265e-10 -0.00105096 0.000348837 0.00178899 0.00195063 -0.000825243 0.00138554 0.00225806 -0.00145161 0.00364865 0.00252304 0.002114 0.00237631 0.00140288 0.00228682 -0.000217391 -0.00387097 0.00307198 -0.000194805 0.000238095 0.00414286 0.00376543 0.00361111 0.00134146
internal_weight=1630 1408 348 1060 319 211 190 157 129 109 1033 103 83 930 62 222 868 693 667 278 258 115 62 389 77 42 175 81 108 41
internal_count=1630 1408 348 1060 319 211 190 157 129 109 1033 103 83 930 62 222 868 693 667 278 258 115 62 389 77 42 175 81 108 41
is_linear=0
shrinkage=0.05


Tree=40
num_leaves=31
num_cat=0
split_feature=4 19 28 20 5 15 20 34 38 9 32 4 0 20 39 9 7 11 40 19 19 19 23 32 22 41 16 19 19 16
split_gain=0.653661 0.699394 0.97507 0.473392 0.768884 1.07892 0.865243 0.468194 1.15832 0.549323 0.421033 0.4 0.374691 0.336014 0.285714 0.216286 0.616017 0.652497 0.205566 0.22 0.679859 0.26177 0.411485 0.845 2.025 0.306249 0.507564 0.423263 0.260893 0.541731
threshold=4187.2513400000007 1392.9749999999988 1426.4999368336869 159.67999999999304 -0.007831738599554933 0.0067320331840610053 543.33999999999662 115773.05203889786 47.649100913850639 -0.021849584250580364 5441.790836125766 5815.9185400000015 82999.055000000008 286.28500000000355 1110.522142857144 -0.0078508005974393703 -0.0080833858553761 -0.0027146431849693615 819.60093559107202 395.31499999999511 444.96500000000384 571.60500000000332 -0.59401758763621271 1246.5487450688236 3168.2014605750005 27.303067381966013 0.0052561682513059286 803.45500000000186 762.4850000000007 0.0063587509695982444
decision_type=2 2 2 2 2 2 2 2 2 2 2 2 2 2 2 2 2 2 2 2 2 2 2 2 2 2 2 2 2 2
left_child=7 2 -2 -3 6 -6 11 9 14 -1 12 -5 -11 -7 -9 -14 17 -17 19 -18 -21 -22 23 28 -25 26 -24 -28 -23 -30
right_child=1 3 -4 4 5 13 -8 8 -10 10 -12 -13 15 -15 -16 16 18 -19 -20 20 21 22 25 24 -26 -27 27 -29 29 -31
leaf_value=-3.9502049095949978e-05 -4.3096424665106786e-05 0.00012366554110485739 2.1622253528208125e-06 0.00010527482916811138 -8.6732311939983022e-05 -9.247962865905632e-06 -0.00015909478535315599 -1.8837189573598638e-06 -0.00015844977260745594 -0.00014064566478280206 -1.5688097645193597e-06 -9.0913320398725429e-05 4.7215677846930537e-05 8.6465793489125459e-05 9.1116654611807428e-05 -0.00020775711142831792 9.6525870302152747e-05 0.00010362118669498375 6.704397212612221e-05 -5.4088970169888112e-05 6.5798269201073524e-05 6.2299579921089714e-05 -8.9398231963245243e-05 -8.4012472325112095e-05 5.7236829898770201e-05 4.8214680799114812e-05 -1.8853886068942567e-05 4.7140889885915234e-05 -0.00018695680720918451 1.1281592457385791e-05
leaf_weight=25 21 67 30 20 35 20 31 21 32 23 21 20 168 110 42 20 75 21 126 29 89 67 25 20 20 190 34 135 21 72
leaf_count=25 21 67 30 20 35 20 31 21 32 23 21 20 168 110 42 20 75 21 126 29 89 67 25 20 20 190 34 135 21 72
internal_value=0.00153374 -0.000367231 -0.00578431 0.000544555 -0.000508474 0.00136364 -0.00485915 0.00206113 -0.00131579 0.00233277 0.00249135 1.86265e-10 0.00262115 0.00346154 0.00261905 0.0027518 0.00245763 -0.00353659 0.00272979 0.002426 0.002151 0.002474 0.00208904 0.00025 -0.00625 0.00304688 0.00164948 0.00263314 0.001875 0.000161291
internal_weight=1630 354 51 303 236 165 71 1276 95 1181 1156 40 1135 130 63 1112 944 41 903 777 702 673 584 200 40 384 194 169 160 93
internal_count=1630 354 51 303 236 165 71 1276 95 1181 1156 40 1135 130 63 1112 944 41 903 777 702 673 584 200 40 384 194 169 160 93
is_linear=0
shrinkage=0.05


Tree=41
num_leaves=31
num_cat=0
split_feature=36 20 11 40 41 21 26 21 24 17 27 38 42 7 9 34 11 23 34 19 23 23 25 23 21 17 36 13 4 4
split_gain=0.760777 1.01915 0.768896 0.420424 0.690896 0.842885 1.64545 1.23179 0.974959 0.505103 0.332623 0.304581 0.715304 0.279624 1.12407 0.255259 0.57806 0.695817 0.276097 0.396703 0.228473 0.565773 0.210669 0.409806 0.298039 0.168742 0.39548 0.148913 0.140299 0.128571
threshold=8346.675570451067 277.50000000000006 0.0068861583511795168 -165.85974348119632 -463.26067439352863 499.50499999999744 107497.15026317116 72.129999999997395 3491.7422831000003 0.012119001586946216 109081.80150000002 34.231347207547252 -90.315306639275079 0.00099349087547989765 0.0024164890889063419 94305.211640933951 0.022353069507401336 0.39341858683614045 86684.611254757241 766.27999999999895 -0.10169435429868866 1.0000000180025095e-35 0.37074534893140376 0.81325040505406265 68.254999999997395 0.0054101101895779992 2440.5464777372549 -0.058168743798998043 3590.2072600000006 3915.8376550000007
decision_type=2 2 2 2 2 2 2 2 2 2 2 2 2 2 2 2 2 2 2 2 2 2 2 2 2 2 2 2 2 2
left_child=3 2 -2 4 9 7 -7 -6 -9 11 -3 27 -13 14 28 16 18 -18 -5 -20 25 -22 23 24 -23 26 -17 -1 -14 -21
right_child=1 10 -4 15 5 6 -8 8 -10 -11 -12 12 13 -15 -16 20 17 -19 19 29 21 22 -24 -25 -26 -27 -28 -29 -30 -31
leaf_value=4.3013027222340087e-05 -2.5412135417976871e-05 0.00010144728312820261 -1.625103346354186e-06 5.9407419942685026e-05 -0.00013881742997704275 1.8426553575163932e-05 -0.00015318835802574215 8.6573158791427868e-05 -0.00015114004471729307 -4.8597799898951013e-05 -3.6556080324707222e-06 -0.00021874155184633607 0.00012707921751219106 1.2136328023336081e-05 -0.00010076740719511227 0.00011707343581496434 -0.00013761788500234277 6.9262493626841268e-05 -3.9280756052405235e-05 0.00013962060058248096 -4.041754199597068e-06 -1.7038932016970168e-05 3.5525237601928647e-05 -9.4693922929347584e-06 1.0222564796002044e-05 3.7097829092531534e-05 -3.3619597567431523e-06 5.2037409309957472e-05 2.6959470443643121e-06 7.51361924100337e-05
leaf_weight=23 20 39 33 94 35 21 23 95 21 35 28 27 47 117 20 35 24 22 35 36 25 20 134 28 77 315 24 137 20 20
leaf_count=23 20 39 33 94 35 21 23 95 21 35 28 27 47 117 20 35 24 22 35 36 25 20 134 28 77 315 24 137 20 20
internal_value=0.00174847 -0.00208333 -0.00726415 0.00205298 0.00105475 -0.00141026 -0.0075 0.000364239 0.00284483 0.0021831 0.00201493 0.00269821 0.0015368 0.00254902 0.000402299 0.00275028 0.00132035 -0.00369565 0.00256757 0.000604396 0.00325228 0.0021831 0.00287645 0.0014 0.00293814 0.00406417 0.00161017 0.004375 0.00350746 0.00321429
internal_weight=1630 120 53 1510 621 195 44 151 116 426 67 391 231 204 87 889 231 46 185 91 658 284 259 125 97 374 59 160 67 56
internal_count=1630 120 53 1510 621 195 44 151 116 426 67 391 231 204 87 889 231 46 185 91 658 284 259 125 97 374 59 160 67 56
is_linear=0
shrinkage=0.05


Tree=42
num_leaves=31
num_cat=0
split_feature=36 11 11 4 18 20 3 20 20 0 23 25 9 7 15 32 36 5 20 34 0 39 21 25 36 40 9 9 42 9
split_gain=0.90841 0.871473 1.12975 0.677352 0.54463 1.28699 0.456457 0.32696 0.469384 0.5291 0.520534 0.83363 0.484837 0.962499 0.424617 0.769176 0.414556 0.245096 0.209402 0.242294 0.4 0.208617 0.18125 0.153028 0.143889 0.473469 0.127594 0.507635 0.198047 0.400433
threshold=8346.675570451067 0.0068861583511795168 0.024683224665331429 2472.5320800000004 -1549.1600000000033 434.76000000000209 82549.410000000018 49.795000000005537 68.284999999996231 108899.07500000001 -0.23078870033623591 -0.48580165434091221 -0.018416846106470281 -0.014566690223743168 0.0056251126650320614 -891.80596173967194 3296.4775017296347 0.0079768034082515031 904.52500000000157 88019.082753613053 86541.185000000012 650.4139285714275 119.4850000000006 -0.29063738902753444 -7316.3945200882072 -1486.2568500399573 -0.00053263831304049597 -0.0010827717730316855 31.792340364062387 -0.005122056496208849
decision_type=2 2 2 2 2 2 2 2 2 2 2 2 2 2 2 2 2 2 2 2 2 2 2 2 2 2 2 2 2 2
left_child=4 3 -3 -2 5 -1 -6 17 9 -9 21 -12 13 -13 15 -14 22 -8 19 20 -16 -10 -17 -21 25 -23 27 28 -26 -30
right_child=1 2 -4 -5 6 -7 7 8 10 -11 11 12 14 -15 18 16 -18 -19 -20 23 -22 24 -24 -25 26 -27 -28 -29 29 -31
leaf_value=1.6461462507956125e-05 -3.2339874034936085e-05 6.7650881700473866e-05 -5.9822098837262609e-06 -1.9391892490645455e-05 -5.757094552985313e-05 -0.00034425298168288653 4.6310399518547235e-05 -6.8664852862278797e-05 3.1614162853726265e-05 5.03095767886323e-05 -0.00013418776875818102 1.6886636035050098e-05 -0.00015195198598719708 -7.2177218165900381e-05 0.00015042285725605441 2.3303557770068611e-06 -6.4347744197332352e-06 1.1010816009662828e-05 -2.5513603665978141e-06 8.1792777004741492e-05 -2.3030919081143637e-06 6.73547341305543e-05 7.912270493592595e-05 6.5970614504170592e-05 6.9180896391628674e-05 -2.4627202553882636e-05 1.9587244063392005e-05 -0.00021106111656961224 -3.7658767874632266e-06 8.6653092855885103e-05
leaf_weight=44 20 51 28 21 36 24 168 36 24 27 29 37 22 22 20 32 38 31 24 20 20 29 58 228 147 20 283 21 33 37
leaf_count=44 20 51 28 21 36 24 168 36 24 27 29 37 22 22 20 32 38 31 24 20 20 29 58 228 147 20 283 21 33 37
internal_value=0.00168712 -0.0025 0.00056962 -0.00841463 0.00201987 -0.00235294 0.00222608 0.00236842 0.00205882 -0.00214286 0.00229021 0.00118182 0.00164108 -0.00262712 0.00218615 1.86265e-10 0.00148438 0.00424623 0.00323718 0.00361111 1.86265e-10 0.0033165 0.00333333 0.00419355 0.00350877 0.000918368 0.0037524 0.00289916 0.00361751 0.00142857
internal_weight=1630 120 79 41 1510 68 1442 1406 1207 63 1144 550 521 59 462 150 128 199 312 288 40 594 90 248 570 49 521 238 217 70
internal_count=1630 120 79 41 1510 68 1442 1406 1207 63 1144 550 521 59 462 150 128 199 312 288 40 594 90 248 570 49 521 238 217 70
is_linear=0
shrinkage=0.05


Tree=43
num_leaves=31
num_cat=0
split_feature=23 21 17 19 35 35 11 24 34 25 25 4 16 18 25 21 28 34 9 19 22 13 19 15 25 35 21 22 0 30
split_gain=0.489808 0.45024 0.688447 0.486392 0.663477 1.2147 0.703701 0.674725 0.768426 0.553773 0.892714 1.1723 0.409756 0.380591 0.943909 0.365159 0.311055 0.341501 0.26567 0.24618 0.24012 0.52193 0.595238 0.233002 0.425629 0.167613 0.157348 0.280059 0.225 0.170591
threshold=-0.345237419784931 793.62000000000273 0.0064480201644309398 1471.0749999999973 106311.24445000001 113890.63695 -0.0037501120492148036 3269.2115639000008 94003.381764554157 1.1580579837489229 2.5373678573199352 7287.4966800000011 0.0079820061047507027 527.76999999999691 -0.74570188037109986 118.25000000000729 -1045.0577673291698 114759.87986342164 0.0057199022168125547 1286.6650000000011 4900.5993822500013 -0.0056933280829635849 981.06500000000244 0.0032435917225658085 -0.85695147891036094 113524.09715000002 313.01999999999686 2842.0590752500007 110105.395 88123.308867125525
decision_type=2 2 2 2 2 2 2 2 2 2 2 2 2 2 2 2 2 2 2 2 2 2 2 2 2 2 2 2 2 2
left_child=13 2 16 4 7 -6 -7 19 -9 15 11 -11 -10 20 -15 -5 -2 -18 -16 -4 23 -22 -23 24 -1 -3 29 28 -28 -25
right_child=1 25 3 9 5 6 -8 8 12 10 -12 -13 -14 14 18 -17 17 -19 -20 -21 21 22 -24 26 -26 -27 27 -29 -30 -31
leaf_value=-3.6600544382886112e-06 -6.4673255882903247e-07 8.0291991745041959e-05 5.9433542855644563e-05 -3.2319876524086684e-05 -0.00010561590599374536 0.0001959395924239684 -2.3479538606469427e-06 -3.8289427262336919e-05 -9.8066903538140729e-06 -2.0908566978680579e-05 0.00014972108470243225 -0.00053077622139000838 9.7542572847537345e-05 -8.3906344134872189e-05 6.6383937828492251e-05 4.2490242562475593e-05 4.2451333540414984e-05 -5.3957404800119061e-06 8.7164576880362362e-07 -2.3666880109002407e-06 2.7891693944058711e-05 -6.5918640895821793e-05 9.1296523573393314e-06 1.5079533082598855e-05 0.00016888867207159579 2.901807930710003e-05 1.0048025564942877e-05 1.1268987401350546e-05 -3.488820067775164e-05 5.9108734212141243e-05
leaf_weight=38 39 82 78 37 29 33 34 25 20 38 29 23 21 20 40 132 165 32 33 20 34 21 21 38 31 37 20 85 20 355
leaf_count=38 39 82 78 37 29 33 34 25 20 38 29 23 21 20 40 132 165 32 33 20 34 21 21 38 31 37 20 85 20 355
internal_value=0.00168712 0.000881007 0.000430464 -0.000587668 -0.00211538 -0.00541667 -0.00171642 -0.000182927 -0.00409091 0.000945946 -0.00222222 -0.00565574 0.000121951 0.00261905 -0.000376344 0.00263314 0.00266949 0.00347716 0.00226027 0.00244898 0.00303922 0.000394737 -0.00333333 0.0033816 0.000652174 0.0037395 0.00374517 0.0022 -0.00125 0.00423664
internal_weight=1630 874 755 519 260 96 67 164 66 259 90 61 41 756 93 169 236 197 73 98 663 76 42 587 69 119 518 125 40 393
internal_count=1630 874 755 519 260 96 67 164 66 259 90 61 41 756 93 169 236 197 73 98 663 76 42 587 69 119 518 125 40 393
is_linear=0
shrinkage=0.05


Tree=44
num_leaves=31
num_cat=0
split_feature=23 36 19 16 39 24 7 11 11 23 13 7 32 32 36 16 23 38 9 5 38 20 11 20 7 11 5 4 11 36
split_gain=0.507103 0.534215 0.744317 1.21951 2.11852 0.559129 0.529357 0.815864 1.03599 0.681517 0.485353 0.740854 0.426432 0.918702 0.380787 0.598639 0.266623 0.433092 0.794581 1.31364 0.441938 0.662815 0.363636 0.264935 0.263706 0.280749 0.241349 0.230488 0.221493 0.198446
threshold=-0.345237419784931 1670.1818020254361 878.04499999999837 0.0059433272625575373 1128.2492857142843 3768.8604140000007 0.0058874240575340873 -0.0091033377091963158 -0.0044664846127543678 0.15325072459806877 -0.054280727227383842 -0.0016972110187463698 2011.3217167024925 2366.3633776069405 8452.2228287217968 0.0084293297788698377 -0.54709080633670693 48.801325200909766 -0.0041170769838240039 0.00058818811865184054 57.954747721519233 221.72999999999595 -0.0030150467827317761 80.880000000004671 0.016148976233943912 0.026430110374184308 -0.0049116919763758865 2122.2507400000004 0.0075472106094083419 5601.1529643043259
decision_type=2 2 2 2 2 2 2 2 2 2 2 2 2 2 2 2 2 2 2 2 2 2 2 2 2 2 2 2 2 2
left_child=16 2 3 27 -5 12 7 10 -9 -10 -4 -12 -3 -14 -15 -16 17 26 19 22 21 23 -19 -20 -8 -26 -1 -2 -11 -28
right_child=1 5 6 4 -6 -7 24 8 9 28 11 -13 13 14 15 -17 -18 18 20 -21 -22 -23 -24 -25 25 -27 29 -29 -30 -31
leaf_value=5.5350733879891207e-07 -5.706779636642031e-07 1.2596404282646393e-05 -4.4733838471655015e-05 -0.00022703213635704635 3.6584078599248086e-06 -4.7806649340077723e-06 6.3760544783400181e-05 -0.00035911799931300019 -2.6093611861840149e-06 8.4133459365697745e-05 7.6655274369819647e-05 -7.2221508779849074e-05 -5.8550436465292211e-06 3.7471148137533647e-05 -3.7846277591696879e-05 1.6632826206395413e-05 5.4078489950081638e-05 3.7577573690748338e-05 -1.5628860539860014e-06 -0.00023124720828741229 1.4655511787873489e-05 -3.2493887635107447e-05 -5.641447552202986e-05 0.00011409318344384218 -0.00029544099595940995 0.00018745184887372965 7.5113423653343442e-05 5.8048972739261533e-05 4.8547692038124192e-08 1.4029741058670044e-06
leaf_weight=36 20 175 33 20 21 33 76 25 39 30 123 24 22 85 27 22 174 22 21 20 144 29 22 34 34 21 224 21 23 30
leaf_count=36 20 175 33 20 21 33 76 25 39 30 123 24 22 85 27 22 174 22 21 20 144 29 22 34 34 21 224 21 23 30
internal_value=0.00147239 0.000652174 -0.000392157 -0.0047561 -0.0108537 0.00211538 0.000443925 -0.000723906 -0.00397436 -0.00152174 0.00138889 0.00261905 0.00273414 0.000833334 0.00238806 -0.00112245 0.00242064 0.00190722 0.000547945 -0.004375 0.00192982 -0.000952381 0.000454546 0.00227273 0.0030916 0.000454546 0.00327586 0.00134146 0.00216981 0.0038189
internal_weight=1630 874 510 82 41 364 428 297 117 92 180 147 331 156 134 49 756 582 292 64 228 84 44 55 131 55 290 41 53 254
internal_count=1630 874 510 82 41 364 428 297 117 92 180 147 331 156 134 49 756 582 292 64 228 84 44 55 131 55 290 41 53 254
is_linear=0
shrinkage=0.05


Tree=45
num_leaves=31
num_cat=0
split_feature=23 7 7 40 11 11 22 7 32 28 39 21 21 13 25 13 19 22 18 5 17 35 15 35 18 21 20 25 13 5
split_gain=0.600067 0.485032 0.821596 0.761121 1.20264 0.9375 1.6 0.745428 0.514907 0.84965 0.818182 0.408332 0.660645 0.387008 0.301321 0.238301 0.232792 0.856325 0.627212 0.279098 0.316483 0.28099 0.156861 0.150104 0.143308 0.134474 0.514668 0.153138 0.123077 0.12
threshold=-0.35773083128969008 0.0067854267876161179 0.0057275796860112782 -88.569128138071378 -0.0091033377091963158 0.0083045264316806283 2578.0712452500006 -0.0024137697069695511 1906.4411667191455 1426.4999368336869 1130.3682142857149 119.4850000000006 54.200000000004373 -0.054280727227383842 2.3454130813613028 -0.014484064815213157 961.08000000000186 5286.0815735000006 527.76999999999691 -0.0044800894259202613 0.0048658569777177496 117060.10595000001 0.0094796297471623301 86193.115550000002 925.27999999999895 317.58500000000646 221.72999999999595 -0.377571383188051 0.037655218413858486 0.011494931460759505
decision_type=2 2 2 2 2 2 2 2 2 2 2 2 2 2 2 2 2 2 2 2 2 2 2 2 2 2 2 2 2 2
left_child=16 2 3 4 7 6 -6 13 15 10 -10 12 29 -2 23 -5 17 18 19 -1 -21 25 -17 -13 -18 27 -27 -22 -11 -3
right_child=1 11 -4 8 5 -7 -8 -9 9 28 -12 14 -14 -15 -16 22 24 -19 -20 20 21 -23 -24 -25 -26 26 -28 -29 -30 -31
leaf_value=-4.4651150749637264e-05 -4.2497146548072271e-05 7.3314680819540213e-05 -5.448629236103706e-06 -3.0836077369275121e-10 -5.7845159240201963e-05 0.0001634817732044043 -0.00039241016238164539 -6.4831725474321096e-05 0.00010989337649779052 7.0248224297602554e-05 -8.3903836961379949e-05 1.214475136519676e-05 -6.7961640025628682e-05 0.0001394145490329453 -0.00036786730719499548 4.9853569577813989e-05 2.3795653128235823e-05 -5.8014558928967159e-05 -6.5252380634095076e-05 -1.0727386619909651e-06 4.4861072192236878e-05 -1.2702258307845668e-06 5.6802380769870262e-06 4.4751677664004602e-05 -1.4968458594558386e-05 2.9608226769524791e-05 -0.00020465099362651282 0.0001168423100768047 4.0650475774164327e-05 1.3662970703208836e-05
leaf_weight=29 33 30 25 35 36 20 24 37 22 32 22 23 31 108 22 166 184 25 24 29 309 21 35 145 20 63 20 20 20 20
leaf_count=29 33 30 25 35 36 20 24 37 22 32 22 23 31 108 22 166 184 25 24 29 309 21 35 145 20 63 20 20 20 20
internal_value=0.00153374 0.000654628 -0.000121951 0.000254237 -0.00178295 -0.006875 -0.01 0.000505618 0.00183735 -0.00125 -0.00636364 0.00241697 -0.000555555 0.00216312 0.00368421 0.00309322 0.00258065 0.00203704 0.00247573 0.00286151 0.00316017 0.00349885 0.00375622 0.00440476 0.00401961 0.00378641 0.00198795 0.00424012 0.00307692 0.003
internal_weight=1630 886 615 590 258 80 60 178 332 96 44 271 81 141 190 236 744 540 515 491 462 433 201 168 204 412 83 329 52 50
internal_count=1630 886 615 590 258 80 60 178 332 96 44 271 81 141 190 236 744 540 515 491 462 433 201 168 204 412 83 329 52 50
is_linear=0
shrinkage=0.05


Tree=46
num_leaves=31
num_cat=0
split_feature=20 39 13 4 4 11 15 16 13 36 39 25 20 24 24 15 21 15 21 22 30 36 36 20 23 19 40 21 4 20
split_gain=0.500697 0.417682 0.479326 0.81 0.425149 0.397397 0.387832 0.430462 0.504373 0.643146 1.0658 0.604471 0.427907 0.329202 0.452878 0.360358 0.393352 0.330676 0.592292 0.549819 0.322046 0.542949 0.39339 0.269061 0.251335 0.704164 0.283629 0.172358 0.351967 0.165217
threshold=49.795000000005537 1055.4885714285724 0.027971860556909322 3243.0308800000007 4403.5422550000012 0.011693790672603191 0.0075376608514298388 0.007477702293464685 -0.0069852897677649675 857.26582612018694 831.02142857142735 0.26999453765746689 226.15000000000148 3945.7635310000005 4075.0135217500006 0.016134667660629157 42.950000000004373 0.008233612054328444 293.93499999999773 4146.0484452500014 118060.59399450503 4936.4695310887482 9727.6967889533134 85.475000000005835 0.71519739459066234 1471.0749999999973 -490.13139644664619 80.235000000000596 1794.2445200000002 142.54500000000556
decision_type=2 2 2 2 2 2 2 2 2 2 2 2 2 2 2 2 2 2 2 2 2 2 2 2 2 2 2 2 2 2
left_child=-1 2 4 -4 5 6 7 8 -2 10 -10 23 -12 20 -15 16 -16 18 -18 -20 22 -22 24 -11 27 -26 -27 28 -3 -19
right_child=1 13 3 -5 -6 -7 -8 -9 9 11 12 -13 -14 14 15 -17 17 29 19 -21 21 -23 -24 -25 25 26 -28 -29 -30 -31
leaf_value=1.6137006268364715e-05 0.0001154885607454698 6.6431929443203419e-05 -3.6270886472679339e-06 1.170668537608714e-05 -6.2390242456004916e-05 0.0001078374952470128 -4.2304980687627439e-05 -2.1507618674866434e-06 -0.00013070716690502957 -6.8677065488871374e-06 7.2913603978446681e-05 -1.862053766650921e-06 -3.1679566078783569e-06 -7.3312404960303279e-05 -0.00019737868079537218 -4.5406096701446742e-05 1.1597072567104214e-05 -2.1707650127752063e-05 4.5689008900036458e-05 -2.8714060626232797e-05 -0.00027354882366246563 4.4291737512893902e-05 -3.4920014553181202e-06 3.5487465479862121e-05 -7.4118432312127134e-05 -6.1962779703204779e-05 4.7396659712648162e-05 4.4670305648480136e-05 -5.4561463232634225e-07 3.2316460396420152e-05
leaf_weight=222 88 34 20 25 22 49 36 23 22 20 23 23 20 28 20 34 37 20 29 26 26 30 33 121 20 32 77 340 35 95
leaf_count=222 88 34 20 25 22 49 36 23 22 20 23 23 20 28 20 34 37 20 29 26 26 30 33 121 20 32 77 340 35 95
internal_value=0.00144172 0.00109375 -8.13006e-05 -0.005 0.00041387 0.000764706 0.000212766 0.000735294 0.00121451 -2.18339e-05 -0.00423077 0.00164634 0.000348837 0.00172489 0.00032872 0.000977012 0.00169604 0.002343 0.000108696 -0.00318182 0.00236842 -0.00125 0.00272329 0.00287234 0.00304833 0.00112403 0.00270642 0.00365526 0.00137681 0.00413043
internal_weight=1630 1408 492 45 447 425 376 340 317 229 65 164 43 916 289 261 227 207 92 55 627 56 571 141 538 129 109 409 69 115
internal_count=1630 1408 492 45 447 425 376 340 317 229 65 164 43 916 289 261 227 207 92 55 627 56 571 141 538 129 109 409 69 115
is_linear=0
shrinkage=0.05


Tree=47
num_leaves=31
num_cat=0
split_feature=9 23 20 39 21 41 41 15 38 36 40 23 9 20 32 38 24 23 38 40 28 17 20 3 22 19 21 15 40 9
split_gain=0.565754 0.422926 0.441202 0.608329 0.664605 0.657907 1.31191 0.803943 1.1717 0.7141 0.952877 1.01738 0.705739 0.728139 0.521679 0.433361 0.328358 0.422142 0.735466 0.395868 0.51948 0.477216 0.339509 0.560834 1.27592 0.467593 0.473485 0.339369 0.323239 0.31415
threshold=-0.034130370145373533 -1.0461137656665696 49.795000000005537 1055.4885714285724 30.934999999997675 -125.9942923648219 -787.1025268853474 0.0056924981346692027 43.117715381833328 2440.5464777372549 769.46564109128678 -0.57246848993606914 0.0013825947871914017 297.91000000000355 2243.4618245585812 28.48608996767901 2605.5542529000008 -0.91392619306626466 49.770589762309172 1075.738437552973 1456.2462246502766 0.006578970747843158 186.22500000000585 104997.03500000002 3484.933074250001 2293.9399999999955 335.24500000000268 0.0050817281155239704 -803.37689728004614 0.013833371384070049
decision_type=2 2 2 2 2 2 2 2 2 2 2 2 2 2 2 2 2 2 2 2 2 2 2 2 2 2 2 2 2 2
left_child=-1 -2 29 4 -4 6 -6 -8 -9 14 11 -11 -13 -14 -7 -5 27 18 -18 21 -21 -19 23 28 -25 -24 -27 -17 -23 -3
right_child=1 2 3 15 5 9 7 8 -10 10 -12 12 13 -15 -16 16 17 19 -20 20 -22 22 25 24 -26 26 -28 -29 -30 -31
leaf_value=-5.1256254389105238e-05 3.501963366427582e-05 1.7708628417098873e-05 0.00010675857067681137 6.4623951904676795e-05 3.8974079126610127e-05 6.9864537904406883e-05 -0.00014204045290084523 -2.9384145037520695e-05 0.00016632212687913729 -6.4858808724545537e-05 6.5369913153941287e-05 8.6291993139540452e-06 -3.6825022071702776e-05 5.1884320199741645e-06 -3.2602209769877061e-06 -1.4948093010210538e-05 1.1993171531507804e-05 -5.4394815472331266e-06 -0.00026283017253733699 -0.00021263906112614433 6.2567650828361369e-06 -1.1609886052032299e-05 4.626468217254287e-05 -6.6722768347478567e-05 7.2494630056966968e-05 -0.00014974509553011427 1.6706665854870707e-05 8.8487125909607076e-05 0.0002381979338197338 -1.0782167261520829e-06
leaf_weight=35 126 171 62 87 37 109 39 30 23 20 32 39 22 20 21 20 30 25 23 22 55 20 276 33 24 20 24 114 51 20
leaf_count=35 126 171 62 87 37 109 39 30 23 20 32 39 22 20 21 20 30 25 23 22 55 20 276 33 24 20 24 114 51 20
internal_value=0.00128834 0.00142633 0.00118788 0.000852895 -0.00061674 -0.00137755 -0.00430233 -0.0075 -0.00349057 5.70344e-05 -0.0025188 -0.00490099 -0.00240741 -0.00690476 0.00269231 0.00166262 0.00126866 0.000771144 -0.00349057 0.00118182 -0.00214286 0.00172304 0.00209821 -7.81248e-05 -0.00377193 0.00296875 -0.00181818 0.00350746 0.00288732 0.00342932
internal_weight=1630 1595 1469 1278 454 392 129 92 53 263 133 101 81 42 130 824 737 603 53 550 77 473 448 128 57 320 44 134 71 191
internal_count=1630 1595 1469 1278 454 392 129 92 53 263 133 101 81 42 130 824 737 603 53 550 77 473 448 128 57 320 44 134 71 191
is_linear=0
shrinkage=0.05


Tree=48
num_leaves=31
num_cat=0
split_feature=20 39 0 4 20 0 20 23 20 17 5 20 18 16 25 36 5 7 42 9 7 22 22 42 23 18 20 24 23 36
split_gain=0.794244 0.823441 0.625 0.426734 0.486668 0.63156 0.652728 0.688997 0.957141 1.0864 1.1808 0.721822 0.660743 0.628719 0.615005 0.486829 0.433603 0.761148 0.71248 0.863704 0.654762 0.392391 0.50625 0.406001 0.624046 0.385714 0.302963 0.289339 0.266062 0.257062
threshold=858.16000000000361 1398.3528571428581 107181.99500000001 1080.1269850000001 337.08499999999918 82999.055000000008 110.97000000000118 -0.23078870033623591 176.16000000000352 0.0083148347898359069 -0.0028883875074022162 313.75000000000006 1147.5250000000017 0.0048139665552078279 -0.89015156785323268 8346.675570451067 0.0021634236196558907 -0.0036510142587460642 92.178128765819963 0.0051970978240853316 0.0056206954257540225 3425.5656987500001 3218.0754020000004 59.195970941197693 -0.58470543852178247 -1549.1600000000033 239.88999999999945 5047.0469739000009 0.57918602569782596 -3339.3784327284952
decision_type=2 2 2 2 2 2 2 2 2 2 2 2 2 2 2 2 2 2 2 2 2 2 2 2 2 2 2 2 2 2
left_child=3 2 -2 26 5 -5 14 21 9 10 -9 12 13 -10 -7 27 17 25 -19 -20 -21 22 23 -8 -25 -6 -1 -16 -3 -15
right_child=1 28 -4 4 16 6 7 8 11 -11 -12 -13 -14 29 15 -17 -18 18 19 20 -22 -23 -24 24 -26 -27 -28 -29 -30 -31
leaf_value=6.6100977737419694e-05 -0.00034306194103781167 -7.3128964086412692e-07 -1.4096244911267405e-06 -0.00012952856390461903 -0.00010687869922834177 -4.2634067957719468e-05 4.1545467152429007e-05 -3.3769627165139439e-06 -3.3654976548460982e-06 2.4076923084621417e-05 -6.2592484675329493e-05 -0.00015137573025608464 -0.00021399809029062672 -1.0117212008408373e-06 3.5021520809983534e-05 -4.7858353938153157e-06 8.1912272667466579e-05 3.4666997470019948e-05 -3.0369711643878063e-06 0.00010583507820862884 -0.00013972228705943606 3.1503771782754777e-05 -0.00020202905664512433 -7.76486408606891e-05 0.00013298096410351476 5.6227078036123118e-05 -4.0125907985714877e-07 -2.813555959610441e-05 0.0001029942590364187 3.7973805260274731e-05
leaf_weight=145 20 27 20 24 20 24 108 28 25 23 36 22 20 27 309 21 153 70 22 22 20 96 20 27 25 120 23 20 22 91
leaf_count=145 20 27 20 24 20 24 108 28 25 23 36 22 20 27 309 21 153 70 22 22 20 96 20 27 25 120 23 20 22 91
internal_value=0.00116564 -0.00342697 -0.00875 0.00143089 0.00113984 0.0005074 0.000715835 -0.000383211 -0.00216912 -0.00649425 -0.00984375 -0.000135135 0.00101227 0.0022028 0.0023262 0.00285714 0.00254098 0.00135037 -0.00134328 -0.00515625 -0.000952381 0.00137681 1.86265e-10 0.0009375 -0.00269231 0.00392857 0.00380952 0.00332827 0.000918368 0.00372881
internal_weight=1630 89 40 1541 1373 946 922 548 272 87 64 185 163 143 374 350 427 274 134 64 42 276 180 160 52 140 168 329 49 118
internal_count=1630 89 40 1541 1373 946 922 548 272 87 64 185 163 143 374 350 427 274 134 64 42 276 180 160 52 140 168 329 49 118
is_linear=0
shrinkage=0.05


Tree=49
num_leaves=31
num_cat=0
split_feature=20 21 21 23 20 26 25 26 15 15 36 4 5 38 15 21 0 9 19 13 7 20 7 15 25 25 22 11 19 7
split_gain=0.403716 0.360392 0.962833 0.378126 0.597638 0.564125 0.487136 0.468485 0.368344 1.12182 1.12361 0.49 0.437294 0.734354 0.757324 0.929339 1.16667 0.359488 0.321429 0.271509 0.242422 0.383015 0.461736 0.752083 0.347426 0.458126 0.269167 0.240698 0.216136 0.396616
threshold=49.795000000005537 743.2350000000007 686.21499999999662 -0.30331442678518294 82.540000000000887 105269.21826679287 -0.56112713542327686 83273.948515369862 0.0053627225140179501 0.0043006051514024183 3220.7033659446902 2702.4275400000001 0.0025595916313714555 76.702762068781524 0.010898273720035658 467.66000000000355 104997.03000000001 0.012017496923981793 1158.7950000000058 -0.0025080096852854315 0.0014932667298823883 182.21999999999392 -0.0039995463913279818 0.0085657811929345119 -0.50537153065807183 -0.73859782818817366 3007.9715327500003 -0.0010466631744914549 1973.7899999999938 0.019599817741658931
decision_type=2 2 2 2 2 2 2 2 2 2 2 2 2 2 2 2 2 2 2 2 2 2 2 2 2 2 2 2 2 2
left_child=17 2 3 4 5 -2 -5 -8 9 18 11 -11 13 14 -10 16 -16 -1 -9 -7 21 -6 26 24 25 27 -23 -24 -14 -30
right_child=1 -3 -4 6 20 19 7 8 12 10 -12 -13 28 -15 15 -17 -18 -19 -20 -21 -22 22 23 -25 -26 -27 -28 -29 29 -31
leaf_value=3.3322528832130448e-05 -5.4403784640090559e-05 2.9172938870181142e-05 -0.00030360206325529937 -0.0002074157468612802 6.022812738033464e-05 -3.1712112910663733e-06 -4.4206130127507318e-05 4.8291320171835939e-05 1.555897867141799e-05 -1.6199529367252573e-05 -3.4519361057605071e-05 1.8563828833190823e-05 2.5560731629303771e-05 -2.8163956904551727e-06 -9.9320223663246958e-05 0.00030578245814888287 7.5204002598745553e-05 -4.0098905025081565e-07 -1.3082582240757577e-05 5.1377062657248706e-05 3.6647761049948325e-05 6.7596675920330987e-06 -1.9935431043485936e-06 -0.00035793207795687158 5.0778329961395874e-05 -0.00010232674630666593 7.3483676619138594e-05 0.00012301741267770516 -5.6473168489584013e-05 4.1968062042568533e-05
leaf_weight=192 27 120 20 20 107 24 21 50 182 20 22 25 117 22 21 20 21 30 20 35 235 37 20 24 28 25 61 23 31 30
leaf_count=192 27 120 20 20 107 24 21 50 182 20 22 25 117 22 21 20 21 30 20 35 235 37 20 24 28 25 61 23 31 30
internal_value=0.00144172 0.00112926 0.000885093 0.00105678 0.00190402 -0.00197674 0.000176849 0.000431894 0.000697074 -0.00156934 -0.00619403 -0.00166667 0.0013964 0.000112782 0.00090164 -0.00387097 -0.00809524 0.00342342 0.00285714 0.000762712 0.0025 0.00161538 0.000412844 -0.00166667 0.0003125 -0.00161765 0.00295918 0.00151163 0.00331461 0.00090164
internal_weight=1630 1408 1288 1268 646 86 622 602 581 137 67 45 444 266 244 62 42 222 70 59 560 325 218 120 96 68 98 43 178 61
internal_count=1630 1408 1288 1268 646 86 622 602 581 137 67 45 444 266 244 62 42 222 70 59 560 325 218 120 96 68 98 43 178 61
is_linear=0
shrinkage=0.05


Tree=50
num_leaves=31
num_cat=0
split_feature=23 23 20 20 20 22 13 7 18 5 36 21 23 23 18 18 34 34 24 36 28 24 32 16 13 17 42 42 25 15
split_gain=0.38471 0.560467 0.866667 0.617215 1.00882 1.46966 0.475589 0.492257 0.670565 0.892423 0.611206 0.585043 0.395344 0.321736 0.380718 0.48396 0.413054 0.400991 0.681993 0.992063 1.35087 0.546032 0.315495 0.293865 0.287415 0.259259 0.243994 0.757168 0.222941 0.154513
threshold=-0.30331442678518294 -0.19560712103812986 176.16000000000352 113.695000000007 174.09000000000381 2432.6183810000002 -0.050791174221531309 -0.0016972110187463698 167.87000000000265 -0.00041452531844522045 -3296.5698210983023 214.09500000000119 -1.348732705001322 -1.0461137656665696 -445.88999999999936 -381.4249999999883 115948.2534372825 112367.01139295833 2803.1354479600009 2440.5464777372549 1018.708738784124 2624.7559052000001 2030.9895304328822 0.0052561682513059286 -0.015741762675537539 0.0074989653390563037 -107.58107608223152 -75.609835933820008 -0.3091528386764254 0.012761807816742242
decision_type=2 2 2 2 2 2 2 2 2 2 2 2 2 2 2 2 2 2 2 2 2 2 2 2 2 2 2 2 2 2
left_child=12 2 -2 28 5 -5 -6 22 9 11 -10 -9 -1 -14 -15 -16 17 18 19 21 -21 -17 29 -12 -7 -4 -20 -28 -3 -8
right_child=1 3 25 4 6 24 7 8 10 -11 23 -13 13 14 15 16 -18 -19 26 20 -22 -23 -24 -25 -26 -27 27 -29 -30 -31
leaf_value=-2.7002818713826126e-06 -6.4313482077589564e-05 -1.1036980635496953e-06 0.00011946622951654444 -7.9425162955735568e-05 -6.6711848695074578e-05 -7.7068178110543175e-05 5.7753239951429922e-05 -1.1601721951679579e-05 -4.1995822426911696e-05 -5.0833796734760069e-05 -6.4984067478966972e-07 0.00017268843212381272 3.7880158139452471e-05 1.8200826049392468e-05 -0.0001542100881814327 0.00013072396890555978 -2.8327196827334349e-06 4.9919349511168157e-05 6.1977889974081281e-05 -6.1796425408180161e-05 3.2657088752033011e-06 -3.354808045596946e-05 -2.4830211700466234e-06 2.5962084677856591e-05 1.3515967225690516e-06 -5.5789637286283138e-06 -6.1603459315745905e-05 6.9735261405148857e-06 6.4366062212148939e-05 4.3547441402219905e-05
leaf_weight=21 30 27 21 25 30 21 153 20 31 24 31 45 105 92 24 43 36 175 78 20 22 20 20 140 28 27 20 124 157 20
leaf_count=21 30 27 21 25 30 21 153 20 31 24 31 45 105 92 24 43 36 175 78 20 22 20 20 140 28 27 20 124 157 20
internal_value=0.00144172 0.000705883 -0.00333333 0.00111399 0.000323129 -0.00513513 0.00110895 0.0014876 0.000189004 -0.00342697 0.00178218 -0.000384615 0.00224359 0.00243083 0.00201835 0.00153025 0.00184015 0.00221116 0.00117737 -0.00214286 -0.00809524 0.0018254 0.0034456 0.00295322 -0.000102041 0.000833334 0.00274775 0.00152778 0.0036413 0.00413295
internal_weight=1630 850 78 772 588 74 514 484 291 89 202 65 780 759 654 562 538 502 327 105 42 63 193 171 49 48 222 144 184 173
internal_count=1630 850 78 772 588 74 514 484 291 89 202 65 780 759 654 562 538 502 327 105 42 63 193 171 49 48 222 144 184 173
is_linear=0
shrinkage=0.05


Tree=51
num_leaves=31
num_cat=0
split_feature=9 38 41 36 9 34 5 23 15 31 35 36 22 11 19 22 0 19 20 41 38 11 15 32 11 4 16 32 20 15
split_gain=0.645666 0.423848 0.343416 0.571477 0.464381 0.566615 0.843882 0.620614 1.17526 0.518627 0.496338 0.443533 0.88658 0.664935 0.402643 0.231933 0.480484 0.4992 0.241429 0.804969 0.217341 0.192861 0.280894 1.09412 0.238374 0.534836 0.214339 0.560008 0.153226 0.151807
threshold=-0.034130370145373533 25.470461159841744 75.831251886460393 5697.8039009608556 -0.021849584250580364 115365.18722469453 -0.0028883875074022162 0.65832233840270904 0.0057891028429247092 117155.11760000001 84551.391600000003 8262.5908936930591 3039.0445037500003 1.0000000180025095e-35 1703.330000000002 2468.4246738500001 104879.19000000002 815.91000000000361 113.695000000007 -290.46969711148404 32.714734971162173 -0.010179658021954705 0.0094796297471623301 1545.5278342108215 -0.0056487989795356809 1932.9899250000001 0.0048139665552078279 1694.1528824467462 201.18000000000032 0.0040483790804720409
decision_type=2 2 2 2 2 2 2 2 2 2 2 2 2 2 2 2 2 2 2 2 2 2 2 2 2 2 2 2 2 2
left_child=-1 -2 3 4 -3 7 -7 10 -9 -8 -6 20 -13 -14 -10 16 17 -12 19 -17 -4 -22 24 -24 25 -23 27 29 -18 -26
right_child=1 2 11 -5 5 6 9 8 14 -11 15 12 13 -15 -16 18 28 -19 -20 -21 21 22 23 -25 26 -27 -28 -29 -30 -31
leaf_value=-4.1417222093346318e-05 6.8899450022796228e-05 -3.3377090608399475e-05 -2.7529565475240501e-06 -2.2401277698574169e-06 -0.00012542910735741076 1.2571528045431693e-05 -0.00015273068759405345 -0.00012153805478613713 -7.0032654715357568e-05 -3.6282090393241236e-06 -0.00012006657978808542 -0.00023381068776779669 -4.2280634078177249e-06 1.7569385148190834e-05 9.572868294741672e-06 7.1599538777782727e-05 7.3294089053791691e-05 0.00017661585111085386 8.0435127142121983e-05 -0.00010516326900154361 3.3597140272020599e-05 -0.00013714699528652894 -0.00035035634609589339 7.6566877101772788e-05 4.8443337041542709e-05 0.0002208437871833841 1.3315620524343169e-05 -1.2415618513612844e-06 5.5043379601115653e-07 3.3622054757123678e-05
leaf_weight=35 101 30 21 20 20 25 20 20 20 34 23 20 22 90 57 69 57 21 210 21 104 32 20 31 63 29 325 34 36 20
leaf_count=35 101 30 21 20 20 25 20 20 20 34 23 20 22 90 57 69 57 21 210 21 104 32 20 31 63 29 325 34 36 20
internal_value=0.00171779 0.0018652 0.00165328 0.000827233 0.00107843 0.00136651 -0.00259494 0.00193141 -0.00170103 -0.00611111 0.00270241 0.00234895 -0.00030303 0.00142857 0.0011039 0.00305492 0.00135037 -0.00295455 0.00383333 0.00166667 0.00286451 0.00302432 0.00265343 -0.000882353 0.00301193 8.19674e-05 0.00341629 0.0015812 0.0033871 0.00379518
internal_weight=1630 1595 1494 683 663 633 79 554 97 54 457 811 132 112 77 437 137 44 300 90 679 658 554 51 503 61 442 117 93 83
internal_count=1630 1595 1494 683 663 633 79 554 97 54 457 811 132 112 77 437 137 44 300 90 679 658 554 51 503 61 442 117 93 83
is_linear=0
shrinkage=0.05


Tree=52
num_leaves=31
num_cat=0
split_feature=20 23 25 21 21 20 42 20 18 25 9 13 18 38 41 23 42 11 5 15 42 17 24 23 11 36 20 34 35 25
split_gain=0.568025 0.478675 0.883506 0.818182 0.526274 0.69408 1.47499 1.61793 2.35218 0.803571 0.700846 0.443943 0.576136 0.42045 0.446423 1.01818 0.356364 0.32643 0.728008 0.272054 0.81931 0.266301 0.534654 0.363757 0.250216 0.25 0.231861 0.163964 0.14773 0.131901
threshold=49.795000000005537 -0.30331442678518294 -0.48367834272323657 212.14999999999421 743.2350000000007 185.85000000000585 132.3315885262472 117.76499999999216 -585.79000000000076 0.072453227192429734 -0.025454751771664202 1.0000000180025095e-35 -690.32499999999698 50.00370824318609 -324.81509048137303 -0.80314455495027615 -88.623974252045272 -0.0056487989795356809 -0.00091264850496677841 0.007495685652172567 266.00341909882167 0.006229552379636954 2635.9796262600003 1.0039054020602458 0.025197577351424565 -1905.8983355611124 68.284999999996231 114974.54462204145 85828.936200000026 1.2872139060650862
decision_type=2 2 2 2 2 2 2 2 2 2 2 2 2 2 2 2 2 2 2 2 2 2 2 2 2 2 2 2 2 2
left_child=28 13 3 -3 5 6 7 9 -9 -4 -7 29 -13 26 15 -15 -14 18 -16 -19 -21 -18 -23 -24 -25 -17 -2 -6 -1 -12
right_child=1 2 4 -5 27 10 -8 8 -10 -11 11 12 16 14 17 25 21 19 -20 20 -22 22 23 24 -26 -27 -28 -29 -30 -31
leaf_value=8.2378317953001692e-07 -8.4618544974663143e-05 -0.0001374075691059045 -0.00011015162391244903 1.2906625766262882e-05 5.8806542182659641e-05 -0.00019240421802180514 9.1623644999019608e-05 8.3627720548973089e-06 -0.0001114626862248782 0.00010714804218341021 8.8237232712639471e-05 -9.7693565729258647e-05 -3.3850202963676433e-05 -9.0361774707333126e-05 3.0847000332515663e-05 3.6926988907718929e-05 5.9003790403372978e-05 2.8010933749992414e-05 -0.00012410027286437821 -0.00016507429721187431 0.00010603014753930553 -2.1225893722059385e-06 5.8601348957922837e-05 -0.00012911384972665756 1.5226281172726257e-05 -1.6436540939348163e-06 3.6238267360224652e-05 -4.5749121073667356e-06 1.4963686195547367e-05 6.7343608225310437e-06
leaf_weight=20 25 22 20 22 91 33 47 20 38 36 135 20 20 21 20 25 54 167 23 25 33 38 66 20 22 20 303 20 202 22
leaf_count=20 25 22 20 22 91 33 47 20 38 36 135 20 20 21 20 25 54 167 23 25 33 38 66 20 22 20 303 20 202 22
internal_value=0.00174847 0.00137784 0.000509384 -0.00636364 0.000940171 0.00034687 -0.00245342 -0.00552632 -0.0113793 0.000535714 0.00139535 0.00197733 0.000625 0.0023565 0.00110778 -0.00257576 0.00136364 0.00201493 -0.00197674 0.00277778 -0.000172414 0.002 0.000890411 0.00268519 -0.000952381 0.00166667 0.00362805 0.0040991 0.0040991 0.00404459
internal_weight=1630 1408 746 44 702 591 161 114 58 56 430 397 240 662 334 66 220 268 43 225 58 200 146 108 42 45 328 111 222 157
internal_count=1630 1408 746 44 702 591 161 114 58 56 430 397 240 662 334 66 220 268 43 225 58 200 146 108 42 45 328 111 222 157
is_linear=0
shrinkage=0.05


Tree=53
num_leaves=31
num_cat=0
split_feature=20 42 4 20 40 41 22 40 24 24 15 16 20 5 3 11 41 39 11 38 21 4 42 42 21 39 39 26 35 35
split_gain=0.538762 0.557551 0.723508 0.388379 0.465914 0.607278 0.863273 1.50544 0.597804 0.548993 0.499291 0.532119 0.781605 0.89966 0.564706 0.348877 1.05947 0.782609 0.268106 0.466434 0.223442 0.250216 0.207183 0.166738 0.470996 0.159852 0.240698 0.157278 0.14773 0.121376
threshold=49.795000000005537 564.3057610246409 3820.8610800000001 58.049999999995642 -165.85974348119632 -787.1025268853474 5445.3516315000006 -1526.8468932117682 2361.1162230000004 2725.2046077000005 0.015135731379342439 0.0095975842229526591 203.21500000000381 0.00070842389015756356 115334.86000000002 0.02122910816520877 260.8087143919002 1197.3178571428573 -0.001125798228478972 66.83159866256851 51.805000000000298 1804.4249800000002 -316.03499373027972 -14.324624589912942 276.8300000000018 1618.6571428571428 1762.7757142857151 118533.65876632991 85828.936200000026 114621.86315000002
decision_type=2 2 2 2 2 2 2 2 2 2 2 2 2 2 2 2 2 2 2 2 2 2 2 2 2 2 2 2 2 2
left_child=28 3 -3 -2 5 6 25 -8 -7 -10 11 12 13 -11 -14 18 17 -17 19 20 21 -6 -22 -24 -25 -5 -27 29 -1 -20
right_child=1 2 -4 4 15 8 7 -9 9 10 -12 -13 14 -15 -16 16 -18 -19 27 -21 22 -23 23 24 -26 26 -28 -29 -30 -31
leaf_value=7.825940205534969e-07 -3.1104430998304231e-05 -2.786121198023176e-06 6.09593618303087e-05 4.4497188953584283e-05 1.0544663114634052e-05 -7.6983540790864541e-05 5.8976752490612938e-05 -4.6401162803596218e-05 6.3131605980214862e-06 -2.6524816105182977e-05 0.0001890789150592166 -0.00034492260641998172 0.00010891010603884949 -5.0351137894912861e-05 -6.2694258590144191e-05 -0.00011621683686845875 3.4662277157067704e-05 3.7417485378692735e-05 3.0450645832408228e-05 -2.1017657010634217e-05 3.7527556252960704e-07 -0.00021268269005013534 7.7603642077049388e-05 -3.5524945411478285e-05 5.4846580213141289e-05 -0.0002365144202060039 0.00017920605507412807 3.0058412271432229e-05 1.4215501885769962e-05 4.6179876106939667e-06
leaf_weight=20 35 23 21 139 22 38 45 22 71 28 24 24 48 21 20 23 61 23 349 26 37 20 135 21 34 20 23 33 202 22
leaf_count=20 35 23 21 139 22 38 45 22 71 28 24 24 48 21 20 23 61 23 349 26 37 20 135 21 34 20 23 33 202 22
internal_value=0.00180982 0.00144886 -0.00409091 0.00162757 0.00176448 0.000602295 0.00238956 -0.00246269 -0.0010219 -8.47456e-05 -0.00166667 -0.00280142 -0.00141026 -0.00622449 0.00205882 0.00251861 -0.000140187 -0.00586956 0.00292561 0.00177966 0.00239777 -0.000952381 0.00301762 0.00368421 0.00136364 0.00417582 0.00151163 0.00376238 0.0040991 0.0040566
internal_weight=1630 1408 44 1364 1329 523 249 67 274 236 165 141 117 49 68 806 107 46 699 295 269 42 227 190 55 182 43 404 222 371
internal_count=1630 1408 44 1364 1329 523 249 67 274 236 165 141 117 49 68 806 107 46 699 295 269 42 227 190 55 182 43 404 222 371
is_linear=0
shrinkage=0.05


Tree=54
num_leaves=31
num_cat=0
split_feature=42 19 34 35 39 19 39 11 42 38 20 11 23 7 34 21 21 15 23 35 22 39 21 38 34 0 15 4 31 20
split_gain=0.535846 0.952381 0.340771 0.551562 0.370271 0.444295 0.684864 0.861213 1.16364 0.72803 0.642519 0.517574 0.404812 0.354255 0.35376 0.502564 0.426603 0.601667 0.348718 0.335317 0.447831 0.463197 0.623843 0.296677 0.409756 0.2025 0.191473 0.168839 0.16875 0.140747
threshold=564.3057610246409 1419.4649999999967 112367.01139295833 111772.13952500002 1092.640357142855 878.04499999999837 929.34499999999866 0.0067157856927768612 -45.348538401489229 47.873893610394688 58.049999999995642 0.014794851696641619 -0.30331442678518294 0.0039865678511475672 114759.87986342164 57.41500000000088 246.59500000000119 0.0059846996362120609 2.1113743860316809 108031.23995000003 5862.0357802500012 1197.3178571428573 359.63999999999947 61.570410231010655 97153.935262408122 111312.88000000002 0.0028000318281802107 3080.1356550000005 118266.04850000002 550.99500000000273
decision_type=2 2 2 2 2 2 2 2 2 2 2 2 2 2 2 2 2 2 2 2 2 2 2 2 2 2 2 2 2 2
left_child=2 -2 3 4 5 6 10 8 9 -8 -1 29 27 -12 18 -16 -17 -18 26 20 21 22 -14 -23 -25 -19 -4 -6 -27 -7
right_child=1 -3 14 -5 12 11 7 -9 -10 -11 13 -13 19 -15 15 16 17 25 -20 -21 -22 23 -24 24 -26 28 -28 -29 -30 -31
leaf_value=-2.3722307925011909e-06 -3.583154901289125e-06 5.5887394716884925e-05 3.7214468494354652e-05 -7.8234039553406892e-05 9.6669262030955665e-06 6.7308323997678919e-05 -0.00015393947531586749 1.2983553616208606e-05 -0.00019191204668866203 7.9137273738706234e-05 4.7306678420530512e-05 -6.8197829540420392e-06 -4.5406404643891086e-05 -1.2896908374868455e-06 -6.8979459014537457e-05 7.580182040125011e-05 -6.1458253181855682e-06 -8.0165325947910388e-05 -7.4572241901081946e-05 -4.0994713736353168e-06 -2.8542221940351512e-05 5.7226212592674026e-05 0.00016587193564348933 -0.00018411720223012558 1.0633858682852966e-05 2.4787783882871284e-05 3.2724986974060802e-05 2.2182783722706424e-05 4.953092506617724e-06 2.8802588052905347e-05
leaf_weight=30 28 20 36 29 234 112 20 27 20 24 74 39 32 20 32 88 20 20 20 36 27 130 22 20 21 48 315 34 32 20
leaf_count=30 28 20 36 29 234 112 20 27 20 24 74 39 32 20 32 88 20 20 20 36 27 130 22 20 21 48 315 34 32 20
internal_value=0.00187117 -0.00333333 0.00202908 0.00144696 0.00165605 0.000466321 -0.00104651 -0.00434066 -0.0075 -0.00295455 0.00137097 0.00236842 0.00248201 0.00340426 0.00295417 0.00145833 0.00235577 0.000416667 0.00392183 0.00118056 0.0018254 0.00255556 -0.00148148 0.00383041 0.000121951 0.002 0.00428775 0.0038806 0.003125 0.00386364
internal_weight=1630 48 1582 971 942 386 215 91 64 44 124 171 556 94 611 240 208 120 371 288 252 225 54 171 41 100 351 268 80 132
internal_count=1630 48 1582 971 942 386 215 91 64 44 124 171 556 94 611 240 208 120 371 288 252 225 54 171 41 100 351 268 80 132
is_linear=0
shrinkage=0.05


Tree=55
num_leaves=31
num_cat=0
split_feature=9 42 19 23 15 41 41 42 41 4 36 26 35 34 36 39 7 4 22 11 15 21 4 9 19 38 9 0 34 26
split_gain=0.663477 0.554506 0.952381 0.534874 0.651045 1.39624 1.2758 1.0858 0.509635 0.723396 0.356956 0.353894 0.531191 0.874783 0.473684 0.336268 0.584028 0.328734 0.274853 0.217399 0.442916 0.657942 0.23108 0.161491 0.133333 0.128571 0.124305 0.156522 0.25 0.123773
threshold=-0.034130370145373533 564.3057610246409 1419.4649999999967 -0.31289597049832357 0.0054702894182835108 33.380378518753339 -463.26067439352863 -122.02944912773872 214.39336679520696 2094.7462000000005 5391.7564290319506 112440.5677843017 106311.24445000001 108972.64955393381 -4892.5917782422175 831.02142857142735 0.00093385204524552054 3795.2231650000003 5782.9094353750015 -0.0063643118705839921 0.0049534956483041548 72.129999999997395 3080.1356550000005 0.0057199022168125547 568.44499999999982 62.771472064627694 -0.018416846106470281 94880.355000000025 85874.445333384225 118533.65876632991
decision_type=2 2 2 2 2 2 2 2 2 2 2 2 2 2 2 2 2 2 2 2 2 2 2 2 2 2 2 2 2 2
left_child=-1 3 -3 15 5 6 -5 -7 9 -6 11 12 18 -14 -15 16 24 -9 25 20 -17 -22 29 -23 -2 -11 -10 28 -28 -21
right_child=1 2 -4 4 8 7 -8 17 26 10 -12 -13 13 14 -16 19 -18 -19 -20 22 21 23 -24 -25 -26 -27 27 -29 -30 -31
leaf_value=-1.9046624614571579e-05 6.353276027747829e-05 -3.4039971562246541e-06 5.3093024981040661e-05 0.00011413718375049637 -2.8826026172018672e-06 -2.5165035823356702e-05 -0.00010636928545286815 3.8113611322557923e-05 6.6876393813529753e-06 8.4462929563827407e-05 -3.1714571390588275e-05 6.4366055049603209e-05 -4.9683629569570533e-05 0.00014822020480420334 -5.9089978286814773e-05 -5.1891065041336969e-05 -1.4786808387724518e-06 -9.0848208008478728e-08 -7.3259530743632531e-06 1.8188704405000332e-05 -0.00015908434453610243 4.2662308950006738e-05 -6.7362564198124187e-06 3.6679181876805631e-06 -3.5101752354202536e-06 2.9617602449223659e-06 3.0459489109816858e-05 3.5351410599009451e-05 -3.3164013589870739e-07 2.8445763555989882e-05
leaf_weight=35 40 28 20 23 24 35 30 90 21 105 20 71 28 38 38 20 36 22 20 421 27 117 28 21 20 21 25 162 20 24
leaf_count=35 40 28 20 23 24 35 30 90 21 105 20 71 28 38 38 20 36 22 20 421 27 117 28 21 20 21 25 162 20 24
internal_value=0.00180982 0.00195925 -0.00333333 0.00212346 0.0012169 -0.00125 -0.00820755 0.0012585 0.0020489 0.000890411 0.00148094 0.00188474 0.001 -0.00173077 0.00105263 0.00307692 0.0003125 0.00366071 0.00294521 0.00348024 0.00202703 0.00287879 0.00404863 0.00427536 0.00333333 0.00380952 0.00390351 0.00427536 0.00166667 0.00432584
internal_weight=1630 1595 48 1547 793 200 53 147 593 365 341 321 250 104 76 754 96 112 146 658 185 165 473 138 60 126 228 207 45 445
internal_count=1630 1595 48 1547 793 200 53 147 593 365 341 321 250 104 76 754 96 112 146 658 185 165 473 138 60 126 228 207 45 445
is_linear=0
shrinkage=0.05


Tree=56
num_leaves=31
num_cat=0
split_feature=42 19 23 40 7 13 21 9 5 28 41 15 19 19 19 21 36 21 20 35 11 35 13 40 5 42 0 22 41 39
split_gain=0.697863 0.648214 0.468074 0.761312 1.21573 0.487337 0.403474 0.465643 0.694884 0.38958 1.00626 0.341173 0.910278 0.290446 0.722532 0.28361 0.641698 0.46269 0.328158 0.379899 0.620205 0.465525 0.667063 0.280875 0.249843 0.240567 0.214934 0.187588 0.363636 0.247222
threshold=564.3057610246409 1419.4649999999967 0.60273627699035359 -478.75671026299091 -0.0037277936720855422 -0.052853448124659232 642.01999999998964 -0.011020340425782614 -0.007831738599554933 1373.6478799012477 1166.9325013530172 0.0057579477412962087 1204.3899999999996 395.31499999999511 444.96500000000384 41.2850000000035 -3074.1882642980777 28.500000000000004 174.09000000000381 86007.562275000018 -0.0008839517505421793 115662.50797500003 -0.0077857229643891477 859.46328123022261 0.0032164518108098853 231.37202519956779 116913.35500000001 5782.9094353750015 -1623.5737363618505 961.16107142857186
decision_type=2 2 2 2 2 2 2 2 2 2 2 2 2 2 2 2 2 2 2 2 2 2 2 2 2 2 2 2 2 2
left_child=2 -2 9 4 5 -4 7 -5 -9 10 13 12 -10 -1 -15 16 -16 -18 19 20 -17 25 -23 27 -13 26 -21 29 -29 -20
right_child=1 -3 3 6 -6 -7 -8 8 11 -11 -12 24 -14 14 15 18 17 -19 23 21 -22 22 -24 -25 -26 -27 -28 28 -30 -31
leaf_value=7.6542483383045247e-05 -3.2337972984134194e-06 5.0438373731988642e-05 -0.00014438938876018445 1.4288818650128701e-05 -0.00011528422149018007 3.6747524472065352e-05 0.00012517209707155433 -2.8994196706768018e-05 1.7632580608521076e-05 1.9943744159252999e-05 -1.9120876203633581e-05 -8.9615136016771024e-07 -4.5272977523062776e-05 -7.8089949189975165e-06 -0.00025824725293757455 0.00014407056772152899 0.00015730050209350087 -6.7336059106019795e-05 3.3406415048725194e-06 1.3322832277965029e-05 -5.3538926970201039e-05 -4.0870814691206329e-05 2.0427024265276579e-05 -3.3628358413019581e-07 2.8300282425938075e-05 -5.5130665363562777e-06 -3.7497447200612394e-07 6.5801303302390069e-05 -2.2934896990171248e-05 4.1201056995371666e-05
leaf_weight=80 28 20 24 44 29 38 63 21 32 172 28 21 29 34 24 22 58 21 86 201 21 21 24 20 61 20 24 22 22 320
leaf_count=80 28 20 24 44 29 38 63 21 32 172 28 21 29 34 24 22 58 21 86 201 21 21 24 20 61 20 24 22 22 320
internal_value=0.00156442 -0.004375 0.00174463 0.000165746 -0.00379121 0.000161291 0.00149447 0.000432692 -0.000792683 0.00221311 0.00185115 0.000454546 -0.00237705 0.00210784 0.0018617 0.00213024 -0.000339806 0.00183544 0.00244707 0.00124625 -0.00313953 0.00189655 -0.00277778 0.00329787 0.00256098 0.0027551 0.00322222 0.00355556 0.000454546 0.00389163
internal_weight=1630 48 1582 362 91 62 271 208 164 1220 1048 143 61 1020 940 906 103 79 803 333 43 290 45 470 82 245 225 450 44 406
internal_count=1630 48 1582 362 91 62 271 208 164 1220 1048 143 61 1020 940 906 103 79 803 333 43 290 45 470 82 245 225 450 44 406
is_linear=0
shrinkage=0.05


Tree=57
num_leaves=31
num_cat=0
split_feature=42 19 9 27 31 7 34 36 23 5 36 39 19 26 0 25 22 15 38 9 0 25 3 30 9 41 11 24 23 17
split_gain=0.719655 0.648214 0.348218 0.477361 0.749682 0.417155 0.802037 0.558488 0.485589 0.41262 0.337843 0.305332 0.272788 0.372169 1.02059 0.278723 0.324279 0.25523 0.277272 0.760563 1.08777 0.393939 0.33695 0.455367 0.27795 0.214819 0.205647 0.252346 0.416667 0.217844
threshold=564.3057610246409 1419.4649999999967 -0.00053263831304049597 105008.76575000001 104740.73300000001 -0.00058232435688392004 114759.87986342164 6911.7348106896325 0.25023963929500143 0.013789374628545256 -12408.084266514086 851.8324999999985 1268.6849999999979 95593.189166227166 91420.145000000004 -0.64370074160341906 3371.8405821500005 0.0028534337226392113 39.311938279985768 -0.0097474191326117118 103632.84000000001 0.022989591501068083 105290.71500000001 107729.71358477049 -0.024876476211236918 -380.72841996457811 0.031120376523623729 3234.3847221000001 0.069016384003273187 0.0051189017224592065
decision_type=2 2 2 2 2 2 2 2 2 2 2 2 2 2 2 2 2 2 2 2 2 2 2 2 2 2 2 2 2 2
left_child=2 -2 5 4 9 10 7 8 11 12 -1 -7 13 14 15 -4 -17 -12 19 24 -21 -22 -20 -24 25 -19 27 29 -29 -5
right_child=1 -3 3 26 -6 6 -8 -9 -10 -11 17 -13 -14 -15 -16 16 -18 18 22 20 21 -23 23 -25 -26 -27 -28 28 -30 -31
leaf_value=-1.0263473169978494e-06 -3.0721074334927639e-06 4.7916455045389248e-05 3.4940463184845968e-05 9.5909070503153452e-06 -3.8035780744188631e-05 -2.0544401115811022e-05 -5.8457706400296452e-05 -1.6641984460297365e-05 -2.7984661202992577e-05 -7.4667346735068319e-05 -4.749543110485941e-05 5.67285782577136e-05 4.6304050792713781e-05 2.0944483523612796e-05 -1.1446260905984621e-05 4.2892465066403792e-05 -2.450306673522102e-05 -6.832545991733682e-06 0.00010967662389898147 -0.00017450623087954148 3.2216773732175441e-05 -4.595131822585619e-06 -3.3982765629198049e-05 7.2597544701908769e-06 2.0771966879981235e-05 3.6567219457286935e-05 4.0845569582236549e-07 2.5809617552813553e-05 -0.00028360920803942704 2.7919023713719104e-05
leaf_weight=21 28 20 59 57 31 20 24 20 26 37 25 82 79 56 38 29 20 23 135 23 26 22 36 146 94 25 26 60 20 322
leaf_count=21 28 20 59 57 31 20 24 20 26 37 25 82 79 56 38 29 20 23 135 23 26 22 36 146 94 25 26 60 20 322
internal_value=0.00165644 -0.004375 0.00183944 0.00254197 0.00113181 0.00105615 -0.00110465 0.00027027 0.00148438 0.00185535 0.00170139 0.00303922 0.0025089 0.00153465 0.00020548 0.00268519 -0.000102041 0.00193694 0.00216981 0.000774648 -0.0034507 0.000833334 0.00310726 0.0017033 0.00288732 -0.000208333 0.0035567 0.00380174 0.00125 0.00434037
internal_weight=1630 48 1582 834 349 748 172 148 128 318 576 102 281 202 146 108 49 555 530 213 71 48 317 182 142 48 485 459 80 379
internal_count=1630 48 1582 834 349 748 172 148 128 318 576 102 281 202 146 108 49 555 530 213 71 48 317 182 142 48 485 459 80 379
is_linear=0
shrinkage=0.05


Tree=58
num_leaves=31
num_cat=0
split_feature=11 7 5 9 38 11 16 16 36 32 17 32 11 41 16 41 11 9 7 18 20 9 42 16 17 4 15 24 11 0
split_gain=0.597103 1.07319 2.0964 0.409239 0.416849 0.370606 1.12815 0.905357 0.86222 0.660126 0.573028 0.506873 1.24456 0.476577 1.21213 0.608053 1.29918 0.451437 0.773221 0.44848 0.734118 0.439723 0.319088 0.286364 0.271786 0.252962 0.212264 0.425386 0.167737 0.344609
threshold=0.030025090046601945 0.0098519697180859348 0.00021198536310554374 -0.034130370145373533 25.470461159841744 0.0067157856927768612 0.0052136650358460485 0.0047232662749924241 8346.675570451067 695.7587660932187 0.0049657316679305322 441.78645621528273 -0.00081161966647280855 -105.34115373436988 0.0053080033595045385 -366.52021294439061 -0.0008839517505421793 0.0057199022168125547 0.0067088809947394882 -489.55999999999761 169.33499999999916 -0.021093680422484148 -42.908141143824217 0.0084869642435164271 0.0063739726604667606 2472.5320800000004 0.0077937628420091075 3079.3657476600006 0.022353069507401336 96659.700000000012
decision_type=2 2 2 2 2 2 2 2 2 2 2 2 2 2 2 2 2 2 2 2 2 2 2 2 2 2 2 2 2 2
left_child=3 2 -2 -1 -5 8 7 -7 9 11 -11 13 24 14 -6 17 22 21 -19 20 -15 -16 -17 -3 -13 -10 -12 -28 -8 -30
right_child=1 23 -4 4 5 6 28 -9 25 10 26 12 -14 19 15 16 -18 18 -20 -21 -22 -23 -24 -25 -26 -27 27 -29 29 -31
leaf_value=-1.4940926335500581e-05 6.4539096353057328e-05 -1.3498774218785311e-06 -0.00015553555754928253 5.5682132705011462e-05 -6.7846157074773029e-05 3.4500943681780287e-05 1.4279924688747405e-05 -6.1821087641046252e-06 -2.0203156538964658e-05 -4.2830621918324304e-06 1.5577342097524865e-05 -2.7872784492030635e-06 9.5678253517037361e-05 -5.7504688523161307e-05 -5.7589600407168035e-06 -4.1106497217528702e-05 -7.3827185530156311e-05 -0.00030267982913118475 4.4423763758728541e-05 5.397803863091775e-05 8.6164122243350273e-05 2.825654409923467e-05 6.4525666903139344e-05 8.788548140660138e-05 -0.00015800516136311844 -4.9753951084938061e-06 -5.1955470010466087e-05 9.1822601663633089e-05 -6.1821871391690615e-07 7.72842619714521e-05
leaf_weight=35 21 20 20 101 21 28 324 20 20 21 212 21 27 25 24 26 26 26 41 134 26 178 28 35 23 21 22 31 24 49
leaf_count=35 21 20 20 101 21 28 324 20 20 21 212 21 27 25 24 26 26 26 41 134 26 178 28 35 23 21 22 31 24 49
internal_value=0.00153374 -0.00229167 -0.00841463 0.00177314 0.00189793 0.00167382 0.00286517 -0.004375 0.00111752 0.0014364 0.00342657 0.000527157 -0.0034507 0.00103604 1.86265e-10 0.000702006 -0.003125 0.00184015 -0.00171642 0.00310811 -0.000882353 0.0030198 0.0012963 0.00227273 -0.00863636 -0.00597561 0.0040566 0.00122642 0.00374055 0.00157534
internal_weight=1630 96 41 1534 1499 1398 445 48 953 912 286 626 71 555 370 349 80 269 67 185 51 202 54 55 44 41 265 53 397 73
internal_count=1630 96 41 1534 1499 1398 445 48 953 912 286 626 71 555 370 349 80 269 67 185 51 202 54 55 44 41 265 53 397 73
is_linear=0
shrinkage=0.05


Tree=59
num_leaves=31
num_cat=0
split_feature=9 22 36 21 41 15 36 24 17 32 32 31 23 20 18 21 5 4 23 19 20 18 11 15 27 34 24 22 15 0
split_gain=0.423806 0.421668 1.02014 0.658481 0.687013 0.420126 0.886959 1.58861 0.811334 0.60039 1.01053 0.534925 0.58551 0.376292 0.382809 0.292105 0.257853 0.229362 0.843763 0.259328 0.173742 0.337978 0.46298 0.191049 0.198268 0.202404 0.152082 0.128571 0.171429 0.121385
threshold=-0.034130370145373533 2842.0590752500007 7423.0428648109964 39.884999999994768 -44.332123404561223 0.0053627225140179501 2885.8289806542675 2539.9887915300001 0.0077204486741010046 -266.3322310728617 -1063.3219567029735 90332.882100000003 -0.093306205620917362 429.4749999999986 167.87000000000265 244.30499999999304 -0.0044800894259202613 2353.5168450000006 -0.81190838902487406 775.65499999999167 266.59499999999395 -690.32499999999698 -0.0086275738646926677 0.0054702894182835108 87140.237500000017 84132.067488926841 2992.3325880000007 1352.6209835000002 0.0026125465797756631 117840.15000000001
decision_type=2 2 2 2 2 2 2 2 2 2 2 2 2 2 2 2 2 2 2 2 2 2 2 2 2 2 2 2 2 2
left_child=-1 2 5 4 -3 6 9 -8 13 10 15 -10 -13 26 -15 -2 -11 -5 -19 -20 -21 22 -22 -23 25 -25 -7 -18 -29 -9
right_child=1 3 -4 17 -6 8 7 29 11 16 -12 12 -14 14 -16 -17 27 18 19 20 21 23 -24 24 -26 -27 -28 28 -30 -31
leaf_value=-1.4193880018725578e-05 7.4308508617664133e-05 6.8915376397197861e-05 -0.00020824732633674945 3.3753329003487079e-05 -0.00010892818321014916 6.7621387454065532e-06 -0.0001360830823647766 3.850550704572634e-06 0.00012120315558414447 -4.7432487431546734e-08 -7.3531742704022033e-05 -3.334676075242317e-05 1.3097575365611988e-05 -1.2517692846883934e-06 0.00017130073284421689 -7.993229693096145e-06 3.2462229132396998e-05 -0.00030174188131171036 -5.2319253281402494e-06 1.0440436509066653e-05 1.5501534672659672e-05 -7.2262319314577451e-07 -5.4926225105515285e-05 3.9535623484729923e-05 5.8967414057113201e-05 -6.953738083883481e-07 1.4363617143250779e-05 -5.3051546167044598e-09 4.2818637872931825e-05 -6.7964224465603385e-07
leaf_weight=35 37 30 20 253 33 244 21 23 20 21 38 22 36 37 24 20 20 20 31 185 26 26 21 20 154 31 22 20 120 20
leaf_count=35 37 30 20 253 33 244 21 23 20 21 38 22 36 37 24 20 20 20 31 185 26 26 21 20 154 31 22 20 120 20
internal_value=0.00187117 0.0019906 0.00114379 0.00277108 -0.00214286 0.00144295 0.000147059 -0.00515625 0.00253086 0.00137681 -0.00184211 -0.00205128 -0.00448276 0.00362385 8.19674e-05 0.00236842 0.0030663 0.00317471 0.00256809 0.00297571 0.00327214 0.00248201 -0.00138298 0.0032684 0.00378049 0.00107843 0.00443609 0.00375 0.00428571 0.000348837
internal_weight=1630 1595 765 830 63 745 340 64 405 276 95 78 58 327 61 57 181 767 514 494 463 278 47 231 205 51 266 160 140 43
internal_count=1630 1595 765 830 63 745 340 64 405 276 95 78 58 327 61 57 181 767 514 494 463 278 47 231 205 51 266 160 140 43
is_linear=0
shrinkage=0.05


Tree=60
num_leaves=31
num_cat=0
split_feature=20 42 23 23 20 5 32 15 9 41 36 9 21 36 23 20 7 15 27 35 9 25 25 40 16 1 9 9 32 7
split_gain=0.5881 0.403224 0.362645 0.637045 0.540956 0.677255 0.447212 1.17458 0.565733 0.400742 0.286396 1.27936 0.344436 0.635167 0.859524 1.01467 0.386032 0.23871 0.573907 0.262299 0.262365 0.224876 0.442141 0.47937 0.208986 0.193871 0.16441 0.140287 0.171488 0.436364
threshold=49.795000000005537 602.51641130617259 1.0039054020602458 1.1894702213163315 68.284999999996231 0.0030333420962958772 -763.5557571809403 0.0074299003946631812 0.021194406923318556 64.308798702968673 8525.4119807991174 0.0035842185354771823 80.235000000000596 1177.470929724441 -0.21435780791776823 318.98500000000064 -0.0028227242136352813 0.0052254400686559113 91763.21650000001 117348.73555000001 -0.021849584250580364 -0.75684019210462006 -0.38668361623887287 229.90596789043778 0.0095975842229526591 116128.90500000001 0.013833371384070049 -0.0010827717730316855 -2695.6572282481789 0.0027200853915585349
decision_type=2 2 2 2 2 2 2 2 2 2 2 2 2 2 2 2 2 2 2 2 2 2 2 2 2 2 2 2 2 2
left_child=26 2 4 -4 5 9 7 -5 -8 -2 12 -12 13 14 16 -16 -6 18 -14 20 -19 -20 23 -23 -9 -15 -1 -22 29 -29
right_child=1 -3 3 6 10 -7 8 24 -10 -11 11 -13 17 25 15 -17 -18 19 21 -21 27 22 -24 -25 -26 -27 -28 28 -30 -31
leaf_value=1.401564089820197e-05 6.3554670717525975e-05 -5.0411721658792139e-07 -7.3429868032290365e-05 -6.5469882168423427e-05 -9.3577548383109554e-05 -0.00023710798623945864 5.4575326869894567e-05 3.7214031733148999e-05 -1.0871806252222101e-05 -2.1546601205811995e-05 -1.0134414130933156e-05 1.9358715276227055e-05 -2.009145291795095e-06 5.1026358189503173e-05 -0.00024723081118015807 6.8415391625405773e-06 0.0001016745055274193 -2.4623231149936975e-06 6.3808864419465677e-05 -1.5664842007319895e-07 3.9481125436671484e-05 -4.2471996137994068e-06 9.3037393333874217e-06 3.7126956924168868e-06 -7.4896828844117425e-07 1.2161454531140805e-05 3.8596058928229032e-07 -0.00023480692845115095 2.0918281865486533e-05 9.0726483490649791e-05
leaf_weight=202 27 34 29 20 25 20 84 25 32 22 29 40 23 71 23 22 38 38 61 22 220 32 67 38 33 32 20 20 257 24
leaf_count=202 27 34 29 20 25 20 84 25 32 22 29 40 23 71 23 22 38 38 61 22 220 32 67 38 33 32 20 20 257 24
internal_value=0.00193252 0.0015554 0.0016885 -0.00015695 0.00204605 -0.00224638 0.000876289 -0.00205128 0.00284483 0.000918368 0.00231978 -0.000797101 0.00253208 0.000734597 -0.00194444 -0.00722222 0.0018254 0.00300499 0.00160633 0.00353701 0.00374776 0.00247475 0.00135037 -0.00142857 0.00155172 0.00354369 0.00432432 0.00404031 0.00333887 0.000454546
internal_weight=1630 1408 1374 223 1151 69 194 78 116 49 1082 69 1013 211 108 45 63 802 221 581 559 198 137 70 58 103 222 521 301 44
internal_count=1630 1408 1374 223 1151 69 194 78 116 49 1082 69 1013 211 108 45 63 802 221 581 559 198 137 70 58 103 222 521 301 44
is_linear=0
shrinkage=0.05


Tree=61
num_leaves=31
num_cat=0
split_feature=20 20 25 18 22 16 20 38 18 5 41 16 20 4 22 19 38 25 19 4 9 39 24 15 25 21 7 7 21 11
split_gain=0.491585 0.567956 0.93891 1.14079 0.516469 0.601186 0.326289 0.346477 0.990333 0.819305 0.375114 1.15857 0.677083 0.49811 0.647597 0.614159 0.522927 0.631337 1.22569 0.4 0.364906 0.344388 0.289286 0.277149 0.266081 0.361838 0.818982 1.16667 0.273089 0.166387
threshold=49.795000000005537 82.540000000000887 -0.10567969780639895 -358.98999999999791 2754.2682310000005 0.0055562685285084901 110.97000000000118 76.702762068781524 228.98000000000323 -0.00037539012870761897 33.380378518753339 0.0050537879398667215 140.90000000000148 5055.3757600000008 4483.9168127500006 2456.9899999999984 50.810693233466232 -0.54530807850034402 780.79499999999837 2513.7909400000003 0.016475679198028396 861.02892857142911 5293.6070760000011 0.0058502746137997592 -0.42767031219127866 237.87999999999741 -0.0014891358854891492 0.0026402456132349006 46.799999999995642 -0.013086362375665862
decision_type=2 2 2 2 2 2 2 2 2 2 2 2 2 2 2 2 2 2 2 2 2 2 2 2 2 2 2 2 2 2
left_child=-1 2 3 -2 5 -5 29 10 9 -9 11 -8 19 16 15 -15 21 18 -18 -13 24 -14 -16 -19 25 28 -27 -28 -12 -3
right_child=1 6 -4 4 -6 -7 7 8 -10 -11 20 12 13 14 22 -17 17 23 -20 -21 -22 -23 -24 -25 -26 26 27 -29 -30 -31
leaf_value=6.7921466687359082e-06 -5.6109547219970144e-05 -5.4686443627987947e-06 0.00014197403314030808 2.876701348016996e-05 0.0001155061390780488 -3.9410640978951947e-05 -5.6947741886734502e-05 1.5958984068917562e-05 4.7744939207489215e-05 -2.0493356833638785e-06 -2.1952021330279768e-06 9.5776498635904796e-05 -1.5053158935487229e-06 -0.00030664270261127595 0.00011073293404268559 8.6437196737969729e-06 4.770988541335275e-05 -1.6438975968719535e-06 -0.00015652516642830226 -9.4268213150514884e-05 -1.8149691197857185e-05 3.3731964370013275e-05 -1.3754197310178471e-05 4.9802085463290011e-05 1.1812452396880617e-05 4.5828645076729354e-05 -0.00013363026052598371 4.7522226891792148e-06 3.5775849510885189e-05 5.7543120212675529e-05
leaf_weight=222 20 20 37 23 31 22 23 26 55 21 36 20 21 25 36 22 25 20 22 20 34 224 20 65 266 31 21 21 102 99
leaf_count=222 20 20 37 23 31 22 23 26 55 21 36 20 21 25 36 22 25 20 22 20 34 224 20 65 266 31 21 21 102 99
internal_value=0.00168712 0.00134233 -0.00176692 -0.004375 -0.00157895 -0.005 0.00166667 0.00141003 -0.00137255 -0.00670213 0.00167932 0.000764273 0.00125 0.00177083 -0.00131068 -0.0056383 0.00261273 7.57578e-05 -0.00457447 -0.005 0.00265166 0.00397959 0.00232143 0.00264706 0.00300839 0.00168246 -0.00116438 -0.00571429 0.00318841 0.00415966
internal_weight=1630 1408 133 96 76 45 1275 1156 102 47 1054 543 520 480 103 47 377 132 47 40 511 245 56 85 477 211 73 42 138 119
internal_count=1630 1408 133 96 76 45 1275 1156 102 47 1054 543 520 480 103 47 377 132 47 40 511 245 56 85 477 211 73 42 138 119
is_linear=0
shrinkage=0.05


Tree=62
num_leaves=31
num_cat=0
split_feature=25 23 38 9 9 41 7 35 20 36 9 5 7 19 7 5 9 36 3 39 32 13 22 17 23 19 36 19 39 16
split_gain=0.523001 0.631579 0.746053 0.486111 0.393947 0.667946 0.65386 1.2487 0.63225 0.608517 0.781301 2.21822 0.584757 0.561194 0.47619 0.384459 0.324373 0.307883 0.260339 0.25941 0.586594 0.31184 0.365104 0.654806 0.957074 0.296517 0.540252 0.320623 0.221879 0.468636
threshold=1.8404784549960234 2.7501657863640552 63.486797432150873 -0.021093680422484148 -0.00053263831304049597 -765.90764346503738 1.0000000180025095e-35 114365.23457500001 817.31000000000506 857.26582612018694 -0.0078508005974393703 -0.0049116919763758865 0.0017159111415084966 1106.840000000004 -0.0041734393642977275 0.015340892792070937 0.0014938575744401165 8346.675570451067 117840.15000000001 1742.9903571428588 -2946.0876540890672 0.052008178771961122 2823.38420825 0.007370965466194636 -0.18161637262848729 858.8050000000004 2440.5464777372549 721.71499999999662 1287.1007142857143 0.0066456488623366219
decision_type=2 2 2 2 2 2 2 2 2 2 2 2 2 2 2 2 2 2 2 2 2 2 2 2 2 2 2 2 2 2
left_child=4 2 3 -2 5 -1 8 12 9 10 28 -12 -8 -14 -13 16 -6 -11 19 20 -18 22 23 25 -25 26 27 -22 29 -7
right_child=1 -3 -4 -5 15 6 7 -9 -10 17 11 14 13 -15 -16 -17 18 -19 -20 -21 21 -23 -24 24 -26 -27 -28 -29 -30 -31
leaf_value=2.2043378802236915e-05 -2.2628145837770812e-05 0.00012348973756367939 -0.00034897476714656442 9.2175938640315438e-06 3.8819588374996567e-05 6.7585202292289349e-05 -0.00012694874619388413 -3.8768549761198349e-05 -4.9430877508142077e-05 4.2655409426867922e-05 -0.00013679422620469826 -1.9342189806577701e-05 0.00012096364433639331 -4.3770618436833105e-06 7.0839030985824538e-06 -8.4788201143253233e-06 -0.00019761382936580308 -5.3477300243227832e-06 3.6271726505728548e-05 8.6316841987871547e-05 5.3963510333137496e-05 -1.1778456500568863e-06 7.7591239187544824e-06 -3.5403345925621935e-05 5.8437478711382414e-05 4.5666509395425587e-05 -4.8709248642772142e-06 -9.5162057147872312e-07 0.00018435800199649634 -1.4691976049373093e-06
leaf_weight=133 20 38 20 36 145 34 31 21 20 201 22 28 47 20 32 23 22 20 83 64 66 23 190 25 33 94 22 28 44 45
leaf_count=133 20 38 20 36 145 34 31 21 20 201 22 28 47 20 32 23 22 20 83 64 66 23 190 25 33 94 22 28 44 45
internal_value=0.00168712 -0.00157895 -0.00421053 -0.00125 0.00193272 0.00106017 0.000309735 -0.00298319 0.00118834 0.00159624 -0.000365853 -0.00414634 -0.000612245 0.00201493 0.000833334 0.00267726 0.00286164 0.00341629 0.00238462 0.00200176 0.00162028 0.00198545 0.00227074 0.00108209 -0.00362069 0.00238095 0.000689655 0.00234043 0.00215447 0.00056962
internal_weight=1630 114 76 56 1516 698 565 119 446 426 205 82 98 67 60 818 795 221 650 567 503 481 458 268 58 210 116 94 123 79
internal_count=1630 114 76 56 1516 698 565 119 446 426 205 82 98 67 60 818 795 221 650 567 503 481 458 268 58 210 116 94 123 79
is_linear=0
shrinkage=0.05


Tree=63
num_leaves=31
num_cat=0
split_feature=9 34 22 36 41 35 1 15 30 25 19 36 15 21 24 17 22 16 32 11 19 25 21 9 20 20 13 11 17 20
split_gain=0.378404 0.477729 0.525781 0.660698 0.857548 0.512121 0.477019 0.616315 0.351243 0.475237 0.38611 0.336266 0.400891 0.661542 0.565151 0.936068 0.35881 0.637241 0.833905 1.42506 0.931038 0.453768 0.381927 0.358214 0.5291 0.347472 0.444851 0.254348 0.217154 0.208484
threshold=-0.00038005707679511866 112234.95804576411 2823.38420825 2440.5464777372549 33.380378518753339 106275.50660000001 109899.90500000001 0.0069836045444145603 88850.74257173932 -0.60510866479107184 1401.4349999999979 8774.197960968655 0.0048815380050621542 499.50499999999744 2522.0661342000003 0.0061863785002129737 3266.0585377500006 0.0066456488623366219 -3281.0313959130285 -0.0070141037826291974 1333.3750000000002 0.22219255286489484 372.88499999999482 -0.0055120513065407073 234.85499999999595 172.93000000000032 -0.031690257983346008 -0.012143487431391339 0.010034748889778127 80.880000000004671
decision_type=2 2 2 2 2 2 2 2 2 2 2 2 2 2 2 2 2 2 2 2 2 2 2 2 2 2 2 2 2 2
left_child=11 2 3 5 -5 -2 7 -6 9 -4 -11 12 13 23 -14 -16 17 -17 -19 20 -20 -18 -21 24 -1 -23 -27 -28 -3 -25
right_child=1 28 8 4 6 -7 -8 -9 -10 10 -12 -13 14 -15 15 16 21 18 19 22 -22 25 -24 29 -26 26 27 -29 -30 -31
leaf_value=-0.00017033313423810362 3.9328525545752032e-05 1.2024516144960768e-05 1.4428676639334215e-05 -2.4344506480933686e-05 -8.3972138790353754e-06 -0.00010542716209877543 2.8201139060041541e-05 2.6005661810709021e-05 1.3067581993372663e-05 -2.7576148409345019e-06 4.4760337311007832e-05 -1.8214392840347666e-05 7.7814378498295095e-05 -0.00012060131244516419 -2.3507174511766542e-05 9.9219048605246374e-05 2.3911929474549839e-05 6.07233303212206e-05 -0.000137143846818525 8.7028719968860755e-05 -2.6358250250487262e-07 6.4223433169430404e-05 -1.0505129226833119e-06 -9.380339674049218e-08 6.560719737470745e-06 -0.00016321544732224663 1.5467364720668732e-05 -2.3877508363306404e-06 -3.9144949661673725e-05 3.5497552948308237e-05
leaf_weight=21 88 309 34 24 25 20 24 21 225 31 30 26 111 21 21 73 141 30 21 28 22 29 23 31 27 32 26 20 29 67
leaf_count=21 88 309 34 24 25 20 24 21 225 31 30 26 111 21 21 73 141 30 21 28 22 29 23 31 27 32 26 20 29 67
internal_value=0.00177914 0.0025 0.00155172 -0.000445544 -0.00351064 0.00222222 -0.000714286 -0.00369565 0.0028125 0.000263158 -0.00237705 0.000974026 0.00116935 -0.000988024 0.00179376 0.00103004 0.00151685 -7.61419e-05 -0.00225806 -0.00457447 -0.0112791 0.00278226 0.00107843 0.00020548 -0.00333333 0.000327103 -0.00141026 0.00173913 0.0039645 0.00193878
internal_weight=1630 860 522 202 94 108 70 46 320 95 61 770 744 167 577 466 445 197 124 94 43 248 51 146 48 107 78 46 338 98
internal_count=1630 860 522 202 94 108 70 46 320 95 61 770 744 167 577 466 445 197 124 94 43 248 51 146 48 107 78 46 338 98
is_linear=0
shrinkage=0.05


Tree=64
num_leaves=31
num_cat=0
split_feature=18 9 3 41 41 9 36 38 15 9 24 26 7 35 20 24 36 13 27 9 22 20 39 4 32 7 24 41 25 0
split_gain=0.451683 0.667168 0.410238 0.434685 0.434623 0.319944 0.610343 0.571442 0.541541 0.566896 1.15542 0.465357 0.649567 0.582719 0.519067 0.414988 0.610523 1.20487 0.379001 0.309667 0.308958 0.374026 0.268031 0.310613 0.247297 0.232653 0.216607 0.421479 0.155981 0.225
threshold=-1466.4150000000006 -0.009958233736690714 82549.410000000018 -812.15809177438348 -748.57281803380545 -0.00038005707679511866 8452.2228287217968 75.508264494448625 0.0030116680702116385 -0.0014019701110836514 2705.8316196000001 108592.06151937183 0.0013619076043429902 106240.69572500001 58.049999999995642 2875.4222049000005 -1441.6862473195504 -0.017386340519286687 107214.32950000002 -0.0030974181193335151 1918.3982940000001 203.21500000000381 831.02142857142735 6049.4281450000008 1275.5492787635014 -0.025834160313972197 5108.6573113000004 -1623.5737363618505 0.34414580636328129 105685.21000000002
decision_type=2 2 2 2 2 2 2 2 2 2 2 2 2 2 2 2 2 2 2 2 2 2 2 2 2 2 2 2 2 2
left_child=1 25 -2 26 -5 6 7 8 -6 15 -11 12 -7 14 -14 16 17 -10 22 24 21 -13 -16 -24 -18 -1 -4 -28 -17 -30
right_child=2 -3 3 4 5 11 -8 -9 9 10 -12 20 13 -15 18 28 19 -19 -20 -21 -22 -23 23 -25 -26 -27 27 -29 29 -31
leaf_value=-1.6716105743763133e-06 -8.96830792420766e-06 -1.9267094238227079e-05 1.987642007629326e-05 -7.6138338115884082e-06 -5.8219863860385114e-05 4.8098691898457879e-05 -3.0437722515571318e-05 -2.6368105516341144e-06 8.3870657869880582e-05 8.0650418330451858e-05 -0.00012995452822928404 2.6701638232918969e-06 -6.9922768026801525e-07 -0.0001365389039541829 -4.3214565115966216e-06 3.4726311799751504e-05 3.3069129996621179e-05 -5.4780430890251269e-05 -9.2137073157054615e-07 -2.8841089351288491e-05 2.9777109284080002e-05 -4.8534369760364803e-07 1.9082044822209124e-05 -3.7836315308363249e-05 2.9357178886680348e-06 5.4753897585244875e-05 7.5661911020347085e-05 -0.00020971934931912034 -1.0608577792568146e-06 5.0951540976776261e-05
leaf_weight=25 35 20 204 25 30 107 32 21 22 23 26 35 35 24 27 174 106 29 20 27 248 20 141 30 25 32 26 21 20 20
leaf_count=25 35 20 204 25 30 107 32 21 22 23 26 35 35 24 27 174 106 29 20 27 248 20 141 30 25 32 26 21 20 20
internal_value=0.00159509 -0.00214286 0.00178043 0.00190382 0.00152723 0.00165862 0.000765766 0.00117591 0.00151394 0.00192797 -0.00316327 0.00237991 0.00122396 -5.41514e-05 0.000652174 0.00251773 0.000933015 -0.00382353 0.00155963 0.00246835 0.00384488 0.000454546 0.00222222 0.00295322 0.00347328 0.000614035 0.00380478 0.000744681 0.00406542 0.00125
internal_weight=1630 77 1553 1518 1267 1242 555 523 502 472 49 687 384 277 253 423 209 51 218 158 303 55 198 171 131 57 251 47 214 40
internal_count=1630 77 1553 1518 1267 1242 555 523 502 472 49 687 384 277 253 423 209 51 218 158 303 55 198 171 131 57 251 47 214 40
is_linear=0
shrinkage=0.05


Tree=65
num_leaves=31
num_cat=0
split_feature=41 41 25 9 34 40 34 1 7 19 19 38 22 11 36 20 24 24 32 35 26 11 4 34 21 32 39 11 11 39
split_gain=0.439264 1.02451 0.640431 0.913953 0.588856 0.863967 0.52653 1.54324 1.12887 0.448077 0.691924 0.751748 0.349166 0.41957 0.382563 0.691026 0.323728 0.603763 0.289252 0.366075 0.872072 0.289536 0.949487 0.261905 0.205417 0.186513 0.504677 0.400387 1.1086 0.168553
threshold=75.831251886460393 -787.1025268853474 1.1580579837489229 -0.0087158043664567839 114759.87986342164 -398.01404981769878 112443.74953536624 106169.86000000002 0.0006274187844426233 831.25999999999487 706.5550000000004 41.623628005394195 4900.5993822500013 0.014598389902735539 -3579.9376031328425 125.10499999999594 5108.6573113000004 5337.8994496000005 613.46303007178369 114101.12575000002 116195.41953541328 -0.0056487989795356809 1932.9899250000001 115837.38985589125 118.25000000000729 1694.1528824467462 777.71464285714535 0.0068861583511795168 0.0042682671965915278 1336.3217857142852
decision_type=2 2 2 2 2 2 2 2 2 2 2 2 2 2 2 2 2 2 2 2 2 2 2 2 2 2 2 2 2 2
left_child=1 16 4 -4 6 -6 7 9 -9 10 11 -3 14 -14 15 -2 -1 -18 -16 21 -21 22 -20 -22 -8 -23 -27 28 -28 -11
right_child=12 2 3 -5 5 -7 24 8 -10 29 -12 -13 13 -15 18 -17 17 -19 19 20 23 25 -24 -25 -26 26 27 -29 -30 -31
leaf_value=1.5290598741944548e-05 0.00010249596199041803 -3.0293736753168429e-06 1.959220930025567e-06 -0.0001799145069339253 2.367969228777504e-05 -3.1927420853553566e-05 3.2158052044151935e-06 1.7600564438744744e-06 -7.9142436385377075e-05 0.00010544890409464718 -0.00083793448594371748 0.00013020550483587164 -4.5490006618531432e-06 2.4966786232805194e-05 2.908459812445469e-05 -1.2901294222746887e-05 -0.00028774448793202664 2.1687044510095863e-05 -0.00011220519615510534 -2.5090163437207773e-06 4.2862663747360931e-05 2.8632898165300996e-05 4.6104057526737583e-05 -1.8303356985361362e-07 7.5775494009136711e-05 -4.8472770285383229e-07 2.1185721706550297e-05 1.7620505125778211e-05 -2.4744961285393523e-05 1.8770120428570638e-05
leaf_weight=234 22 22 36 25 31 38 31 22 31 67 21 43 20 21 150 30 20 47 28 20 33 144 50 21 75 28 65 182 20 53
leaf_count=234 22 22 36 25 31 38 31 22 31 67 21 43 20 21 150 30 20 47 28 20 33 144 50 21 75 28 65 182 20 53
internal_value=0.00138037 0.000540201 -0.000858586 -0.00565574 -0.000184332 -0.00442029 0.000616439 -0.000598455 -0.00820755 0.00135922 -0.00139535 0.00115385 0.00218225 -0.00231707 0.00241488 -0.00173077 0.00284053 -0.00022388 0.0027058 0.00220812 -0.00108108 0.00267892 -0.000128205 0.00222222 0.00358491 0.00317768 0.00245763 0.00312734 0.000294118 0.00333333
internal_weight=1630 796 495 61 434 69 365 259 53 206 86 65 834 41 793 52 301 67 741 591 74 517 78 54 106 439 295 267 85 120
internal_count=1630 796 495 61 434 69 365 259 53 206 86 65 834 41 793 52 301 67 741 591 74 517 78 54 106 439 295 267 85 120
is_linear=0
shrinkage=0.05


Tree=66
num_leaves=31
num_cat=0
split_feature=5 5 22 36 41 41 22 4 15 18 27 20 41 38 11 18 19 25 22 38 4 11 21 9 4 24 3 21 41 23
split_gain=0.608121 0.912013 0.667934 0.831617 0.648093 0.806717 1.17624 1.13034 0.702485 0.432143 0.429701 0.399304 0.602263 0.396627 0.663391 0.919347 0.600773 0.511155 0.388431 0.314904 0.668605 0.312048 0.23251 0.190019 0.34632 0.176173 0.466667 0.165199 0.352666 0.144907
threshold=-0.0050461128011216423 -0.005429804362647366 2823.38420825 6911.7348106896325 -105.34115373436988 -812.15809177438348 2445.0275747500004 1550.2557850000003 0.0056924981346692027 -690.32499999999698 84267.872000000018 58.049999999995642 291.97353214887113 30.024376313759912 -0.011701557676300694 -1466.4150000000006 2256.7750000000019 0.33232248522011626 2201.5150905000005 73.846898402586461 2681.7113600000007 -0.0008839517505421793 25.059999999997675 -0.017953628211062167 3850.1355050000006 5108.6573113000004 87854.670000000013 118.25000000000729 801.08066729576728 1.576477329766927
decision_type=2 2 2 2 2 2 2 2 2 2 2 2 2 2 2 2 2 2 2 2 2 2 2 2 2 2 2 2 2 2
left_child=1 9 3 4 5 -2 7 -7 -9 13 21 12 -6 16 -15 -16 -1 -17 -10 -13 -21 -4 -12 24 -24 27 -27 28 -25 -29
right_child=2 -3 10 -5 11 6 -8 8 18 -11 22 19 -14 14 15 17 -18 -19 -20 20 -22 -23 23 25 -26 26 -28 29 -30 -31
leaf_value=-9.7953923108621811e-05 7.8507378764533964e-05 -7.0089929580698007e-05 0.00013779651302279691 -0.00012546584972841822 6.8385274837901898e-05 -7.299500456324047e-06 3.975610594254705e-05 -0.00012575483693720493 0.00013098032039050245 2.9069615676447787e-05 9.459306292310229e-07 1.1242163332859545e-05 -5.0802377299708567e-07 0.0001305483328694073 -5.6827861589504311e-06 7.0205651957688027e-05 1.5544587341373639e-05 -1.6694291175072443e-06 -4.8606687265498694e-06 -1.1531170424954145e-06 6.4166416035989834e-05 -0.0001412704138409572 0.0001443765240265844 5.5876813192344136e-05 -7.3092302362947491e-07 2.6226737254305334e-05 -0.00019318898976398625 2.0315194706451507e-05 -7.7429256236959823e-07 9.5194449736121984e-06
leaf_weight=27 69 28 24 27 37 36 55 24 37 56 35 253 39 54 22 58 32 31 20 20 23 31 20 57 22 28 20 398 25 22
leaf_count=27 69 28 24 27 37 36 55 24 37 56 35 253 39 54 22 58 32 31 20 20 23 31 20 57 22 28 20 398 25 22
internal_value=0.00131902 -0.000681818 0.00178517 0.000625 0.00100326 -0.0010166 -0.00284884 -0.00568376 -0.00240741 0.000178572 0.0028739 0.00231183 -0.000921052 -0.000803571 0.000454546 -0.00175676 -0.00432203 0.000505618 0.000614035 0.00314189 -0.000813953 -0.00136364 0.00324561 0.00347973 0.000238095 0.00372727 0.000833334 0.00400398 0.00195122 0.00440476
internal_weight=1630 308 1322 640 613 241 172 117 81 280 682 372 76 224 165 111 59 89 57 296 43 55 627 592 42 550 48 502 82 420
internal_count=1630 308 1322 640 613 241 172 117 81 280 682 372 76 224 165 111 59 89 57 296 43 55 627 592 42 550 48 502 82 420
is_linear=0
shrinkage=0.05


Tree=67
num_leaves=31
num_cat=0
split_feature=41 41 22 42 40 4 41 22 34 42 20 41 0 1 36 22 11 36 20 11 5 13 36 19 9 28 9 18 13 39
split_gain=0.384673 0.591592 1.16379 1.16448 1.16299 0.826074 0.669102 0.680272 0.656959 0.464392 0.3625 0.463141 0.322352 0.389555 0.296789 1.28137 1.05563 0.348857 0.461695 0.363847 0.685528 0.473601 0.446017 0.524094 0.33896 0.272363 0.776397 0.266256 0.385829 0.254801
threshold=-812.15809177438348 -98.572664725672496 2456.7520822500005 -163.97318414766215 -543.13616981277289 5268.7180500000004 -366.52021294439061 1959.3065312500005 104755.51628686821 479.24217966428455 140.90000000000148 -317.03787829443974 85081.280000000013 87571.99500000001 8223.4654627562795 3030.0965005000003 0.00452441631786029 4936.4695310887482 13.449999999997091 -0.011701557676300694 -0.007831738599554933 -0.010864943431734636 2440.5464777372549 690.04999999999575 0.0035842185354771823 689.69195494803 -0.00062801975029079255 30.425000000002914 -0.0071843266029759751 1595.7046428571434
decision_type=2 2 2 2 2 2 2 2 2 2 2 2 2 2 2 2 2 2 2 2 2 2 2 2 2 2 2 2 2 2
left_child=29 2 3 -2 -5 9 7 -6 -8 10 11 -4 -3 -14 17 -16 -17 18 -15 -20 -21 -22 25 -24 -25 -23 -27 -19 -29 -1
right_child=1 12 5 4 6 -7 8 -9 -10 -11 -12 -13 13 14 15 16 -18 27 19 20 21 22 23 24 -26 26 -28 28 -30 -31
leaf_value=1.2660472385652307e-05 9.5753912532944488e-05 6.7907039513667253e-05 3.532932513994703e-05 -1.1941928921559505e-05 -2.9278832214648831e-05 -1.5871769598630464e-05 -1.3454874800809475e-06 0.00012785429443284413 -6.3879911380271167e-05 -1.8587711423499176e-06 5.3275894700332492e-05 -8.3044226650166462e-05 -8.0047724941416878e-07 -4.4021308332639246e-07 -0.00017307695563164387 -1.8575946886414115e-06 1.6231157186931037e-05 5.262035869949128e-05 1.2972260667666418e-05 -3.4960778250082512e-05 -6.0672386642648831e-05 4.119771710613949e-05 -1.0771179401189036e-06 -4.1316894083660169e-07 2.9337128325177921e-05 -1.4645573959974325e-05 8.7265160661314678e-06 -2.5138711550738366e-05 2.9543334487816444e-05 1.340822670897671e-05
leaf_weight=160 27 58 39 20 21 38 30 28 23 21 116 25 25 30 20 37 81 119 103 24 31 102 31 33 49 20 92 21 79 127
leaf_count=160 27 58 39 20 21 38 30 28 23 21 116 25 25 30 20 37 81 119 103 24 31 102 31 33 49 20 92 21 79 127
internal_value=0.00107362 0.000718541 -0.000927835 -0.00439597 -0.00647541 0.00123431 -0.00431373 -0.000102041 -0.00820755 0.00251244 0.00333333 0.0003125 0.00138743 0.00115385 0.00133028 -0.000797101 0.00118644 0.00173025 0.00101942 0.00139175 0.000680628 0.00122905 0.00178899 -0.000752212 0.00134146 0.00313084 0.00142857 0.00340183 0.0015 0.00273519
internal_weight=1630 1343 388 149 122 239 102 49 53 201 180 64 955 897 872 138 118 734 515 485 382 358 327 113 82 214 112 219 100 287
internal_count=1630 1343 388 149 122 239 102 49 53 201 180 64 955 897 872 138 118 734 515 485 382 358 327 113 82 214 112 219 100 287
is_linear=0
shrinkage=0.05


Tree=68
num_leaves=31
num_cat=0
split_feature=9 7 11 4 41 41 34 38 38 13 34 7 7 36 38 3 3 25 35 23 36 9 7 16 36 22 16 42 27 9
split_gain=0.403019 0.637938 0.672972 1.13742 0.417966 0.6355 0.745681 0.412389 0.325493 0.337625 0.315312 0.540281 0.846749 0.333666 0.505381 0.330965 0.703926 0.727791 0.515319 0.370765 0.618687 0.351314 0.836381 0.262083 0.251537 0.20915 0.301659 0.179661 0.281655 0.179621
threshold=-0.0042552126065439101 -0.0036510142587460642 0.0031500577650075494 3460.5634400000004 75.831251886460393 -324.81509048137303 113860.23707646581 48.135897258997694 47.448322268249065 -0.058168743798998043 115365.18722469453 0.0048536374852922006 0.0002748235322186544 -3679.5798109910243 32.186647843993747 110050.07000000002 108480.86000000002 -0.377571383188051 106347.56525000003 0.81325040505406265 4033.0458105414295 0.01457182820188142 0.0098519697180859348 0.0078582146843764779 -3579.9376031328425 3383.1432342500007 0.0084293297788698377 191.40578506252714 113026.21725000002 -0.0010042557998185897
decision_type=2 2 2 2 2 2 2 2 2 2 2 2 2 2 2 2 2 2 2 2 2 2 2 2 2 2 2 2 2 2
left_child=1 4 3 7 5 8 23 -3 9 -1 13 12 -12 -2 -15 16 18 -18 21 27 -21 29 -23 -7 -6 -26 -27 -17 -29 -16
right_child=10 2 -4 -5 24 6 -8 -9 -10 -11 11 -13 -14 14 15 19 17 -19 -20 20 -22 22 -24 -25 25 26 -28 28 -30 -31
leaf_value=-1.6266579708845614e-06 3.3284981621706346e-05 4.17829714497408e-05 -0.00010093920194750202 -2.8496746582116163e-05 -1.6304065307967449e-06 5.7254504159576274e-05 -4.2317615483331884e-05 -1.1049304376657751e-06 -2.7244461892545866e-06 2.7055846727847143e-05 0.00015219523390928378 3.0239145971618483e-05 -8.1260762320112977e-05 -7.9874986019735666e-06 1.0808598696553694e-06 5.0757682879120704e-05 -3.3597417987078887e-06 2.4819704002139774e-05 -4.6828926063399643e-05 -9.4420233474334965e-07 3.8754132797764513e-05 -8.726080612692029e-05 1.6022298559900364e-05 -3.6567029565806879e-06 2.9770691002055862e-05 -6.8856472676035946e-07 3.8946957334124635e-05 2.1524633791132995e-05 -2.1357325587993457e-06 2.0538570940126101e-05
leaf_weight=27 186 57 27 26 21 23 20 40 22 94 21 34 25 39 71 187 21 32 24 36 30 27 62 20 102 26 25 53 28 224
leaf_count=27 186 57 27 26 21 23 20 40 22 94 21 34 25 39 71 187 21 32 24 36 30 27 62 20 102 26 25 53 28 224
internal_value=0.00122699 9.43398e-05 -0.00266667 -0.00109756 0.00118421 -0.000339806 -0.00452381 0.00139175 0.0015035 0.00252066 0.00177273 -0.00125 -0.00478261 0.0020098 0.00158273 0.00185535 0.000986985 -0.00443396 0.00169118 0.00305389 -0.00030303 0.00213542 -0.000617977 -0.000813953 0.00298851 0.00369281 0.00107843 0.0038806 0.00191358 0.0029661
internal_weight=1630 530 150 123 380 206 63 97 143 121 1100 80 46 1020 834 795 461 53 408 334 66 384 89 43 174 153 51 268 81 295
internal_count=1630 530 150 123 380 206 63 97 143 121 1100 80 46 1020 834 795 461 53 408 334 66 384 89 43 174 153 51 268 81 295
is_linear=0
shrinkage=0.05


Tree=69
num_leaves=31
num_cat=0
split_feature=39 24 1 5 42 17 17 9 38 11 36 4 15 19 15 39 39 15 19 23 41 40 4 11 16 5 21 28 15 21
split_gain=0.52038 0.693366 1.45064 0.721478 0.909624 1.49153 1.16955 0.48051 0.336736 0.453563 0.702867 0.480194 0.679923 1.37418 0.453367 0.387454 1.6795 0.36 0.303069 0.284245 0.281638 0.570478 0.668044 0.312918 0.280189 0.260325 0.257627 0.725856 0.255283 0.418883
threshold=986.25857142857114 2890.1115249400004 94733.460000000006 0.001160304145757491 -11.931723300304894 0.0064277583196702178 0.0056838154231368399 -0.034130370145373533 25.810165477697549 0.0099369764027755752 8452.2228287217968 2336.4772850000004 0.0055116257257812494 1386.455000000002 0.004397350089725467 1595.7046428571434 1688.2974999999999 0.0075259545105540518 1187.7099999999994 0.1662017746075817 343.20998016484231 -7.1214532469602991 2208.2900150000005 0.022353069507401336 0.004379321240280413 0.0049404135483937456 295.24500000000268 25.631400612946894 0.0063124342100033424 430.9550000000018
decision_type=2 2 2 2 2 2 2 2 2 2 2 2 2 2 2 2 2 2 2 2 2 2 2 2 2 2 2 2 2 2
left_child=1 2 -1 28 24 6 -6 -2 -9 10 11 14 13 -13 -10 26 -17 -12 -3 -18 21 -11 -23 -24 -5 -16 27 -14 29 -4
right_child=7 18 3 4 5 -7 -8 8 9 20 17 12 15 -15 25 16 19 -19 -20 -21 -22 22 23 -25 -26 -27 -28 -29 -30 -31
leaf_value=-0.00012106690521862838 -2.3700866062025077e-06 2.953447302241178e-05 5.3520500758278596e-05 -1.074564135886768e-06 -2.5687410733592079e-05 -3.2685787990691594e-05 1.1384371969473738e-05 6.2715130907668831e-05 -1.1595767866949063e-05 5.0323770683977383e-05 -4.1105171732371347e-06 -2.6540824537794883e-06 3.5083445715924831e-05 2.7173458486964416e-06 2.8422486553208185e-05 -0.00017752137264556516 8.4340467858327488e-05 -3.797660569182415e-06 -9.9362161205199697e-07 -2.1824120004485461e-05 1.4423820658470159e-05 -4.6180302838999534e-06 0.00014068400903061282 -6.7694889157740728e-05 8.0369767939805146e-05 8.3641577009727705e-06 9.8003168012686978e-06 -3.8951274780098801e-05 -6.3253625925988041e-07 -1.995006950472926e-06
leaf_weight=30 33 79 141 20 22 26 37 88 23 110 20 24 61 25 217 21 38 25 23 31 139 29 38 29 33 39 139 32 35 23
leaf_count=30 33 79 141 20 22 26 37 88 23 110 20 24 61 25 217 21 38 25 23 31 139 29 38 29 33 39 139 32 35 23
internal_value=0.00128834 -0.000117271 -0.00113079 -0.000192878 -0.00297101 -0.00617647 -0.00177966 0.00185616 0.00203014 0.00177885 0.00104317 0.00146154 0.000283019 -0.00520408 0.00302867 0.00111801 -0.00166667 -0.005 0.00352941 0.00210145 0.00326087 0.00208738 -0.000729166 0.00201493 0.00216981 0.00363281 0.00219828 0.000161291 0.00173367 0.00256098
internal_weight=1630 469 367 337 138 85 59 1161 1128 1040 695 650 371 49 279 322 90 45 102 69 345 206 96 67 53 256 232 93 199 164
internal_count=1630 469 367 337 138 85 59 1161 1128 1040 695 650 371 49 279 322 90 45 102 69 345 206 96 67 53 256 232 93 199 164
is_linear=0
shrinkage=0.05


Tree=70
num_leaves=31
num_cat=0
split_feature=17 17 19 9 22 0 26 36 13 36 23 23 38 20 16 19 21 13 28 7 36 11 22 22 42 7 7 15 9 15
split_gain=0.397053 0.666667 0.97971 0.385708 0.32783 0.712936 0.519298 0.325004 0.258519 0.313307 0.402047 0.817033 1.13778 0.601922 1.13676 0.760929 0.652497 0.346155 0.834376 0.276923 0.270683 1.06885 0.255276 0.279519 0.29032 0.216022 0.29006 0.261202 0.220704 0.498615
threshold=0.005574849911351311 0.0052915154568324843 1075.8150000000026 -0.034130370145373533 1800.2747257500002 114268.395 107071.11264033632 2440.5464777372549 -0.043626737353760485 -773.18576827840286 -0.99075893988717334 -0.8601900161500684 48.614117472728793 211.90499999999159 0.0070130318518707548 2241.4550000000022 281.76499999999947 -0.0032056024806178768 -695.5639471182584 0.0006274187844426233 8452.2228287217968 0.0068861583511795168 3555.9370247500005 3397.0163487500004 -311.38458533023834 -0.0046186631936031937 -0.0030454561775348208 0.0032435917225658085 0.0081307124696988111 0.0060124614431665583
decision_type=2 2 2 2 2 2 2 2 2 2 2 2 2 2 2 2 2 2 2 2 2 2 2 2 2 2 2 2 2 2
left_child=1 2 7 -2 5 6 -5 -1 -6 10 -10 12 -12 14 -13 -15 -17 18 19 -16 22 -22 23 24 -11 -26 -27 -28 -29 -30
right_child=3 -3 -4 4 8 -7 -8 -9 9 20 11 13 -14 15 17 16 -18 -19 -20 -21 21 -23 -24 -25 25 26 27 28 29 -31
leaf_value=5.3289938192232735e-05 -2.1886860250527548e-06 -1.6857289139751308e-06 -5.8605912410365157e-06 -3.2309068189365584e-05 4.7274366107838525e-05 -1.4403945790587334e-06 1.5145988908100161e-05 -1.2571425382296901e-06 2.0457069218049177e-05 -3.2840179677946566e-07 5.7960997579803866e-06 -3.0397027531210886e-05 -0.00021175356551620176 2.339518850832275e-05 9.1831061167553724e-05 -6.5874737926767204e-05 4.2537080548661143e-06 5.380111902646953e-05 -9.2245419211782104e-05 -4.2937131241127289e-06 -9.7395470584663161e-06 7.2807708550845234e-06 2.9257830402151445e-05 -0.00011296293344904478 6.7578586558082686e-05 -6.8559273228242254e-07 -8.3624622087115199e-07 1.6674616757967004e-05 -1.0082573751433448e-05 4.2436027137289179e-05
leaf_weight=88 35 21 32 20 65 21 37 27 72 38 25 35 20 193 32 20 21 65 25 20 39 75 111 26 102 26 30 196 26 87
leaf_count=88 35 21 32 20 65 21 37 27 72 38 25 35 20 193 32 20 21 65 25 20 39 75 111 26 102 26 30 196 26 87
internal_value=0.00134969 -0.000952381 0.000238095 0.00161423 0.00174142 -0.00141026 0.00149123 0.0023913 0.00192365 0.00176791 0.000833334 0.000285088 -0.00611111 0.000985402 -0.00121469 0.00264957 -0.00353659 0.000774648 -0.00149351 0.00211538 0.00242064 0.000175439 0.00281931 0.00236347 0.00262376 0.00296574 0.00239726 0.00278761 0.00322006 0.00146018
internal_weight=1630 168 147 1462 1427 78 57 115 1349 1284 528 456 45 411 177 234 41 142 77 52 756 114 642 531 505 467 365 339 309 113
internal_count=1630 168 147 1462 1427 78 57 115 1349 1284 528 456 45 411 177 234 41 142 77 52 756 114 642 531 505 467 365 339 309 113
is_linear=0
shrinkage=0.05


Tree=71
num_leaves=31
num_cat=0
split_feature=11 36 39 4 15 16 17 28 21 15 32 32 21 41 41 41 18 2 21 24 24 5 5 26 24 24 16 0 9 20
split_gain=0.44545 0.652889 0.568668 0.767627 0.694916 1.00087 0.449177 0.774692 1.18402 0.446714 0.366458 0.844784 0.52934 0.971645 0.555392 0.594383 0.84379 0.662437 0.625 0.401933 0.591332 0.395281 0.372544 0.42055 0.31746 0.280255 0.683601 0.537778 0.202934 0.192796
threshold=0.0077798528647996671 8452.2228287217968 1021.2707142857145 2258.1955800000001 0.006469428381063444 0.0048607752315591455 0.005574849911351311 384.95251649463904 302.58999999999656 0.0075259545105540518 695.7587660932187 613.46303007178369 25.059999999997675 -137.4050391486924 -105.34115373436988 -333.87423310306536 -258.4000000000014 113568.17500000002 328.40999999999627 3234.3847221000001 3978.245803100001 0.0032164518108098853 0.00638582716383361 94393.822974155337 2029.4190022 3072.4597436000008 0.0065820567697061861 109417.70000000003 0.0060215419090255693 904.52500000000157
decision_type=2 2 2 2 2 2 2 2 2 2 2 2 2 2 2 2 2 2 2 2 2 2 2 2 2 2 2 2 2 2
left_child=1 6 3 -2 5 -5 7 8 24 -3 11 12 13 -8 15 17 18 19 -17 28 -21 -18 23 -22 -1 26 -12 -28 -14 -4
right_child=2 9 29 4 -6 -7 10 -9 -10 -11 25 -13 14 -15 -16 16 21 -19 -20 20 22 -23 -24 -25 -26 -27 27 -29 -30 -31
leaf_value=5.3593170769069363e-05 6.0735259241547504e-06 -3.418013961651967e-06 1.4446206263152957e-05 -2.0652045844703047e-08 3.397721141472413e-05 -5.5582613753096676e-06 9.1604350383849077e-05 -1.6878802294691501e-06 -2.3530273225936536e-06 -3.32032070199476e-06 3.2819682851666601e-05 -9.5018987424057928e-05 7.8107192023585688e-05 -0.00014296618963181298 3.8467200590696379e-05 -5.2189775869904639e-07 2.6606579091946981e-05 -1.1553970965336693e-05 -0.0002635377216052694 -0.00010846324425551444 -1.2270861808245795e-06 -1.1886545048999352e-05 -1.9365212835058546e-05 3.3349991048663791e-05 -7.9899783745811341e-07 1.6251254588250168e-05 -6.279907084571669e-06 1.3225167016827664e-05 8.944450350129945e-07 -1.0397040465201703e-07
leaf_weight=60 67 20 345 20 31 22 22 23 35 23 82 21 122 20 196 20 38 20 20 25 27 20 21 66 21 142 20 25 30 26
leaf_count=60 67 20 345 20 31 22 22 23 35 23 82 21 122 20 196 20 38 20 20 25 27 20 21 66 21 142 20 25 30 26
internal_value=0.00113497 0.000576408 0.00235812 -0.000357143 -0.00390411 -0.00809524 0.000817844 -0.00183453 -0.000172414 -0.00546512 0.00121131 0.000583833 0.000904173 -0.00452381 0.00128099 0.000232274 -0.00316327 0.00130225 -0.00875 0.00190722 -3.5971e-05 0.000689655 0.00149123 0.00284946 0.00314815 0.00276952 0.00106299 -0.00388889 0.00368421 0.00338275
internal_weight=1630 1119 511 140 73 42 1076 139 116 43 937 668 647 42 605 409 98 311 40 291 139 58 114 93 81 269 127 45 152 371
internal_count=1630 1119 511 140 73 42 1076 139 116 43 937 668 647 42 605 409 98 311 40 291 139 58 114 93 81 269 127 45 152 371
is_linear=0
shrinkage=0.05


Tree=72
num_leaves=31
num_cat=0
split_feature=39 21 22 1 38 18 11 36 21 39 15 13 9 25 42 5 24 39 20 23 20 5 40 15 42 28 17 20 9 22
split_gain=0.594882 1.16204 1.58835 0.803571 0.56334 0.515996 0.49901 0.773418 0.483412 0.862774 0.520995 1.00685 0.440803 0.337142 0.439744 0.493055 0.336134 0.285826 0.403733 0.418162 0.515714 0.248571 0.232808 0.352496 0.203297 0.20096 0.276914 0.199114 0.184968 0.221595
threshold=1021.2707142857145 302.58999999999656 2401.4023907500004 106655.61000000002 77.220850753019661 -285.80000000000285 0.0067157856927768612 8452.2228287217968 39.884999999994768 1261.0489285714295 0.0048168045201959974 -0.00048501637434527543 0.01246943113460423 -0.38668361623887287 161.94127311469566 -0.0043358231983291308 2255.3421643000006 1524.1571428571428 113.695000000007 -0.060260664190973735 334.61499999999802 -0.00632082472622856 411.29369923873315 0.0060910177414740937 8.4173223069804539 -711.61919086036494 0.0048658569777177496 904.52500000000157 0.028671408622179862 2329.5027375000004
decision_type=2 2 2 2 2 2 2 2 2 2 2 2 2 2 2 2 2 2 2 2 2 2 2 2 2 2 2 2 2 2
left_child=1 4 5 -4 12 -3 7 8 9 -2 11 -10 13 14 15 -1 -7 22 -19 -20 -21 -22 -12 -24 -25 -17 -27 28 29 -8
right_child=6 2 3 -5 -6 16 27 -9 10 -11 17 -13 -14 -15 -16 25 -18 18 19 20 21 -23 23 24 -26 26 -28 -29 -30 -31
leaf_value=-4.415797618734832e-05 6.1935855666163247e-06 -2.9771674296542131e-06 -1.4971431439910924e-06 -3.0624646030693774e-05 -6.2132151069959001e-07 -6.829159703262597e-07 7.0329412954319894e-07 -1.4819283838552551e-05 -0.00043318827821848226 -0.00011852871694803249 2.3406990773171631e-05 7.8001044238499109e-06 -2.7992443616874008e-06 4.3720219439851979e-05 -4.8810123538243852e-07 3.3043312960513505e-07 0.00012526406865026043 -4.2655962298761252e-06 3.631750378069328e-05 -3.2724263483700814e-05 -9.2582995146435003e-07 0.00016305570513431609 -2.6972826603208957e-06 0.00010774031255720549 -1.5862053856352092e-05 -5.1722089192148616e-07 2.7848912232961751e-05 -9.8771884419415572e-08 1.5761440940085668e-06 1.7097148773886357e-05
leaf_weight=27 26 27 24 21 29 28 30 37 22 23 321 29 27 116 25 24 40 32 59 20 21 29 20 37 26 24 127 26 30 303
leaf_count=27 26 27 24 21 29 28 30 37 22 23 321 29 27 116 25 24 40 32 59 20 21 29 20 37 26 24 127 26 30 303
internal_value=0.00134969 -9.27625e-06 -0.00392857 -0.0116667 0.00136591 -0.000263158 0.00202108 0.00122507 0.00161654 -0.00316327 0.00199675 -0.00284314 0.00189189 0.00237609 0.00125551 0.0020297 0.00205882 0.00243363 0.000652174 0.00189922 -0.000714286 0.002 0.00314356 0.000783133 0.00261905 0.003 0.0036755 0.00345758 0.00376033 0.0040991
internal_weight=1630 539 140 45 399 95 1091 702 665 49 616 51 370 343 227 202 68 565 161 129 70 50 404 83 63 175 151 389 363 333
internal_count=1630 539 140 45 399 95 1091 702 665 49 616 51 370 343 227 202 68 565 161 129 70 50 404 83 63 175 151 389 363 333
is_linear=0
shrinkage=0.05


Tree=73
num_leaves=31
num_cat=0
split_feature=23 25 15 34 20 0 31 41 24 36 20 19 22 17 34 38 39 21 0 20 42 13 21 16 22 5 21 13 20 9
split_gain=0.682925 0.781047 0.571769 0.866332 0.56715 0.566106 0.565245 0.523627 0.478139 0.429112 0.642219 0.757863 0.615385 1.01573 0.413308 1.43751 0.322136 0.598971 0.767813 0.719902 0.594645 0.697168 0.3138 0.302552 0.450244 0.689275 0.253028 0.243177 0.446429 0.232954
threshold=0.42235378672395102 0.12288343714673174 0.0056924981346692027 113611.6497066072 326.44499999999977 82999.055000000008 106388.57030000001 1063.3364000451018 2846.1125092000002 1920.3956202946504 133.21499999999654 1523.6499999999944 2860.8681510000006 0.0096120718582509822 115837.38985589125 50.810693233466232 1187.4296428571436 313.01999999999686 96343.755000000019 269.5149999999922 -88.623974252045272 0.0042046793375048394 87.019999999996813 0.0055287389496572617 2344.1613155000005 -0.00097628711342129173 30.934999999997675 0.0038432124827605615 138.25000000000003 -0.016380825269893231
decision_type=2 2 2 2 2 2 2 2 2 2 2 2 2 2 2 2 2 2 2 2 2 2 2 2 2 2 2 2 2 2
left_child=4 8 3 6 5 -1 -3 -6 -2 10 -4 -12 -13 -14 16 -16 17 19 -19 23 -20 -22 -11 -7 25 -25 -18 28 -26 -28
right_child=1 2 9 -5 7 14 -8 -9 -10 22 11 12 13 -15 15 -17 26 18 20 -21 21 -23 -24 24 27 -27 29 -29 -30 -31
leaf_value=-0.00011139569810715341 -2.2284775670448894e-05 -2.2054570073156069e-05 0.00012167999131890613 -1.3609570243381287e-05 2.3160632819530412e-05 3.0028572108107529e-05 4.5044386142145756e-05 -1.590188676234028e-06 2.5947265216930422e-07 -4.6442473671707586e-07 -5.6499839789479614e-06 0.00012554180278974268 -0.00010973870039009686 1.3443077339009576e-05 1.8517877497067097e-05 -0.00010090560542857195 -2.7598310130008194e-05 0.00011436798507726048 -1.5115630772830784e-05 -3.7970309707788677e-06 0.00011379719669207887 -7.9291497640560794e-07 2.4191338192941397e-05 -8.5930076238004562e-06 -6.1245299853424887e-05 1.8880596265979322e-05 -9.7109816036883499e-07 4.2683958484462456e-06 9.8846942049015329e-05 1.2939810003106468e-05
leaf_weight=21 20 20 44 20 296 141 43 35 22 21 28 39 25 53 36 23 20 25 20 35 20 34 108 26 28 36 23 67 28 273
leaf_count=21 20 20 44 20 296 141 43 35 22 21 28 39 25 53 36 23 20 25 20 35 20 34 108 26 28 36 23 67 28 273
internal_value=0.00125767 -0.000417607 0.000261846 -0.00343373 0.0018829 0.00120327 -0.000555555 0.00364048 -0.00690476 0.00122642 -0.000291005 -0.00189655 -0.000128205 -0.00269231 0.00140719 -0.00262712 0.00171392 0.000869565 -0.00257576 0.0018144 -0.00513513 -0.00240741 0.00344961 0.00254601 0.00121622 -0.00225806 0.00294304 0.00296748 0.000535714 0.00331081
internal_weight=1630 443 401 83 1187 856 63 331 42 318 189 145 117 78 835 59 776 460 99 361 74 54 129 326 185 62 316 123 56 296
internal_count=1630 443 401 83 1187 856 63 331 42 318 189 145 117 78 835 59 776 460 99 361 74 54 129 326 185 62 316 123 56 296
is_linear=0
shrinkage=0.05


Tree=74
num_leaves=31
num_cat=0
split_feature=39 36 21 0 32 15 40 21 5 23 4 15 15 39 9 7 20 21 23 5 18 27 18 36 20 1 2 21 3 30
split_gain=0.702722 0.644009 1.34461 0.996007 0.756424 0.877079 1.48743 0.639452 1.38205 0.546301 0.965276 0.918758 0.793393 0.444444 0.397259 1.32312 0.376733 0.962791 0.266108 0.778302 0.261398 0.288235 0.247972 0.266829 0.219828 0.158824 0.538811 0.155281 0.177417 0.752906
threshold=986.25857142857114 1313.4951850833461 271.61499999999802 111820.78000000001 1571.0782239488256 0.0063812627200306492 763.62969227715087 116.56000000000496 -0.00043280952382415824 -0.29188376677647049 2094.7462000000005 0.0055116257257812494 0.0046941655350672936 901.4032142857136 -0.021849584250580364 -0.014566690223743168 904.52500000000157 372.88499999999482 -0.72933143915552578 0.00077650355769599388 -1466.4150000000006 83937.02175 955.58000000000186 9727.6967889533134 434.76000000000209 104638.53500000002 104171.925 23.424999999995638 95750.260000000009 91099.885757567201
decision_type=2 2 2 2 2 2 2 2 2 2 2 2 2 2 2 2 2 2 2 2 2 2 2 2 2 2 2 2 2 2
left_child=1 2 7 -4 18 6 -6 8 -1 22 -11 12 -12 -8 15 24 20 -18 19 -3 -16 -22 23 27 -13 -23 -27 -2 29 -29
right_child=9 4 3 -5 5 -7 13 -9 -10 10 11 14 -14 -15 16 -17 17 -19 -20 -21 21 25 -24 -25 -26 26 -28 28 -30 -31
leaf_value=-0.00011457753566542632 1.3367678163931766e-06 0.00013841227605588201 -4.5963875837438822e-06 1.5292605391449712e-06 -5.5927633946895687e-06 4.0678770309819071e-05 7.449929729432492e-05 1.3774343504867644e-05 7.0323497722794183e-05 -1.1723067754601218e-05 1.6686954541297274e-05 9.1489358870734159e-05 -8.9143113152346535e-06 -4.3264816753646527e-07 -8.1626929493995831e-07 -1.4147813838153966e-05 -3.6968576301301737e-06 0.00019653421564406489 3.3711807200656715e-05 -1.4172245868770478e-05 -1.856126439265987e-06 6.4153945126841028e-05 -1.2349517574980956e-05 -5.4723657877205048e-06 -0.00020944455214057215 -2.3768302453954379e-05 2.6972679627513757e-05 1.0486321156020026e-05 1.3633201090810822e-05 -2.7626232191529861e-05
leaf_weight=26 29 33 37 25 29 30 25 69 40 20 29 34 34 20 31 20 20 23 115 20 20 136 20 20 24 20 184 141 334 22
leaf_count=26 29 33 37 25 29 30 25 69 40 20 29 34 34 20 31 20 20 23 115 20 20 136 20 20 24 20 184 141 334 22
internal_value=0.00119632 -0.0004371 -0.00261421 -0.00870968 0.00113971 -0.00221154 -0.00513513 0.000185185 -0.00333333 0.00185616 0.000798319 0.00117391 -0.00452381 0.000555556 0.001875 -0.00141026 0.00246544 -0.00197674 0.00321429 0.000283019 0.00295396 0.00333333 0.0029682 0.0031685 0.00241379 0.00367647 0.00279412 0.00338403 0.00359155 0.00223926
internal_weight=1630 469 197 62 272 104 74 135 66 1161 595 575 63 45 512 78 434 43 168 53 391 360 566 546 58 340 204 526 497 163
internal_count=1630 469 197 62 272 104 74 135 66 1161 595 575 63 45 512 78 434 43 168 53 391 360 566 546 58 340 204 526 497 163
is_linear=0
shrinkage=0.05


Tree=75
num_leaves=31
num_cat=0
split_feature=39 21 36 11 15 23 42 11 17 4 41 19 20 9 22 23 4 9 7 38 16 5 16 25 38 17 23 22 21 25
split_gain=0.530111 0.86819 0.838783 0.615864 1.15095 0.66512 0.945632 0.563972 0.511541 0.460199 0.406086 0.54047 0.665961 0.701417 0.498034 0.406996 0.858257 0.384698 0.580226 0.292032 0.668605 0.263224 0.257719 0.321263 0.276539 0.514566 0.652497 0.219608 0.212675 0.211616
threshold=986.25857142857114 350.68499999999773 -1158.8265314554517 0.011299567645744003 0.006469428381063444 -0.80314455495027615 -10.038922934514614 0.0036846183353584521 0.007749319526973524 837.21904500000016 744.39005082570873 1882.8049999999932 596.59500000000128 -0.0093713663237001334 4579.4948970000014 -0.29188376677647049 2196.7522650000005 -0.021849584250580364 -0.01731079684829807 59.817997785452469 0.007524754724017182 0.0087276503561070137 0.0055803248373161897 -0.31894159071597711 61.570410231010655 0.0076606747397671444 0.99478581103032648 3718.801457 77.169999999998268 -0.6109410131046793
decision_type=2 2 2 2 2 2 2 2 2 2 2 2 2 2 2 2 2 2 2 2 2 2 2 2 2 2 2 2 2 2
left_child=1 3 -3 5 -5 6 9 -4 -7 -1 15 12 13 -12 19 21 -17 18 27 20 -15 29 -19 -24 28 -26 -27 -18 -25 -2
right_child=10 2 7 4 -6 8 -8 -9 -10 -11 11 -13 -14 14 -16 16 17 22 -20 -21 -22 -23 23 24 25 26 -28 -29 -30 -31
leaf_value=7.6200729008515727e-05 7.0268078890966002e-06 -7.1276986977300215e-06 -3.5350001239881374e-06 -3.6435948060958233e-06 3.3985210491054173e-05 2.7641761977342068e-05 -1.8230801734555891e-06 2.8630268458804979e-05 -2.9246048407171142e-07 -1.539126470959921e-05 -3.1964347866402013e-06 5.2899384476356808e-05 -7.1424263133243792e-07 -1.6026414979452638e-05 -1.4217001283948545e-06 -5.713372915230705e-06 0.0001099680762950871 -1.4745937141731626e-06 -1.2033062180798033e-05 3.0117307005930616e-05 2.2429512063331704e-05 -1.1732041696231897e-05 -1.1262767095919969e-05 3.3898553075651731e-06 0.0001199664957859179 0.00017809512741786564 -0.00041338627922784491 -2.9959349178700242e-05 2.8045319685962605e-05 1.6753962022266621e-05
leaf_weight=37 255 26 35 39 23 192 27 38 22 30 28 40 25 20 24 22 21 26 22 76 23 20 25 27 31 21 20 30 231 174
leaf_count=37 255 26 35 39 23 192 27 38 22 30 28 40 25 20 24 22 21 26 22 76 23 20 25 27 31 21 20 30 231 174
internal_value=0.000981595 -0.0004371 -0.00459596 0.000675676 -0.00387097 0.00159091 -0.00191489 -0.00184931 0.00313084 0.00126866 0.00155469 -0.00029661 -0.00137755 -0.000263158 0.00115385 0.00202703 0.0010084 0.00147577 -0.00184931 0.00247899 -0.000813953 0.0031069 0.00211286 0.00246479 0.00287879 0.000138889 -0.00353659 0.00107843 0.00364341 0.0033683
internal_weight=1630 469 99 370 62 308 94 73 214 67 1161 236 196 171 143 925 476 454 73 119 43 449 381 355 330 72 41 51 258 429
internal_count=1630 469 99 370 62 308 94 73 214 67 1161 236 196 171 143 925 476 454 73 119 43 449 381 355 330 72 41 51 258 429
is_linear=0
shrinkage=0.05


Tree=76
num_leaves=31
num_cat=0
split_feature=39 25 21 7 7 42 13 7 39 38 11 20 39 39 17 16 7 11 11 36 11 13 28 9 7 9 2 4 13 21
split_gain=0.686936 0.753283 0.622276 0.556047 1.25194 0.45829 0.969283 0.727672 0.726767 1.12707 1.03671 0.931038 0.471347 0.574084 0.429066 0.761905 0.35629 0.874163 0.545144 0.803873 0.598949 0.53304 1.03628 0.374854 0.783062 0.503237 0.345682 0.289872 0.266327 0.162264
threshold=1065.3396428571414 1.8626090626955694 30.934999999997675 -0.0098395197810789998 -0.0071126087278031999 -206.89225780236464 -0.013908670751233818 0.00093385204524552054 831.02142857142735 72.44486303928187 0.012141604516120638 169.33499999999916 929.34499999999866 983.18178571428473 0.0063246031053429165 0.0067823378514103088 0.0098519697180859348 0.031120376523623729 0.0066136202226060193 8346.675570451067 0.0051938221975621228 -0.0061919432438568281 -485.82353917553695 -0.015958371800600894 -0.014566690223743168 0.0043063707107492246 93687.815000000017 5216.633635000001 0.0065024865134270535 396.27000000000413
decision_type=2 2 2 2 2 2 2 2 2 2 2 2 2 2 2 2 2 2 2 2 2 2 2 2 2 2 2 2 2 2
left_child=1 2 -1 -4 -5 -6 -7 12 10 14 11 -9 29 -14 -10 -16 17 18 19 20 21 22 23 24 26 -25 -2 -20 -15 -8
right_child=16 -3 3 4 5 6 7 8 9 -11 -12 -13 13 28 15 -17 -18 -19 27 -21 -22 -23 -24 25 -26 -27 -28 -29 -30 -31
leaf_value=4.4890794287309575e-05 -2.6442585738958392e-06 -1.8858584098379965e-05 0.00012332706810601701 -1.6666771956874281e-05 6.4860976992029649e-05 -4.1068065528962789e-06 3.107627973560298e-05 -4.9370116279647833e-07 6.2420931324738441e-05 -2.8412949293050627e-06 3.6220804498868801e-06 -3.0774760371964862e-05 -5.7714114156941383e-06 -6.2927699666746359e-07 -2.6288251864851062e-06 2.5498202969442511e-05 4.3790217630118156e-05 -9.9374143623553919e-07 1.2968712442736217e-05 -2.3234837271783089e-05 -4.6265418573497918e-06 2.8410281444240801e-05 -2.3412514979252156e-05 1.5981973582437212e-05 -4.5109560083989476e-06 -4.6903616423437044e-06 6.4286480081731111e-05 4.7782670892410647e-06 2.3329107047178081e-05 3.5074863879094311e-06
leaf_weight=70 25 25 39 27 34 26 86 22 64 22 20 21 24 20 35 25 182 28 196 34 27 204 35 144 38 31 55 22 29 20
leaf_count=70 25 25 39 27 34 26 86 22 64 22 20 21 24 20 35 25 182 28 196 34 27 204 35 144 38 31 55 22 29 20
internal_value=0.000828221 -0.000500821 -0.000136986 -0.000739299 -0.00121053 -0.000580357 -0.00103865 -0.000412371 -0.00241627 -0.000479452 -0.00690476 -0.0112791 0.00192737 -0.00116438 0.00137097 -0.00166667 0.00162096 0.00118594 0.00148582 0.000699832 0.00115385 0.00152256 0.00027439 0.00124573 -0.000932203 0.00271429 0.001875 0.00362385 0.00193878 0.0040566
internal_weight=1630 609 584 514 475 448 414 388 209 146 63 43 179 73 124 60 1021 839 811 593 559 532 328 293 118 175 80 218 49 106
internal_count=1630 609 584 514 475 448 414 388 209 146 63 43 179 73 124 60 1021 839 811 593 559 532 328 293 118 175 80 218 49 106
is_linear=0
shrinkage=0.05


Tree=77
num_leaves=31
num_cat=0
split_feature=15 23 15 15 42 39 21 15 9 7 11 28 19 4 9 21 34 11 28 28 41 40 22 5 18 11 19 13 38 15
split_gain=0.492847 0.385546 0.485968 0.862997 1.50851 0.845882 0.897961 0.601379 0.434076 1.53718 0.605115 1.1083 0.416185 0.691621 0.551106 1.15869 0.377811 0.327947 0.715377 1.26172 0.327334 0.868047 0.365497 0.437333 1.38478 0.299529 0.239582 0.439656 0.558928 0.231528
threshold=0.0022406022528859153 -0.31289597049832357 0.0055419543151855695 0.0043006051514024183 -130.62142913920437 911.72214285714142 346.69000000000239 0.003340066468679322 -0.021849584250580364 -0.017921398678549576 -0.0072951529451665874 -796.05692528685165 1438.5149999999996 4531.3678850000006 0.0091351010708862358 226.68000000000032 113069.58727990017 0.0077798528647996671 1018.708738784124 1295.6850368159069 589.49591355942459 411.29369923873315 1700.6511775000004 -0.0047932727755627827 -679.15000000000134 0.031120376523623729 1866.6250000000002 0.02880945148863993 59.817997785452469 0.011083283824034512
decision_type=2 2 2 2 2 2 2 2 2 2 2 2 2 2 2 2 2 2 2 2 2 2 2 2 2 2 2 2 2 2
left_child=-1 17 3 7 -5 -6 -7 -3 9 -4 -10 -12 13 14 16 -16 -13 18 20 -20 21 22 -2 24 -24 29 -14 28 -28 -19
right_child=1 2 8 4 5 6 -8 -9 10 -11 11 12 26 -15 15 -17 -18 25 19 -21 -22 -23 23 -25 -26 -27 27 -29 -30 -31
leaf_value=-2.3960641783692213e-06 -9.1894978616427926e-07 -1.1311382726137001e-06 1.9444361074377861e-05 -5.1356137829136329e-05 1.0801590354235107e-05 -4.7445810537285927e-05 5.1964231846084526e-05 4.9022029353141336e-05 2.8886485869144723e-05 -9.8981560240747287e-06 -3.1952797629436284e-06 6.7709366926825768e-05 2.3606635762219858e-05 -2.2383970929130647e-06 -2.4478721750847305e-05 0.00015445000655959368 -2.2468924235468307e-07 1.0911643055756332e-05 -4.4981255259045206e-06 7.9450903835521506e-07 3.5656598317699238e-06 -2.6556386497320064e-05 4.9445706023473563e-06 2.4536583201122598e-05 -0.00010128005074359263 -4.0256705546504004e-07 2.6242211281198859e-05 5.6523077910029964e-05 -0.00021703694922744037 6.7774499226706732e-05
leaf_weight=21 20 33 61 20 36 29 24 64 182 25 33 63 68 21 29 31 29 159 21 39 86 22 26 314 20 20 37 44 24 29
leaf_count=21 20 33 61 20 36 29 24 64 182 25 33 63 68 21 29 31 29 159 21 39 86 22 26 314 20 20 37 44 24 29
internal_value=0.000705522 0.000804848 7.62018e-05 -0.00203883 -0.00509174 -0.00230337 -0.00632075 0.00139175 0.000749614 -0.00255814 0.00125668 0.000118734 0.000953757 -0.000780347 0.000394737 -0.00333333 0.00282609 0.00162698 0.000985402 -0.00416667 0.00161885 0.0010199 0.00157895 0.00194444 -0.0026087 0.00331731 0.00268786 0.00119048 -0.00155738 0.00393617
internal_weight=1630 1609 853 206 109 89 53 97 647 86 561 379 346 173 152 60 92 756 548 60 488 402 380 360 46 208 173 105 61 188
internal_count=1630 1609 853 206 109 89 53 97 647 86 561 379 346 173 152 60 92 756 548 60 488 402 380 360 46 208 173 105 61 188
is_linear=0
shrinkage=0.05


Tree=78
num_leaves=31
num_cat=0
split_feature=23 23 25 4 41 15 3 21 25 35 34 35 20 41 2 30 7 7 17 39 41 22 19 4 3 34 27 21 2 15
split_gain=0.561539 0.569042 0.797239 0.917397 0.427066 0.805959 0.588654 0.66344 0.426028 1.04284 0.683132 1.38528 0.33683 0.620721 0.582313 0.481667 0.44801 0.590683 0.679233 0.853081 2.13301 1.06207 0.607229 0.323239 0.270614 0.710335 0.258641 0.257398 0.19685 0.325987
threshold=0.60273627699035359 0.86662797219458598 0.61905083829932683 2850.3891550000003 64.308798702968673 0.0065196367038257439 104218.89500000002 435.51499999999947 -0.85695147891036094 114445.57352500001 94003.381764554157 85489.543125000011 285.34500000000122 976.48802536714379 82640.680000000008 106712.09110821888 0.00093385204524552054 0.010501723822488634 0.0065384995752985802 1136.5889285714311 147.66073032581355 3934.0293247500008 928.54000000000099 1703.6117100000004 108838.96500000001 111650.94344262347 113109.10875000001 46.799999999995642 87051.300000000017 0.009268412176808587
decision_type=2 2 2 2 2 2 2 2 2 2 2 2 2 2 2 2 2 2 2 2 2 2 2 2 2 2 2 2 2 2
left_child=8 2 3 -2 5 -3 7 -7 9 10 11 -1 14 -14 -10 -15 24 18 22 20 -20 23 -18 -21 -16 -26 -27 -12 -6 -30
right_child=1 4 -4 -5 28 6 -8 -9 12 -11 27 -13 13 15 16 -17 17 -19 19 21 -22 -23 -24 -25 25 26 -28 -29 29 -31
leaf_value=5.8495066663460398e-05 -5.6441461616337039e-08 -3.4781352839444129e-05 2.9811889126943894e-05 -6.1681727651838938e-05 -1.8886394349113443e-06 -0.00012310108839038285 6.7861073795239042e-06 1.5163872143446982e-05 -0.00010561733742222193 -1.3610921039392124e-06 -1.8772669784472923e-06 -5.9485754981899674e-06 1.7449394245023941e-05 4.7777595030120479e-05 2.9469668420032742e-05 -2.4959432232711082e-05 2.4572409576802081e-05 9.4454310166987418e-05 -0.00021260488845472448 -1.2956400266574235e-05 3.2622512265421671e-07 -1.0746738159431172e-06 -5.1934578605811302e-06 2.3366952993122384e-05 -3.430530777121817e-05 -3.9518495919176986e-07 5.199990811084706e-05 4.465380828127223e-05 2.6330616897405968e-05 -1.0901229854030799e-06
leaf_weight=20 22 23 30 21 20 23 62 35 21 33 33 22 352 24 178 25 63 68 22 20 26 30 20 51 20 32 95 102 108 29
leaf_count=20 22 23 30 21 20 23 62 35 21 33 33 22 352 24 178 25 63 68 22 20 26 30 20 51 20 32 95 102 108 29
internal_value=0.00107362 -0.000630027 -0.00458904 -0.00895349 0.000333334 -0.00164336 1.86265e-10 -0.00362069 0.00157916 -0.00047619 0.0010452 -0.00452381 0.0019914 0.00312968 0.00128483 -0.00214286 0.00156 0.000166667 -0.00103448 -0.00305369 -0.00854167 -0.000445544 0.00259036 0.00288732 0.00284615 0.0012585 0.0026378 0.00277778 0.00213376 0.00281022
internal_weight=1630 373 73 43 300 143 120 58 1257 210 177 42 1047 401 646 49 625 300 232 149 48 101 83 71 325 147 127 135 157 137
internal_count=1630 373 73 43 300 143 120 58 1257 210 177 42 1047 401 646 49 625 300 232 149 48 101 83 71 325 147 127 135 157 137
is_linear=0
shrinkage=0.05


Tree=79
num_leaves=31
num_cat=0
split_feature=25 21 22 41 0 0 15 19 38 4 23 41 18 25 15 36 31 31 21 13 25 0 1 20 16 13 25 11 21 41
split_gain=0.753252 1.32576 0.551978 0.342556 0.307596 0.882232 0.967867 0.587832 1.27084 0.613093 0.731847 0.38796 0.36389 0.657868 0.510885 0.671063 0.462374 0.695503 0.63307 0.458009 0.418241 0.379065 0.900589 0.407892 1.51595 0.597468 0.361519 0.311777 0.308392 0.646998
threshold=-1.0228868163598499 159.36499999999799 1313.949605 -1623.5737363618505 93520.455000000016 91243.36500000002 0.010381549303345202 766.27999999999895 46.354664498515213 6049.4281450000008 2.0848826343253584 299.29661673522486 520.56499999999517 -0.67942360850175831 0.0053627225140179501 -3406.4803678953681 105408.0034 106388.57030000001 242.38999999999945 0.013100229363114588 2.0240771719536856 112879.58500000001 113691.98500000002 320.4749999999986 0.0056869413936833256 0.019954521110930525 1.8404784549960234 -0.013086362375665862 557.72000000000855 -333.87423310306536
decision_type=2 2 2 2 2 2 2 2 2 2 2 2 2 2 2 2 2 2 2 2 2 2 2 2 2 2 2 2 2 2
left_child=1 -1 -2 -4 5 7 -7 8 -5 -9 -11 -10 16 -14 19 -16 -6 18 -18 -15 21 28 -23 27 -25 -26 -17 -24 -19 -30
right_child=2 -3 3 4 12 6 -8 9 11 10 -12 -13 13 14 15 26 17 20 -20 -21 -22 22 23 24 25 -27 -28 -29 29 -31
leaf_value=1.0335970785852191e-05 -7.5852625678644402e-07 -1.9069511356480082e-06 3.1558424931158964e-05 -0.00010857189161702262 1.8039065186692136e-05 -7.0314725848543988e-06 -9.2558368119715663e-07 2.1772180390612859e-05 8.316423961218268e-05 -8.3377429072542587e-06 0.00017734572254558703 -7.94824816247531e-07 -2.5399392240770566e-05 -1.4237253692264981e-05 -0.00022687419251952862 1.8932900140161506e-05 5.4382061259410558e-05 2.4227869233579006e-05 -2.631351344908537e-05 2.4128795321751373e-06 -8.7052668158839257e-05 -8.2655291229844288e-06 -6.8889836872813005e-07 -4.0225412867571044e-06 0.00013893046515357383 -2.8656425220384289e-05 -1.2992676469464199e-06 2.489113254345367e-05 1.8380041145957244e-05 -2.0841689117037152e-05
leaf_weight=44 27 33 77 22 213 20 33 153 29 33 20 23 22 20 29 120 24 216 22 22 26 21 28 28 59 20 28 172 25 21
leaf_count=44 27 33 77 22 213 20 33 153 29 33 20 23 22 20 29 120 24 216 22 22 26 21 28 28 59 20 28 172 25 21
internal_value=0.000736196 -0.00409091 0.000975531 0.00110092 0.000928227 -0.000405405 -0.00632075 0.000714286 -0.00310811 0.00208738 -0.00254717 0.00115385 0.00132617 -0.000394191 0.00043379 0.00161017 0.0018 0.00114804 -0.00478261 -0.00452381 0.00159091 0.00186441 0.000731707 0.00141694 -0.00107477 0.00246835 0.00297297 0.00275 0.00328244 -0.000434782
internal_weight=1630 77 1553 1526 1449 333 53 280 74 206 53 52 1116 241 219 177 875 662 46 42 616 590 328 307 107 79 148 200 262 46
internal_count=1630 77 1553 1526 1449 333 53 280 74 206 53 52 1116 241 219 177 875 662 46 42 616 590 328 307 107 79 148 200 262 46
is_linear=0
shrinkage=0.05


Tree=80
num_leaves=31
num_cat=0
split_feature=25 4 22 21 21 19 9 36 22 38 31 7 13 24 9 21 4 23 22 21 21 9 40 18 19 7 26 15 11 11
split_gain=1.0024 1.40649 0.572222 0.37576 0.685622 0.633162 0.710468 0.549591 0.51443 1.43575 0.609233 0.662345 0.897595 1.31363 0.511841 1.13461 0.496746 0.64586 0.845062 0.495395 0.604915 0.896037 1.51359 0.368995 0.301863 0.273485 0.258511 0.23604 0.235714 0.144665
threshold=-1.0228868163598499 863.35367500000018 1313.949605 246.59500000000119 118.25000000000729 1471.0749999999973 -0.034130370145373533 8586.9877275470226 5223.0345375000006 47.649100913850639 112682.62650000003 0.0013619076043429902 -0.011785294852204893 2661.0460620300005 0.0095729904131735388 54.200000000004373 4041.7586350000006 -0.58470543852178247 3182.1179285750004 51.805000000000298 11.294999999998256 -0.00085499440283629468 75.411522792521296 777.22999999999604 444.96500000000384 0.010802396221141935 115870.82409369048 0.0055667584284703206 -0.00094115133419280731 0.016352049704162049
decision_type=2 2 2 2 2 2 2 2 2 2 2 2 2 2 2 2 2 2 2 2 2 2 2 2 2 2 2 2 2 2
left_child=1 28 -2 4 14 8 -7 27 10 -10 16 12 -12 -14 19 -16 17 18 -5 20 -4 22 -22 -6 -21 -25 -13 -8 -1 -19
right_child=2 -3 3 5 23 6 7 -9 9 -11 11 26 13 -15 15 -17 -18 29 -20 24 21 -23 -24 25 -26 -27 -28 -29 -30 -31
leaf_value=5.7339452205448571e-05 -7.2059994394712295e-07 -1.4768287443871754e-06 6.1640749754276892e-05 -2.7057268206932203e-06 1.9396362194497649e-05 -0.00012786281627736196 3.3485829569186526e-05 -4.7486175714120994e-06 2.3891787088461205e-05 -2.2569835112882611e-05 2.8098427431949116e-05 -1.3546460334211854e-06 -1.6739252639648322e-06 -6.3232474591998263e-05 3.1547522197330124e-05 -3.2300094305649111e-05 -5.6690684353608356e-06 3.3107519392065964e-05 1.0850521990847754e-05 -6.7602293149656077e-06 -4.4437951718105185e-05 3.2746110524209178e-05 -1.0377889698142135e-06 -3.9758694793534781e-06 1.9964060224949089e-05 2.0023863170858389e-05 9.0618199097382412e-05 2.1288062541465913e-05 -6.7775864741652868e-07 3.7869409966485208e-06
leaf_weight=22 27 35 50 36 315 22 25 20 24 23 29 20 29 27 43 39 38 143 45 21 23 44 37 20 140 24 27 227 20 35
leaf_count=22 27 35 50 36 315 22 25 20 24 23 29 20 29 27 43 39 38 143 45 21 23 44 37 20 140 24 27 227 20 35
internal_value=0.000828221 -0.00474026 0.00110431 0.00123198 0.00202381 0.000454546 0.00227891 0.00297794 -0.000672269 -0.0056383 -0.000128205 -0.00295455 -0.00558823 -0.00928571 0.00059194 -0.00292683 0.00112795 0.0019112 -0.00179012 0.00150794 -0.00051948 -0.00269231 -0.00666667 0.00360724 0.00344721 -0.000681818 0.00180851 0.00361111 0.00142857 0.00359551
internal_weight=1630 77 1553 1526 756 770 294 272 476 47 429 132 85 56 397 82 297 259 81 315 154 104 60 359 161 44 47 252 42 178
internal_count=1630 77 1553 1526 756 770 294 272 476 47 429 132 85 56 397 82 297 259 81 315 154 104 60 359 161 44 47 252 42 178
is_linear=0
shrinkage=0.05


Tree=81
num_leaves=31
num_cat=0
split_feature=25 28 20 20 27 15 15 15 23 15 0 22 24 41 36 18 7 24 1 0 20 36 11 19 28 20 16 7 9 23
split_gain=1.25089 1.8206 0.628691 0.594732 0.692117 0.572538 0.51158 1.12793 1.06414 1.36807 1.26539 0.85568 0.623824 0.46704 0.438122 0.489144 0.438312 0.395092 0.652168 0.87448 0.663876 0.735564 0.511426 0.399626 0.96 0.3 0.295342 0.288711 0.549072 0.268959
threshold=-1.0740291596493621 -221.30551267806729 326.44499999999977 313.75000000000006 116665.14224999999 0.003376939958390762 0.006469428381063444 0.0042696772115526803 -0.88798320808158759 0.004582166768631918 94880.355000000025 1949.0185400000003 2129.4562975000003 757.02985989431738 8774.197960968655 -1608.7700000000038 0.0035138020217514014 2522.0661342000003 104638.53500000002 104997.03000000001 191.59500000000119 3002.0643713096147 -0.0057431393607932828 799.9300000000004 862.88247874177625 184.00499999999741 0.012382996945435232 0.0016193478132120024 0.0048198708421522494 0.65832233840270904
decision_type=2 2 2 2 2 2 2 2 2 2 2 2 2 2 2 2 2 2 2 2 2 2 2 2 2 2 2 2 2 2
left_child=1 -1 3 4 6 -4 7 27 25 -10 -11 -12 -13 -14 15 -7 -16 -8 23 -20 21 22 -21 24 -19 -9 -25 -2 -29 -17
right_child=2 -3 5 -5 -6 14 17 8 9 10 11 12 13 -15 16 29 -18 18 19 20 -22 -23 -24 26 -26 -27 -28 28 -30 -31
leaf_value=8.9635341855451734e-05 2.7666624236420275e-05 -1.5067537514543923e-06 -6.3139848054457518e-06 -3.9735390960865893e-05 2.0187556574723262e-05 -0.00026093629531564365 5.4699442591429712e-05 4.5162489802755523e-05 -2.9177082858811367e-05 -3.828790382702392e-05 -2.4249479271788927e-06 -3.6410186322248332e-05 0.00013082932869533625 -5.5446394782991973e-07 -4.5854388742033713e-06 2.1122553655247552e-05 1.0752239406925958e-05 6.2005776967619095e-05 -0.00013561662304524842 -1.8658724016009591e-05 4.7082090920136919e-05 -2.3751315366646926e-06 6.7384092166547134e-06 5.9851248489052638e-05 -0.00012908231565394326 -7.0036567138426135e-07 -5.3933398034835499e-07 -2.9309029966679867e-06 6.8398801136711395e-06 2.1066010039505643e-06
leaf_weight=26 91 30 25 24 131 22 95 40 20 39 28 20 69 22 20 311 22 50 21 36 37 22 37 123 25 20 36 29 23 136
leaf_count=26 91 30 25 24 131 22 95 40 20 39 28 20 69 22 20 311 22 50 21 36 37 22 37 123 25 20 36 29 23 136
internal_value=0.000736196 -0.00660714 0.000997459 0.000279384 0.000463511 0.00238806 -3.96374e-05 -0.0013591 -0.00333333 -0.00510101 -0.00370786 -0.00147482 0.000495496 0.00225275 0.00274951 0.00318763 -0.00214286 0.00105809 0.000348837 -0.00218954 -0.000681818 -0.00289474 -0.000479452 0.00200855 -0.001 0.0025 0.00342767 0.0022028 -0.000769231 0.00354586
internal_weight=1630 56 1574 1038 1014 536 883 401 258 198 178 139 111 91 511 469 42 482 387 153 132 95 73 234 75 60 159 143 52 447
internal_count=1630 56 1574 1038 1014 536 883 401 258 198 178 139 111 91 511 469 42 482 387 153 132 95 73 234 75 60 159 143 52 447
is_linear=0
shrinkage=0.05


Tree=82
num_leaves=31
num_cat=0
split_feature=25 28 18 19 23 35 23 31 21 19 22 39 4 4 41 9 13 18 17 22 0 24 38 39 17 31 35 19 40 22
split_gain=0.992931 1.50037 0.484935 0.456353 0.630299 0.785367 0.716275 0.82323 0.59909 1.27807 0.986757 0.586897 0.518098 1.31364 0.517911 0.445908 0.436364 0.343356 0.4 0.328988 0.528711 1.13525 0.529137 0.646235 0.461086 0.458936 0.301864 0.2625 0.259391 0.519849
threshold=-1.0740291596493621 -221.30551267806729 1901.7900000000011 1637.8399999999967 0.56733924760709054 113707.45592500002 0.9165019602246407 106986.80200000001 302.58999999999656 622.79499999999837 5612.4744018750007 1261.0489285714295 2023.5154300000002 1794.2445200000002 87.972100309699968 -0.009235323821210251 0.0023437831010404181 851.48999999999808 0.0073070698049446563 3549.7018487500004 95531.075000000026 2878.4116907000002 50.126270060903195 1275.0503571428569 0.0050477251737600197 90332.882100000003 114315.63127500001 1357.8550000000034 -490.13139644664619 4640.040403500001
decision_type=2 2 2 2 2 2 2 2 2 2 2 2 2 2 2 2 2 2 2 2 2 2 2 2 2 2 2 2 2 2
left_child=1 -1 3 4 8 6 7 -6 17 -10 11 12 13 16 -8 -14 -11 19 -19 20 21 -2 -22 24 -24 -23 -26 -16 29 -5
right_child=2 -3 -4 28 5 -7 14 -9 9 10 -12 -13 15 -15 27 -17 -18 18 -20 -21 22 25 23 -25 26 -27 -28 -29 -30 -31
leaf_value=8.5153574762679131e-05 -0.00010862421983931726 -1.4314160638817036e-06 -4.1950527271331036e-06 -7.8931851300064486e-06 -2.1284449854165423e-06 2.4008509469184936e-06 -3.0000339511337678e-05 -4.4098035435785561e-06 -4.2420929235718669e-06 0.00010950674680552221 -2.2718511713324276e-06 2.0571435506443306e-05 -3.5518719340546775e-06 -1.3342707628328623e-05 4.6895214972575552e-05 5.6420937374921518e-06 -2.2826568462187795e-05 1.438801002356882e-05 -1.5191381419951271e-05 2.565695730055117e-05 6.4146271416752645e-05 1.3525169951090068e-05 -3.3486745549193243e-06 -4.1167427977175476e-05 2.889933575455271e-05 -5.7085498028624918e-06 -1.9635757074299924e-07 -9.9701091840208522e-08 1.2560353711154438e-05 3.1569823431000565e-05
leaf_weight=26 31 30 29 63 25 41 25 21 24 24 30 138 20 20 28 67 20 20 20 150 187 57 27 26 136 21 42 20 197 65
leaf_count=26 31 30 29 63 25 41 25 21 24 24 30 138 20 20 28 67 20 20 20 150 187 57 27 26 136 21 42 20 197 65
internal_value=0.000828221 -0.00571429 0.00106099 0.00118123 0.000737705 -0.0021875 -0.0042437 -0.00913043 0.00117925 -0.000539358 0.000297806 0.00119377 -0.000960265 -0.004375 -0.00116438 0.00155172 0.000454546 0.00200139 -0.0025 0.00226736 0.00167932 -0.00142202 0.00248804 0.000887446 0.00182927 0.00179487 0.00275281 0.001875 0.00284615 0.00109375
internal_weight=1630 56 1574 1545 1220 160 119 46 1060 343 319 289 151 64 73 87 44 717 40 677 527 109 418 231 205 78 178 48 325 128
internal_count=1630 56 1574 1545 1220 160 119 46 1060 343 319 289 151 64 73 87 44 717 40 677 527 109 418 231 205 78 178 48 325 128
is_linear=0
shrinkage=0.05


Tree=83
num_leaves=31
num_cat=0
split_feature=25 28 21 21 23 9 15 22 7 9 41 11 15 21 25 22 17 7 17 18 16 16 20 28 13 21 13 19 19 38
split_gain=1.00226 1.50037 0.514013 0.857877 1.23821 0.809309 1.04716 1.6 0.80023 0.412112 0.401235 0.437781 0.332704 0.384919 1.00812 0.318498 0.940599 0.601251 0.370653 0.390509 0.259698 0.297266 0.42879 0.324519 0.570417 0.64 0.407547 0.631739 0.265677 0.463661
threshold=-1.0740291596493621 -221.30551267806729 743.2350000000007 302.58999999999656 -0.98120597281670185 -0.0030974181193335151 0.0054702894182835108 2311.2769637500005 -0.00032294154649265011 0.025191884206384605 -511.57459866633673 -0.019567476632807234 0.0063124342100033424 453.29999999999569 -0.43241157092299121 1800.2747257500002 0.0062676616830252543 0.0031360288641383211 0.0048658569777177496 1823.3600000000008 0.0055562685285084901 0.0069978839502736643 53.985000000000589 1356.6826027071731 -0.0074286206205391291 222.37000000000265 0.010791005670423719 803.45500000000186 1866.6250000000002 47.448322268249065
decision_type=2 2 2 2 2 2 2 2 2 2 2 2 2 2 2 2 2 2 2 2 2 2 2 2 2 2 2 2 2 2
left_child=1 -1 3 15 -5 6 7 -6 10 12 -8 -12 13 14 -7 16 17 -2 -17 20 -20 22 -22 24 -24 26 27 -26 -23 -30
right_child=2 -3 -4 4 5 9 8 -9 -10 -11 11 -13 -14 -15 -16 18 -18 -19 19 -21 21 28 23 -25 25 -27 -28 -29 29 -31
leaf_value=8.0895896024545187e-05 3.9450618144793554e-05 -1.3598452606876531e-06 1.8893324329812884e-05 -2.069137551373593e-06 -1.7348981484852938e-07 5.8438756329398889e-07 4.4929832148977224e-05 -0.00022092407396942252 -3.2317323235933779e-06 -0.00014119062367524019 -3.7595180104718178e-06 1.7839905210652332e-05 3.9058377738607013e-05 1.8776320475373932e-06 -7.0834017895582145e-06 -2.4953634317861938e-06 -4.0010813744672887e-05 -2.8108866340411231e-06 2.2998733052712762e-05 -3.1436257118789623e-06 -1.0336144990980842e-06 1.933805666897167e-05 1.2148356223278793e-05 4.767475990678653e-06 -5.9700647182305943e-05 -5.7704378284765359e-06 5.7318137000344943e-05 1.2374897403506935e-06 3.1691420213546439e-05 -2.6872404842523554e-06
leaf_weight=26 50 30 143 28 20 23 39 20 25 26 33 48 159 50 33 21 24 27 116 21 30 375 60 48 21 20 27 32 32 23
leaf_count=26 50 30 143 28 20 23 39 20 25 26 33 48 159 50 33 21 24 27 116 21 30 375 60 48 21 20 27 32 32 23
internal_value=0.000858896 -0.00571429 0.00109276 0.000807128 -0.000853174 -0.000252101 -0.00283784 -0.01 -0.000862069 0.00139175 0.000833334 -0.00117284 0.00198113 -0.000188679 -0.00303571 0.00170982 -0.000940594 0.00175325 0.0020339 0.00220497 0.0023852 0.00200599 0.000588235 0.00139423 0.0003125 -0.002 1.86265e-10 -0.00254717 0.0027907 -0.000454545
internal_weight=1630 56 1574 1431 504 476 185 40 145 291 120 81 265 106 56 927 101 77 826 805 784 668 238 208 160 100 80 53 430 55
internal_count=1630 56 1574 1431 504 476 185 40 145 291 120 81 265 106 56 927 101 77 826 805 784 668 238 208 160 100 80 53 430 55
is_linear=0
shrinkage=0.05


Tree=84
num_leaves=31
num_cat=0
split_feature=25 32 7 11 4 22 2 11 0 40 41 4 28 18 36 17 22 36 36 36 20 25 20 16 15 7 18 41 9 19
split_gain=0.710412 0.896677 0.889158 0.445157 0.389219 0.522129 1.02427 0.9728 0.325275 0.316562 0.83406 2.0353 0.351145 0.268961 0.25538 0.422427 0.568049 0.285336 0.400407 0.784926 0.552247 0.33989 0.389901 0.331006 0.296875 0.284862 0.554915 0.241338 0.22736 0.204936
threshold=-0.84924145114834981 1297.1072191309506 -0.0030454561775348208 -0.0071795201710518055 1414.3213750000002 1918.3982940000001 112385.78000000001 1.0000000180025095e-35 107584.11000000002 -1734.839709920401 -1276.8295468660147 3460.5634400000004 -3427.3428185359367 106.25500000000467 8774.197960968655 0.0070372742973265406 3829.1841377500009 4787.8399106855295 -2328.7663400471206 -1441.6862473195504 256.36499999999802 -0.70463023702406868 661.15499999999895 0.0056869413936833256 0.0050495564796375339 0.0089330928835176047 373.27000000000413 -317.03787829443974 -0.021849584250580364 1438.5149999999996
decision_type=2 2 2 2 2 2 2 2 2 2 2 2 2 2 2 2 2 2 2 2 2 2 2 2 2 2 2 2 2 2
left_child=1 2 -1 -4 -2 6 8 -8 -6 -7 11 -11 -12 -5 17 -16 -17 18 24 20 -20 -21 25 -19 -14 27 -27 -23 -26 -30
right_child=4 -3 3 13 5 9 7 -9 -10 10 12 -13 14 -15 15 16 -18 23 19 21 -22 22 -24 -25 28 26 -28 -29 29 -31
leaf_value=-2.3465382722572153e-05 1.1501817844300209e-05 -1.4111354833300485e-06 -5.9979683014634965e-06 6.1669451710702936e-05 -1.1427192072722674e-05 3.3499640983347189e-05 0.00011324121824068018 -4.9148342391071778e-06 2.6869725326733899e-05 -2.2042683311534627e-05 -0.00015464723160661675 4.2264547894323302e-05 -1.9028654397503122e-07 -8.7086167728916953e-07 6.5656152941128647e-06 -3.0669697213761043e-05 2.6612205307715451e-06 -1.5836188430874346e-07 -0.00010140665242915981 -1.2610239113290553e-05 -6.9990763556218384e-07 -3.3142453362975202e-07 -3.4292117757449737e-06 2.5435410630699951e-05 3.7215844338529632e-07 -7.1520652038001655e-05 1.7687751192585002e-05 2.1894669611424107e-05 3.5002791821162879e-05 8.9534463263542819e-06
leaf_weight=37 138 36 27 83 28 59 21 26 37 20 20 37 28 34 22 20 42 32 31 20 30 36 37 196 37 20 42 185 146 103
leaf_count=37 138 36 27 83 28 59 21 26 37 20 20 37 28 34 22 20 42 32 31 20 30 36 37 196 37 20 42 185 146 103
internal_value=0.000981595 -0.00168203 -0.000248619 0.00152778 0.00139066 0.00111765 -0.00214286 -0.00776596 0.00192308 0.00143164 0.00124094 -0.00464912 0.0015616 0.00286325 0.00168939 -0.000952381 -0.00306452 0.00192471 0.00143357 0.000386534 -0.00483607 0.00132353 0.00171875 0.00346491 0.0027707 0.00234982 -0.000645161 0.00319005 0.00325175 0.00379518
internal_weight=1630 217 181 144 1413 1275 112 47 65 1163 1104 57 1047 117 1027 84 62 943 715 401 61 340 320 228 314 283 62 221 286 249
internal_count=1630 217 181 144 1413 1275 112 47 65 1163 1104 57 1047 117 1027 84 62 943 715 401 61 340 320 228 314 283 62 221 286 249
is_linear=0
shrinkage=0.05


Tree=85
num_leaves=31
num_cat=0
split_feature=28 28 23 21 23 41 4 17 4 20 23 7 7 25 39 36 41 39 17 20 26 23 7 28 20 36 35 15 17 41
split_gain=0.495889 0.675027 0.688095 0.50103 1.39113 1.23448 0.69777 0.863859 0.67413 0.598365 0.563448 0.566971 0.695338 0.593947 0.537313 0.989252 0.421582 0.574951 1.53001 0.587388 1.18248 0.509118 0.753876 1.31688 0.458009 0.409408 0.334323 0.870406 0.225 0.15627
threshold=2642.4445563888298 2260.7408061997053 0.67402790489223952 242.38999999999945 -0.8980303133534524 285.60524271598996 1550.2557850000003 0.0064393108044803644 1875.9969700000001 44.61499999999797 -1.2643561176907128 0.0086292205577485886 0.010162257789847378 0.31835733065102595 819.18321428571414 857.26582612018694 1003.5117650562253 1231.1385714285695 0.01014033271379595 172.93000000000032 111637.13757311208 0.50680384387372313 -0.0037277936720855422 -350.42288750491565 411.49500000000268 2440.5464777372549 104125.32037500001 0.0063581571538588429 0.0071728479183053228 539.17017626274969
decision_type=2 2 2 2 2 2 2 2 2 2 2 2 2 2 2 2 2 2 2 2 2 2 2 2 2 2 2 2 2 2
left_child=1 3 -3 10 5 8 7 -6 -5 -8 -1 14 -13 -14 15 -12 17 18 19 20 28 -19 -23 -24 -18 -17 27 -21 -11 -16
right_child=-2 2 -4 4 6 -7 9 -9 -10 16 11 12 13 -15 29 25 24 21 -20 26 -22 22 23 -25 -26 -27 -28 -29 -30 -31
leaf_value=-8.2999323508424198e-06 1.4761879325931476e-05 3.1566189703073463e-06 -0.00014002472800220178 0.00010799910945518844 3.6684070364080084e-07 -1.5377334467481451e-06 6.2515542772677098e-05 -4.6489217188431958e-06 -0.00021083543435691947 -2.3054194337270218e-07 -3.1373671713035447e-05 -3.232914858933167e-05 3.7676063168773966e-05 -7.9945757992164174e-06 6.1856954287238818e-06 4.8394157182343067e-05 -3.8023952003145354e-05 5.2706399177520465e-05 -3.8621464336068551e-06 -8.2199476848580313e-06 -1.0973686742504628e-05 2.4619647571406013e-05 -3.2667905822334747e-05 1.0231291596813004e-05 1.6647744007042473e-05 -1.8680876423701507e-06 3.2967396246222545e-05 0.00013212299044539191 6.2248624604849942e-05 1.8010191640652049e-05
leaf_weight=22 102 28 20 31 32 20 77 23 20 20 29 25 47 23 401 47 20 174 21 22 22 55 20 22 22 35 87 25 20 118
leaf_count=22 102 28 20 31 32 20 77 23 20 20 29 25 47 23 401 47 20 174 21 22 22 55 20 22 22 35 87 25 20 118
internal_value=0.000644172 0.000418848 -0.00541667 0.000608108 -0.0003206 -0.00697183 0.000392749 -0.005 -0.00284314 0.000881384 0.00151941 0.00175862 -0.00184211 0.000714286 0.00230159 -0.000855856 0.000283019 0.000696721 -0.0012212 0.000153061 -0.00387097 0.00223247 -0.000670103 -0.00571429 -0.00452381 0.00195122 0.00201493 -0.00138298 0.00125 0.00297688
internal_weight=1630 1528 48 1480 733 71 662 55 51 607 747 725 95 70 630 111 530 488 217 196 62 271 97 42 42 82 134 47 40 519
internal_count=1630 1528 48 1480 733 71 662 55 51 607 747 725 95 70 630 111 530 488 217 196 62 271 97 42 42 82 134 47 40 519
is_linear=0
shrinkage=0.05


Tree=86
num_leaves=31
num_cat=0
split_feature=25 20 42 13 11 22 23 22 20 25 11 25 9 7 15 34 32 32 17 19 39 28 9 4 41 15 38 34 25 15
split_gain=0.50653 1.13959 0.818182 0.635907 0.670851 0.631809 0.385771 0.64099 1.07037 0.603763 0.85403 0.40723 0.585402 0.633575 0.529047 1.15113 0.671617 0.98 1.03214 0.548125 0.689275 0.491325 0.890214 0.444444 0.390909 0.473377 0.303002 0.290044 0.425984 0.387931
threshold=-0.84924145114834981 230.00000000000003 12.832636882630085 0.014001169105624347 -0.0034966259914194168 2731.5869562500006 -0.30331442678518294 4389.7342497500013 85.475000000005835 -0.48580165434091221 0.0027184950740947703 2.5373678573199352 -0.021849584250580364 -0.017921398678549576 0.0064363593669585903 114925.40482856908 1645.3058243261114 2752.4809633447153 0.0071130199607111625 2256.7750000000019 1386.665000000002 -529.5223284118764 -0.0097474191326117118 5815.9185400000015 -393.99951886557767 0.0094034642415609295 76.702762068781524 104831.70528597978 0.048886729442767736 0.0081737058372383636
decision_type=2 2 2 2 2 2 2 2 2 2 2 2 2 2 2 2 2 2 2 2 2 2 2 2 2 2 2 2 2 2
left_child=1 3 -3 4 5 -1 7 -2 -9 10 -8 12 13 23 15 16 21 18 -18 26 -21 22 -14 -11 25 -10 27 -16 29 -29
right_child=6 2 -4 -5 -6 -7 9 8 24 11 -12 -13 14 -15 19 -17 17 -19 -20 20 -22 -23 -24 -25 -26 -27 -28 28 -30 -31
leaf_value=5.7308596999978676e-07 1.06712196213413e-05 -5.6325794749198286e-06 -1.6752578785609348e-07 -2.5810858997931192e-06 2.7919631592419957e-05 -2.1465176337086817e-05 1.6506201420779416e-05 -5.3686557651744044e-05 -1.9942916005551286e-06 0.00031800166516483699 -1.957086991471492e-05 6.3002207604237679e-05 3.3603735784358547e-05 -1.0245104472659123e-05 3.5369797136665276e-05 -8.2152778027352395e-06 -2.2636874385038923e-06 5.4113847012989364e-06 -1.4813812766412873e-06 -1.7478445113989282e-06 9.5185116838685202e-06 6.3327142692911034e-05 -3.2383290582259303e-05 -0.00016985580445395669 2.5623921545719839e-05 4.6577568977128506e-06 -1.451279730233266e-06 1.130160500364034e-05 1.6356756448068898e-05 -2.1180368201511365e-05
leaf_weight=29 438 22 22 25 99 20 27 27 20 20 24 54 28 22 169 25 21 30 24 26 36 107 33 25 43 35 28 29 102 20
leaf_count=29 438 22 22 25 99 20 27 27 20 20 24 54 28 22 169 25 21 30 24 26 36 107 33 25 43 35 28 29 102 20
internal_value=0.000797546 -0.00145161 -0.00863636 0.000375723 0.00162162 -0.00316327 0.00114296 0.00215808 -0.001 0.000470588 -0.00480392 0.000807259 0.000503356 -0.00395522 0.000943953 -0.000783582 0.00026749 -0.00366667 -0.00833333 0.00207317 -0.00225806 0.00202381 -0.00155738 -0.000555555 0.00142857 -0.00136364 0.00284483 0.00328125 0.00168874 -0.00214286
internal_weight=1630 217 44 173 148 49 1413 563 125 850 51 799 745 67 678 268 243 75 45 410 62 168 61 45 98 55 348 320 151 49
internal_count=1630 217 44 173 148 49 1413 563 125 850 51 799 745 67 678 268 243 75 45 410 62 168 61 45 98 55 348 320 151 49
is_linear=0
shrinkage=0.05


Tree=87
num_leaves=31
num_cat=0
split_feature=25 28 21 23 15 36 42 13 20 4 4 7 9 20 23 28 21 16 35 28 16 16 25 5 5 5 20 4 21 0
split_gain=0.487809 0.843764 1.19495 0.361793 0.751337 0.79085 1.07675 0.931511 1.00963 0.49151 0.738509 0.413814 0.607503 0.813923 0.743878 0.813445 0.67897 1.37481 0.371949 0.36316 0.329326 0.419202 0.758648 1.03151 1.10834 0.819398 0.361761 0.356699 0.527399 0.523926
threshold=-0.98949631173945785 -446.20816616798396 159.36499999999799 -0.29188376677647049 0.0055419543151855695 3296.4775017296347 8.4173223069804539 0.00057575439509893213 170.27499999999421 3050.9223150000003 3460.5634400000004 -0.0036510142587460642 0.0026097587791992106 221.72999999999595 -0.64163351868003182 25.631400612946894 275.76499999999947 0.0068260717933661301 113985.15855000001 -813.45605531087483 0.0065552441490760319 0.007680110970649359 1.1580579837489229 0.0045159673226497993 -0.0020585151324248687 -0.00632082472622856 128.58000000000177 5815.9185400000015 599.20000000000448 104719.02500000001
decision_type=2 2 2 2 2 2 2 2 2 2 2 2 2 2 2 2 2 2 2 2 2 2 2 2 2 2 2 2 2 2
left_child=1 -1 -3 9 5 7 -7 8 -5 11 -11 -2 13 16 15 -15 -13 -18 -9 -14 -6 22 23 24 25 -22 -23 -28 29 -29
right_child=3 2 -4 4 20 6 -8 18 -10 10 -12 12 19 14 -16 -17 17 -19 -20 -21 21 26 -24 -25 -26 -27 27 28 -30 -31
leaf_value=5.7320160971218546e-05 2.2223244981160792e-05 3.4091546603104421e-07 -1.8185232963033041e-06 -0.00044230167254537397 7.0353625288315086e-06 -2.1207659858923452e-06 -2.7915057579683225e-06 3.654530740409742e-05 9.9723963764057381e-06 -2.3646694725985283e-05 3.0593131144810726e-05 3.3915468176543869e-05 -1.1508267781255915e-06 -7.045149289320608e-06 0.00010067801430051172 -7.0362755406799285e-07 -2.7456752635528067e-06 8.5338842041411114e-05 -2.8294870664424706e-07 5.9289729261455378e-06 -1.2037715752208255e-05 9.3367698572799707e-05 2.9580975290943436e-05 1.027587390612548e-05 -2.8058346368486184e-05 0.0001078882690343837 6.6884984756425186e-06 -0.00012301206227507088 9.248699217913732e-05 0.00013360365575508772
leaf_weight=35 142 33 30 25 174 30 21 60 39 31 39 103 30 36 28 34 25 29 29 197 26 59 43 32 27 20 135 51 46 21
leaf_count=35 142 33 30 25 174 30 21 60 39 31 39 103 30 36 28 34 25 29 29 197 26 59 43 32 27 20 135 51 46 21
internal_value=0.000766871 -0.00265306 -0.00611111 0.00098564 0.000286396 -0.00235294 -0.0077451 -0.000555555 -0.00515625 0.00182997 -0.00214286 0.00227564 0.00157676 -9.8039e-05 -0.00367347 -0.00642857 0.00213376 -0.00240741 0.00275281 0.00345815 0.00113565 0.000434783 -0.00175676 -0.00404762 -0.00732877 -0.0026087 0.00147436 0.000652174 -0.00135593 -0.00402778
internal_weight=1630 98 63 1532 838 204 51 153 64 694 70 624 482 255 98 70 157 54 89 227 634 460 148 105 73 46 312 253 118 72
internal_count=1630 98 63 1532 838 204 51 153 64 694 70 624 482 255 98 70 157 54 89 227 634 460 148 105 73 46 312 253 118 72
is_linear=0
shrinkage=0.05


Tree=88
num_leaves=31
num_cat=0
split_feature=25 20 42 17 4 20 16 16 24 20 24 16 9 23 21 15 22 2 15 4 23 4 18 20 20 16 17 4 28 13
split_gain=0.638868 1.36396 1.11364 0.866624 1.79686 0.407273 0.375823 1.10401 0.720946 0.784849 0.679437 0.809683 0.79237 0.550094 0.967661 0.688991 0.492175 0.474164 0.438312 0.372145 0.600938 0.492175 0.437411 0.432111 0.867774 1.03534 0.344392 0.327562 0.311065 0.484385
threshold=-0.84924145114834981 230.00000000000003 12.832636882630085 0.0065616103400880652 1080.1269850000001 62.959999999999134 0.0070130318518707548 0.0069329428288660254 2762.4967169600009 286.28500000000355 2849.6564062000002 0.0066195169213289521 -0.0022474985739331329 0.56733924760709054 82.375000000000014 0.0053627225140179501 2731.5869562500006 109562.73000000001 0.0059288333328423549 3050.9223150000003 -0.40771800685025283 3439.6084350000006 812.75500000000477 108.56500000000234 186.22500000000585 0.0099179226341553368 0.004842048282201237 4936.097345000001 2551.7117777538083 0.00057575439509893213
decision_type=2 2 2 2 2 2 2 2 2 2 2 2 2 2 2 2 2 2 2 2 2 2 2 2 2 2 2 2 2 2
left_child=1 3 -3 4 5 -1 7 8 13 10 -10 12 -12 26 -15 -16 -14 -11 -19 22 21 -21 -8 -22 25 -25 -2 -26 29 -29
right_child=6 2 -4 -5 -6 -7 19 -9 9 17 11 -13 16 14 15 -17 -18 18 -20 20 23 -23 -24 24 27 -27 -28 28 -30 -31
leaf_value=-6.8535912089117128e-07 -1.2323297665132359e-06 -5.0304006553061775e-06 -7.902053083850128e-08 1.4839299920021613e-05 -9.7058537677813983e-06 2.7849061636105949e-05 1.7715146040110017e-05 -1.1761417451458947e-05 -3.4540052685150735e-05 2.1628897510408539e-05 0.00012808759327422731 -1.7273015547621196e-05 8.3466970715079404e-06 -2.2579536197608755e-06 -2.9482036217952914e-06 9.3570243205504903e-05 -8.4003964943692575e-06 -1.6443744311938882e-06 1.7925409104629829e-06 -7.0336548094275639e-05 8.642750039233925e-05 2.0861715779371293e-05 -1.823056880616423e-06 -4.8090047031630215e-06 1.3863462581606142e-05 2.8754689031091579e-05 1.7452945822491032e-05 8.001208050090048e-06 4.5799795231811255e-05 -0.00015585019834285345
leaf_weight=22 28 22 22 102 21 28 321 22 28 52 40 22 23 23 30 63 24 20 22 24 69 23 23 26 117 21 235 84 28 45
leaf_count=22 28 22 22 102 21 28 321 22 28 52 40 22 23 23 30 63 24 20 22 24 69 23 23 26 117 21 235 84 28 45
internal_value=0.000613497 -0.00191244 -0.00977273 8.67054e-05 -0.00415493 0.001 0.00100142 9.49369e-05 0.000491803 -0.00170996 -0.00412409 -0.00233945 -0.000172414 0.00183377 -0.00103448 0.00123656 -0.00457447 0.00180851 -0.00214286 0.00173496 0.000766591 -0.00457447 0.00296512 0.00141026 0.000638629 -0.0056383 0.00309886 0.00171533 0.00022293 -0.000813953
internal_weight=1630 217 44 173 71 50 1413 632 610 231 137 109 87 379 116 93 47 94 42 781 437 47 344 390 321 47 263 274 157 129
internal_count=1630 217 44 173 71 50 1413 632 610 231 137 109 87 379 116 93 47 94 42 781 437 47 344 390 321 47 263 274 157 129
is_linear=0
shrinkage=0.05


Tree=89
num_leaves=31
num_cat=0
split_feature=25 19 42 36 11 21 24 21 25 41 4 17 16 39 42 16 20 28 13 4 17 23 13 25 17 18 9 7 13 9
split_gain=0.755575 1.28948 0.471342 0.437767 0.597588 1.05844 1.19437 0.596397 0.99047 1.05456 1.2327 0.583414 0.68432 0.709005 0.531401 0.494505 0.748208 0.462909 0.570068 0.727403 0.771429 0.401698 0.401692 0.558896 0.377726 0.349415 0.65625 0.311299 0.273529 0.270179
threshold=-0.98949631173945785 654.85500000000332 -35.587497438601993 -2328.7663400471206 0.027039017641963554 119.4850000000006 3182.5354785000004 302.58999999999656 -0.71453591172249309 -98.572664725672496 3637.6871250000004 0.0076274329070448984 0.0060791011149828192 1524.1571428571428 -127.52774962612895 0.0070130318518707548 543.33999999999662 231.75008776162579 0.011654874141073234 1535.1870100000003 0.0064003170671529811 -0.92602207849880436 0.010238264456833224 -0.84924145114834981 0.011864960040174051 570.08500000000652 0.0057199022168125547 -0.0028227242136352813 -0.0098149328093894237 -0.011554908227285998
decision_type=2 2 2 2 2 2 2 2 2 2 2 2 2 2 2 2 2 2 2 2 2 2 2 2 2 2 2 2 2 2
left_child=1 2 28 22 7 -6 -7 15 -9 10 14 29 -13 -14 -10 16 17 -5 19 -19 -21 -17 23 -2 25 -25 -27 -20 -1 -11
right_child=3 -3 -4 4 5 6 -8 8 9 11 -12 12 13 -15 -16 21 -18 18 27 20 -22 -23 -24 24 -26 26 -28 -29 -30 -31
leaf_value=-6.5047946168724028e-07 -4.3130030891393595e-06 -8.8264524990291031e-06 -2.3887909447493401e-06 1.650096787530667e-05 -1.3906599082403099e-06 3.4617859113439078e-05 -3.8559414624575558e-06 -9.2205610026018966e-06 0.00012377716803347122 -1.3580518855943093e-06 -6.3311512814129576e-06 -9.2118766078611253e-07 6.348501124170694e-05 -9.5266474496268942e-06 -9.0911454270462563e-06 -1.0310419072548644e-06 -1.5982214944352977e-06 1.197703342474814e-05 -3.4035991499209595e-06 -1.595342013218327e-06 -8.9971699913691582e-06 6.8458551194323407e-05 4.5372404555336414e-05 8.8983448502681959e-06 -3.1924063148186243e-06 6.5367370934773077e-05 -0.00023062426736834087 4.1132645100929435e-06 4.6416890496697605e-05 1.8069860557122916e-05
leaf_weight=20 22 20 27 150 22 39 25 31 22 21 26 20 49 27 23 29 35 34 25 28 20 180 95 285 38 32 24 89 31 141
leaf_count=20 22 20 27 150 22 39 25 31 22 21 26 20 49 27 23 29 35 34 25 28 20 180 95 285 38 32 24 89 31 141
internal_value=0.000582822 -0.00367347 -0.000769231 0.000855092 0.00027027 -0.00372093 -0.00046875 0.000631579 -0.000972222 -0.000167173 -0.00556338 0.00131783 -0.00177083 0.000394737 -0.000555555 0.00161017 0.000538058 0.00124277 -0.000357143 -0.00353659 -0.0075 0.00356459 0.00207661 0.00138404 0.00183377 0.0023607 -0.00125 0.00192982 0.00205882 0.00314815
internal_weight=1630 98 78 1532 1036 86 64 950 360 329 71 258 96 76 45 590 381 346 196 82 48 209 496 401 379 341 56 114 51 162
internal_count=1630 98 78 1532 1036 86 64 950 360 329 71 258 96 76 45 590 381 346 196 82 48 209 496 401 379 341 56 114 51 162
is_linear=0
shrinkage=0.05


Tree=90
num_leaves=31
num_cat=0
split_feature=36 11 21 18 39 28 28 16 19 24 1 36 24 41 20 21 21 35 13 35 23 19 40 39 20 26 9 16 28 28
split_gain=0.721705 1.15231 0.875758 0.676692 0.436429 0.632144 0.975305 0.964869 1.03534 0.581027 1.79803 0.469047 1.11304 0.790492 0.746828 0.388321 1.16165 0.30011 1.6559 0.44668 0.381459 0.88574 1.00446 1.13287 0.368058 0.482521 0.306052 0.39309 0.537164 0.50686
threshold=8346.675570451067 0.0075472106094083419 244.30499999999304 955.58000000000186 992.11821428571432 785.32552186377154 1160.5741341476462 0.0060012286028791354 991.33999999999662 2890.1115249400004 91629.375000000015 2378.5959386957552 2522.0661342000003 -105.34115373436988 193.31000000000498 35.725000000005828 21.470000000001168 115662.50797500003 0.022701147253880834 115993.07195000003 0.60273627699035359 1386.455000000002 -277.57779198803468 1394.2692857142863 371.16500000000093 83720.010263736302 -0.017953628211062167 0.0063587509695982444 711.04201377587754 -273.18642604037444
decision_type=2 2 2 2 2 2 2 2 2 2 2 2 2 2 2 2 2 2 2 2 2 2 2 2 2 2 2 2 2 2
left_child=4 2 -2 -3 5 9 -7 8 -8 10 -1 13 -13 14 -12 16 -6 20 19 -19 24 -22 23 -23 25 -17 -27 28 29 -28
right_child=1 3 -4 -5 15 6 7 -9 -10 -11 11 12 -14 -15 -16 17 -18 18 -20 -21 21 22 -24 -25 -26 26 27 -29 -30 -31
leaf_value=-0.0001456247823351874 -1.5889343441691889e-06 5.4463934001339117e-05 -2.9435667543716679e-05 -3.5011549095795893e-06 3.510724430042413e-05 -1.9598946016939638e-06 1.7362777722200656e-05 1.5335720261904909e-05 -2.590771015141503e-06 1.7250980139655275e-05 1.3092871352626005e-05 -7.3212441899604206e-06 7.4878690022590586e-07 4.9303457485124374e-05 -1.5589842032189806e-05 -5.6013473563479142e-05 -1.5957639275448678e-05 -6.0782359664208847e-06 -1.9473773328976331e-06 6.601051696597101e-06 -6.7448699555861713e-06 -6.1941669944289445e-06 2.0320079076496418e-05 2.3438198139408677e-05 1.850433588108808e-05 -2.9547546781548399e-06 2.0559762482085846e-05 2.9887028887538642e-05 2.2133103946990201e-06 -2.3372196131000017e-06
leaf_weight=20 24 56 20 20 52 35 21 39 26 77 55 24 45 97 38 25 25 39 22 83 20 33 96 39 178 24 40 289 35 33
leaf_count=20 24 56 20 20 52 35 21 39 26 77 55 24 45 97 38 25 25 39 22 83 20 33 96 39 178 24 40 289 35 33
internal_value=0.000398773 -0.00333333 -0.00977273 0.000394737 0.000695364 -0.000555555 -0.00367769 -0.000813953 -0.0056383 0.000505618 -0.000555555 0.000559846 -0.00297101 0.00184211 -0.00145161 0.00127299 -0.00214286 0.00154812 -0.000555555 0.00172131 0.00192118 -5.31913e-05 0.00113095 -0.00333333 0.00251603 0.00174888 0.00214964 0.00248111 -9.25924e-05 -0.00253425
internal_weight=1630 120 44 76 1510 477 121 86 47 356 279 259 69 190 93 1033 77 956 144 122 812 188 168 72 624 446 421 397 108 73
internal_count=1630 120 44 76 1510 477 121 86 47 356 279 259 69 190 93 1033 77 956 144 122 812 188 168 72 624 446 421 397 108 73
is_linear=0
shrinkage=0.05


Tree=91
num_leaves=31
num_cat=0
split_feature=16 25 16 40 9 7 7 36 17 41 17 20 20 4 36 0 9 26 24 42 34 1 16 19 21 4 27 27 2 17
split_gain=0.565999 0.551857 0.584495 0.946529 0.713799 0.951855 0.601058 0.565199 0.898676 0.945133 0.641298 0.570915 0.525926 0.610948 0.421111 0.66291 0.373472 0.499382 0.311111 0.306365 0.288188 0.282905 0.370092 0.540834 1.28489 0.5108 0.506348 1.01371 0.4121 0.349066
threshold=0.0070130318518707548 -1.0740291596493621 0.0067102340063366983 411.29369923873315 -0.0078508005974393703 -0.0067741078951035882 -0.00030087622054181734 2440.5464777372549 0.0049044907146619781 33.380378518753339 0.0076007260478749882 543.33999999999662 169.33499999999916 1953.5987500000003 800.23241285339475 112931.62000000001 0.023826312112482092 102935.32689569971 3269.2115639000008 575.53282027861565 112777.56496066936 120219.95000000003 0.0073248956013079866 611.05999999999779 107.02000000000409 3112.2558300000005 107599.55425000003 109322.61500000002 111689.27500000001 0.01162454250959011
decision_type=2 2 2 2 2 2 2 2 2 2 2 2 2 2 2 2 2 2 2 2 2 2 2 2 2 2 2 2 2 2
left_child=1 -1 4 6 -3 -6 -4 11 -9 -10 12 14 13 -11 15 20 19 18 -18 21 -7 22 -2 24 -24 -25 29 -28 -29 -27
right_child=16 2 3 -5 5 7 -8 8 9 10 -12 -13 -14 -15 -16 -17 17 -19 -20 -21 -22 -23 23 25 -26 26 27 28 -30 -31
leaf_value=-1.9712818654289394e-06 7.775841590520334e-05 2.5137520418435664e-05 -1.3562074574246438e-05 -1.4523061646225835e-05 -1.430737269016747e-05 -1.5380158560567956e-07 7.4900987292464794e-06 -4.704162284487712e-06 -1.4155274314682264e-06 4.0679470192361588e-06 -2.9206572338545237e-06 -6.6693376208895764e-06 3.2527071668586419e-05 -2.2452052043727796e-06 2.0856400310626351e-05 -6.0300225434905168e-06 0.00013134162634215681 -3.0524597888784255e-06 -4.1910675737383116e-06 -2.097207630272172e-06 4.5773269124614985e-05 -1.0940248323388955e-06 -9.9634952689216207e-06 1.6699472402488222e-05 6.5314639660731472e-06 1.3046999255866727e-05 -2.7577394811596692e-05 8.029552399488637e-05 -2.0116392212677528e-06 -1.6001087637401889e-06
leaf_weight=39 81 113 20 26 32 40 33 25 33 33 26 29 71 31 122 31 21 22 24 29 62 31 28 272 53 157 20 48 25 53
leaf_count=39 81 113 20 26 32 40 33 25 33 33 26 29 71 31 122 31 21 22 24 29 62 31 28 272 53 157 20 48 25 53
internal_value=0.000245399 -0.000744125 -0.000433287 -0.00449367 6.17286e-05 -0.000700934 -0.000660377 -0.000168986 -0.00207763 -0.000927835 0.000652174 0.00130282 0.00203704 -0.00125 0.00205882 0.000112782 0.00112269 -0.00246269 0.000555556 0.00142409 0.00205882 0.00161458 0.0018114 0.00141768 -0.00240741 0.00195652 0.000544555 -0.00252688 0.00020548 0.00190476
internal_weight=1630 766 727 79 648 535 53 503 219 194 161 284 135 64 255 133 864 67 45 797 102 768 737 656 81 575 303 93 73 210
internal_count=1630 766 727 79 648 535 53 503 219 194 161 284 135 64 255 133 864 67 45 797 102 768 737 656 81 575 303 93 73 210
is_linear=0
shrinkage=0.05


Tree=92
num_leaves=31
num_cat=0
split_feature=38 20 20 4 11 28 3 4 23 19 17 25 17 18 11 24 23 39 21 41 20 4 39 41 40 11 25 25 42 35
split_gain=0.526938 0.506353 0.645583 1.37295 0.962472 0.94235 0.873261 0.672513 0.629451 1.38174 1.14198 0.692063 0.591963 1.18193 0.517977 0.55324 0.551562 0.533333 0.591776 0.617219 0.763912 1.17351 0.550095 0.462963 0.442708 0.402423 0.389641 0.465271 0.349206 0.262589
threshold=25.810165477697549 49.795000000005537 334.61499999999802 1463.0424050000004 0.031120376523623729 1721.586524305196 118964.99500000001 2489.7071750000005 0.28194568325235242 1471.0749999999973 0.0072359575049385548 0.31835733065102595 0.0066119927557741444 365.56500000000239 0.0077798528647996671 4432.3997572200014 -1.2064814432791306 1136.5889285714311 36.794999999998261 530.02059892629984 79.199999999997104 1887.0143550000003 1559.5053571428577 -220.37684289264988 -235.55274714333061 0.016148078145003738 2.3454130813613028 -0.46713782806169674 -14.324624589912942 115949.55775000002
decision_type=2 2 2 2 2 2 2 2 2 2 2 2 2 2 2 2 2 2 2 2 2 2 2 2 2 2 2 2 2 2
left_child=-1 25 4 -4 5 6 8 -5 14 10 11 -10 13 -9 15 16 -3 18 -18 20 -20 23 -19 -22 -11 -2 27 -14 -25 -29
right_child=1 2 3 7 -6 -7 -8 12 9 24 -12 -13 26 -15 -16 -17 17 22 19 -21 21 -23 -24 28 -26 -27 -28 29 -30 -31
leaf_value=1.4268192328836301e-05 4.965363456869057e-06 -7.600363491732182e-06 -3.243679087138113e-06 4.9004360828085693e-05 -3.1628918571049393e-05 1.4847529730691397e-05 -5.6663712607661332e-05 -3.5966710216720017e-06 9.916163296357181e-05 -1.6539182428413733e-06 -1.0626608321579429e-05 -1.7853867527928604e-06 -5.4165287758916614e-07 5.9502070735358096e-05 1.9493413103442179e-05 -2.6578044476356651e-05 7.751477334748283e-05 5.7720898981255739e-05 -2.1246929075906086e-05 5.9992281568141936e-06 -1.5894292360906616e-05 -1.3342801904462689e-05 -7.9615928481585506e-06 2.3389064668570106e-05 5.3822923785278329e-05 -1.9280683962880724e-06 -9.1019481615069457e-05 1.7556691894420774e-05 -4.0151043597933985e-07 -2.4471823125692881e-06
leaf_weight=126 175 23 27 120 35 79 26 39 20 30 24 23 20 24 111 38 44 105 23 44 36 31 20 44 34 32 28 201 28 20
leaf_count=126 175 23 27 120 35 79 26 39 20 30 24 23 20 24 111 38 44 105 23 44 36 31 20 44 34 32 28 201 28 20
internal_value=0.000306749 4.65427e-05 -0.000319969 0.00113779 -0.00117359 -0.000810983 -0.00139205 0.00179204 -0.0010472 -0.00416031 -0.0091791 -0.00430233 0.00063253 -0.00373016 -0.000301645 -0.00107798 -0.000527638 -6.66665e-05 -0.0014 -0.00252427 -0.00395062 -0.00255396 0.0026 -9.25924e-05 0.00109375 0.002343 0.00165428 0.0023029 0.00222222 0.0029638
internal_weight=1630 1504 1297 479 818 783 704 452 678 131 67 43 332 63 547 436 398 375 250 206 162 139 125 108 64 207 269 241 72 221
internal_count=1630 1504 1297 479 818 783 704 452 678 131 67 43 332 63 547 436 398 375 250 206 162 139 125 108 64 207 269 241 72 221
is_linear=0
shrinkage=0.05


Tree=93
num_leaves=31
num_cat=0
split_feature=36 25 16 22 25 28 11 39 22 20 11 15 2 36 15 20 19 31 38 28 42 0 21 4 39 7 5 16 17 34
split_gain=0.995524 0.739801 1.39563 1.30321 0.521513 1.10087 0.492308 0.39058 0.634469 0.502508 0.429501 0.380437 0.527668 0.569285 0.66689 0.46595 0.51152 0.878515 0.968421 0.85877 1.39096 0.487458 0.750649 0.462202 0.636068 1.07786 0.9 0.49745 0.94333 0.352584
threshold=8042.8820397387981 0.56712316858424028 0.0072349199196361435 4146.0484452500014 -1.0865335551803652 -221.30551267806729 0.027039017641963554 1793.117500000001 5782.9094353750015 904.52500000000157 -0.0031427736311147899 0.0042696772115526803 117111.81500000002 -3782.9898304472295 0.0044471752911773672 13.449999999997091 803.45500000000186 106027.02900000002 43.704367559776053 505.08672576685791 108.29484127808855 112931.62000000001 271.61499999999802 3538.5846150000002 1225.075 -0.0046186631936031937 0.0062581352286665099 0.0070130318518707548 0.0077204486741010046 114759.87986342164
decision_type=2 2 2 2 2 2 2 2 2 2 2 2 2 2 2 2 2 2 2 2 2 2 2 2 2 2 2 2 2 2
left_child=4 2 -2 -4 5 -1 -3 8 9 11 -11 -6 13 29 -15 -16 17 18 -17 -20 -21 -19 -23 27 -25 -26 -27 28 -18 -13
right_child=1 6 3 -5 7 -7 -8 -9 -10 10 -12 12 -14 14 15 16 23 21 19 20 -22 22 -24 24 25 26 -28 -29 -30 -31
leaf_value=6.4457240029721938e-05 -5.5591985919443771e-06 6.0929487213933781e-05 2.5252099980718632e-05 -2.6194150859167034e-06 5.7610408639928616e-06 -2.0764930900173075e-06 -1.6828819691476996e-06 3.0341663855183498e-05 -5.4109637170346442e-07 1.3105478341992635e-06 -4.0864169676545775e-06 7.2245405210881913e-06 1.6064199214740394e-05 -1.0397889239470931e-06 -2.6576475944715757e-06 -0.00054044445449556776 1.5014150681860871e-05 3.0024979946244416e-05 1.4678326552226712e-05 -4.1390279945124924e-05 -1.080748643337761e-06 7.888085948066045e-06 -3.6262454449483743e-06 5.7515450152485197e-06 9.6764340159264441e-05 -3.2537849045430232e-05 -1.5715847187281605e-06 8.1410644984014773e-05 -2.3866868925956859e-06 -8.0626638913460268e-06
leaf_weight=24 26 32 44 28 207 23 20 127 30 21 20 185 114 26 31 20 130 62 41 20 34 35 20 89 26 20 20 104 27 24
leaf_count=24 26 32 44 28 207 23 20 127 30 21 20 185 114 26 31 20 130 62 41 20 34 35 20 89 26 20 20 104 27 24
internal_value=0.000214724 -0.00366667 -0.00622449 -0.00263889 0.000608108 -0.00457447 0.00115385 0.000778088 0.000520674 0.000689655 -0.0047561 0.000870446 0.000476654 7.65866e-05 -0.000602837 -0.000301914 -1.54319e-05 -0.00189655 -0.005 -0.00289474 -0.00703704 0.00115385 -0.00227273 0.00103365 -0.00112903 -0.00484848 -0.01 0.00231801 0.000541401 0.00236842
internal_weight=1630 150 98 72 1480 47 52 1433 1306 1276 41 1235 1028 914 705 679 648 232 115 95 54 117 55 416 155 66 40 261 157 209
internal_count=1630 150 98 72 1480 47 52 1433 1306 1276 41 1235 1028 914 705 679 648 232 115 95 54 117 55 416 155 66 40 261 157 209
is_linear=0
shrinkage=0.05


Tree=94
num_leaves=31
num_cat=0
split_feature=38 25 38 22 4 36 15 23 15 5 11 25 36 11 0 21 34 22 19 23 7 28 9 13 9 38 5 35 16 22
split_gain=0.946307 1.48409 1.05861 0.796314 1.74255 0.557486 0.575597 0.683327 0.612713 0.567976 1.04535 1.26829 1.46201 1.67619 0.690771 0.620287 0.411696 0.668182 0.568182 0.376294 1.09757 1.10178 0.403593 0.434676 0.400036 0.326787 0.292208 0.268672 0.263713 0.829783
threshold=48.801325200909766 -0.94330440014144168 56.432727293153455 5094.5345772500013 3460.5634400000004 -3579.9376031328425 0.0042696772115526803 -0.94214480019304658 0.004535409479677152 0.0021634236196558907 0.0029966313147579029 -0.48367834272323657 1313.4951850833461 0.016516900021291605 119894.50000000001 25.059999999997675 104795.59481972501 2855.4416737500005 1204.3899999999996 0.45226425264560693 -0.0037277936720855422 -1216.3652543789356 -0.034130370145373533 -0.011232471966773813 0.018679699246849372 51.147356096232393 0.010284299429222715 113468.67840000002 0.0069511789848641353 2773.5708037500003
decision_type=2 2 2 2 2 2 2 2 2 2 2 2 2 2 2 2 2 2 2 2 2 2 2 2 2 2 2 2 2 2
left_child=19 2 -2 5 -5 -3 27 -8 -9 10 25 -12 13 -13 -14 -11 17 18 -17 24 22 -22 -21 -24 28 -10 -19 -7 29 -1
right_child=1 3 -4 4 -6 6 7 8 9 15 11 12 14 -15 -16 16 -18 26 -20 20 21 -23 23 -25 -26 -27 -28 -29 -30 -31
leaf_value=2.1785452184831417e-05 -4.0313746078284871e-06 4.7626512595182007e-05 -1.2096986885527177e-06 -7.0068453113047694e-06 3.7726734938563333e-05 1.5739021890345218e-05 9.7076646574812988e-06 -9.4804845948014125e-07 -1.8278461256783542e-06 -1.9639527538221943e-06 -2.895131858714539e-06 -4.8972854749876948e-05 4.9640073462107185e-05 0.00010120229159931499 -1.062182096136449e-06 9.6772308187740082e-07 1.6918425673108564e-05 2.7600106890427275e-05 -7.0215823328890184e-06 -0.00010695810024129865 -6.1417773642887059e-06 -3.8544084286313221e-07 2.1043713853311784e-05 -1.461205786589117e-06 -4.4154333582482181e-06 9.2530118065283038e-05 -1.6957078352341388e-06 1.8438493079747709e-06 1.1542548719777121e-05 -2.2924581684631601e-06
leaf_weight=161 26 72 28 27 39 67 45 20 21 26 39 22 74 20 20 22 99 45 22 22 23 36 89 28 21 95 21 38 298 64
leaf_count=161 26 72 28 27 39 67 45 20 21 26 39 22 74 20 20 22 99 45 22 22 23 36 89 28 21 95 21 38 298 64
internal_value=0.000245399 -0.000855856 -0.00888889 -0.000335731 -0.00560606 0.000117188 -0.000316092 -0.000922166 -0.00141026 -0.00108365 -0.00256014 -0.005 -0.00272059 -0.0104762 0.000744681 0.000744681 0.00165072 -0.000454545 -0.00522727 0.00156334 -0.00030303 -0.00601695 0.0021223 0.0032906 0.00224265 0.00112069 0.00272727 0.00309524 0.00251434 0.00122222
internal_weight=1630 888 54 834 66 768 696 591 546 526 291 175 136 42 94 235 209 110 44 742 198 59 139 117 544 116 66 105 523 225
internal_count=1630 888 54 834 66 768 696 591 546 526 291 175 136 42 94 235 209 110 44 742 198 59 139 117 544 116 66 105 523 225
is_linear=0
shrinkage=0.05


Tree=95
num_leaves=31
num_cat=0
split_feature=36 42 7 16 16 9 25 42 36 15 19 25 25 25 21 15 31 20 42 7 20 3 1 21 1 1 25 19 27 21
split_gain=0.764843 0.752083 0.787202 0.637593 0.773338 0.998132 0.759696 1.45647 2.0019 2.2666 0.726788 0.581818 0.561071 0.790098 0.675439 0.520474 0.498405 0.489126 0.569164 0.478139 0.409808 0.304021 1.35997 0.895853 0.380952 0.312415 0.338511 0.894783 0.425683 0.750649
threshold=8346.675570451067 -140.89348572880633 0.0058874240575340873 0.0070130318518707548 0.0067102340063366983 -0.00455811915110425 -0.38668361623887287 -41.09176584864877 2440.5464777372549 0.004845409202837399 981.06500000000244 -0.978146853078106 0.015454999134268524 0.22219255286489484 61.450000000004373 0.0049534956483041548 106986.80200000001 201.18000000000032 71.281286098207161 0.013547803828869024 258.9550000000018 111375.95000000001 117291.425 422.45999999999918 114845.58500000001 109314.79500000003 -0.84924145114834981 523.55499999999313 107599.55425000003 492.83500000000646
decision_type=2 2 2 2 2 2 2 2 2 2 2 2 2 2 2 2 2 2 2 2 2 2 2 2 2 2 2 2 2 2
left_child=3 -2 -3 4 6 -6 7 10 11 -10 20 -9 -8 -14 -15 -16 -7 -13 -19 -4 -1 25 23 24 -23 26 27 -5 -28 -30
right_child=1 2 19 21 5 16 12 8 9 -11 -12 17 13 14 15 -17 -18 18 -20 -21 -22 22 -24 -25 -26 -27 28 -29 29 -31
leaf_value=1.8955428700720479e-05 -1.5434764997541766e-05 1.6855627952618798e-05 -3.0533307938783421e-06 1.7864569145955185e-05 -1.1989997784580301e-05 -1.6051000414943209e-05 3.0823256932004033e-05 -1.8482334769649567e-06 -1.3055906272692521e-05 -9.2608074307508739e-07 -4.8779795850574717e-06 6.9652218095321754e-05 -6.523288555853162e-06 -1.9260487129693944e-06 -8.4528859501050332e-07 5.5126453177647054e-05 5.5098133996283021e-06 5.0157392454243271e-06 -6.5404236524757843e-06 -5.4012333832803954e-07 -1.4706861998153393e-06 2.8744571948090283e-05 7.2281539479577609e-05 -2.6364167194141853e-05 -3.8756180486484969e-07 6.5426802220155912e-05 6.7400647767043132e-06 -1.1418477562298634e-05 7.0576182353911847e-05 -8.1175470880137113e-06
leaf_weight=125 24 54 20 21 20 24 143 22 21 31 20 47 39 21 32 101 33 20 21 22 24 21 90 20 21 72 441 25 35 20
leaf_count=125 24 54 20 21 20 24 143 22 21 31 20 47 39 21 32 101 33 20 21 22 24 21 90 20 21 72 441 25 35 20
internal_value=9.20247e-05 -0.00375 -0.00177083 0.000397351 -0.000645161 -0.00538961 -9.74511e-05 -0.00179758 -0.00518518 -0.0132692 0.0014497 -0.00136364 0.00157738 -0.000181347 0.00142857 0.00274436 -0.00201754 0.000454546 -0.00353659 -0.00690476 0.00265101 0.00140992 -0.000592105 -0.00629032 -0.00214286 0.00190554 0.00149447 -0.0026087 0.001875 -0.00227273
internal_weight=1630 120 96 1510 744 77 667 331 162 52 169 110 336 193 154 133 57 88 41 42 149 766 152 62 42 614 542 46 496 55
internal_count=1630 120 96 1510 744 77 667 331 162 52 169 110 336 193 154 133 57 88 41 42 149 766 152 62 42 614 542 46 496 55
is_linear=0
shrinkage=0.05


Tree=96
num_leaves=31
num_cat=0
split_feature=36 11 11 21 34 13 21 26 5 4 19 25 13 38 16 40 40 19 41 16 16 23 32 41 34 1 5 4 36 5
split_gain=0.771984 0.873365 0.972642 0.875758 0.561515 0.954282 0.714619 0.698791 0.703247 0.6967 0.500298 0.5817 0.503042 0.558221 0.56068 0.635333 0.727117 0.814061 0.790817 0.780892 1.13536 0.790123 0.85412 0.755494 1.23123 1.29607 0.413244 0.836237 0.350481 0.291117
threshold=8346.675570451067 0.0075472106094083419 0.027039017641963554 244.30499999999304 114734.97565179481 0.022701147253880834 72.129999999997395 113907.90408920996 0.0004690625760505501 1392.6368500000001 2825.0000000000005 2.1315598979469841 -0.058168743798998043 25.810165477697549 0.007524754724017182 977.83778449143585 368.26768051959522 1453.8750000000075 33.380378518753339 0.0065820567697061861 0.0059591007227464887 0.32430717772295986 1339.0215419501403 -343.69518671150871 113100.24044669581 105850.83000000002 -0.0036376488894114207 2504.4381850000004 3220.7033659446902 -0.00060775151738513117
decision_type=2 2 2 2 2 2 2 2 2 2 2 2 2 2 2 2 2 2 2 2 2 2 2 2 2 2 2 2 2 2
left_child=4 3 -3 -2 10 6 -6 8 -8 -9 11 12 -1 -14 15 16 18 19 23 20 21 22 -18 29 25 -25 27 -20 -24 -15
right_child=1 2 -4 -5 5 -7 7 9 -10 -11 -12 -13 13 14 -16 -17 17 -19 26 -21 -22 -23 28 24 -26 -27 -28 -29 -30 -31
leaf_value=-1.5753997988000169e-05 -6.9367696923184342e-07 3.4615590005559823e-05 -3.1833348109284704e-06 -2.8083295327920348e-05 -4.4585462139737198e-06 -2.9051784989230045e-06 4.5541309063285391e-05 -1.5683628125890118e-06 -3.1565678202848712e-05 5.4756110688199968e-05 2.8892398758768837e-05 -7.9615528227723809e-06 3.6293009413155544e-05 -6.9471940731893573e-07 6.1853739478838303e-06 6.9615350108279132e-07 -2.0804932176342147e-06 1.0142320797830424e-05 -2.2446676516473675e-05 -1.5529288159049454e-05 1.3033843000512832e-05 -5.7633036327107513e-06 4.7763816068498425e-05 -1.092469251795158e-06 2.0743031014670955e-05 -3.0661200661654885e-05 2.1484034060853868e-05 4.6369974841476859e-05 -8.8223266842407501e-07 1.4774642861773989e-05
leaf_weight=20 24 51 25 20 30 24 22 29 20 118 57 24 65 48 409 62 29 24 21 25 40 27 32 36 30 37 173 20 20 68
leaf_count=20 24 51 25 20 30 24 22 29 20 118 57 24 65 48 409 62 29 24 21 25 40 27 32 36 30 37 173 20 20 68
internal_value=-0.000306748 -0.00416667 -0.000921052 -0.00977273 1.86265e-10 -0.00220165 -0.00116438 -2.64548e-05 -0.00571429 0.00159864 0.000422257 0.000206612 0.000362563 0.000497427 0.000231608 -0.000635838 -0.00111111 -0.00362944 3.46422e-05 -0.00482659 -0.00344595 -0.00611111 -0.00364198 -0.00207763 -0.00519417 -0.00869863 0.00219626 -0.00231707 0.000192308 0.000689655
internal_weight=1630 120 76 44 1510 243 219 189 42 147 1267 1210 1186 1166 1101 692 630 197 433 173 148 108 81 219 103 73 214 41 52 116
internal_count=1630 120 76 44 1510 243 219 189 42 147 1267 1210 1186 1166 1101 692 630 197 433 173 148 108 81 219 103 73 214 41 52 116
is_linear=0
shrinkage=0.05


Tree=97
num_leaves=31
num_cat=0
split_feature=28 25 22 22 4 18 31 5 20 25 7 11 9 39 41 20 20 20 21 42 21 11 9 39 42 36 0 42 7 4
split_gain=0.618217 0.887847 0.730533 0.889348 0.681191 0.668435 1.43353 0.761905 0.609524 0.563983 0.548671 0.523405 0.707412 0.704167 0.9 0.501462 0.468728 0.59821 0.546974 0.848485 0.752032 0.600258 0.898298 0.465023 0.637078 1.06499 0.455739 0.446429 0.663455 1.29711
threshold=122.46234668209947 -0.95040259703098917 2823.38420825 2731.5869562500006 2954.0754550000006 299.75000000000006 105646.35920000002 0.010284299429222715 294.310000000005 -0.41202151676916082 0.00072826647342842589 0.011299567645744003 0.01531117307449773 1018.2325 382.85303291396707 119.74500000000263 56.735000000000589 68.284999999996231 108.52000000000409 -316.03499373027972 246.59500000000119 -0.010179658021954705 -0.0021460009830904293 1194.2389285714282 -127.52774962612895 1402.2439303448266 92966.160000000018 -241.05685139568769 -0.0037277936720855422 3915.8376550000007
decision_type=2 2 2 2 2 2 2 2 2 2 2 2 2 2 2 2 2 2 2 2 2 2 2 2 2 2 2 2 2 2
left_child=16 -2 3 9 -4 6 26 -7 -9 10 15 -11 13 14 -13 -3 -1 -18 19 -19 -20 -21 -23 24 -22 -26 -6 28 -25 -30
right_child=1 2 4 -5 5 7 -8 8 -10 11 -12 12 -14 -15 -16 -17 17 18 20 21 23 22 -24 27 25 -27 -28 -29 29 -31
leaf_value=4.4338271610494209e-05 -1.8269618624806209e-06 1.4458965303499651e-05 2.925029434799197e-06 -1.7386558031003502e-05 -4.0757331144481849e-06 5.0968496377087339e-05 -1.3183486792724993e-05 -1.3464983396851156e-05 4.9732449592506864e-05 1.3300778881090949e-05 -2.0655765257990443e-06 -1.0212398683651254e-05 1.4442492710554687e-05 4.1984386232420011e-06 -6.5287395744756565e-07 -1.4841289302144961e-06 -0.00010890197572821642 -2.8386500876228715e-06 3.6412737506717775e-05 6.6875318856981752e-05 1.5228700382427785e-05 -1.8058385101591223e-05 1.7869352142483096e-05 9.6548957947304849e-06 -1.0750651439843577e-05 9.2729048347875453e-05 5.6445489306979082e-05 4.6361729057369487e-05 5.5222478503499886e-05 -1.0589303854846439e-05
leaf_weight=126 37 21 197 20 28 64 22 20 28 100 53 20 50 24 20 36 31 22 182 38 56 37 57 62 32 27 41 130 29 20
leaf_count=126 37 21 197 20 28 64 22 20 28 100 53 20 50 24 20 36 31 22 182 38 56 37 57 62 32 27 41 130 29 20
internal_value=6.13499e-05 -0.000953905 -0.000577957 -0.00226744 0.000875 -0.00115764 -0.00434066 0.00142857 -0.00333333 -0.0016358 -0.00454545 -0.000140187 -0.00245614 -0.0059375 -0.01 -0.00114035 0.000995289 0.000504841 0.000809249 -0.00181818 0.00156134 -0.00030303 -0.00244681 0.000224719 -0.0023913 -0.00601695 -0.000797101 0.00147303 -0.000855856 -0.00520408
internal_weight=1630 781 744 344 400 203 91 112 48 324 110 214 114 64 40 57 849 723 692 154 538 132 94 356 115 59 69 241 111 49
internal_count=1630 781 744 344 400 203 91 112 48 324 110 214 114 64 40 57 849 723 692 154 538 132 94 356 115 59 69 241 111 49
is_linear=0
shrinkage=0.05


Tree=98
num_leaves=31
num_cat=0
split_feature=30 38 22 16 0 11 25 19 15 38 7 5 17 23 25 17 17 7 27 41 40 42 39 17 42 42 1 11 32 19
split_gain=0.543927 0.7152 1.39722 0.713647 0.810168 0.724015 0.707313 0.559992 0.735407 0.701261 0.791351 1.14356 1.53575 0.963413 1.57435 0.527365 0.875179 0.712811 0.901792 0.593636 1.08377 0.554873 0.750669 0.488386 0.482143 0.478139 0.429762 0.417134 0.405075 0.393951
threshold=90065.137947550815 48.801325200909766 5612.4744018750007 0.0087266589521972828 92966.160000000018 0.027039017641963554 -0.94330440014144168 780.79499999999837 0.00362077182245722 38.41303604622663 -0.013707666474259772 -0.0049116919763758865 0.007805439648032945 0.60273627699035359 -0.47848772361321912 0.0064805137922651105 0.007805439648032945 0.0078685933864206178 109820.87250000001 530.02059892629984 531.53865956791572 110.76907981210401 1031.2167857142861 0.0067409804670859877 -283.79889804996134 8.4173223069804539 102944.87500000001 -0.019047244565200998 -583.83081993790972 945.83500000000652
decision_type=2 2 2 2 2 2 2 2 2 2 2 2 2 2 2 2 2 2 2 2 2 2 2 2 2 2 2 2 2 2
left_child=23 7 3 5 -5 6 25 24 -9 10 -10 12 -12 14 -13 19 17 18 21 20 28 22 -17 -1 -2 -3 -26 -25 -8 -11
right_child=1 2 -4 4 -6 -7 15 8 9 29 11 13 -14 -15 -16 16 -18 -19 -20 -21 -22 -23 -24 27 26 -27 -28 -29 -30 -31
leaf_value=-2.1470700460048045e-06 -2.9318564422101396e-06 -7.684490795689844e-07 -4.1654960865424193e-06 -3.8239708567115207e-06 5.2614672161084999e-05 -3.374092705034335e-06 -8.1740098599050887e-07 -3.5113128929607503e-05 1.9853409809497143e-05 -2.8653579945310283e-06 2.1904929666084824e-06 -2.6358531509959533e-06 -9.6244282376842065e-06 -8.4914135587758618e-06 6.8485803386321884e-05 0.00012168531974596865 4.267520647378521e-07 -4.1084111250320051e-06 -0.00018146375645199038 4.8218388079961211e-05 -1.8978767445869026e-06 4.3084550596922177e-05 -8.5924287687837141e-06 -7.1976669217017481e-07 -3.2052301108845374e-05 -1.3158777612022681e-05 5.352406378830155e-05 7.9039050362032327e-06 1.0354214307949024e-05 3.0280351949597028e-05
leaf_weight=41 21 20 20 21 95 35 24 20 77 33 23 33 22 22 79 20 100 32 23 81 35 35 26 31 28 22 140 215 121 135
leaf_count=41 21 20 20 21 95 35 24 20 77 33 23 33 22 22 79 20 100 32 23 81 35 35 26 31 28 22 140 215 121 135
internal_value=-0.000460123 -0.000882353 -0.00197183 -0.0015942 0.00198276 -0.00231707 -0.00186456 0.000339653 -0.00063063 -0.000188679 -0.00183594 -0.00365922 -0.0105556 -0.00134328 0.000535714 -0.00133803 -0.00305085 -0.00566176 -0.00365385 0.000210728 -0.00138889 -0.00117284 -0.00478261 0.00151568 0.00261905 -0.00809524 0.0035119 0.00235772 0.000517242 0.00232143
internal_weight=1630 1343 710 690 116 574 539 633 444 424 256 179 45 134 112 497 236 136 104 261 180 81 46 287 189 42 168 246 145 168
internal_count=1630 1343 710 690 116 574 539 633 444 424 256 179 45 134 112 497 236 136 104 261 180 81 46 287 189 42 168 246 145 168
is_linear=0
shrinkage=0.05


Tree=99
num_leaves=31
num_cat=0
split_feature=19 7 9 34 5 5 30 28 25 21 23 30 16 24 21 22 36 25 16 15 28 13 39 17 13 21 20 5 9 32
split_gain=0.683456 0.805434 1.33571 1.05322 1.21905 1.33561 0.796857 0.797401 0.938006 0.758896 0.823287 0.750149 0.605928 0.812426 0.798609 1.03897 1.12522 0.788746 0.846887 0.617969 0.894227 2.46094 1.40429 0.74026 0.705136 0.501775 0.471444 0.459638 0.751707 0.86233
threshold=395.31499999999511 -0.0046186631936031937 -0.017953628211062167 114809.37648845311 0.00070842389015756356 -0.0020585151324248687 115613.29691586764 -536.59807307235303 -1.0228868163598499 648.20500000000186 -1.0085599438698898 115469.82101927257 0.012382996945435232 2214.2965980000004 435.51499999999947 3622.1615757500008 8774.197960968655 -0.48367834272323657 0.0080439249534234453 0.0050495564796375339 785.32552186377154 0.014001169105624347 1073.3703571428573 0.0072123323963749182 -0.0014977064898842164 39.884999999994768 223.31999999999974 -0.0031913674585646963 -0.0097474191326117118 -737.67414513200481
decision_type=2 2 2 2 2 2 2 2 2 2 2 2 2 2 2 2 2 2 2 2 2 2 2 2 2 2 2 2 2 2
left_child=-1 25 -3 6 5 -5 7 -4 -9 10 -10 -6 13 -12 15 16 19 -16 -19 23 24 -22 -23 -15 -21 -2 -13 28 -27 -30
right_child=1 2 3 4 11 -7 -8 8 9 -11 12 26 -14 14 17 -17 -18 18 -20 20 21 22 -24 -25 -26 27 -28 -29 29 -31
leaf_value=2.3913763452588108e-05 -2.7407512099506318e-05 -1.0927858149364261e-05 1.7090284136954505e-05 -2.037895146929046e-06 -2.4431126841001763e-05 -4.4874422049585124e-06 2.0838262005433401e-05 -3.1046501692811367e-06 2.699339407006706e-06 6.2315780604041749e-05 7.2937686241825001e-06 -1.6188557850056566e-06 4.6297242451935353e-05 -1.6511275923434728e-06 -1.1853144452481952e-06 2.8965655446186002e-05 -2.8913264239838631e-06 1.5448064021072606e-06 -0.00023293441066264331 -4.5626383831988505e-06 -0.00021385105451992401 -2.7975664560495281e-06 2.7384522410179193e-05 1.5620726613648265e-06 4.3717346614908435e-05 2.6092552506851207e-05 0.00011697697665084383 4.43496228266875e-05 -1.0106080112296047e-05 2.1273751164039773e-07
leaf_weight=84 36 21 174 29 20 27 87 24 38 54 120 29 56 28 20 62 22 29 22 30 21 29 38 38 37 151 35 165 34 70
leaf_count=84 36 21 174 29 20 27 87 24 38 54 120 29 56 28 20 62 22 29 22 30 21 29 38 38 37 151 35 165 34 70
internal_value=-0.000582822 -0.000821475 -0.00155963 -0.00131431 -0.00535714 -0.0110714 -0.000705059 -0.00117577 -0.00196108 -0.00159938 -0.00211864 -0.00154762 -0.0026087 -0.00316532 -0.00430851 -0.00319672 -0.00467078 -0.00908451 -0.00578431 -0.00359728 -0.00532258 -0.00863636 -0.00395522 0.000454546 -0.000970149 0.000942983 0.00109375 0.00142857 9.80394e-05 -0.00317308
internal_weight=1630 1546 1090 1069 140 56 929 842 668 644 590 84 552 496 376 305 243 71 51 221 155 88 67 66 67 456 64 420 255 104
internal_count=1630 1546 1090 1069 140 56 929 842 668 644 590 84 552 496 376 305 243 71 51 221 155 88 67 66 67 456 64 420 255 104
is_linear=0
shrinkage=0.05


Tree=100
num_leaves=31
num_cat=0
split_feature=38 16 35 21 19 24 35 30 24 24 1 5 7 7 22 39 38 11 9 21 21 7 20 22 9 25 21 9 7 21
split_gain=0.473032 0.870763 0.6582 0.864413 1.11421 1.18176 0.749674 1.57004 0.673401 0.62069 0.539683 0.482298 0.571535 1.05988 0.538095 1.67651 0.70288 0.588721 0.656752 0.564175 0.98843 0.850806 1.03198 0.960317 0.942857 0.520792 0.513369 0.509118 0.562278 0.531373
threshold=63.991203799796402 0.0089020527657845613 115993.07195000003 350.68499999999773 571.60500000000332 3269.2115639000008 112620.92077500002 106315.22539735897 2912.1852059600005 2406.7163747000009 107723.20000000001 0.016413632501295131 0.0097091301888906703 0.0086292205577485886 5546.0865903750009 2083.1607142857151 57.954747721519233 0.009442053270309083 0.0091351010708862358 328.40999999999627 365.00499999999744 -0.0041734393642977275 168.37500000000003 2311.2769637500005 -0.001560775462981855 -1.0647323885666908 499.50499999999744 0.0021498055020594564 0.0039865678511475672 147.86499999999799
decision_type=2 2 2 2 2 2 2 2 2 2 2 2 2 2 2 2 2 2 2 2 2 2 2 2 2 2 2 2 2 2
left_child=11 2 3 4 -2 6 7 8 -6 -8 -5 12 13 14 16 -16 17 18 19 25 -21 -22 26 -24 -25 -1 -23 28 29 -27
right_child=1 -3 -4 10 5 -7 9 -9 -10 -11 -12 -13 -14 -15 15 -17 -18 -19 -20 20 21 22 23 24 -26 27 -28 -29 -30 -31
leaf_value=-1.4412885345202788e-06 9.067346174437902e-06 9.3413948288364352e-06 -2.2730683115046908e-06 -1.6371873057716485e-06 2.1131709934969232e-05 -1.7220844685028846e-05 -1.4960728965253907e-06 -1.5842778936207468e-05 -2.0823223367023988e-06 5.7514955207666279e-05 2.5127666553950356e-05 -2.2159113435595348e-05 3.8784058275023452e-05 -8.1560405371268601e-05 -8.1901433989044853e-06 1.1707407639878434e-05 2.7538218340780534e-05 4.6996139919748668e-05 -2.4966410779860554e-06 -0.00033089449525912091 1.5495547177952176e-05 -1.2406680990660011e-06 7.0517697950804332e-06 -1.4300360959270064e-05 -1.0361014738282028e-05 -6.3314402588632072e-07 2.0091640301663261e-05 3.5910119337871819e-05 -7.94391339553282e-06 1.7193911908272496e-05
leaf_weight=35 45 95 21 21 27 20 29 30 22 29 51 20 130 22 37 28 132 87 32 24 127 34 21 22 20 171 32 78 26 162
leaf_count=35 45 95 21 21 27 20 29 30 22 29 51 20 130 22 37 28 132 87 32 24 127 34 21 22 20 171 32 78 26 162
internal_value=-0.000276073 -0.00179487 -0.00313559 -0.00248175 -0.00415842 -0.0061465 -0.00448905 -0.00765823 -0.00214286 -0.000172414 0.00222222 0.000201613 0.000327869 -4.58714e-05 0.000177903 -0.00423077 0.000463609 -5.16646e-05 -0.000484694 -0.00018617 -0.00196429 -0.00105469 -0.00391473 -0.00849206 -0.0128571 0.000868644 0.000454546 0.00133867 0.000543176 0.0010961
internal_weight=1630 390 295 274 202 157 137 79 49 58 72 1240 1220 1090 1068 65 1003 871 784 752 280 256 129 63 42 472 66 437 359 333
internal_count=1630 390 295 274 202 157 137 79 49 58 72 1240 1220 1090 1068 65 1003 871 784 752 280 256 129 63 42 472 66 437 359 333
is_linear=0
shrinkage=0.05


Tree=101
num_leaves=31
num_cat=0
split_feature=7 9 38 21 13 19 16 38 35 18 21 34 16 7 7 1 25 20 7 7 19 19 16 1 34 0 24 36 40 5
split_gain=0.494042 1.01272 0.935602 1.10762 1.4068 0.831205 0.634725 0.585399 1.1428 0.82472 0.73364 0.873803 1.06717 0.766555 0.929339 1.00087 0.582253 0.42517 0.41957 0.391723 0.56933 1.32648 1.51875 0.535714 0.522201 0.462913 0.86298 0.386354 0.361116 0.356726
threshold=-0.0046186631936031937 -0.0029641844208691519 31.353849576426956 435.51499999999947 -0.00639895495941339 546.52500000000157 0.0065552441490760319 63.991203799796402 115483.04405000001 1602.3149999999953 354.67500000000297 112777.56496066936 0.010019760908351464 0.0042788942373464976 0.009107200565870506 104130.43000000001 -0.89586644403723137 133.21499999999654 0.0016193478132120024 0.0067854267876161179 680.1800000000004 900.98000000000332 0.0058546320285841518 102944.87500000001 114974.54462204145 104541.33500000001 2810.0419151000006 -5284.807832896643 -992.22105647158594 -0.0031913674585646963
decision_type=2 2 2 2 2 2 2 2 2 2 2 2 2 2 2 2 2 2 2 2 2 2 2 2 2 2 2 2 2 2
left_child=16 2 -2 5 -5 -4 -7 9 10 19 11 12 13 18 -15 -16 -1 -13 -9 20 25 22 -22 -24 28 26 -3 -21 -23 -18
right_child=1 7 3 4 -6 6 -8 8 -10 -11 -12 17 -14 14 15 -17 29 -19 -20 27 21 24 23 -25 -26 -27 -28 -29 -30 -31
leaf_value=-6.6877522054225645e-05 7.6765667838089722e-07 -5.1063180881729824e-05 -2.5842385498615627e-06 -6.980805599896009e-06 -2.2718252504231149e-06 -1.6076892081047006e-06 3.2871828145997712e-05 -1.6271203749393613e-06 -2.1579202193651316e-06 -1.7156609570496843e-06 1.0871385826454471e-05 -9.7228224837269489e-07 6.7357009999827679e-05 -3.0379867848829356e-06 3.0919749015269834e-06 -2.9747560252572942e-06 1.5315720560042215e-06 4.2840284962025727e-05 7.5792980213963357e-07 -2.8875196178981101e-06 -8.1022934805730394e-06 -2.812439381014951e-06 -2.1541458002138923e-05 8.9926632359659732e-05 -7.3993898101909017e-06 3.1132795828064384e-05 2.8595453691227121e-05 1.4461977491538644e-05 3.1182985769841759e-05 4.5377062640943928e-05
leaf_weight=20 42 20 33 23 27 35 65 20 22 21 83 21 20 20 22 20 278 49 21 25 32 22 20 28 22 127 42 154 137 159
leaf_count=20 42 20 33 23 27 35 65 20 22 21 83 21 20 20 22 20 278 49 21 25 32 22 20 28 22 127 42 154 137 159
internal_value=-0.000552147 -0.00109548 -0.00411111 -0.00565574 -0.012 -0.00327068 -0.001 -0.000379747 -0.00221476 0.000461539 -0.00134058 -0.00303109 -0.00556911 -0.00762136 -0.011129 -0.00690476 0.000842451 0.00142857 -0.00231707 0.000786964 1.86265e-10 -0.00151341 -0.006875 -0.00125 0.000856354 0.00208995 -0.00145161 0.00276536 0.00185535 0.00122426
internal_weight=1630 1173 225 183 50 133 100 948 298 650 276 193 123 103 62 42 457 70 41 629 450 261 80 48 181 189 62 179 159 437
internal_count=1630 1173 225 183 50 133 100 948 298 650 276 193 123 103 62 42 457 70 41 629 450 261 80 48 181 189 62 179 159 437
is_linear=0
shrinkage=0.05


Tree=102
num_leaves=31
num_cat=0
split_feature=25 28 32 16 41 20 23 35 24 4 20 32 21 7 16 17 0 4 23 38 1 17 15 26 31 20 0 21 5 15
split_gain=0.657236 1.57228 0.693692 1.08414 1.20582 0.894002 0.64643 0.560199 0.624454 0.577441 1.35087 0.556217 0.617699 0.528736 0.833761 0.442768 1.2361 1.03052 0.698817 1.29924 0.485908 0.519019 0.942308 0.41396 0.542441 0.625795 0.671062 0.97963 0.679847 0.410615
threshold=-1.0865335551803652 -221.30551267806729 1500.4838293272117 0.0098501587189065692 200.16144597806451 817.31000000000506 -1.0461137656665696 112620.92077500002 2109.0974634000004 1581.3439950000004 136.15500000000614 1769.3597714483042 308.435000000005 0.0014932667298823883 0.0073396660080865227 0.0077204486741010046 112197.19500000002 4041.7586350000006 -0.80314455495027615 48.135897258997694 110272.05500000001 0.0087769292797038236 0.0072326952195400423 83273.948515369862 90298.69660000001 159.67999999999304 104879.19000000002 464.23000000000326 0.0014694294221620598 0.0056251126650320614
decision_type=2 2 2 2 2 2 2 2 2 2 2 2 2 2 2 2 2 2 2 2 2 2 2 2 2 2 2 2 2 2
left_child=1 -1 6 4 -4 7 -2 9 -9 10 -6 -11 13 -13 -15 18 20 -18 19 -8 21 22 -17 -23 -25 -26 27 28 -27 -20
right_child=2 -3 3 -5 5 -7 15 8 -10 11 -12 12 -14 14 -16 16 17 -19 29 -21 -22 23 -24 24 25 26 -28 -29 -30 -31
leaf_value=5.6981885749725988e-05 3.4192570604223668e-05 -2.0531571187847982e-06 -5.9607069658849564e-06 2.2100762504680895e-05 4.8815679319438518e-07 -2.6146093399052686e-06 1.0474687256144153e-05 -1.0756356296489762e-06 4.1969554390461311e-05 -1.1258260966061348e-06 -1.5457643561923734e-06 5.871646959810631e-05 7.1054835458385989e-06 -2.4143298757291861e-06 3.3675504954312731e-07 6.676823815309373e-05 -2.9877551936501808e-06 2.0420765875092999e-06 2.1492338177168214e-06 -3.4599386353538523e-05 1.5085707012663262e-05 -0.00016389452508065359 -1.1509559319903008e-05 2.9963603783574703e-05 3.3435871362300044e-05 -7.3074265375348366e-06 8.678365239540289e-05 1.1029085544054215e-05 -7.7303533241272737e-06 2.4702118332358792e-05
leaf_weight=24 70 25 36 74 22 29 56 23 91 21 20 42 61 34 31 26 20 22 226 21 55 27 26 96 67 34 38 36 20 257
leaf_count=24 70 25 36 74 22 29 56 23 91 21 20 42 61 34 31 26 20 22 226 21 55 27 26 96 67 34 38 36 20 257
internal_value=-0.000521472 -0.00622449 -0.000344718 -0.00192149 -0.00292683 -0.00208556 0.000350957 -0.00137681 0.00149123 -0.00279221 -0.00809524 -0.00161376 -0.000654762 -0.00294392 -0.00576923 3.408e-05 -0.00110278 -0.00928571 0.000982143 -0.00344156 -0.000294117 -0.000945946 -0.00557692 -0.000188679 0.000360825 -0.00115385 -0.00320312 -0.00555556 -0.00981481 0.00168737
internal_weight=1630 49 1581 484 410 374 1097 345 114 231 42 189 168 107 65 1027 467 42 560 77 425 370 52 318 291 195 128 90 54 483
internal_count=1630 49 1581 484 410 374 1097 345 114 231 42 189 168 107 65 1027 467 42 560 77 425 370 52 318 291 195 128 90 54 483
is_linear=0
shrinkage=0.05


Tree=103
num_leaves=31
num_cat=0
split_feature=25 28 32 16 32 13 35 35 21 18 5 42 9 9 17 1 26 19 19 42 36 20 18 7 7 9 15 15 34 16
split_gain=0.62236 0.937279 0.646293 1.12473 0.967896 0.848077 0.69111 0.854975 0.639774 0.724202 1.4845 0.741399 0.647763 1.28444 0.539319 0.632405 1.63333 0.534166 0.773613 0.642488 0.622241 0.601333 0.636159 0.509309 0.89916 1.11364 0.452174 0.378468 0.73491 0.583333
threshold=-1.0865335551803652 -221.30551267806729 1500.4838293272117 0.0098501587189065692 1746.2911316026587 0.012504202322086643 114857.51612500001 112620.92077500002 331.62999999999744 -192.18500000000492 0.0010682359279731391 -80.481187062584397 0.01559561007867325 0.0066085510351478289 0.0076007260478749882 112476.02500000001 113746.11097823623 2825.0000000000005 2293.9399999999955 -357.09278057174583 -6791.8608323771396 379.37000000000268 812.75500000000477 0.0041674187631862989 1.0000000180025095e-35 0.0015516155043173861 0.007495685652172567 0.0071999236941438557 114925.40482856908 0.0060308752602135224
decision_type=2 2 2 2 2 2 2 2 2 2 2 2 2 2 2 2 2 2 2 2 2 2 2 2 2 2 2 2 2 2
left_child=1 -1 14 4 5 -4 7 8 9 26 -11 -12 13 -13 27 17 -17 18 19 20 -16 22 23 24 -21 -26 -6 28 -2 -30
right_child=2 -3 3 -5 6 -7 -8 -9 -10 10 11 12 -14 -15 15 16 -18 -19 -20 21 -22 -23 -24 -25 25 -27 -28 -29 29 -31
leaf_value=5.4132791462239689e-05 7.8430012556330463e-06 -1.9504992628455552e-06 -9.7818345014748613e-07 2.0995724379446832e-05 5.8645758687504814e-05 -1.9513000326047569e-06 -4.3397049494048193e-06 3.4604509462976766e-05 3.4008669001856426e-06 -6.1460979311872194e-06 1.58583947960547e-05 -4.8739325956345562e-07 -1.5267240971375579e-06 -6.7427874830138842e-06 -1.7418576646799702e-05 -1.0134263472951386e-05 2.1605161586361147e-08 3.0038749096143754e-05 -7.8669332170545029e-06 3.0338590652976033e-06 6.3456063919065979e-06 7.4100035105716591e-05 -0.00020157824262583167 4.7613000020701126e-05 -6.1597978233767739e-05 9.0201048507907458e-06 -3.483553296553165e-06 1.4530236214038841e-05 -3.2258051893497545e-06 3.5659507222845307e-05
leaf_weight=24 365 25 32 74 26 20 27 88 73 21 26 25 32 20 20 20 40 42 29 130 26 105 21 39 22 22 20 168 21 27
leaf_count=24 365 25 32 74 26 20 27 88 73 21 26 25 32 20 20 20 40 42 29 130 26 105 21 39 22 22 20 168 21 27
internal_value=-0.000674846 -0.00622449 -0.000502846 -0.00202479 -0.00304878 -0.00942308 -0.0021229 -0.00149547 -0.00302469 -0.00470588 -0.00669355 -0.0042233 -0.00668831 -0.0105556 0.000168642 -0.00100775 -0.00583333 -0.000372807 -0.000917874 -0.000324675 -0.00586956 0.000427729 -0.000982906 -0.000164319 -0.00132184 -0.0075 0.000652174 0.00121343 0.000399516 -0.00541667
internal_weight=1630 49 1581 484 410 52 358 331 243 170 124 103 77 45 1097 516 60 456 414 385 46 339 234 213 174 44 46 581 413 48
internal_count=1630 49 1581 484 410 52 358 331 243 170 124 103 77 45 1097 516 60 456 414 385 46 339 234 213 174 44 46 581 413 48
is_linear=0
shrinkage=0.05


Tree=104
num_leaves=31
num_cat=0
split_feature=25 28 21 7 9 31 13 28 32 28 13 40 24 23 39 40 4 21 20 20 39 22 36 31 19 26 35 24 17 36
split_gain=0.885286 1.16932 0.685172 0.620836 0.707214 0.724103 0.861936 2.0284 0.719127 0.98041 1.06909 0.682817 0.863369 1.17803 0.637264 0.625 0.623366 0.76058 0.593741 0.443334 0.705507 0.962215 0.637523 0.48035 0.630608 1.44771 2.11822 0.788391 1.26391 0.4732
threshold=-1.0740291596493621 -221.30551267806729 14.1449999999968 -0.010419301939655443 -0.0021460009830904293 84597.703800000032 -0.01258388858813366 -854.39187223912438 -1834.3056270730447 -1648.8609871846927 -0.039983000262065443 1087.198998600383 2936.6119326000003 -0.68923715559984833 1637.9853571428587 1512.9186129834563 1001.0367500000001 599.20000000000448 148.23500000000061 904.52500000000157 1475.8307142857132 3969.8902777500002 -5146.8235073744281 118445.9875 803.45500000000186 96030.497027840538 85828.936200000026 2445.0493827000005 0.0063010846251495842 9540.8677935488977
decision_type=2 2 2 2 2 2 2 2 2 2 2 2 2 2 2 2 2 2 2 2 2 2 2 2 2 2 2 2 2 2
left_child=1 -1 -2 -4 5 -5 7 8 9 10 -7 12 13 -8 16 -13 -6 19 -15 20 22 -22 -18 24 25 26 -24 28 -27 -26
right_child=2 -3 3 4 14 6 11 -9 -10 -11 -12 15 -14 18 -16 -17 17 -19 -20 -21 21 -23 23 -25 29 27 -28 -29 -30 -31
leaf_value=5.3091004344507132e-05 2.247532110574489e-05 -2.3988673690590468e-06 1.3459627458464927e-05 -3.8517652318758862e-06 4.0153614036580554e-05 -3.932093512728496e-06 -2.4755592592443624e-05 -2.1179080198332535e-05 1.0024575154858808e-05 -4.3077917210174984e-06 5.7682595930614298e-05 -6.9660244501468046e-06 0.0001197987233530599 -2.1552713505104673e-06 4.4442347303525903e-05 1.6983375070375426e-05 3.038869496971501e-05 6.254741255688565e-05 5.5951939358031166e-05 -5.3826058751935464e-06 3.9902030327193363e-06 -6.5046235604342365e-05 -2.2677987030599629e-07 -2.5625135121733715e-06 1.1457374063479796e-06 2.1760818042784717e-06 -0.00016657529672447572 1.5069752402354866e-05 -8.0021246736091768e-06 -2.3507430016468018e-06
leaf_weight=26 78 30 218 21 76 25 24 20 33 28 30 20 78 39 119 20 42 75 55 22 21 23 25 22 279 56 22 62 20 21
leaf_count=26 78 30 218 21 76 25 24 20 33 28 30 20 78 39 119 20 42 75 55 22 21 23 25 22 279 56 22 62 20 21
internal_value=-0.000429448 -0.00660714 -0.000209657 -0.000447861 -0.000868544 -0.00263359 -0.00212366 -0.00529412 -0.00275862 -0.00524096 -0.00136364 -0.00029661 0.000918368 -0.00177966 -8.47456e-05 -0.00625 -0.000613577 -0.00108696 0.000744681 -0.00166667 -0.00140809 -0.0075 -0.000919854 -0.00141026 -0.00108247 -0.00337838 -0.0109574 -0.000797101 -0.00421053 0.000333334
internal_weight=1630 56 1574 1496 1278 393 372 136 116 83 55 236 196 118 885 40 766 690 94 615 593 44 549 507 485 185 47 138 76 300
internal_count=1630 56 1574 1496 1278 393 372 136 116 83 55 236 196 118 885 40 766 690 94 615 593 44 549 507 485 185 47 138 76 300
is_linear=0
shrinkage=0.05


Tree=105
num_leaves=31
num_cat=0
split_feature=25 4 23 16 16 9 16 9 31 5 15 39 36 25 32 20 9 7 25 11 38 16 11 17 36 17 20 35 39 16
split_gain=0.663009 1.40806 0.597795 0.43824 1.66369 1.56533 1.02052 0.835262 0.974715 0.589047 0.594093 1.09631 1.10325 0.694444 0.964286 0.511188 0.537351 0.805 1.01751 1.33929 0.601358 0.830224 0.822775 1.6 0.641288 0.923302 0.55088 0.486641 0.444444 0.38741
threshold=-1.0740291596493621 898.9901000000001 -1.0461137656665696 0.0070130318518707548 0.0066456488623366219 -0.0072880562968646876 0.0068000042816894245 -0.0095612024292716577 118445.9875 -0.0058607259351491281 0.0056251126650320614 911.72214285714142 2665.4988517006209 -0.58434208063431059 1183.4899781036731 69.934999999997686 -0.00062801975029079255 -0.0046186631936031937 0.16932975393463229 0.0020888173966029733 61.90501102929057 0.0090296266937251544 0.01742538196040375 0.0071287283455901971 -3339.3784327284952 0.010220249460296439 136.15500000000614 113840.23565000002 1118.6253571428556 0.0045367379009506629
decision_type=2 2 2 2 2 2 2 2 2 2 2 2 2 2 2 2 2 2 2 2 2 2 2 2 2 2 2 2 2 2
left_child=1 -1 -2 4 7 -6 -7 -4 9 -9 11 27 13 -13 -15 -5 17 26 19 -19 24 22 -22 -24 25 -18 -17 29 -8 -11
right_child=2 -3 3 15 5 6 28 8 -10 10 -12 12 -14 14 -16 16 20 18 -20 -21 21 -23 23 -25 -26 -27 -28 -29 -30 -31
leaf_value=1.9644839289463541e-05 1.7456461798665101e-05 -5.0991161693596812e-06 6.5351281605692315e-05 1.0634613880011621e-05 -1.1943682747789297e-05 -1.2243331993617594e-06 -1.3541948669034139e-06 -8.3639366643334477e-06 -3.4816004548639787e-06 2.3612412373158293e-06 7.1842066145556081e-06 5.8389833146219108e-05 -3.7969443061818648e-06 -2.1756699601418938e-05 5.5387842966813882e-05 -1.1975436739287929e-05 -0.00017420222224847498 3.5379973695572644e-05 -5.2375339764921505e-06 -0.0001318594774483475 4.25852978289808e-06 3.9730008749223887e-06 3.0074036056731558e-06 -6.1313723288976293e-05 6.5533935745185342e-05 3.5404499989032546e-05 1.2411304350680671e-05 -1.0059844130417062e-05 4.6387589737738585e-05 1.084040624831346e-05
leaf_weight=30 87 26 80 122 23 23 20 33 21 87 173 24 37 27 21 26 32 56 31 28 27 62 20 20 148 55 174 30 25 62
leaf_count=30 87 26 80 122 23 23 20 33 21 87 173 24 37 27 21 26 32 56 31 28 27 62 20 20 148 55 174 30 25 62
internal_value=-0.000368098 -0.00571429 -0.000177891 -0.000413584 -0.00134111 -0.00763736 -0.00382353 -0.000378151 -0.0011165 -0.000668016 -0.000206074 -0.00159722 -0.00555046 -0.00194444 -0.00541667 0.000380774 -0.000154639 -0.00166667 -0.005 -0.00214286 0.00115385 -0.00158915 -0.00544776 -0.01 0.00265957 -0.000747126 0.00025 0.000810056 0.000555556 0.00197987
internal_weight=1630 56 1574 1487 686 91 68 595 515 494 461 288 109 72 48 801 679 315 115 84 364 129 67 40 235 87 200 179 45 149
internal_count=1630 56 1574 1487 686 91 68 595 515 494 461 288 109 72 48 801 679 315 115 84 364 129 67 40 235 87 200 179 45 149
is_linear=0
shrinkage=0.05


Tree=106
num_leaves=31
num_cat=0
split_feature=16 16 27 5 11 9 31 25 23 17 21 36 36 25 21 32 7 9 41 42 42 40 23 38 38 9 20 11 17 16
split_gain=1.04316 1.59194 1.30047 1.80718 1.17993 0.946344 0.928082 0.657893 0.697243 1.41592 1.41346 0.954545 0.921412 0.610594 1.04548 0.554779 0.457967 0.570066 0.64191 0.465185 0.453046 0.545071 0.597345 0.52044 0.950203 0.454451 0.453927 0.259941 0.378663 0.74404
threshold=0.0070130318518707548 0.0066456488623366219 113973.10725000002 0.0029213321345364909 -0.0008839517505421793 -0.0095612024292716577 118445.9875 -1.0740291596493621 0.56733924760709054 0.0066268458590821701 128.80500000000032 1313.4951850833461 7881.8670773143831 -0.40272416960974794 430.9550000000018 -1164.4026085649455 0.0049675368649296199 -0.0026067586585831015 244.66117823035066 161.94127311469566 -149.15791888818424 611.52422968268377 -0.91874460724605167 38.253384260496794 34.774374978839781 -0.034130370145373533 904.52500000000157 -0.011701557676300694 0.0074044379530711227 0.0089020527657845613
decision_type=2 2 2 2 2 2 2 2 2 2 2 2 2 2 2 2 2 2 2 2 2 2 2 2 2 2 2 2 2 2
left_child=1 5 3 4 -3 -1 7 -7 12 10 -10 -12 13 14 16 -15 17 18 -9 -19 21 22 -2 24 25 -24 27 -22 -29 -30
right_child=20 2 -4 -5 -6 6 -8 8 9 -11 11 -13 -14 15 -16 -17 -18 19 -20 -21 26 -23 23 -25 -26 -27 -28 28 29 -31
leaf_value=6.481544136313111e-05 -4.6467958805153688e-05 -1.3418124592504846e-05 4.3016657892909564e-07 -2.6848816279699881e-06 9.3563757138352484e-06 -2.3911150000115053e-06 -3.307520432120765e-06 1.5521009709118061e-05 -6.6307430171978402e-06 3.5425684537057776e-05 -6.3108586481487626e-06 2.1636538678212843e-05 -1.3775041668927183e-06 -1.3407268573375789e-05 -1.3775775743664756e-05 2.4763940794393988e-05 -6.0027600765400893e-06 2.9312503916718442e-05 -4.4130649449658294e-06 -3.4048038668902299e-07 2.0215627835702795e-05 -1.0683518170328078e-05 -8.3143255702651639e-05 0.00012739117221121382 -5.9158266904634526e-06 1.4303125771389023e-05 -2.4176056365731055e-06 4.505574587610248e-05 -4.8458652599689692e-06 3.6883586857618533e-06
leaf_weight=82 24 20 34 21 26 36 21 26 24 40 21 33 20 24 22 119 29 111 32 25 69 23 24 72 23 107 34 158 103 227
leaf_count=82 24 20 34 21 26 36 21 26 24 40 21 33 20 24 22 119 29 111 32 25 69 23 24 72 23 107 34 158 103 227
internal_value=-0.000184049 -0.00152741 -0.00737624 -0.0114179 -0.00586956 -0.000639098 -0.00134648 -0.000960854 -0.000513308 -0.0038983 -0.00782051 -0.00333333 0.000465686 0.00100515 -0.000510204 0.0036014 0.000515695 0.00139175 -0.00275862 0.00316176 0.00100694 -0.000677655 1.86265e-10 0.00079646 -0.000844156 0.000801527 0.00178511 0.00212747 0.00172131 0.000757576
internal_weight=1630 766 101 67 46 665 583 562 526 118 78 54 408 388 245 143 223 194 58 136 864 273 250 226 154 131 591 557 488 330
internal_count=1630 766 101 67 46 665 583 562 526 118 78 54 408 388 245 143 223 194 58 136 864 273 250 226 154 131 591 557 488 330
is_linear=0
shrinkage=0.05


Tree=107
num_leaves=31
num_cat=0
split_feature=16 22 20 25 16 16 7 13 15 38 4 9 20 9 7 34 15 34 4 20 7 11 9 7 9 9 32 32 32 39
split_gain=0.710954 1.02622 0.954875 0.730615 0.728139 0.696779 1.17993 0.581768 0.752137 0.783039 0.8544 0.805664 0.580087 0.55922 1.18226 0.779442 0.656517 0.507965 0.478139 0.435419 0.464408 0.502087 0.413818 0.650313 0.393564 0.69 0.372727 0.511696 0.320116 0.26195
threshold=0.0070130318518707548 3328.0292302500006 646.51999999999691 -1.0740291596493621 0.0059591007227464887 0.0068000042816894245 -0.00067573117360961285 0.0042046793375048394 0.006469428381063444 59.029545125949191 2472.5320800000004 0.0045436720257571719 60.679999999993022 -0.0042552126065439101 -0.0011193278234169562 107788.13072479055 0.0054322501665208462 112754.00416390451 3460.5634400000004 166.56000000000498 0.0011311535693421097 0.00025933796049360886 -0.0078508005974393703 -0.0078888485269012626 -0.0035029461313348135 -0.0095612024292716577 -4140.3799594194852 -6218.1863550287298 5441.790836125766 939.97107142857101
decision_type=2 2 2 2 2 2 2 2 2 2 2 2 2 2 2 2 2 2 2 2 2 2 2 2 2 2 2 2 2 2
left_child=1 2 3 -1 -4 7 -7 19 9 11 17 -9 -10 14 16 -16 -2 -11 -12 20 24 -22 26 -24 25 -5 27 -18 29 -15
right_child=13 -3 4 5 -6 6 -8 8 12 10 18 -13 -14 28 15 -17 22 -19 -20 -21 21 -23 23 -25 -26 -27 -28 -29 -30 -31
leaf_value=-2.2005312511689199e-06 -6.4390034775982021e-06 -4.2608493127615293e-06 -4.4505779670404497e-06 0.00011791703211148517 -1.2200258907499736e-06 -1.2747218362879639e-05 6.911388532481211e-07 -1.2140379844796176e-05 -2.5400982518362006e-08 -2.8453692431115744e-07 -4.3973387352101741e-06 -7.5862031696180007e-08 9.1225805726446437e-06 -1.4596790148101956e-06 -7.5972637982133353e-07 -5.5415757580086787e-06 2.9475018816978708e-05 4.5583901281523047e-05 -1.4548036552794256e-06 4.0240990219132901e-05 1.7585264868457166e-07 -5.3495989359380556e-06 -6.4342767949918831e-06 3.1855404077565287e-06 1.7629285823493122e-05 -6.8566956970642211e-06 5.3356107863964616e-05 -3.9526445178843876e-05 -1.394977790687073e-06 6.74002200880712e-06
leaf_weight=37 31 39 20 23 22 20 26 34 21 37 20 20 67 36 28 23 25 65 22 164 31 20 21 33 53 25 122 38 31 476
leaf_count=37 31 39 20 23 22 20 26 34 21 37 20 20 67 36 28 23 25 65 22 164 31 20 21 33 53 25 122 38 31 476
internal_value=-9.20244e-05 -0.00120104 -0.000777166 -0.000328467 -0.00809524 6.17286e-05 -0.00586956 0.00051495 -0.00111888 -0.00282828 -0.000902778 -0.00796296 0.00272727 0.000891204 -0.00076324 -0.0077451 0.000555556 0.00156863 -0.00690476 0.00199367 6.57897e-05 -0.00382353 0.00144351 -0.00240741 0.0020297 -0.00125 0.00256757 -0.000555555 0.00186925 0.00216797
internal_weight=1630 766 727 685 42 648 46 602 286 198 144 54 88 864 321 51 270 102 42 316 152 51 239 54 101 48 185 63 543 512
internal_count=1630 766 727 685 42 648 46 602 286 198 144 54 88 864 321 51 270 102 42 316 152 51 239 54 101 48 185 63 543 512
is_linear=0
shrinkage=0.05


Tree=108
num_leaves=31
num_cat=0
split_feature=35 30 38 25 40 39 39 23 35 0 25 28 28 21 9 17 36 24 38 5 16 4 4 17 7 5 21 19 5 41
split_gain=0.742052 0.883693 0.703555 0.809347 0.593525 0.614758 1.01023 0.625512 0.659341 0.872727 0.505853 0.41537 1.60921 0.881262 0.663661 0.912121 0.767624 1.44665 0.768235 0.628859 0.753304 0.57154 1.03441 0.548481 0.489153 0.388895 0.568543 0.405644 0.371168 0.281587
threshold=115662.50797500003 114670.91940773657 50.810693233466232 -0.20304594641302617 13.14273485557351 819.18321428571414 708.29321428571518 0.60273627699035359 106370.61242500001 107482.49500000001 0.5359963166973013 2551.7117777538083 2318.3568347344703 131.94999999999712 0.0045436720257571719 0.0098996750402637699 8002.5859051745947 3384.9370041700008 75.995575071024248 0.0030333420962958772 0.0068000042816894245 1974.2406500000002 1794.2445200000002 0.0054101101895779992 0.00072826647342842589 -0.0034427012552166315 70.694999999999723 1168.3199999999999 -0.0049116919763758865 147.66073032581355
decision_type=2 2 2 2 2 2 2 2 2 2 2 2 2 2 2 2 2 2 2 2 2 2 2 2 2 2 2 2 2 2
left_child=4 -2 28 -4 5 6 -1 25 -9 -10 -5 12 14 -13 16 -16 18 -18 19 21 -21 22 23 -6 -25 26 -7 -28 -3 -23
right_child=1 2 3 10 11 7 -8 8 9 -11 -12 13 -14 -15 15 -17 17 -19 -20 20 -22 29 -24 24 -26 -27 27 -29 -30 -31
leaf_value=1.386349493248749e-05 -7.4590007197381162e-06 -3.7712392612807266e-06 -3.833184637283552e-06 6.7150248563100054e-05 -7.0388265466689356e-06 -1.9257091602570536e-05 -1.8578940635866765e-05 1.9377701566511554e-06 -1.9204397781412811e-05 6.2423650293441398e-07 -2.9087275502850456e-06 -1.2924185575083718e-06 -7.8955064192150692e-05 4.0355919873790592e-05 6.4097318632706794e-06 -5.2050757299079523e-06 6.1956196134983344e-06 -6.2759042819773296e-06 -1.735871501579241e-06 -3.9839553657485016e-09 -6.504941111901132e-06 -3.065759632191197e-06 -2.9028741229696552e-05 1.088109812543079e-05 -3.4320293242037673e-06 2.8484198222583706e-05 -1.2552154110564431e-06 2.3620396515315215e-05 5.0428450599942381e-05 3.4628193032547108e-05
leaf_weight=26 32 22 22 26 33 20 25 70 27 33 20 22 24 76 172 32 26 27 24 38 28 28 25 80 28 350 35 46 64 149
leaf_count=26 32 22 22 26 33 20 25 70 27 33 20 22 24 76 172 32 26 27 24 38 28 28 25 80 28 350 35 46 64 149
internal_value=-9.20244e-05 -0.00306452 -0.00149351 -0.00529412 0.000290859 0.00143987 -0.00382353 0.00190189 -0.00115385 -0.005 -0.00152174 -0.000603448 -0.00102241 0.00244898 -0.00057971 0.00181373 -0.00158436 -0.00726415 -0.000889145 -0.000378973 -0.00484848 0.00048105 -0.00162651 3.54612e-05 0.00175926 0.00278271 4.95051e-05 0.00191358 0.00151163 0.00245763
internal_weight=1630 186 154 68 1444 632 51 581 130 60 46 812 714 98 690 204 486 53 433 409 66 343 166 141 108 451 101 81 86 177
internal_count=1630 186 154 68 1444 632 51 581 130 60 46 812 714 98 690 204 486 53 433 409 66 343 166 141 108 451 101 81 86 177
is_linear=0
shrinkage=0.05


Tree=109
num_leaves=31
num_cat=0
split_feature=35 38 25 21 40 28 18 5 11 34 25 23 35 0 9 15 28 9 21 20 27 16 38 32 38 23 5 25 4 7
split_gain=0.889394 1.20874 1.40083 0.72 0.581209 0.830547 0.757591 1.56202 0.948939 0.935026 1.13426 0.680506 1.10706 0.861755 0.507203 0.634433 0.614159 0.481778 0.475585 0.465851 0.914286 0.433518 0.916919 0.429763 0.369845 0.65625 0.333749 0.344782 0.761319 0.286364
threshold=115483.04405000001 50.810693233466232 -0.20304594641302617 302.58999999999656 368.26768051959522 1426.4999368336869 327.25999999999482 0.0080956184755963563 0.0031500577650075494 112888.34174346391 -0.45097646946821807 0.57918602569782596 106200.95062500003 107482.49500000001 -0.00092824299454110889 0.0054322501665208462 304.49708263589133 0.025191884206384605 511.3650000000053 146.23500000000061 113293.64875000002 0.0064897550758539176 75.671002462101768 5564.6573826000977 38.41303604622663 -0.093306205620917362 0.013789374628545256 -1.0228868163598499 863.35367500000018 -0.0049258239307297192
decision_type=2 2 2 2 2 2 2 2 2 2 2 2 2 2 2 2 2 2 2 2 2 2 2 2 2 2 2 2 2 2
left_child=4 18 -3 -4 11 6 8 -8 14 10 -10 26 -13 -14 15 16 -6 21 24 -15 -21 22 -7 -23 25 -2 27 28 -1 -17
right_child=1 2 3 -5 5 17 7 -9 9 -11 -12 12 13 19 -16 29 -18 -19 -20 20 -22 23 -24 -25 -26 -27 -28 -29 -30 -31
leaf_value=3.9587698510789865e-05 -2.846843313406463e-06 -9.3572502110193218e-06 -2.0290172816102858e-06 0.00010744357715851284 -8.7215090992533852e-06 8.5994897868623672e-06 -6.8715777709302175e-06 1.4628014625690231e-05 -2.878453522499108e-06 9.8419144000004772e-06 -3.7350438930280369e-06 2.1619663766032101e-06 -2.5839808901647722e-05 6.5946202448327886e-05 1.651871210030195e-05 9.8303944639487601e-05 6.3595837381526827e-07 -0.00019154318719132371 -8.6824127263758834e-06 0.0001367126912628228 -5.0388413444220265e-06 1.6437360432678561e-05 -1.4845283852646098e-06 -1.0997616921519435e-06 7.9903630597830881e-05 0.00013949593405928237 -2.2180768144493797e-06 5.7044578908331379e-06 -1.3044121103927346e-05 -2.2855480119432421e-06
leaf_weight=32 32 30 25 25 25 38 32 20 24 21 30 95 37 28 45 35 22 23 27 21 24 119 31 27 41 24 21 629 27 20
leaf_count=32 32 30 25 25 25 38 32 20 24 21 30 95 37 28 45 35 22 23 27 21 24 119 31 27 41 24 21 629 27 20
internal_value=-0.000245399 -0.00333333 -0.008125 -0.003 0.000196354 -0.00115234 -0.0030292 -0.00846154 -0.00175676 -0.00633333 -0.00981481 0.00095186 -0.00158537 -0.005 0.000578231 -0.00137255 -0.0056383 0.0010084 -0.000241935 -0.00184931 -0.005 0.00174419 -0.00152174 0.00328767 0.00139175 -0.00125 0.00168547 0.001875 -0.00177966 0.00227273
internal_weight=1630 204 80 50 1426 512 274 52 222 75 54 914 205 110 147 102 47 238 124 73 45 215 69 146 97 56 709 688 59 55
internal_count=1630 204 80 50 1426 512 274 52 222 75 54 914 205 110 147 102 47 238 124 73 45 215 69 146 97 56 709 688 59 55
is_linear=0
shrinkage=0.05


Tree=110
num_leaves=31
num_cat=0
split_feature=34 21 15 20 36 13 21 41 32 21 25 23 23 25 9 9 42 5 7 30 40 36 20 23 13 23 36 21 13 36
split_gain=0.769056 0.860594 0.77109 1.7387 1.23476 1.04551 0.731106 0.823564 1.61044 0.696306 0.969224 1.14803 0.644128 0.516944 0.48518 0.593939 0.438418 0.54909 1.6043 0.502723 0.461594 0.53066 0.517188 0.711984 0.636918 0.835935 0.42411 0.64 0.403747 0.371795
threshold=114734.97565179481 72.129999999997395 0.0055667584284703206 646.51999999999691 2786.4601315665354 0.018834059408915364 161.68000000000032 177.95112626068445 2121.527019752561 198.60000000000585 0.03095621992455248 -0.41337575929866183 -0.80314455495027615 -1.0865335551803652 -0.005122056496208849 -0.0087158043664567839 -381.88845816009405 0.013789374628545256 0.019599817741658931 108987.03946338224 -7.1214532469602991 3550.2073827731078 182.21999999999392 -0.7566937421616925 0.012281085204383374 0.81325040505406265 9540.8677935488977 346.69000000000239 0.011068168264288575 -2287.9787024853281
decision_type=2 2 2 2 2 2 2 2 2 2 2 2 2 2 2 2 2 2 2 2 2 2 2 2 2 2 2 2 2 2
left_child=2 -2 3 4 13 6 -6 -8 -9 -3 11 12 -11 -1 15 -15 19 20 -19 -4 -18 22 28 -24 -25 -26 -23 -28 -22 -12
right_child=1 9 16 -5 5 -7 7 8 -10 10 29 -13 -14 14 -16 -17 17 18 -20 -21 21 26 23 24 25 -27 27 -29 -30 -31
leaf_value=-1.0669791845117443e-06 -6.5893091152379882e-06 3.8839137495032197e-05 3.3136511049663784e-07 -4.2041731788073819e-06 6.7593149401363515e-05 -1.5143323110003259e-06 3.5631980763898912e-06 -5.31927905305484e-05 4.9781441953452101e-08 -5.1810661813111079e-07 0.00010368006222219803 -9.9783834857690459e-06 4.4107082987508056e-05 5.2913216092355179e-06 6.3902993159668438e-06 -1.3463212816910986e-05 1.2889942925230082e-05 -0.00019024838753206716 2.3326081327167521e-05 -2.7501227063966318e-06 -1.351597164663097e-06 8.7631137228092278e-06 -3.810281944225191e-05 8.1139058047419014e-05 1.1633565480223008e-06 -3.2807496654718253e-05 -7.4834511216689846e-06 5.7010361061868668e-05 1.0505156322378841e-05 -3.5116371641509092e-06
leaf_weight=23 38 69 62 27 34 20 34 23 21 21 29 23 23 33 222 22 356 21 34 22 36 167 31 42 33 20 25 20 50 49
leaf_count=23 38 69 62 27 34 20 34 23 21 21 29 23 23 33 222 22 356 21 34 22 36 167 31 42 33 20 25 20 50 49
internal_value=1.86265e-10 -0.00253968 0.000464441 -0.00120915 -0.000439815 -0.0044697 -0.00258929 -0.00525641 -0.00977273 -0.00130841 -0.00327586 -0.00768657 -0.00295455 0.00133333 0.00193141 -0.00227273 0.00130033 0.00164671 -0.00318182 -0.00214286 0.00198718 0.000872642 -0.000896226 -0.00293651 -0.000789473 -0.00443396 0.00264151 -0.00166667 0.00209302 0.000512821
internal_weight=1630 252 1378 459 432 132 112 78 44 214 145 67 44 300 277 55 919 835 55 84 780 424 212 126 95 53 212 45 86 78
internal_count=1630 252 1378 459 432 132 112 78 44 214 145 67 44 300 277 55 919 835 55 84 780 424 212 126 95 53 212 45 86 78
is_linear=0
shrinkage=0.05


Tree=111
num_leaves=31
num_cat=0
split_feature=34 22 30 20 39 9 11 25 41 0 40 24 42 39 11 15 28 36 22 3 11 18 36 42 0 26 20 39 7 26
split_gain=1.04975 0.833829 0.833344 0.590854 1.73908 0.568156 1.06082 0.483753 1.26478 0.413636 1.33636 0.408333 0.385961 0.879487 0.603488 0.456237 0.679966 1.16273 0.54497 0.464404 0.380426 0.348356 0.337187 0.836364 0.323365 1.14278 0.287731 0.614179 0.267978 0.320892
threshold=114734.97565179481 1889.6246022500004 114670.91940773657 904.52500000000157 1355.7617857142855 -0.00074657077293051896 -0.0037501120492148036 -0.99988705338722894 291.97353214887113 113456.37000000001 -194.47063834796424 2705.8316196000001 -316.03499373027972 1524.1571428571428 -0.017561625944309513 0.0053627225140179501 1118.7168970468631 2786.4601315665354 1774.9518107500003 91420.155000000013 0.015579307223828725 -1549.1600000000033 9540.8677935488977 266.00341909882167 108643.95000000003 109514.08352724063 146.23500000000061 983.18178571428473 -0.0066071369220669562 92509.060588783133
decision_type=2 2 2 2 2 2 2 2 2 2 2 2 2 2 2 2 2 2 2 2 2 2 2 2 2 2 2 2 2 2
left_child=3 -2 -3 7 -5 6 9 8 11 -4 -11 -1 13 14 -9 16 19 -18 -17 -14 -7 -20 28 -24 -21 -26 -27 -28 -23 -30
right_child=1 2 5 4 -6 20 -8 12 -10 10 -12 -13 15 -15 -16 18 17 -19 21 24 -22 22 23 -25 25 26 27 -29 29 -31
leaf_value=-3.9060656999463331e-06 -3.4473958213341894e-06 -5.5207591468401783e-06 6.9453729089372304e-05 -7.1334522388943543e-06 2.9511922897787214e-05 4.1196306379308008e-05 -9.1353749951363137e-06 2.4196483199772329e-05 -3.4450297712205891e-06 -1.6573346091646632e-05 0.00019217438994595888 1.0540551153880806e-06 -4.3701528995483916e-06 -4.986604950956956e-06 -4.5546500494799671e-06 -3.5112019570884736e-07 1.3424385154470063e-05 -1.4041229484000639e-06 -4.1192229710557008e-07 4.9595780369236863e-06 -1.2841437268246185e-06 4.6224686252283735e-05 -1.4823680669446432e-05 1.7524552086991561e-05 -9.7646939902381758e-06 5.187549969782009e-06 -9.5157773190744161e-06 1.0057144637544409e-05 4.2117785410825294e-07 8.9056296167102496e-06
leaf_weight=20 28 36 26 22 37 66 27 59 22 20 24 40 23 39 32 32 38 29 32 108 25 115 22 23 23 47 37 32 200 346
leaf_count=20 28 36 26 22 37 66 27 59 22 20 24 40 23 39 32 32 38 29 32 108 25 115 22 23 23 47 37 32 200 346
internal_value=3.0675e-05 -0.00293651 -0.00191964 0.000573295 -0.00432203 -0.000585106 -0.00324742 0.000792267 -0.00292683 1.86265e-10 -0.00295455 0.000833334 0.0010388 -0.00153846 0.00115385 0.00134146 -0.000192878 -0.00470149 0.00201299 0.000925926 0.00225275 0.00228997 0.00252125 -0.00166667 0.0015587 -3.5971e-05 0.00198276 -7.24636e-05 0.00280635 0.00234432
internal_weight=1630 252 224 1378 59 188 97 1319 82 70 44 60 1237 130 91 1107 337 67 770 270 91 738 706 45 247 139 116 69 661 546
internal_count=1630 252 224 1378 59 188 97 1319 82 70 44 60 1237 130 91 1107 337 67 770 270 91 738 706 45 247 139 116 69 661 546
is_linear=0
shrinkage=0.05


Tree=112
num_leaves=31
num_cat=0
split_feature=35 38 40 23 25 35 16 9 21 23 15 41 28 15 17 16 26 9 40 20 36 11 25 18 18 5 19 5 18 21
split_gain=0.887519 0.857822 1.80528 0.741403 1.68841 0.846202 0.812711 0.890416 0.701642 0.640093 0.611111 0.492149 1.22103 0.625 0.484775 1.30312 0.456522 0.443225 0.381921 0.376715 0.696373 0.613796 0.343034 0.453584 0.48655 0.742345 0.846749 0.345545 0.875758 0.513986
threshold=115415.65965000002 50.810693233466232 75.411522792521296 0.56733924760709054 0.41465826529464284 113327.64167500001 0.0064419300883971848 0.0049173377319558934 511.3650000000053 1.7663955423037032 0.0080287508475175417 439.57517926717793 -92.806170554933473 0.0068006276033432652 0.0089223533086961997 0.0079820061047507027 116195.41953541328 -0.019377424311601259 2115.9626122887207 429.4749999999986 5910.7081590322714 -0.0078154795901800612 0.12288343714673174 892.01999999998964 405.14500000000413 0.0028285113905839386 803.45500000000186 -0.0034427012552166315 -410.03500000000344 179.96500000000381
decision_type=2 2 2 2 2 2 2 2 2 2 2 2 2 2 2 2 2 2 2 2 2 2 2 2 2 2 2 2 2 2
left_child=3 8 -3 11 6 19 7 -5 10 -7 -2 17 13 -13 18 -16 -4 -1 -14 -6 21 -21 23 24 25 27 -27 28 29 -19
right_child=1 2 16 4 5 9 -8 -9 -10 -11 -12 12 14 -15 15 -17 -18 22 -20 20 -22 -23 -24 -25 -26 26 -28 -29 -30 -31
leaf_value=-1.5731307320907807e-06 8.6013249494335217e-05 -5.3997101428276053e-06 0.00010112181754693511 -3.3283517572983381e-06 7.6181816191534592e-06 -8.2105790476956187e-06 -2.2712052672668172e-06 3.2112049569700951e-05 -6.9040899656251319e-06 3.7178950451726751e-05 -2.9400834362817224e-06 -1.4482751589384741e-05 1.1728857530306172e-06 -9.9043266516839977e-07 -4.4186726729319519e-06 1.2449593718770095e-06 -1.7697285647286739e-06 -1.7412066728696047e-06 -1.7696262375111742e-06 2.4541316742708153e-05 5.7930251518597924e-05 -5.9960822863483978e-06 5.3018129338487775e-05 -7.0745512297097052e-06 4.6946704541117071e-05 -3.2354628289955018e-05 7.7664983846117822e-05 8.7903391406717467e-06 -1.6955773591286227e-05 1.150526901754128e-05
leaf_weight=34 66 37 21 21 122 29 27 22 28 23 33 20 216 20 22 45 25 39 20 28 33 33 85 33 106 25 21 327 20 49
leaf_count=34 66 37 21 21 122 29 27 22 28 23 33 20 216 20 22 45 25 39 20 28 33 33 85 33 106 25 21 327 20 49
internal_value=-6.13495e-05 -0.00309524 -0.00704819 0.000387324 -0.0016568 0.000149254 -0.00857143 -0.00430233 -0.000511811 -0.00557692 0.00146465 0.00102588 -0.000539358 -0.00875 0.000544555 -0.00320895 -0.000434782 0.00175237 0.00161017 0.00152778 -0.000851064 -0.00401639 0.00202128 0.0016129 0.00193356 0.0012578 -0.00478261 0.00189655 -0.000555555 0.00159091
internal_weight=1630 210 83 1420 338 268 70 43 127 52 99 1082 343 40 303 67 46 739 236 216 94 61 705 620 587 481 46 435 108 88
internal_count=1630 210 83 1420 338 268 70 43 127 52 99 1082 343 40 303 67 46 739 236 216 94 61 705 620 587 481 46 435 108 88
is_linear=0
shrinkage=0.05


Tree=113
num_leaves=31
num_cat=0
split_feature=34 7 30 41 0 21 42 15 20 36 18 24 24 36 2 38 17 22 28 28 16 16 38 11 7 9 35 17 13 24
split_gain=1.26381 0.822573 1.8998 1.40746 0.664368 0.589986 0.587857 0.645141 0.90723 1.22779 0.774146 0.658319 0.936526 0.555769 0.874126 0.500087 0.484006 0.525166 0.503775 1.04689 0.868716 1.39339 0.751111 0.467132 0.466009 1.07364 0.414101 0.509064 0.389838 0.376367
threshold=114734.97565179481 -0.0045440088626820798 115633.97940715952 -872.32862022804545 117560.51500000003 343.56500000000239 -357.09278057174583 0.0053627225140179501 646.51999999999691 2378.5959386957552 520.56499999999517 2522.0661342000003 3352.1770199600005 800.23241285339475 111272.04500000003 38.090511960861626 0.0062384591470841149 1949.0185400000003 531.51281738535192 1582.1403661786828 0.0077215034746136646 0.0064027275573361585 59.989072707709695 0.0092328057438569779 -0.013088167565841335 -0.0069925914675042933 115848.66550000002 0.0069803308342065353 0.0080077563226039188 2796.5033116
decision_type=2 2 2 2 2 2 2 2 2 2 2 2 2 2 2 2 2 2 2 2 2 2 2 2 2 2 2 2 2 2
left_child=6 4 3 -3 -2 26 24 8 9 13 11 -11 -13 14 15 -8 -9 -18 29 20 21 -20 -23 -21 -1 -26 -4 -28 -22 -19
right_child=1 2 5 -5 -6 -7 7 16 -10 10 -12 12 -14 -15 -16 -17 17 18 19 23 28 22 -24 -25 25 -27 27 -29 -30 -31
leaf_value=3.4136864673428588e-05 8.5123669050096457e-05 -4.9759491211583061e-06 8.6495291258290656e-05 -4.6077867154733368e-06 -1.8299590772277454e-05 -2.5842444628602597e-06 -7.6254975512279851e-06 2.2048098450815781e-05 -3.5111161818833354e-06 -7.6578547929180104e-06 -1.8796076757285137e-06 2.4343468379340318e-06 -9.8852287194846874e-07 2.6159218378747629e-05 -8.1048401571533263e-06 3.0795265408422324e-06 -2.9346641283910742e-07 2.756192538223101e-05 6.0189037206302288e-07 -1.6811449234373277e-06 -9.1256909337663215e-05 -1.2692299732884867e-05 -2.2649224617313294e-05 8.7500150495051102e-06 -3.2638929856719653e-06 -7.4019313652154847e-07 -3.5727259435329746e-06 4.2707659472003234e-05 1.5674448882063697e-05 2.2678032183400559e-06
leaf_weight=38 60 22 29 29 27 31 35 128 22 34 27 68 21 104 20 75 21 97 28 30 26 20 25 138 27 37 23 31 49 308
leaf_count=38 60 22 29 29 27 31 35 128 22 34 27 68 21 104 20 75 21 97 28 30 26 20 25 138 27 37 23 31 49 308
internal_value=-0.000276073 -0.00353175 -0.00560606 -0.0136275 0.000402299 -0.00201754 0.000319304 0.000611285 -0.00103448 -0.00046875 -0.004 -0.00231707 -5.61796e-05 0.00179487 -0.000384615 0.00136364 0.00137931 0.000889488 0.00111651 -0.000379747 -0.00344595 -0.00732877 -0.0127778 0.00232143 -0.00333333 -0.0059375 0.000180723 -0.00240741 0.000333334 0.00228395
internal_weight=1630 252 165 51 87 114 1378 1276 406 384 150 123 89 234 130 110 870 742 721 316 148 73 45 168 102 64 83 54 75 405
internal_count=1630 252 165 51 87 114 1378 1276 406 384 150 123 89 234 130 110 870 742 721 316 148 73 45 168 102 64 83 54 75 405
is_linear=0
shrinkage=0.05


Tree=114
num_leaves=31
num_cat=0
split_feature=34 7 38 24 13 42 20 7 9 20 7 30 11 23 25 28 13 25 11 22 24 5 30 23 25 42 20 20 7 23
split_gain=1.12712 1.13349 1.4927 0.937943 1.14753 0.76735 0.808572 0.86523 1.73019 0.765217 0.661906 0.832909 0.567142 0.663799 1.55079 1.54526 0.961319 0.751725 1.16493 0.466667 0.43415 0.420411 0.390418 0.619453 0.800246 0.348075 0.438777 0.465455 0.518214 1.06669
threshold=114759.87986342164 0.0090342670859386107 65.149399208408184 2539.9887915300001 0.00026992654009516469 -316.03499373027972 91.425000000002925 -0.013088167565841335 -0.0069925914675042933 288.14499999999686 -0.0011193278234169562 117812.96217415332 -0.011701557676300694 0.42235378672395102 0.33232248522011626 505.08672576685791 -0.012166636295263397 -0.99988705338722894 -0.0022246263671760317 2401.4023907500004 2139.8419210300003 -0.0067178215382543973 88123.308867125525 -0.2545704276344859 -0.64370074160341906 323.41026429598435 221.72999999999595 239.88999999999945 0.0010542309726722277 -0.16445221147611033
decision_type=2 2 2 2 2 2 2 2 2 2 2 2 2 2 2 2 2 2 2 2 2 2 2 2 2 2 2 2 2 2
left_child=5 2 3 -2 10 6 -1 -8 -9 -10 21 -12 -7 17 15 -15 -16 18 -14 -20 -18 -5 23 24 -19 26 -24 -28 29 -29
right_child=1 -3 -4 4 -6 12 7 8 9 -11 11 -13 13 14 16 -17 20 22 19 -21 -22 -23 25 -25 -26 -27 27 28 -30 -31
leaf_value=3.7172619491159098e-05 8.7437209752053288e-05 1.9626254125108507e-05 -4.3020119616363802e-06 -6.0109992059549857e-06 -7.3808237945204917e-05 8.505874774318057e-06 1.3963558778798985e-05 -4.1710877992827498e-06 -9.7486387592876615e-06 0.00014638603662715322 -5.6873168052091329e-06 2.8455377211210636e-05 -4.4242631325135779e-05 4.5313214354889075e-06 -2.0440843267842447e-05 -3.2571281463534456e-06 -2.5849282126221019e-06 8.4231408541019913e-06 -1.2994965334463559e-06 3.0651487392559643e-05 6.1892597677696129e-06 6.0005683805038681e-05 2.6370302518604458e-06 3.2131133306324246e-05 -8.8418937037991287e-05 2.8302488049969827e-05 -0.00018333050942196937 6.394748732643702e-07 7.1855289422071608e-06 -1.1235612276811012e-05
leaf_weight=25 47 35 23 24 25 164 39 32 23 22 23 24 26 30 20 37 27 35 20 28 148 45 339 38 29 82 20 74 101 25
leaf_count=25 47 35 23 24 25 164 39 32 23 22 23 24 26 30 20 37 27 35 20 28 148 45 339 38 29 82 20 74 101 25
internal_value=-0.000214724 -0.00333333 -0.00471564 -0.00324468 -0.00528369 0.000339596 -0.00315603 -0.00491379 -0.00798701 -0.00166667 -0.00318965 -0.00776596 0.000736122 0.000319741 -0.00187023 -0.00843284 0.000384616 0.00102203 -0.00378378 0.000833334 0.00157143 -7.24636e-05 0.00150067 -0.00137255 -0.004375 0.00195788 0.00151163 -0.000227273 0.0005 -0.00207071
internal_weight=1630 246 211 188 141 1384 141 116 77 45 116 47 1243 1079 262 67 195 817 74 48 175 69 743 102 64 641 559 220 200 99
internal_count=1630 246 211 188 141 1384 141 116 77 45 116 47 1243 1079 262 67 195 817 74 48 175 69 743 102 64 641 559 220 200 99
is_linear=0
shrinkage=0.05


Tree=115
num_leaves=31
num_cat=0
split_feature=35 38 28 40 35 42 7 4 31 40 21 38 15 34 39 4 19 16 2 28 38 42 7 0 21 21 23 22 11 28
split_gain=0.818609 1.48006 0.71662 1.68758 2.15458 0.548046 0.846647 1.07143 0.825868 0.602083 0.786282 0.568116 0.560848 0.972631 1.03617 0.569883 0.775717 0.499959 0.943763 1.10139 0.497226 0.452772 0.651623 0.377867 0.452757 0.559157 0.334986 0.31515 0.276923 0.272701
threshold=115787.12670000001 66.031199026655401 -257.02293177145469 -939.27841033439461 117476.14290000002 -269.53278393639476 -0.012645792378195764 4936.097345000001 118425.64960000002 440.57654124609695 142.50000000000003 33.549393954692562 0.0053627225140179501 104795.59481972501 1033.8921428571434 1230.8195800000001 1071.1050000000034 0.0042919583778409818 108554.09000000001 112.24901957064868 75.995575071024248 172.24903047859064 -0.0096483311255611392 114268.395 453.29999999999569 648.20500000000186 -0.89347460737444595 1876.6330992500002 -0.010920921783966952 304.49708263589133
decision_type=2 2 2 2 2 2 2 2 2 2 2 2 2 2 2 2 2 2 2 2 2 2 2 2 2 2 2 2 2 2
left_child=5 2 3 28 -5 6 -1 9 12 10 -8 -12 13 14 15 -7 -17 18 -15 -20 -19 27 -23 24 26 -26 -24 -14 -2 -29
right_child=1 -3 -4 4 -6 8 7 -9 -10 -11 11 -13 21 17 -16 16 -18 20 19 -21 -22 22 23 -25 25 -27 -28 29 -30 -31
leaf_value=1.3341056621424834e-05 1.6399020929504227e-05 -2.3654109148107298e-06 3.0580475855859906e-05 -1.3566887456561175e-05 0.00010336401767106461 -2.72468841080228e-06 -6.2456259794211485e-06 -4.7664242435098729e-06 -3.6028566704120591e-06 -1.1370990817714452e-06 4.0963063144945294e-05 -6.2799849339039928e-06 -9.7300266742980006e-06 2.872127186543202e-05 -4.6718837090168113e-06 3.4063569439156133e-06 -0.00011618433503490929 5.1409085756649188e-06 1.2419153053313989e-05 -8.7665794265371533e-06 -4.3734161288356505e-07 -2.9309627805317627e-06 -5.7412927850639647e-07 -7.6163668274580247e-07 -8.5902574062334553e-05 5.1316287871803063e-05 1.1139055070739066e-05 1.9615833744674287e-05 -2.6978758402826308e-06 7.2891350730063052e-07
leaf_weight=64 32 22 53 25 22 28 27 20 27 24 49 20 25 31 37 53 20 152 27 28 21 23 27 32 35 27 148 326 20 185
leaf_count=64 32 22 53 25 22 28 27 20 27 24 49 20 25 31 37 53 20 152 27 28 21 23 27 32 35 27 148 326 20 185
internal_value=-9.20244e-05 -0.00333333 -0.00157895 -0.00409091 -0.0109574 0.00029533 -0.00210784 -0.00428571 0.000686901 -0.0025 -0.000729166 0.00210145 0.000877551 -0.000667506 -0.00405797 -0.00143564 0.000890411 0.001139 -0.00197674 -0.00590909 0.00268786 0.00161836 3.42468e-05 0.000724907 0.0014135 -0.00225806 0.00271429 0.00248134 0.00211538 0.00274951
internal_weight=1630 174 152 99 47 1456 204 140 1252 120 96 69 1225 397 138 101 73 259 86 55 173 828 292 269 237 62 175 536 52 511
internal_count=1630 174 152 99 47 1456 204 140 1252 120 96 69 1225 397 138 101 73 259 86 55 173 828 292 269 237 62 175 536 52 511
is_linear=0
shrinkage=0.05


Tree=116
num_leaves=31
num_cat=0
split_feature=34 13 22 19 25 13 42 28 4 19 16 16 25 13 20 22 16 15 13 18 24 20 20 25 25 38 11 42 16 7
split_gain=0.854305 0.875 0.694185 0.852828 0.702148 0.867857 0.655314 1.80876 0.611002 1.363 0.557143 0.506774 0.493622 1.42392 0.656727 0.585047 1.07667 0.649338 0.596192 0.577868 0.503704 0.458009 0.4 0.376104 0.638695 0.363246 0.517927 0.326372 0.312578 0.30792
threshold=114734.97565179481 0.022701147253880834 4640.040403500001 1990.019999999997 -0.24426825094492913 -0.0086523767066180885 -316.03499373027972 -1045.0577673291698 4270.4067750000004 2256.7750000000019 0.0063017687559768542 0.0032756826014076704 -0.99988705338722894 0.0072547115349610941 221.72999999999595 2473.2599735000003 0.0067102340063366983 0.003376939958390762 0.027434952245677918 -668.22500000000571 2695.3146659600002 543.33999999999662 243.88500000000207 -0.48367834272323657 -0.61476977051690029 75.995575071024248 0.023088588532114079 -80.481187062584397 0.010781322936053635 -0.0050583446726418539
decision_type=2 2 2 2 2 2 2 2 2 2 2 2 2 2 2 2 2 2 2 2 2 2 2 2 2 2 2 2 2 2
left_child=6 2 3 4 5 22 7 8 -1 -10 -7 -8 13 20 29 16 17 -16 -19 21 -13 -17 -2 24 28 -25 -27 -6 -21 -14
right_child=1 -3 -4 -5 27 10 11 -9 9 -11 -12 12 14 -15 15 19 -18 18 -20 23 -22 -23 -24 25 -26 26 -28 -29 -30 -31
leaf_value=1.1510027062910167e-05 -1.6922599540802365e-05 -2.1370730824558954e-06 3.4898247843516405e-05 -6.3104889259397021e-06 0.00011478513577284061 -8.7609105660364756e-06 -2.0046645717010294e-06 -4.8780521849880903e-06 -8.1734677215716201e-06 3.6921205744131904e-05 6.6476040928119867e-05 -1.2718342388561656e-05 7.6766885560692946e-07 -1.3596455279056342e-06 -1.0007634536063741e-05 8.0033525903080274e-06 -1.5071746939017731e-05 5.295935884518671e-06 -2.6550799121109069e-06 2.7950325853931942e-06 4.923763392327164e-05 -3.0766524612825434e-05 -2.5629820482684997e-06 1.5514584594904759e-05 -2.6407538487867903e-06 -1.723749696212219e-06 3.8389850550204122e-05 -2.3392021785082296e-06 -2.4936466285626458e-06 3.7248621969779264e-06
leaf_weight=60 20 28 33 24 42 30 21 25 26 30 26 20 138 21 22 22 27 96 21 62 34 20 20 181 29 21 30 29 24 448
leaf_count=60 20 28 33 24 42 30 21 25 26 30 26 20 138 21 22 22 27 96 21 62 34 20 20 181 29 21 30 29 24 448
internal_value=-6.13495e-05 -0.00273809 -0.00169643 -0.0028534 -0.00158683 -0.004375 0.000428157 -0.00280142 -0.000172414 -0.00392857 -0.000357143 0.000796281 0.000929276 -0.003 0.00118755 -4.50449e-05 -0.00253012 -0.000755395 0.000726496 0.00101542 0.0012963 -0.00452381 -0.01 0.00168588 -0.000652174 0.00284483 -0.000882353 0.0021831 0.00151163 0.00235495
internal_weight=1630 252 224 191 167 96 1378 141 116 56 56 1237 1216 75 1141 555 166 139 117 389 54 42 40 347 115 232 51 71 86 586
internal_count=1630 252 224 191 167 96 1378 141 116 56 56 1237 1216 75 1141 555 166 139 117 389 54 42 40 347 115 232 51 71 86 586
is_linear=0
shrinkage=0.05


Tree=117
num_leaves=31
num_cat=0
split_feature=35 38 42 7 4 23 15 19 17 39 15 16 16 5 28 21 34 17 21 5 13 21 18 31 7 13 22 15 13 16
split_gain=1.1969 1.27702 0.874363 1.04809 1.41842 0.88937 0.886278 0.889987 1.14849 1.01145 0.785866 0.953669 0.728139 0.641756 0.955166 0.52488 0.801662 1.21236 0.462745 0.527218 0.835317 0.982061 1.28058 0.447102 0.427664 0.390022 0.687013 0.38248 0.375228 0.8
threshold=115787.12670000001 66.031199026655401 -269.53278393639476 -0.013088167565841335 4041.7586350000006 -0.62230421028373739 0.0053627225140179501 1123.4900000000055 0.0081503232464034889 887.69678571428619 0.010283544636149989 0.0089020527657845613 0.007063339820031809 -0.0014059146625955571 -405.31082226548455 173.90000000000148 104755.51628686821 0.007387998978908978 137.90499999999886 0.0058601065399226928 0.0030182450022264392 105.13499999999478 163.55499999999304 118266.04850000002 -0.00010075118550494686 0.00026992654009516469 2377.8846945000009 0.0064363593669585903 -0.021484496744013048 0.010162156023121205
decision_type=2 2 2 2 2 2 2 2 2 2 2 2 2 2 2 2 2 2 2 2 2 2 2 2 2 2 2 2 2 2
left_child=2 10 3 -1 5 12 7 15 9 -9 11 13 -5 -2 -15 -4 17 -17 19 20 27 22 -22 28 -7 -18 -27 -8 29 -20
right_child=1 -3 6 4 -6 24 18 8 -10 -11 -12 -13 -14 14 -16 16 25 -19 23 -21 21 -23 -24 -25 -26 26 -28 -29 -30 -31
leaf_value=3.8476535576990467e-05 3.1076394007269104e-05 -3.1359074455685896e-06 2.1662948148741638e-06 -3.7931574810751693e-06 -8.2215535317997366e-06 -3.6061739676879139e-07 -9.3386853218798111e-06 -1.6397896063247486e-05 5.0431261432098767e-06 -7.0630666085575591e-05 2.6616812946778898e-05 -4.9243380011092322e-06 -7.5726672631999808e-07 -1.7621198995980375e-05 3.1373795115369805e-05 -7.0696813590514046e-07 7.729364092486317e-06 -2.8016652713173296e-06 -7.1978712782490111e-07 1.4247785937461641e-05 2.4781117674774532e-05 -9.3444919788609747e-06 -2.9276833147060289e-05 -2.8541463718349709e-06 0.00011423669271816923 -6.0171106042728787e-06 2.5695961320179709e-06 2.9608746221977468e-05 4.256911095070878e-06 3.0542590941456752e-05
leaf_weight=62 42 22 164 20 34 31 22 28 31 24 28 25 22 30 27 33 46 21 36 67 37 20 25 20 35 33 30 67 503 45
leaf_count=62 42 22 164 20 34 31 22 28 31 24 28 25 22 30 27 33 46 21 36 67 37 20 25 20 35 33 30 67 503 45
internal_value=-0.000276073 -0.0041954 0.000192308 -0.00284314 -0.00521127 -0.00240741 0.000686901 -0.00121951 -0.00584337 -0.0103846 -0.00256579 -0.00427419 -0.00809524 -0.00207071 -0.00552632 -4.58714e-05 -0.00205521 -0.00703704 0.0016152 -0.000252101 -0.00172515 -0.00536585 -0.00225806 0.00235099 0.00121212 0.000412844 -0.00214286 0.00162921 0.00260274 -0.000555555
internal_weight=1630 174 1456 204 142 108 1252 410 83 52 152 124 42 99 57 327 163 54 842 238 171 82 62 604 66 109 63 89 584 81
internal_count=1630 174 1456 204 142 108 1252 410 83 52 152 124 42 99 57 327 163 54 842 238 171 82 62 604 66 109 63 89 584 81
is_linear=0
shrinkage=0.05


Tree=118
num_leaves=31
num_cat=0
split_feature=35 38 13 32 2 15 28 40 35 2 16 25 4 34 5 32 23 21 23 34 30 5 41 41 16 23 21 13 16 22
split_gain=1.13464 1.34304 0.872591 0.746354 0.940572 0.719015 0.81382 1.31742 1.38478 0.589687 0.527522 0.516689 0.94952 0.777351 0.471305 0.587213 0.745921 0.583168 0.364471 0.345119 0.723453 0.702172 0.684463 0.81899 0.588636 0.551453 0.623935 0.662179 0.364865 0.746314
threshold=115787.12670000001 66.031199026655401 -0.021484496744013048 -1994.6205919450292 101980.98500000002 0.010283544636149989 -257.02293177145469 -967.37197505270876 117425.15092500002 107424.06000000001 0.0032756826014076704 -0.98949631173945785 863.35367500000018 102707.81587339636 -0.0044800894259202613 -3200.4979338083281 1.7663955423037032 727.13000000000477 -1.0320998891402096 112367.01139295833 106315.22539735897 -0.0043589117232413948 33.380378518753339 928.1838843606173 0.0057507240157240345 -0.89347460737444595 137.90499999999886 -0.0037388437359477211 0.0065229066713749697 3641.6116468250002
decision_type=2 2 2 2 2 2 2 2 2 2 2 2 2 2 2 2 2 2 2 2 2 2 2 2 2 2 2 2 2 2
left_child=2 5 3 14 -5 6 7 -2 -9 -6 -4 12 -12 -14 15 16 -1 -16 -13 20 25 -22 -23 24 -24 -20 27 -27 -29 -30
right_child=1 -3 10 4 9 -7 -8 8 -10 -11 11 18 13 -15 17 -17 -18 -19 19 -21 21 22 23 -25 -26 26 -28 28 29 -31
leaf_value=-1.5311635316778227e-05 3.7035923534472909e-05 -2.9791120732901542e-06 -2.0127460716654559e-06 4.2041628290900363e-06 -4.430569808934081e-06 2.5285972299439942e-05 5.858313588925641e-06 -1.1390406099755707e-05 -5.2898664040394282e-06 -8.8784863206754318e-06 1.7667136608552875e-05 2.1959425975573657e-05 -5.7561014601308645e-07 -2.3044600920792705e-05 5.2508803283782739e-05 4.1442616089152229e-05 6.4763876374413485e-06 -4.7460536243002534e-06 -3.3941617648917074e-06 3.8535092385664341e-06 4.9873710717009906e-06 -3.2545775046471932e-06 -1.079561386603002e-06 -3.0385565630038206e-06 3.8854729248204904e-05 -2.6040180509299878e-05 3.4192176710501614e-06 8.2522947765332802e-05 -7.2973102878344174e-06 1.7579897085774919e-05
leaf_weight=30 34 22 21 37 23 28 44 26 20 20 33 65 23 20 82 24 22 33 37 320 38 24 40 32 37 33 351 37 44 30
leaf_count=30 34 22 21 37 23 28 44 26 20 20 33 65 23 20 82 24 22 33 37 320 38 24 40 32 37 33 351 37 44 30
internal_value=-9.20244e-05 -0.00390805 0.000364011 -0.00219557 -0.00625 -0.00223684 -0.00387097 -0.006875 -0.0123913 -0.0112791 0.000949367 0.00109107 -0.00289474 -0.0077907 -0.000497382 -0.00355263 -0.00653846 0.00152174 0.00136949 0.00113881 0.000519204 -0.00230994 -0.00402256 -0.00233945 0.000454546 0.00142857 0.00186869 -0.000902778 0.000945946 -0.00108108
internal_weight=1630 174 1456 271 80 152 124 80 46 43 1185 1164 76 43 191 76 52 115 1088 1023 703 171 133 109 77 532 495 144 111 74
internal_count=1630 174 1456 271 80 152 124 80 46 43 1185 1164 76 43 191 76 52 115 1088 1023 703 171 133 109 77 532 495 144 111 74
is_linear=0
shrinkage=0.05


Tree=119
num_leaves=31
num_cat=0
split_feature=35 19 27 23 42 23 28 9 23 7 41 38 16 31 30 25 21 31 18 17 4 28 11 9 18 42 38 28 19 15
split_gain=0.916053 1.06875 0.96907 0.505618 0.485046 0.764143 1.02306 0.619861 0.610893 1.09205 0.567132 0.495006 0.485467 0.506662 0.595547 0.473768 0.387758 0.433929 0.376993 0.61499 0.443345 0.478892 0.930961 1.13255 0.675422 0.670136 0.502521 0.34239 0.329804 0.289726
threshold=115662.50797500003 863.24000000000535 115596.44350000001 -1.348732705001322 -269.53278393639476 -0.19560712103812986 -684.07079733206763 -0.0095612024292716577 0.60273627699035359 -0.013088167565841335 -787.1025268853474 32.186647843993747 0.0032756826014076704 118445.9875 115502.64995875886 -1.1067929516483435 399.12000000000268 116195.30210000003 -192.18500000000492 0.0049044907146619781 1080.1269850000001 1426.4999368336869 0.0020888173966029733 -0.0041170769838240039 -39.210000000006396 575.53282027861565 64.470865012967423 571.35265812402952 845.5550000000004 0.0053478044095961429
decision_type=2 2 2 2 2 2 2 2 2 2 2 2 2 2 2 2 2 2 2 2 2 2 2 2 2 2 2 2 2 2
left_child=3 2 -2 -1 5 6 7 -5 -7 -10 -6 -12 -13 14 15 -14 -3 -18 29 -20 -21 22 27 -24 -25 -23 28 -22 -26 -17
right_child=1 16 -4 4 10 8 -8 -9 9 -11 11 12 13 -15 -16 18 17 -19 19 20 21 25 23 24 26 -27 -28 -29 -30 -31
leaf_value=-2.4324356614570762e-06 -4.6116912860018747e-06 2.2340871080936631e-07 -2.6320907632248028e-06 0.00011084073456337004 8.0408832482692919e-06 8.7633530152856934e-06 -4.5832610370838442e-06 -4.309128007947788e-06 1.0663175525286144e-05 -1.5172853071014102e-05 -2.609715740786053e-06 -1.9121087680821854e-06 -8.8764107145033957e-07 -2.5494770209702686e-06 4.8298771991763549e-06 -4.0545722659478418e-07 -4.8281952060193974e-06 2.1219054882878313e-05 -6.7450667964222335e-06 5.159472841692058e-05 8.3758340449301664e-06 3.9871079774559967e-06 -3.3126671098661866e-05 -2.4714020599596143e-06 -5.6681380902250342e-08 -1.0917332211207926e-06 -5.6424268918277721e-06 -3.8539348492398223e-06 5.1113786188173926e-05 7.6066971332342173e-06
leaf_weight=20 26 81 31 20 188 61 23 31 44 20 33 21 21 21 104 60 20 28 23 46 105 168 20 23 31 22 37 32 59 211
leaf_count=20 26 81 31 20 188 61 23 31 44 20 33 21 21 21 104 60 20 28 23 46 105 168 20 23 31 22 37 32 59 211
internal_value=-3.06747e-05 -0.00333333 -0.00903509 0.000394737 0.000505618 -0.00178392 -0.00581081 -0.00186274 0.0006 -0.0028125 0.000877551 0.000419479 0.00061753 0.00077823 0.000945946 0.000512821 -0.000813953 -0.004375 0.000698925 -3.53355e-05 0.000303868 -0.000130785 -0.00135179 -0.00382353 -0.00233333 0.00184211 -0.000905512 0.00171533 0.00111111 0.00223247
internal_weight=1630 186 57 1444 1424 199 74 51 125 64 1225 1037 1004 983 962 858 129 48 837 566 543 497 307 170 150 190 127 137 90 271
internal_count=1630 186 57 1444 1424 199 74 51 125 64 1225 1037 1004 983 962 858 129 48 837 566 543 497 307 170 150 190 127 137 90 271
is_linear=0
shrinkage=0.05


end of trees

feature_importances:
upper_wick=215
log_return_3=195
lower_wick=184
candle_range=171
price_minus_ema_200=165
volume_zscore_50=155
vol_std_10=147
volume_zscore_20=147
volume_mean_20=145
log_return_6=138
log_return_2=136
vol_std_20=136
volume=129
macd_signal=116
vol_std_50=102
log_return_12=98
rsi=98
atr=98
log_return_1=97
volume_mean_50=96
macd_hist=89
open=78
price_minus_ema_20=78
candle_body=76
ema_200=75
macd=72
sma_200=70
price_minus_ema_50=68
sma_50=40
low=35
ema_50=33
close=31
high=30
ema_20=30
sma_20=27

parameters:
[boosting: gbdt]
[objective: quantile]
[metric: quantile]
[tree_learner: serial]
[device_type: cpu]
[data_sample_strategy: bagging]
[data: ]
[valid: ]
[num_iterations: 120]
[learning_rate: 0.05]
[num_leaves: 31]
[num_threads: 0]
[seed: 42]
[deterministic: 0]
[force_col_wise: 0]
[force_row_wise: 0]
[histogram_pool_size: -1]
[max_depth: -1]
[min_data_in_leaf: 20]
[min_sum_hessian_in_leaf: 0.001]
[bagging_fraction: 1]
[pos_bagging_fraction: 1]
[neg_bagging_fraction: 1]
[bagging_freq: 0]
[bagging_seed: 400]
[bagging_by_query: 0]
[feature_fraction: 1]
[feature_fraction_bynode: 1]
[feature_fraction_seed: 30056]
[extra_trees: 0]
[extra_seed: 12879]
[early_stopping_round: 0]
[early_stopping_min_delta: 0]
[first_metric_only: 0]
[max_delta_step: 0]
[lambda_l1: 0]
[lambda_l2: 0]
[linear_lambda: 0]
[min_gain_to_split: 0]
[drop_rate: 0.1]
[max_drop: 50]
[skip_drop: 0.5]
[xgboost_dart_mode: 0]
[uniform_drop: 0]
[drop_seed: 17869]
[top_rate: 0.2]
[other_rate: 0.1]
[min_data_per_group: 100]
[max_cat_threshold: 32]
[cat_l2: 10]
[cat_smooth: 10]
[max_cat_to_onehot: 4]
[top_k: 20]
[monotone_constraints: ]
[monotone_constraints_method: basic]
[monotone_penalty: 0]
[feature_contri: ]
[forcedsplits_filename: ]
[refit_decay_rate: 0.9]
[cegb_tradeoff: 1]
[cegb_penalty_split: 0]
[cegb_penalty_feature_lazy: ]
[cegb_penalty_feature_coupled: ]
[path_smooth: 0]
[interaction_constraints: ]
[verbosity: -1]
[saved_feature_importance_type: 0]
[use_quantized_grad: 0]
[num_grad_quant_bins: 4]
[quant_train_renew_leaf: 0]
[stochastic_rounding: 1]
[linear_tree: 0]
[max_bin: 255]
[max_bin_by_feature: ]
[min_data_in_bin: 3]
[bin_construct_sample_cnt: 200000]
[data_random_seed: 175]
[is_enable_sparse: 1]
[enable_bundle: 1]
[use_missing: 1]
[zero_as_missing: 0]
[feature_pre_filter: 1]
[pre_partition: 0]
[two_round: 0]
[header: 0]
[label_column: ]
[weight_column: ]
[group_column: ]
[ignore_column: ]
[categorical_feature: ]
[forcedbins_filename: ]
[precise_float_parser: 0]
[parser_config_file: ]
[objective_seed: 16083]
[num_class: 1]
[is_unbalance: 0]
[scale_pos_weight: 1]
[sigmoid: 1]
[boost_from_average: 1]
[reg_sqrt: 0]
[alpha: 0.1]
[fair_c: 1]
[poisson_max_delta_step: 0.7]
[tweedie_variance_power: 1.5]
[lambdarank_truncation_level: 30]
[lambdarank_norm: 1]
[label_gain: ]
[lambdarank_position_bias_regularization: 0]
[eval_at: ]
[multi_error_top_k: 1]
[auc_mu_weights: ]
[num_machines: 1]
[local_listen_port: 12400]
[time_out: 120]
[machine_list_filename: ]
[machines: ]
[gpu_platform_id: -1]
[gpu_device_id: -1]
[gpu_use_dp: 0]
[num_gpu: 1]

end of parameters

pandas_categorical:[]
