tree
version=v4
num_class=1
num_tree_per_iteration=1
label_index=0
max_feature_idx=42
objective=quantile
feature_names=open high low close volume log_return_1 return_1 log_return_2 return_2 log_return_3 return_3 log_return_6 return_6 log_return_12 return_12 vol_std_10 vol_std_20 vol_std_50 candle_body candle_range upper_wick lower_wick volume_mean_20 volume_zscore_20 volume_mean_50 volume_zscore_50 ema_20 sma_20 price_minus_ema_20 slope_ema_20 ema_50 sma_50 price_minus_ema_50 slope_ema_50 ema_200 sma_200 price_minus_ema_200 slope_ema_200 rsi atr macd macd_signal macd_hist
feature_infos=[75073.339999999997:125410.8] [76868.279999999999:126199.63] [74508:124800] [75073.330000000002:125410.81] [340.57663000000002:41734.73429] [-0.051762534026410414:0.063610354885484915] [-0.050445673085000586:0.065677081985037189] [-0.057546369862841076:0.077005607989813582] [-0.055921887401147452:0.080048133274546407] [-0.074972883538717477:0.080438707871954701] [-0.07223135621003085:0.083762418501585056] [-0.11058245204570148:0.085508649956967234] [-0.10468749320164461:0.089270983450447705] [-0.10598322184750306:0.092593775538753087] [-0.10056026111357341:0.097016010004315589] [0.0012133157954555224:0.029033061964449523] [0.0026553607375538702:0.024014575640068085] [0.0038415284704402292:0.018848158326120825] [-4383.7200000000012:5074.070000000007] [141.58999999999651:15214.639999999999] [0:3132.4100000000035] [0:10774.5] [1069.1190555000001:10559.11088] [-1.7848604440839944:4.1200587279656391] [1550.0915938000001:7028.6691156000006] [-1.5789049112738824:6.4711646594253676] [78482.938449553287:123285.86484806422] [78276.484499999991:123511.78399999999] [-8375.9843059019331:5642.7772138774453] [-881.68255851598224:593.97654882920324] [80605.527076710467:121101.63388453695] [80752.497999999992:122249.3198] [-10975.066404110796:8382.2813502118079] [-447.96189404533652:342.13393266170169] [83734.36461442399:116925.39951511516] [83235.8799:117624.01245000001] [-20061.639967127063:13717.513945779021] [-201.62452228268376:137.86446176661411] [8.6739813567826758:93.755215326931904] [420.77499999999833:3026.9835714285718] [-3060.2893734303652:2402.7765626512555] [-2561.2840826429788:2152.5902854798824] [-1257.8768198701616:819.04688810727021]
tree_sizes=2866 2876 2862 2897 2861 2867 2886 2877 2876 2867 2865 2866 2889 2844 2865 2873 2862 2850 2868 2903 2868 2856 2881 2906 2890 2890 2857 2871 2861 2864 2891 2897 2892 2884 2908 2864 2861 2865 2894 2882 2881 2865 2856 2873 2862 2891 2909 2875 2883 2864 2877 2881 2842 2911 2863 2894 2849 2887 2878 2896 2855 2861 2890 2888 2900 2856 2845 2837 2865 2873 2869 2899 2884 2857 2882 2906 2872 2874 2860 2921 2862 2878 2883 2847 2843 2875 2884 2879 2882 2886 2878 2860 2865 2878 2841 2883 2834 2874 2881 2860 2870 2862 2875 2885 2864 2860 2847 2839 2868 2891 2868 2892 2879 2850 2881 2882 2894 2865 2884 2858

Tree=0
num_leaves=31
num_cat=0
split_feature=20 23 28 5 23 23 22 13 9 19 17 23 40 31 40 4 39 36 25 21 9 34 25 7 40 40 38 21 41 25
split_gain=3.68599 2.32199 2.28533 2.25 2.15143 2.29388 2.34733 2.25236 1.81079 2.48272 1.84983 1.79951 1.7912 2.08583 1.84514 1.6168 2.01268 1.67299 1.59292 1.57453 1.51655 1.47075 1.59305 1.46643 2.10069 2.16035 1.99691 1.5145 1.4907 1.55305
threshold=444.61499999999802 1.0385195392904136 -1059.8832173971966 -0.003135998553577519 0.81325040505406265 -0.65695356703968011 5546.0865903750009 -0.031221392255850852 0.0038142118967752449 858.8050000000004 0.0049044907146619781 1.2549320135347155 -198.36579195609372 105408.0034 503.75953562351066 8318.7136950000004 1151.4985714285715 2051.2034423929586 1.1580579837489229 365.00499999999744 0.0093345009796135317 104457.05997847072 -0.96228782910332022 -0.00058232435688392004 482.6285743542831 742.95820137490239 56.677892500959956 302.58999999999656 -765.90764346503738 -0.017270908260356221
decision_type=2 2 2 2 2 2 2 2 2 2 2 2 2 2 2 2 2 2 2 2 2 2 2 2 2 2 2 2 2 2
left_child=4 2 3 -2 5 8 7 -7 10 -10 -1 19 20 -14 -15 16 -3 -18 -13 -6 -4 -12 -23 24 26 -26 27 -9 -25 -30
right_child=1 15 12 -5 11 6 -8 23 9 -11 21 18 13 14 -16 -17 17 -19 -20 -21 -22 22 -24 28 25 -27 -28 -29 29 -31
leaf_value=-2.7656171050693955e-05 5.5166066113088169e-05 8.5884322425044962e-05 8.1644310512274387e-05 0.00030217260787139826 -0.00010335907140870405 0.00017367782270412136 -0.00016416141447734845 0.00012707848068203021 -1.3215567787483454e-05 -0.00014715730362695469 -2.5415424943275866e-05 8.5246893240764629e-05 0.00018237032777506103 9.6593271837264194e-05 -7.5761131347462659e-05 0.00012989919482606638 -0.00027200756162528707 -1.9221840238969891e-05 -9.3830878950029731e-05 -6.4149046420425296e-05 -0.00011166826157023025 -3.1714302940599738e-05 4.5686516341447716e-05 8.6103843887030973e-05 0.0001603736410743295 6.4137722029045113e-05 -6.0414570953071234e-05 -2.3378708328891661e-05 -4.6766859350100281e-05 3.8402003656301528e-05
leaf_weight=24 24 36 23 48 29 40 38 80 91 32 140 35 68 32 34 28 31 20 78 40 27 37 127 39 34 45 33 46 197 74
leaf_count=24 24 36 23 48 29 40 38 80 91 32 140 35 68 32 34 28 31 20 78 40 27 37 127 39 34 45 33 46 197 74
internal_value=8.82335e-06 0.00438888 0.00704007 0.0145922 -0.00128188 -0.000432217 0.0015264 0.00230474 -0.00315082 -0.00832451 -0.00121069 -0.00630986 0.00408491 0.00709838 0.000766399 -0.00151292 -0.00487623 -0.0112657 -0.0024248 -0.0126723 -0.00399118 -0.00015565 0.0030576 0.00146868 0.00442059 0.0110848 0.00110945 0.00397708 -0.000797628 -0.00211295
internal_weight=1630 371 256 72 1259 1077 626 588 451 123 328 182 184 134 66 115 87 51 113 69 50 304 164 548 238 79 159 126 310 271
internal_count=1630 371 256 72 1259 1077 626 588 451 123 328 182 184 134 66 115 87 51 113 69 50 304 164 548 238 79 159 126 310 271
is_linear=0
shrinkage=1


Tree=1
num_leaves=31
num_cat=0
split_feature=20 25 11 34 23 28 38 0 1 21 0 16 39 20 17 34 19 32 7 36 7 15 42 25 4 24 0 28 22 39
split_gain=3.16892 2.1552 3.56197 2.47457 2.60892 2.42531 2.21894 2.20435 2.29569 2.15724 2.10244 2.03361 3.01313 2.31127 1.8656 2.78994 2.20758 1.8873 2.77945 1.80393 2.94887 1.58944 1.78602 1.87532 1.57279 1.55818 2.57696 2.0776 2.0578 1.74951
threshold=444.61499999999802 0.46168236631397697 -0.01286450265268743 115837.38985589125 -0.65695356703968011 318.9069526913882 31.353849576426956 103211.63500000002 90019.660000000018 68.254999999997395 119090.97500000002 0.0067823378514103088 1073.3703571428573 283.44499999999977 0.0049044907146619781 104795.59481972501 952.37000000000273 2030.9895304328822 0.0012799479245376745 1177.470929724441 0.00093385204524552054 0.0076245571458370921 -41.09176584864877 0.072453227192429734 1746.1046950000002 3156.6846061000001 85215.180000000008 -1406.1028770146875 3350.7777582500003 1667.825357142857
decision_type=2 2 2 2 2 2 2 2 2 2 2 2 2 2 2 2 2 2 2 2 2 2 2 2 2 2 2 2 2 2
left_child=1 2 21 4 14 6 -6 8 -3 -7 25 12 19 -13 -4 16 24 18 -17 -11 -21 -1 23 -23 -16 27 -27 -2 -28 -30
right_child=10 7 3 -5 5 9 -8 -9 -10 11 -12 13 -14 -15 15 17 -18 -19 -20 20 -22 22 -24 -25 -26 26 28 -29 29 -31
leaf_value=0.00012605251388094984 0.00019661261569353888 -0.00015897099445055576 -3.9612512334770148e-05 -0.00013140743387111799 -7.4703615498492579e-05 8.7096933059456204e-05 8.1308364099186295e-05 -9.1909683685571512e-05 0.00014289326391235592 6.743016572954731e-05 -0.00011231325184553499 6.7916031005097474e-05 -0.00014187544751393945 -0.00016055414300126359 -5.1272344860535676e-05 3.6689700502847705e-05 -0.00014395872938393952 8.2029663101366171e-05 -5.1285071165239061e-05 0.00010125206921884455 -0.00015827666349423454 -9.3261657382299746e-05 0.00021827712677122691 0.00021396677977691069 2.6754204520784699e-05 0.00022900318035908642 -0.00015241632463357745 9.8054871925796762e-05 8.6672226391328887e-05 -5.654396307136268e-05
leaf_weight=68 40 29 25 45 20 43 186 135 43 22 28 72 30 23 112 82 40 27 61 24 39 55 21 22 35 39 29 124 65 46
leaf_count=68 40 29 25 45 20 43 186 135 43 22 28 72 30 23 112 82 40 27 61 24 39 55 21 22 35 39 29 124 65 46
internal_value=0.000184049 -0.00101271 -9.5057e-05 -0.0013544 -0.000743163 0.00179739 0.00582524 -0.00567633 0.00138889 -0.00148221 0.00424528 -0.00357143 -0.00804348 0.00184211 -0.00379581 -0.00287115 -0.00708556 0.00176471 -0.000524476 -0.00323529 -0.00753968 0.00662651 0.00255102 -0.000974026 -0.0042517 0.0053207 0.00209497 0.00884146 -0.00107143 0.00202703
internal_weight=1630 1259 1052 886 841 459 206 207 72 253 371 210 115 95 382 357 187 170 143 85 63 166 98 77 147 343 179 164 140 111
internal_count=1630 1259 1052 886 841 459 206 207 72 253 371 210 115 95 382 357 187 170 143 85 63 166 98 77 147 343 179 164 140 111
is_linear=0
shrinkage=0.05


Tree=2
num_leaves=31
num_cat=0
split_feature=9 20 23 36 16 23 4 25 11 13 13 23 17 17 7 22 15 5 20 4 4 3 42 25 39 40 42 36 17 16
split_gain=2.63755 3.25168 3.2116 2.53782 2.32162 3.14299 2.62765 2.29341 2.0846 2.20129 2.81215 2.47329 2.01871 1.99794 1.97273 1.75486 1.8375 1.70584 1.6771 1.73668 2.60357 1.67452 2.29411 3.57405 1.65057 1.61987 1.59327 1.49113 1.75939 2.95237
threshold=0.003423054064970454 388.06999999999249 0.99478581103032648 7747.3097360143738 0.0069070144775289178 -0.28826712973873631 3741.3016100000004 0.68645503926219609 -0.01286450265268743 -0.01258388858813366 -0.00063830394736029525 -0.77442649752050119 0.0076007260478749882 0.007387998978908978 -0.00058232435688392004 2013.6160700000003 0.0070120374106433731 -0.0047932727755627827 55.509999999994768 1314.9483100000002 3210.9926200000004 87377.62000000001 -10.038922934514614 -0.78411827596723638 1142.224285714286 135.5555522880168 147.90679499491307 -1401.0801296058487 0.0065616103400880652 0.005349469429434193
decision_type=2 2 2 2 2 2 2 2 2 2 2 2 2 2 2 2 2 2 2 2 2 2 2 2 2 2 2 2 2 2
left_child=1 7 3 17 14 21 -7 8 -1 -10 11 12 -11 -8 -2 16 -16 -3 -12 26 27 -6 -23 -24 -17 -26 -20 -21 29 -29
right_child=4 2 -4 -5 5 6 13 -9 9 10 18 -13 -14 -15 15 24 -18 -19 19 20 -22 22 23 -25 25 -27 -28 28 -30 -31
leaf_value=6.666747347696856e-05 0.0001041517505640286 9.5495880374414814e-05 -7.414235245926194e-05 -5.5925931622937246e-05 7.0469200565980835e-05 9.8428001374827552e-05 0.00012141703286977192 -9.1651322461643752e-05 -6.7737680913182872e-05 -2.5396759532327453e-05 5.0676746286967513e-05 0.00012615339733599741 6.2055262542685347e-05 -4.2556811642157303e-05 5.737544270084528e-05 -7.68964512404864e-05 -8.6608092500341637e-05 0.00017437084429582227 -9.5031524704268131e-05 9.113501752233333e-05 -0.00022031567646411078 1.0841781171393455e-06 4.7076850038479284e-05 -0.00013506466057845048 7.353301491673392e-05 -0.00011661297713146725 -3.7986338808195785e-06 -3.6952154865161908e-05 -7.2275603657203646e-05 0.00013787192509187208
leaf_weight=138 31 36 71 23 39 57 35 98 98 43 60 73 23 88 60 101 20 122 47 30 20 57 22 59 20 23 26 23 58 29
leaf_count=138 31 36 71 23 39 57 35 98 98 43 60 73 23 88 60 101 20 122 47 30 20 57 22 59 20 23 26 23 58 29
internal_value=6.13497e-05 0.00162083 0.00654762 0.0100829 -0.00253268 7.0028e-05 0.00472222 0 0.0010479 -0.000377358 0.00115741 0.00701439 0 0.000609756 -0.00617647 -0.0078125 -0.001875 0.0123418 -0.00162116 -0.00354077 -0.000625 -0.00466102 -0.00724638 -0.0126543 -0.0111111 -0.00290698 -0.00993151 0.00178571 -0.000909091 0.00576923
internal_weight=1630 1018 252 181 612 357 180 766 668 530 432 139 66 123 255 224 80 158 293 233 160 177 138 81 144 43 73 140 110 52
internal_count=1630 1018 252 181 612 357 180 766 668 530 432 139 66 123 255 224 80 158 293 233 160 177 138 81 144 43 73 140 110 52
is_linear=0
shrinkage=0.05


Tree=3
num_leaves=31
num_cat=0
split_feature=20 0 24 13 23 16 7 9 11 31 23 4 28 36 19 13 38 5 17 19 11 9 13 5 25 23 5 7 13 16
split_gain=2.56157 2.5402 2.61301 2.36359 2.16976 2.13498 1.99757 1.61863 2.29605 1.82971 1.51405 2.49643 2.21375 2.22966 2.34914 1.92083 1.90262 2.11846 1.67283 1.64937 1.64176 1.63873 1.53409 1.50555 1.49938 2.00649 1.90886 1.50417 2.41604 1.4769
threshold=393.99500000000268 119090.97500000002 3156.6846061000001 -0.028076976577218367 0.71519739459066234 0.0068260717933661301 0.015821060441966826 -0.0089548196486065931 -0.0012018453754983154 118929.65640000002 -0.65988609628037542 2336.4772850000004 1063.7207785024586 -2886.1985922471572 641.4850000000007 0.025059051780509687 57.269995301409395 0.00021198536310554374 0.0066699026006426581 762.4850000000007 0.01742538196040375 0.00057696088477359267 -0.009435967147345424 0.005263058594472199 -0.4902770068764391 0.54925444741641272 -0.00043280952382415824 -0.0044105597084378506 0.020581003927682587 0.0060308752602135224
decision_type=2 2 2 2 2 2 2 2 2 2 2 2 2 2 2 2 2 2 2 2 2 2 2 2 2 2 2 2 2 2
left_child=4 2 3 -2 7 -4 -7 8 29 10 11 12 13 21 -15 -14 -12 20 19 -19 -18 22 -9 -20 -5 26 -26 -27 -29 -1
right_child=1 -3 5 24 -6 6 -8 9 -10 -11 16 -13 15 14 -16 -17 17 18 23 -21 -22 -23 -24 -25 25 27 -28 28 -30 -31
leaf_value=0.00013951161928651458 0.00018777560077174371 -7.043523483629883e-05 -0.00015910700403759962 -4.9142559702926297e-05 -6.0271811429487342e-05 8.7419913295940432e-05 -0.0001555725007452054 -2.4970778582081724e-05 -0.00010712952280254626 -0.00022787573787713314 4.2051438065760757e-05 -0.00018530485316625231 0.00010874995431509547 -1.3689713965703733e-05 -8.8719405870455153e-05 -3.6036375310681024e-05 -0.00012501511794502562 0.00014653280217176532 -0.00025562021795444136 9.0556981793781678e-06 3.3286675671530485e-05 -2.2954882260768271e-05 0.00013468956245265532 2.6677324232747424e-05 2.7187691824298101e-05 0.00015593011982896886 0.00016563845843007243 -0.0001203090763571197 0.00016182501015505864 5.0547491893900085e-05
leaf_weight=24 30 33 25 23 184 156 29 20 25 21 262 30 29 160 61 30 53 23 20 31 24 38 24 37 20 20 41 29 31 97
leaf_count=24 30 33 25 23 184 156 29 20 25 21 262 30 29 160 61 30 53 23 20 31 24 38 24 37 20 20 41 29 31 97
internal_value=0.000214724 0.0034897 0.00457921 0.00876289 -0.000984912 0.000714286 0.00256757 -7.4331e-05 0.00479452 -0.00089803 -0.000534442 -0.00280612 -0.00165746 -0.00338284 -0.00599548 0.00720339 0.00144444 -0.00239362 0.00202703 0.00833333 -0.00876623 0.00365854 0.0102273 -0.00394737 0.00640244 0.00833333 0.0151639 0.003125 -0.000833333 0.00764463
internal_weight=1630 437 404 194 1193 210 185 1009 146 863 842 392 362 303 221 59 450 188 111 54 77 82 44 57 164 141 61 80 60 121
internal_count=1630 437 404 194 1193 210 185 1009 146 863 842 392 362 303 221 59 450 188 111 54 77 82 44 57 164 141 61 80 60 121
is_linear=0
shrinkage=0.05


Tree=4
num_leaves=31
num_cat=0
split_feature=9 20 23 36 23 16 25 11 11 11 21 4 17 5 15 16 5 31 39 25 21 11 11 24 13 16 24 35 20 4
split_gain=2.80694 3.12583 2.86122 2.53782 2.36022 2.50865 2.18548 2.48538 2.01926 2.39796 2.24569 1.94141 2.06767 1.93676 1.70696 1.77042 1.70584 1.66576 1.59178 2.22839 1.91083 1.97476 1.78272 2.00175 1.93696 1.62975 1.95918 1.52871 1.5092 1.48149
threshold=0.003423054064970454 388.06999999999249 0.99478581103032648 7747.3097360143738 -0.28826712973873631 0.0069070144775289178 0.46168236631397697 -0.01286450265268743 0.0036846183353584521 -0.0049992725976261169 77.169999999998268 3715.1260350000007 0.007387998978908978 0.0008484932707835479 0.0076245571458370921 0.0076377356191076841 -0.0047932727755627827 113693.26500000001 977.10857142857128 -0.36703685097128863 109.91500000000089 -0.010573317055809115 -0.001125798228478972 2783.9693795300004 0.0032458241341021777 0.0058546320285841518 2445.0493827000005 106150.09212500001 151.9150000000009 2774.8187950000006
decision_type=2 2 2 2 2 2 2 2 2 2 2 2 2 2 2 2 2 2 2 2 2 2 2 2 2 2 2 2 2 2
left_child=1 6 3 16 8 29 7 14 9 13 -10 -7 -13 -2 -1 -16 -3 -8 19 22 -20 -22 23 -9 -24 -23 -27 -11 -26 -6
right_child=4 2 -4 -5 5 11 17 18 10 27 -12 12 -14 -15 15 -17 -18 -19 20 -21 21 25 24 -25 28 26 -28 -29 -30 -31
leaf_value=0.00011327096688003367 2.4396183852159369e-05 8.463733552757134e-05 -7.0007873848268494e-05 -5.4786559165733309e-05 2.028459722455267e-05 9.584536227397025e-05 -1.0031618010135903e-05 -9.8589691803165644e-05 4.0801128710448039e-05 -1.3844050783184513e-05 -8.9507745422236261e-05 0.00012130468038862178 -3.6636072059942824e-05 -8.4283435576932398e-05 -0.00014851771876270195 7.4814321205525115e-05 0.00015681695060098578 -9.8060609793994047e-05 -7.4474117366566192e-05 8.5012621076707836e-05 -0.00012014788682101169 -6.1760906431789807e-05 3.1840855760871989e-05 3.3146607743907172e-05 9.4675312032606483e-06 0.00010143886919991559 1.1290597828047736e-05 8.653660598667188e-05 -0.00013488063118869179 -8.9202864822022159e-05
leaf_weight=56 22 36 71 23 77 55 74 41 30 25 143 36 89 23 20 49 122 44 81 54 20 38 44 31 26 21 147 24 20 88
leaf_count=56 22 36 71 23 77 55 74 41 30 25 143 36 89 23 20 49 122 44 81 54 20 38 44 31 26 21 147 24 20 88
internal_value=0.000306748 0.00191552 0.00674603 0.0100829 -0.00236928 0.000362319 0.000326371 0.00146605 -0.00589888 0 -0.00910405 0.00444444 0.001 -0.00833333 0.0078 0.00253623 0.0123418 -0.0059322 -4.78011e-05 0.00324074 -0.00236156 0 0.000308642 -0.00555556 0.005 0.00145631 0.00357143 0.00765306 -0.00217391 -0.00409091
internal_weight=1630 1018 252 181 612 345 766 648 267 94 173 180 125 45 125 69 158 118 523 216 307 226 162 72 90 206 168 49 46 165
internal_count=1630 1018 252 181 612 345 766 648 267 94 173 180 125 45 125 69 158 118 523 216 307 226 162 72 90 206 168 49 46 165
is_linear=0
shrinkage=0.05


Tree=5
num_leaves=31
num_cat=0
split_feature=9 20 2 4 25 11 13 13 23 17 23 16 11 11 18 21 17 40 25 21 15 16 31 16 21 36 17 35 23 41
split_gain=2.20087 2.45676 2.46857 2.62717 2.14013 2.5463 2.03136 2.50076 2.39795 2.01871 1.95568 2.17885 1.99885 2.07621 2.06803 2.0418 1.96566 2.11945 2.06509 1.79821 1.70696 1.77042 1.66576 1.61022 1.6 1.55436 2.2736 1.52871 1.47572 1.44547
threshold=0.003423054064970454 388.06999999999249 117345.23500000002 4605.9140450000004 0.46168236631397697 -0.01286450265268743 -0.01258388858813366 -0.00063830394736029525 -0.77442649752050119 0.0076007260478749882 -0.28826712973873631 0.0069070144775289178 0.0036846183353584521 -0.0049992725976261169 87.899999999994193 77.169999999998268 0.007387998978908978 482.6285743542831 0.93367406025732247 365.00499999999744 0.0076245571458370921 0.0076377356191076841 113693.26500000001 0.010823977910564806 299.56499999999511 -5284.807832896643 0.0068441351175673217 106150.09212500001 -0.069411283008056351 553.07528873965009
decision_type=2 2 2 2 2 2 2 2 2 2 2 2 2 2 2 2 2 2 2 2 2 2 2 2 2 2 2 2 2 2
left_child=1 4 3 -3 5 20 25 8 9 -8 12 -12 13 14 -2 -14 -13 18 28 -5 -1 -22 -6 29 -25 -7 -27 -15 -18 -17
right_child=10 2 -4 19 22 6 7 -9 -10 -11 11 16 15 27 -16 23 17 -19 -20 -21 21 -23 -24 24 -26 26 -28 -29 -30 -31
leaf_value=0.00010760741853603198 2.079160588101597e-05 0.00013490195484077778 -5.4526279247829266e-05 -0.00011079322884685029 -9.5300371096291092e-06 2.8448344058563763e-05 -1.6602905940598833e-05 -9.9508703547564171e-06 0.00011911040296441858 5.1653491401515929e-05 -4.7557048762727721e-05 0.00012154717908333785 3.8761072274925638e-05 -1.3151848244025289e-05 -8.0289085526967361e-05 -0.00011105502938069404 -2.4469150995986397e-05 -0.00014596207210494798 -0.00019798555344019563 0.00012194182371907643 -0.00014109183282456683 7.1073605145248868e-05 -9.3157579304294357e-05 6.5610699452252292e-05 -0.00013041181743239264 -1.2319471393799839e-06 -0.0001532392449607238 8.220977568733828e-05 0.00019408182414858927 -3.295686043632513e-05
leaf_weight=56 23 138 27 33 74 26 43 287 72 23 165 57 30 25 22 69 24 29 20 54 20 49 44 20 20 33 39 24 50 34
leaf_count=56 23 138 27 33 74 26 43 287 72 23 165 57 30 25 22 69 24 29 20 54 20 49 44 20 20 33 39 24 50 34
internal_value=0.000245399 0.00166994 0.00595238 0.00766667 0.000261097 0.00138889 -0.000143403 0.00135294 0.00688406 0 -0.00212418 0.000362319 -0.00533708 0.000531915 -0.00722222 -0.00852601 0.00416667 0.000609756 0.00425532 0.000862069 0.0078 0.00253623 -0.0059322 -0.011014 -0.0025 -0.00663265 -0.0104167 0.00765306 0.00810811 -0.0143204
internal_weight=1630 1018 252 225 766 648 523 425 138 66 612 345 267 94 45 173 180 123 94 87 125 69 118 143 40 98 72 49 74 103
internal_count=1630 1018 252 225 766 648 523 425 138 66 612 345 267 94 45 173 180 123 94 87 125 69 118 143 40 98 72 49 74 103
is_linear=0
shrinkage=0.05


Tree=6
num_leaves=31
num_cat=0
split_feature=0 20 24 22 28 5 38 30 5 19 26 15 11 38 38 28 23 5 21 4 7 24 32 11 26 13 38 25 11 7
split_gain=1.94984 2.70891 2.16168 2.498 2.1503 1.99437 2.21321 1.87861 1.84274 3.71359 1.81071 1.73571 1.72397 1.64125 2.39128 1.81926 1.72867 2.19497 1.84708 2.02674 1.81252 2.21991 2.13849 1.77882 1.69994 2.12506 1.6226 1.55412 2.49927 1.64571
threshold=119090.97500000002 434.76000000000209 3156.6846061000001 6639.735030750001 -1406.1028770146875 0.0076339947077123877 42.486788467387804 90065.137947550815 0.0008484932707835479 1805.7500000000002 87083.260455082054 0.008233612054328444 0.0067157856927768612 40.726669535866087 47.649100913850639 -1088.6646513508674 -0.56630697958838205 0.0051643128292553691 268.22499999999133 1684.6437750000002 -0.0014891358854891492 3755.1798841000004 1031.1589346012263 -0.0044664846127543678 106448.53620280822 0.024529548455758065 42.974403743838863 0.46168236631397697 -0.0025897744657947127 -0.022074114355123225
decision_type=2 2 2 2 2 2 2 2 2 2 2 2 2 2 2 2 2 2 2 2 2 2 2 2 2 2 2 2 2 2
left_child=1 5 4 7 -3 13 -7 10 9 -9 -4 12 -2 27 15 -15 18 20 19 23 22 24 -18 -16 25 -22 -6 28 -1 -29
right_child=11 2 3 -5 26 6 -8 8 -10 -11 -12 -13 -14 14 16 -17 17 -19 -20 -21 21 -23 -24 -25 -26 -27 -28 29 -30 -31
leaf_value=9.9353085986475453e-06 8.6429059627121188e-05 0.00015423697746167191 -2.3499541366307092e-06 0.00034312236520761259 -3.3901148995021026e-05 8.5721522198836935e-05 -0.00010387392126484767 0.00010709412104156959 -0.00010844906392040184 -0.00034571834450355813 0.00018966600423121622 -0.00010669949814520505 -0.00011585817037914413 0.00027053950161829522 -8.2929185219915324e-05 3.4329038914047728e-05 4.1027824693837839e-07 0.00012315775316737031 -8.1287914946719133e-05 2.237747569624264e-05 8.1349002952842272e-05 -0.00016680224111540167 6.8778713917250076e-05 -1.1182455004546352e-06 -3.8129370324626298e-05 -0.00012398072266075363 9.703496092047075e-05 4.6010741372433335e-05 -4.700220403435361e-05 -0.00012563120115470578
leaf_weight=149 27 40 35 20 24 37 112 36 45 29 21 20 37 22 34 132 76 45 62 39 33 21 51 115 80 21 104 25 93 45
leaf_count=149 27 40 35 20 24 37 112 36 45 29 21 20 37 22 34 132 76 45 62 39 33 21 51 115 80 21 104 25 93 45
internal_value=0.000276074 0.000679172 0.00451977 0.000806452 0.00863095 -0.000461409 -0.00587248 -0.00120482 -0.005 0.000384615 0.00625 -0.00714286 -0.003125 0.000311601 0.00160739 0.00714286 0.000129983 0.00252294 -0.003 -0.000531915 0.000886525 -0.00274194 0.00531496 -0.00318792 -0.000373134 0.00648148 0.00546875 -0.00272436 -0.000826446 -0.00928571
internal_weight=1630 1546 354 186 168 1192 149 166 110 65 56 84 64 1043 731 154 577 327 250 188 282 155 127 149 134 54 128 312 242 70
internal_count=1630 1546 354 186 168 1192 149 166 110 65 56 84 64 1043 731 154 577 327 250 188 282 155 127 149 134 54 128 312 242 70
is_linear=0
shrinkage=0.05


Tree=7
num_leaves=31
num_cat=0
split_feature=23 25 7 22 26 25 22 22 5 11 21 20 22 13 23 21 39 39 9 11 21 25 40 15 21 25 9 11 9 5
split_gain=1.95832 2.96302 2.77957 2.62695 2.13481 2.20053 2.24213 2.86258 2.18636 2.07879 2.14124 2.08828 2.79346 1.76772 1.86884 1.97128 1.74549 1.85916 1.76583 2.13714 1.63731 1.70096 1.82574 1.58073 1.63528 1.98863 1.52701 1.66232 2.08211 1.93119
threshold=0.71519739459066234 0.03095621992455248 0.016148976233943912 1313.949605 118309.76081562166 2.7814341071890927 4712.9094040000009 3039.0445037500003 0.0096643797658470983 -0.00031529099416409542 4.6850000000049485 388.06999999999249 4081.5806167500004 -0.010864943431734636 1.282174796745627 365.00499999999744 602.28607142857129 723.35571428571461 0.003423054064970454 0.0012927098370463465 176.54500000000556 0.82187084916504605 837.42180374617612 0.0038643997947393522 116.56000000000496 -0.28295032649686908 0.0062504682889207921 -0.001125798228478972 -0.0089548196486065931 0.0028285113905839386
decision_type=2 2 2 2 2 2 2 2 2 2 2 2 2 2 2 2 2 2 2 2 2 2 2 2 2 2 2 2 2 2
left_child=1 2 3 -1 5 6 7 8 13 11 -11 26 -13 -2 15 -15 -12 -18 19 -19 -3 22 -22 -21 -25 -26 27 28 -5 -30
right_child=4 20 -4 9 -6 -7 -8 -9 -10 10 16 12 -14 14 -16 -17 17 18 -20 23 21 -23 -24 24 25 -27 -28 -29 29 -31
leaf_value=-0.00011546943926406704 -0.00012261531451822561 -1.3828880658278541e-05 -8.2286187954490721e-05 5.7997415888873721e-05 -0.00010136452323794478 0.00020164907573190705 0.0001658598690705428 -0.00014170831918051765 -0.00018964841276154263 8.2107606645765135e-05 7.4901821046425326e-05 0.00010516142821707453 -3.1046767466738233e-05 -0.00012173066508135117 0.00015688779383610775 7.230160334023278e-05 -3.6868777618149214e-05 -5.2158421216024501e-05 -4.3201964697971349e-05 8.8355896925866983e-05 0.00017401441795253188 -2.8760052370712255e-05 1.7189030163385811e-05 -7.9167407448906777e-05 3.3549682603452515e-05 -9.155134802805965e-05 5.9813535008297584e-05 5.7705851975197061e-05 -2.7938785299028732e-06 -0.00012402069683066586
leaf_weight=20 40 64 30 81 22 38 20 81 33 25 20 58 22 26 52 24 20 30 220 27 121 29 32 56 119 25 42 25 174 54
leaf_count=20 40 64 30 81 22 38 20 81 33 25 20 58 22 26 52 24 20 30 220 27 121 29 32 56 119 25 42 25 174 54
internal_value=0.000276074 0.0011592 0 0.000442043 -0.003125 -0.00207006 -0.00362319 -0.00488281 -0.00128571 0.000801603 -0.00129151 0.00328947 0.010625 0.00140845 0.00490196 -0.002 -0.00198259 -0.00256539 -0.0019392 0.000875486 0.00609756 0.00851648 0.0106209 0.00253304 0.001 0.00381944 0.00172872 0.000598802 -0.000404531 -0.00285088
internal_weight=1630 1294 1048 1018 336 314 276 256 175 998 542 456 80 142 102 50 517 497 477 257 246 182 153 227 200 144 376 334 309 228
internal_count=1630 1294 1048 1018 336 314 276 256 175 998 542 456 80 142 102 50 517 497 477 257 246 182 153 227 200 144 376 334 309 228
is_linear=0
shrinkage=0.05


Tree=8
num_leaves=31
num_cat=0
split_feature=20 0 23 39 26 17 11 15 22 39 2 22 39 25 36 24 9 38 24 15 7 36 20 19 28 40 5 25 35 23
split_gain=2.44169 2.56648 2.22514 2.16118 1.57431 2.25936 2.57955 2.25704 1.61553 2.75828 2.59286 1.50164 1.55931 2.59126 2.78272 1.94695 1.92763 1.72543 1.71682 1.63909 3.25179 1.5291 1.48791 1.44172 1.35207 1.9562 1.83347 2.49467 2.32257 1.83195
threshold=444.61499999999802 119090.97500000002 0.71519739459066234 723.35571428571461 90486.20926641277 0.0090309453616926813 1.0000000180025095e-35 0.0074299003946631812 3523.7281702500009 1531.1210714285714 103474.01000000002 1313.949605 977.10857142857128 -0.37059709198748508 2514.7036021686804 2085.7345953000004 0.0071970383755070536 42.657596823322713 2224.0245360300005 0.0037652216326844018 -0.00074380433859741197 48.923455611831749 646.51999999999691 587.91500000000099 -711.61919086036494 -833.19612308916101 0.0076339947077123877 -0.10048528812925304 115281.74450000002 -0.40771800685025283
decision_type=2 2 2 2 2 2 2 2 2 2 2 2 2 2 2 2 2 2 2 2 2 2 2 2 2 2 2 2 2 2
left_child=2 4 11 -4 -2 6 22 -8 -7 -10 -11 -1 13 14 17 -14 -15 21 -17 20 -19 -13 -6 -16 25 -20 27 28 -26 -27
right_child=1 -3 3 -5 5 8 7 -9 9 10 -12 12 15 16 23 18 -18 19 24 -21 -22 -23 -24 -25 26 29 -28 -29 -30 -31
leaf_value=-0.00013435285307137883 0.00016909684531140197 -8.9450804848977415e-05 0.00010377723934780884 -7.0346075814059194e-05 0.00015092082291607922 -0.00020874469866123663 -3.4480222051061446e-05 0.00012996743877145999 0.00019776561687327292 -0.00022829478064298453 4.0719564456298848e-05 -0.00012808494641377771 -6.8145193398437028e-05 0.00011753842326386153 -2.0386937714026546e-05 4.8831118837078924e-05 -6.7979315818532265e-07 -5.1750432030538925e-05 -5.7716209356768905e-06 6.7300674514133237e-05 0.00012441459844002011 2.8658014518141256e-05 5.8863313954475734e-05 -0.00014668199894771482 -1.1191795838195512e-05 0.00010421853613672543 -8.0249636208461615e-05 9.1738840274754272e-05 -0.0001933002969745736 1.6222739076715255e-05
leaf_weight=21 88 28 20 181 47 21 47 36 21 20 28 27 30 71 30 27 29 20 117 58 29 21 35 27 303 51 59 62 29 47
leaf_count=21 88 28 20 181 47 21 47 36 21 20 28 27 30 71 30 27 29 20 117 58 29 21 35 27 303 51 59 62 29 47
internal_value=0.000276074 0.00384097 -0.000774424 -0.00559701 0.00502915 0.00303922 0.00651515 0.000301205 -0.00333333 0.000362319 -0.00625 0.000141777 0.000409836 0.00336538 0.000235849 -0.000862069 0.01 0.00370968 -0.000323741 0.00724299 0.000510204 -0.00416667 0.0128049 -0.00921053 -0.000823353 0.00244186 -0.00237307 -0.00114213 -0.00286145 0.00765306
internal_weight=1630 371 1259 201 343 255 165 83 90 69 48 1058 1037 312 212 725 100 155 695 107 49 48 82 57 668 215 453 394 332 98
internal_count=1630 371 1259 201 343 255 165 83 90 69 48 1058 1037 312 212 725 100 155 695 107 49 48 82 57 668 215 453 394 332 98
is_linear=0
shrinkage=0.05


Tree=9
num_leaves=31
num_cat=0
split_feature=34 23 9 20 25 5 13 27 26 26 11 13 13 11 11 18 31 2 41 23 23 15 25 36 17 16 5 11 23 25
split_gain=2.04611 2.02666 1.96965 2.62485 2.82952 1.8471 2.06953 1.79219 1.76478 1.57344 1.56526 2.56463 2.43082 1.76202 1.75152 2.4 1.51185 2.00105 1.85127 1.51557 3.99175 1.44231 1.43377 1.33002 1.7691 1.27473 1.28364 1.26295 1.21904 1.43337
threshold=116511.55595106517 -1.2357238293925512 0.003423054064970454 388.06999999999249 0.44517696207476248 -0.0041172131681360136 -0.0018543562892121008 118311.93550000002 103129.70524087969 108390.17084449776 -0.01286450265268743 -0.01258388858813366 0.0013924323172382787 0.001788646350219075 -0.016206576372765669 77.625000000000014 115184.8031 110462.48500000002 414.72469239440005 -0.4530316700231462 -0.18161637262848729 0.0069104671320194613 0.78501041796436544 -5284.807832896643 0.0068441351175673217 0.0074352588394411478 0.00052590090858092495 -0.021215355948103892 -0.28826712973873631 0.90793990086659104
decision_type=2 2 2 2 2 2 2 2 2 2 2 2 2 2 2 2 2 2 2 2 2 2 2 2 2 2 2 2 2 2
left_child=1 -1 3 4 7 21 -7 10 -6 -8 14 23 13 -13 15 -3 17 19 -19 25 -21 -5 -23 -12 -25 26 -14 -10 -4 -30
right_child=-2 2 28 5 8 6 9 -9 27 -11 11 12 16 -15 -16 -17 -18 18 -20 20 -22 22 -24 24 -26 -27 -28 -29 29 -31
leaf_value=-5.6341101807926206e-05 -0.00014244476211236324 0.00010035793329572921 -3.2756210948508379e-05 0.00010423011950429083 4.5985148610292815e-05 0.00015509105269489003 9.1427736916527763e-05 0.0001038623999463071 -2.0084489390450432e-05 -5.9173546757548413e-05 5.0247180541831765e-05 1.8033262112218989e-05 -7.4029299822488863e-05 9.0342349400262517e-05 0.00010951262439728152 -0.00014486201990324805 -6.0069045056722165e-05 -9.7944906261562908e-06 8.924187040429231e-05 0.00015148359711264763 -5.6670643229995287e-05 -0.0001150548391825349 7.0626923961442686e-05 -2.3382839235418099e-05 -0.00015450767448255395 -1.2659091420113296e-06 -0.00021363022045207039 -9.9050838471789404e-05 1.2811849254813469e-05 -5.5008365997660726e-05
leaf_weight=42 24 60 249 26 39 96 36 36 36 31 24 107 29 35 30 20 28 23 35 24 37 23 29 29 35 39 20 43 243 102
leaf_count=42 24 60 249 26 39 96 36 36 36 31 24 107 29 35 30 20 28 23 35 24 37 23 29 29 35 39 20 43 243 102
internal_value=-9.20245e-05 0.000124533 0.000415601 0.00180412 0.000308642 0.0063278 0.00935583 0.00167758 -0.00677966 0.00261194 0.001 -0.000268817 0.0015252 0.00669014 0.00636364 0.0025 -0.00159574 -0.000120773 0.00775862 -0.00318792 0.00286885 0 -0.00480769 -0.00795455 -0.0117188 -0.00738636 -0.0127551 -0.0110759 -0.00185185 7.24638e-05
internal_weight=1630 1606 1564 970 729 241 163 611 118 67 575 465 377 142 110 80 235 207 58 149 61 78 52 88 64 88 49 79 594 345
internal_count=1630 1606 1564 970 729 241 163 611 118 67 575 465 377 142 110 80 235 207 58 149 61 78 52 88 64 88 49 79 594 345
is_linear=0
shrinkage=0.05


Tree=10
num_leaves=31
num_cat=0
split_feature=23 0 15 20 5 38 31 0 26 27 0 7 19 23 20 21 40 35 34 16 31 24 15 21 4 9 9 7 26 32
split_gain=2.00231 1.68609 1.90015 1.85899 1.8132 2.02703 1.9169 2.0553 1.71002 1.67457 1.74545 1.64592 2.56628 1.68242 1.67648 1.59827 1.54797 1.5056 2.2481 1.85292 1.83253 1.86012 1.37282 1.3638 1.35941 1.28623 1.33322 1.54731 1.51776 1.27933
threshold=-1.2357238293925512 119090.97500000002 0.008233612054328444 434.76000000000209 0.0076339947077123877 42.486788467387804 113348.14750000001 113691.98500000002 118763.22287231828 118139.21550000001 118300.63500000001 -0.003483355449512959 2109.7200000000016 -0.79481630327206887 941.70500000000186 4.6850000000049485 -147.48190445193174 112656.39352500001 106367.46369478239 0.011547961059181513 88760.73020000002 2923.1011658000002 0.0072326952195400423 156.58499999999916 8115.9576150000003 -0.010098184684656271 0.00033511943969776939 0.0010542309726722277 115870.82409369048 2520.866220692486
decision_type=2 2 2 2 2 2 2 2 2 2 2 2 2 2 2 2 2 2 2 2 2 2 2 2 2 2 2 2 2 2
left_child=-1 3 8 4 6 -6 7 15 -3 25 -11 12 16 -13 17 -2 -5 18 19 20 -15 -22 23 -7 -14 -8 28 -28 -27 -17
right_child=1 2 -4 11 5 22 9 -9 -10 10 -12 13 24 14 -16 29 -18 -19 -20 -21 21 -23 -24 -25 -26 26 27 -29 -30 -31
leaf_value=-5.3524046717529907e-05 0.00018158464184620806 -0.00012733274980294721 -9.0901671900641803e-05 0.0001791048523188411 8.0862772323699907e-05 -0.00010353959508221244 1.2960075498293916e-05 3.7124851824786664e-05 2.3027309950666717e-05 6.717067825623775e-05 -2.2562654207013498e-05 -0.00010750245065186313 -0.00029124283207094122 0.0001509082934316682 -4.4863811833997468e-05 6.7368283411435185e-06 5.1206199888517343e-05 -9.3399221649044369e-06 0.00019345467669232972 0.00015621826232659452 0.00012329471821211123 -8.4436549019288151e-05 -0.00011626764557536697 8.3779015960481104e-05 0.00030148819192239398 -8.3675383819520791e-05 0.00011579845399764246 -5.2040334470001815e-05 -4.9843419392783309e-05 -7.0327834831364417e-05
leaf_weight=42 20 22 20 42 37 24 32 46 42 33 22 20 21 23 32 630 44 53 21 27 21 27 65 22 20 44 23 45 29 81
leaf_count=42 20 22 20 42 37 24 32 46 42 33 22 20 21 23 32 630 44 53 21 27 21 27 65 22 20 44 23 45 29 81
internal_value=6.13497e-05 0.000346348 -0.00654762 0.000731383 -0.000238508 -0.00540541 0.000522388 0.00170528 -0.00234375 -0.00350877 0.00409091 0.00391738 0.00846457 0.00133929 0.00269608 0.00106019 0.0133721 0.00465116 0.00777311 0.00459184 0.000352113 -0.00520833 -0.00878378 -0.00217391 -0.00182927 -0.00592486 -0.00797872 -0.00294118 -0.0126712 0.000668073
internal_weight=1630 1588 84 1504 1153 148 1005 777 64 228 55 351 127 224 204 731 86 172 119 98 71 48 111 46 41 173 141 68 73 711
internal_count=1630 1588 84 1504 1153 148 1005 777 64 228 55 351 127 224 204 731 86 172 119 98 71 48 111 46 41 173 141 68 73 711
is_linear=0
shrinkage=0.05


Tree=11
num_leaves=31
num_cat=0
split_feature=23 23 25 35 9 31 38 11 5 38 38 24 11 40 24 21 23 23 34 18 32 5 7 17 15 41 18 25 20 21
split_gain=1.83491 2.80093 2.3191 2.3154 1.77633 2.32354 1.73693 1.61011 1.7 1.35682 2.04598 1.53581 1.4448 1.58025 1.33333 1.33315 1.30864 1.62 1.39335 2.18001 1.276 1.2504 1.70455 1.60048 3.43568 1.8986 1.82702 1.76333 1.63979 1.55767
threshold=0.98238596017319513 1.2291165484844095 -0.36295373518730278 113985.15855000001 0.003423054064970454 117155.11760000001 25.810165477697549 0.0044215281651366475 0.0031546086895809229 48.801325200909766 37.421023665133966 2129.4562975000003 0.0012927098370463465 -235.55274714333061 2837.9723362000004 41.2850000000035 -0.4903738278692249 -0.23078870033623591 112888.34174346391 -173.28000000000608 1694.1528824467462 -0.012991547632314155 -0.00040500971499167715 0.0062384591470841149 0.0053478044095961429 152.52128830054056 -410.03500000000344 0.015454999134268524 406.43000000000035 28.500000000000004
decision_type=2 2 2 2 2 2 2 2 2 2 2 2 2 2 2 2 2 2 2 2 2 2 2 2 2 2 2 2 2 2
left_child=2 -2 4 -3 9 7 -4 8 -6 10 12 -11 13 -1 -5 -13 18 -18 19 -17 -9 -8 23 27 -25 26 -26 -23 -28 -24
right_child=1 3 6 14 5 -7 21 20 -10 11 -12 15 -14 -15 -16 16 17 -19 -20 -21 -22 22 29 24 25 -27 28 -29 -30 -31
leaf_value=-9.5557253796946858e-05 -9.063093504730871e-05 4.8520257287396212e-05 0.00014431857576444309 -2.5436561604300541e-05 3.5555804476987285e-05 -8.9701098095167704e-05 -0.00016768328879556346 -5.2907739169034235e-05 -4.3982518150386787e-05 -0.00012312737809598497 3.6387925660307922e-05 -8.8350856634486659e-05 1.4190380637343826e-05 2.3430250668035115e-06 -9.6631663834792695e-05 3.3993845771844065e-05 0.00019579439652996525 -7.4547503758265714e-06 4.1296968860370525e-05 -4.8637678525359382e-05 7.8875304748937897e-06 0.00013876574315996152 0.00014675337989024343 -6.1390376220939107e-05 0.00012920803317911865 0.00015428176095346499 -0.0001231427332505026 1.8307983286159346e-05 0.00013692973448876507 -1.9235227810831166e-06
leaf_weight=54 54 167 50 21 51 32 20 85 30 26 136 38 29 27 28 31 25 25 32 81 38 30 32 32 27 65 25 20 21 298
leaf_count=54 54 167 50 21 51 32 20 85 30 26 136 38 29 27 28 31 25 25 32 81 38 30 32 32 27 65 25 20 21 298
internal_value=6.13497e-05 -0.0037037 0.000808824 -0.00115741 -0.00108108 -0.00466102 0.00306452 -0.00269608 0.00277778 0.000595238 0.00325203 -0.00193798 -0.00181818 -0.00524691 -0.0107143 -0.000646552 0.00103093 0.008 -0.00138889 -0.00401786 -0.00630081 0.0022807 0.00272727 0.00613636 0.00382353 0.00724638 0.00171233 0.014 -0.00434783 0.000454545
internal_weight=1630 270 1360 216 740 236 620 204 81 504 246 258 110 81 49 232 194 50 144 112 123 570 550 220 170 138 73 50 46 330
internal_count=1630 270 1360 216 740 236 620 204 81 504 246 258 110 81 49 232 194 50 144 112 123 570 550 220 170 138 73 50 46 330
is_linear=0
shrinkage=0.05


Tree=12
num_leaves=31
num_cat=0
split_feature=0 15 5 41 22 35 25 25 13 31 3 24 36 25 38 39 15 7 20 11 13 9 18 19 42 34 20 39 24 1
split_gain=1.8543 1.73571 1.7394 1.64662 2.21179 2.75855 1.92621 3.13844 2.08895 2.36373 2.78344 2.14517 2.6646 2.1319 1.84402 2.34506 2.01638 2.10694 1.75289 2.73503 2.43817 2.46189 2.26017 2.23777 2.2159 2.10685 1.95125 1.9704 2.16392 1.64723
threshold=119090.97500000002 0.008233612054328444 -0.0022497924099173232 -1862.4090972128017 5286.0815735000006 98024.92147500001 2.7814341071890927 1.0066943534083359 -0.00028489975653459937 118163.55930000002 118328.82000000002 5108.6573113000004 -2607.1906198378051 -0.48367834272323657 70.878522156472243 1027.1071428571424 0.0055667584284703206 -0.0052416816017056885 391.37000000000268 0.0034067015393937396 -0.01258388858813366 -0.012608240830730482 -527.8049999999929 587.91500000000099 -339.06119557707677 115460.24902845846 26.744999999995347 961.16107142857186 2624.7559052000001 104839.63500000002
decision_type=2 2 2 2 2 2 2 2 2 2 2 2 2 2 2 2 2 2 2 2 2 2 2 2 2 2 2 2 2 2
left_child=3 2 -2 -1 6 -6 7 8 18 10 11 12 13 -10 15 -14 -17 -18 20 25 21 24 -22 -23 -5 -20 -24 28 -28 -19
right_child=1 -3 -4 4 5 -7 -8 -9 9 -11 -12 -13 14 -15 -16 16 17 29 19 -21 22 23 26 -25 -26 -27 27 -29 -30 -31
leaf_value=0.00012980000351231813 -8.0954600233678134e-05 -8.167502333355718e-05 5.5859657612336081e-05 7.6625816811756828e-05 0.00011143665378949919 -0.00016992393375872721 0.00024532153745789449 -7.2567539466180506e-05 5.4608239895242719e-07 -9.4340304933807732e-05 8.1285169448059254e-05 -0.00019681349321028628 8.1687106407225586e-07 0.00017214810168606672 1.4275705223079904e-05 -7.4597308490552281e-05 6.5977431672718413e-05 -0.00011084863982034331 0.00020251280018034285 -3.0751162395833642e-05 9.8360898494731253e-05 1.3480861605476638e-05 -3.088656556929695e-05 -6.6315956811526268e-05 -1.8861972238623575e-06 -5.7846024619740849e-07 1.6891204603320605e-05 2.7661932749943547e-06 0.00011726808514889327 -9.1645380256364371e-06
leaf_weight=28 23 20 41 21 42 69 30 152 55 20 21 25 184 49 136 37 22 39 73 22 34 39 21 126 38 21 41 109 31 61
leaf_count=28 23 20 41 21 42 69 30 152 55 20 21 25 184 49 136 37 22 39 73 22 34 39 21 126 38 21 41 109 31 61
internal_value=9.20245e-05 -0.00714286 -0.003125 0.000485123 0.000263505 -0.00653153 0.000799574 0.000526507 0.00136735 -0.000577812 -3.97456e-05 -0.000657895 -4.28816e-05 0.00721154 -0.00161795 -0.00357143 -0.00801887 -0.00491803 0.00355903 0.00905172 0.00217391 -0.0015625 0.00572034 -0.00469697 0.00720339 0.012766 0.00371287 0.00538674 0.0118056 -0.008
internal_weight=1630 84 64 1546 1518 111 1407 1377 1225 649 629 608 583 104 479 343 159 122 576 116 460 224 236 165 59 94 202 181 72 100
internal_count=1630 84 64 1546 1518 111 1407 1377 1225 649 629 608 583 104 479 343 159 122 576 116 460 224 236 165 59 94 202 181 72 100
is_linear=0
shrinkage=0.05


Tree=13
num_leaves=31
num_cat=0
split_feature=41 34 38 19 19 21 41 24 26 20 7 1 24 36 24 35 9 9 13 38 42 42 42 20 39 17 0 13 24 20
split_gain=1.75447 1.67367 3.13704 1.80712 2.82739 2.08009 1.89403 1.5842 1.84527 1.8894 1.81702 3.57643 1.7137 1.63504 1.53086 1.49137 1.69472 2.463 1.75972 2.07033 2.07021 1.4652 1.43006 1.31688 1.29769 1.28999 1.44488 1.52653 1.37886 2.8055
threshold=-1862.4090972128017 114835.46618999822 66.432628902097704 1990.019999999997 1027.1999999999973 182.8750000000073 403.40003461599838 3269.2115639000008 118280.21332012671 357.14500000000413 0.0056206954257540225 104012.02500000001 3360.8004078000008 2440.5464777372549 3430.9842370000006 112879.639775 0.0026097587791992106 0.018327135390381839 -0.02277647421639032 53.186660535109439 74.508178165260901 -75.609835933820008 4.9658681666022071 186.22500000000585 1102.5075000000004 0.0046772154205229613 117186.24000000001 0.030477139783908692 2983.324677000001 98.240000000005253
decision_type=2 2 2 2 2 2 2 2 2 2 2 2 2 2 2 2 2 2 2 2 2 2 2 2 2 2 2 2 2 2
left_child=-1 7 3 4 6 -6 22 8 9 10 25 24 -9 -13 -14 16 18 21 -16 -20 23 -18 -3 -21 -12 -2 27 28 -27 -30
right_child=1 2 -4 -5 5 -7 -8 12 -10 -11 11 13 14 -15 15 -17 17 -19 19 20 -22 -23 -24 -25 -26 26 -28 -29 29 -31
leaf_value=0.00012331000333670224 -4.1075913080626633e-05 -2.0463415757705289e-05 -0.00012634176338604852 -0.0001473533990784841 0.00011894654211006945 5.8888350330235092e-06 3.5150072906883907e-05 -6.6562379205939142e-05 -2.469791349727791e-05 7.45147327462199e-05 6.6370081044398031e-06 -4.7708768929100716e-06 4.4890918155695433e-05 -0.00012395761459495732 -0.00014590014647712489 2.4746852583115818e-05 -7.2360839120666864e-05 6.7655193227027832e-05 8.9990772500102159e-05 -1.7463283782737518e-05 4.1674263210621302e-05 -0.00017040866532532108 -0.0001504071659581722 -7.74561647446161e-05 0.00026744577985016773 3.5372047039024518e-06 8.7391954964975238e-05 -6.5164405326640458e-05 -7.9707681251243163e-05 0.00012288544451852937
leaf_weight=28 20 32 21 33 21 56 23 54 40 214 26 61 35 54 62 51 39 39 83 22 34 52 24 20 23 341 39 26 20 37
leaf_count=28 20 32 21 33 21 56 23 54 40 214 26 61 35 54 62 51 39 39 83 22 34 52 24 20 23 341 39 26 20 37
internal_value=9.20245e-05 -0.000124844 -0.00428571 -0.00224868 0 0.00681818 -0.00664557 0.000502874 0.00174806 0.00223577 0.000888717 -0.00365854 -0.00178208 -0.00847826 -0.000743707 -0.00161692 -0.00277778 -0.00730769 -0.000113122 0.00267296 -0.00328947 -0.0118132 -0.0116071 -0.0107143 0.00765306 0.00243271 0.00296976 0.00212264 0.00288945 0.0100877
internal_weight=1630 1602 210 189 156 77 79 1392 901 861 647 164 491 115 437 402 351 130 221 159 76 91 56 42 49 483 463 424 398 57
internal_count=1630 1602 210 189 156 77 79 1392 901 861 647 164 491 115 437 402 351 130 221 159 76 91 56 42 49 483 463 424 398 57
is_linear=0
shrinkage=0.05


Tree=14
num_leaves=31
num_cat=0
split_feature=31 25 21 22 21 9 0 15 36 1 13 7 13 23 5 4 4 13 21 41 21 30 9 41 9 0 17 15 41 16
split_gain=1.44667 1.59994 1.9939 1.76786 1.68185 1.86221 1.54205 1.46667 1.29627 2.21375 1.44906 1.58252 1.61573 1.41715 2.00548 1.50791 1.73951 2.08511 2.28429 1.69344 1.92857 1.45987 1.36895 1.17391 1.51572 1.16615 1.15906 1.65765 1.85432 1.81735
threshold=112682.62650000003 1.725678080502359 524.3200000000071 2916.6956380000006 311.20499999999453 -0.010263038049235295 117376.63500000002 0.0067512123621049913 8525.4119807991174 104012.02500000001 0.048126228547339965 0.016148976233943912 0.035616757168182904 -0.62230421028373739 0.0049404135483937456 4936.097345000001 9024.2419950000021 -0.018467679568820634 389.58999999999656 -633.27739822161016 595.45499999999458 110979.14079480844 0.018679699246849372 530.02059892629984 0.0021498055020594564 108557.53500000002 0.0059681187269199571 0.0054322501665208462 166.06952394506143 0.0047694502212478071
decision_type=2 2 2 2 2 2 2 2 2 2 2 2 2 2 2 2 2 2 2 2 2 2 2 2 2 2 2 2 2 2
left_child=6 2 4 -4 5 -2 8 -5 10 -10 11 12 13 14 21 19 17 -17 -19 20 -15 -1 -13 24 -6 -11 -21 29 -29 -28
right_child=1 -3 3 7 23 -7 -8 -9 9 25 -12 22 -14 15 -16 16 -18 18 -20 26 -22 -23 -24 -25 -26 -27 27 28 -30 -31
leaf_value=-1.9128858357997269e-06 5.6110589839908635e-05 -7.5790055171013094e-05 0.0001119777964378193 -0.00013505707821729763 -3.2764523782114754e-05 -4.8015293957749307e-06 8.1219844448131303e-05 7.0963371409734597e-05 6.4272433565676441e-05 -0.00018931964299386789 9.1492504864127335e-05 9.5452330297522196e-05 -7.1628693773894561e-05 0.00014539490903531365 -7.5277297399483435e-05 -0.00022346459004716232 0.00027813104412532968 -0.00010703938216761924 0.00010518243346406827 8.4919375911633735e-05 -3.9804871478005052e-07 4.7695427488766882e-05 -0.00010279343001618324 4.3236236506558631e-06 -0.00014551684373942695 -1.543113845859289e-05 4.9119644151445429e-05 1.0303093823735592e-06 0.00010507241588965126 -4.3346331365276813e-05
leaf_weight=266 36 27 28 20 38 229 20 24 21 28 39 24 39 54 32 47 31 22 25 57 21 24 54 23 31 25 31 129 112 73
leaf_count=266 36 27 28 20 38 229 20 24 21 28 39 24 39 54 32 47 31 22 25 57 21 24 54 23 31 25 31 129 112 73
internal_value=0.000306748 -0.00208333 -0.00134033 0.00625 -0.00287115 -0.000849057 0.00123509 0 0.000996534 -0.00540541 0.00143519 0.00108069 0.00163551 0.00205628 -0.000621118 0.00348837 -0.0014 -0.00478723 0.00265957 0.00476939 0.0116667 0.000689655 -0.00576923 -0.00869565 -0.0119565 -0.0108491 0.00348259 0.0023913 0.00466805 -0.00288462
internal_weight=1630 456 429 72 357 265 1174 44 1154 74 1080 1041 963 924 322 602 125 94 47 477 75 290 78 92 69 53 402 345 241 104
internal_count=1630 456 429 72 357 265 1174 44 1154 74 1080 1041 963 924 322 602 125 94 47 477 75 290 78 92 69 53 402 345 241 104
is_linear=0
shrinkage=0.05


Tree=15
num_leaves=31
num_cat=0
split_feature=0 7 11 22 34 15 19 27 16 36 19 7 42 19 24 16 22 34 13 26 26 22 0 15 23 19 20 11 40 39
split_gain=1.5762 1.52041 2.23624 2.00294 1.79458 1.71007 2.08696 1.80519 1.67372 4.47794 2.23194 3.12963 2.13647 2.26834 3.07046 1.77526 1.73698 1.5992 1.52381 1.51327 1.50908 1.49663 2.0722 2.14002 1.63201 1.58018 1.48443 1.93074 1.46406 1.38289
threshold=119090.97500000002 -0.00040500971499167715 0.019061651972989768 5546.0865903750009 114868.63695333891 0.013838097894102466 2256.7750000000019 118228.09650000001 0.0069511789848641353 2440.5464777372549 1086.2399999999982 0.0067088809947394882 602.51641130617259 427.70999999999918 2923.1011658000002 0.0073904355410475122 2906.1587692500002 116275.76174105133 0.0015906211095338062 118763.22287231828 116386.90141783546 6124.0686972500007 106711.76500000001 0.009268412176808587 -0.43882720771248479 1164.0049999999976 379.37000000000268 0.0036846183353584521 274.11950079863897 1055.4885714285724
decision_type=2 2 2 2 2 2 2 2 2 2 2 2 2 2 2 2 2 2 2 2 2 2 2 2 2 2 2 2 2 2
left_child=1 2 3 5 8 6 7 20 9 16 18 -12 13 -10 28 -16 -3 -6 -11 -2 26 22 24 -24 -17 -26 -1 29 -15 -28
right_child=19 4 -4 -5 17 -7 -8 -9 12 10 11 -13 -14 14 15 21 -18 -19 -20 -21 -22 -23 23 -25 25 -27 27 -29 -30 -31
leaf_value=2.2775403282502673e-06 -0.0001118898529570823 1.4558164591132426e-05 9.5502744777458803e-05 -0.00021229136054480422 -9.6263752320269446e-05 0.00017003339406771741 -0.00011795544847813406 8.0598088990384916e-05 -2.3307394450618506e-05 -2.7801282777133578e-05 0.00013575833916183535 -0.00013902378864699398 -0.0001860956110382564 2.7099845879734329e-05 0.00012144576007149877 -0.00010870957130178013 -7.2499775616955751e-05 1.8094915036269947e-06 -0.00013136449887395731 -7.730445471248755e-06 -9.3840184368247109e-06 0.00018381683512084978 0.00012677300533841938 -4.1909366508964184e-05 0.00010264538268030623 -4.0073806393841412e-05 0.00012420708770174865 -4.0455370069310324e-05 0.0001086279323417439 0.0001845889350895021
leaf_weight=382 31 194 34 41 46 31 48 32 21 28 27 27 24 73 23 54 27 29 56 53 31 30 33 25 30 62 26 28 31 53
leaf_count=382 31 194 34 41 46 31 48 32 21 28 27 27 24 73 23 54 27 29 56 53 31 30 33 25 30 62 26 28 31 53
internal_value=0.000122699 0.000485123 0.00219547 0.0015625 -0.000952381 0.00225832 0.00166667 0.00253623 -0.000228758 -0.00271588 -0.00978261 -0.00185185 0.00197044 0.00287958 0.00380886 0.000875486 0.00169683 -0.00833333 -0.014881 -0.00654762 0.00182692 -0.00042735 -0.00196078 0.00603448 -0.00513699 -0.00108696 0.00250511 0.00771028 0.0110577 0.0117089
internal_weight=1630 1546 706 672 840 631 600 552 765 359 138 54 406 382 361 257 221 75 84 84 520 234 204 58 146 92 489 107 104 79
internal_count=1630 1546 706 672 840 631 600 552 765 359 138 54 406 382 361 257 221 75 84 84 520 234 204 58 146 92 489 107 104 79
is_linear=0
shrinkage=0.05


Tree=16
num_leaves=31
num_cat=0
split_feature=41 23 23 39 13 31 0 23 18 16 4 24 2 24 4 13 20 35 11 35 21 42 1 24 39 24 9 21 41 28
split_gain=1.71136 1.64624 3.43578 1.91082 1.74284 3.7494 1.96782 2.70343 2.467 2.47152 2.53106 2.08591 2.71575 2.25363 2.1979 1.77884 2.09368 1.70784 1.66201 1.64801 1.94444 1.62629 2.31749 1.62037 1.61239 1.3414 1.59032 1.31287 1.54984 2.75278
threshold=-1862.4090972128017 0.98238596017319513 1.2291165484844095 954.56142857142663 -0.00028489975653459937 118050.13430000002 117766.25000000001 -0.4530316700231462 955.58000000000186 0.005410179814102304 2221.7848150000004 2224.0245360300005 105312.46500000001 5488.8091622000002 2441.4761950000006 -0.0065854186898023888 133.21499999999654 96071.694000000018 0.01428403056353756 89604.434225000005 214.09500000000119 -140.89348572880633 108796.83500000001 2423.6421371000006 1076.6492857142878 4075.0135217500006 0.019189059044268184 311.20499999999453 -284.44376752308671 -1193.8453554302903
decision_type=2 2 2 2 2 2 2 2 2 2 2 2 2 2 2 2 2 2 2 2 2 2 2 2 2 2 2 2 2 2
left_child=-1 4 -3 -4 15 6 7 -6 9 10 -9 -11 13 17 -14 18 -17 19 27 20 -13 22 -5 -8 -23 26 -26 -2 -29 -30
right_child=1 2 3 21 5 -7 23 8 -10 11 -12 12 14 -15 -16 16 -18 -19 -20 -21 -22 24 -24 -25 25 -27 -28 28 29 -31
leaf_value=0.0001147956403340144 1.3151291836608607e-05 -7.7009398736751984e-05 7.9592500292253933e-05 -3.6770532491797382e-05 -2.3581593882589339e-05 -9.9457248769037223e-05 0.00015295871943150709 1.8684827297230573e-06 -7.4319826263688022e-05 0.00010376833574496105 -8.8855959642023509e-05 5.0605663169655022e-05 -0.00016914650994276757 -5.1216996087630305e-05 4.3900148119279084e-06 -1.1959041439486281e-06 7.5855178681694574e-05 0.00017942100774855115 -6.533231973350236e-05 -4.3311724775735399e-05 0.00018908413583210143 -0.00013738584204064569 -0.00010629536030922816 4.6846192841086721e-07 0.00017378573361611301 -8.1204269800704595e-05 -6.6406059764608316e-05 -4.1571643884152876e-05 0.00023770267856456281 -1.4720580482650967e-05
leaf_weight=28 278 54 43 35 281 39 27 49 39 31 25 24 23 21 37 55 98 26 23 26 21 22 29 36 42 20 23 88 28 59
leaf_count=28 278 54 43 35 281 39 27 49 39 31 25 24 23 21 37 55 98 26 23 26 21 22 29 36 42 20 23 88 28 59
internal_value=0.000245399 3.1211e-05 -0.00354478 -0.000700935 0.000749625 -0.000957447 -7.50751e-05 -0.000953566 0.00217391 0.00379859 -0.00405405 0.00657895 0.00449438 0.00889831 -0.00416667 0.00266296 0.00735294 0.0121134 0.00115546 0.00809859 0.0138889 -0.00307018 -0.009375 0.00833333 0.000700935 0.00382353 0.00730769 0.00182119 -0.00157143 0.00316092
internal_weight=1630 1602 268 214 1334 705 666 603 322 283 74 209 178 118 60 629 153 97 476 71 45 171 64 63 107 85 65 453 175 87
internal_count=1630 1602 268 214 1334 705 666 603 322 283 74 209 178 118 60 629 153 97 476 71 45 171 64 63 107 85 65 453 175 87
is_linear=0
shrinkage=0.05


Tree=17
num_leaves=31
num_cat=0
split_feature=23 1 42 5 24 23 25 22 20 39 15 1 7 9 27 35 17 21 22 21 36 21 38 11 39 38 11 21 16 4
split_gain=1.5324 2.4898 2.37063 2.26714 2.70789 2.05714 1.89356 1.67073 2.82197 2.46994 2.33951 2.68262 2.22383 1.65569 1.88692 1.57792 1.56345 1.62573 1.54356 1.52727 1.5189 1.4281 1.4088 2.0581 1.741 2.15717 1.63974 1.36289 1.4946 2.6227
threshold=0.79247600564015441 104130.43000000001 -155.38194061244636 0.00052590090858092495 2530.2499399000003 1.359752581685677 -0.36295373518730278 3912.1394322500005 207.1650000000009 977.10857142857128 0.0079269567710735633 103623.07000000002 -0.003483355449512959 0.0040808177072307042 84504.190000000017 115724.44070000002 0.0069656982252839497 290.16999999999103 2916.6956380000006 242.38999999999945 5601.1529643043259 346.69000000000239 48.801325200909766 0.0014794810008525959 825.36785714285634 37.421023665133966 -0.012411504150603403 68.254999999997395 0.0077668975380675376 2208.2900150000005
decision_type=2 2 2 2 2 2 2 2 2 2 2 2 2 2 2 2 2 2 2 2 2 2 2 2 2 2 2 2 2 2
left_child=6 -2 -3 5 19 -4 13 8 9 -8 16 -12 15 22 -15 -10 17 -11 -14 -5 27 -9 23 24 -1 26 -26 -16 -29 -30
right_child=1 2 3 4 -6 -7 7 21 12 10 11 -13 18 14 20 -17 -18 -19 -20 -21 -22 -23 -24 -25 25 -27 -28 28 29 -31
leaf_value=-2.6428655935118797e-05 4.0423724144043756e-05 -0.00010098059229376677 -8.3800440342239645e-06 -0.00011927413826047506 -0.00017005600523918395 0.00020665859737916756 7.5050915391521245e-05 -6.4595130595508272e-05 0.0001379429470138269 3.6988091121610121e-05 0.00015085954869171328 -5.2537191784270155e-05 -3.4826470871359167e-06 0.00018597670153069285 2.0544578205988024e-05 5.7220639419459171e-05 -8.6167583725820274e-05 -0.00011940529985763411 0.0001064956510162589 4.1232834816357204e-05 3.5666167019137114e-05 9.6872237744810726e-06 -6.0223846426768718e-06 3.1715788305247417e-05 2.8489711313102252e-05 4.3797535082409988e-05 -8.7478259117932357e-05 -6.0262547776399029e-05 1.5859277802724193e-05 -0.00020165867623430888
leaf_weight=38 109 59 35 22 38 35 70 67 56 25 24 33 68 20 23 21 30 22 75 20 31 81 269 77 26 76 38 80 35 27
leaf_count=38 109 59 35 22 38 35 70 67 56 25 24 33 68 20 23 21 30 22 75 20 31 81 269 77 26 76 38 80 35 27
internal_value=-3.06748e-05 -0.00314465 -0.00633971 -0.003 -0.00875 0.00357143 0.000724085 0.00288462 0.00448113 0.000245098 -0.00373134 0.00394737 0.00840909 -0.000945946 -0.00462963 0.0152597 -0.00941558 -0.0037234 0.00472028 0 -0.00612245 -0.00168919 0.000572519 0.00323529 0.000280899 0.00285714 -0.00390625 -0.0080303 -0.00985915 -0.00403226
internal_weight=1630 318 209 150 80 70 1312 572 424 204 134 57 220 740 216 77 77 47 143 42 196 148 524 255 178 140 64 165 142 62
internal_count=1630 318 209 150 80 70 1312 572 424 204 134 57 220 740 216 77 77 47 143 42 196 148 524 255 178 140 64 165 142 62
is_linear=0
shrinkage=0.05


Tree=18
num_leaves=31
num_cat=0
split_feature=30 42 5 31 42 25 25 18 20 36 42 38 25 35 7 5 38 41 13 30 31 19 19 5 20 42 13 42 20 17
split_gain=1.939 1.76853 2.0436 1.93623 1.69152 1.27258 1.77482 1.39946 2.13482 2.5705 1.78686 1.72771 1.37995 2.34358 2.08069 1.58939 1.89377 1.81598 2.06229 1.58888 2.12275 2.8202 1.80418 1.75138 1.53123 1.51573 1.46643 1.3975 1.66101 1.64584
threshold=118019.72351548648 4.9658681666022071 -0.0036376488894114207 118670.09020000002 -619.68655502121851 0.85974016222647576 2.7814341071890927 186.21500000000381 220.23000000000323 1313.4951850833461 -161.30017332208195 70.187876903321481 -0.10048528812925304 115968.66567500001 -5.4607810805789337e-05 -0.00632082472622856 25.810165477697549 461.98065077559926 -0.010864943431734636 116006.52111884036 112397.86400000002 1164.0049999999976 961.08000000000186 -0.00037539012870761897 439.86499999999802 149.25920271257917 0.011068168264288575 -146.32500289460469 60.679999999993022 0.0065384995752985802
decision_type=2 2 2 2 2 2 2 2 2 2 2 2 2 2 2 2 2 2 2 2 2 2 2 2 2 2 2 2 2 2
left_child=4 2 -2 -4 -1 12 7 8 -7 10 -10 -9 13 27 -15 17 -17 18 -14 20 21 22 23 -18 26 -26 -23 28 -6 -29
right_child=1 -3 3 -5 5 6 -8 11 9 -11 -12 -13 15 14 -16 16 19 -19 -20 -21 -22 24 -24 -25 25 -27 -28 29 -30 -31
leaf_value=0.00029149395109015296 -5.5069368401051565e-05 -7.1388067676064786e-05 7.7298517458799555e-05 -1.0191364543637245e-05 -2.0699106123356535e-05 -8.2057285729724742e-05 0.00012230740329181511 -0.00016155320497722474 -0.00020121472728791112 0.00011850185123091451 5.7954661962185134e-05 -4.0912439897729647e-07 -5.4023259946475485e-05 1.061244902807711e-05 -0.00016027655721572218 0.00017589202976618252 -3.8259564974640109e-06 -0.00012417765159111302 0.00016575713712870606 0.00012704599005569709 -3.6756841266876567e-05 7.0415134518569348e-06 0.00015069624940303972 0.00010481035518103594 -1.2408937089552996e-05 0.00010538017825863261 -0.00012292599726498516 5.5739200304256909e-06 2.2458124480188802e-05 -1.3471268979325609e-05
leaf_weight=20 25 20 22 29 38 36 32 52 20 30 23 33 32 26 28 20 21 21 22 36 47 37 42 26 26 22 25 226 166 427
leaf_count=20 25 20 22 29 38 36 32 52 20 30 23 33 32 26 28 20 21 21 22 36 47 37 42 26 26 22 25 226 166 427
internal_value=0.000122699 -0.00677083 -0.00328947 0.00245098 0.000554107 0.000363276 -0.00309735 -0.00489691 -0.00114679 0.00376712 -0.00406977 -0.00970588 0.000970497 -8.23271e-05 -0.0101852 0.00351459 0.00513245 -0.003 0.00185185 0.00407801 0.00264228 0.0048995 0.0115169 0.00478723 -0.000454545 0.00625 -0.00564516 0.000554259 0.00416667 -0.000574273
internal_weight=1630 96 76 51 1534 1514 226 194 109 73 43 85 1288 911 54 377 302 75 54 282 246 199 89 47 110 48 62 857 204 653
internal_count=1630 96 76 51 1534 1514 226 194 109 73 43 85 1288 911 54 377 302 75 54 282 246 199 89 47 110 48 62 857 204 653
is_linear=0
shrinkage=0.05


Tree=19
num_leaves=31
num_cat=0
split_feature=41 34 23 5 4 7 36 19 36 25 40 40 22 24 22 20 42 19 4 41 18 5 25 38 25 17 15 16 41 11
split_gain=1.84229 1.65817 1.4329 1.30662 1.17745 2.18658 1.96182 2.14778 1.98586 1.67191 1.60032 2.10781 1.59988 1.4227 1.52385 2.50922 1.37794 1.1948 1.16891 1.456 1.31677 1.77752 1.15994 1.20704 1.46077 1.3862 1.72562 1.70359 2.40018 1.73737
threshold=-1862.4090972128017 115365.18722469453 -1.2357238293925512 0.00058818811865184054 4936.097345000001 -0.01008966134696331 -9689.6122746781457 1973.7899999999938 -5385.027033090525 2.7814341071890927 -1526.8468932117682 -165.85974348119632 4440.8915137500016 3018.0698801000003 3530.8470932500004 460.42000000000559 -269.53278393639476 1179.5499999999959 687.64695000000017 -947.1515747278778 955.58000000000186 0.004586938278395584 -1.0740291596493621 42.486788467387804 -0.91135352430375283 0.0063739726604667606 0.0056251126650320614 0.005349469429434193 139.7775830566417 0.0067157856927768612
decision_type=2 2 2 2 2 2 2 2 2 2 2 2 2 2 2 2 2 2 2 2 2 2 2 2 2 2 2 2 2 2
left_child=-1 2 3 -2 5 16 -7 8 12 10 -6 -12 -8 -13 -15 -16 -4 -18 -10 -20 21 22 -21 -24 -25 27 -27 28 -26 -29
right_child=1 -3 4 -5 9 6 7 -9 18 -11 11 13 -14 14 15 -17 17 -19 19 20 -22 -23 23 24 25 26 -28 29 -30 -31
leaf_value=0.00010784158868158852 1.6701900978757299e-06 -2.2315274553021555e-05 0.00014190297102035758 -5.6011319154636702e-05 0.00012671801994995871 -0.00017905708326850704 0.00011605995120937359 0.00018739193038791335 1.8394443071679186e-05 0.00014219614012811664 -0.00018559156234540831 6.4163837464478843e-05 -7.7250544230325035e-06 -0.00013954692907325387 -4.4218251032052868e-05 0.00011633272763945308 8.1662062102071619e-05 -4.8822667162221757e-06 3.5799951030326485e-05 -9.6313752066253455e-05 -7.9675873683381974e-05 2.5893998063888318e-05 -5.2161249489946678e-05 4.1768607543231087e-05 7.2959698046217296e-05 -1.5369116888783136e-05 -8.2863284901501497e-07 7.6929126715032084e-05 -2.5362412596687571e-05 -9.2961111549448687e-07
leaf_weight=28 20 144 27 21 29 31 53 39 29 36 57 30 21 27 22 28 41 37 35 24 45 139 136 38 23 95 200 61 52 62
leaf_count=28 20 144 27 21 29 31 53 39 29 36 57 30 21 27 22 28 41 37 35 24 45 139 136 38 23 95 200 61 52 62
internal_value=-0.000214724 -0.000436954 6.85871e-05 -0.00914634 0.000335215 0.000968013 0.000300092 0.000665399 0.000222113 -0.0029476 -0.00479275 -0.00670732 0.00810811 -0.00257009 -0.00616883 -0.001 0.00785714 0.00448718 -0.000399361 -0.000714286 -0.00111429 -0.000662651 -0.00170043 -0.00131184 -0.000235405 -0.000963489 -0.00313559 0.00227273 -0.00366667 0.00589431
internal_weight=1630 1602 1458 41 1417 1188 1083 1052 1013 229 193 164 74 107 77 50 105 78 939 910 875 830 691 667 531 493 295 198 75 123
internal_count=1630 1602 1458 41 1417 1188 1083 1052 1013 229 193 164 74 107 77 50 105 78 939 910 875 830 691 667 531 493 295 198 75 123
is_linear=0
shrinkage=0.05


Tree=20
num_leaves=31
num_cat=0
split_feature=23 25 22 22 5 34 23 21 23 26 9 21 1 35 7 7 5 11 28 16 15 11 11 23 9 9 13 40 7 4
split_gain=1.60113 2.17571 2.66333 3.08312 1.73824 2.2037 2.14518 1.88255 1.56456 1.83872 1.92225 2.39226 1.82681 1.73526 2.04304 1.71236 1.69874 1.50774 1.49125 1.44387 1.6 1.40381 2.80909 2.26718 1.97792 1.98956 1.8191 1.67773 1.65497 1.5452
threshold=0.79247600564015441 2.7814341071890927 4712.9094040000009 2959.1755302500001 0.010284299429222715 113860.23707646581 1.282174796745627 350.68499999999773 0.045603753386343607 103000.41327863415 -0.017666773713189355 219.72999999999595 110018.96500000001 115968.66567500001 0.00051974963450324911 -0.003296797311584148 -0.00632082472622856 0.016516900021291605 -1088.6646513508674 0.0068000042816894245 0.0056924981346692027 0.0062557985930522834 0.0068861583511795168 -0.62230421028373739 -0.0014019701110836514 0.01246943113460423 0.01139211272176917 -887.70946067179455 -0.0058204793817356352 2415.5330650000005
decision_type=2 2 2 2 2 2 2 2 2 2 2 2 2 2 2 2 2 2 2 2 2 2 2 2 2 2 2 2 2 2
left_child=8 2 3 4 5 6 7 -2 13 10 -10 -12 15 21 -15 -11 -14 -5 -18 20 -8 23 -23 29 27 26 -26 -25 -24 -1
right_child=1 -3 -4 17 -6 -7 19 -9 9 12 11 -13 16 14 -16 -17 18 -19 -20 -21 -22 22 28 24 25 -27 -28 -29 -30 -31
leaf_value=5.8022077653011213e-09 -0.00015137783310247463 0.0001350863331217108 0.00012500737608739889 -0.00011161286412346519 -0.00017690803883928306 -6.2466435823602042e-05 5.8601145369312931e-05 9.7792627030295068e-06 -7.5705059402073939e-05 5.7819100417117855e-05 7.757895899696804e-05 0.00020679370296834639 -9.2822939539570045e-05 3.9957236358263713e-06 -0.00011085655460139742 -6.0693589848393798e-05 0.00016416205401156557 -9.9495612410016248e-05 3.7823861902963938e-05 -1.6833680822228475e-06 0.00021443540006441293 -9.6082656903896966e-05 7.6441424516791723e-05 -6.0670929432083814e-05 0.0001067046129536364 -5.597279152024749e-05 -3.551316025262248e-07 1.2114624485313964e-05 -1.8688897676945711e-05 -0.000178688549994675
leaf_weight=320 24 42 20 71 27 28 20 23 20 27 35 51 21 50 44 47 23 22 76 21 20 21 25 20 85 20 24 119 251 33
leaf_count=320 24 42 20 71 27 28 20 23 20 27 35 51 21 50 44 47 23 22 76 21 20 21 25 20 85 20 24 119 251 33
internal_value=-0.000276074 -0.00345912 -0.00507246 -0.00644531 -0.00230061 0 0.00324074 -0.00478723 0.000495427 0.00366667 0.00896226 0.0122093 0.000773196 -0.000444664 -0.00691489 -0.00540541 0.00458333 -0.0137097 0.00732323 0.00942623 0.015 0.000217865 -0.00260943 0.00157005 0.00503731 0.00949612 0.012156 0.000899281 -0.00126812 -0.00106232
internal_weight=1630 318 276 256 163 136 108 47 1312 300 106 86 194 1012 94 74 120 93 99 61 40 918 297 621 268 129 109 139 276 353
internal_count=1630 318 276 256 163 136 108 47 1312 300 106 86 194 1012 94 74 120 93 99 61 40 918 297 621 268 129 109 139 276 353
is_linear=0
shrinkage=0.05


Tree=21
num_leaves=31
num_cat=0
split_feature=34 42 4 42 4 20 13 20 21 31 4 32 28 20 23 9 9 19 40 9 42 38 21 15 9 17 21 9 18 38
split_gain=1.52242 1.98965 1.68773 2.85999 1.98962 2.08333 1.73807 1.96043 1.81374 4.00728 1.82152 1.74327 1.96196 2.15337 2.07183 2.16 1.7891 1.87154 1.67506 1.60184 1.52079 1.60587 1.28779 1.34396 1.35813 1.8006 1.72471 1.28 1.23356 2.49316
threshold=116511.55595106517 -619.68655502121851 4605.9140450000004 459.11332137407243 8499.7016850000018 429.4749999999986 -0.00028489975653459937 381.97500000000588 511.3650000000053 118121.42790000002 3015.2919650000003 -647.16257666831359 -758.96933804458956 15.170000000005532 -0.65695356703968011 -0.0036411720896553116 -0.020056791023157668 502.87999999999744 -655.72675016664277 0.0047812587931684103 -96.435912812680087 41.623628005394195 2.6849999999976721 0.012670354592378514 0.01531117307449773 0.011442533136819017 194.6849999999977 0.0045436720257571719 -285.80000000000285 49.576709356323029
decision_type=2 2 2 2 2 2 2 2 2 2 2 2 2 2 2 2 2 2 2 2 2 2 2 2 2 2 2 2 2 2
left_child=1 -1 6 4 28 -6 7 11 9 18 -10 16 -13 -14 20 -16 -3 -18 -8 -9 21 -15 -20 24 25 -24 -26 -17 29 -4
right_child=-2 2 3 -5 5 -7 8 19 10 -11 -12 12 13 14 15 27 17 -19 22 -21 -22 -23 23 -25 26 -27 -28 -29 -30 -31
leaf_value=0.00026971247162291148 -0.0001135834011428263 0.00014208754276327459 -8.2644832693553816e-05 0.00015534977615280451 -7.5441335346441681e-05 0.00013546175563263014 0.00011025666353851665 8.4321965602057562e-05 5.6112689915976576e-05 -0.00019997144520632741 -3.2055879751486788e-06 0.00020263159273347839 -0.00015234226009519915 -5.5643479185247792e-05 -4.5798545225565001e-07 0.00012478960242115505 1.1023084092129559e-05 -2.9468739529766512e-05 7.1782755242091452e-05 -5.2626140793414586e-06 -2.487465909638691e-05 1.5063160937295582e-05 -8.4012241736843336e-06 3.995418788647386e-05 -6.7043507829892872e-05 -4.7062066710815438e-05 3.2506702133568934e-05 9.8436506308954849e-05 -8.1563441282221503e-05 7.4206084553047941e-05
leaf_weight=21 24 23 61 29 21 28 33 88 45 26 52 23 20 22 25 25 31 217 30 35 27 40 420 25 27 28 29 25 106 24
leaf_count=21 24 23 61 29 21 28 33 88 45 26 52 23 20 22 25 25 31 217 30 35 27 40 420 25 27 28 29 25 106 24
internal_value=0 0.0001868 -1.57729e-05 -0.00362454 -0.00541667 0.00357143 0.000721884 0.00270383 -0.000944056 -0.00194175 0.00541237 0.00125523 0.00471014 0.00298913 0.00487805 0.011 -0.00138376 -0.00262097 -0.00109797 0.00833333 -0.000280899 0.00403226 -0.00174419 -0.00231569 -0.00287698 -0.00379464 0.00446429 0.017 -0.00772251 -0.00323529
internal_weight=1630 1606 1585 269 240 49 1316 601 715 618 97 478 207 184 164 75 271 248 592 123 89 62 559 529 504 448 56 50 191 85
internal_count=1630 1606 1585 269 240 49 1316 601 715 618 97 478 207 184 164 75 271 248 592 123 89 62 559 529 504 448 56 50 191 85
is_linear=0
shrinkage=0.05


Tree=22
num_leaves=31
num_cat=0
split_feature=41 34 38 19 19 11 36 19 42 42 4 19 4 2 41 15 9 18 13 38 13 18 7 42 41 20 39 13 25 41
split_gain=1.81571 1.50253 2.93346 1.76467 1.74315 1.3319 2.378 1.17486 1.14807 1.72675 1.25619 2.22031 1.53697 2.06216 1.4677 1.66629 1.8071 2.05198 1.38352 1.93836 2.24355 2.23131 1.67379 1.66954 1.80227 1.5859 1.71377 1.84573 2.60357 1.73212
threshold=-1862.4090972128017 114835.46618999822 66.654643154399977 1990.019999999997 1071.1050000000034 -0.013448352212004808 1177.470929724441 1294.2949999999912 602.51641130617259 459.11332137407243 4936.097345000001 1973.7899999999938 8499.7016850000018 109669.82000000002 -1170.1303545715075 0.012559183241547931 0.020552649750943328 955.58000000000186 0.035616757168182904 71.235143750574977 0.0015906211095338062 327.25999999999482 -0.0032367177137095113 59.195970941197693 -79.51853082852918 68.284999999996231 957.89392857142968 -0.0083761324089240401 -0.41202151676916082 159.6017195375953
decision_type=2 2 2 2 2 2 2 2 2 2 2 2 2 2 2 2 2 2 2 2 2 2 2 2 2 2 2 2 2 2
left_child=-1 8 3 4 5 -3 -7 -6 9 10 11 14 13 -12 -2 16 17 18 19 20 23 -21 -22 24 -16 -26 29 -28 -29 -27
right_child=1 2 -4 -5 7 6 -8 -9 -10 -11 12 -13 -14 -15 15 -17 -18 -19 -20 21 22 -23 -24 -25 25 26 27 28 -30 -31
leaf_value=0.00010288703986778357 -7.1842314129273708e-05 1.3078154525839894e-05 -0.0001256760589668399 -0.00013273053110891744 0.00011930364665473327 -8.187564147225121e-05 2.5917273428624125e-06 3.1439800407969232e-07 -8.3892014319273403e-05 6.9883656797808301e-05 -9.3622025459791711e-05 0.00013520462291262796 3.8643583940270232e-05 9.663949235206028e-05 -6.178680269183337e-06 0.00011834249604134732 6.6948599299172215e-05 -8.2995601175155827e-05 -6.7676033005248336e-05 8.9784661478486768e-06 1.5519232388105566e-05 0.00013457409990646962 -1.7334853787816248e-05 7.6566307859975534e-05 -1.4215420913255446e-05 0.00011822600684834473 4.9762254245965659e-05 -8.9419750750123166e-05 6.6719435530067763e-05 2.1599376196219366e-05
leaf_weight=28 43 23 20 33 27 34 30 43 34 49 125 45 52 21 160 44 23 32 47 66 82 24 245 39 54 24 72 36 20 55
leaf_count=28 43 23 20 33 27 34 30 43 34 49 125 45 52 21 160 44 23 32 47 66 82 24 245 39 54 24 72 36 20 55
internal_value=-0.000122699 -0.000343321 -0.00428571 -0.00236842 -0.000159236 -0.00488506 -0.00859375 0.00571429 0.000251437 0.000478645 0.00013369 0.000787579 -0.00353535 -0.00616438 0.00032833 0.0007087 0.000280899 -5.23013e-05 0.000378788 0.000826682 3.17662e-05 0.00777778 -0.00313456 0.00228261 0.0013658 0.0039272 0.00591787 0.00234375 -0.00446429 0.0117089
internal_weight=1630 1602 210 190 157 87 64 70 1392 1358 1309 1111 198 146 1066 1023 979 956 924 877 787 90 327 460 421 261 207 128 56 79
internal_count=1630 1602 210 190 157 87 64 70 1392 1358 1309 1111 198 146 1066 1023 979 956 924 877 787 90 327 460 421 261 207 128 56 79
is_linear=0
shrinkage=0.05


Tree=23
num_leaves=31
num_cat=0
split_feature=41 39 2 0 19 11 1 36 34 26 22 42 13 25 17 15 19 19 5 38 38 17 15 22 7 20 13 13 38 26
split_gain=1.3688 1.23863 1.20766 1.43674 1.59006 1.3508 1.21223 1.68039 1.31385 2.01 1.13592 1.21952 1.86317 1.73679 1.73793 1.66243 2.31503 1.64956 1.50014 1.40985 2.05515 2.5732 2.01918 1.38125 1.6 1.28176 1.53318 1.51368 3.05164 1.42055
threshold=-1862.4090972128017 2153.4614285714292 81552.500000000015 83955.815000000017 837.25000000000011 -0.038870501027501302 87684.360000000015 646.39192105856648 85955.703657260354 87083.260455082054 5286.0815735000006 459.11332137407243 0.035616757168182904 1.0066943534083359 0.010828301221551715 0.0082658941808390063 2825.0000000000005 961.08000000000186 0.0020378678875017111 68.437217673598965 53.186660535109439 0.0063621537724660874 0.0061506810920116482 2274.1249222500005 0.0011311535693421097 391.37000000000268 -0.01258388858813366 -0.020610120257373018 45.35226168671641 116195.41953541328
decision_type=2 2 2 2 2 2 2 2 2 2 2 2 2 2 2 2 2 2 2 2 2 2 2 2 2 2 2 2 2 2
left_child=-1 2 -2 4 -4 -5 7 -7 -8 -10 11 12 13 14 19 18 -17 -13 -15 20 25 22 -22 24 -23 26 29 -27 -29 -11
right_child=1 -3 3 5 -6 6 8 -9 9 10 -12 17 -14 15 -16 16 -18 -19 -20 -21 21 23 -24 -25 -26 27 -28 28 -30 -31
leaf_value=9.7742687874394395e-05 0.00022009157378938567 -0.00020348317489581134 2.8171123306088523e-05 0.00016958932073641658 -6.8162797114059955e-05 9.5644627096039316e-05 0.00012808020566290669 -2.0693113655175997e-06 -9.158113038307691e-05 -4.0894913565071362e-05 -8.6766941130653568e-05 -1.2485335472485821e-05 -6.6631892131949159e-05 5.3753736964243861e-05 4.0448907923425775e-05 -0.00014413311506895007 1.1914328573022436e-06 7.9339903241292044e-05 -0.00015496706658267925 1.0814608960754417e-05 -2.0024586952570449e-06 5.404009422717228e-05 0.00014536659645989576 -3.2975221656376706e-05 -0.00013547821561120878 0.00011778893855880827 7.0744921344030372e-06 -2.4356203815063925e-05 0.00010383555136745989 2.0779919788390203e-05
leaf_weight=28 22 23 21 28 26 58 27 33 25 159 55 22 53 43 56 37 21 40 29 111 86 20 29 132 20 45 289 39 32 21
leaf_count=28 22 23 21 28 26 58 27 33 25 159 55 22 53 43 56 37 21 40 29 111 86 20 29 132 20 45 289 39 32 21
internal_value=-0.000245399 -0.000436954 -0.000269158 -0.000433526 -0.00904255 -0.000165563 -0.00037112 0.00521978 -0.00073688 -0.000953079 -0.000690814 -0.000389408 -0.000736498 -0.000320787 0.000360924 -0.00576923 -0.012069 0.00645161 -0.000694444 -0.000127162 -0.000802752 -0.00426829 0.00152174 -0.00813953 0 0.000897436 -0.000266525 0.00560345 0.00105634 -0.00388889
internal_weight=1630 1602 1579 1557 47 1510 1482 91 1391 1364 1339 1284 1222 1169 1039 130 58 62 72 983 872 287 115 172 40 585 469 116 71 180
internal_count=1630 1602 1579 1557 47 1510 1482 91 1391 1364 1339 1284 1222 1169 1039 130 58 62 72 983 872 287 115 172 40 585 469 116 71 180
is_linear=0
shrinkage=0.05


Tree=24
num_leaves=31
num_cat=0
split_feature=41 42 13 21 39 20 9 23 23 7 7 21 22 23 16 20 21 23 42 24 20 39 15 15 22 20 20 21 41 21
split_gain=1.35352 1.28719 1.61367 1.32097 1.8587 2.31685 1.72789 2.15653 2.14972 1.98434 2.34706 1.83782 1.72264 2.22882 2.69551 2.07296 2.07159 1.72093 1.84091 1.59801 1.58455 2.11883 2.18089 2.37719 2.95476 1.49129 1.41973 1.791 1.50424 1.92083
threshold=-1862.4090972128017 602.51641130617259 0.048126228547339965 464.23000000000326 1933.6828571428589 527.16500000000099 0.003423054064970454 -1.2357238293925512 1.0385195392904136 -0.00074380433859741197 0.0013124948089064889 214.09500000000119 1937.4638692500005 0.60273627699035359 0.0091371316315927084 42.220000000001171 1007.5800000000019 1.5035897879023297 -129.27185962446342 3768.8604140000007 247.34500000000847 795.34857142856879 0.0079508267803345186 0.0061286284166648308 2389.6028197500004 458.08999999999656 230.00000000000003 39.884999999994768 354.69549377823824 194.6849999999977
decision_type=2 2 2 2 2 2 2 2 2 2 2 2 2 2 2 2 2 2 2 2 2 2 2 2 2 2 2 2 2 2
left_child=-1 2 3 6 5 12 7 -2 20 11 -11 -8 -5 14 15 -14 -15 -10 -19 -7 -9 -22 23 24 -23 -26 28 -28 -12 -30
right_child=1 -3 -4 4 -6 19 9 8 17 10 26 -13 13 16 -16 -17 -18 18 -20 -21 21 22 -24 -25 25 -27 27 -29 29 -31
leaf_value=9.2855553480674667e-05 -6.0612051119182436e-05 -9.2951879827543718e-05 4.5580320936952612e-05 0.00014990134630198313 -0.00015164009976150849 0.00011728686900939414 0.00011220139774401538 -8.7214627029072395e-07 -0.00028524716940003765 -4.955183616175301e-05 5.7292956413043052e-06 -9.2175154917460903e-05 -0.00010384371149786175 -0.00015140552804551643 0.00013665891210240229 3.9961951516796379e-06 7.100442809882409e-05 -7.4193453308799419e-05 6.198095307045559e-05 -1.0626572315479487e-05 -2.2763133233132072e-05 7.7660801855635993e-05 -3.6678369499630849e-06 0.00012467348809625794 1.0273878512716697e-05 -7.3613800930639941e-05 1.6775404447647815e-05 -5.4905182361870664e-05 -0.00015574444230074294 3.1286245394589578e-06
leaf_weight=28 24 36 54 23 20 44 30 408 30 34 114 21 21 48 52 83 28 22 22 20 23 36 78 63 27 24 25 133 29 30
leaf_count=28 24 36 54 23 20 44 30 408 30 34 114 21 21 48 52 83 28 22 22 20 23 36 78 63 27 24 25 133 29 30
internal_value=-0.000184049 -0.000374532 -0.000159642 -0.000462963 0.00228614 0.00321317 -0.00125746 0.000165125 0.000648022 -0.00384615 -0.00513699 0.00539216 0.00107843 -0.000215517 0.00320513 -0.00144231 -0.00723684 -0.00743243 -0.00113636 0.0117188 0.00155539 0.00468127 0.00614035 0.00966667 0.00431034 -0.00343137 -0.00385196 -0.00727848 -0.000722543 -0.00720339
internal_weight=1630 1602 1566 1512 339 319 1173 757 733 416 365 51 255 232 156 104 76 74 44 64 659 251 228 150 87 51 331 158 173 59
internal_count=1630 1602 1566 1512 339 319 1173 757 733 416 365 51 255 232 156 104 76 74 44 64 659 251 228 150 87 51 331 158 173 59
is_linear=0
shrinkage=0.05


Tree=25
num_leaves=31
num_cat=0
split_feature=0 15 5 11 25 25 23 11 15 9 32 41 11 41 15 19 39 39 23 24 32 15 24 17 5 16 38 40 39 7
split_gain=1.29427 1.40015 1.32703 1.39518 1.20403 1.81959 1.34935 1.76822 1.64281 1.61541 2.16264 1.75208 1.63072 1.52637 2.01338 1.60407 1.37213 2.02978 2.52831 1.85061 1.70558 1.67155 1.57796 1.45831 1.81854 1.4218 1.35789 1.3241 1.32057 1.29896
threshold=119090.97500000002 0.008233612054328444 -0.0022497924099173232 0.0092328057438569779 2.7814341071890927 1.8626090626955694 -0.64163351868003182 -0.021215355948103892 0.0026125465797756631 0.0040808177072307042 -867.5566781633969 -404.14252992971319 0.015579307223828725 1696.5340736923988 0.0034431609534060713 855.06500000000244 1042.3200000000008 1136.5889285714311 1.0385195392904136 2122.9277381000006 2151.6075991187831 0.0063812627200306492 1923.7902361000001 0.0065160083903979468 0.0039301975558456046 0.0070556144111581622 40.886574038308979 149.56467093859831 1212.1285714285714 0.0029802694902659218
decision_type=2 2 2 2 2 2 2 2 2 2 2 2 2 2 2 2 2 2 2 2 2 2 2 2 2 2 2 2 2 2
left_child=4 2 -2 -4 5 6 7 -1 -8 10 26 -11 28 14 15 -10 19 21 20 22 -19 -18 -16 -21 29 27 -9 -23 -13 -25
right_child=1 -3 3 -5 -6 -7 8 9 13 11 -12 12 -14 -15 16 -17 17 18 -20 23 -22 25 -24 24 -26 -27 -28 -29 -30 -31
leaf_value=9.4660266457764197e-06 -6.5233164880307219e-05 -4.6749175838151327e-05 0.00015681969365432332 -0.00010872253090765124 0.00013523739889641445 -0.00011690395526075224 9.6536949971117204e-05 6.8589549052841204e-06 2.1640819918113891e-06 -7.1897273734666559e-05 -5.0864103929209337e-06 -4.9470911269598652e-05 5.3997059721909613e-05 0.00012481227279674315 6.8266945025860111e-05 -0.00010865021532810982 -8.0989559665459694e-05 2.7519653949326943e-05 -7.232481028601997e-05 5.8430777094248225e-05 -4.4123056381066783e-06 -7.496275335942304e-05 -6.2941302180924156e-05 1.4376972687185446e-05 0.00011651443344507127 2.1972175867964135e-05 0.00011607274943281417 0.00012515177444246032 1.4819004658307683e-06 -0.00012414379243869581
leaf_weight=23 23 20 20 21 38 60 21 63 24 48 239 34 22 20 38 23 49 328 61 98 59 21 43 65 36 29 38 20 24 22
leaf_count=23 23 20 20 21 38 60 21 63 24 48 239 34 22 20 38 23 49 328 61 98 59 21 43 65 36 29 38 20 24 22
internal_value=9.20245e-05 -0.00595238 -0.00234375 0.00304878 0.00042044 0.000198939 0.000552486 -0.00157841 0.00164577 -0.00224359 -0.000441176 -0.00703125 -0.0025 0.00133547 0.00103712 -0.00904255 0.00158228 0.000132275 0.00167411 0.00430464 0.00316537 -0.00567227 -0.00216049 0.00667421 0.00304878 -0.000714286 0.00569307 -0.00670732 -0.00689655 -0.000862069
internal_weight=1630 84 64 41 1546 1508 1448 491 957 468 340 128 80 936 916 47 869 567 448 302 387 119 81 221 123 70 101 41 58 87
internal_count=1630 84 64 41 1546 1508 1448 491 957 468 340 128 80 936 916 47 869 567 448 302 387 119 81 221 123 70 101 41 58 87
is_linear=0
shrinkage=0.05


Tree=26
num_leaves=31
num_cat=0
split_feature=22 39 7 11 1 4 25 2 22 40 39 11 39 25 15 9 41 16 24 20 21 21 24 13 41 13 41 21 38 38
split_gain=1.32321 1.40186 1.47549 2.96329 1.49692 2.35875 1.81866 2.95879 1.74194 2.13886 1.39653 1.65988 1.58945 1.77795 1.5392 1.43027 1.27333 1.25496 1.66886 1.42917 1.22973 1.1492 2.96131 1.51847 1.9955 1.58478 3.13791 2.00006 1.84784 2.18722
threshold=1313.949605 588.64607142857142 -0.003296797311584148 0.019061651972989768 118799.90000000001 2796.0437700000007 -0.61948864170503903 115654.90000000001 3641.6116468250002 269.39518133498501 1585.9553571428573 -0.036816721146278784 1355.7617857142855 -0.50224691742105509 0.0083636157924726982 -0.011946737986940405 629.36949824242322 0.0064897550758539176 2871.6195794000009 176.16000000000352 313.01999999999686 458.33999999999656 2505.8989305 0.044929761817791257 911.40000985758036 0.030477139783908692 1722.8089012908592 196.42499999999566 70.878522156472243 53.186660535109439
decision_type=2 2 2 2 2 2 2 2 2 2 2 2 2 2 2 2 2 2 2 2 2 2 2 2 2 2 2 2 2 2
left_child=-1 -2 3 4 6 -6 8 10 9 -3 12 -12 13 -8 -14 -13 17 20 19 -19 -15 23 -23 25 -25 26 28 -27 29 -4
right_child=1 2 21 -5 5 -7 7 -9 -10 -11 11 15 14 16 -16 -17 -18 18 -20 -21 -22 22 -24 24 -26 27 -28 -29 -30 -31
leaf_value=-7.516347158779762e-05 7.4487241279237035e-05 -3.5384608504059602e-06 -9.1973143836149129e-07 8.0549417705208791e-05 1.1793753087194224e-05 -8.966489503014787e-05 8.4255479549570991e-05 6.5790625271724539e-05 1.1394806387524625e-05 -0.00010256863540728042 0.00022852759067805678 -0.00017132103428299072 0.00020894713673938836 9.1741920456122402e-05 7.7113782925610036e-05 3.4443652966316649e-07 -7.6940081682186709e-05 -0.00011654184970527986 6.6257535484892741e-05 3.418130135125074e-05 4.7349538179010511e-07 0.00020496934870009641 -1.4127819849428428e-07 9.4157203465342529e-05 -3.9298150784037114e-05 -7.5056885495920208e-05 0.00011857165915690599 -7.8651440985955988e-08 5.952541210395505e-05 -3.5710572416720762e-05
leaf_weight=28 34 35 398 25 20 23 22 20 31 27 23 28 21 37 33 21 37 20 45 28 26 36 183 27 22 45 26 39 52 218
leaf_count=28 34 35 398 25 20 23 22 20 31 27 23 28 21 37 33 21 37 20 45 28 26 36 183 27 22 45 26 39 52 218
internal_value=6.13497e-05 0.000249688 3.18878e-05 0.00220307 0.00135815 -0.00755814 0.00220264 0.00380886 -0.00403226 -0.00887097 0.00271261 -0.00347222 0.00436803 0.00244186 0.012037 -0.00867347 0.000906736 0.00288462 -0.000806452 -0.00729167 0.00833333 -0.00105163 0.00216895 -0.00190447 0.00663265 -0.00244216 -0.00165706 -0.00892857 -0.00232036 -0.00308442
internal_weight=1630 1602 1568 522 497 43 454 361 93 62 341 72 269 215 54 49 193 156 93 48 63 1046 219 827 49 778 694 84 668 616
internal_count=1630 1602 1568 522 497 43 454 361 93 62 341 72 269 215 54 49 193 156 93 48 63 1046 219 827 49 778 694 84 668 616
is_linear=0
shrinkage=0.05


Tree=27
num_leaves=31
num_cat=0
split_feature=20 26 0 18 16 11 21 7 24 21 15 19 25 42 25 32 18 22 28 11 38 4 1 36 16 17 25 23 13 40
split_gain=1.47939 2.47915 2.09987 1.5881 1.53403 1.82479 2.11468 1.4383 1.42045 1.61212 1.363 1.65913 1.21346 1.20021 1.19289 1.10802 1.47273 2.03576 1.41681 1.01361 1.09014 1.41792 1.00833 0.971645 0.95028 1.35452 0.93678 1.41324 1.00113 2.11693
threshold=444.61499999999802 90486.20926641277 93520.455000000016 271.87999999999744 0.011346147265107975 0.0029966313147579029 161.68000000000032 0.015821060441966826 2539.9887915300001 456.27000000000413 0.0051183532614744219 2109.7200000000016 1.725678080502359 602.51641130617259 2.6858264410752821 4265.2127339426015 -296.44499999999238 3530.8470932500004 2100.6374865558978 -0.036816721146278784 71.442896994392157 1378.2817100000002 112280.00000000001 2397.6103476530411 0.014427573753212809 0.011931990333522824 -1.1422507096416579 -1.2357238293925512 -0.019364397933557927 -543.13616981277289
decision_type=2 2 2 2 2 2 2 2 2 2 2 2 2 2 2 2 2 2 2 2 2 2 2 2 2 2 2 2 2 2
left_child=12 7 -3 4 5 10 -7 24 -5 -10 -4 -12 13 15 -14 18 -17 -18 19 -1 26 -22 -23 -20 25 -2 -21 -28 -29 -30
right_child=1 2 3 8 -6 6 -8 -9 9 -11 11 -13 14 -15 -16 16 17 -19 23 20 21 22 -24 -25 -26 -27 27 28 29 -31
leaf_value=0.00019604045346316405 0.00015563070659424175 -6.4425748791052594e-05 -4.2384323209331036e-05 2.8566596931341166e-05 0.00023075259257856443 -8.7786442701634428e-05 1.6806842068972217e-05 -2.6154140518210725e-06 -0.00012129860067665068 1.1111493053407029e-05 0.00010310052185829203 -9.952288541888563e-05 -0.00016088299834486337 -0.00011871707453731474 9.6681617925025111e-06 -6.3737375487431515e-05 0.00012719090737061154 1.222039396422286e-06 -1.3780922086165047e-05 1.001025892371732e-05 -5.2662648285494953e-05 7.425011349748218e-05 -3.5033939116624477e-08 -6.7987258881012369e-05 0.0002570135854801573 -7.6034038328738164e-06 -5.4764383513707804e-05 -3.7011129306751865e-05 3.5558834995696556e-05 -1.5350740730232455e-06
leaf_weight=21 26 20 20 26 20 20 36 21 35 22 62 22 35 20 23 20 21 23 22 27 23 40 20 20 21 20 22 193 117 612
leaf_count=21 26 20 20 26 20 20 36 21 35 22 62 22 35 20 23 20 21 23 22 27 23 40 20 20 21 20 22 193 117 612
internal_value=0.000122699 0.00289757 0.000618375 0.00180608 0.00444444 0.0028125 -0.00446429 0.0102273 -0.00391566 -0.00833333 0.00673077 0.00952381 -0.000694996 -0.000353872 -0.00775862 -0.00014818 0.00625 0.0113636 -0.000514772 -0.000162791 -0.000379507 0.00512048 0.00916667 -0.00952381 0.013806 0.00978261 -0.00084964 -0.00111229 -0.000813449 3.42936e-05
internal_weight=1630 371 283 263 180 160 56 88 83 57 104 84 1259 1201 58 1181 64 44 1117 1075 1054 83 60 42 67 46 971 944 922 729
internal_count=1630 371 283 263 180 160 56 88 83 57 104 84 1259 1201 58 1181 64 44 1117 1075 1054 83 60 42 67 46 971 944 922 729
is_linear=0
shrinkage=0.05


Tree=28
num_leaves=31
num_cat=0
split_feature=20 39 15 11 16 42 19 2 39 34 19 19 11 26 5 13 7 20 20 40 32 21 35 9 4 24 34 21 35 41
split_gain=1.37048 1.83648 1.80158 1.83822 1.92266 1.78924 1.5811 1.575 1.3913 1.27139 2.09367 2.06928 2.06547 1.92818 1.24022 1.57402 2.06289 1.13437 1.06745 1.59393 1.68786 1.60353 1.16715 1.37555 1.56861 2.11737 1.29477 1.89344 1.51363 1.67073
threshold=444.61499999999802 851.8324999999985 0.0050495564796375339 0.0035832629436125195 0.010823977910564806 401.95481604232663 2109.7200000000016 85160.040000000023 1419.0810714285717 114835.46618999822 1990.019999999997 991.33999999999662 -0.012143487431391339 115921.04649064905 0.0044066335067481392 0.012504202322086643 0.0014932667298823883 258.9550000000018 22.299999999995638 -287.74907736652671 2408.6872515366927 302.58999999999656 113327.64167500001 0.0031998935962759246 1290.1723500000003 2776.7685968999999 113611.6497066072 244.30499999999304 112537.77710000002 -1028.6004221047613
decision_type=2 2 2 2 2 2 2 2 2 2 2 2 2 2 2 2 2 2 2 2 2 2 2 2 2 2 2 2 2 2
left_child=9 -2 -3 4 6 14 -4 -6 -7 18 11 12 -11 -14 15 16 -5 -13 19 -1 21 -21 26 24 -24 -26 28 -28 29 -20
right_child=1 2 3 5 7 8 -8 -9 -10 10 -12 17 13 -15 -16 -17 -18 -19 22 20 -22 -23 23 -25 25 -27 27 -29 -30 -31
leaf_value=8.6207798658814657e-05 0.00011161990636723656 -4.9628985987010191e-05 0.00010765540406823739 8.5410023643649955e-05 0.00024081442362741863 -2.4846433492300189e-06 -8.6992524069362732e-05 -0.00020643304419511914 8.4990394874929112e-05 6.1796311597671799e-06 -0.00017542910867027 -1.194748082453279e-06 -0.00013823701382641987 -1.747880935300292e-05 3.2685750689627406e-05 -0.00011633796061591243 -3.7789441446575766e-05 0.00016993915343639591 -7.1132288903389448e-05 9.444284617954108e-06 6.3918555606156576e-05 -8.1748796517102347e-05 -6.2471135726322495e-06 -3.7279090527887089e-06 0.00013563801932304942 5.8771259165059612e-06 -4.7876495288848536e-07 -5.165674929650245e-05 2.0149673386367358e-05 -2.1639622237993761e-06
leaf_weight=29 20 41 88 20 21 23 23 24 23 22 20 40 22 31 35 30 23 24 53 33 21 25 37 71 32 44 33 25 35 662
leaf_count=29 20 41 88 20 21 23 23 24 23 22 20 40 22 31 35 30 23 24 53 33 21 25 37 71 32 44 33 25 35 662
internal_value=9.20245e-05 0.0027628 0.00192308 0.00322581 0.00705128 -0.000649351 0.0105856 -0.00166667 0.0076087 -0.000694996 -0.00487421 -0.00269784 -0.00833333 -0.0136792 -0.00416667 -0.00787671 -0.00174419 0.00390625 -9.09091e-05 0.00462963 0.000949367 -0.00344828 -0.000604839 0.00298913 0.00641593 0.0105263 -0.00142327 -0.00862069 -0.000866667 -0.00136364
internal_weight=1630 371 351 310 156 154 111 45 46 1259 159 139 75 53 108 73 43 64 1100 108 79 58 992 184 113 76 808 58 750 715
internal_count=1630 371 351 310 156 154 111 45 46 1259 159 139 75 53 108 73 43 64 1100 108 79 58 992 184 113 76 808 58 750 715
is_linear=0
shrinkage=0.05


Tree=29
num_leaves=31
num_cat=0
split_feature=7 35 7 11 22 20 20 4 25 4 20 23 20 38 15 38 22 16 42 25 5 23 15 40 16 18 36 2 1 25
split_gain=1.13367 1.92718 1.58985 1.53802 1.34953 1.33544 1.96254 1.29393 1.18674 2.11485 1.88947 2.27223 1.30344 2.03804 1.81189 1.78689 1.95926 1.65661 1.95669 1.5525 1.80917 1.89925 1.18945 2.12683 1.17556 1.16031 1.5303 1.6226 1.89233 1.85358
threshold=-0.00040500971499167715 115281.74450000002 -0.00017331653704094729 0.019061651972989768 5546.0865903750009 941.70500000000186 796.77000000000419 687.64695000000017 0.64344368788898276 3481.4258130000003 302.68000000000035 1.282174796745627 105.41000000000351 62.373368468679452 0.0048815380050621542 40.886574038308979 2742.9956660000003 0.0048139665552078279 -87.553402241059175 -0.59930046750853116 -0.0022497924099173232 -0.84874138870679217 0.0054002646102992756 -319.11884012775403 0.0066718392726609925 271.87999999999744 6517.3921408426986 83848.270000000019 87684.360000000015 -0.70068829671841626
decision_type=2 2 2 2 2 2 2 2 2 2 2 2 2 2 2 2 2 2 2 2 2 2 2 2 2 2 2 2 2 2
left_child=3 2 -2 4 8 6 7 -4 9 12 11 -10 13 14 -1 -16 -17 18 -14 20 -19 -22 -21 -24 -25 -9 27 -27 -29 -30
right_child=1 -3 5 -5 -6 -7 -8 25 10 -11 -12 -13 17 -15 15 16 -18 19 -20 22 21 -23 23 24 -26 26 -28 28 29 -31
leaf_value=-1.0644508770746991e-05 -9.5632475739831991e-05 -2.6930941216764563e-05 2.9226824923505896e-05 6.4944058279953814e-05 -0.00017492719178507151 -8.7301389214742463e-05 0.00020442845403768678 -5.8497561082081752e-06 -0.00010832914800891891 8.8311813532357178e-05 1.2397259451120544e-05 -2.4926403939951439e-05 7.7334136034693101e-05 -5.9378333982887014e-05 -9.3397698239185939e-06 1.3174531093541914e-06 0.0001082761421263634 -5.472732634812915e-05 2.0429377777388355e-05 -3.556289064285301e-05 5.1847091451579281e-05 -3.2708495832193879e-05 -3.5522446307359416e-06 0.00015886574602225239 1.7699441126604162e-05 -6.5574423449703883e-05 -2.3469524408336954e-05 0.0001292518876869844 -3.3300007694180555e-05 1.9697341272582305e-05
leaf_weight=41 22 111 20 34 41 28 21 309 31 67 73 41 22 34 26 30 24 33 24 46 39 23 41 30 45 25 83 29 37 200
leaf_count=41 22 111 20 34 41 28 21 309 31 67 73 41 22 34 26 30 24 33 24 46 39 23 41 30 45 25 83 29 37 200
internal_value=-6.13497e-05 -0.00127119 -0.000387597 0.00137584 0.000879044 0 0.000414365 -3.55619e-05 0.00141791 0.00252381 -0.00258621 -0.00833333 0.00131004 -0.00241935 0.000619835 0.005 0.0101852 0.00321782 0.0119565 0.0016537 -0.00342105 0.0016129 0.00462963 0.00732759 0.0123333 -0.000402635 0.00147059 0.00317869 0.00432331 0.0028481
internal_weight=1630 885 774 745 711 752 724 703 670 525 145 72 458 155 121 80 54 303 46 257 95 62 162 116 75 683 374 291 266 237
internal_count=1630 885 774 745 711 752 724 703 670 525 145 72 458 155 121 80 54 303 46 257 95 62 162 116 75 683 374 291 266 237
is_linear=0
shrinkage=0.05


Tree=30
num_leaves=31
num_cat=0
split_feature=42 9 2 9 23 19 20 19 9 21 39 21 15 32 21 21 11 7 13 41 16 42 41 38 13 11 0 40 0 17
split_gain=1.48675 1.07439 1.00348 1.0398 2.40345 2.68571 1.97686 1.8479 1.95144 1.48137 1.34282 1.29622 1.29356 1.24256 1.15079 1.34173 1.43532 1.72941 1.50973 1.7591 1.74545 1.5432 2.85318 2.50464 2.40203 2.37527 1.79652 1.61354 1.52881 2.04961
threshold=-680.01943988486528 -0.034130370145373533 81552.500000000015 0.0085939677888287481 -0.085640494134302456 1333.3750000000002 349.60000000000588 2093.0550000000007 0.024224108913995488 230.10500000000323 1081.3357142857153 196.42499999999566 0.0069349191788911626 1645.3058243261114 11.294999999998256 25.059999999997675 0.019864377026891752 -0.00080353363275789962 0.034741200426036928 1696.5340736923988 0.0083634335251910469 132.3315885262472 -1170.1303545715075 75.671002462101768 0.0026134519024933528 0.0083045264316806283 90963.22500000002 98.459869569029266 108838.95500000002 0.0060885445781516849
decision_type=2 2 2 2 2 2 2 2 2 2 2 2 2 2 2 2 2 2 2 2 2 2 2 2 2 2 2 2 2 2
left_child=-1 -2 -3 14 6 11 9 10 -9 12 -7 -6 -5 -12 -4 -16 18 -18 19 21 -20 24 -23 -24 -17 26 -26 -28 -29 -30
right_child=1 2 3 4 5 7 -8 8 -10 -11 13 -13 -14 -15 15 16 17 -19 20 -21 -22 22 23 -25 25 -27 27 28 29 -31
leaf_value=0.00022231110806169847 -0.0001747854675439399 0.00010021088883845587 5.2079161342848221e-05 -5.682282469696826e-05 1.3340176456014643e-05 -0.00013167530601216243 -0.00010108503726505036 0.00015135025638461858 -0.00011785282524092865 1.4817119503202363e-05 3.9082885228112746e-05 7.8669277557497807e-05 -8.2376403738667582e-06 -3.5395540309489725e-05 -7.2418028390217704e-05 1.1821946679768927e-06 0.00011674794433650352 1.6591432340959858e-06 -0.0001059763671675778 5.7453843125640885e-05 3.0336872089853056e-06 -0.00015769648500068293 3.7251365942247445e-05 -6.24265950821821e-05 1.2733379628640535e-05 -8.3121407235876252e-05 -0.00011017922728262508 -6.2660525108551191e-05 0.00010768112915610068 -9.9371950985427356e-06
leaf_weight=21 27 26 52 23 31 23 42 33 23 49 26 42 37 29 33 620 20 34 20 31 24 21 137 20 27 31 22 42 27 37
leaf_count=21 27 26 52 23 31 23 42 33 23 49 26 42 37 29 33 620 20 34 20 31 24 21 137 20 27 31 22 42 27 37
internal_value=-0.000122699 -0.000295214 -0.000126422 -0.000289203 -0.00265363 0.000845411 -0.00745033 -0.00335821 0.00357143 -0.00389908 -0.00833333 0.00856164 -0.00916667 -0.00409091 0.000417362 8.726e-05 0.000381851 0.00833333 -2.36072e-05 0.000369458 -0.00909091 0 0.00421348 0.00652866 -0.000930521 -0.00591398 -0.0033871 -0.00585938 -0.00330189 0.0015625
internal_weight=1630 1609 1582 1556 358 207 151 134 56 109 78 73 60 55 1198 1146 1113 54 1059 1015 44 984 178 157 806 186 155 128 106 64
internal_count=1630 1609 1582 1556 358 207 151 134 56 109 78 73 60 55 1198 1146 1113 54 1059 1015 44 984 178 157 806 186 155 128 106 64
is_linear=0
shrinkage=0.05


Tree=31
num_leaves=31
num_cat=0
split_feature=7 11 7 25 40 13 18 38 40 36 21 36 13 9 40 13 42 25 23 1 24 40 5 23 25 9 21 0 26 13
split_gain=1.02106 2.44636 1.31252 1.28646 1.90837 1.77894 2.34003 2.60742 2.28038 1.69693 1.70935 1.66324 1.42602 1.28163 1.25744 1.39077 1.93379 1.48498 2.43373 2.12556 1.29423 1.26138 1.225 1.20777 1.67994 2.04963 1.80531 1.78947 1.92157 1.52454
threshold=-0.003296797311584148 0.019061651972989768 -0.0029156975961017293 -0.65427149704849641 269.39518133498501 -0.013908670751233818 -600.02500000000862 26.206134195723077 -740.47689095801604 -2811.3478577788478 110.81499999999507 -6161.1361779568242 -0.037106881485492522 -0.009235323821210251 2009.6404590771492 0.044929761817791257 495.52193023450405 0.82187084916504605 1.282174796745627 116786.62000000001 2975.8964840000003 571.92989239111205 -0.0014059146625955571 0.71519739459066234 -0.31504531041485256 0.0040808177072307042 28.500000000000004 94571.885000000024 86968.749327327401 -0.0056933280829635849
decision_type=2 2 2 2 2 2 2 2 2 2 2 2 2 2 2 2 2 2 2 2 2 2 2 2 2 2 2 2 2 2
left_child=1 3 -2 4 -1 6 11 -8 -9 13 -11 -5 -13 -7 15 16 17 18 23 21 -17 -19 -10 24 25 29 -26 28 -28 -4
right_child=2 -3 14 5 -6 9 7 8 22 10 -12 12 -14 -15 -16 20 -18 19 -20 -21 -22 -23 -24 -25 26 -27 27 -29 -30 -31
leaf_value=7.0436294344763193e-06 -3.2237407195001143e-05 6.4977513221522339e-05 1.1824754940284124e-05 1.0932444203384047e-05 -8.5891214287408139e-05 7.2447280136303524e-05 0.00021187753149083593 -0.00012094888212992384 0.00013578950526442506 3.3937970520466649e-05 -6.7019728756767371e-07 -0.00011844303069390886 -1.2590503903671515e-05 0.00018182785764792134 -5.946715108446758e-05 0.00014084468725499808 -0.00013328048714833895 -0.00012138034661949868 0.00014270836943779312 8.4317843406553282e-05 5.9310685271380771e-06 1.9923823587816285e-05 -2.0739085439984222e-06 -0.00012396997823706961 0.00015206595329235321 -1.9087250959076794e-05 -2.533766053402127e-05 -3.3010833507431161e-07 0.00019718975329775218 -3.5882523078690295e-06
leaf_weight=55 24 25 129 39 35 33 30 25 20 41 123 24 44 21 26 20 30 66 20 23 34 21 20 30 30 197 24 188 27 206
leaf_count=55 24 25 129 39 35 33 30 25 20 41 123 24 44 21 26 20 30 66 20 23 34 21 20 30 30 197 24 188 27 206
internal_value=-6.13497e-05 0.00172897 -0.000936073 0.000980392 -0.00444444 0.00214286 -0.00123762 0.00447368 -0.00115385 0.00527523 0.0027439 -0.00630841 -0.0110294 0.012963 -0.000676937 -0.000406699 -0.000832492 -0.000442248 0.000264395 -0.00590909 0.00740741 -0.00948276 0.00625 -0.000150421 0.000218477 -0.00140977 0.00343866 0.00198745 0.0102941 0.000970149
internal_weight=1630 535 1095 510 90 420 202 95 65 218 164 107 68 54 1071 1045 991 961 851 110 54 87 40 831 801 532 269 239 51 335
internal_count=1630 535 1095 510 90 420 202 95 65 218 164 107 68 54 1071 1045 991 961 851 110 54 87 40 831 801 532 269 239 51 335
is_linear=0
shrinkage=0.05


Tree=32
num_leaves=31
num_cat=0
split_feature=3 0 38 40 41 0 11 0 26 26 13 9 36 25 25 23 9 5 5 20 13 36 27 25 17 7 9 31 11 35
split_gain=1.18352 1.77402 1.14286 1.05484 1.22579 1.58426 1.63368 1.45794 2.27115 1.75654 1.91149 1.35941 1.27148 1.16578 1.92315 1.75242 1.97443 1.86314 1.41123 2.55604 1.39355 1.37619 1.31545 1.38478 1.30087 1.26759 1.69384 2.17693 1.83086 1.40076
threshold=82999.045000000027 83955.815000000017 40.886574038308979 2115.9626122887207 1696.5340736923988 118906.02500000001 0.0086127476888856313 117186.24000000001 115870.82409369048 118095.44394193102 0.0020217477450140972 -0.0016881195413518135 9540.8677935488977 2.7814341071890927 0.85974016222647576 -0.62230421028373739 0.0095729904131735388 -0.012991547632314155 0.0016386684590022208 220.23000000000323 0.027971860556909322 1313.4951850833461 112903.83950000002 -0.58434208063431059 0.0071287283455901971 -0.0024137697069695511 -0.0021460009830904293 108642.17540000002 -0.011240561864577218 106083.54857500001
decision_type=2 2 2 2 2 2 2 2 2 2 2 2 2 2 2 2 2 2 2 2 2 2 2 2 2 2 2 2 2 2
left_child=2 -2 -1 4 5 7 11 8 13 -9 -11 -7 -6 14 15 16 20 -17 19 -16 22 -21 -3 -24 -20 26 27 -19 -29 -28
right_child=1 3 -4 -5 12 6 -8 9 -10 10 -12 -13 -14 -15 18 17 -18 25 24 21 -22 -23 23 -25 -26 -27 29 28 -30 -31
leaf_value=-2.3801467403621058e-05 -7.7519396818206808e-05 2.8830894091904579e-06 0.00019724304485646844 -5.0981974561403113e-05 0.00011523464248629493 -4.0369153419743001e-05 -7.7080698255762849e-05 8.2748155226982514e-05 -1.4131909358007261e-05 1.3865067188651102e-05 -2.7533222211798081e-05 2.7153952308562485e-05 -5.7701603742247347e-06 0.00012099767591838868 -5.7796417493554525e-05 -0.00014564925110416912 -8.2954248201202123e-05 -4.546984217583864e-07 -8.4795396301140206e-06 -5.5759164634361436e-06 -7.0715009243134147e-05 0.00019832190440537177 -5.7672823185193221e-06 -0.00010264405918282349 -0.00017664007074128473 2.1612004288133715e-06 0.00018401098301391505 0.00016745362429752879 7.0303687301877596e-06 3.5001769923474219e-06
leaf_weight=28 31 281 28 24 29 21 23 38 69 43 26 20 23 30 29 25 37 105 32 35 29 21 26 20 37 409 24 30 37 20
leaf_count=28 31 281 28 24 29 21 23 38 69 43 26 20 23 30 29 25 37 105 32 35 29 21 26 20 37 409 24 30 37 20
internal_value=0 -0.00025413 0.00714286 -1.62022e-05 0.000148124 -0.000119291 -0.0078125 0.000231646 -0.000231481 0.00584112 0.00108696 -0.00182927 0.00769231 0.000264874 2.08855e-05 0.000790988 -0.00184478 0.00238462 -0.00519481 -0.000882353 -0.000702247 0.00535714 0.000229358 -0.0076087 -0.0105072 0.00292 0.00601852 0.00377907 0.0108209 0.0147727
internal_weight=1630 1574 56 1543 1519 1467 64 1403 1296 107 69 41 52 1227 1197 1043 393 650 154 85 356 56 327 46 69 625 216 172 67 44
internal_count=1630 1574 56 1543 1519 1467 64 1403 1296 107 69 41 52 1227 1197 1043 393 650 154 85 356 56 327 46 69 625 216 172 67 44
is_linear=0
shrinkage=0.05


Tree=33
num_leaves=31
num_cat=0
split_feature=36 41 32 13 32 42 24 24 36 23 25 38 35 13 17 9 38 7 7 4 35 4 38 28 23 23 31 40 31 22
split_gain=1.05102 1.31268 1.6129 1.52254 2.09791 1.0702 2.45287 1.35537 2.2209 1.03058 1.82028 1.49879 1.6295 1.8957 1.49462 2.1057 1.4834 1.3892 1.7107 1.38039 1.68826 2.04948 1.88771 1.83769 1.5905 1.77548 1.89241 2.44227 1.6129 1.53911
threshold=10974.978097172136 1696.5340736923988 5108.196487224538 0.048126228547339965 2520.866220692486 -149.15791888818424 3156.6846061000001 2282.1313844300007 5391.7564290319506 -0.77034647851684135 -1.1422507096416579 68.611311481350285 114001.55545000001 0.033895525493785827 0.0064277583196702178 0.0091351010708862358 66.654643154399977 -0.0018171417315070285 0.00072826647342842589 4818.3753300000008 101354.58097500003 3270.7190900000005 32.714734971162173 497.43310285888589 -0.70363919106869233 -0.65988609628037542 106767.54990000003 -456.20013296649989 105646.35920000002 2941.9964955000009
decision_type=2 2 2 2 2 2 2 2 2 2 2 2 2 2 2 2 2 2 2 2 2 2 2 2 2 2 2 2 2 2
left_child=1 3 -3 4 9 -6 7 -7 -9 10 -1 16 13 -13 17 -16 19 -12 -19 20 21 22 -11 -23 -22 -26 27 -27 -29 -21
right_child=-2 2 -4 -5 5 6 -8 8 -10 11 14 12 -14 -15 15 -17 -18 18 -20 29 24 23 -24 -25 25 26 -28 28 -30 -31
leaf_value=1.0453144107992036e-05 -7.8023298275436124e-05 0.0001094729103619802 -5.4816523555134972e-06 6.5833077471621259e-05 4.2566239978826538e-06 -5.4073238066806796e-05 -0.00015452378443377111 8.0823965568217553e-05 -0.00010026958894529515 -0.00010903515662097517 -0.00017157647319458657 8.6664201405883042e-05 -5.4614506327628644e-05 -1.8161542541382555e-05 2.0061960963473654e-06 -7.1981277885568615e-05 -7.5048850175284099e-05 8.1969665021267863e-07 -3.9607722311794241e-05 2.6323636137246705e-05 3.8205088259941948e-05 0.0002552802993005186 1.6078448270759045e-05 3.8789881419992682e-06 -5.2951954069030053e-05 4.0957121360699581e-05 3.0870129734587177e-06 -6.8540748702043635e-06 -8.5114358029354602e-05 -2.9099312051368771e-05
leaf_weight=27 24 31 31 51 21 23 28 31 20 24 21 53 28 20 207 25 31 23 38 37 32 35 115 22 23 40 350 31 31 157
leaf_count=27 24 31 31 51 21 23 28 31 20 24 21 53 28 20 207 25 31 23 38 37 32 35 115 22 23 40 350 31 31 157
internal_value=-3.06748e-05 0.000124533 0.00725806 -0.000161917 -0.00045211 -0.00670732 -0.00882353 -0.00405405 0.000490196 0.000109489 -0.00227273 0.000898931 0.00668317 0.0106164 -0.00334395 -0.0012931 0.000269397 -0.00914634 -0.00532787 0.000641026 0.00167141 0.00561224 0.00233813 0.0135965 0.000147929 -0.000578947 0.000110619 -0.00588235 -0.0120968 -0.00309278
internal_weight=1630 1606 62 1544 1493 123 102 74 51 1370 341 1029 101 73 314 232 928 82 61 897 703 196 139 57 507 475 452 102 62 194
internal_count=1630 1606 62 1544 1493 123 102 74 51 1370 341 1029 101 73 314 232 928 82 61 897 703 196 139 57 507 475 452 102 62 194
is_linear=0
shrinkage=0.05


Tree=34
num_leaves=31
num_cat=0
split_feature=42 9 41 36 36 5 22 19 4 35 9 7 38 13 36 40 13 34 32 41 39 18 32 13 38 42 41 7 32 5
split_gain=1.00504 1.07439 0.916665 1.18459 1.51469 1.34369 1.80952 1.57205 2.35848 1.71199 1.63831 1.44545 1.29151 1.41114 1.53057 1.99273 2.12738 1.25022 1.1355 1.28978 1.69949 1.2552 1.44632 1.13346 1.86295 1.25404 1.21691 1.04425 2.67163 1.88162
threshold=-680.01943988486528 -0.034130370145373533 -1862.4090972128017 -10124.069346287075 -11701.223998475869 0.0076339947077123877 3668.3549675000004 2109.7200000000016 3795.2231650000003 105741.46047500001 0.021632386381964217 0.010501723822488634 84.960668670053607 0.048126228547339965 8346.675570451067 1307.7214948497351 0.035616757168182904 112851.09052702614 -4418.762836669709 -1145.2659694078018 1360.3496428571418 559.29999999999575 376.66401456439786 0.0035646033386767463 47.448322268249065 238.40802128973419 152.52128830054056 0.00093385204524552054 1086.3116678890585 -0.0018189347592913413
decision_type=2 2 2 2 2 2 2 2 2 2 2 2 2 2 2 2 2 2 2 2 2 2 2 2 2 2 2 2 2 2
left_child=-1 -2 -3 4 -4 11 7 8 9 -7 -9 12 13 14 15 16 18 -11 -5 -20 21 27 -23 24 26 -25 -22 -21 29 -29
right_child=1 2 3 5 -6 6 -8 10 -10 17 -12 -13 -14 -15 -16 -17 -18 -19 19 20 23 22 -24 25 -26 -27 -28 28 -30 -31
leaf_value=0.00019193903163752406 -0.00016281314663543712 6.2212341175623838e-05 1.0164086401567971e-05 0.00015407800257282201 -0.00015410287550098067 0.00011579677778312642 -7.6897395991217917e-05 0.00024460633698122517 -0.00014231187394338993 -0.00012951076012830782 -6.955259963231588e-06 2.9724736002842889e-05 -6.6847814947851869e-05 3.7272091111267685e-05 -5.7621620014253178e-05 0.00010399926484388118 -8.3262233575455598e-05 2.5864416899089628e-06 -0.00011542935665456245 7.7871181770204551e-07 2.6443213220074322e-06 -1.7670604655368872e-06 0.0001042577559286849 6.632912762530134e-05 -4.1881225420508649e-05 1.8236033469726319e-06 7.3974969114958022e-05 -4.9299067510241412e-05 -8.1734221267497611e-05 9.4754209927227587e-06
leaf_weight=21 27 23 22 25 30 27 53 20 26 20 22 90 20 29 63 27 24 22 30 515 59 20 26 29 28 22 37 27 92 154
leaf_count=21 27 23 22 25 30 27 53 20 26 20 22 90 20 29 63 27 24 22 30 515 59 20 26 29 28 22 37 27 92 154
internal_value=-0.000153374 -0.000295214 -0.000126422 -0.000272611 -0.00769231 -1.65893e-05 -0.00394737 -0.000912409 -0.00447368 0.000362319 0.00714286 0.000550494 0.000101874 0.000310688 4.24448e-05 0.000470852 0.000137868 -0.00595238 0.000469925 0.000216554 0.000520317 -0.000419664 0.0076087 0.005 0.00241935 0.0112745 0.00572917 -0.000888325 -0.00338828 0.000138122
internal_weight=1630 1609 1582 1559 52 1507 190 137 95 69 42 1317 1227 1207 1178 1115 1088 42 1064 1039 1009 834 46 175 124 51 96 788 273 181
internal_count=1630 1609 1582 1559 52 1507 190 137 95 69 42 1317 1227 1207 1178 1115 1088 42 1064 1039 1009 834 46 175 124 51 96 788 273 181
is_linear=0
shrinkage=0.05


Tree=35
num_leaves=31
num_cat=0
split_feature=40 13 41 36 15 42 20 25 15 9 19 27 39 4 42 21 42 19 11 22 22 28 20 21 36 11 42 1 9 40
split_gain=1.46323 1.66622 1.22487 1.43515 1.99356 1.40434 1.35711 1.81029 1.46021 1.53036 1.49503 1.67143 2.09281 1.49419 1.96515 1.40691 1.94707 1.58223 1.32212 1.40307 3.01786 1.66824 1.88147 2.19738 1.875 1.339 1.2458 1.23223 1.225 1.22377
threshold=2115.9626122887207 0.048126228547339965 1863.7346240547506 8002.5859051745947 0.0064363593669585903 37.195333504460173 288.14499999999686 0.85974016222647576 0.004351075966030093 0.0067356975178810919 1924.705000000002 113720.29150000002 1667.825357142857 1987.3846700000001 89.357524803690069 199.69999999999712 323.41026429598435 450.0800000000018 0.013435855766561344 3099.5894105000002 3641.6116468250002 -631.92140906365955 99.195000000006999 87.019999999996813 1313.4951850833461 -0.0040460446574049824 -259.46138395620687 108218.59500000002 0.00057696088477359267 837.42180374617612
decision_type=2 2 2 2 2 2 2 2 2 2 2 2 2 2 2 2 2 2 2 2 2 2 2 2 2 2 2 2 2 2
left_child=1 2 3 6 -5 -6 7 15 -8 10 13 12 -12 14 -10 16 18 -17 19 21 -21 -1 25 24 -24 -23 -15 -25 -26 -19
right_child=-2 -3 -4 4 5 -7 8 -9 9 -11 11 -13 -14 26 -16 17 -18 29 -20 20 -22 22 23 27 28 -27 -28 -29 -30 -31
leaf_value=9.330592349484442e-06 -4.9087579462958017e-05 5.8210341915225116e-05 7.6834427944640448e-05 -0.00016772296686761362 1.8777112564347742e-05 -6.3857556839554401e-05 -1.388898116014897e-05 -3.842431441548842e-05 -1.4191434670572326e-05 -4.3086513433886409e-06 0.00013200636796141708 -0.0001248149384518583 -6.3032753684149937e-05 0.0001943929495718208 3.9938182159227836e-05 4.9747195687702164e-05 -5.6553987613018363e-05 3.0983532136724657e-06 4.4330362108281888e-05 -7.9143327989770242e-05 5.9732243648451455e-06 1.7076811226393662e-06 -0.00012565179033550999 1.0980209653279812e-06 1.4198068112363503e-05 -4.4894038157051081e-05 3.4735346753644446e-05 -6.3570843320861497e-05 8.6745267447116168e-05 -5.1107162611456551e-05
leaf_weight=61 24 57 27 40 36 21 59 96 42 146 38 21 24 43 26 23 27 379 23 28 28 23 20 30 20 59 116 35 20 38
leaf_count=61 24 57 27 40 36 21 59 96 42 146 38 21 24 43 26 23 27 379 23 28 28 23 20 30 20 59 116 35 20 38
internal_value=-0.000245399 -6.22665e-05 -0.000371207 -0.000558476 -0.0064433 -0.000438596 -0.000157895 -0.00131868 0.0018932 0.00285088 0.00483871 -0.000903614 0.00322581 0.00693833 0.000735294 -0.000552826 -0.00280749 0.00136364 -0.00180115 -0.00262346 -0.00982143 -0.0011194 -0.00326087 0.0006 0.0075 -0.00914634 0.00959119 -0.00576923 0.01375 0.000659472
internal_weight=1630 1606 1549 1522 97 57 1425 910 515 456 310 83 62 227 68 814 374 440 347 324 56 268 207 125 60 82 159 65 40 417
internal_count=1630 1606 1549 1522 97 57 1425 910 515 456 310 83 62 227 68 814 374 440 347 324 56 268 207 125 60 82 159 65 40 417
is_linear=0
shrinkage=0.05


Tree=36
num_leaves=31
num_cat=0
split_feature=42 42 4 25 19 25 25 25 25 23 15 9 9 28 15 21 21 41 9 15 1 0 11 7 0 21 24 17 17 30
split_gain=1.45401 2.27965 1.23404 1.15988 1.74893 1.43904 2.23483 1.94129 1.30645 1.08624 1.8313 1.55678 2.27874 1.91351 2.1977 2.52609 3.11817 1.90002 1.84148 1.7317 1.71772 2.12264 1.7477 1.59191 1.62729 1.50452 1.46606 2.12222 1.83767 2.39017
threshold=602.51641130617259 459.11332137407243 3460.5634400000004 1.0066943534083359 1282.5500000000031 2.9271690851299472 1.8626090626955694 1.3226732882922827 2.3454130813613028 -0.65988609628037542 0.0026125465797756631 -0.0042552126065439101 -0.0053345783847152809 112.24901957064868 0.0035595222748256005 46.799999999995642 295.24500000000268 118.03410601116398 0.010301592509669931 0.0061506810920116482 113449.49500000001 103443.03500000002 -0.0055094300809285877 0.0017951526938598183 103153.85000000002 618.98000000000332 2643.5670625000007 0.0066404223069287923 0.0098257239051071209 112267.52088358106
decision_type=2 2 2 2 2 2 2 2 2 2 2 2 2 2 2 2 2 2 2 2 2 2 2 2 2 2 2 2 2 2
left_child=1 3 -3 9 -5 6 7 -6 -8 -1 -11 12 25 17 -15 -16 23 19 -18 -13 21 22 -21 -17 -25 26 27 -12 29 -28
right_child=-2 2 -4 4 5 -7 8 -9 -10 10 11 13 -14 14 15 16 18 -19 -20 20 -22 -23 -24 24 -26 -27 28 -29 -30 -31
leaf_value=-1.363840010895032e-06 -8.425113106662823e-05 7.3582468413732488e-07 0.00013177831052437608 -0.00024701888999628571 -9.4086138488070465e-05 0.00010347620438644766 -0.00022356252118900738 2.6889734460273679e-05 -5.7094121259014751e-05 8.1319328463191838e-05 1.659704657841493e-05 0.00011691917271029149 -0.00010185980784262522 -2.065767906285513e-05 0.00017776600308722719 6.9696839627786634e-06 1.6609683364709386e-06 0.00020307234416707616 7.3151485136290791e-05 0.00028781592100857444 3.7371373483321301e-05 -2.679021367554272e-05 -2.4215170189378999e-05 2.0043815629450398e-06 -6.6354734516513769e-05 -1.64142778260632e-05 0.00013648854985507012 -0.00010316690242550636 -1.3521095541217671e-05 -6.251456447650813e-06
leaf_weight=479 36 29 31 20 41 34 31 45 31 22 39 46 35 36 37 39 75 30 48 26 23 53 27 29 61 45 67 29 49 37
leaf_count=479 36 29 31 20 41 34 31 45 31 22 39 46 35 36 37 39 75 30 48 26 23 53 27 29 61 45 67 29 49 37
internal_value=0.000214724 0.000439147 0.01 6.5189e-05 -0.00346535 -0.00192308 -0.00405405 0.00116279 -0.0112903 0.000600601 0.00167057 0.00129362 -0.00157807 0.00292453 0.000538462 0.00198962 0.000198413 0.00670732 0.00589431 0.00471429 0.00174419 -0.000943396 0.00613208 -0.00523256 -0.00888889 0 0.00169683 -0.00441176 0.00441176 0.00817308
internal_weight=1630 1594 60 1534 202 182 148 86 62 1332 853 831 301 530 325 289 252 205 123 175 129 106 53 129 90 266 221 68 153 104
internal_count=1630 1594 60 1534 202 182 148 86 62 1332 853 831 301 530 325 289 252 205 123 175 129 106 53 129 90 266 221 68 153 104
is_linear=0
shrinkage=0.05


Tree=37
num_leaves=31
num_cat=0
split_feature=0 25 25 0 41 13 23 15 11 3 35 9 20 30 19 31 20 31 30 15 26 34 41 32 42 23 19 39 0 5
split_gain=1.35278 1.33127 1.62699 1.40922 1.87163 2.43373 1.61852 1.25952 1.3023 1.07243 0.947904 0.912695 1.73681 2.21039 3.12621 2.13892 2.09265 2.29001 2.12233 1.93075 1.80253 1.73028 1.64758 2.36777 1.63128 1.62371 1.82423 1.59266 1.63896 1.445
threshold=119090.97500000002 2.7814341071890927 1.8626090626955694 117186.24000000001 354.69549377823824 0.0015906211095338062 -0.80314455495027615 0.008233612054328444 0.0092328057438569779 116808.65500000001 97120.652550000013 0.0039641515151363398 223.31999999999974 106404.84515690852 622.79499999999837 108791.54900000001 69.934999999997686 88055.678200000009 95115.348982568161 0.0042696772115526803 114663.47236471997 89533.434088714785 -812.15809177438348 -2325.4114294520036 -146.32500289460469 -0.65695356703968011 858.8050000000004 1096.953214285712 104807.55000000002 -0.00030933213288107702
decision_type=2 2 2 2 2 2 2 2 2 2 2 2 2 2 2 2 2 2 2 2 2 2 2 2 2 2 2 2 2 2
left_child=1 2 3 9 5 6 -5 8 -2 11 -4 12 13 16 15 -15 18 -18 21 -16 -17 -1 -21 -24 -19 26 27 -13 -29 -26
right_child=7 -3 10 4 -6 -7 -8 -9 -10 -11 -12 25 -14 14 19 20 17 24 -20 22 -22 -23 23 -25 29 -27 -28 28 -30 -31
leaf_value=6.2339603418272679e-05 1.5599913724534258e-05 0.00010013323450201034 -0.0001220460121056003 -7.6113296945288236e-06 3.5978502521415925e-05 -1.6597932677354823e-05 5.7897465742994631e-05 -3.2635438348878404e-05 -7.6844679715046128e-05 -4.07510390520169e-05 -5.148579223289906e-05 -4.5617296886859518e-05 1.5132474496248687e-05 -6.3474282874402893e-05 6.3156083302152831e-05 3.5513767097072966e-05 -5.7594063953449e-05 2.2994316361100521e-05 0.00022112901066127867 -0.00010978715933181734 -2.0474977084478594e-06 -9.5826881787917343e-05 0.00011445115818095886 -5.6610341622490484e-05 5.2207502791331535e-05 -9.46817624122675e-07 -7.9281773962754849e-05 -3.9937212954191296e-05 4.8709945581694011e-05 -7.0379270381705264e-05
leaf_weight=20 33 38 23 21 49 29 29 20 31 22 37 27 371 21 22 38 38 41 32 25 23 23 23 78 50 338 42 20 26 40
leaf_count=20 33 38 23 21 49 29 29 20 31 22 37 27 371 21 22 38 38 41 32 25 23 23 23 78 50 338 42 20 26 40
internal_value=-0.000368098 -3.23415e-05 -0.000265252 6.90608e-05 0.00507813 0.000316456 0.007 -0.00654762 -0.003125 -0.000416667 -0.00833333 -0.000231125 0.000739645 -0.00126582 -0.00478261 0.00304878 0.00204918 -0.0010355 0.009 -0.00912162 0.00778689 0.00174419 -0.0115079 -0.00866337 0.00209924 -0.00204194 -0.00717391 -0.00239726 0.00326087 -0.00166667
internal_weight=1630 1546 1508 1448 128 79 50 84 64 1320 60 1298 845 474 230 82 244 169 75 148 61 43 126 101 131 453 115 73 46 90
internal_count=1630 1546 1508 1448 128 79 50 84 64 1320 60 1298 845 474 230 82 244 169 75 148 61 43 126 101 131 453 115 73 46 90
is_linear=0
shrinkage=0.05


Tree=38
num_leaves=31
num_cat=0
split_feature=4 0 15 25 0 5 5 15 15 4 19 36 21 20 13 9 5 2 20 13 21 21 9 11 2 18 4 13 25 15
split_gain=1.2582 1.13406 1.40015 1.14529 1.03529 2.09131 1.67807 1.47 1.23743 1.17059 2.45703 1.87131 1.59892 1.42693 2.36389 2.26115 1.67202 2.58036 2.83663 2.05949 1.81071 1.61759 1.40715 3.14881 1.27433 2.80092 2.22253 1.68244 1.58329 1.62007
threshold=687.64695000000017 119090.97500000002 0.008233612054328444 2.9271690851299472 116913.35500000001 0.0039641296316508595 -0.0011560089318760432 0.0055667584284703206 0.004535409479677152 1349.0044100000002 604.64499999999691 2786.4601315665354 204.86500000000527 288.14499999999686 -0.03443722705806939 0.0047812587931684103 -0.0028883875074022162 103764.20000000003 470.59000000000384 -0.038912623432047107 389.58999999999656 107.02000000000409 -0.0089548196486065931 -0.003865436176287295 102607.27500000001 955.58000000000186 3420.6523650000004 0.036211924704745629 0.40261331273914541 0.0069554862915318649
decision_type=2 2 2 2 2 2 2 2 2 2 2 2 2 2 2 2 2 2 2 2 2 2 2 2 2 2 2 2 2 2
left_child=-1 3 -3 4 9 6 7 -6 -8 11 -11 12 -2 14 -12 16 17 20 -19 -18 -15 -21 -23 -24 26 27 -16 28 29 -26
right_child=1 2 -4 -5 5 -7 8 -9 -10 10 13 -13 -14 15 24 -17 19 18 -20 21 -22 22 23 -25 25 -27 -28 -29 -30 -31
leaf_value=5.1828623723989714e-06 -1.2179776001298675e-05 -1.328011490451509e-05 -3.100366643143448e-05 0.00010857271339004657 -1.5922264283433085e-06 4.0046584158399688e-05 7.1782381522529525e-06 6.0941945299459252e-05 -1.3960619093763923e-05 1.0140163283724994e-05 -7.9773841653026052e-05 -0.00015666431334827229 9.0482019267560121e-06 -0.00021325966684538415 -1.5833325191495523e-05 -4.5997974368814775e-06 0.00029636403668031094 0.00016406169317838707 -3.543054912661005e-06 0.00011557257105248702 8.7317342322060571e-06 6.3775201735895857e-05 -4.5458303596173345e-05 1.2231754590015868e-05 1.484329106748231e-05 -0.00010429780136522646 7.6774842359334311e-05 -7.7605660546377266e-05 -2.0281699539034912e-05 -1.4525472258598785e-05
leaf_weight=35 121 64 20 32 20 25 21 30 46 79 68 31 71 35 128 185 20 26 30 25 21 39 28 56 109 47 72 20 54 72
leaf_count=35 121 64 20 32 20 25 21 30 46 79 68 31 71 35 128 185 20 26 30 25 21 39 28 56 109 47 72 20 54 72
internal_value=-9.20245e-05 -0.000297806 -0.00595238 1.65453e-05 -0.000185936 0.00387324 0.00106838 0.008 -0.00410448 -0.000617053 4.48833e-05 -0.00392377 -0.00208333 -0.000603865 -0.0022807 0.00145161 0.00428571 -0.000446429 0.00714286 0.00744048 -0.00803571 0.00540541 0.00304878 -0.000595238 -0.00109562 -0.0031457 0.002 -0.00107843 0.000106383 0.00234807
internal_weight=1630 1595 84 1511 1479 142 117 50 67 1337 1114 223 192 1035 570 465 280 112 56 168 56 148 123 84 502 302 200 255 235 181
internal_count=1630 1595 84 1511 1479 142 117 50 67 1337 1114 223 192 1035 570 465 280 112 56 168 56 148 123 84 502 302 200 255 235 181
is_linear=0
shrinkage=0.05


Tree=39
num_leaves=31
num_cat=0
split_feature=19 25 25 0 20 24 24 3 13 38 3 13 21 15 9 7 17 16 5 27 38 16 16 9 20 23 7 26 25 7
split_gain=1.51874 1.3442 1.63702 1.30732 1.44034 1.99467 1.77613 1.6986 1.23422 1.89163 1.68677 1.57411 1.74947 1.82116 1.69217 2.35543 2.63736 1.70018 1.53193 1.69762 1.38562 1.29643 1.41832 1.26742 2.42 1.21473 1.18519 1.16104 1.14055 1.17419
threshold=509.0999999999986 -0.98949631173945785 -0.91944313311298653 119090.97500000002 357.14500000000413 3156.6846061000001 3034.6959957000004 83353.655000000013 -0.021484496744013048 53.186660535109439 112584.02 0.0072547115349610941 194.6849999999977 0.0049534956483041548 0.0014938575744401165 0.0097091301888906703 0.0063739726604667606 0.0075672722025811791 0.0008484932707835479 108828.50250000002 31.353849576426956 0.0077215034746136646 0.0053080033595045385 0.0064688418693555046 159.67999999999304 0.28194568325235242 0.0031360288641383211 113907.90408920996 -0.8196074231587388 -0.013457973439192921
decision_type=2 2 2 2 2 2 2 2 2 2 2 2 2 2 2 2 2 2 2 2 2 2 2 2 2 2 2 2 2 2
left_child=-1 -2 -3 4 8 6 -6 -7 10 28 18 21 13 -13 17 16 -16 -14 19 20 -4 22 -11 24 -15 -17 -20 -9 -10 -30
right_child=1 2 3 -5 5 7 -8 27 9 11 -12 12 14 23 15 25 -18 -19 26 -21 -22 -23 -24 -25 -26 -27 -28 -29 29 -31
leaf_value=3.818463445512783e-06 -4.4771595145486247e-05 0.00013516486430589008 8.6469558581531877e-06 -2.9453483109862754e-05 7.6666453167635664e-06 0.00023818973225749149 0.00018505503602095808 -9.527246032310829e-06 -3.0546438729788361e-05 -6.5295180405470149e-05 -4.0663117682347035e-05 3.9080593994163825e-05 -2.8146636092795786e-07 -6.6485265353214117e-05 2.8650111059099785e-05 0.00012808972615457846 -0.00013369341151697644 6.0577951353589297e-05 -0.00012011455196165498 0.0001217374985167128 -0.00013019118539784198 -5.5538325124869656e-05 4.6416485403219898e-07 -8.1641745442543278e-05 8.0285694286092737e-05 8.0577714296173779e-07 -3.9108450506877272e-05 9.7534495265336831e-05 -5.6350210037439197e-06 3.7362183989539654e-05
leaf_weight=182 47 24 45 80 203 25 23 184 28 21 22 24 25 25 21 21 39 34 27 28 28 24 39 39 25 32 27 21 29 238
leaf_count=182 47 24 45 80 203 25 23 184 28 21 22 24 25 25 21 21 39 34 27 28 28 24 39 39 25 32 27 21 29 238
internal_value=-0.000184049 -0.000725138 -0.00044611 -0.00067175 -0.000289129 0.00197368 0.00530973 -0.00130435 -0.00151605 -0.000527108 -0.00522599 -0.00291328 -0.00114035 -0.00597345 0.00203488 -0.00154867 -0.00833333 0.00889831 -0.0033871 0.000247525 -0.00376712 -0.00892857 -0.005 -0.00926966 -0.004 0.00613208 -0.0101852 -0.00280488 0.00245763 0.00346442
internal_weight=1630 1448 1401 1377 1297 456 226 230 841 664 177 369 285 113 172 113 60 59 155 101 73 84 60 89 50 53 54 205 295 267
internal_count=1630 1448 1401 1377 1297 456 226 230 841 664 177 369 285 113 172 113 60 59 155 101 73 84 60 89 50 53 54 205 295 267
is_linear=0
shrinkage=0.05


Tree=40
num_leaves=31
num_cat=0
split_feature=19 28 34 17 17 20 4 31 13 34 38 18 35 23 25 19 15 25 7 18 7 11 41 5 22 13 5 4 24 1
split_gain=1.54046 1.0551 1.26202 1.43119 2.26616 1.05164 1.76155 1.58585 1.44192 1.61318 1.50677 1.92195 1.75918 1.44228 1.95014 1.59638 1.44292 1.365 1.69551 2.06979 2.35568 2.11468 2.07237 2.80449 2.03398 1.56385 1.5009 1.55635 1.41851 1.3468
threshold=509.0999999999986 -796.05692528685165 96461.980090945101 0.005512895074271113 0.0064673293648777044 288.14499999999686 1321.7317300000002 118929.65640000002 -0.016283649348036493 114500.69715691106 48.801325200909766 -817.58999999999639 114214.95325000002 -0.76479859597309241 0.52284400002428755 740.82999999999458 0.0074299003946631812 -0.76331330015115006 -0.0043185028250438311 -269.98999999999791 -0.0093414048892431906 -0.017910841315821067 -599.58396317578104 -9.4886032102546735e-05 2082.3554515000001 -0.037106881485492522 0.0037332057427448867 4297.9072300000016 2890.1115249400004 118525.90500000001
decision_type=2 2 2 2 2 2 2 2 2 2 2 2 2 2 2 2 2 2 2 2 2 2 2 2 2 2 2 2 2 2
left_child=1 -1 -3 -4 -5 7 -7 8 9 -2 12 -12 13 -10 15 -15 -17 -8 19 20 21 25 -21 -24 -20 -19 -26 28 -28 -13
right_child=5 2 3 4 -6 6 17 -9 10 -11 11 29 -14 14 -16 16 -18 18 24 22 -22 -23 23 -25 26 -27 27 -29 -30 -31
leaf_value=3.2626966319948506e-05 -2.570024362668813e-05 -7.4640473627623209e-06 -9.9169569622251215e-06 5.4239826163609252e-05 1.580789580505151e-06 -1.8034211849744755e-05 8.8809664646339928e-05 -5.3020750866210487e-05 -1.2145969674252328e-05 -4.7955231695402844e-05 -2.4258310563936249e-05 -4.1513173874720549e-06 8.3636576026738092e-05 -1.2360848442097642e-05 -7.5080949297230538e-05 9.5044837225669726e-05 8.7506042610171692e-07 -9.3537184742080828e-05 4.3312300920396817e-05 0.00045501569616577305 6.0119937872866681e-05 -0.00010020585163783257 9.130723836806476e-05 -6.6983092601622204e-06 -1.8340694065136263e-05 6.5516841301768499e-05 3.1184274312623125e-05 -6.7597571220820777e-06 4.3020730214437861e-06 3.6176145751002719e-05
leaf_weight=23 165 42 38 30 49 29 22 21 37 35 37 358 35 20 20 42 23 22 44 20 38 30 30 26 192 20 21 70 46 45
leaf_count=23 165 42 38 30 49 29 22 21 37 35 37 358 35 20 20 42 23 22 44 20 38 30 30 26 192 20 21 70 46 45
internal_value=-0.000214724 0.00412088 0.00267296 0.00534188 0.00917722 -0.000759669 0.000819672 -0.00190931 -0.00156059 -0.00525 -0.000364668 -0.00193182 0.00353107 0.00105634 0.00404762 0.00735294 0.0111538 0.00141997 0.000939177 0.00483871 0.000454545 -0.00486111 0.0111842 0.00625 -0.00100536 0.00238095 -0.00235562 0.00164234 0.00708955 -0.000930521
internal_weight=1630 182 159 117 79 1448 610 838 817 200 617 440 177 142 105 85 65 581 559 186 110 72 76 56 373 42 329 137 67 403
internal_count=1630 182 159 117 79 1448 610 838 817 200 617 440 177 142 105 85 65 581 559 186 110 72 76 56 373 42 329 137 67 403
is_linear=0
shrinkage=0.05


Tree=41
num_leaves=31
num_cat=0
split_feature=42 30 20 4 42 42 25 25 34 11 23 23 40 42 42 5 4 19 40 23 20 5 38 39 40 23 21 36 9 26
split_gain=1.44133 1.32354 1.3545 1.20941 1.17645 1.00108 1.01983 1.31307 1.52679 1.15467 1.01598 2.34531 1.39139 1.31125 1.6 1.59211 1.22432 1.88698 1.64071 1.85978 1.43634 1.49429 1.5148 1.65779 1.30654 1.29275 2.67712 1.2004 1.17252 1.13155
threshold=635.14616669735358 118600.88083441959 310.52500000000151 687.64695000000017 -619.68655502121851 -486.97621387430308 2.7814341071890927 1.8626090626955694 104249.33085998752 -0.036816721146278784 1.282174796745627 0.71519739459066234 1.0000000180025095e-35 180.46228074909729 323.41026429598435 -0.00055780337845146217 1331.3213950000002 604.64499999999691 92.460162246519772 -0.88043865569325186 243.88500000000207 0.0028285113905839386 40.726669535866087 1012.6053571428572 482.6285743542831 -0.89347460737444595 256.2050000000018 -44.334993195552663 -0.023968013616155196 112907.216709056
decision_type=2 2 2 2 2 2 2 2 2 2 2 2 2 2 2 2 2 2 2 2 2 2 2 2 2 2 2 2 2 2
left_child=1 3 -3 -1 -5 -6 7 9 -9 -7 11 16 -12 15 -15 -13 18 29 20 24 21 22 -11 -24 -20 26 27 -19 -27 -18
right_child=-2 2 -4 4 5 6 -8 8 -10 10 12 13 -14 14 -16 -17 17 25 19 -21 -22 -23 23 -25 -26 28 -28 -29 -30 -31
leaf_value=4.6428666858513962e-06 -7.5191744292227208e-05 -4.5557470110632691e-05 -2.9043171259667827e-06 0.00020304472989926992 -6.5434448678684725e-05 0.00031324983232198833 8.3231951014471468e-05 -0.00011772039035019605 -2.2933388920491995e-05 -1.0312093471249152e-06 -3.3587137299079789e-06 -2.0556642144980308e-05 7.8209957131283352e-05 7.8659645417470154e-05 -7.9872129508335297e-06 -0.00015987080835663887 2.5197383762444152e-05 9.8553912491049927e-06 -3.1832843126586583e-05 -2.140863520690656e-05 -6.4888405863818173e-05 -5.679111549180919e-05 0.00011926071261349819 3.7794950718141109e-06 2.108929891278393e-05 -3.5447974485623964e-05 -0.00014064203997001725 -1.5154722284651279e-05 2.4706426367929073e-06 -2.8012342761549333e-05
leaf_weight=35 24 21 27 22 29 22 31 25 28 37 36 38 56 20 20 38 68 24 22 49 29 26 28 29 38 21 40 21 706 20
leaf_count=35 24 21 27 22 29 22 31 25 28 37 36 38 56 20 20 38 68 24 22 49 29 26 28 29 38 21 40 21 706 20
internal_value=-0.000337423 -0.000155666 -0.00833333 9.62773e-05 -0.000114905 -0.000283145 -0.000101902 -0.000294934 -0.00801887 0 -0.000183016 -0.000549451 0.0048913 -0.00732759 0 -0.0111842 0.000129534 0.001 -0.00290698 -0.00756881 0.000503356 0.00291667 0.00585106 0.0109649 -0.00166667 0.000246305 -0.00558824 0.00277778 0.000928473 0.00795455
internal_weight=1630 1606 48 1558 1523 1501 1472 1441 53 1388 1366 1274 92 116 40 76 1158 900 258 109 149 120 94 57 60 812 85 45 727 88
internal_count=1630 1606 48 1558 1523 1501 1472 1441 53 1388 1366 1274 92 116 40 76 1158 900 258 109 149 120 94 57 60 812 85 45 727 88
is_linear=0
shrinkage=0.05


Tree=42
num_leaves=31
num_cat=0
split_feature=7 7 34 4 16 40 40 18 22 21 36 39 7 41 15 2 20 34 40 32 18 24 17 26 25 24 15 20 39 40
split_gain=1.2835 1.5526 2.66688 1.38615 1.27263 1.67875 1.90146 1.75081 2.03238 1.51987 1.49175 1.59588 1.47 1.40125 1.48447 1.83333 1.81931 1.37379 1.54492 2.07922 1.2344 1.17963 1.41582 1.17556 1.28762 2.78507 1.61379 1.58169 1.26787 2.4348
threshold=-0.00040500971499167715 -0.00097687963913255889 111878.3242496156 802.0855200000002 0.0068818630694979155 -116.5297338461023 -421.26190273126844 830.73500000000797 3080.7282175750006 551.18499999999779 2440.5464777372549 1068.0107142857153 0.010334014800842785 928.1838843606173 0.0092391302166323717 91906.705000000016 190.4749999999913 113691.45132911319 255.89551833139561 1746.2911316026587 73.915000000000887 5108.6573113000004 0.0095901843746123705 119412.99570825239 -0.80486151675690876 2762.4967169600009 0.0059846996362120609 93.70500000000176 1579.8628571428585 -1526.8468932117682
decision_type=2 2 2 2 2 2 2 2 2 2 2 2 2 2 2 2 2 2 2 2 2 2 2 2 2 2 2 2 2 2
left_child=1 23 -3 20 9 6 7 8 -6 10 17 -12 -8 14 16 -16 -7 18 -5 -20 -2 22 -10 24 25 27 -27 -1 -26 -30
right_child=3 2 -4 4 5 13 12 -9 21 -11 11 -13 -14 -15 15 -17 -18 -19 19 -21 -22 -23 -24 -25 28 26 -28 -29 29 -31
leaf_value=-7.4978527546875392e-05 9.3027978198194933e-06 -3.3221932473801407e-06 0.00012273535150632105 1.8018106829708117e-05 3.7660282851262745e-05 1.1591606453891749e-06 -1.0689621090008236e-05 3.2730114081608255e-05 -2.6876663396926878e-05 1.0410911718568701e-05 -0.00010036667442007008 -2.4542025895331032e-06 -7.3310349493612369e-05 -4.676985688474442e-05 3.720549647445563e-05 -1.4734549574467958e-05 8.5838156975657815e-05 -3.0208836939667479e-05 -5.7802797118806949e-05 2.8753563899388224e-05 -9.9053837011295792e-07 1.4150303447500627e-06 -0.00022278110312677808 -1.7065757638946867e-05 5.1891097469387204e-06 8.2848460876096256e-05 -3.4359602043203811e-05 -1.7398784487773677e-05 9.8033679309667831e-05 -1.5749913036057212e-05
leaf_weight=22 27 20 22 61 36 56 30 52 32 46 95 42 20 62 33 33 74 51 32 35 20 26 22 26 475 25 27 24 35 69
leaf_count=22 27 20 22 61 36 56 30 52 32 46 95 42 20 62 33 33 74 51 32 35 20 26 22 26 475 25 27 24 35 69
internal_value=-0.000153374 0.00137584 0.0107143 -0.00144068 -0.00190931 -0.000210084 -0.00344037 -0.000892857 -0.00431034 -0.00414365 -0.00537975 -0.00930657 -0.012 0.00251938 0.00459184 -0.00151515 0.00769231 -0.0023743 0.000390625 -0.00485075 0.00691489 -0.00875 -0.012963 0.000817923 0.00121861 -0.00408163 0.00384615 -0.0130435 0.00211572 -0.00288462
internal_weight=1630 745 42 885 838 476 218 168 116 362 316 137 50 258 196 66 130 179 128 67 47 80 54 703 677 98 52 46 579 104
internal_count=1630 745 42 885 838 476 218 168 116 362 316 137 50 258 196 66 130 179 128 67 47 80 54 703 677 98 52 46 579 104
is_linear=0
shrinkage=0.05


Tree=43
num_leaves=31
num_cat=0
split_feature=4 20 15 26 17 40 21 20 20 15 32 17 41 36 32 7 4 36 4 7 28 0 20 0 19 20 20 27 13 23
split_gain=1.63302 1.41931 1.79251 1.53655 2.07643 2.38584 2.36402 1.95361 1.80724 1.34742 2.77462 2.38612 2.0569 1.905 1.6439 2.05235 1.95108 1.8354 2.01272 1.63426 1.68335 1.46003 1.31483 1.29311 2.54816 2.51088 1.65914 1.42064 1.53236 1.70568
threshold=687.64695000000017 451.35500000000326 0.0069554862915318649 90486.20926641277 0.009922830872048519 468.5696576546689 254.87000000000265 884.85499999999604 847.79000000000099 0.0063812627200306492 613.46303007178369 0.0098571776470055619 -443.971164608175 4528.9015344475856 -2628.4874790368699 0.0052764704967299845 2380.5632300000007 -1517.8832055848104 1463.0424050000004 0.013547803828869024 -92.806170554933473 109315.12000000001 719.55999999999779 103211.63500000002 2256.7750000000019 360.66999999999831 247.34500000000847 102831.38450000001 -0.0074286206205391291 -0.69561987260089109
decision_type=2 2 2 2 2 2 2 2 2 2 2 2 2 2 2 2 2 2 2 2 2 2 2 2 2 2 2 2 2 2
left_child=-1 2 9 7 5 8 22 -3 -5 10 13 12 -11 14 -2 16 17 21 -19 20 -12 -16 -7 25 26 27 -25 28 -4 -30
right_child=1 3 23 4 -6 6 -8 -9 -10 11 19 -13 -14 -15 15 -17 -18 18 -20 -21 -22 -23 -24 24 -26 -27 -28 -29 29 -31
leaf_value=4.5866369719868067e-06 0.00012565808684198511 0.00010548495735208459 -3.5309384969926566e-05 4.2444171340066747e-06 -7.9019155360550593e-05 -1.9819798700053438e-06 2.4069845387694669e-05 -4.8049760271953158e-06 6.3991771707891198e-05 -1.1069233602851098e-06 -4.7251389387443783e-05 -2.280961554750559e-05 7.8693936153559295e-05 9.753415325807594e-05 -0.00015840284040883067 5.0237505375397631e-05 -8.5425804607541363e-05 1.8124898473632875e-06 5.5785149881550654e-05 -8.2836842115789554e-05 -1.8150485915123873e-06 4.0337821678502233e-06 -0.00021821380903135044 -2.5625347002190412e-05 -0.00010185727497692199 -8.2096424485789599e-05 1.9007692887432031e-06 0.00015055824331251271 -3.1962062965214832e-05 5.6750419048811632e-05
leaf_weight=35 24 65 70 120 42 26 40 22 28 25 22 22 67 21 25 32 37 70 29 20 240 26 22 198 28 39 83 22 44 86
leaf_count=35 24 65 70 120 42 26 40 22 28 25 22 22 67 21 25 32 37 70 29 20 240 26 22 198 28 39 83 22 44 86
internal_value=3.06748e-05 -0.000203762 -0.00101626 0.00253425 0.000719424 0.00254237 -0.00397727 0.00833333 0.00641892 0.000757576 -0.000274725 0.00570175 0.00923913 0.00340909 0.00216049 0.000799087 -0.00120321 0.00133333 0.00530303 -0.0037234 -0.00267176 -0.00637255 -0.0114583 -0.00307018 -0.0052589 -0.000478927 -0.00382562 0.00157658 0.00025 0.00346154
internal_weight=1630 1595 1230 365 278 236 88 87 148 660 546 114 92 264 243 219 187 150 99 282 262 51 48 570 309 261 281 222 200 130
internal_count=1630 1595 1230 365 278 236 88 87 148 660 546 114 92 264 243 219 187 150 99 282 262 51 48 570 309 261 281 222 200 130
is_linear=0
shrinkage=0.05


Tree=44
num_leaves=31
num_cat=0
split_feature=4 20 25 7 5 18 4 32 32 13 41 20 18 5 7 5 13 36 7 32 15 34 30 27 7 25 13 13 23 18
split_gain=1.65183 1.11742 2.09639 1.66848 1.58009 1.78497 1.2776 1.26605 1.591 1.21 1.1612 1.5395 2.00207 1.27005 2.28738 1.1604 1.14943 1.20536 1.09402 1.04153 1.09305 1.02134 2.34068 1.24444 1.015 0.914189 1.0679 2.0611 1.04079 1.50869
threshold=687.64695000000017 393.99500000000268 -0.61476977051690029 0.015821060441966826 0.0037872163127371148 242.47500000000585 4297.9072300000016 -3200.4979338083281 -2946.0876540890672 0.0072547115349610941 530.02059892629984 719.55999999999779 -209.41999999999823 -0.003135998553577519 -0.0040628455880593424 0.014445365645323395 -0.0059622739590977766 -4971.6276931188977 0.0024139639556197217 -4140.3799594194852 0.012761807816742242 115460.24902845846 117431.57602813908 120053.18900000001 0.0069301357207792857 1.725678080502359 -0.031221392255850852 -0.025427270329277777 1.1894702213163315 -716.11000000000047
decision_type=2 2 2 2 2 2 2 2 2 2 2 2 2 2 2 2 2 2 2 2 2 2 2 2 2 2 2 2 2 2
left_child=-1 7 9 4 5 10 -6 19 -9 -3 13 12 -12 16 -15 -5 17 -4 -16 20 -2 25 -23 -24 -8 26 -10 -28 29 -29
right_child=1 2 3 15 6 -7 24 8 21 -11 11 -13 -14 14 18 -17 -18 -19 -20 -21 -22 22 23 -25 -26 -27 27 28 -30 -31
leaf_value=4.3573051233874657e-06 5.3048994119795467e-05 -4.1750861409296014e-08 1.7691736647097974e-06 -9.1335406291830412e-05 7.313065226401034e-05 -2.503028621922643e-05 -3.4620396040870119e-05 8.6271384207284871e-05 5.9245653757344707e-05 -0.00015263049848892742 2.4920250694768915e-05 -0.00011595896652269278 -3.6829519736203562e-06 0.0001587496617002509 -7.4096085854332602e-06 2.5222818808735902e-05 9.4498718554911782e-05 -8.8735477649334713e-05 5.6286047120034318e-05 -3.0469239137588525e-05 -8.4843336143000357e-05 -0.00014999544199523091 1.1648261263933442e-05 -2.463984106390396e-05 5.6671291192128007e-05 -5.2037687412856506e-05 -0.00011078065380420332 -1.5835809855615617e-05 2.5251883864624685e-05 2.924378282527171e-07
leaf_weight=35 34 25 28 30 31 33 22 21 36 20 23 23 20 34 29 23 29 20 26 54 28 28 24 21 21 26 30 71 50 735
leaf_count=35 34 25 28 30 31 33 22 21 36 20 23 23 20 34 29 23 29 20 26 54 28 28 24 21 21 26 30 71 50 735
internal_value=-3.06748e-05 -0.000266458 0.00188787 0.00306122 0.00435103 0.00254717 0.0108108 -0.00107945 -0.000527831 -0.00833333 0.00409483 -0.00151515 0.00406977 0.0063253 0.0103933 -0.00518868 0.00162338 -0.003125 0.00409091 -0.00603448 -0.0016129 -0.000808031 -0.00650685 0.000555556 0.00523256 -0.000369198 -0.00010846 -0.000451467 0 -0.000434243
internal_weight=1630 1595 437 392 339 265 74 1158 1042 45 232 66 43 166 89 53 77 48 55 116 62 1021 73 45 43 948 922 886 856 806
internal_count=1630 1595 437 392 339 265 74 1158 1042 45 232 66 43 166 89 53 77 48 55 116 62 1021 73 45 43 948 922 886 856 806
is_linear=0
shrinkage=0.05


Tree=45
num_leaves=31
num_cat=0
split_feature=4 13 42 41 39 39 20 13 13 38 5 11 18 41 13 19 18 36 27 40 38 40 40 17 22 41 1 15 25 24
split_gain=1.22549 1.10287 1.72667 1.31024 1.17406 2.15469 2.43235 1.96786 1.83008 2.34695 1.89394 1.48885 1.09809 2.46939 2.82901 1.90368 1.45747 2.39885 2.72668 1.61678 1.91309 1.71103 2.21155 1.69 2.28835 1.66161 1.46204 1.4459 1.41785 1.4
threshold=687.64695000000017 0.055561062300186564 602.51641130617259 -1686.5579758615561 1579.8628571428585 1355.7617857142855 640.43499999999779 0.035616757168182904 0.013514103858506569 47.448322268249065 0.0037332057427448867 -0.015433761989374779 -716.11000000000047 570.81122432476843 -0.018467679568820634 1559.4299999999932 -136.66999999999823 -1129.3660350390489 90398.833500000022 -992.22105647158594 38.253384260496794 212.50538906006844 578.39357980098441 0.0062793699800582541 3484.933074250001 789.65853037804607 104905.38500000002 0.0055116257257812494 -0.90570183346240951 2635.9796262600003
decision_type=2 2 2 2 2 2 2 2 2 2 2 2 2 2 2 2 2 2 2 2 2 2 2 2 2 2 2 2 2 2
left_child=-1 2 3 -2 5 7 8 12 9 11 -10 -7 13 14 -5 -16 17 18 -14 -18 -21 23 -23 27 26 -24 -25 -22 -19 -20
right_child=1 -3 -4 4 -6 6 -8 -9 10 -11 -12 -13 16 -15 15 -17 19 28 29 20 21 22 25 24 -26 -27 -28 -29 -30 -31
leaf_value=4.1394398672180928e-06 2.6091880545961454e-05 1.1969225483830656e-05 -7.8056642872304381e-05 -5.2059718168872513e-05 -7.8153615551553274e-06 0.00012402083802259082 0.00011240249080142953 -4.1485150662105723e-05 0.00011522813989628656 -5.5014274268576904e-05 -2.7518336996295835e-06 -2.3423719904054053e-06 -6.9292787362431208e-05 -0.00010569303651051967 -1.5160656891834992e-06 6.6356995732301597e-05 1.3927412040163886e-05 9.914173106101437e-05 -1.416406773525263e-05 -8.3757205115091908e-05 4.5729962738413608e-06 -1.3941024637387522e-05 0.00010619031385868355 3.2747174458602929e-05 0.0001510026561721085 -3.3781635980740112e-06 -2.7924897129518052e-05 0.00012156761290806252 6.3218515002527904e-06 6.4901875788825949e-05
leaf_weight=35 61 48 20 40 181 35 29 54 24 41 20 60 20 28 31 27 42 22 28 81 61 139 42 47 20 87 77 20 175 35
leaf_count=35 61 48 20 40 181 35 29 54 24 41 20 60 20 28 31 27 42 22 28 81 61 139 42 47 20 87 77 20 175 35
internal_value=3.06748e-05 -0.000172414 -0.000404008 -0.000212836 -0.000511596 1.94553e-05 0.00466507 -0.0008829 0.0025 -0.000367647 0.0113636 0.00394737 -0.000391389 -0.0047619 -0.00102041 0.00603448 0.000223214 0.00321429 -0.00391566 -0.00113636 -0.00182927 -0.000659229 -0.00335821 0.00255556 -0.000694444 0.00135659 -0.00322581 0.00833333 0.00621827 0.00119048
internal_weight=1630 1595 1547 1527 1466 1285 209 1076 180 136 44 95 1022 126 98 58 896 280 83 616 574 493 268 225 144 129 124 81 197 63
internal_count=1630 1595 1547 1527 1466 1285 209 1076 180 136 44 95 1022 126 98 58 896 280 83 616 574 493 268 225 144 129 124 81 197 63
is_linear=0
shrinkage=0.05


Tree=46
num_leaves=31
num_cat=0
split_feature=30 22 42 4 13 42 42 42 28 25 25 23 42 42 30 7 41 34 16 16 13 36 5 15 18 16 4 21 17 24
split_gain=1.49481 2.10989 1.43177 1.2478 1.13158 1.70293 1.54107 1.85163 1.48761 1.34478 2.2046 1.40896 1.67251 1.65214 1.43662 1.67223 1.67525 3.35282 1.65906 2.43861 2.33726 1.59652 1.59602 1.53985 2.29636 2.14626 1.94821 1.88347 1.61712 1.42857
threshold=118439.33054605167 3350.7777582500003 -619.68655502121851 687.64695000000017 0.055561062300186564 602.51641130617259 459.11332137407243 344.23924810820597 2683.3193442991401 1.8626090626955694 2.7814341071890927 -0.73870318166338811 238.40802128973419 249.84113024287038 115648.79907082063 -0.00058232435688392004 -633.27739822161016 113691.45132911319 0.006095944087905516 0.0056548657292724456 -0.00028489975653459937 4787.8399106855295 0.0030964846830114461 0.0072326952195400423 579.56999999999982 0.0065383633928285927 2343.5451950000006 240.51499999999945 0.0066119927557741444 4163.7957066000008
decision_type=2 2 2 2 2 2 2 2 2 2 2 2 2 2 2 2 2 2 2 2 2 2 2 2 2 2 2 2 2 2
left_child=2 -2 -1 -4 5 6 7 9 -9 11 -11 12 -5 14 15 18 17 29 19 20 -13 -20 -16 24 26 -26 28 -25 -18 -17
right_child=1 -3 3 4 -6 -7 -8 8 -10 10 -12 13 -14 -15 22 16 23 -19 21 -21 -22 -23 -24 27 25 -27 -28 -29 -30 -31
leaf_value=0.00021134623442614636 3.8568004937257201e-06 -3.9051473897882663e-05 3.9324678738571887e-06 -2.3086045267229273e-06 1.1370764209639121e-05 -7.4153810728689158e-05 6.179135308916391e-05 -4.2736153194668287e-05 6.1702676967842481e-06 -0.00010923291275658997 4.8782041250956117e-05 4.7898366922398336e-05 -0.00013461699605778213 4.9158560225808932e-05 1.9347822066820285e-06 0.00011532008134213768 3.779722281320659e-06 -2.1069391260741689e-05 -4.185916786925229e-06 0.00011803856839148111 -1.5043739034140079e-05 6.0311468418561527e-05 2.6139220618510292e-05 -0.00010352421634389578 -5.382232751713584e-07 0.00010156233470016491 -3.7289736984968395e-05 -1.0284793900988571e-05 -9.5226939804708257e-05 2.0255764037658719e-07
leaf_weight=21 26 28 35 311 48 20 46 45 20 47 27 46 28 70 88 36 50 30 197 25 39 52 40 51 33 20 50 54 27 20
leaf_count=21 26 28 35 311 48 20 46 45 20 47 27 46 28 70 88 36 50 30 197 25 39 52 40 51 33 20 50 54 27 20
internal_value=-0.000153374 -0.00833333 0.000126904 -4.82315e-05 -0.000263158 -0.000509511 -0.000309917 -0.000604552 -0.00884615 -0.000205071 -0.00675676 0.000177585 -0.00258112 0.00118534 0.000582751 -0.000273973 -0.00262803 0.00348837 0.00215877 0.00727273 0.00323529 -0.000100402 0.00546875 -0.00447368 -0.00166667 0.00707547 -0.00531496 -0.00928571 -0.000324675 0.0107143
internal_weight=1630 54 1576 1555 1520 1472 1452 1406 65 1341 74 1267 339 928 858 730 371 86 359 110 85 249 128 285 180 53 127 105 77 56
internal_count=1630 54 1576 1555 1520 1472 1452 1406 65 1341 74 1267 339 928 858 730 371 86 359 110 85 249 128 285 180 53 127 105 77 56
is_linear=0
shrinkage=0.05


Tree=47
num_leaves=31
num_cat=0
split_feature=30 35 40 19 18 25 20 7 32 28 20 32 24 39 34 28 25 0 0 24 3 38 15 32 4 31 0 41 39 36
split_gain=1.33363 2.1164 1.35682 1.29296 1.96463 1.29874 1.06193 1.78135 1.52704 1.55642 1.51509 1.37669 1.37143 1.74396 1.34017 1.60215 1.17147 1.23124 3.10037 3.78165 1.63218 1.47767 1.85024 1.71229 1.63988 1.49519 1.36559 2.07612 1.28828 1.80053
threshold=118600.88083441959 115848.66550000002 -1989.862514541084 395.31499999999511 -15.200000000004364 -0.98949631173945785 391.37000000000268 -0.0045440088626820798 -3200.4979338083281 -2065.0026391282004 1040.1549999999991 -4140.3799594194852 5071.5241540000015 1355.7617857142855 104365.45337890743 -796.05692528685165 -0.91944313311298653 117186.24000000001 118125.90000000001 2624.7559052000001 116808.65500000001 32.186647843993747 0.0052254400686559113 2841.5338030300195 1321.7317300000002 89617.036600000021 104644.25500000002 139.7775830566417 957.89392857142968 4528.9015344475856
decision_type=2 2 2 2 2 2 2 2 2 2 2 2 2 2 2 2 2 2 2 2 2 2 2 2 2 2 2 2 2 2
left_child=2 -2 -1 4 -4 -5 8 12 11 -10 -9 -7 13 14 -8 -16 -11 20 -19 -20 21 22 -18 24 26 -25 -23 -28 -26 -30
right_child=1 -3 3 5 -6 6 7 10 9 16 -12 -13 -14 -15 15 -17 17 18 19 -21 -22 23 -24 25 28 -27 27 -29 29 -31
leaf_value=5.9102091775775148e-05 2.8370989998158543e-06 -0.00018123283398615387 1.4544333048582099e-05 -3.6441668437311489e-05 -1.0140597157902291e-06 -7.0443490729638081e-06 8.7700514155651367e-05 1.0589862322827866e-06 1.2164639675538376e-05 7.9066506776694277e-05 -0.00012164198850986154 -3.1721297428515116e-05 -4.1984800610035322e-05 0.00012312648633306666 -4.3512798073986453e-05 5.1180910982608489e-05 1.4856206442583521e-05 2.7273568148005213e-05 4.83809000225649e-05 -6.6630596476997911e-05 -5.9248497677945952e-05 -5.0462832925545978e-05 -6.531949264406625e-05 4.9941807742688953e-05 3.2971233285690373e-05 -6.4859636940405323e-05 2.877756787759598e-05 -9.046559281447284e-05 -2.5330502913423044e-06 4.8774783184914339e-05
leaf_weight=31 27 21 35 58 49 45 20 259 21 31 21 52 20 40 23 22 21 40 34 31 21 20 43 23 134 57 36 31 292 72
leaf_count=31 27 21 35 58 49 45 20 259 21 31 21 52 20 40 23 22 21 40 34 31 21 20 43 23 134 57 36 31 292 72
internal_value=-0.000122699 -0.00833333 0.000126422 -8.05932e-05 0.00595238 -0.00042604 -0.000124202 0.00203704 -0.000996016 -0.000358324 -0.000178571 -0.00695876 0.007 0.00928571 0.00423077 -0.000555556 -0.000677201 -0.00102339 0.00404762 -0.00269231 -0.00173333 -0.00133745 -0.00859375 -0.000639098 0.000299145 -0.0075 -0.00603448 -0.00261194 0.00140562 -0.000137363
internal_weight=1630 48 1582 1551 84 1467 1409 405 1004 907 280 97 125 105 65 45 886 855 105 65 750 729 64 665 585 80 87 67 498 364
internal_count=1630 48 1582 1551 84 1467 1409 405 1004 907 280 97 125 105 65 45 886 855 105 65 750 729 64 665 585 80 87 67 498 364
is_linear=0
shrinkage=0.05


Tree=48
num_leaves=31
num_cat=0
split_feature=40 13 7 36 7 7 4 19 1 17 9 21 20 18 42 24 25 19 7 21 38 13 18 18 38 32 18 21 5 25
split_gain=1.5299 1.55686 1.6424 2.61213 2.26646 1.30543 1.38227 1.66645 2.04488 2.02634 1.85549 1.89628 2.47714 1.7128 1.50469 1.50009 1.51636 1.91992 1.29661 1.27595 1.67895 1.59404 1.59011 1.79884 1.55362 1.98462 2.22876 1.88366 1.45871 1.16958
threshold=2115.9626122887207 0.048126228547339965 -0.00040500971499167715 8525.4119807991174 -0.00097687963913255889 -0.00017331653704094729 802.0855200000002 981.06500000000244 87684.360000000015 0.0063010846251495842 0.0092278232357006305 268.22499999999133 310.52500000000151 155.61499999999799 82.728447952171408 5234.1804337000012 1.8404784549960234 2109.7200000000016 0.0021590909229146082 261.87500000000006 44.854615797128574 0.0094439792877062129 955.58000000000186 579.56999999999982 70.878522156472243 2311.5606675903477 603.34000000001117 440.31500000000239 0.00021198536310554374 -0.78829743467190883
decision_type=2 2 2 2 2 2 2 2 2 2 2 2 2 2 2 2 2 2 2 2 2 2 2 2 2 2 2 2 2 2
left_child=1 2 3 4 29 -4 -7 8 -8 13 11 12 14 18 -11 16 17 19 -10 20 -9 -22 23 -23 25 26 27 -21 -29 -1
right_child=-2 -3 5 -5 -6 6 7 15 9 10 -12 -13 -14 -15 -16 -17 -18 -19 -20 24 21 22 -24 -25 -26 -27 -28 28 -30 -31
leaf_value=-1.2253119586650379e-05 -4.7931882733848636e-05 4.5766612578750179e-05 -6.9302279630984053e-05 -6.5484793582808176e-05 5.0040398162885151e-05 1.223566575096914e-05 4.2964083810700131e-05 2.4059602292124724e-05 -8.2158330218121119e-06 -7.2976015289834368e-05 -0.00017375121262326512 -8.684007465101153e-05 6.0529553383302733e-05 2.3090999217178177e-05 1.4967105495113142e-06 -0.00013070262306674805 -7.9540726682227495e-05 0.0002459238878799699 -9.8898595732623682e-07 -6.1902413788256038e-05 -3.7954174926692932e-05 -4.5913474851527361e-05 -7.0892619442794379e-05 7.8876497236846974e-05 0.00011802251930675522 -9.6001506263470322e-06 4.3492967556603559e-05 0.00017287440481407099 -2.2997469474854688e-06 2.7178011686814215e-06
leaf_weight=102 24 57 22 24 40 45 38 42 25 46 39 57 21 55 29 33 43 32 34 21 28 21 26 20 26 20 38 23 33 566
leaf_count=102 24 57 22 24 40 45 38 42 25 46 39 57 21 55 29 33 43 32 34 21 28 21 26 20 26 20 38 23 33 566
internal_value=3.06748e-05 0.000217933 -8.06972e-05 0.00163934 0.00218927 -0.00162179 -0.00128931 -0.0018 -0.00436047 -0.00571895 -0.00885417 -0.00637255 -0.00208333 -0.000438596 -0.00633333 0.000369458 0.00127346 0.00242424 -0.00635593 0.0011745 -0.00237226 -0.00605263 -0.00186567 0.00426829 0.00419255 0.00203704 0.00456522 -0.000324675 0.00446429 0.00149701
internal_weight=1630 1606 1549 732 708 817 795 750 344 306 192 153 96 114 75 406 373 330 59 298 137 95 67 41 161 135 115 77 56 668
internal_count=1630 1606 1549 732 708 817 795 750 344 306 192 153 96 114 75 406 373 330 59 298 137 95 67 41 161 135 115 77 56 668
is_linear=0
shrinkage=0.05


Tree=49
num_leaves=31
num_cat=0
split_feature=25 25 9 11 20 21 11 38 39 23 9 20 17 38 25 0 20 4 7 40 20 20 28 20 25 4 34 20 3 38
split_gain=1.34828 1.90961 1.51788 1.22727 0.980393 1.76589 1.23623 1.2873 1.11324 1.93104 1.76617 1.33472 1.2 1.42029 1.6614 1.18347 1.01586 0.982849 1.06043 1.50762 1.85549 1.70391 1.86088 1.84741 2.37457 1.8028 1.78849 1.81094 1.43226 1.38922
threshold=2.9271690851299472 1.8404784549960234 0.020247192817796807 -0.011493726137371053 393.99500000000268 403.810000000005 0.0034067015393937396 60.787254628465405 901.4032142857136 0.99478581103032648 0.0081307124696988111 847.79000000000099 0.0064393108044803644 61.028331185374313 -0.25758006255079186 103632.84000000001 519.3400000000039 687.64695000000017 -0.00040500971499167715 -833.19612308916101 79.199999999997104 34.970000000001171 -315.34597381072666 46.674999999995642 0.64344368788898276 2866.0391800000002 106271.05050119174 96.900000000001469 105472.57000000002 49.576709356323029
decision_type=2 2 2 2 2 2 2 2 2 2 2 2 2 2 2 2 2 2 2 2 2 2 2 2 2 2 2 2 2 2
left_child=1 4 3 -3 17 8 -7 -8 -6 10 11 12 -10 14 15 -14 -12 -1 19 20 -19 22 -21 -23 25 26 27 -25 -29 -28
right_child=-2 2 -4 -5 5 6 7 -9 9 -11 16 -13 13 -15 -16 -17 -18 18 -20 21 -22 23 -24 24 -26 -27 29 28 -30 -31
leaf_value=4.3992034452863614e-06 7.841057055182935e-05 -9.5720390452795094e-05 -0.00013971908226951545 1.0544464104029863e-05 1.4407763878852758e-05 0.0001416069890529955 -3.7387478225909861e-05 9.2992237849690904e-05 -9.7333459783237302e-06 -0.00012484786898298505 3.1277299004750561e-06 0.000105909872238821 -4.7239712557071374e-06 1.6335957905298412e-05 -2.1364062873242658e-05 5.7872851880222284e-06 -2.1923686334059318e-05 3.9589784380235192e-05 -3.2431781857372089e-06 1.0734029608293933e-05 -6.2189408070297019e-05 7.507858552549063e-05 -6.9668499455381321e-05 -5.2641916796313799e-05 -3.1747975922877375e-05 8.1029739190856677e-05 7.4311019777527015e-05 4.0782013519221789e-06 -1.8760747711244042e-05 1.8139364105522287e-06
leaf_weight=35 36 30 23 25 34 58 22 26 24 29 20 24 20 27 26 23 37 28 606 24 55 21 29 29 38 66 41 80 23 71
leaf_count=35 36 30 23 25 34 58 22 26 24 29 20 24 20 27 26 23 37 28 606 24 55 21 29 29 38 66 41 80 23 71
internal_value=0.000153374 -6.27353e-05 -0.00769231 -0.00318182 0.000329815 0.00256757 0.00801887 0.00208333 0.000378788 -0.000869565 0.000870647 0.00381944 0.00166667 0.00416667 0.000362319 0.00639535 -0.00657895 -0.00039267 -0.000652565 0.0010396 -0.00512048 0.00225118 -0.00613208 0.00345528 0.00258621 0.00403226 0.00204918 -0.00189394 0.00121359 0.00669643
internal_weight=1630 1594 78 55 1516 370 106 48 264 230 201 144 120 96 69 43 57 1146 1111 505 83 422 53 369 348 310 244 132 103 112
internal_count=1630 1594 78 55 1516 370 106 48 264 230 201 144 120 96 69 43 57 1146 1111 505 83 422 53 369 348 310 244 132 103 112
is_linear=0
shrinkage=0.05


Tree=50
num_leaves=31
num_cat=0
split_feature=34 40 25 23 11 18 9 42 22 24 21 42 22 13 22 39 22 20 36 19 19 7 19 13 38 36 20 13 17 25
split_gain=1.43407 1.71815 1.2235 1.77724 1.65027 1.62252 1.41696 1.99963 1.35726 1.08806 1.66643 1.6 1.05 0.98123 2.05895 1.72518 1.2543 1.21558 0.978794 1.60714 1.37619 1.02563 2.78827 1.5137 1.93182 2.71474 1.74544 1.67299 1.62067 1.58908
threshold=116511.55595106517 -1989.862514541084 2.7814341071890927 0.98238596017319513 -0.036816721146278784 -1395.1149999999977 0.023826312112482092 -151.00855457275091 3341.1693380000002 2635.9796262600003 562.8400000000039 222.28257442000742 1857.7544990000004 0.044929761817791257 5286.0815735000006 1572.1267857142866 4805.7532365000006 451.35500000000326 -5385.027033090525 1323.4500000000046 883.93499999999779 -0.0088255740149457852 1153.8599999999935 -0.013437545397368968 47.649100913850639 3296.4775017296347 232.22500000000585 -0.029051743761519099 0.0054101101895779992 -0.84924145114834981
decision_type=2 2 2 2 2 2 2 2 2 2 2 2 2 2 2 2 2 2 2 2 2 2 2 2 2 2 2 2 2 2
left_child=1 -1 3 4 -3 -6 7 8 -5 12 11 -11 -9 14 16 -15 18 -16 19 20 -7 22 -20 26 25 29 27 -23 -26 -25
right_child=-2 2 -4 6 5 13 -8 9 -10 10 -12 -13 -14 15 17 -17 -18 -19 21 -21 -22 23 -24 24 28 -27 -28 -29 -30 -31
leaf_value=6.7905688730847074e-05 -0.00010126324823716941 0.00028893150753750733 6.6705886155547277e-05 -2.3493991478544644e-05 -0.00011642344098307779 2.9503378820680803e-05 -0.00019759017316104086 6.8389718824089159e-05 -0.00016616423132204139 -7.2588223509607473e-05 4.9244458399364384e-05 1.8228769818822565e-05 -1.4499381888234741e-05 7.5236335576176398e-07 -0.00012205296676559687 5.3888942464652635e-05 7.3166031045655166e-05 -1.8302757036200644e-07 2.4579261866834501e-05 0.00027988115668913096 -1.8898092078958093e-05 6.8356851932193803e-06 -1.4976606418310536e-05 1.357843804243136e-06 -5.1635873584317633e-05 -8.6740983745088939e-06 5.4979209286211174e-06 -3.7619462579351593e-05 -4.7731513605203263e-07 4.2238074630220492e-05
leaf_weight=30 24 22 39 38 22 40 20 20 23 36 29 24 28 38 44 21 28 26 56 20 30 26 37 50 60 47 69 81 516 86
leaf_count=30 24 22 39 38 22 40 20 20 23 36 29 24 28 38 44 21 28 26 56 20 30 26 37 50 60 47 69 81 516 86
internal_value=-0.000368098 -0.0001868 -0.000412437 -0.000634353 5.68613e-05 -0.000173477 -0.00481651 -0.00353535 -0.0110656 -0.000182482 0.00308989 -0.00166667 -0.00625 5.88235e-05 -0.000246711 0.00635593 0.00026178 -0.00857143 0 0.005 0.00142857 -0.000437743 0.00456989 -0.000935829 3.29381e-05 0.0045082 -0.00511364 -0.00911215 -0.00138889 0.00808824
internal_weight=1630 1606 1576 1537 1319 1297 218 198 61 137 89 60 48 1275 1216 59 1146 70 1118 90 70 1028 93 935 759 183 176 107 576 136
internal_count=1630 1606 1576 1537 1319 1297 218 198 61 137 89 60 48 1275 1216 59 1146 70 1118 90 70 1028 93 935 759 183 176 107 576 136
is_linear=0
shrinkage=0.05


Tree=51
num_leaves=31
num_cat=0
split_feature=7 16 39 20 16 21 21 39 36 42 39 5 9 17 36 13 13 15 9 9 9 38 39 24 0 24 39 20 19 19
split_gain=1.09471 1.57767 2.24923 1.80247 1.9962 2.42695 2.59823 1.75326 1.52495 1.44736 1.42882 1.64858 1.99272 2.06162 1.34953 1.29171 1.38922 1.76087 1.28882 1.26737 1.30349 1.14206 1.13486 1.54942 1.5205 2.60093 1.34583 1.21108 1.41474 1.70023
threshold=-0.00040500971499167715 0.0068260717933661301 1158.0810714285701 22.299999999995638 0.0063587509695982444 82.375000000000014 599.20000000000448 1065.3396428571414 2786.4601315665354 602.51641130617259 1121.773571428573 0.00017230546258219587 0.0035842185354771823 0.0068441351175673217 2378.5959386957552 0.044929761817791257 -0.029925456868714402 0.014103855292435857 -0.0041170769838240039 0.011266744390671705 0.0020126107596774496 63.217787989073237 957.89392857142968 2129.4562975000003 104879.19000000002 2936.6119326000003 650.4139285714275 964.08000000000186 1990.019999999997 1559.4299999999932
decision_type=2 2 2 2 2 2 2 2 2 2 2 2 2 2 2 2 2 2 2 2 2 2 2 2 2 2 2 2 2 2
left_child=22 3 10 -2 5 14 8 -6 19 15 11 -3 -13 -14 -5 16 17 -4 -18 20 -7 -10 24 -24 25 -1 -26 28 29 -25
right_child=1 2 9 4 7 6 -8 -9 21 -11 -12 12 13 -15 -16 -17 18 -19 -20 -21 -22 -23 23 27 26 -27 -28 -29 -30 -31
leaf_value=-4.5859012957653304e-05 6.8180674012975479e-05 -3.3797226432379122e-05 0.00019795027537227849 9.3686812800679406e-05 -0.00015660207763622583 1.7195465156865352e-07 8.8068726198729796e-05 -1.7203516448741812e-05 -3.5767283458598138e-05 -0.00012256925834167945 0.00011487327463919552 8.2967096318223695e-05 2.3744074924165615e-05 -6.1921933452235516e-05 -1.1392989150324873e-05 3.8980939067786344e-05 -0.00016950044245310993 -3.6309468470937621e-05 -3.1935041639143602e-06 3.7892958758292188e-05 -2.8964642240873008e-05 -0.00012972965633884547 -2.3765117071387053e-05 8.0198145516853316e-07 -1.0544349727882161e-06 3.7922923505613555e-05 6.5858935909605585e-05 0.000101000726665739 -6.0976100499244472e-05 8.9782244695535161e-06
leaf_weight=30 32 25 23 38 29 43 26 41 43 22 22 22 29 22 27 41 26 23 243 20 66 22 31 366 34 24 80 26 93 61
leaf_count=30 32 25 23 38 29 43 26 41 43 22 22 22 29 22 27 41 26 23 243 20 66 22 31 366 34 24 80 26 93 61
internal_value=3.06748e-05 -0.00115819 0.000702811 -0.00355297 -0.00457746 -0.0027193 -0.00522727 -0.0121429 -0.00721649 -0.00119048 0.00666667 0.00408163 0.00787671 0.00245098 0.00576923 -0.000421348 -0.00150794 0.00652174 -0.00288104 -0.00406977 -0.00619266 -0.0134615 0.00144295 0.000389948 0.00505952 -0.00185185 0.00833333 0.00100733 0.000480769 0.00169789
internal_weight=1630 885 498 387 355 285 220 70 194 378 120 98 73 51 65 356 315 46 269 129 109 65 745 577 168 54 114 546 520 427
internal_count=1630 885 498 387 355 285 220 70 194 378 120 98 73 51 65 356 315 46 269 129 109 65 745 577 168 54 114 546 520 427
is_linear=0
shrinkage=0.05


Tree=52
num_leaves=31
num_cat=0
split_feature=7 26 0 15 0 31 35 30 30 42 5 26 1 23 4 42 31 5 13 34 35 36 7 31 34 24 15 24 19 38
split_gain=1.34969 1.65777 1.87125 1.82969 1.5744 1.55769 1.28605 1.15822 1.12625 2.14047 1.98724 1.91096 1.4552 1.42272 1.56735 1.42157 1.19187 1.57591 1.39096 1.28553 1.33083 2.98137 1.21721 1.41324 1.1599 1.73716 1.07221 1.56385 1.04836 1.75855
threshold=-0.01008966134696331 89638.988477256469 91971.860000000001 0.0069104671320194613 112521.74500000001 84718.716900000014 115724.44070000002 119328.86026752953 115648.79907082063 -2.7742561307101989 0.005263058594472199 118095.44394193102 115926.21500000001 -0.86547390135038205 2866.0391800000002 -114.64188078821068 113693.26500000001 0.00035744260030306661 -0.0037388437359477211 112851.09052702614 113985.15855000001 -2060.2701539389814 -0.0043185028250438311 115236.54220000001 113231.21323926533 2789.6023729000003 0.009129175896223864 3137.1453763700006 502.87999999999744 78.132153405285862
decision_type=2 2 2 2 2 2 2 2 2 2 2 2 2 2 2 2 2 2 2 2 2 2 2 2 2 2 2 2 2 2
left_child=1 5 -3 4 -4 -1 26 8 16 10 13 12 -11 -10 15 -15 19 22 -19 -2 28 24 -18 -24 -22 -26 27 -5 -21 -30
right_child=7 2 3 6 -6 -7 -8 -9 9 11 -12 -13 -14 14 -16 -17 17 18 -20 20 21 -23 23 -25 25 -27 -28 -29 29 -31
leaf_value=5.4608406473223401e-06 -2.1935771634201007e-06 -0.00012245674621058218 9.6247725972507155e-05 1.9349297836890995e-05 2.539170249714687e-07 0.00013953834551699306 -2.6186450807850386e-05 -2.9370631957367989e-05 -1.1460757679776139e-05 -1.2969234657232921e-05 2.2692123379924975e-05 -2.6048420711089873e-05 6.4849692183098127e-05 8.2171268322229761e-05 -3.0966787088052397e-06 2.2846938099542485e-06 6.1561945419307554e-05 -0.00011061921059951647 -4.91925336415347e-06 -1.4620555327502061e-07 0.00010507460129409201 -0.00011867487947125348 -4.9814699292316959e-05 4.8091451522333251e-06 -3.2107365110760164e-05 1.3327041491938598e-05 3.4341664866956197e-05 -6.5036428027304117e-05 6.4864131157221281e-05 3.9828169086533014e-06
leaf_weight=25 862 23 27 22 21 24 31 20 24 24 23 44 22 29 21 20 22 20 34 24 20 28 20 21 21 51 38 20 23 26
leaf_count=25 862 23 27 22 21 24 31 20 24 24 23 44 22 29 21 20 22 20 34 24 20 28 20 21 21 51 38 20 23 26
internal_value=3.06748e-05 0.00357143 0.00137363 0.00330189 0.0114583 0.0117347 -0.000225225 -0.000553967 -0.000380711 0.00301932 0.00747863 -0.00277778 0.00434783 0.00425532 0.00785714 0.0127551 -0.000981229 -0.00576923 -0.012037 -0.000450237 0.00323834 0 -0.000396825 -0.0054878 0.00434783 0.00138889 0.003125 -0.00238095 0.00856164 0.0127551
internal_weight=1630 231 182 159 48 49 111 1399 1379 207 117 90 46 94 70 49 1172 117 54 1055 193 120 63 41 92 72 80 42 73 49
internal_count=1630 231 182 159 48 49 111 1399 1379 207 117 90 46 94 70 49 1172 117 54 1055 193 120 63 41 92 72 80 42 73 49
is_linear=0
shrinkage=0.05


Tree=53
num_leaves=31
num_cat=0
split_feature=42 40 13 38 41 41 36 21 25 31 5 9 15 41 13 23 23 7 19 17 16 13 42 18 36 35 22 22 4 13
split_gain=1.02786 0.973981 1.1088 1.1229 0.87993 1.64811 1.25056 1.13238 1.65974 1.56278 1.51456 2.40894 1.63028 1.42384 1.4158 1.26231 2.49146 1.55479 1.82793 1.93393 1.88016 1.22564 2.33895 2.04508 1.66725 1.66689 2.28873 1.47528 1.43641 3.44947
threshold=-680.01943988486528 2115.9626122887207 0.048126228547339965 82.871153648345924 -1726.9224821160985 -1623.5737363618505 -10124.069346287075 458.33999999999656 1.9811874628026744 118090.36670000001 0.00021198536310554374 -0.0041170769838240039 0.0054002646102992756 1863.7346240547506 0.013100229363114588 1.282174796745627 1.0385195392904136 -0.0088255740149457852 1179.5499999999959 0.0076606747397671444 0.0060791011149828192 0.0015906211095338062 132.3315885262472 -501.10500000000314 2210.9553495888399 84679.686775000009 4308.7150095000006 2679.0811960000005 1564.2009100000002 -0.014676932316649948
decision_type=2 2 2 2 2 2 2 2 2 2 2 2 2 2 2 2 2 2 2 2 2 2 2 2 2 2 2 2 2 2
left_child=-1 2 4 -4 -2 -6 -7 8 13 10 12 -12 -9 15 -13 16 17 18 20 -20 -8 25 -23 -24 -25 -19 28 -26 -27 -30
right_child=1 -3 3 -5 5 6 7 9 -10 -11 11 14 -14 -15 -16 -17 -18 21 19 -21 -22 22 23 24 27 26 -28 -29 29 -31
leaf_value=0.00012629614367802445 1.7547929378879546e-05 -4.1731601791116482e-05 4.5639245493821765e-05 -1.135598887227568e-06 -0.00013551572238642957 -0.00012315701144714847 8.0608118812873058e-05 -0.0001191378689212061 -5.8428873510221597e-05 2.8757532615642619e-05 -0.00011937744189463456 -1.4357047226542438e-05 3.6982812451288692e-05 6.4588823967952962e-05 4.6109134288725771e-05 1.8472797971171723e-05 -9.4354505424035643e-05 0.00015554072879267727 -2.1915131489914303e-05 6.6742609658181317e-06 1.1513066988038654e-05 -2.8427867958135842e-05 -4.0719047604182763e-05 5.837573513509712e-06 -6.0049117622916202e-05 -2.2568918124430803e-06 -0.00016640427863828301 2.9348382645577747e-06 -3.0008862858322324e-06 3.4635132089349349e-05
leaf_weight=21 50 24 35 22 20 31 20 23 37 38 36 58 119 20 35 54 28 22 20 28 51 212 23 132 37 191 28 34 79 102
leaf_count=21 50 24 35 22 20 31 20 23 37 38 36 58 119 20 35 54 28 22 20 28 51 212 23 132 37 191 28 34 79 102
internal_value=-0.000276074 -0.000419515 -0.000268139 0.00657895 -0.00052356 -0.000744249 -0.000548697 -0.000332866 -0.00107335 0.00234628 0.00101476 -0.00290698 0.00457746 -0.000716929 0.00134409 -0.00096607 -0.00136544 -0.000944842 0.00441176 -0.003125 0.00950704 -0.00168605 -0.00353881 0 0.00160099 0.000236967 -0.0005 -0.00457746 0.000537634 0.00372928
internal_weight=1630 1609 1585 57 1528 1478 1458 1427 1118 309 271 129 142 1081 93 1061 1007 979 119 48 71 860 438 226 203 422 400 71 372 181
internal_count=1630 1609 1585 57 1528 1478 1458 1427 1118 309 271 129 142 1081 93 1061 1007 979 119 48 71 860 438 226 203 422 400 71 372 181
is_linear=0
shrinkage=0.05


Tree=54
num_leaves=31
num_cat=0
split_feature=25 25 9 23 23 28 18 19 20 39 42 39 9 5 41 18 1 4 2 42 17 38 13 19 20 20 30 25 39 31
split_gain=1.6149 1.2884 2.09571 1.1455 1.94814 1.70064 2.39565 1.56338 1.71821 1.7595 1.68947 1.4761 1.41636 1.37825 1.91223 1.35281 1.30961 2.05101 1.87641 1.932 1.72035 1.713 1.95094 1.68975 2.08791 1.81708 1.9203 1.54683 1.56136 1.51866
threshold=2.7814341071890927 1.8404784549960234 0.020247192817796807 -0.4530316700231462 -0.41337575929866183 -596.5596750229887 387.46499999999656 701.76000000000215 146.23500000000061 1278.3853571428572 273.65341494263407 1071.1207142857127 0.0043063707107492246 0.0009365901898591211 177.95112626068445 -185.23500000000055 103473.26500000001 2156.7121450000004 103764.20000000003 -155.38194061244636 0.010450751470169117 53.738846585283873 -0.024400775104063389 1681.8599999999935 611.48500000000797 357.14500000000413 105659.45259553632 0.31835733065102595 1394.2692857142863 106489.58090000002
decision_type=2 2 2 2 2 2 2 2 2 2 2 2 2 2 2 2 2 2 2 2 2 2 2 2 2 2 2 2 2 2
left_child=1 3 -3 5 -5 6 12 10 -9 11 -7 -10 13 14 -1 -11 17 -6 -18 27 21 22 -19 24 25 26 -21 -20 -29 -28
right_child=-2 2 -4 4 16 7 -8 8 9 15 -12 -13 -14 -15 -16 -17 18 20 19 23 -22 -23 -24 -25 -26 -27 29 28 -30 -31
leaf_value=1.8501373232802149e-06 6.3701377414529295e-05 -4.8681122061102732e-06 -0.0002436859106320959 3.1015836174944708e-05 -5.435814294437442e-05 -1.0854302650155943e-06 -5.7068387150858928e-05 -5.0968791537086205e-05 -7.4652993567527227e-07 5.7399510205990246e-05 2.6110971088900423e-05 -0.00015823879536371949 -1.0446795763032128e-05 4.1802821574242222e-05 9.1462429927227377e-05 -6.0586141488464688e-06 -4.8573225497043609e-05 6.3177219452932045e-05 -4.4613668917260494e-07 2.3908185510892267e-05 8.0057450374978441e-07 1.5728753836582911e-05 0.00013656187436369556 6.7728585546130638e-05 -4.1042392855950324e-05 2.251671906169769e-05 -2.133703453538737e-05 -8.8812069109187573e-05 -9.1217447603550146e-08 -5.9899269590701852e-07
leaf_weight=81 42 51 21 36 24 234 26 81 39 21 21 34 26 26 21 56 45 28 75 22 102 65 44 81 31 48 20 35 23 171
leaf_count=81 42 51 21 36 24 234 26 81 39 21 21 34 26 26 21 56 45 28 75 22 102 65 44 81 31 48 20 35 23 171
internal_value=-0.000153374 -0.00040932 -0.00694444 -9.89446e-05 0.00111765 -0.00165165 0.0025 -0.0031893 -0.00616883 -0.003 -0.000490196 -0.00856164 0.00487013 0.00703125 0.00441176 0.00227273 0.000614251 0.00351711 -0.000771325 9.88142e-05 0.00491632 0.00857664 0.0138889 0.0019437 0.000171233 0.00162835 -0.000352113 -0.00507519 -0.0112069 -0.00196335
internal_weight=1630 1588 72 1516 850 666 180 486 231 150 255 73 154 128 102 77 814 263 551 506 239 137 72 373 292 261 213 133 58 191
internal_count=1630 1588 72 1516 850 666 180 486 231 150 255 73 154 128 102 77 814 263 551 506 239 137 72 373 292 261 213 133 58 191
is_linear=0
shrinkage=0.05


Tree=55
num_leaves=31
num_cat=0
split_feature=30 42 13 41 36 22 22 16 16 42 38 28 25 28 36 21 4 39 22 30 24 28 36 17 25 11 25 22 21 21
split_gain=1.49481 1.43177 1.06765 0.902487 1.00075 0.920492 1.57869 0.91609 3.69444 1.84273 1.61136 2.3281 1.80995 2.06094 1.70573 1.84334 1.63141 2.26881 2.84443 1.70142 1.62289 1.91295 1.71824 1.84902 1.60802 2.3385 2.20163 2.92152 2.78244 1.63104
threshold=118439.33054605167 -619.68655502121851 -0.015650661233170982 -1862.4090972128017 -10124.069346287075 1313.949605 1577.1603720000003 0.007063339820031809 0.0073248956013079866 336.66044564570649 38.090511960861626 -1281.3531053494078 -0.94330440014144168 671.63775293280207 -4971.6276931188977 286.53499999999627 1550.2557850000003 1465.1675000000002 2855.4416737500005 104343.0376386702 3007.2107386000012 1356.6826027071731 -2420.6090427285158 0.007387998978908978 -0.36703685097128863 -0.0086275738646926677 0.015454999134268524 2240.0165240000006 224.11000000000061 458.33999999999656
decision_type=2 2 2 2 2 2 2 2 2 2 2 2 2 2 2 2 2 2 2 2 2 2 2 2 2 2 2 2 2 2
left_child=1 -1 -2 -3 -5 -6 -7 9 -9 24 14 -12 -13 16 -10 -16 -14 18 -18 -20 -15 -22 -23 -24 25 -8 -26 29 -29 -28
right_child=2 3 -4 4 5 6 7 8 10 -11 11 12 13 20 15 -17 17 -19 19 -21 21 22 23 -25 26 -27 27 28 -30 -31
leaf_value=0.00018421921745692652 -2.251057539716975e-05 4.9735999923302779e-05 -2.1247187688565249e-06 -6.8965628301321765e-05 -5.6367524369358099e-05 4.5574098352251922e-05 3.8188713261390117e-05 9.851154044233988e-05 3.2733186719497261e-06 -2.9147848893810874e-05 0.00018584103041435781 4.7527773676441103e-05 -4.95641157639111e-05 2.1489228480528219e-05 -2.0258373410200412e-06 -0.00012839792944617756 -1.6690390911835634e-05 -3.7802001771043315e-05 5.2042452063648916e-06 0.00010790448003889771 6.3622493999564137e-05 2.4805422534455399e-05 5.506235567126079e-05 -5.1626606993509339e-05 1.9797771286416073e-05 -5.3388601836373897e-06 2.6980064512644649e-06 -0.00012771014878623478 -1.5815909219753059e-06 0.00018356635447671859
leaf_weight=21 20 23 34 55 28 35 56 62 74 41 27 26 38 73 32 36 38 63 38 26 42 27 22 75 132 284 60 36 85 21
leaf_count=21 20 23 34 55 28 35 56 62 74 41 27 26 38 73 32 36 38 63 38 26 42 27 22 75 132 284 60 36 85 21
internal_value=-0.000153374 0.000126904 -0.00833333 -4.82315e-05 -0.000195822 5.07786e-05 0.000224293 -3.53607e-05 0.00125179 -0.00129371 0.000117739 0.00146465 0.000641026 -0.000113122 -0.00457746 -0.0102941 -0.00381773 -0.00166667 0.00294118 0.009375 0.00303347 0.000301205 -0.00282258 -0.00592784 -0.000667656 -0.00308824 0.00179641 -0.00148515 -0.00640496 0.0058642
internal_weight=1630 1576 54 1555 1532 1477 1449 1414 699 715 637 495 468 442 142 68 203 165 102 64 239 166 124 97 674 340 334 202 121 81
internal_count=1630 1576 54 1555 1532 1477 1449 1414 699 715 637 495 468 442 142 68 203 165 102 64 239 166 124 97 674 340 334 202 121 81
is_linear=0
shrinkage=0.05


Tree=56
num_leaves=31
num_cat=0
split_feature=25 25 9 0 25 0 41 38 16 4 20 15 15 11 18 31 20 2 39 21 41 20 13 0 1 38 21 30 38 5
split_gain=1.60467 1.90932 1.68067 1.25742 1.16654 2.1653 1.5164 1.50121 1.77846 1.13575 1.15239 1.36453 2.35788 1.63777 2.34744 1.47193 2.36335 1.63391 1.35777 1.77316 1.95187 1.43763 1.53899 1.73804 1.25737 1.37827 1.22501 1.1632 1.09636 1.28444
threshold=2.7814341071890927 1.8404784549960234 0.020247192817796807 103728.75000000001 -0.96228782910332022 90252.295000000027 291.97353214887113 40.886574038308979 0.0061432888865759335 863.35367500000018 388.06999999999249 0.0069836045444145603 0.0066723234518129299 -0.017368758951310213 -716.11000000000047 106672.52940000001 258.9550000000018 107727.50000000001 1275.0503571428569 90.709999999991865 553.07528873965009 103.15999999999623 0.0053090282715082798 114268.395 119108.31500000002 24.07178523722877 283.80500000000035 118019.72351548648 30.79126014427727 -0.00030933213288107702
decision_type=2 2 2 2 2 2 2 2 2 2 2 2 2 2 2 2 2 2 2 2 2 2 2 2 2 2 2 2 2 2
left_child=1 4 3 -3 5 -1 7 -7 -9 -6 11 12 13 -11 -15 16 -16 -17 19 -19 21 -21 23 -23 25 -13 -14 28 29 -12
right_child=-2 2 -4 -5 9 6 -8 8 -10 10 27 24 26 14 15 17 -18 18 -20 20 -22 22 -24 -25 -26 -27 -28 -29 -30 -31
leaf_value=8.7186202955947843e-06 5.7997550576429649e-05 1.281263176771964e-05 -0.00023004422265580058 -6.1259759087883931e-05 7.1954274321360438e-06 -1.9136076763451254e-06 -4.1114815215877272e-05 -3.9462318393703983e-05 0.00010950085371292913 3.4872796607676566e-05 3.862952766810913e-05 -2.2195755543993309e-05 4.6534106713437686e-05 -8.0340036565889808e-05 -2.3607932669160469e-06 0.00011289188559589733 -0.00016813290631028234 9.2598247082369034e-06 8.3938600488438821e-05 1.6771856896560794e-06 3.1253046220296762e-05 6.3953412534811734e-05 -8.4657208477746012e-05 -3.935064626955379e-05 -3.1792114674683421e-05 -3.6305957993778476e-06 2.427149236521834e-06 -3.7150884701703507e-06 2.5130437318142391e-06 0.00011283352977688795
leaf_weight=20 42 21 21 30 35 23 28 21 20 32 25 20 22 37 123 33 23 56 34 35 36 20 42 21 20 416 21 26 307 20
leaf_count=20 42 21 21 30 35 23 28 21 20 32 25 20 22 37 123 33 23 56 34 35 36 20 42 21 20 416 21 26 307 20
internal_value=-0.000122699 -0.000377834 -0.00833333 -0.00343137 0 -0.00491071 -0.00815217 -0.00390625 0.00182927 0.000391738 0.000164354 -0.000731584 0.000981308 0 -0.00076087 0.000295508 -0.00376712 0.00243682 0.00102459 -0.00047619 -0.00324675 -0.00635593 -0.00993976 -0.00304878 -0.00274123 -0.0021789 0.0122093 0.00251323 0.00326705 0.0105556
internal_weight=1630 1588 72 51 1516 112 92 64 41 1404 1369 991 535 492 460 423 146 277 244 210 154 118 83 41 456 436 43 378 352 45
internal_count=1630 1588 72 51 1516 112 92 64 41 1404 1369 991 535 492 460 423 146 277 244 210 154 118 83 41 456 436 43 378 352 45
is_linear=0
shrinkage=0.05


Tree=57
num_leaves=31
num_cat=0
split_feature=0 23 0 18 5 42 1 2 5 39 23 39 15 11 20 20 3 24 13 7 28 7 22 19 9 36 38 13 25 28
split_gain=1.53301 1.31355 1.33367 2.48889 2.53472 2.10015 1.53064 1.4352 1.36929 1.75718 1.3447 1.34137 1.25952 1.3023 1.20043 2.21334 1.86653 1.62979 1.59909 2.1198 1.68964 1.52883 1.52179 1.49703 1.4934 2.0736 2.02793 2.00864 1.61026 1.49171
threshold=119090.97500000002 -1.2357238293925512 117186.24000000001 299.75000000000006 -0.0011560089318760432 17.133082513314324 118321.53500000002 114943.59500000002 -0.00011435044282065653 983.18178571428473 -1.0461137656665696 1295.7942857142873 0.008233612054328444 0.0092328057438569779 451.35500000000326 508.30999999999773 87091.615000000005 2643.5670625000007 -0.010864943431734636 -0.0061741901114233293 2124.1132129359326 -0.0052416816017056885 3934.0293247500008 1224.7500000000002 0.00019733062102644211 -3579.9376031328425 55.653660341735588 1.0000000180025095e-35 -0.43976542666471558 2124.1132129359326
decision_type=2 2 2 2 2 2 2 2 2 2 2 2 2 2 2 2 2 2 2 2 2 2 2 2 2 2 2 2 2 2
left_child=1 -1 7 4 6 -6 -4 10 -9 -10 11 -3 13 -2 18 -16 -17 -18 -12 23 21 -21 -22 -20 25 -23 27 -27 -26 -19
right_child=12 2 3 -5 5 -7 -8 8 9 -11 14 -13 -14 -15 15 16 17 29 19 20 22 24 -24 -25 28 26 -28 -29 -30 -31
leaf_value=-6.143627962313926e-06 3.5168309150892412e-06 2.1517774678795158e-06 7.0938640880365857e-05 2.5985977077653611e-05 1.5933264051732748e-06 -5.0247418266859829e-05 1.4775687984647843e-06 1.0668625577721596e-06 -7.0931570875671865e-05 -3.2816378408057461e-06 -1.5459318673076926e-05 4.7213427002060531e-05 -1.576522015049246e-05 -6.0950066733030869e-05 0.00010099765589404033 7.5075949761994022e-05 3.3134283658726477e-05 -9.8069751269000446e-06 4.9048155985216201e-05 -6.1422394132311785e-05 -1.11716626954313e-05 0.00021854807532947475 -9.5320505477039988e-05 -6.6529827879520439e-07 -1.1687321858418124e-05 1.6713748184930318e-05 1.6238194741991951e-05 -9.8302384184777465e-05 5.2775806749185294e-06 4.0430808459576565e-06
leaf_weight=42 33 52 20 36 25 22 23 41 21 25 298 21 20 31 57 51 42 116 65 23 46 24 26 37 134 38 63 27 146 25
leaf_count=42 33 52 20 36 25 22 23 41 21 25 298 21 20 31 57 51 42 116 65 23 46 24 26 37 134 38 63 27 146 25
internal_value=3.06748e-05 0.000388098 0.000631649 0.00555556 0.00111111 -0.00691489 0.00988372 0.000181422 -0.00603448 -0.0119565 0.00060031 0.00719178 -0.00654762 -0.003125 0.000205255 0.00300687 0.000854701 -0.00150273 -0.000674218 0.000755167 -0.000521822 0.000604396 -0.00763889 0.00735294 0.00127315 0.00526316 0.00273438 -0.00346154 -0.000892857 -0.00407801
internal_weight=1630 1546 1504 126 90 47 43 1378 87 46 1291 73 84 64 1218 291 234 183 927 629 527 455 72 102 432 152 128 65 280 141
internal_count=1630 1546 1504 126 90 47 43 1378 87 46 1291 73 84 64 1218 291 234 183 927 629 527 455 72 102 432 152 128 65 280 141
is_linear=0
shrinkage=0.05


Tree=58
num_leaves=31
num_cat=0
split_feature=0 2 31 15 15 26 38 41 41 38 7 25 38 21 21 5 42 13 39 36 38 11 18 36 17 40 38 15 18 40
split_gain=1.1538 1.44541 2.47757 1.43707 1.40015 1.20028 1.06918 1.0271 1.87304 1.16667 1.09541 1.37665 2.66825 2.08046 2.18733 2.12058 1.94462 1.63889 1.5 1.44901 1.11207 1.06749 1.07052 1.20954 1.5025 1.16168 1.71209 2.12264 1.09557 2.41576
threshold=119090.97500000002 116783.71000000001 118309.60280000001 0.0060124614431665583 0.008233612054328444 118633.50548435122 56.509252902482849 -1726.9224821160985 -1623.5737363618505 33.068567471660252 -0.0049963147797842241 -0.62605622844768516 53.822527884811272 293.93499999999773 335.24500000000268 -0.0033821616209862744 -103.54982069309449 0.014533977997524835 1162.2442857142862 -5442.2541760578815 56.509252902482849 -0.029277800786846345 -817.58999999999639 -5385.027033090525 0.011050893112894582 -1183.6969138862476 36.949742040138808 0.0062631277717781235 967.49500000000273 339.16228230330313
decision_type=2 2 2 2 2 2 2 2 2 2 2 2 2 2 2 2 2 2 2 2 2 2 2 2 2 2 2 2 2 2
left_child=1 7 3 6 5 -2 -3 9 -9 -1 11 12 -10 15 -15 16 18 19 -13 -16 -18 -12 -23 24 -24 -25 27 -27 -28 -30
right_child=4 2 -4 -5 -6 -7 -8 8 10 -11 21 13 -14 14 17 -17 20 -19 -20 -21 -22 22 23 25 -26 26 28 -29 29 -31
leaf_value=0.00012509284825571604 -6.7641166645296072e-05 -4.7185489114579211e-06 -2.6719054501140444e-06 2.6709682073265186e-05 -1.4976959142967834e-05 1.9010392709973843e-06 1.2901433743794668e-05 -0.00014409772838284513 4.0920567416636434e-06 1.2006454342865231e-06 -0.0001014406429911153 5.4949101125963611e-06 -8.050217994474439e-05 -0.00010691442433529832 7.9074693920090804e-05 9.8597454800503862e-05 7.4523644402110832e-05 6.7570341788163925e-05 -6.6928686107084579e-05 -6.0206624006818621e-06 3.0818244155039016e-07 -2.0384024632864711e-05 4.5910444187116836e-05 1.7584631344195124e-05 -3.5770867402258274e-05 -8.579889792367703e-07 2.223305383031006e-08 -6.4763823771342918e-05 2.7340931653667347e-06 -9.5444450402277625e-05
leaf_weight=24 20 23 40 35 20 44 26 21 36 32 23 25 20 24 40 43 33 20 24 88 21 20 41 23 24 53 638 53 53 43
leaf_count=24 20 23 40 35 20 44 26 21 36 32 23 25 20 24 40 43 33 20 24 88 21 20 41 23 24 53 638 53 53 43
internal_value=-0.000245399 6.46831e-05 0.00524194 0.010119 -0.00595238 -0.00234375 0.00459184 -0.000386779 -0.000658858 0.00625 -0.000427509 0.00187166 -0.00535714 0.00314465 -0.000581395 0.00753425 0.00364078 0.00168919 -0.00357143 -0.000390625 0.0101852 -0.00131308 -0.00105485 -0.00080819 0.00576923 -0.00130359 -0.00160714 -0.00754717 -0.000749319 -0.00572917
internal_weight=1630 1546 124 84 84 64 49 1422 1366 56 1345 374 56 318 172 146 103 148 49 128 54 971 948 928 65 863 840 106 734 96
internal_count=1630 1546 124 84 84 64 49 1422 1366 56 1345 374 56 318 172 146 103 148 49 128 54 971 948 928 65 863 840 106 734 96
is_linear=0
shrinkage=0.05


Tree=59
num_leaves=31
num_cat=0
split_feature=34 42 23 4 20 9 23 23 32 39 30 19 25 4 16 20 21 11 11 9 39 5 5 9 25 22 25 16 11 15
split_gain=1.50008 1.43882 1.13959 1.71045 2.72948 1.79623 2.23492 1.56114 1.78759 1.43437 1.42274 1.41681 1.2803 1.21733 1.0923 1.06877 1.05421 1.0206 1.57682 1.56065 1.76042 1.75362 1.30124 1.30877 3.21621 2.17014 1.79946 1.45758 2.06665 1.60374
threshold=116511.55595106517 -619.68655502121851 0.71519739459066234 3292.3134100000002 91.425000000002925 -0.00062801975029079255 0.045603753386343607 0.9165019602246407 1500.4838293272117 917.51214285714229 90441.810733783845 1328.1350000000023 0.20322154738725265 3080.1356550000005 0.010162156023121205 302.68000000000035 407.04000000000821 -0.00012373872363432705 -0.00456145169915269 0.0012637733417322293 997.79428571428605 -0.00060775151738513117 -0.0070270297347726678 -0.0022474985739331329 -0.31504531041485256 3680.6644337500002 -0.74570188037109986 0.0065229066713749697 -0.0080932910816419647 0.008532406553441849
decision_type=2 2 2 2 2 2 2 2 2 2 2 2 2 2 2 2 2 2 2 2 2 2 2 2 2 2 2 2 2 2
left_child=1 -1 3 13 -5 10 14 8 -4 15 -6 -11 -8 17 -7 -9 -12 18 22 20 21 -20 -3 25 26 27 -25 28 -24 -29
right_child=-2 2 7 4 5 6 12 9 -10 11 16 -13 -14 -15 -16 -17 -18 -19 19 -21 -22 -23 23 24 -26 -27 -28 29 -30 -31
leaf_value=0.00016989601143832406 -9.5460478156091569e-05 -0.00015806840349178754 -1.3601070451466459e-06 0.00011124452104139243 5.6269412742845408e-05 -7.1812095648679443e-05 2.5748901010573523e-06 -2.0010331806638892e-06 -3.4816932041303112e-05 -0.00011637134851609367 -5.5360082175665537e-06 -2.2502184674711814e-06 0.00016559396619419855 -3.5778993019446215e-05 4.4595140675112603e-06 7.9481765296407104e-05 -0.00011227779322390268 -1.4370401932616787e-06 3.7156425159800051e-06 3.5049211411382449e-05 1.8219830617302504e-05 -6.0250484259697745e-05 9.3119927724101629e-05 7.6628971651154664e-07 7.7159393599215352e-05 0.00010148834243826884 -4.7286862362616979e-05 -1.6262299500715567e-05 -1.5356200142382872e-06 6.6109503885280038e-06
leaf_weight=21 24 20 27 37 20 23 22 32 20 21 27 194 44 45 36 23 29 530 25 45 48 23 43 44 27 22 53 43 38 24
leaf_count=21 24 20 27 37 20 23 22 32 20 21 27 194 44 45 36 23 29 530 25 45 48 23 43 44 27 22 53 43 38 24
internal_value=-9.20245e-05 9.33998e-05 -7.88644e-05 0.000591483 0.00441176 0.00211443 0.0058 -0.00276025 -0.0111702 -0.0012963 -0.00394737 -0.00313953 0.0121212 -0.000291262 -0.00127119 0.00590909 -0.00803571 7.61421e-05 0.00181319 0.00620567 0.00260417 -0.00416667 -0.000159236 0.000680272 -0.00322581 0.00352941 -0.00747423 0.00135135 0.0058642 -0.00410448
internal_weight=1630 1606 1585 1268 238 201 125 317 47 270 76 215 66 1030 59 55 56 985 455 141 96 48 314 294 124 170 97 148 81 67
internal_count=1630 1606 1585 1268 238 201 125 317 47 270 76 215 66 1030 59 55 56 985 455 141 96 48 314 294 124 170 97 148 81 67
is_linear=0
shrinkage=0.05


Tree=60
num_leaves=31
num_cat=0
split_feature=28 25 25 31 13 15 38 19 20 24 20 5 28 35 41 4 21 21 38 4 19 27 4 13 28 32 36 9 28 32
split_gain=0.889093 2.20112 2.13258 1.85573 1.73146 1.96201 2.03369 1.48865 2.12384 2.50689 1.37775 2.58489 1.32933 1.55089 1.88929 1.2636 1.31667 1.23446 2.11738 1.44933 1.49457 1.45332 1.37639 1.3703 1.30065 1.25149 2.38861 1.19597 1.15871 1.13175
threshold=84.044568324745356 -0.978146853078106 -0.88488048638576033 118121.42790000002 -0.010864943431734636 0.0097679253752820678 47.119908147545367 693.62999999999749 193.31000000000498 2643.5670625000007 393.99500000000268 -0.0060460158144395202 -1169.5802032144636 106428.79730000002 -748.57281803380545 2358.0453900000007 599.20000000000448 354.67500000000297 22.882401198751015 3028.3687400000003 721.71499999999662 104336.42650000002 1974.2406500000002 -0.037106881485492522 -684.07079733206763 -647.16257666831359 -4661.0062115678656 -0.013098196666294694 -485.82353917553695 471.62772036257962
decision_type=2 2 2 2 2 2 2 2 2 2 2 2 2 2 2 2 2 2 2 2 2 2 2 2 2 2 2 2 2 2
left_child=4 -2 -3 -4 10 7 -7 8 9 -6 17 -12 13 -13 -15 29 28 19 -19 20 24 -22 -23 -21 -1 26 27 -20 -17 -9
right_child=1 2 3 -5 5 6 -8 15 -10 -11 11 12 -14 14 -16 16 -18 18 25 23 21 22 -24 -25 -26 -27 -28 -29 -30 -31
leaf_value=1.6777251786648445e-05 -2.9989753450499122e-05 7.423386681358809e-05 -8.0128460555171535e-07 -9.2138614440182183e-05 -4.6338414618737288e-06 6.3135157400121707e-06 -5.6639821435517389e-05 5.9426966571680506e-05 -5.5644296821491442e-05 3.5151716513793985e-05 -6.5199741030559869e-05 0.00016712679104175464 -4.1125678763331416e-06 3.9752379915714768e-05 -7.0190241918162969e-06 -2.0244962816549745e-05 0.00013287570123440165 6.512303863562361e-05 -0.00012542964734248279 -3.3990043368473904e-05 -7.0855808061244326e-05 -6.4756401192124743e-05 7.8299257894523313e-05 8.3710456686060248e-05 -3.509135226980356e-06 3.2785587186950124e-06 -0.00010456557962804174 5.5532951689793337e-06 1.5008006037359397e-05 1.5133175992864534e-06
leaf_weight=41 35 31 703 33 41 24 33 68 31 32 36 29 30 24 21 37 37 21 27 21 23 20 23 36 31 20 42 29 26 25
leaf_count=41 35 31 703 33 41 24 33 68 31 32 36 29 30 24 21 37 37 21 27 21 23 20 23 36 31 20 42 29 26 25
internal_value=-0.000122699 -0.00130923 -0.000749674 -0.00129076 0.00102657 0.00367232 -0.00482456 0.00530303 0.000480769 0.00513699 -0.000949367 0.00321429 0.00721154 0.0108108 0.005 0.00790155 0.004 -0.00269461 -0.00629496 -0.000128205 -0.00289855 -0.00833333 -0.00290698 0.00657895 0.00208333 -0.00889831 -0.0112245 -0.00446429 -0.000396825 0.0120968
internal_weight=1630 802 767 736 828 354 57 297 104 73 474 140 104 74 45 193 100 334 139 195 138 66 43 57 72 118 98 56 63 93
internal_count=1630 802 767 736 828 354 57 297 104 73 474 140 104 74 45 193 100 334 139 195 138 66 43 57 72 118 98 56 63 93
is_linear=0
shrinkage=0.05


Tree=61
num_leaves=31
num_cat=0
split_feature=7 4 4 19 17 9 16 39 40 7 2 16 40 36 38 25 7 38 5 15 39 11 23 42 4 7 21 5 1 0
split_gain=0.995879 1.38615 1.05555 1.37175 1.20054 1.16344 1.09186 2.93071 1.82183 1.79335 1.75763 1.69813 2.40038 2.025 1.63664 1.99468 1.60147 1.53302 1.50177 1.40617 1.75439 1.99116 1.32873 1.08763 1.06061 1.03214 1.02083 1.01185 0.971059 1.73788
threshold=-0.00040500971499167715 802.0855200000002 1331.3213950000002 721.71499999999662 0.005512895074271113 0.0027931202434122557 0.0068818630694979155 1158.0810714285701 -80.673783814345356 0.0044020101823115743 113107.55500000001 0.0057079354629018704 170.77364669994134 1144.2961069777596 46.655016978057212 -0.24426825094492913 0.0058874240575340873 31.964558093474505 -0.0014328655231973422 0.011322386699762018 1281.6782142857157 0.014076780693930264 -0.13273787206329038 29.180896282057606 2917.2617900000005 0.011251596755680137 176.54500000000556 0.0060225472432087991 118725.00500000002 117477.34500000002
decision_type=2 2 2 2 2 2 2 2 2 2 2 2 2 2 2 2 2 2 2 2 2 2 2 2 2 2 2 2 2 2
left_child=28 -2 3 5 -4 26 10 8 -8 14 11 12 -6 -14 15 -9 -12 -11 -19 20 -20 27 -21 -16 -25 -18 -3 -22 29 -1
right_child=1 2 4 -5 6 -7 7 9 -10 17 16 -13 13 -15 23 -17 25 18 19 22 21 -23 -24 24 -26 -27 -28 -29 -30 -31
leaf_value=1.3131476267459302e-06 3.518220955531638e-06 -3.1972569351045271e-05 5.3384789481378081e-06 -2.666062820532077e-05 6.3385690239310631e-05 2.1770017907230714e-06 -7.3734534252839582e-06 4.7580317033609761e-05 5.381071990963899e-05 5.9543044299446153e-05 4.5844191891041756e-05 -4.6892068397200898e-05 4.4341184241499486e-05 -0.00021303603894530271 -0.00019708315368948347 -4.9723092404267618e-06 -3.0195156521888219e-05 4.9810078331468874e-05 7.9996763722847395e-06 -7.9047606209697895e-05 6.553336774973507e-06 -0.0001038056931605538 3.1161868249976265e-05 -4.5844602997397799e-05 -1.1113194983704679e-06 2.3523504301973456e-06 -1.4957484358261731e-05 -2.8822425385660622e-05 -3.7118524026166772e-06 6.2524552327936506e-05
leaf_weight=657 47 24 44 21 25 51 32 27 56 21 40 97 20 20 20 20 21 29 38 26 20 35 40 22 20 24 24 21 58 30
leaf_count=657 47 24 44 21 25 51 32 27 56 21 40 97 20 20 20 20 21 29 38 26 20 35 40 22 20 24 24 21 58 30
internal_value=-0.000306748 -0.00144068 -0.00190931 -0.00625 -0.00118384 -0.00378788 -0.00170623 -0.000175644 0.00795455 -0.00228614 -0.00435223 -0.00740741 -0.00115385 -0.00875 -0.00756881 -0.000531915 0.00147059 0.000217391 -0.00107656 -0.00277778 -0.00614035 -0.0105263 0.0030303 -0.0129032 -0.00833333 -0.005 -0.009375 -0.00304878 0.00104027 0.00156477
internal_weight=1630 885 838 120 718 99 674 427 88 339 247 162 65 40 109 47 85 230 209 180 114 76 66 62 42 45 48 41 745 687
internal_count=1630 885 838 120 718 99 674 427 88 339 247 162 65 40 109 47 85 230 209 180 114 76 66 62 42 45 48 41 745 687
is_linear=0
shrinkage=0.05


Tree=62
num_leaves=31
num_cat=0
split_feature=34 38 28 5 1 32 28 32 42 13 25 25 23 23 19 31 40 41 30 5 18 36 20 20 23 31 35 36 19 18
split_gain=1.45825 2.74921 1.63615 1.77781 1.84035 1.2577 2.28429 1.47692 1.12852 1.32113 1.22448 1.97485 1.49059 1.92513 1.45762 1.4262 1.39485 1.26121 1.01704 1.60303 1.12786 2.52083 1.30719 2.37564 1.48913 1.12262 1.09303 1.08248 2.47009 2.3171
threshold=114868.63695333891 66.031199026655401 804.39074560112942 0.0034456148004474284 112476.02500000001 -696.95063849171845 165.99806266567614 -2325.4114294520036 -619.68655502121851 -0.049029013837497901 2.7814341071890927 1.8626090626955694 1.282174796745627 0.98238596017319513 1947.1399999999996 103719.63210000003 -7.1214532469602991 320.12304765145643 117613.40666045061 -0.00024738020971611465 955.58000000000186 1177.470929724441 20.885000000002041 34.970000000001171 -0.78807846285600347 83846.018400000015 84965.532325000007 2210.9553495888399 1106.840000000004 -15.200000000004364
decision_type=2 2 2 2 2 2 2 2 2 2 2 2 2 2 2 2 2 2 2 2 2 2 2 2 2 2 2 2 2 2
left_child=8 2 3 4 -2 7 -7 -6 -1 -10 11 12 13 14 18 -16 -14 -15 20 -20 22 -22 24 -24 -11 -25 -27 -28 29 -29
right_child=1 -3 -4 -5 5 6 -8 -9 9 10 -12 -13 16 17 15 -17 -18 -19 19 -21 21 -23 23 25 -26 26 27 28 -30 -31
leaf_value=0.00016386163918194463 0.00014295853945518402 -7.7889498375114709e-05 6.1749422257255536e-05 -6.2286156918179113e-05 -5.9328102464011331e-06 8.8657183602565631e-06 -6.6049978352233128e-06 -3.4895750665128253e-05 -5.8992456615718998e-05 5.4233205392675077e-05 6.0295794775520493e-05 -4.6086283136152753e-05 -9.1728710225361066e-06 -7.3259933218124736e-07 2.6967016235728221e-05 7.9096628115392641e-05 6.6651145699245714e-05 -9.0693313838756219e-05 -6.0040657860969565e-06 2.0379627962212106e-05 1.1553022146517424e-05 -9.2317325702034859e-05 -0.00010188403679730192 -6.1226440936034307e-06 1.6180274818946868e-08 7.2792883268702757e-05 1.9003467484306875e-06 6.017400657456438e-07 1.9488707529488133e-05 -4.1028658553522052e-05
leaf_weight=20 23 22 24 35 39 25 22 26 37 31 26 48 28 27 37 26 57 28 20 24 24 24 28 54 39 43 499 103 80 111
leaf_count=20 23 22 24 35 39 25 22 26 37 31 26 48 28 27 37 26 57 28 20 24 24 24 28 54 39 43 499 103 80 111
internal_value=0.000122699 -0.0037037 -0.00180412 -0.00352941 -0.000925926 -0.00357143 0.00265957 -0.00807692 0.000707214 0.00053802 0.000792189 0.000582269 0.000954793 0.000500835 0.000940507 0.00833333 0.00735294 -0.00863636 0.000509259 0.00795455 0.00019305 -0.00729167 0.00055668 5.44662e-05 0.00714286 0.000505618 0.000956938 0.000535939 -0.00187075 -0.0046729
internal_weight=1630 216 194 170 135 112 47 65 1414 1394 1357 1331 1283 1198 1143 63 85 55 1080 44 1036 48 988 918 70 890 836 793 294 214
internal_count=1630 216 194 170 135 112 47 65 1414 1394 1357 1331 1283 1198 1143 63 85 55 1080 44 1036 48 988 918 70 890 836 793 294 214
is_linear=0
shrinkage=0.05


Tree=63
num_leaves=31
num_cat=0
split_feature=36 16 22 22 41 27 25 25 25 16 39 41 40 9 39 16 16 16 24 1 13 23 4 4 9 32 17 4 7 21
split_gain=0.939732 2.08035 1.92971 1.28064 1.27361 1.1102 1.38303 1.13942 1.53571 1.09337 1.12134 2.66806 2.08179 1.90081 1.87236 2.12626 2.02657 1.8465 1.96128 2.19074 1.78784 1.75597 2.68889 1.7286 2.02443 1.60575 1.42493 1.30667 1.29858 1.32799
threshold=8346.675570451067 0.0072719584161297264 3756.7357082500007 4200.7646187500004 1435.0228994471593 120053.18900000001 2.9271690851299472 1.8404784549960234 1.384088586048861 0.0035725113502153767 1360.3496428571418 -1096.0923980800678 -1183.6969138862476 -0.013098196666294694 1308.8171428571438 0.0069070144775289178 0.0073317905161011986 0.01030315494261576 2635.9796262600003 87936.530000000013 0.033112400908185305 -0.15529378099908223 3795.2231650000003 2239.4708950000004 -0.0026067586585831015 -1582.051538119478 0.00673260029343102 4531.3678850000006 -0.011286585846255715 165.70999999999188
decision_type=2 2 2 2 2 2 2 2 2 2 2 2 2 2 2 2 2 2 2 2 2 2 2 2 2 2 2 2 2 2
left_child=4 -2 -3 -4 5 6 7 8 9 -1 14 12 13 -12 15 20 -16 18 26 -20 28 23 -23 24 -13 -18 -17 -15 -11 -30
right_child=1 2 3 -5 -6 -7 -8 -9 -10 10 11 21 -14 27 16 17 25 -19 19 -21 -22 22 -24 -25 -26 -27 -28 -29 29 -31
leaf_value=3.7930419149417971e-05 -0.00019513722105837867 2.7651225544601675e-05 -4.1796041951865705e-05 -7.756533306237589e-06 4.9250736562569378e-05 -1.183936899677565e-05 5.8786439583729114e-05 -2.5718209993351714e-05 4.9929228457252074e-05 -5.6361697340810746e-06 -7.4370393830165604e-05 7.4294194770813007e-05 -0.00019602220533402679 -3.8500728757263536e-08 8.5735393658847502e-06 4.747493487520664e-06 -1.504618018619236e-06 -9.0499151084071566e-05 -2.123501270273262e-06 2.0929401184610495e-05 -4.5039458099635042e-05 0.00020955903693455278 7.8059189181550802e-06 -5.0026386992259986e-06 1.3167781783644784e-06 -8.1604555153415873e-05 -2.0761320029916979e-05 0.0001525034864576062 2.2801226554563387e-06 -4.2183353510634317e-06
leaf_weight=27 25 36 22 37 36 29 29 62 30 27 24 28 24 50 20 38 20 28 54 126 28 30 60 62 43 33 44 25 231 302
leaf_count=27 25 36 22 37 36 29 29 62 30 27 24 28 24 50 20 38 20 28 54 126 28 30 60 62 43 33 44 25 231 302
internal_value=9.20245e-05 -0.00416667 -0.000789474 -0.00635593 0.000430464 0.000203528 0.000397924 0.000176554 0.000480059 0.000226586 1.92753e-05 0.00245665 -0.00345528 -0.000252525 -0.000867508 -0.00022779 -0.00856164 0.00327586 0.00458015 0.0075 -0.00195578 0.00571749 0.0111111 0.00206767 0.00739437 -0.0136792 -0.00182927 0.00366667 -0.00133929 -0.000797373
internal_weight=1630 120 95 59 1510 1474 1445 1416 1354 1324 1297 346 123 99 951 878 73 290 262 180 588 223 90 133 71 53 82 75 560 533
internal_count=1630 120 95 59 1510 1474 1445 1416 1354 1324 1297 346 123 99 951 878 73 290 262 180 588 223 90 133 71 53 82 75 560 533
is_linear=0
shrinkage=0.05


Tree=64
num_leaves=31
num_cat=0
split_feature=31 22 25 25 36 13 36 19 4 13 13 28 9 28 25 32 4 31 9 11 41 7 34 32 36 42 42 7 7 38
split_gain=1.02213 1.26596 1.77883 1.58036 1.29582 1.62034 1.45721 1.36263 2.12007 1.32711 2.05831 2.42248 1.62431 1.46276 1.66292 1.54146 1.30479 1.28637 1.26825 2.03511 1.16405 1.1327 1.51604 1.10339 1.39066 0.921541 1.70812 1.52106 1.26807 1.30625
threshold=81096.179600000018 5286.0815735000006 2.9271690851299472 1.8626090626955694 -5385.027033090525 -0.038284564653880658 -5946.3103628546296 1328.1350000000023 2258.1955800000001 -0.030794130411900305 -0.02277647421639032 -1193.8453554302903 -0.017386015952028617 84.044568324745356 -0.978146853078106 984.46197085567121 2934.1750150000003 118121.42790000002 0.020247192817796807 -0.011493726137371053 -1811.0107973809131 -0.0055049303223986086 103975.91432172079 586.16612071861903 5300.5277920622912 459.11332137407243 336.66044564570649 0.0042788942373464976 -0.00058232435688392004 70.878522156472243
decision_type=2 2 2 2 2 2 2 2 2 2 2 2 2 2 2 2 2 2 2 2 2 2 2 2 2 2 2 2 2 2
left_child=-1 2 3 4 6 -6 7 8 -2 -7 11 16 -12 15 -15 23 -11 25 19 -5 -3 -22 -23 24 -14 26 28 -27 -16 -30
right_child=1 20 -4 18 5 9 -8 -9 -10 10 12 -13 13 14 17 -17 -18 -19 -20 -21 21 22 -24 -25 -26 27 -28 -29 29 -31
leaf_value=1.9052610744214764e-05 2.6732323384292554e-05 2.0054787301344559e-05 5.80705303646507e-05 -8.3645008707664773e-05 -9.7404441701756626e-06 4.0331169855338132e-05 7.8894936485737936e-05 8.0939881773696152e-05 -9.9639644553754905e-05 4.7529901330793332e-05 -3.7674997630825456e-05 -9.6122869387843697e-05 2.0832487377843045e-06 -5.397695662706121e-05 3.5186495076199097e-06 4.339699103865281e-05 -2.2571998645103552e-06 -2.5811895527183805e-05 -8.45972839165177e-05 1.092870752776162e-05 -1.2950836313332602e-05 -5.5221390868587502e-05 -0.00014083755419935358 -8.3076998532541661e-06 7.1478112315074337e-05 -1.4938000645062955e-06 -1.0296272630980763e-05 4.3225352868031595e-05 -2.9969770982509144e-06 1.0129811409645985e-05
leaf_weight=21 32 30 28 25 38 33 35 38 31 21 49 32 300 31 165 34 22 28 21 23 38 34 22 37 21 23 48 31 253 86
leaf_count=21 32 30 28 25 38 33 35 38 31 21 49 32 300 31 165 34 22 28 21 23 38 34 22 37 21 23 48 31 253 86
internal_value=-0.000245399 -0.00038844 1.6835e-05 -0.000223061 0.000144092 -0.000359425 0.00477941 0.00173267 -0.00277778 -4.11862e-05 -0.000317528 -0.00833333 0.00022604 0.0006386 -0.000789474 0.00306122 -0.000581395 -0.000236593 -0.0076087 -0.003125 -0.00524194 -0.00797872 -0.0125 0.00209497 0.00303738 0.000247525 -0.000362319 0.00648148 0.000496032 -0.00125369
internal_weight=1630 1609 1485 1457 1388 1252 136 101 63 1214 1181 75 1106 1057 665 392 43 634 69 48 124 94 56 358 321 606 552 54 504 339
internal_count=1630 1609 1485 1457 1388 1252 136 101 63 1214 1181 75 1106 1057 665 392 43 634 69 48 124 94 56 358 321 606 552 54 504 339
is_linear=0
shrinkage=0.05


Tree=65
num_leaves=31
num_cat=0
split_feature=7 31 16 21 21 32 2 35 22 9 20 42 24 7 38 24 17 4 34 0 19 21 4 34 32 9 39 19 39 20
split_gain=1.33984 1.66095 1.76069 1.91193 2.80022 1.68804 1.63851 1.51896 1.44897 1.829 1.30208 1.25269 1.25004 1.17361 1.15238 1.03657 1.00693 1.25579 1.37876 1.76527 1.57938 1.48529 1.32185 2.12343 1.45258 1.3454 2.13873 1.43955 1.41145 1.21797
threshold=0.019142761010933613 113693.26500000001 0.0083634335251910469 544.20499999999458 290.16999999999103 471.62772036257962 114364.13000000002 115146.50700000003 1819.5950885 -0.00021551769606735648 243.88500000000207 -588.76063494084042 2821.5544414000005 0.028099053866923806 39.311938279985768 2129.4562975000003 0.004842048282201237 687.64695000000017 108311.02202589771 102437.82500000001 604.64499999999691 161.68000000000032 1550.2557850000003 104819.33501986622 -4532.3404214645625 -0.00092824299454110889 1027.1071428571424 701.76000000000215 957.89392857142968 629.90500000000623
decision_type=2 2 2 2 2 2 2 2 2 2 2 2 2 2 2 2 2 2 2 2 2 2 2 2 2 2 2 2 2 2
left_child=1 11 3 4 5 8 -6 -8 -3 -10 -4 -1 15 -2 -12 -7 -13 -18 22 -20 21 -21 25 24 -24 26 -19 28 -27 -22
right_child=13 2 10 -5 6 12 7 -9 9 -11 14 16 -14 -15 -16 -17 17 18 19 20 29 -23 23 -25 -26 27 -28 -29 -30 -31
leaf_value=0.00010619477909322947 -9.6955808750423781e-06 -5.7216890339844464e-06 -7.970948728103649e-05 1.0529926923325693e-05 -4.0797910980356616e-05 -1.8498707979525467e-06 -1.2202393452080491e-05 5.9492373968701242e-06 -2.7843357968045126e-07 2.9084238039194009e-05 -3.1908536849624617e-05 4.7475781467646102e-05 -3.4063984281132885e-05 1.3510215442767184e-05 3.7679343956917591e-05 1.9679863980406788e-06 6.3750008551070397e-06 5.7423846343643819e-06 7.9299485512255346e-05 4.1402315528984071e-06 -2.975057791017343e-06 3.0711059636654587e-05 -0.00017563661376371112 -4.8999031038527505e-05 2.5073417879763259e-06 -8.4103699578889221e-05 -3.721298845997672e-05 -0.00013016530276259647 1.3287224649349252e-06 8.4474574751456956e-06
leaf_weight=21 48 26 32 52 21 25 34 25 40 44 28 22 21 24 20 34 31 39 20 32 197 21 22 61 529 36 34 21 38 32
leaf_count=21 48 26 32 52 21 25 34 25 40 44 28 22 21 24 20 34 31 39 20 32 197 21 22 61 529 36 34 21 38 32
internal_value=-0.000276074 3.20924e-05 -0.00273632 -0.00108696 -0.00277778 0.000526316 -0.010625 -0.00635593 0.00454545 0.0077381 -0.009375 0.00099481 -0.005 -0.00694444 -0.00416667 -0.00127119 0.000770925 0.000561545 0.000277264 0.0031457 0.00212766 0.00990566 -0.000833333 0.000245098 0.00122505 -0.0047619 0.000342466 -0.00868421 -0.00540541 0.000327511
internal_weight=1630 1558 402 322 270 190 80 59 110 84 80 1156 80 72 48 59 1135 1113 1082 302 282 53 780 612 551 168 73 95 74 229
internal_count=1630 1558 402 322 270 190 80 59 110 84 80 1156 80 72 48 59 1135 1113 1082 302 282 53 780 612 551 168 73 95 74 229
is_linear=0
shrinkage=0.05


Tree=66
num_leaves=31
num_cat=0
split_feature=42 31 31 7 13 35 23 19 7 42 5 42 4 13 4 35 32 34 4 0 9 23 13 3 7 30 23 25 0 16
split_gain=1.06347 1.06873 1.78944 2.7 1.71124 1.6 1.41872 2.58728 1.35469 1.37689 2.63235 1.27571 1.30058 2.42168 2.01187 2.14247 1.69817 2.34922 1.45166 1.43251 1.70995 1.6 1.32403 1.59912 2.59782 2.00321 2.36926 2.00902 1.71734 1.81382
threshold=635.14616669735358 113693.26500000001 114933.0499 0.00072826647342842589 0.022701147253880834 113245.55360000003 -0.76479859597309241 546.52500000000157 0.022249278648012887 459.11332137407243 0.0013824583120142784 -588.76063494084042 4936.097345000001 0.017769910620449702 3270.7190900000005 101354.58097500003 -2137.6679691983513 105481.56727196078 3850.1355050000006 102772.47000000002 -0.014420041757320366 1.2291165484844095 0.026701744053660392 96659.700000000012 0.0057275796860112782 94777.547290208357 0.10515160908030433 -0.93292014379718646 103302.59500000002 0.0040491927943688893
decision_type=2 2 2 2 2 2 2 2 2 2 2 2 2 2 2 2 2 2 2 2 2 2 2 2 2 2 2 2 2 2
left_child=1 8 3 5 6 -3 7 -4 9 11 -11 -1 14 19 22 18 -17 -18 -16 20 21 -14 23 25 28 26 27 -13 -25 -30
right_child=-2 2 4 -5 -6 -7 -8 -9 -10 10 -12 12 13 -15 15 16 17 -19 -20 -21 -22 -23 -24 24 -26 -27 -28 -29 29 -31
leaf_value=0.00010088504013856799 -2.7448296213482076e-05 -1.9541878007933453e-05 8.1302535332800822e-06 -7.0353277382565548e-05 -8.3211947513438437e-05 5.3332930914610687e-06 1.2151491137384302e-06 -1.054630260023985e-05 -1.0204826433977079e-05 -8.2161985418874162e-07 5.5421522403424931e-05 2.7713639503817211e-06 -0.0003050749747272057 6.4572450492324589e-06 0.00021808901354422152 3.3297195843663603e-05 -0.00011139167655209507 1.2599487590031088e-06 8.1603627184414021e-05 -8.03935279774618e-05 2.9897088530685795e-05 -8.2487267579597051e-06 -1.1008671395768412e-05 4.0053352676379255e-05 -1.3384722258564533e-05 -0.00014172666950670304 0.00012976788580399136 -1.0693976351668195e-05 3.5864997004104269e-05 2.5289598257724078e-06
leaf_weight=21 24 20 31 20 28 20 242 46 48 31 25 29 20 39 37 34 23 40 39 40 31 20 83 29 83 26 26 161 21 293
leaf_count=21 24 20 31 20 28 20 242 46 48 31 25 29 20 39 37 34 23 40 39 40 31 20 83 29 83 26 26 161 21 293
internal_value=3.06748e-05 0.0001868 -0.00202703 -0.01 -0.000648415 -0.0025 0.00039185 -0.00551948 0.000938282 0.00128149 0.00892857 0.000890411 0.000651769 -0.00366667 0.00135281 0.00621387 0.00128866 -0.00357143 0.0125 -0.00743243 -0.00316901 -0.01 0.000233023 0.000973054 0.0028169 -0.00227273 -0.000694444 -0.00263158 0.00473761 0.00366242
internal_weight=1630 1606 407 60 347 40 319 77 1199 1151 56 1095 1074 150 924 173 97 63 76 111 71 40 751 668 426 242 216 190 343 314
internal_count=1630 1606 407 60 347 40 319 77 1199 1151 56 1095 1074 150 924 173 97 63 76 111 71 40 751 668 426 242 216 190 343 314
is_linear=0
shrinkage=0.05


Tree=67
num_leaves=31
num_cat=0
split_feature=39 38 13 25 5 11 13 38 36 36 11 11 38 36 3 17 30 4 9 0 35 38 4 24 39 41 18 5 22 42
split_gain=1.2198 2.0856 2.56209 1.24031 1.14067 1.58732 1.2438 1.40462 1.8479 1.6497 1.3923 3.33375 1.04186 1.6002 1.47 1.20138 2.08936 2.26743 1.83151 1.59487 1.58346 1.95144 1.5629 1.37979 1.36001 1.73505 1.19603 1.67803 1.94286 1.79272
threshold=1585.9553571428573 53.738846585283873 0.02880945148863993 2.7814341071890927 0.015340892792070937 0.031756665026577313 0.030477139783908692 71.235143750574977 3920.0838667710418 1524.6428086006856 0.013131672874454539 0.0073856481299193122 63.991203799796402 2724.6023793261634 112879.58000000002 0.0062869634350315876 111710.40034426111 3015.2919650000003 0.0091351010708862358 103302.59500000002 113051.30712500001 33.068567471660252 3080.1356550000005 3995.4662027000008 884.693571428572 152.52128830054056 935.50499999999749 0.0028285113905839386 2714.8062267500004 -153.68268207248002
decision_type=2 2 2 2 2 2 2 2 2 2 2 2 2 2 2 2 2 2 2 2 2 2 2 2 2 2 2 2 2 2
left_child=3 -2 -3 4 5 6 7 12 9 -9 11 -8 15 14 -14 16 24 20 23 -20 21 -18 -21 26 25 -1 27 -17 -29 -30
right_child=1 2 -4 -5 -6 -7 10 8 -10 -11 -12 -13 13 -15 -16 18 17 -19 19 22 -22 -23 -24 -25 -26 -27 -28 28 29 -31
leaf_value=5.9529632263278956e-05 -1.7417372001981194e-07 -1.0069607791638472e-05 -9.1088626580614887e-07 5.0927742357791825e-05 -2.0167338885334412e-05 2.9647872314093581e-05 -1.797936410511497e-05 5.4012697474698016e-05 8.4242606675962909e-05 -6.0429124289208002e-05 -4.2030919147235254e-05 3.0705105535657285e-05 -1.4531448314230473e-05 -5.1611568364641678e-05 3.1589254161008103e-06 8.3484161190721792e-07 7.7237408566160795e-06 -1.6779909461462282e-05 4.1842747325668575e-06 -0.00019039639389332934 1.8949141520138589e-05 -1.1395547450128843e-05 -8.3143640122079515e-06 1.719174825494338e-05 0.0001152825678043232 -1.8364285968270026e-06 2.5154436252864738e-05 -9.7427239431578067e-05 -3.863185736862487e-05 2.1600936938954152e-05
leaf_weight=41 178 36 32 29 26 39 32 42 31 26 49 22 30 49 20 415 23 26 41 26 72 33 23 97 47 35 22 37 30 21
leaf_count=41 178 36 32 29 26 39 32 42 31 26 49 22 30 49 20 415 23 26 41 26 72 33 23 97 47 35 22 37 30 21
internal_value=0.000398773 -0.00284553 -0.0102941 0.000975434 0.000756458 0.000959368 0.000658915 0.00111626 0.00681818 0.00220588 -0.00461165 0.000925926 0.000597426 -0.00429293 0.002 0.00108696 0.00388087 0 0 -0.00666667 0.00273438 -0.00357143 -0.0127551 0.00096463 0.00873984 0.00460526 -4.7619e-05 -0.00054672 -0.00681818 -0.000490196
internal_weight=1630 246 68 1384 1355 1329 1290 1187 99 68 103 54 1088 99 50 989 277 154 712 90 128 56 49 622 123 76 525 503 88 51
internal_count=1630 246 68 1384 1355 1329 1290 1187 99 68 103 54 1088 99 50 989 277 154 712 90 128 56 49 622 123 76 525 503 88 51
is_linear=0
shrinkage=0.05


Tree=68
num_leaves=31
num_cat=0
split_feature=7 0 1 1 7 40 13 11 18 11 0 20 4 4 22 20 22 42 11 19 9 30 28 7 21 0 11 35 16 35
split_gain=1.173 2.33728 1.13311 1.39719 0.851175 1.73756 3.077 1.29037 1.65681 1.22949 0.952381 0.9476 1.52 1.69 1.37591 1.97712 1.82974 1.16961 2.28199 2.24874 1.73237 3.39716 2.30148 1.99524 1.87341 2.43405 1.71204 1.6569 1.82167 1.70185
threshold=0.017745043974691833 111375.95000000001 104012.02500000001 90347.545000000027 0.011508859746049182 -421.26190273126844 0.02169817551226938 0.02805064400580623 -131.43499999999764 0.022353069507401336 109696.66500000002 20.885000000002041 2023.5154300000002 2664.6606700000007 5267.228545125 254.4549999999945 6042.8971247500003 -146.32500289460469 -0.011493726137371053 1681.8599999999935 -0.00045935513110007968 115589.51008453511 -724.93870972785214 -0.0093414048892431906 90.709999999991865 113042.22500000002 -0.0080932910816419647 101941.96427500002 0.0069329428288660254 113921.06237500002
decision_type=2 2 2 2 2 2 2 2 2 2 2 2 2 2 2 2 2 2 2 2 2 2 2 2 2 2 2 2 2 2
left_child=4 2 3 -2 7 -6 -7 9 -9 11 -11 12 -1 -14 17 -16 -17 18 -13 20 21 23 -22 -19 25 -24 -25 -28 29 -29
right_child=1 -3 -4 -5 5 6 -8 8 -10 10 -12 14 13 -15 15 16 -18 19 -20 -21 22 -23 24 26 -26 -27 27 28 -30 -31
leaf_value=1.9160072333487845e-05 -4.2224641675013967e-05 2.5463449093814108e-05 -0.00010317196785838489 7.1304048450431284e-06 8.3527350199152854e-05 -3.2903409946363022e-05 6.2778232352126554e-05 2.4409927425126919e-05 -0.0001746958784804941 7.2070803226760664e-05 6.2092616391216853e-08 -1.4032071783785923e-06 -8.0834605673771694e-05 3.9952159810701178e-05 -0.00011756702232428867 -9.0071658363132971e-05 8.0433603685852549e-05 -6.2589225621236209e-06 5.9849231952693129e-06 2.8128757272091343e-05 -0.00014040444517450808 -3.2412833836762171e-05 -6.0363890115775979e-07 7.0664826859313765e-05 -5.2960885908122964e-06 4.5066178250613195e-05 -7.4272979052754301e-06 1.0509389928258733e-05 2.4243915261651751e-05 -3.2043457044106484e-05
leaf_weight=50 26 20 23 27 24 45 33 21 33 28 20 216 20 25 30 22 29 41 150 92 28 57 52 36 272 30 64 59 35 22
leaf_count=50 26 20 23 27 24 45 33 21 33 28 20 216 20 25 30 22 29 41 150 92 28 57 52 36 272 30 64 59 35 22
internal_value=0.000153374 -0.00520833 -0.00921053 -0.00518868 0.000488918 0.00490196 0.00128205 0.000174581 -0.00740741 0.000471698 0.00833333 0.00018797 0.005 -0.00166667 -0.000182186 -0.00648148 -0.000490196 0.000259965 0.00259563 -0.000824873 -0.00179598 0.000955414 -0.00405759 0.00340467 -0.0029661 0.00365854 0.00532407 0.00333333 0.00689655 0.00277778
internal_weight=1630 96 76 53 1534 102 78 1432 54 1378 48 1330 95 45 1235 81 51 1154 366 788 696 314 382 257 354 82 216 180 116 81
internal_count=1630 96 76 53 1534 102 78 1432 54 1378 48 1330 95 45 1235 81 51 1154 366 788 696 314 382 257 354 82 216 180 116 81
is_linear=0
shrinkage=0.05


Tree=69
num_leaves=31
num_cat=0
split_feature=16 7 11 11 28 11 17 7 40 11 5 16 15 35 42 23 24 17 13 38 3 25 25 5 20 36 25 24 42 13
split_gain=0.889833 0.807254 1.18963 2.4751 1.809 1.50034 1.25109 1.68402 1.84859 1.42255 2.57211 1.83258 2.06109 2.53021 1.87395 1.52821 1.63513 1.66804 2.75 1.45039 1.20192 1.16365 1.10697 1.61305 1.92322 1.60167 2.13333 1.6 1.4364 1.85469
threshold=0.0035725113502153767 -0.00040500971499167715 0.019061651972989768 0.014076780693930264 1663.9232246534159 0.0099369764027755752 0.0056431690778630805 -0.018541385234596378 142.55553170663919 0.003943308043688371 -0.010085296052195412 0.0048139665552078279 0.0048815380050621542 115993.07195000003 -316.03499373027972 -0.76479859597309241 4056.4848915000007 0.0068634067156943136 -0.0025080096852854315 36.72027460889398 107080.07000000002 -0.67130706163273224 -0.017270908260356221 0.010059937774369082 941.70500000000186 -972.09123532225192 1.0308849535867575 2680.0930780000003 -146.32500289460469 0.016563923109875003
decision_type=2 2 2 2 2 2 2 2 2 2 2 2 2 2 2 2 2 2 2 2 2 2 2 2 2 2 2 2 2 2
left_child=-1 2 3 4 5 6 -2 8 -8 10 19 -12 21 14 20 -16 17 -17 -19 -9 -14 -13 28 24 -24 -25 -27 -28 -3 -30
right_child=1 22 -4 -5 -6 -7 7 9 -10 -11 11 12 13 -15 15 16 -18 18 -20 -21 -22 -23 23 25 -26 26 27 -29 29 -31
leaf_value=2.5851685443770174e-05 -2.5107440353106198e-06 1.9920915648413115e-06 3.3841692086490551e-05 -9.1884416043987388e-06 -3.8726455374143045e-05 0.00010865081053799123 -5.7845533713479823e-07 -0.00018595866380916021 -4.441290581166198e-05 -3.2572841904232879e-06 3.3774166573635282e-05 1.0683490830451958e-06 1.9655358236845191e-05 6.1652272950418478e-05 8.0947335702503963e-07 9.5476483459338337e-05 0.00015275735535533113 -6.1334314880684629e-05 7.8825807834949181e-05 2.8721266536997009e-06 -4.9585048098651784e-05 -1.1911629373512582e-05 5.5013759310423046e-06 1.5615379150909506e-05 -0.00017597929951953926 -0.00010094360942929965 5.78868735450127e-05 -0.00017157097533017994 -6.2686114006514144e-06 1.2355808831301634e-06
leaf_weight=28 70 135 34 30 21 29 73 24 20 69 33 21 32 23 52 37 29 22 22 34 20 37 197 40 21 20 20 20 273 144
leaf_count=28 70 135 34 30 21 29 73 24 20 69 33 21 32 23 52 37 29 22 22 34 20 37 197 40 21 20 20 20 273 144
internal_value=9.20245e-05 -6.2422e-05 0.0011612 0.000716332 0.00134731 0.00181607 0.0012945 0.00209854 -0.00403226 0.00335165 0.00453368 0.00625 0.005 0.00706751 0.00537383 0.00802469 0.0113636 0.00771605 0.00113636 -0.00517241 -0.00288462 -0.00344828 -0.00109195 0.00125786 0.00366972 -0.004 -0.00916667 -0.0025 -0.00244565 -0.00389688
internal_weight=1630 1602 732 698 668 647 618 548 93 455 386 328 295 237 214 162 110 81 44 58 52 58 870 318 218 100 60 40 552 417
internal_count=1630 1602 732 698 668 647 618 548 93 455 386 328 295 237 214 162 110 81 44 58 52 58 870 318 218 100 60 40 552 417
is_linear=0
shrinkage=0.05


Tree=70
num_leaves=31
num_cat=0
split_feature=35 5 25 25 19 13 42 42 15 39 30 1 7 21 25 39 24 21 21 24 13 11 32 23 15 19 39 15 19 41
split_gain=1.05181 1.42917 0.954548 1.29999 1.00196 0.902876 1.20865 1.0922 1.24004 1.0352 1.65463 1.55716 1.66748 1.96224 1.7838 1.53482 1.54095 1.41864 1.95957 1.63117 1.45455 1.37546 1.94898 1.87374 1.86368 1.6635 1.25338 1.2937 1.24874 1.2075
threshold=117246.14825000001 0.00077650355769599388 -1.1422507096416579 -0.98949631173945785 515.87500000000011 0.058495491042893401 602.51641130617259 459.11332137407243 0.0086372350579283341 977.10857142857128 84647.587045093504 90019.660000000018 0.0049116732847106215 290.16999999999103 -0.046138453292458241 687.01964285714098 1923.7902361000001 302.58999999999656 30.934999999997675 2584.4333816000003 -0.0012337434718192092 0.01428403056353756 -823.94289419930999 -0.62230421028373739 0.0063812627200306492 466.56500000000239 1081.3357142857153 0.0077937628420091075 1119.2849999999964 419.97731453680063
decision_type=2 2 2 2 2 2 2 2 2 2 2 2 2 2 2 2 2 2 2 2 2 2 2 2 2 2 2 2 2 2
left_child=2 -2 -1 4 -4 6 7 9 -9 10 -5 -12 15 14 -14 -13 -17 18 -18 -20 -21 25 -23 -24 -25 -11 -26 -28 -19 -27
right_child=1 -3 3 5 -6 -7 -8 8 -10 21 11 12 13 -15 -16 16 17 28 19 20 -22 22 23 24 26 29 27 -29 -30 -31
leaf_value=3.7963323336599029e-06 -1.0919698359418384e-06 6.0854126689209738e-06 -1.2570493280305975e-07 7.9692954608097087e-05 -6.2412282685619729e-05 4.3706118716616781e-06 -5.2255179056467136e-05 0.0001176741324073171 -2.8827439440704572e-06 -9.9017020862054357e-06 -6.4365142602163325e-05 -1.1712384919298184e-06 -6.7777215660634558e-05 6.7485220424461398e-06 -4.2754755995863409e-06 6.9463005623343271e-05 -1.883106063559916e-06 -2.2945424872958465e-05 8.3233647732839906e-05 6.6968240749729722e-05 -7.5379968902973696e-06 -3.8805186064013872e-05 1.3069457406022343e-05 -0.0001132100586727203 -1.6635963802779433e-05 1.9823937824928418e-06 1.479487625724021e-05 -8.1596166859197008e-06 6.5801359722880378e-05 -2.1911919699739543e-06
leaf_weight=28 28 20 31 21 34 42 20 25 23 33 25 59 31 22 37 30 21 33 39 22 22 27 36 20 22 562 23 49 20 225
leaf_count=28 28 20 31 21 34 42 20 25 23 33 25 59 31 22 37 30 21 33 39 22 22 27 36 20 22 562 23 49 20 225
internal_value=0 0.00729167 -0.000221239 -0.0003861 -0.00730769 -8.3949e-05 -0.000293711 -0.000122635 0.00729167 -0.000380711 0.00183246 0.00103878 0.00193452 -0.00388889 -0.00808824 0.00406504 0.00628342 0.00429936 0.00769231 0.0111446 0.00454545 -0.00122869 -0.00522599 -0.003 -0.00614035 -0.000365854 -0.00319149 0 -0.00235849 9.52986e-05
internal_weight=1630 48 1582 1554 65 1489 1447 1427 48 1379 382 361 336 90 68 246 187 157 104 83 44 997 177 150 114 820 94 72 53 787
internal_count=1630 48 1582 1554 65 1489 1447 1427 48 1379 382 361 336 90 68 246 187 157 104 83 44 997 177 150 114 820 94 72 53 787
is_linear=0
shrinkage=0.05


Tree=71
num_leaves=31
num_cat=0
split_feature=22 22 36 17 13 28 23 38 19 4 21 20 34 28 36 9 28 25 16 4 11 9 34 4 42 5 9 9 40 36
split_gain=1.47298 1.13187 1.05672 2.65953 1.78883 2.35276 2.79709 1.88763 1.66289 1.30662 1.20866 1.21006 2.2881 1.20192 1.09899 1.27681 1.73282 1.48848 2.06388 2.02673 1.56205 1.72621 2.16346 1.43535 1.96825 1.81413 1.60215 1.41718 1.38264 1.40158
threshold=1267.5584357500002 1577.1603720000003 -5385.027033090525 0.0098571776470055619 -0.038284564653880658 -1612.2874202988457 1.0385195392904136 30.870156862014323 1014.0750000000045 2336.4772850000004 866.29499999999837 172.93000000000032 99032.313690761061 -2015.3690572747435 -4561.1942983511826 -0.017386015952028617 -446.20816616798396 -0.36295373518730278 0.0068260717933661301 1896.7535600000003 -0.0066328488962563341 0.009948075856561581 85955.703657260354 3637.6871250000004 59.195970941197693 -0.0044800894259202613 -0.0058372660737650408 0.00044337464025999196 788.64874938143487 2138.9625174204489
decision_type=2 2 2 2 2 2 2 2 2 2 2 2 2 2 2 2 2 2 2 2 2 2 2 2 2 2 2 2 2 2
left_child=-1 -2 3 -3 13 6 -6 -7 9 -5 11 -10 -13 -4 -9 -16 23 18 19 28 -20 22 -22 24 25 -17 -27 -28 29 -18
right_child=1 2 4 8 5 7 -8 14 10 -11 -12 12 -14 -15 15 16 17 -19 20 -21 21 -23 -24 -25 -26 26 27 -29 -30 -31
leaf_value=-4.3327820774048276e-05 1.7489116382565621e-05 1.7878159211747278e-05 -1.7484936617692544e-05 2.4344464054122831e-06 8.2132025850338735e-05 -3.3705603894742213e-05 -3.1855661012768168e-05 -4.0539661464801999e-05 4.2712731659736663e-05 -0.00016587872640342238 -0.0001105983496987127 0.00026560242008981215 -2.2953953599003745e-05 -1.493807387082803e-06 -7.7432830365124862e-06 7.2430087742099769e-05 -9.8527008593338343e-07 1.3282433951173755e-06 -3.1248284428788244e-05 -7.6828563107886157e-05 -3.0355690419113987e-05 -9.8584245355535293e-06 4.9245980594691716e-06 -1.0912687825614155e-05 -1.7338664502020218e-05 -3.9239212716679728e-05 0.00011180148506841781 2.8379146826822927e-06 3.0242506220474273e-06 -7.5313144073003923e-06
leaf_weight=21 42 72 32 20 48 58 25 32 27 21 21 28 42 20 40 26 88 472 27 33 20 34 119 36 22 30 27 42 33 72
leaf_count=21 42 72 32 20 48 58 25 32 27 21 21 28 42 20 40 26 88 472 27 33 20 34 119 36 22 30 27 42 33 72
internal_value=6.13497e-05 0.000233064 1.59541e-05 0.00313853 -0.000523952 -0.000155763 0.00856164 -0.000681255 -0.000471698 -0.00914634 0.00254237 0.00489691 0.00142857 -0.00961538 -0.000238508 2.23015e-05 0.000346901 -0.000556793 -0.00269953 -0.00597345 0.001 0.00274566 0.00521583 0.00478142 0.00697279 0.0094 0.00631313 0.0105072 -0.00401554 -0.0059375
internal_weight=1630 1609 1567 231 1336 1284 73 1211 159 41 118 97 70 52 1153 1121 1081 898 426 226 200 173 139 183 147 125 99 69 193 160
internal_count=1630 1609 1567 231 1336 1284 73 1211 159 41 118 97 70 52 1153 1121 1081 898 426 226 200 173 139 183 147 125 99 69 193 160
is_linear=0
shrinkage=0.05


Tree=72
num_leaves=31
num_cat=0
split_feature=4 28 28 21 15 21 5 5 13 36 42 5 41 20 41 25 4 15 0 4 36 36 13 38 36 5 21 4 39 22
split_gain=0.897098 0.948927 1.70616 1.69066 1.79833 1.98791 1.79696 2.27295 1.67695 2.10378 2.00207 1.60303 1.30634 2.43577 1.86181 1.75934 1.92428 1.57724 2.01315 2.03146 1.67918 1.59678 1.42599 2.05128 1.40966 1.33557 1.4041 2.07002 1.29413 1.80568
threshold=687.64695000000017 1527.8801527415637 1356.6826027071731 191.98000000000323 0.012559183241547931 276.8300000000018 0.0031546086895809229 0.0066975015036824653 0.038336533196037269 8002.5859051745947 459.11332137407243 0.013789374628545256 439.57517926717793 980.52500000000157 661.64703357643782 0.12288343714673174 1421.7490550000002 0.0069104671320194613 118125.90000000001 4091.6327000000006 3920.0838667710418 -2378.2787497293316 -0.010491092182282601 47.119908147545367 1920.3956202946504 0.0024353514969177653 48.809999999997679 2883.8019100000006 1234.0482142857147 5501.5825717500002
decision_type=2 2 2 2 2 2 2 2 2 2 2 2 2 2 2 2 2 2 2 2 2 2 2 2 2 2 2 2 2 2
left_child=-1 2 12 6 5 -5 -3 -8 9 -7 -10 -9 13 17 -14 16 -16 18 19 25 21 22 28 -24 -18 -2 -27 -28 -19 -30
right_child=1 3 -4 4 -6 8 7 11 10 -11 -12 -13 14 -15 15 -17 24 20 -20 -21 -22 -23 23 -25 -26 26 27 -29 29 -31
leaf_value=2.7186514708156024e-06 -1.323880774277826e-07 -3.6831785538039564e-05 -1.7178967177272485e-05 3.4667131083811712e-05 -1.2860682014635738e-05 5.450514838843497e-05 3.5179064526383036e-06 -0.00014374622859965672 -9.9664299146913282e-05 -6.7627972058437361e-06 1.2574304937782729e-05 3.1856910026123523e-06 -3.7668289598048632e-06 5.8400344604800109e-05 -1.3051251559227656e-05 -4.5071604544392718e-05 -2.4379284979894221e-06 -9.9036643047472311e-06 -7.1547486869353726e-06 0.00013477353736825504 5.3842810875919427e-05 -8.9252181575315312e-06 4.4844033630615755e-05 -4.54671385203381e-07 5.3632941600988096e-05 -4.578369833313067e-06 6.1610827734910034e-05 -4.0794678200393415e-06 1.5056830582605569e-06 -5.2741633157420592e-05
leaf_weight=35 274 37 42 45 21 47 24 20 23 20 20 24 112 29 32 41 36 43 40 34 36 134 24 80 58 30 78 22 123 46
leaf_count=35 274 37 42 45 21 47 24 20 23 20 20 24 112 29 32 41 36 43 40 34 36 134 24 80 58 30 78 22 123 46
internal_value=-6.13497e-05 -0.00023511 -0.000799087 0.00240214 0.00539773 0.00725806 -0.00261905 0.00220588 0.00363636 0.00858209 -0.00406977 -0.00454545 -0.000471698 0.000377644 -0.00349462 -0.000149701 0.00277778 -5.18672e-05 0.00198745 0.00296804 -0.00205761 -0.00288889 -0.000949367 0.00384615 0.00638298 0.0019802 0.00615385 0.009 -0.00330189 -0.00133136
internal_weight=1630 1595 1314 281 176 155 105 68 110 67 43 44 1272 993 279 167 126 964 478 438 486 450 316 104 94 404 130 100 212 169
internal_count=1630 1595 1314 281 176 155 105 68 110 67 43 44 1272 993 279 167 126 964 478 438 486 450 316 104 94 404 130 100 212 169
is_linear=0
shrinkage=0.05


Tree=73
num_leaves=31
num_cat=0
split_feature=23 41 0 0 5 21 5 11 16 41 16 15 17 0 35 18 24 15 21 9 40 40 40 32 21 25 40 21 23 4
split_gain=1.30639 1.0758 1.27118 1.52172 2.475 2.18182 1.69899 1.44034 1.16925 1.10528 1.5269 2.01153 2.8527 1.5118 1.79871 2.10504 1.50555 1.43616 1.70172 1.3123 1.69881 1.28479 1.54412 1.30857 1.29856 1.43481 1.27317 1.27208 1.24513 1.14367
threshold=3.0009313464049168 1722.8089012908592 119090.97500000002 116913.35500000001 0.0022304552004861647 458.33999999999656 -0.0011560089318760432 0.0086127476888856313 0.0088257858337053175 439.57517926717793 0.0047694502212478071 0.0079015267900579018 0.0073070698049446563 110268.70500000002 112879.639775 291.3650000000053 3040.505568600001 0.0076245571458370921 249.42499999999566 -0.002755259257413475 769.46564109128678 -817.88456127990491 -665.88656000101753 -2196.5072916939894 280.37499999999278 -0.48580165434091221 -1526.8468932117682 399.12000000000268 -0.53629860915941019 1187.0027650000004
decision_type=2 2 2 2 2 2 2 2 2 2 2 2 2 2 2 2 2 2 2 2 2 2 2 2 2 2 2 2 2 2
left_child=1 2 3 9 5 6 -5 -4 -3 13 16 19 -13 14 21 -16 -11 -15 -19 20 -12 23 -23 24 25 -1 -26 28 -21 -24
right_child=-2 8 7 4 -6 -7 -8 -9 -10 10 11 12 -14 17 15 -17 -18 18 -20 27 -22 22 29 -25 26 -27 -28 -29 -30 -31
leaf_value=-7.9228813306158518e-07 8.2629593231976012e-06 8.4533197960607626e-07 -1.9282402184839764e-06 2.2971422013305754e-06 9.3420050323270175e-06 1.9384210084326172e-05 -4.201480026603399e-05 -0.0001031764706906945 4.3122868558584902e-05 -3.8667687995589471e-07 -4.656964987301553e-05 0.00018705652243404444 -1.7693573736159379e-05 -1.0567936591652686e-06 5.297968230899928e-05 -1.2696989365004449e-06 2.1942428517341756e-05 -9.590137591490126e-05 -8.0062900233360246e-06 -5.1063164261780504e-05 5.3284996463271179e-06 8.9937960860428986e-05 4.0603429584524021e-06 -2.3574430247637703e-05 4.6279541443604567e-06 2.7163668308347143e-05 -3.4484536874917377e-05 -5.9451834641852753e-05 -4.0997629996718194e-06 -1.1299524432571814e-06
leaf_weight=23 30 44 32 36 40 22 30 22 21 37 43 23 67 199 62 39 20 37 39 41 37 31 70 27 39 32 42 21 46 378
leaf_count=23 30 44 32 36 40 22 30 22 21 37 43 23 67 199 62 39 20 37 39 41 37 31 70 27 39 32 42 21 46 378
internal_value=-0.000337423 -0.00053125 -0.000798046 -0.000523295 0.0046875 0 -0.00454545 -0.00833333 0.00576923 -0.00101626 -0.00350746 -0.00503597 0.00111111 -0.000196464 0.000975774 0.00717822 0.00394737 -0.00336364 -0.00921053 -0.00797872 -0.003125 0 0.0013048 -0.00383436 -0.00183824 0.00409091 -0.0058642 -0.0115741 -0.00890805 0.000558036
internal_weight=1630 1600 1535 1481 128 88 66 54 65 1353 335 278 90 1018 743 101 57 275 76 188 80 642 479 163 136 55 81 108 87 448
internal_count=1630 1600 1535 1481 128 88 66 54 65 1353 335 278 90 1018 743 101 57 275 76 188 80 642 479 163 136 55 81 108 87 448
is_linear=0
shrinkage=0.05


Tree=74
num_leaves=31
num_cat=0
split_feature=25 9 9 7 19 18 9 4 24 20 5 36 18 21 24 16 26 38 16 42 15 5 11 24 24 20 36 5 42 18
split_gain=1.4272 1.07899 1.35537 1.40242 1.0253 1.88008 1.3404 1.33388 1.70572 1.48126 1.64303 1.62301 2.0316 1.866 1.26336 1.02079 0.979592 0.90851 0.907786 0.861349 0.926039 1.61897 2.13031 2.13093 2.17599 1.75281 2.16136 1.72939 2.31364 2
threshold=2.9271690851299472 0.028671408622179862 0.020247192817796807 0.017745043974691833 403.7249999999986 -15.200000000004364 0.001218099196407439 1331.3213950000002 1923.7902361000001 48.574999999997097 0.0030333420962958772 2210.9553495888399 60.810000000004955 204.86500000000527 2070.0216045000002 0.0038416136130420106 115016.29534106397 18.520464032060826 0.0061184599182451819 602.51641130617259 0.0072326952195400423 0.0042456455059325911 -0.001125798228478972 2474.9941323000007 2643.5670625000007 254.4549999999945 646.39192105856648 -0.0010159410057638384 -79.234814732121137 -427.83999999999645
decision_type=2 2 2 2 2 2 2 2 2 2 2 2 2 2 2 2 2 2 2 2 2 2 2 2 2 2 2 2 2 2
left_child=1 2 4 -4 5 -1 -7 9 -9 -6 11 12 13 18 -10 -16 -13 -17 -11 20 21 22 23 -19 -25 26 -24 29 -29 -26
right_child=-2 -3 3 -5 7 6 -8 8 14 10 -12 16 -14 -15 15 17 -18 19 -20 -21 -22 -23 25 24 27 -27 -28 28 -30 -31
leaf_value=1.1857653457352094e-05 2.9024080118702578e-05 -3.7128658494372434e-05 5.1529748039249691e-05 -5.7524261307409293e-06 2.2338921489315139e-05 -4.018730176892353e-05 8.4822399047193908e-06 7.4539739507179097e-05 -5.9204694545829067e-06 -7.5267372640850641e-07 -3.3894589619019446e-05 -8.514406275411367e-05 1.0137958249287541e-05 1.6264841303165089e-05 2.7309876016183024e-05 -1.5201590297585503e-05 -2.6962580157811391e-06 2.7500678122059435e-05 -7.7554235408139823e-05 -5.4559080051087419e-05 -1.5340124873480561e-06 1.1070338907922021e-05 -3.8545370870234557e-06 -7.9589940782073826e-05 1.0667858347489046e-06 -6.2420971075795989e-06 3.1689113522569385e-06 -1.3588048241142449e-05 2.209952160965123e-06 0.00016149804868629831
leaf_weight=38 36 37 38 35 33 28 25 40 36 23 27 28 39 23 21 21 21 35 20 23 527 115 25 24 54 115 69 24 23 27
leaf_count=38 36 37 38 35 33 28 25 40 36 23 27 28 39 23 21 21 21 35 20 23 527 115 25 24 54 115 69 24 23 27
internal_value=-0.000122699 -0.000345044 -0.000144509 0.00650685 -0.000471698 0.00467033 -0.00141509 -0.000807609 -0.000148431 -0.00443925 -0.00621547 -0.00422078 -0.000714286 -0.00606061 -0.000504829 -0.000203989 -0.0117347 -0.000415896 -0.0122093 -0.000212064 0 0.00151663 0 0.00387701 0.00131579 -0.0034689 0.00159574 0.00390625 -0.0037234 0.00833333
internal_weight=1630 1594 1557 73 1484 91 53 1393 1179 214 181 154 105 66 1139 1103 49 1082 43 1061 1038 511 396 187 152 209 94 128 47 81
internal_count=1630 1594 1557 73 1484 91 53 1393 1179 214 181 154 105 66 1139 1103 49 1082 43 1061 1038 511 396 187 152 209 94 128 47 81
is_linear=0
shrinkage=0.05


Tree=75
num_leaves=31
num_cat=0
split_feature=34 40 23 25 22 5 22 22 34 39 39 25 32 13 20 1 24 19 9 24 19 16 5 13 23 41 4 16 20 7
split_gain=1.00801 1.24579 1.12762 1.11735 1.33213 1.80218 1.57175 1.54329 2.3054 1.30618 1.68937 1.38375 1.28922 1.87133 1.66796 1.52381 1.15272 1.13536 1.75057 2.10948 1.38666 1.26237 1.18346 1.14326 1.28444 1.21505 1.29972 2.04164 1.52381 1.38832
threshold=116511.55595106517 -1989.862514541084 3.0009313464049168 1.8626090626955694 3912.1394322500005 0.011494931460759505 4175.9088995000011 3680.6644337500002 95423.138293503303 1475.8307142857132 1651.5685714285721 -0.3091528386764254 4137.8125953036588 0.035616757168182904 873.06500000000244 119422.90500000001 2912.1852059600005 532.08499999999924 -0.0030974181193335151 2544.3161209000004 362.41000000000355 0.0036909528255974389 0.00035744260030306661 -0.038284564653880658 0.21092258895808458 -947.1515747278778 1504.3319500000002 0.0049514191187196343 107.3600000000006 -0.0051901532716137231
decision_type=2 2 2 2 2 2 2 2 2 2 2 2 2 2 2 2 2 2 2 2 2 2 2 2 2 2 2 2 2 2
left_child=1 -1 3 4 5 7 -6 12 -9 11 -11 -8 13 14 17 -14 -5 18 -3 22 -21 -19 -20 24 -23 -25 27 28 -27 -29
right_child=-2 2 -4 16 6 -7 9 8 -10 10 -12 -13 15 -15 -16 -17 -18 21 19 20 -22 23 -24 25 -26 26 -28 29 -30 -31
leaf_value=2.9145937113664286e-05 -8.4362152018657932e-05 -4.8494659605053533e-05 9.1091425418860149e-06 2.1909729335168725e-06 -5.3324340530122932e-05 6.5135000282357842e-05 -1.6334990712883458e-05 -7.7022761310622455e-07 5.2421692378149434e-05 -5.7702845866636084e-05 -8.490836693127829e-07 7.4138662616987091e-05 2.6144471659934612e-05 -4.0746363946648994e-05 6.8404302576287841e-05 -5.9381527408978748e-08 -8.1918981554604425e-05 2.5944382215373871e-05 9.0566104112182853e-07 9.8808032235155668e-07 3.7385231530428512e-05 -1.4441510782706234e-05 -2.4426990185064706e-05 8.5807307721792407e-06 -2.961274468677648e-06 -2.1552644646805727e-05 -3.9222661344935194e-07 4.4039497185567137e-06 1.5029327745032831e-05 -2.5206180289822136e-05
leaf_weight=30 24 36 29 31 40 42 38 30 29 47 110 33 24 40 27 32 42 21 44 29 47 25 30 35 20 21 544 20 21 89
leaf_count=30 24 36 29 31 40 42 38 30 29 47 110 33 24 40 27 32 42 21 44 29 47 25 30 35 20 21 544 20 21 89
internal_value=-0.000245399 -9.33998e-05 -0.000285533 -0.000468649 -0.000169607 0.000538972 -0.00335821 0.000171821 0.00805085 -0.00175439 -0.00429936 0.00387324 -0.000248869 -0.00064347 -0.000222993 0.00714286 -0.00650685 -0.000560081 0.00295699 0.00533333 0.0111842 -0.00138191 -0.000675676 -0.00170968 -0.00944444 -0.00123288 -0.00169065 -0.0057947 0.00357143 -0.00940367
internal_weight=1630 1606 1576 1547 1474 1206 268 1164 59 228 157 71 1105 1049 1009 56 73 982 186 150 76 796 74 775 45 730 695 151 42 109
internal_count=1630 1606 1576 1547 1474 1206 268 1164 59 228 157 71 1105 1049 1009 56 73 982 186 150 76 796 74 775 45 730 695 151 42 109
is_linear=0
shrinkage=0.05


Tree=76
num_leaves=31
num_cat=0
split_feature=13 41 36 41 25 9 28 39 20 15 9 20 24 13 18 11 5 39 39 39 36 4 4 4 11 22 9 11 22 34
split_gain=1.18857 2.82249 1.24767 2.48409 1.11273 1.08714 1.573 1.95543 2.01923 1.94658 1.79072 1.50349 2.25184 1.91587 2.06429 1.62839 1.53862 1.91184 2.54465 1.90437 1.67126 1.58818 1.48525 2.29153 1.48477 1.47733 1.46782 1.39793 1.34029 1.51511
threshold=0.048126228547339965 911.40000985758036 8150.955937478845 1435.0228994471593 2.9271690851299472 -0.013098196666294694 64.601968775306901 1526.4732142857144 56.735000000000589 0.011502487483664361 -0.010263038049235295 547.48999999999808 3111.2023795600003 -0.02277647421639032 327.25999999999482 -0.017561625944309513 0.0060225472432087991 977.10857142857128 650.4139285714275 1151.4985714285715 -2209.1813167973373 1746.1046950000002 4936.097345000001 4041.7586350000006 -0.036816721146278784 2285.5974520000004 -0.011554908227285998 0.0014794810008525959 2408.3462730000006 113817.28607220635
decision_type=2 2 2 2 2 2 2 2 2 2 2 2 2 2 2 2 2 2 2 2 2 2 2 2 2 2 2 2 2 2
left_child=2 -2 3 4 5 22 10 8 27 -10 26 13 -13 14 -12 -15 17 18 -17 21 -20 -19 23 28 -24 -22 -7 -8 -1 -30
right_child=1 -3 -4 -5 -6 6 7 -9 9 -11 11 12 -14 15 -16 16 -18 19 20 -21 25 -23 24 -25 -26 -27 -28 -29 29 -31
leaf_value=-8.4767215123816686e-06 3.3885488327402662e-05 -1.0260704046184211e-05 -5.4506427472683156e-06 6.5831034944477772e-05 3.8063499515663958e-05 3.1976867294140063e-06 -7.9701220374378361e-05 -1.0414266013698305e-05 -5.0844941416671813e-08 5.6570788579171813e-05 -3.6552561120172871e-07 -3.9001379385746656e-06 0.00012566869220702564 1.2974301586162488e-05 -8.2204992662990802e-05 -2.7961628770120727e-06 7.9482766107223879e-05 -8.5136725473396837e-07 -1.4159255257204516e-05 8.7615408506348201e-07 3.8477288986648879e-06 -0.00010577545140767358 3.9457376903145536e-06 3.0297622779840432e-05 -5.4817703573304279e-05 6.6866966628201656e-05 0.00014958524115802469 -3.7676542261273935e-06 1.4655703708931824e-05 -3.0774629608791335e-06
leaf_weight=23 35 37 110 26 29 24 26 53 426 21 90 32 36 24 36 28 33 40 20 105 56 27 23 20 51 30 26 68 53 22
leaf_count=23 35 37 110 26 29 24 26 53 426 21 90 32 36 24 36 28 33 40 20 105 56 27 23 20 51 30 26 68 53 22
internal_value=-3.06748e-05 0.00625 -0.000320924 6.90608e-05 -0.00021097 -0.000412778 0.000145712 -0.0016835 -0.000785582 0.000615213 0.00193575 0.00112208 0.00808824 0.000153374 -0.00515873 0.00199725 0.00110619 0 0.00447761 -0.00348837 0.00801887 -0.0100746 -0.00390625 -0.000423729 -0.00945946 0.0110465 0.011 -0.00744681 -0.00357143 -0.000333333
internal_weight=1630 72 1558 1448 1422 1393 1201 594 541 447 607 557 68 489 126 363 339 306 134 172 106 67 192 118 74 86 50 94 98 75
internal_count=1630 72 1558 1448 1422 1393 1201 594 541 447 607 557 68 489 126 363 339 306 134 172 106 67 192 118 74 86 50 94 98 75
is_linear=0
shrinkage=0.05


Tree=77
num_leaves=31
num_cat=0
split_feature=24 21 23 25 20 24 23 25 23 24 38 25 38 35 32 23 23 23 9 24 24 35 13 34 9 9 23 15 36 15
split_gain=1.191 1.99937 1.97062 1.823 1.8146 1.73375 2.0964 1.77574 1.587 1.41445 1.38076 1.61379 1.31868 2.2876 1.24884 1.23197 2.20166 1.99031 1.56847 1.49521 2.03226 1.54497 1.46267 1.3763 1.46806 2.1641 1.81795 1.35418 1.28444 1.2758
threshold=2415.7756809000007 548.88500000000215 0.011913891486051922 2.9271690851299472 22.299999999995638 2467.3278554000003 -0.55674475789834321 1.8626090626955694 1.6842984955620739 2129.4562975000003 49.770589762309172 -0.68820722072879859 51.147356096232393 113592.84427500002 1404.2778707407927 0.98238596017319513 1.1894702213163315 0.045603753386343607 0.0095729904131735388 2783.9693795300004 2878.4116907000002 114552.22457500001 -0.0074286206205391291 115694.42041311432 -0.011946737986940405 0.00311048583408584 0.25023963929500143 0.008706375129075199 1793.8361824199676 0.012127624993155527
decision_type=2 2 2 2 2 2 2 2 2 2 2 2 2 2 2 2 2 2 2 2 2 2 2 2 2 2 2 2 2 2
left_child=1 2 4 5 -1 6 -2 8 15 10 11 -6 -11 -14 -12 17 -17 18 19 21 22 -7 -21 24 -19 -26 -27 -20 -18 -29
right_child=3 -3 -4 -5 9 7 -8 -9 -10 12 14 -13 13 -15 -16 16 28 23 27 20 -22 -23 -24 -25 25 26 -28 29 -30 -31
leaf_value=4.4730444066778629e-05 3.7234290379559703e-06 0.00012896590847956505 -2.9273581680114879e-06 5.2145072935130086e-05 -1.502311557280098e-06 -8.3169266368553752e-07 -0.00011948120959972973 -4.557969459796338e-05 1.5366810114138022e-05 0.000116226648588705 -4.2461749985971478e-05 2.2084247089038765e-05 3.1973464637857352e-06 -3.1309073965555321e-05 -3.4103449262444097e-07 -6.3581453846667645e-05 -3.8887404465930863e-05 -2.9272711569851111e-06 -5.3904391867171576e-05 3.474691602150301e-05 -6.1891211126167665e-07 -0.00014877766489858227 5.8552794817843723e-07 3.0145187065946284e-05 5.7685897213365547e-05 3.5892723720617833e-05 -5.0125653151385718e-06 7.0101813919329002e-06 3.9239400571827202e-05 -1.9111792417797226e-05
leaf_weight=21 20 29 124 29 27 105 21 56 43 21 23 25 31 39 24 38 25 51 68 20 434 31 42 21 84 38 63 29 20 28
leaf_count=21 20 29 124 29 27 105 21 56 43 21 23 25 31 39 24 38 25 51 68 20 434 31 42 21 84 38 63 29 20 28
internal_value=-0.000460123 0.00206044 0.000970149 -0.00118483 0.00390995 -0.00147534 -0.0115854 -0.00112876 -0.000701754 0.00236842 -0.00176768 0.00384615 0.00686813 0.00357143 -0.00797872 -0.0010711 -0.00692771 -0.000591716 -0.00188243 -0.000870253 0.000403226 -0.00551471 0.00887097 0.00321012 0.00211864 0.00418919 -0.000742574 -0.007 0.000555556 -0.00131579
internal_weight=1630 364 335 1266 211 1237 41 1196 1140 190 99 52 91 70 47 1097 83 1014 757 632 496 136 62 257 236 185 101 125 45 57
internal_count=1630 364 335 1266 211 1237 41 1196 1140 190 99 52 91 70 47 1097 83 1014 757 632 496 136 62 257 236 185 101 125 45 57
is_linear=0
shrinkage=0.05


Tree=78
num_leaves=31
num_cat=0
split_feature=22 36 15 15 4 16 39 21 39 36 16 32 40 16 16 40 39 3 31 13 0 18 3 40 36 3 39 41 20 21
split_gain=1.22709 1.02606 0.837198 0.909255 2.10339 1.83482 0.980157 2.0203 1.56309 1.27916 1.17812 1.70612 2.276 2.05874 2.35651 1.39148 1.27207 1.26918 2.91873 3.18649 2.58733 1.97331 1.67721 1.47733 1.59092 1.92844 2.53375 2.50262 2.22274 1.48891
threshold=1313.949605 10974.978097172136 0.0025205060059462704 0.0034431609534060713 1728.8327300000003 0.0038416136130420106 929.34499999999866 548.88500000000215 819.18321428571414 3389.621015319361 0.0069329428288660254 3712.2441485812165 1002.4537934170222 0.0073248956013079866 0.0073669462788024534 1701.9107964910293 1325.0139285714283 111375.95000000001 103719.63210000003 -0.0014977064898842164 102437.82500000001 163.55499999999304 114268.39500000002 788.64874938143487 -2498.7402660851508 86915.22500000002 1207.3896428571436 -1028.6004221047613 172.93000000000032 425.80999999999773
decision_type=2 2 2 2 2 2 2 2 2 2 2 2 2 2 2 2 2 2 2 2 2 2 2 2 2 2 2 2 2 2
left_child=-1 2 -2 4 -4 -5 7 8 -7 -10 16 12 13 -12 -15 -13 -8 18 23 20 -20 -22 -19 24 25 26 -16 -28 -27 -26
right_child=1 -3 3 5 -6 6 10 -9 9 -11 11 15 -14 14 17 -17 -18 22 19 -21 21 -23 -24 -25 29 28 27 -29 -30 -31
leaf_value=-4.8997069970236458e-05 4.1533512046030397e-05 -3.6542402747833554e-05 2.0386476902274731e-06 2.2952385666266727e-05 -1.8472320558351448e-05 -1.4271959794160931e-06 -4.0310100167061874e-06 0.0001652922470543963 7.4910929278689622e-06 -1.8775439519414918e-05 9.8530098767950744e-06 0.00010426070136971942 -6.3012732029532327e-05 -5.261703054017537e-05 -1.0303097851031444e-05 2.6598365110228177e-06 3.7735681639766709e-05 -0.00012151589615212312 1.868900630423785e-05 3.2222159516595595e-05 1.3892409064250351e-06 -3.1464926912278406e-05 -1.2031634556662554e-06 4.0627161225084148e-05 -4.5274255932344396e-05 2.0190566960760304e-06 1.0633652906784428e-06 0.00033230443888019793 -3.9975978883572856e-05 5.1434143055146558e-06
leaf_weight=28 37 24 51 23 37 81 355 24 90 23 84 29 36 23 20 34 43 27 20 73 77 32 78 21 56 51 31 28 74 20
leaf_count=28 37 24 51 23 37 81 355 24 90 23 84 29 36 23 20 34 43 27 20 73 77 32 78 21 56 51 31 28 74 20
internal_value=-0.000337423 -0.000156055 0 -0.000178456 -0.00511364 0.00012044 -0.000104895 0.00298165 0.00128866 0.0050885 -0.000660066 0.000429975 -0.000233023 0.000384615 -0.000594295 0.00833333 -0.00288945 0 0.00104374 0.00569307 0.000968992 -0.00206422 -0.005 -0.00207641 -0.00303571 -0.000735294 0.00537975 0.0105932 -0.0046 -0.00921053
internal_weight=1630 1602 1578 1541 88 1453 1430 218 194 113 1212 814 751 715 631 63 398 608 503 202 129 109 105 301 280 204 79 59 125 76
internal_count=1630 1602 1578 1541 88 1453 1430 218 194 113 1212 814 751 715 631 63 398 608 503 202 129 109 105 301 280 204 79 59 125 76
is_linear=0
shrinkage=0.05


Tree=79
num_leaves=31
num_cat=0
split_feature=13 41 28 16 16 7 21 23 30 40 42 41 5 22 41 20 34 9 36 15 19 18 36 18 18 21 42 42 7 13
split_gain=1.23305 1.52381 0.988488 0.948615 1.09484 1.48987 1.11481 1.09523 0.956687 0.917021 1.46643 1.35494 1.66092 1.65831 1.01431 1.17053 1.76224 1.31951 0.916461 2.19439 2.21662 2.52468 0.975238 0.938087 1.89916 1.47972 1.47227 2.50605 1.50703 1.45922
threshold=0.058495491042893401 911.40000985758036 3376.6374605706737 0.0035725113502153767 0.0043388043306468067 -0.0017588787464347098 4.6850000000049485 -0.21435780791776823 107817.25791996146 1587.5203213216957 -74.580232211044674 962.30273182601707 0.00021198536310554374 3449.782378750001 890.71260256886364 922.95999999999924 104249.33085998752 0.027548715388445843 6643.2332805749256 0.0057891028429247092 1114.1800000000005 163.55499999999304 6235.9350352184128 -338.22999999999587 -401.60500000000314 90.709999999991865 -155.38194061244636 52.491525160780846 -0.015058121379041499 0.0020217477450140972
decision_type=2 2 2 2 2 2 2 2 2 2 2 2 2 2 2 2 2 2 2 2 2 2 2 2 2 2 2 2 2 2
left_child=2 -2 3 -1 5 -5 8 -7 -6 11 -11 14 13 -13 15 17 -17 18 22 -20 21 -21 23 24 25 -8 28 -28 -27 -29
right_child=1 -3 -4 4 6 7 9 -9 -10 10 -12 12 -14 -15 -16 16 -18 -19 19 20 -22 -23 -24 -25 -26 26 27 29 -30 -31
leaf_value=1.0788958985356551e-05 3.0611051540765825e-05 -6.9675346238710825e-06 -1.1862459441272522e-05 1.4989934069789091e-05 2.5961068873860735e-06 -7.6424439518511717e-07 -1.8933247958949858e-05 -6.8598514101277143e-05 3.4883362958731868e-05 5.7954167704531422e-05 -3.4981752189763718e-08 -5.2507292801773804e-06 -0.00015775290166742176 5.6054793381971579e-05 1.3030189010000297e-05 -1.4292959213145592e-06 6.2395463785601572e-05 -3.2982197127583385e-05 -3.4220652693586083e-05 7.0751202898664618e-06 3.5848897557778372e-05 -6.7139277118245284e-05 8.1172473263597123e-05 3.1361681283536248e-07 -3.4128861515373014e-05 7.5619984097033332e-07 5.0542195466069374e-05 -5.6063419568395457e-05 -0.00010038215203059844 2.4435766597094349e-06
leaf_weight=28 21 21 24 24 25 29 40 24 21 25 37 36 29 22 26 21 27 29 38 22 31 20 21 737 32 45 59 24 41 51
leaf_count=28 21 21 24 24 25 29 40 24 21 25 37 36 29 22 26 21 27 29 38 22 31 20 21 737 32 45 59 24 41 51
internal_value=-0.000122699 0.00833333 -0.000346348 -0.000191816 -0.000358073 -0.00616883 -5.14051e-05 -0.0108491 0.0076087 -0.000300778 0.00564516 -0.000573649 -0.0066092 -0.00172414 -0.000158228 -0.000363489 0.00729167 -0.000672269 -0.00040913 -0.00472973 0.000342466 -0.00714286 4.7619e-05 -0.000170068 -0.00256849 -0.00115385 0.000454545 0.00373134 -0.00465116 -0.00233333
internal_weight=1630 42 1588 1564 1536 77 1459 53 46 1413 62 1351 87 58 1264 1238 48 1190 1161 111 73 42 1050 1029 292 260 220 134 86 75
internal_count=1630 42 1588 1564 1536 77 1459 53 46 1413 62 1351 87 58 1264 1238 48 1190 1161 111 73 42 1050 1029 292 260 220 134 86 75
is_linear=0
shrinkage=0.05


Tree=80
num_leaves=31
num_cat=0
split_feature=0 34 22 13 32 24 22 15 20 27 27 19 36 38 2 7 17 35 9 4 21 4 16 25 41 4 19 22 20 18
split_gain=1.06378 1.54821 1.28452 1.20695 1.59101 1.06293 0.934425 1.11405 1.65557 2.53856 2.16178 2.57877 1.81385 1.78976 1.7193 1.59214 2.14301 1.52727 1.49723 1.44365 2.02373 1.76316 1.65968 1.57007 3.06302 2.44915 1.59965 1.95635 2.23336 2.03077
threshold=119090.97500000002 113817.28607220635 3168.2014605750005 0.048126228547339965 5970.3347453250763 3182.5354785000004 1313.949605 0.0069554862915318649 251.92500000000294 106898.47575000003 103598.36100000002 749.50000000000011 1463.951424466781 47.649100913850639 114364.13000000002 0.0097091301888906703 0.0092394913859370278 112951.32607500002 -0.0097474191326117118 1321.7317300000002 204.86500000000527 1238.6510150000001 0.006976683075773169 0.15153621923891614 468.21266611992786 3547.7014200000003 1114.1800000000005 2057.7318825000007 254.4549999999945 -100.30999999999766
decision_type=2 2 2 2 2 2 2 2 2 2 2 2 2 2 2 2 2 2 2 2 2 2 2 2 2 2 2 2 2 2
left_child=3 -2 -3 6 5 -5 -1 19 10 -10 12 13 15 -12 18 16 -9 -11 -13 20 21 -8 -22 26 25 -25 27 29 -29 -21
right_child=1 2 -4 4 -6 -7 7 8 9 17 11 14 -14 -15 -16 -17 -18 -19 -20 23 22 -23 -24 24 -26 -27 -28 28 -30 -31
leaf_value=-4.7191688798103274e-05 -9.8016598235803185e-05 9.1889445633212146e-06 -3.9017849869006273e-06 0.00010110096505694243 -1.4925724759869163e-05 1.3484904502669456e-06 -1.2112060539722536e-06 -5.4509799186228171e-05 -1.3147725974461669e-06 0.00010713548278013263 4.1517978980898249e-06 -2.0968592157855923e-06 3.4856285080450647e-05 -1.5165434667710672e-05 5.5311632971676675e-06 2.9684107489173997e-05 -2.0186243669423776e-07 2.4349182023426125e-06 -6.8935280000973894e-05 1.3644745251220702e-06 7.9556018924792523e-07 -5.6021963524065463e-05 5.3718382582552962e-05 -4.6833725217659394e-06 -3.9680810394513099e-05 5.2748312938521834e-05 3.3215856649598378e-05 3.2307672175258707e-06 -3.8540018621058385e-06 4.3000845255057341e-05
leaf_weight=28 20 33 31 21 20 28 124 25 216 28 33 42 28 26 24 26 83 77 86 22 42 22 20 59 51 59 101 144 81 30
leaf_count=28 20 33 31 21 20 28 124 25 216 28 33 42 28 26 24 26 83 77 86 22 42 22 20 59 51 59 101 144 81 30
internal_value=0.000122699 -0.00535714 -0.0015625 0.00042044 0.00688406 0.0117347 0.000118483 0.000293306 -0.00115274 0.00147975 -0.00341823 -0.00675355 0.000925926 0.00211864 -0.0101974 -0.00149254 -0.00416667 0.00785714 -0.0125 0.00162252 -0.00192308 -0.00513699 0.00564516 0.00297075 -0.0010355 0.00338983 0.0047619 0.00279783 0.000777778 0.0115385
internal_weight=1630 84 64 1546 69 49 1477 1449 694 321 373 211 162 59 152 134 108 105 128 755 208 146 62 547 169 118 378 277 225 52
internal_count=1630 84 64 1546 69 49 1477 1449 694 321 373 211 162 59 152 134 108 105 128 755 208 146 62 547 169 118 378 277 225 52
is_linear=0
shrinkage=0.05


Tree=81
num_leaves=31
num_cat=0
split_feature=41 39 19 20 15 16 24 11 15 16 16 38 36 13 21 35 7 9 28 4 23 24 4 24 19 9 30 18 18 42
split_gain=0.92099 1.11869 1.51469 1.81832 1.62733 1.40761 1.22545 2.71515 1.03517 0.94659 2.60386 2.3573 2.28698 1.64983 1.57786 1.55556 1.52381 1.31539 1.44857 1.38019 2.35435 2.14603 1.78533 1.85949 1.8087 1.71905 1.3153 1.33835 1.31826 1.28299
threshold=-1862.4090972128017 1585.9553571428573 1245.6399999999924 254.4549999999945 0.012845991955213654 0.012585005548581898 5108.6573113000004 0.0037948629225752805 0.015658140143071597 0.007063339820031809 0.0073248956013079866 36.72027460889398 8346.675570451067 0.031509084711781842 743.2350000000007 102199.63825000002 0.0027200853915585349 -0.01477557819966417 -929.67569726148929 2978.1847200000007 -0.78807846285600347 2717.0945179000005 1535.1870100000003 2927.9692488600003 1027.1999999999973 0.00033511943969776939 84647.587045093504 955.58000000000186 628.09500000000128 -184.08298814297268
decision_type=2 2 2 2 2 2 2 2 2 2 2 2 2 2 2 2 2 2 2 2 2 2 2 2 2 2 2 2 2 2
left_child=-1 5 3 -3 -4 6 9 -8 -6 12 15 29 13 14 26 -11 -17 -13 -19 20 21 -20 -22 -24 -25 -23 -2 28 -28 -12
right_child=1 2 4 -5 8 -7 7 -9 -10 10 11 17 -14 -15 -16 16 -18 18 19 -21 22 25 23 24 -26 -27 27 -29 -30 -31
leaf_value=4.2656524918551706e-05 2.6100372958484772e-05 -5.0788006123000485e-05 -7.1328103540224174e-06 2.823269391231488e-05 9.587193038582999e-06 4.0513735937140502e-05 3.4890819728129505e-05 -0.00012188913975357396 -3.1322994149369505e-05 0.00016536031476093002 -3.6073071202420987e-06 -2.3979421629968932e-06 -0.00018660386213707804 -7.5668034660120463e-06 3.6924395646323213e-05 5.8262288694754123e-05 -1.8329536230806592e-06 5.6677124663981191e-05 3.5776233746983084e-05 6.1986159540733915e-06 -9.9753135769712156e-05 1.1495453900896006e-05 2.6241627568330783e-06 2.7408217107531803e-06 -3.566984228635383e-05 -2.4186227200753357e-05 -6.1997570907259133e-07 -5.4830550093370102e-05 3.7409187706976665e-05 -0.00016194415204278165
leaf_weight=28 30 34 72 37 35 29 20 22 41 21 84 31 23 55 40 21 21 22 21 121 21 28 44 26 20 32 557 29 42 23
leaf_count=28 30 34 72 37 35 29 20 22 41 21 84 31 23 55 40 21 21 22 21 121 21 28 44 26 20 32 557 29 42 23
internal_value=-6.13497e-05 -0.000218477 -0.00353881 0.00246479 -0.00641892 0.000307303 7.38552e-05 -0.00833333 -0.00131579 0.000342988 0.00195896 0.000687104 -0.000773196 -0.000298805 0.000358166 0.0115079 0.00595238 0.00259563 0.00350746 0.00263578 0 0.00648148 -0.00472973 -0.00166667 -0.00869565 0.00166667 -0.000227964 -0.000716561 -0.000208681 -0.00584112
internal_weight=1630 1602 219 71 148 1383 1354 42 76 1312 536 473 776 753 698 63 42 366 335 313 192 81 111 90 46 60 658 628 599 107
internal_count=1630 1602 219 71 148 1383 1354 42 76 1312 536 473 776 753 698 63 42 366 335 313 192 81 111 90 46 60 658 628 599 107
is_linear=0
shrinkage=0.05


Tree=82
num_leaves=31
num_cat=0
split_feature=9 11 15 40 36 25 7 7 35 30 20 5 23 18 20 5 41 4 5 20 26 9 1 22 20 25 32 23 0 35
split_gain=1.53678 2.85639 1.48672 1.37535 1.38273 1.5254 1.24567 1.48621 1.22077 1.87386 2.77689 2.51018 1.93211 2.61735 1.56825 1.75827 2.71832 1.54914 1.26265 1.79201 1.20781 1.19346 1.17036 2.76379 1.60797 1.27895 1.81763 2.20572 1.75215 2.03921
threshold=-0.015220230775693653 -0.024365192199436173 0.007219882114495973 -740.47689095801604 -2337.6216900348877 0.49560309906261629 -0.00040500971499167715 -0.00017331653704094729 114962.94360000001 106359.21406896184 67.175000000002925 0.001542860285753141 -0.95967753657046895 -25.885000000002034 96.900000000001469 0.0022304552004861647 -131.69429332510975 2654.5384100000006 -0.0011560089318760432 186.22500000000585 111540.68134680949 -0.0036411720896553116 87684.360000000015 3281.7975942500002 487.03500000000355 -0.069901406188571533 2629.6399826020647 0.28194568325235242 89814.325000000026 115544.98822500001
decision_type=2 2 2 2 2 2 2 2 2 2 2 2 2 2 2 2 2 2 2 2 2 2 2 2 2 2 2 2 2 2
left_child=1 2 -1 -3 -5 -6 8 -8 9 10 -2 12 -11 18 -12 16 -16 -10 19 -14 -4 -21 23 -9 -25 28 27 -27 -24 -30
right_child=6 3 20 4 5 -7 7 22 17 11 14 -13 13 -15 15 -17 -18 -19 -20 21 -22 -23 25 24 -26 26 -28 -29 29 -31
leaf_value=7.5658796455320993e-05 2.8844575767938898e-05 -9.9662258653292275e-05 6.7508844220845123e-06 6.6037453155369589e-06 -1.3632065028561659e-06 -8.7873714156699683e-05 -3.9359539953411878e-05 0.00014113839966637708 4.0441994958978048e-05 -1.1949939351522011e-05 -1.311175185237956e-05 -7.1307514868020058e-05 -9.3984103434814116e-06 2.6223311046997224e-05 -1.2954666362967045e-05 7.4510801545096169e-05 7.2263144436310986e-06 -1.9786448220797653e-06 -4.2321248723344035e-05 2.6093920706204133e-06 -5.5322173101776843e-06 9.8520259378716461e-05 -6.101083308037236e-05 -2.770792191644171e-05 1.1189648318966067e-05 3.5921649525789548e-05 -4.1882903197861477e-06 1.0064898104529281e-06 -5.8897692361896364e-07 -5.3450489993772985e-05
leaf_weight=21 40 20 61 24 24 21 22 34 59 30 26 31 68 22 54 20 112 30 22 31 25 21 26 38 22 54 108 131 379 54
leaf_count=21 40 20 61 24 24 21 22 34 59 30 26 31 68 22 54 20 112 30 22 31 25 21 26 38 22 54 108 131 379 54
internal_value=-0.000184049 -0.00433673 0.00116822 -0.0109551 -0.0076087 -0.0127778 0.000383543 -0.000806452 0.00220848 0.00120545 0.00416667 -0.00211111 0 0.00213415 0.00188679 0.00349462 0.00180723 0.00758427 -0.000352113 0.00166667 -0.00174419 0.00865385 -0.000472813 0.00478723 -0.00166667 -0.00113032 0.00145051 0.00445946 -0.00277778 -0.00202079
internal_weight=1630 196 107 89 69 45 1434 868 566 477 252 225 194 164 212 186 166 89 142 120 86 52 846 94 60 752 293 185 459 433
internal_count=1630 196 107 89 69 45 1434 868 566 477 252 225 194 164 212 186 166 89 142 120 86 52 846 94 60 752 293 185 459 433
is_linear=0
shrinkage=0.05


Tree=83
num_leaves=31
num_cat=0
split_feature=21 20 13 13 19 9 7 4 23 18 40 32 18 32 4 4 4 19 36 32 41 32 21 13 40 26 19 4 7 24
split_gain=0.940073 1.84652 1.01631 1.23598 4.68639 1.34444 2.06722 2.025 1.2906 1.22042 2.5835 2.04537 1.36572 1.21753 1.10591 2.36782 1.69306 1.22804 1.32451 1.76071 0.9 0.865896 1.84334 1.55112 1.53725 1.59186 1.47 1.755 1.34318 2.00323
threshold=7.8749999999927249 202.31999999999974 0.058495491042893401 0.030477139783908692 709.32999999999458 0.0017651714945150954 0.011508859746049182 6049.4281450000008 3.0009313464049168 -1195.230000000003 -158.97095437958339 -4418.762836669709 -964.68499999999756 54.641857107621043 4707.8406900000009 8499.7016850000018 4403.5422550000012 1523.6499999999944 2175.0318775333803 -2452.7212580358241 911.40000985758036 -968.47109175939829 311.20499999999453 -0.013437545397368968 -740.47689095801604 110243.14671609939 977.01000000000215 2040.3054000000004 0.0038202994933017828 4233.1214083000004
decision_type=2 2 2 2 2 2 2 2 2 2 2 2 2 2 2 2 2 2 2 2 2 2 2 2 2 2 2 2 2 2
left_child=1 -1 3 8 -5 -6 -7 -8 9 10 11 -2 -11 -12 16 17 21 -16 19 -19 -4 22 23 -14 25 -25 27 -24 -23 -30
right_child=2 -3 20 4 5 6 7 -9 -10 12 13 -13 14 -15 15 -17 -18 18 -20 -21 -22 28 26 24 -26 -27 -28 -29 29 -31
leaf_value=-1.6225790240718331e-06 -2.5869737553401467e-05 2.489875508323188e-05 2.664913123785291e-05 7.8893200804679865e-06 1.6256381963876525e-06 -8.5557032125100127e-05 6.6550930423394869e-05 -8.3598691281865377e-05 1.309378615505847e-05 2.6555834565380784e-05 3.7057464924196636e-05 -3.466371596068801e-05 5.5137070620550233e-07 -2.151792939859723e-06 -5.5601763759566074e-05 0.0002887231709956288 8.7962825530417757e-05 5.8505777193310943e-07 7.7110655715685127e-06 -8.5515928980517847e-05 -2.6998318611227764e-06 3.413704807990951e-07 2.4489893619018128e-08 -1.3972284261006465e-06 8.6740747512646047e-05 5.5507538579584023e-05 6.3973882934009593e-07 -0.00017382240972407478 -3.6008541373659687e-06 0.00014824196885651633
leaf_weight=30 24 35 20 27 30 50 20 20 20 31 20 30 106 22 22 21 28 27 21 34 20 503 26 32 29 22 100 24 215 21
leaf_count=30 24 35 20 27 30 50 20 20 20 31 20 30 106 22 22 21 28 27 21 34 20 503 26 32 29 22 100 24 215 21
internal_value=-0.000122699 0.00576923 -0.000367412 -0.00057377 -0.00493197 -0.00916667 -0.0122222 -0.00375 -0.000108853 -0.000294551 -0.00572917 -0.012963 0.000118859 0.00357143 -0.000142161 -0.0046 0.000361664 -0.00769231 -0.00487805 -0.00860656 0.0075 4.63822e-05 0.00213864 0.00542328 0.0105422 0.00555556 -0.002 -0.009 -0.000913396 -0.00402542
internal_weight=1630 65 1565 1525 147 120 90 40 1378 1358 96 54 1262 42 1231 125 1106 104 82 61 40 1078 339 189 83 54 150 50 739 236
internal_count=1630 65 1565 1525 147 120 90 40 1378 1358 96 54 1262 42 1231 125 1106 104 82 61 40 1078 339 189 83 54 150 50 739 236
is_linear=0
shrinkage=0.05


Tree=84
num_leaves=31
num_cat=0
split_feature=25 25 9 24 17 28 7 5 20 21 9 7 19 38 39 32 22 23 23 17 25 30 21 32 4 34 11 32 4 28
split_gain=1.21501 1.35266 1.697 1.97683 1.13778 1.02336 2.25215 2.01487 1.91743 1.73668 2.06012 2.17589 1.47148 1.60193 1.57258 2.7454 2.00772 2.33514 1.57792 1.43407 1.40612 1.38658 1.97054 2.07778 1.97318 1.4557 1.51042 2.36965 1.40838 1.33492
threshold=3.1511480424004694 1.725678080502359 0.021632386381964217 3216.9544769000004 0.0066404223069287923 -536.59807307235303 0.0067854267876161179 0.0028285113905839386 125.10499999999594 68.254999999997395 -0.0019240131021268597 0.00072826647342842589 2071.4049999999993 47.119908147545367 1413.752500000001 -3549.6083655648686 2808.6246315000003 -0.38501868144038137 0.26095130517677806 0.0096677288399452718 -0.62605622844768516 118046.58421913562 151.73000000000323 4265.2127339426015 3741.3016100000004 114217.78572007177 0.0020888173966029733 877.62681438034645 2883.8019100000006 -1240.9919775571541
decision_type=2 2 2 2 2 2 2 2 2 2 2 2 2 2 2 2 2 2 2 2 2 2 2 2 2 2 2 2 2 2
left_child=1 5 3 4 -3 6 7 8 -1 10 20 -12 13 14 16 -16 17 -10 -19 -8 -7 22 24 -24 25 26 27 -11 -25 -18
right_child=-2 2 -4 -5 -6 9 19 -9 12 21 11 -13 -14 -15 15 -17 29 18 -20 -21 -22 -23 23 28 -26 -27 -28 -29 -30 -31
leaf_value=5.9114951203575633e-06 1.2439096847305539e-05 -8.9585660234425071e-06 -0.00018330463750526366 -4.5951111145629268e-05 9.6724637939597921e-06 -0.00010017114318883298 4.6629769402710824e-05 -2.6838084441442926e-05 7.5070698699253644e-05 -3.9591752771970039e-06 2.8651196603464598e-05 2.9390847036782854e-06 -9.8707087966945023e-05 -4.3555631784112035e-06 8.476329345670248e-07 6.674263806341751e-05 -6.7437903707665832e-07 -3.2867293283557097e-05 9.2180581518784395e-06 3.2116743823310829e-05 3.2670140356150802e-06 -4.6237883388634329e-05 -6.4845880389302808e-07 7.4340853630938831e-07 -5.399793191653246e-05 3.6601808947686871e-06 -6.1211131994033688e-06 2.2978852968605292e-05 0.00012602987664100973 -8.6697097723870608e-05
leaf_weight=116 30 20 22 23 25 23 24 78 20 23 41 94 33 29 38 24 36 21 33 29 25 39 550 27 21 21 81 34 30 20
leaf_count=116 30 20 22 23 25 23 24 78 20 23 41 94 33 29 38 24 36 21 33 29 25 39 550 27 21 21 81 34 30 20
internal_value=3.06748e-05 -0.00015625 -0.00611111 -0.00220588 0.00388889 0.000198675 0.00204591 0.000892857 0.00243243 -0.000718533 0.00368852 0.00685185 0 0.00147059 0.003125 0.00967742 0 0.00540541 0 0.0117925 -0.00520833 -0.00169492 -0.00123888 0.000123558 -0.00583333 -0.00393082 -0.0057971 0.000438596 0.00921053 -0.00714286
internal_weight=1630 1600 90 68 45 1510 501 448 370 1009 183 135 254 221 192 62 130 74 54 53 48 826 787 607 180 159 138 57 57 56
internal_count=1630 1600 90 68 45 1510 501 448 370 1009 183 135 254 221 192 62 130 74 54 53 48 826 787 607 180 159 138 57 57 56
is_linear=0
shrinkage=0.05


Tree=85
num_leaves=31
num_cat=0
split_feature=24 25 39 39 9 38 21 24 36 36 9 36 5 25 41 3 0 23 13 22 19 38 41 41 5 41 9 24 5 24
split_gain=1.25101 1.78189 1.53155 2.22849 1.65169 1.51279 1.41148 1.38186 1.27701 1.38433 2.11657 1.64383 1.47347 2.20166 1.22057 1.84522 2.71162 1.74583 2.97198 1.27068 1.23332 1.36146 1.53795 1.21747 1.86189 1.43575 1.10011 1.06724 2.25 1.56614
threshold=3269.2115639000008 2.7814341071890927 1355.7617857142855 1317.3842857142863 0.012155088684763829 76.324885505035454 7.8749999999927249 2618.6793361600007 8949.4919921350029 4787.8399106855295 -0.0097474191326117118 888.14351163639378 -0.0024422333730925081 -0.31894159071597711 -1862.4090972128017 111037.72000000002 106946.53000000001 -0.11952658511748181 -0.010864943431734636 4712.9094040000009 1212.5000000000002 53.822527884811272 -1145.2659694078018 -199.26706589443552 -0.00060775151738513117 -748.57281803380545 0.022283223929492491 3052.4477886000004 -0.0029292835814738166 2908.4310749000001
decision_type=2 2 2 2 2 2 2 2 2 2 2 2 2 2 2 2 2 2 2 2 2 2 2 2 2 2 2 2 2 2
left_child=1 2 3 6 23 8 7 -1 9 11 -11 14 -12 -14 -2 16 17 20 19 -19 21 22 -16 25 -25 -4 27 29 -29 -8
right_child=5 -3 4 -5 -6 -7 26 -9 -10 10 12 -13 13 -15 15 -17 -18 18 -20 -21 -22 -23 -24 24 -26 -27 -28 28 -30 -31
leaf_value=8.1111190113426555e-07 3.8594251099417419e-05 2.803568012380085e-05 3.2575189896750775e-05 -1.8115814341682773e-05 -7.7346758795159465e-07 -4.6784639511070488e-05 5.88991785289224e-07 5.3837410955741923e-05 -5.2562497316465193e-05 8.8997391483309368e-05 1.5071441388278329e-05 -2.7987484101607544e-05 -5.726295917554387e-05 2.159885783141161e-05 -9.2884203806816151e-05 -0.00014078915911540349 0.00010171618210008302 -0.00032021485874937351 4.7774709264135176e-05 -3.8775417844465351e-06 -1.7384377126523428e-05 -3.6152193430828465e-05 8.0044420797324758e-06 4.3963469199758703e-05 -5.5927780248414814e-06 2.7669903160135078e-05 -8.217929436342647e-05 -2.0695808365346657e-05 5.4132442005974562e-05 -9.9462552442746155e-06
leaf_weight=25 28 27 23 43 36 37 632 22 21 22 28 27 43 27 23 25 40 21 50 36 37 42 45 39 43 24 24 24 48 68
leaf_count=25 28 27 23 43 36 37 632 22 21 22 28 27 43 27 23 25 40 21 50 36 37 42 45 39 43 24 24 24 48 68
internal_value=0.000214724 0.00120594 0.000880114 5.64334e-05 0.00530303 -0.00172101 0.000622776 0.00904255 -0.00101942 -0.000506073 0.00416667 -0.00200535 0.00102041 -0.00285714 -0.00108069 -0.00195925 -0.00085034 -0.00275591 0.0021028 -0.00570175 -0.00629252 -0.00363636 0.000735294 0.00794574 0.00426829 0.0143617 0.000125628 0.000453368 0.00625 -0.000142857
internal_weight=1630 1078 1051 886 165 552 843 47 515 494 120 374 98 70 347 319 294 254 107 57 147 110 68 129 82 47 796 772 72 700
internal_count=1630 1078 1051 886 165 552 843 47 515 494 120 374 98 70 347 319 294 254 107 57 147 110 68 129 82 47 796 772 72 700
is_linear=0
shrinkage=0.05


Tree=86
num_leaves=31
num_cat=0
split_feature=36 17 32 38 21 23 1 3 38 16 9 22 40 21 41 17 36 11 1 25 20 13 35 5 7 23 1 0 42 16
split_gain=1.10127 1.19831 1.61864 2.47228 2.67017 2.43823 1.8553 2.09016 1.41507 1.64211 2.57177 2.02625 2.01264 1.7389 2.40976 2.09202 2.50812 1.95048 1.72177 1.62236 2.93591 2.26809 1.69246 1.62112 3.00833 1.71495 1.52487 2.29298 1.38983 1.2675
threshold=10974.978097172136 0.0096677288399452718 -2517.0572156414269 32.186647843993747 204.86500000000527 0.71519739459066234 109689.33500000001 111572.29000000002 34.549190013122377 0.006864439884333196 -0.015220230775693653 3090.4840477500006 -786.94313802148815 89.224999999991283 -98.572664725672496 0.006229552379636954 2097.4768018269974 -0.011240561864577218 106037.10000000002 -0.33515697399211147 182.21999999999392 0.035616757168182904 113245.55360000003 -0.0014328655231973422 -0.0012236215715172077 0.40749176794233782 111410.20500000002 116457.83000000002 -7.8814775900402188 0.0058546320285841518
decision_type=2 2 2 2 2 2 2 2 2 2 2 2 2 2 2 2 2 2 2 2 2 2 2 2 2 2 2 2 2 2
left_child=1 2 5 4 -4 6 -1 -8 -5 11 -11 13 -12 14 -10 16 -16 -15 -14 20 22 26 28 24 -20 -25 -21 -28 -19 -22
right_child=-2 -3 3 8 -6 -7 7 -9 9 10 12 -13 18 17 15 -17 -18 19 23 21 29 -23 -24 25 -26 -27 27 -29 -30 -31
leaf_value=2.5630893742788772e-05 -3.2925376095471465e-05 -1.4442322195749555e-06 -5.6670753816072691e-05 6.7600367359301798e-06 9.1834854637149741e-07 -1.0020567225483874e-05 -1.2097318734239629e-05 7.926207495285607e-06 -8.7559846381228957e-05 -4.61714747008585e-06 -8.1195292320336934e-06 -5.550957184767704e-05 1.6120830879729387e-05 6.2032364092784857e-05 3.9344902887137554e-05 5.8595319814268645e-05 -2.3142685394080131e-05 -1.7080846172342019e-05 8.0003540026692247e-07 3.2753803853923804e-05 -0.00013721260198360373 -7.2988342019112155e-05 7.5967934592210552e-06 -1.2436150901256012e-06 8.5072891481115573e-05 3.6789313844075041e-06 -4.3292024530835051e-06 5.0215428799030349e-06 5.9389773970481456e-06 -2.2502238628722911e-06
leaf_weight=47 24 402 39 33 38 35 21 31 23 31 23 41 146 26 33 39 37 54 40 67 50 20 36 105 20 25 53 36 25 30
leaf_count=47 24 402 39 33 38 35 21 31 23 31 23 41 146 26 33 39 37 54 40 67 50 20 36 105 20 25 53 36 25 30
internal_value=0.000214724 0.000373599 0.00116279 0.000514019 -0.00811688 0.00634328 0.0103535 0.00384615 0.00118328 0.000833333 0.00333333 -0.000877193 0.00452646 -4.7259e-05 0.00492424 0.00802752 0.00285714 -0.00170025 0.00550595 -0.00262803 -0.00576923 0.000852273 -0.000652174 0.00236842 0.00916667 -0.000769231 0.00288462 -0.00140449 -0.00474684 -0.013125
internal_weight=1630 1606 1204 1070 77 134 99 52 993 960 390 570 359 529 132 109 70 397 336 371 195 176 115 190 60 130 156 89 79 80
internal_count=1630 1606 1204 1070 77 134 99 52 993 960 390 570 359 529 132 109 70 397 336 371 195 176 115 190 60 130 156 89 79 80
is_linear=0
shrinkage=0.05


Tree=87
num_leaves=31
num_cat=0
split_feature=39 26 36 13 15 28 28 11 36 13 36 7 23 36 36 22 18 22 4 31 5 25 0 35 7 13 23 20 32 4
split_gain=1.26573 1.63754 1.18847 1.35251 1.1815 1.37997 1.58686 1.17869 2.49257 1.70327 1.46192 1.25286 1.60038 1.48616 1.225 1.07611 1.76999 1.81314 1.96053 1.7689 1.7056 1.64476 1.45073 1.44628 1.79425 1.40076 1.30361 2.11395 1.49076 2.24359
threshold=929.34499999999866 115921.04649064905 10974.978097172136 0.055561062300186564 0.003376939958390762 384.95251649463904 -109.00627369632274 -0.0072951529451665874 -1158.8265314554517 -0.0044050234081379879 3253.9842841622744 0.0086292205577485886 -0.060260664190973735 2210.9553495888399 1981.0530099226892 5501.5825717500002 1350.2049999999947 4805.7532365000006 4605.9140450000004 84718.716900000014 0.00041474664152885366 1.4345869755100658 102437.82500000001 115968.66567500001 0.0010542309726722277 -0.018467679568820634 -1.1531630834931377 1.114999999997963 -2172.0903433143244 2275.7500900000005
decision_type=2 2 2 2 2 2 2 2 2 2 2 2 2 2 2 2 2 2 2 2 2 2 2 2 2 2 2 2 2 2
left_child=1 4 3 15 5 6 -1 -6 -9 -10 11 12 13 -11 -14 16 17 18 19 -2 21 25 -23 26 -25 -20 -21 -28 29 -29
right_child=2 -3 -4 -5 7 -7 -8 8 9 10 -12 -13 14 -15 -16 -17 -18 -19 20 23 -22 22 -24 24 -26 -27 27 28 -30 -31
leaf_value=-4.2294074667717564e-05 -1.8105124430708006e-05 2.5946767790177382e-06 -3.3365468727574857e-05 1.3119742390786628e-05 1.316041049577942e-05 -5.546888193041929e-05 3.8154938938149318e-05 -1.4012717781338245e-05 1.3822938105107324e-05 0.00011351669794250775 -5.3254837740778334e-05 0.00010117844650791295 -5.7294750371902799e-06 -3.296391557391774e-06 2.1644913584838502e-07 -1.8508678246613894e-05 8.491352211903708e-06 2.9380215052456684e-05 -0.00012457769390242877 -3.1744999976858669e-06 -0.00012109899362105522 9.2546931094654717e-06 -2.2191661770988342e-06 6.5276713039200463e-07 -6.0897319480115401e-05 -4.8279100809729301e-07 -9.6626936713220549e-06 2.2891458681146323e-05 1.2160391496479217e-06 3.8722526981335566e-07
leaf_weight=25 36 58 23 42 47 26 32 28 26 26 21 20 20 22 20 108 40 56 20 54 47 21 39 56 37 24 22 32 550 52
leaf_count=25 36 58 23 42 47 26 32 28 26 26 21 20 20 22 20 108 40 56 20 54 47 21 39 56 37 24 22 32 550 52
internal_value=6.13497e-05 0.00262803 -0.000694996 -0.000485437 0.00119808 -0.00391566 0.000438596 0.00304348 0.00122951 0.00370968 0.00135659 0.0037037 0.00113636 0.00729167 -0.00625 -0.000795645 -0.000322284 -0.000717017 -0.00121212 -0.000268176 -0.00645695 -0.00288462 0.0025 0.000217933 -0.00564516 -0.0102273 0.000985915 0.00160061 0.00212934 0.00833333
internal_weight=1630 371 1259 1236 313 83 57 230 183 155 129 108 88 48 40 1194 1086 1046 990 839 151 104 60 803 93 44 710 656 634 84
internal_count=1630 371 1259 1236 313 83 57 230 183 155 129 108 88 48 40 1194 1086 1046 990 839 151 104 60 803 93 44 710 656 634 84
is_linear=0
shrinkage=0.05


Tree=88
num_leaves=31
num_cat=0
split_feature=17 42 25 21 13 19 25 20 23 25 4 32 41 18 15 13 18 5 39 5 23 7 4 19 0 7 31 5 13 36
split_gain=1.2467 1.32286 1.21297 1.22464 1.21452 2.1807 3.20783 1.97489 1.79373 2.51083 1.53096 2.03025 1.4019 1.62353 1.89027 1.54356 1.33806 2.61839 2.62939 1.29498 1.23107 1.57636 1.08651 0.985714 0.961895 1.90038 1.37435 2.19637 1.837 1.66234
threshold=0.0073281210640812134 -419.55630481727786 1.3226732882922827 198.60000000000585 0.0042046793375048394 574.70999999999924 -0.71032058571019385 191.59500000000119 -0.8601900161500684 0.46168236631397697 2380.5632300000007 -1834.3056270730447 -303.32577809021558 -285.80000000000285 0.0064363593669585903 -0.0044050234081379879 955.58000000000186 0.0030964846830114461 1024.6799999999996 -0.0028883875074022162 -0.31289597049832357 0.00011787770721027219 2040.3054000000004 1187.7099999999994 111737.20000000003 0.0076053992614577648 103719.63210000003 -9.4886032102546735e-05 -0.00639895495941339 2397.6103476530411
decision_type=2 2 2 2 2 2 2 2 2 2 2 2 2 2 2 2 2 2 2 2 2 2 2 2 2 2 2 2 2 2
left_child=1 -1 4 -4 8 7 -7 -6 -3 10 11 -10 -13 -14 15 -15 17 20 -19 -11 21 -8 -22 -24 26 -26 -2 -28 -29 -30
right_child=24 2 3 -5 5 6 16 -9 9 19 -12 12 13 14 -16 -17 -18 18 -20 -21 22 -23 23 -25 25 -27 27 28 29 -31
leaf_value=-2.3705475147924647e-06 -1.7308716467057562e-06 -1.5826740034930669e-06 -6.8001679824057123e-07 8.6714176445869953e-06 3.7493595426275954e-05 -9.3913194019746294e-05 8.5501526513567849e-06 -1.3241779530539654e-05 -1.7696367946455661e-05 -3.5703367270216667e-05 4.4346199264394107e-05 5.7612052805938167e-05 3.6697220799939291e-06 7.1112037673649784e-06 -8.8491964217213353e-06 -3.8106270341360055e-06 -2.6229089531777997e-05 7.1982009365879535e-05 -2.8377268085358823e-07 4.1535003441008644e-06 -0.00011123782280126021 -2.7585634991240691e-06 -6.5185820206767926e-07 -5.9534084966240955e-05 -2.8137878977859646e-05 2.5514183297232346e-06 6.3195120683336966e-06 -3.6159161934189403e-05 1.0887962202890977e-05 -6.5535551014090653e-05
leaf_weight=21 435 98 23 46 41 23 30 22 36 20 57 35 30 34 24 27 29 35 36 26 20 25 46 24 94 25 122 58 56 32
leaf_count=21 435 98 23 46 41 23 30 22 36 20 57 35 30 34 24 27 29 35 36 26 20 25 46 24 94 25 122 58 56 32
internal_value=0.000276074 0.00167079 0.00200127 0.00833333 0.00139276 -0.000830816 -0.00279851 0.00753968 0.00329457 0.00527682 0.00730453 0.00510753 0.00766667 0.005 0.00147059 0.00614754 -0.00112245 0.000231481 0.00809859 -0.00543478 -0.00362069 0.00227273 -0.00722222 -0.00428571 -0.00109489 -0.0052521 -0.000391181 0.00242537 -0.00171233 0.00284091
internal_weight=1630 808 787 69 718 331 268 63 387 289 243 186 150 115 85 61 245 216 71 46 145 55 90 70 822 119 703 268 146 88
internal_count=1630 808 787 69 718 331 268 63 387 289 243 186 150 115 85 61 245 216 71 46 145 55 90 70 822 119 703 268 146 88
is_linear=0
shrinkage=0.05


Tree=89
num_leaves=31
num_cat=0
split_feature=25 25 25 39 15 15 36 39 5 11 4 21 19 5 15 13 21 20 25 25 13 42 9 1 2 4 21 32 32 32
split_gain=1.43587 1.98579 1.93956 1.53754 1.11937 1.47588 1.35964 1.50751 2.35396 1.3703 1.34995 1.22709 2.53908 1.54254 1.16234 1.80029 1.90979 1.36657 1.33194 1.79054 1.50751 1.59681 1.48406 1.32833 1.58601 1.22239 1.62647 1.14665 2.19293 1.92364
threshold=2.7814341071890927 1.8626090626955694 1.384088586048861 1207.3896428571436 0.0069554862915318649 0.0066406263526563271 8002.5859051745947 1325.0139285714283 -0.00030933213288107702 0.0029966313147579029 2122.2507400000004 302.58999999999656 701.76000000000215 -0.0034427012552166315 0.007746394910327351 0.010238264456833224 328.40999999999627 251.92500000000294 0.072453227192429734 0.82187084916504605 0.044421510738439342 290.90334259197766 -0.021093680422484148 104012.02500000001 108652.95500000002 3675.0564100000006 499.50499999999744 -968.47109175939829 -497.37170645905275 -1406.717289939246
decision_type=2 2 2 2 2 2 2 2 2 2 2 2 2 2 2 2 2 2 2 2 2 2 2 2 2 2 2 2 2 2
left_child=1 2 4 -4 5 6 7 11 -9 -8 -7 27 -13 -14 15 16 17 -6 20 22 21 25 -20 -24 -25 26 -16 29 -29 -1
right_child=-2 -3 3 -5 14 10 9 8 -10 -11 -12 12 13 -15 18 -17 -18 -19 19 -21 -22 -23 23 24 -26 -27 -28 28 -30 -31
leaf_value=1.0049981597332537e-06 1.6378812067199009e-05 -2.2470465998226352e-05 1.7589010563620325e-05 1.5749864266098348e-06 -5.1615864099485166e-07 5.0245148771489191e-05 3.8554775888881896e-06 0.00014448715099873996 1.3855902835638562e-06 -8.6486692091531354e-05 1.2749942680495671e-06 -4.8365525158006791e-05 -0.00010005525212853614 2.6936560488473154e-06 -8.8477180427743059e-07 -5.0424733560214007e-05 -7.7692017255689473e-06 3.9723567094685636e-05 -3.0120345042081731e-06 -2.5427881126675002e-06 2.4669295894420962e-05 -2.6905178749525324e-05 0.00015183469933571019 -3.4133555518557163e-06 5.639125658465183e-05 -3.478260838485111e-05 2.3093203190737541e-05 -3.6187772568918525e-05 1.1846184170375397e-06 5.9987450325787165e-05
leaf_weight=55 42 66 25 23 42 23 21 28 39 36 39 29 28 117 197 47 33 27 23 58 28 40 55 28 32 24 35 45 320 25
leaf_count=55 42 66 25 23 42 23 21 28 39 36 39 29 28 117 197 47 33 27 23 58 28 40 55 28 32 24 35 45 320 25
internal_value=0.000398773 0.000157431 0.000525624 0.0104167 0.000203528 0.00145963 0.000841184 0.00145773 0.00858209 -0.00657895 0.00887097 0.000686591 -0.00287356 -0.000172414 -0.00130792 -0.00520134 -0.00147059 0.00326087 -0.000192308 0.00306122 -0.00216049 -0.00320946 0.00615942 0.00847826 0.00333333 -0.00175781 -0.000646552 0.00207865 0.000890411 0.0075
internal_weight=1630 1588 1522 48 1474 805 743 686 67 57 62 619 174 145 669 149 102 69 520 196 324 296 138 115 60 256 232 445 365 80
internal_count=1630 1588 1522 48 1474 805 743 686 67 57 62 619 174 145 669 149 102 69 520 196 324 296 138 115 60 256 232 445 365 80
is_linear=0
shrinkage=0.05


Tree=90
num_leaves=31
num_cat=0
split_feature=40 25 9 21 41 36 32 32 24 16 1 16 36 4 28 18 19 20 28 39 11 41 20 7 9 7 34 26 15 36
split_gain=1.59041 1.11303 1.31866 2.12163 1.02211 1.04662 1.25322 1.32176 1.73863 1.62016 1.56555 2.28626 1.52082 1.70833 1.63429 1.92411 1.57456 1.30662 1.26545 1.1742 1.35246 1.30662 1.11799 0.98661 0.974121 0.94478 0.936109 2.36532 1.64658 1.44856
threshold=2115.9626122887207 2.9271690851299472 -0.025454751771664202 311.20499999999453 1863.7346240547506 10974.978097172136 4265.2127339426015 2520.866220692486 3284.2187658000003 0.0068818630694979155 118725.00500000002 0.0061184599182451819 4528.9015344475856 1421.7490550000002 1456.2462246502766 335.4949999999954 698.67499999999575 360.66999999999831 1356.6826027071731 1076.6492857142878 -0.0030150467827317761 414.72469239440005 258.9550000000018 0.0042788942373464976 -0.0014019701110836514 0.0069301357207792857 112730.98936274934 110581.36965654927 0.0076245571458370921 2724.6023793261634
decision_type=2 2 2 2 2 2 2 2 2 2 2 2 2 2 2 2 2 2 2 2 2 2 2 2 2 2 2 2 2 2
left_child=1 2 3 -1 5 6 7 10 9 25 12 -12 14 -14 18 23 -15 -8 26 -18 21 -21 -10 -16 -13 -9 29 -28 -29 -4
right_child=-2 -3 4 -5 -6 -7 17 8 22 -11 11 24 13 16 15 -17 19 -19 -20 20 -22 -23 -24 -25 -26 -27 27 28 -30 -31
leaf_value=9.0110956850104686e-05 -2.156345307237373e-05 2.0187424646194796e-05 -1.9100187754242903e-07 -0.00012794128001531984 3.9699220886036445e-05 -2.8620009037207022e-05 0.00012267275591874334 1.1246005068988408e-06 -4.0755067660225389e-05 4.9137648647173834e-06 -0.00011383650716126253 -4.3935175229899217e-06 -1.0781575310535774e-05 8.0600242108937073e-05 -1.2674381968379743e-05 2.1624511763932597e-05 0.00017352392468843246 4.7939041842715161e-07 -7.5178103092448374e-05 8.2941756718005535e-05 -5.2642527189168034e-06 -1.3498204893002154e-06 -0.00011384354249175298 2.0839807653672418e-05 2.0019396115500561e-06 -7.8278470542598719e-06 1.9662413350097608e-05 9.8326006942493977e-07 -4.2773276571040474e-06 -8.5444193639147662e-05
leaf_weight=22 24 35 533 32 27 21 21 21 25 33 21 22 24 22 21 46 22 20 20 21 38 20 22 22 34 22 79 247 75 38
leaf_count=22 24 35 533 32 27 21 21 21 25 33 21 22 24 22 21 46 22 20 20 21 38 20 22 22 34 22 79 247 75 38
internal_value=0.000276074 0.000466999 0.000270528 -0.00740741 0.000543837 0.000369128 0.00052757 0.000280112 -0.0046748 0 0.000747126 -0.00616883 0.00118078 0.00595238 0.000531915 0.00702247 0.00833333 0.00914634 -5.04032e-05 0.00569307 0.0028481 0.00914634 -0.012234 -0.000581395 -0.000892857 -0.00639535 0.000205761 0.00205736 0.00015528 -0.00109457
internal_weight=1630 1606 1571 54 1517 1490 1469 1428 123 76 1305 77 1228 147 1081 89 123 41 992 101 79 41 47 43 56 43 972 401 322 571
internal_count=1630 1606 1571 54 1517 1490 1469 1428 123 76 1305 77 1228 147 1081 89 123 41 992 101 79 41 47 43 56 43 972 401 322 571
is_linear=0
shrinkage=0.05


Tree=91
num_leaves=31
num_cat=0
split_feature=15 24 17 40 28 15 15 24 21 17 28 20 24 19 4 21 40 1 3 13 5 5 34 32 3 22 5 40 38 11
split_gain=1.13155 1.46816 2.08136 2.15817 1.60265 1.58009 2.44037 1.87052 1.56806 1.50965 1.52943 1.34173 1.6229 3.04666 1.99798 1.94023 1.73346 1.60938 2.87006 1.78145 2.06223 1.9417 1.84808 1.76179 1.43254 1.39652 1.28533 1.27702 1.22848 1.2111
threshold=0.0069104671320194613 2423.6421371000006 0.0060150023081921048 149.56467093859831 -1470.8646190015204 0.0049953354520713414 0.0040017946346400371 2338.9964936000006 7.8749999999927249 0.0060566748080658588 366.92491995196912 275.62999999999744 3156.6846061000001 1130.9250000000031 1953.5987500000003 263.48500000000064 -7.1214532469602991 109314.79500000003 113042.23500000002 0.027075713404562187 0.0027773660700025344 0.0092051183950079465 109277.78782737427 -368.91522390178574 83353.655000000013 2823.38420825 0.00066390125300333719 -351.22333992778289 30.024376313759912 0.0051938221975621228
decision_type=2 2 2 2 2 2 2 2 2 2 2 2 2 2 2 2 2 2 2 2 2 2 2 2 2 2 2 2 2 2
left_child=1 5 3 -3 -4 6 9 29 -6 10 26 17 14 16 -13 -16 -14 19 -19 20 22 -22 27 -20 -15 -25 -1 28 -2 -7
right_child=11 2 4 -5 8 7 -8 -9 -10 -11 -12 12 13 24 15 -17 -18 18 23 -21 21 -23 -24 25 -26 -27 -28 -29 -30 -31
leaf_value=1.501641180126687e-05 8.2972946696021686e-06 -7.2050518281729212e-07 0.00011080454310906463 -2.1233765151725459e-05 7.5929634988554736e-05 9.707204007362424e-06 -1.0376899881087745e-05 0.00017193923539855134 -3.733719753668788e-07 5.7884220394329458e-05 -4.8754653957446532e-05 -1.5915465761984129e-06 0.00014561196590896666 0.00015619375227322795 7.0532605477420585e-06 1.8679292682592729e-05 -3.6678391155062093e-06 -2.1919299303868082e-05 1.4468712205416779e-06 3.8576936989918324e-05 -6.5330316032969217e-05 2.7560260513751943e-07 2.1522412260091985e-05 -2.9097359737443003e-05 -8.7619740143241173e-06 1.6702618948640854e-06 -1.6909049776987379e-06 2.09048432323721e-06 -6.2051453397680531e-05 2.8130421742896158e-07
leaf_weight=38 23 32 41 20 24 54 46 20 441 20 22 32 27 24 59 63 23 63 28 40 45 32 25 25 144 22 21 91 32 53
leaf_count=38 23 32 41 20 24 54 46 20 441 20 22 32 27 24 59 63 23 63 28 40 45 32 25 25 144 22 21 91 32 53
internal_value=9.20245e-05 0.00138221 -8.96057e-05 -0.00961538 0.000889328 0.00437956 0.00085034 0.00846457 5.37634e-05 0.00519802 0.00216049 -0.00125313 0.00094086 -0.00183486 0.00487013 0.00778689 0.009 -0.00316901 -0.0076087 -0.00104167 -0.00262097 -0.00941558 0.000438596 -0.001 -0.00505952 -0.00691489 0.00635593 -0.00171233 -0.00772727 0.00584112
internal_weight=1630 832 558 52 506 274 147 127 465 101 81 798 372 218 154 122 50 426 138 288 248 77 171 75 168 47 59 146 55 107
internal_count=1630 832 558 52 506 274 147 127 465 101 81 798 372 218 154 122 50 426 138 288 248 77 171 75 168 47 59 146 55 107
is_linear=0
shrinkage=0.05


Tree=92
num_leaves=31
num_cat=0
split_feature=15 20 16 22 32 15 28 16 39 16 22 39 22 2 0 36 3 16 5 4 23 39 20 21 36 32 25 25 21 16
split_gain=1.31594 1.32247 2.05991 1.56908 2.11244 1.41153 1.49132 1.41142 1.74672 1.40208 1.2754 2.18684 1.86218 1.55803 2.46135 1.58439 2.60905 1.5742 2.24796 2.18786 1.94288 1.35483 1.30194 1.63581 1.26263 1.45455 1.23759 1.27454 1.21212 1.19839
threshold=0.0069554862915318649 444.61499999999802 0.0082587220828120814 6124.0686972500007 1275.5492787635014 0.010381549303345202 -724.93870972785214 0.007063339820031809 2107.0921428571442 0.0065552441490760319 2057.7318825000007 723.35571428571461 1392.1248095000003 91906.705000000016 94571.885000000024 -5201.0113563937912 84630.685000000012 0.0069329428288660254 -0.0010159410057638384 2654.5384100000006 -0.46724383788434581 1006.9696428571439 148.23500000000061 116.56000000000496 -171.03053184910092 -1063.3219567029735 0.72456712365443054 0.18464499686829602 278.44499999999977 0.0048607752315591455
decision_type=2 2 2 2 2 2 2 2 2 2 2 2 2 2 2 2 2 2 2 2 2 2 2 2 2 2 2 2 2 2
left_child=10 7 -3 4 5 -4 -7 9 -9 -2 12 -12 -1 15 -15 -13 -17 19 -19 20 29 -20 23 -14 25 -23 27 -21 -26 -16
right_child=1 2 3 -5 -6 6 -8 8 -10 -11 11 13 22 14 17 16 -18 18 21 26 -22 24 -24 -25 28 -27 -28 -29 -30 -31
leaf_value=-3.6928910431711232e-06 -2.0012178321453656e-06 2.3209449407433872e-05 -0.00012062846204871783 8.3101950511627404e-05 1.9906339779320547e-06 3.4126319769420515e-07 -3.8548720788455097e-05 -2.5153562988129216e-07 -6.8502711640571574e-05 -3.9661988086239162e-06 -2.2838970690074538e-05 9.2443412118517164e-06 8.4139544272581087e-07 5.9030581559624482e-05 8.0048116700088991e-06 6.4380937348440095e-05 -9.0796894115814796e-05 3.6939987028041032e-05 5.5719512025404361e-05 -6.01853906163729e-06 9.3227950348196182e-06 -9.1725924009720656e-06 2.6204618443283182e-06 2.125449223267295e-05 -7.641951679663286e-05 2.5699572982902582e-05 -2.3696712152276086e-06 -4.4251718386698633e-05 4.8199880701557325e-07 -1.587543785183318e-06
leaf_weight=42 92 68 21 28 42 34 21 397 24 59 27 23 26 28 20 26 34 60 20 26 65 22 86 47 33 22 46 32 22 137
leaf_count=42 92 68 21 28 42 34 21 397 24 59 27 23 26 28 20 26 34 60 20 26 65 22 86 47 33 22 46 32 22 137
internal_value=-0.000245399 -0.00171756 0.00163551 -0.00171233 -0.00423729 -0.00921053 -0.005 -0.00297203 -0.00148456 -0.00711921 0.00112559 3.88802e-05 0.00460199 0.000649351 0.00164165 -0.00572289 -0.01 0.000841584 0.00460894 -0.00122699 0.00157658 0.000630252 0.00707547 0.0119863 -0.00176768 0.00454545 -0.00721154 -0.012069 -0.00681818 -0.00143312
internal_weight=1630 786 214 146 118 76 55 572 421 151 844 643 201 616 533 83 60 505 179 326 222 119 159 73 99 44 104 58 55 157
internal_count=1630 786 214 146 118 76 55 572 421 151 844 643 201 616 533 83 60 505 179 326 222 119 159 73 99 44 104 58 55 157
is_linear=0
shrinkage=0.05


Tree=93
num_leaves=31
num_cat=0
split_feature=15 20 39 31 19 16 25 21 39 15 23 9 7 18 38 21 24 18 5 28 28 9 17 5 19 19 36 9 4 16
split_gain=1.33146 1.14992 1.5474 1.53064 1.51235 1.54473 1.99668 1.85268 1.43578 1.38786 1.32679 1.32491 1.73168 1.45344 1.26201 1.22664 1.20644 1.18207 2.15436 2.08363 1.87224 1.14885 1.12947 1.56923 1.67739 2.1417 1.99876 1.44761 1.74308 1.36186
threshold=0.007219882114495973 434.76000000000209 1251.8274999999996 99227.463700000008 515.87500000000011 0.007063339820031809 -0.86455212914475865 305.93499999999773 2107.0921428571442 0.007746394910327351 0.71519739459066234 0.023826312112482092 0.013547803828869024 429.0800000000018 26.881749704913421 154.30000000000294 3430.9842370000006 -668.22500000000571 -0.014124579776368815 -1240.9919775571541 -374.66393771459838 -0.0010827717730316855 0.0079791392912752519 -0.0067178215382543973 1098.6750000000031 1427.8350000000066 2397.6103476530411 -0.010501390837196367 3292.3134100000002 0.0048607752315591455
decision_type=2 2 2 2 2 2 2 2 2 2 2 2 2 2 2 2 2 2 2 2 2 2 2 2 2 2 2 2 2 2
left_child=22 4 3 -3 -2 7 -7 15 9 -8 -9 12 13 14 -11 -6 -15 18 -16 -19 -21 -22 27 -24 26 -26 29 28 -1 -25
right_child=1 2 -4 -5 5 6 8 10 -10 11 -12 -13 -14 16 17 -17 -18 19 -20 20 21 -23 23 24 25 -27 -28 -29 -30 -31
leaf_value=7.1102241844050182e-05 6.2517283754310372e-06 0.00010304462535284709 -4.9550323333915616e-07 1.989818588627422e-08 -1.2450316317199252e-05 -0.0001410946743873052 -8.5933824588564184e-06 1.6935901381681599e-05 -6.5077576058543003e-05 -1.0266375341397489e-05 -5.0691671319376028e-06 -1.6538823495493509e-05 8.7481117458787039e-05 3.7802275231999242e-06 -7.5595063434438936e-06 -8.3920392254391643e-05 -5.4152733620586635e-05 8.8365753737513401e-05 4.0265976790369538e-05 -3.5376476402000106e-05 1.7972854243115542e-05 -5.8611201678030047e-06 -5.1486420074396798e-05 4.56697198828793e-05 9.0055323835922248e-05 -1.9623555914809018e-07 -8.1947124272018952e-05 6.6535879632619254e-07 1.4459611331481943e-06 -3.2417127192763253e-06
leaf_weight=36 36 20 169 23 37 20 36 23 22 24 20 29 24 26 20 34 22 29 31 34 32 27 26 21 26 38 24 602 33 86
leaf_count=36 36 20 169 23 37 20 36 23 22 24 20 29 24 26 20 34 22 29 31 34 32 27 26 21 26 38 24 602 33 86
internal_value=-0.000122699 -0.00169377 0.00141509 0.00988372 -0.00294677 -0.00367347 -0.00212766 -0.00877193 -0.00126404 -0.000449102 -0.000581395 0.000671141 0.0017658 0.000510204 0.00241117 -0.0137324 -0.00729167 0.00390173 0.0102941 0.00122951 -0.00241935 0.0029661 0.00117713 -0.00192308 -0.000384615 0.00625 -0.00362595 0.00219821 0.00905797 -0.000700935
internal_weight=1630 738 212 43 526 490 376 114 356 334 43 298 269 245 197 71 48 173 51 122 93 59 892 221 195 64 131 671 69 107
internal_count=1630 738 212 43 526 490 376 114 356 334 43 298 269 245 197 71 48 173 51 122 93 59 892 221 195 64 131 671 69 107
is_linear=0
shrinkage=0.05


Tree=94
num_leaves=31
num_cat=0
split_feature=24 19 13 28 16 4 9 22 18 15 22 22 41 19 41 18 23 7 19 41 23 7 19 4 17 24 23 23 15 4
split_gain=1.41701 1.6397 1.8546 1.79502 1.74056 1.52625 1.33824 1.30625 1.71553 1.64102 2.14724 1.73654 1.66451 2.14476 1.55297 1.51188 1.50693 1.49505 1.6 1.47684 1.4336 1.38001 1.36143 1.36111 1.36059 1.28311 1.27994 1.74104 1.47368 1.41538
threshold=2890.1115249400004 646.77999999999895 0.0020217477450140972 555.44493125281599 0.0057282484247331645 1215.0950000000003 -0.006033118045212971 2679.0811960000005 -230.59999999999852 0.0075259545105540518 3549.7018487500004 3740.7478835000002 468.21266611992786 1392.9749999999988 -1726.9224821160985 485.18499999999773 -0.29687350442687938 0.0056206954257540225 1257.9300000000005 -1406.4887387586043 -0.64163351868003182 0.0065514209543734679 973.90999999999633 4041.7586350000006 0.011699681876483363 2846.1125092000002 0.50680384387372313 -0.27377301667517329 0.0076968227334571126 1564.2009100000002
decision_type=2 2 2 2 2 2 2 2 2 2 2 2 2 2 2 2 2 2 2 2 2 2 2 2 2 2 2 2 2 2
left_child=6 2 5 -4 -3 -2 25 8 -6 12 16 23 17 20 -13 19 -11 22 -19 -16 -14 -21 -9 -12 -17 26 27 29 -28 -1
right_child=1 4 3 -5 7 -7 -8 9 -10 10 11 14 13 -15 15 24 -18 18 -20 21 -22 -23 -24 -25 -26 -27 28 -29 -30 -31
leaf_value=-4.2911361507344542e-06 -1.82207645657641e-06 -2.7192365147190137e-05 -3.2604055983014267e-05 6.4833102258792875e-06 8.0711514073545092e-05 2.2760552288782645e-05 1.2541284905676605e-06 3.6773570057439223e-06 -3.6058032322288998e-06 -4.9554275591288512e-05 9.3266129799076148e-05 1.8481527209475957e-05 -2.5815922593415519e-05 -9.6455872849220809e-05 -0.00011851251883237282 -5.9961568419588027e-05 -6.1196208321153752e-06 -2.3830376382757925e-05 4.4698030296588077e-06 -2.415952922280414e-06 0.00011732120903524225 0.00016029003912090514 9.730420931127605e-05 -6.9827402301916892e-06 -1.3626081904178191e-06 5.5088986309642532e-06 8.5526718984118611e-06 -4.5287581825477292e-05 -4.3848361961866813e-06 2.02624076066281e-05
leaf_weight=26 24 56 22 26 20 39 616 29 37 33 25 43 26 32 26 36 77 20 20 104 25 24 48 20 22 22 36 55 21 20
leaf_count=26 24 56 22 26 20 39 616 29 37 33 25 43 26 32 26 36 77 20 20 104 25 24 48 20 22 22 36 55 21 20
internal_value=6.13497e-05 -0.0013789 0.00427928 -0.003125 -0.00224758 0.00992063 0.00157035 -0.00153673 0.00570175 -0.00221311 -0.00402439 -0.00183333 0.0015 -0.00391566 -0.00343137 -0.00518868 -0.01 0.00534188 -0.0025 -0.0025974 0.00245098 -0.000390625 0.00941558 0.00722222 -0.012069 -0.00222222 -0.00379747 -0.00717822 0.00219298 0
internal_weight=1630 834 111 48 723 63 796 667 57 610 410 300 200 83 255 212 110 117 40 154 51 128 77 45 58 180 158 101 57 46
internal_count=1630 834 111 48 723 63 796 667 57 610 410 300 200 83 255 212 110 117 40 154 51 128 77 45 58 180 158 101 57 46
is_linear=0
shrinkage=0.05


Tree=95
num_leaves=31
num_cat=0
split_feature=24 18 41 21 34 25 36 36 23 24 40 13 40 7 9 31 7 40 20 39 9 25 19 25 19 36 7 9 18 4
split_gain=1.53455 1.41622 2.17772 2.38215 1.54661 2.28738 1.7465 2.26939 1.54405 1.41377 1.35444 2.04004 1.86066 1.46041 2.34104 2.00168 1.43312 1.91813 1.31647 1.30914 1.35364 1.3163 2.17026 1.30445 1.63577 1.60147 1.48406 1.36612 1.26028 2.47348
threshold=2908.4310749000001 603.34000000001117 -608.6934290748319 220.64999999999421 111192.23509101974 -0.73859782818817366 -5519.0438587008239 1981.0530099226892 0.31433644249539738 2956.4949846600007 -1044.3527077456017 -0.031221392255850852 -1526.8468932117682 0.0087853229395976808 0.0020126107596774496 105528.62590000001 0.0013619076043429902 477.09350741157692 71.429999999993029 1487.688571428572 -0.006033118045212971 1.384088586048861 1726.884999999995 -0.84021847824686446 546.52500000000157 1583.3958334781566 0.0034205017336032886 0.0051970978240853316 327.25999999999482 2122.2507400000004
decision_type=2 2 2 2 2 2 2 2 2 2 2 2 2 2 2 2 2 2 2 2 2 2 2 2 2 2 2 2 2 2
left_child=19 4 -3 -4 9 -6 -7 -8 -5 -2 12 -12 -11 14 15 18 -16 -18 -13 20 21 22 -1 24 25 -22 27 -25 29 -28
right_child=1 2 3 8 5 6 7 -9 -10 10 11 13 -14 -15 16 -17 17 -19 -20 -21 23 -23 -24 26 -26 -27 28 -29 -30 -31
leaf_value=-1.1894758381280348e-06 -2.4557439535274024e-05 3.6553487214394089e-06 -7.2370143193996997e-05 3.6356597809105253e-05 1.6920935795129646e-05 3.9561134569696121e-05 -6.6086109834505318e-05 1.0183005600621814e-05 -1.5811072804893013e-05 -5.7510116099734464e-07 5.0733554123488079e-05 3.1666274974026077e-05 -0.00014680648947758141 4.4098893078562387e-05 -1.9568537792027327e-06 -2.3419199790393502e-05 -5.6007068941555113e-06 -0.00021075770046297853 2.0666348484690983e-06 7.7281087490121533e-06 1.1061747698967832e-05 8.9137598831848306e-06 -7.5819400032094649e-05 1.7083525836639653e-06 -3.5076783443408693e-05 -1.8286728562681492e-06 -1.0440262785930467e-05 5.1359815396762928e-06 1.7525808319567375e-06 5.0818676551514441e-06
leaf_weight=130 20 50 59 27 32 32 69 33 30 46 31 25 31 47 34 35 24 29 156 38 40 28 20 205 39 45 49 45 143 38
leaf_count=130 20 50 59 27 32 32 69 33 30 46 31 25 31 47 34 35 24 29 156 38 40 28 20 205 39 45 49 45 143 38
internal_value=-6.13497e-05 -0.00160494 -0.00572289 -0.00948276 -0.000543478 0.00361446 0.000746269 -0.00245098 -0.00219298 -0.00198745 -0.00141921 -0.00019685 -0.00746753 -0.00128571 -0.00255776 0.000231481 -0.00948276 -0.0146226 0.00234807 0.00146341 0.00102302 -0.00280899 -0.00466667 0.00215232 -0.00241935 0.00147059 0.00333333 0.006 0.000434783 -0.00431034
internal_weight=1630 810 166 116 644 166 134 102 57 478 458 381 77 350 303 216 87 53 181 820 782 178 150 604 124 85 480 250 230 87
internal_count=1630 810 166 116 644 166 134 102 57 478 458 381 77 350 303 216 87 53 181 820 782 178 150 604 124 85 480 250 230 87
is_linear=0
shrinkage=0.05


Tree=96
num_leaves=31
num_cat=0
split_feature=22 39 1 36 9 22 36 3 4 7 19 22 32 35 35 41 25 15 35 21 5 7 9 35 35 25 9 17 7 19
split_gain=1.46572 1.79 1.33655 1.5285 1.26218 1.62117 1.20004 1.40007 1.32379 1.225 1.225 1.2 1.19458 1.07991 1.1141 1.88413 1.91739 1.72857 1.30612 1.06293 1.05 1.03328 1.37528 0.917661 0.917397 0.9 0.897265 1.71796 2.30104 0.867028
threshold=2057.7318825000007 733.97357142857129 84767.195000000022 -2498.7402660851508 -0.0042552126065439101 1959.3065312500005 2440.5464777372549 114350.00500000002 1321.7317300000002 0.0006839710167229915 1130.9250000000031 4579.4948970000014 -1308.0091578666322 117246.14825000001 115544.98822500001 -662.63481799792032 0.048886729442767736 0.007327194405703172 115021.94810000001 286.53499999999627 -0.0032326567414931299 -0.025834160313972197 -0.017953628211062167 108548.55527500002 98882.012000000002 -0.40272416960974794 -0.0095612024292716577 0.0094672683575661044 -0.0090393498885179367 2846.2449999999958
decision_type=2 2 2 2 2 2 2 2 2 2 2 2 2 2 2 2 2 2 2 2 2 2 2 2 2 2 2 2 2 2
left_child=4 -2 3 11 12 6 7 8 -6 -9 -8 -3 -1 14 18 16 17 -16 21 -17 -14 -4 23 24 -23 -7 27 28 -24 -28
right_child=1 2 13 -5 5 25 10 9 -10 -11 -12 -13 20 -15 15 19 -18 -19 -20 -21 -22 22 26 -25 -26 -27 29 -29 -30 -31
leaf_value=5.0153568370693062e-06 -5.7067245214334694e-06 -4.2465656784954384e-06 5.9377197246493116e-05 -1.4340020301762238e-05 7.4995054837664484e-07 9.0080667247726027e-06 -0.00012444990755469494 6.4033678719664364e-07 2.3111939009297011e-05 -3.7327246455649919e-05 3.2315109290108912e-06 0.00018700921030112357 -0.00010189347882828695 7.7540126004377684e-06 9.2782568824243104e-07 -3.0199524565032538e-06 5.93601108861483e-05 -0.00010715724570268306 4.1097551986156425e-06 -0.00010500335584871864 6.7679899170149486e-07 -3.0957415662061704e-06 -2.1611883693766961e-06 1.0055032734765878e-06 -6.8414959914617221e-05 5.5670211266597573e-05 -5.2191592137421716e-08 -4.5880490260645004e-06 8.6732631922072133e-05 2.938935021583977e-05
leaf_weight=23 36 24 32 41 31 20 20 20 44 20 20 30 20 35 24 28 24 21 42 21 28 21 24 25 22 20 814 37 40 23
leaf_count=23 36 24 32 41 31 20 20 20 44 20 20 30 20 35 24 28 24 21 42 21 28 21 24 25 22 20 814 37 40 23
internal_value=0.000552147 -0.000109971 0.000188253 -0.00552632 0.00394737 0.00602564 0.00370968 0.00630435 0.0103333 -0.00125 -0.00375 0 -0.00176056 0.000628548 0.000375626 -0.00423729 0.00108696 -0.005 0.00087963 -0.0117347 -0.00625 0.000529865 0.000248509 -0.00661765 -0.0110465 0.015 0.000746269 0.00519802 0.0101563 0.00020908
internal_weight=1630 1364 1328 95 266 195 155 115 75 40 40 54 71 1233 1198 118 69 45 1080 49 48 1038 1006 68 43 40 938 101 64 837
internal_count=1630 1364 1328 95 266 195 155 115 75 40 40 54 71 1233 1198 118 69 45 1080 49 48 1038 1006 68 43 40 938 101 64 837
is_linear=0
shrinkage=0.05


Tree=97
num_leaves=31
num_cat=0
split_feature=31 2 23 1 4 18 5 13 7 5 13 30 4 5 39 17 20 23 15 34 9 13 20 42 39 36 20 4 18 21
split_gain=1.18668 1.57449 1.46553 2.11074 1.66736 1.51023 1.40816 1.4232 1.37429 1.35185 1.72857 1.29966 1.42323 1.56623 1.81616 3.15181 2.23725 2.48397 1.7561 2.1856 1.72961 1.73581 2.11916 1.46823 1.3038 1.25492 1.66296 1.68107 1.68848 1.57997
threshold=103719.63210000003 101552.50000000001 -0.16445221147611033 104012.02500000001 4270.4067750000004 1271.6949999999927 0.0074048769053517436 -0.013080236794023653 -0.020502832925160298 -0.0041172131681360136 0.0062123424407436829 104552.92991948662 7664.8017450000007 -0.0010159410057638384 954.56142857142663 0.0062474051203437004 193.31000000000498 -0.68384168085833041 0.007746394910327351 112367.01139295833 -0.011554908227285998 -0.022163068593065442 260.39500000000413 -87.553402241059175 643.0899999999998 2138.9625174204489 197.87999999999741 1349.0044100000002 299.75000000000006 308.435000000005
decision_type=2 2 2 2 2 2 2 2 2 2 2 2 2 2 2 2 2 2 2 2 2 2 2 2 2 2 2 2 2 2
left_child=2 -2 -1 4 9 6 7 8 -6 -4 -11 -3 13 14 24 23 17 -17 -19 -20 -15 22 -22 -16 -13 26 27 28 -23 -27
right_child=1 11 3 -5 5 -7 -8 -9 -10 10 -12 12 -14 20 15 16 -18 18 19 -21 21 25 -24 -25 -26 29 -28 -29 -30 -31
leaf_value=-3.9104317328622238e-06 3.6292153906262318e-05 1.5769510173452967e-05 -1.614753014161219e-06 -0.00012760880437003437 9.0791959093381765e-07 1.2551859091776452e-05 -9.8902021247212698e-05 4.4821079803782955e-06 -5.4672350211581158e-05 0.00013313495343618022 2.0990782103492284e-05 -2.313344159983779e-07 -2.1668557149462819e-05 -2.019390393321396e-05 5.53672383494532e-07 3.0849703910411332e-05 5.3613426360622475e-06 -2.7987906870301498e-05 -4.1559030556752163e-05 6.6956089818746151e-06 -5.6180097452941571e-05 1.382905102931413e-05 4.6235231393598561e-06 -6.1056801385715689e-06 1.3917997146636668e-05 -6.1431305849552123e-06 -7.0583121287134726e-07 2.0960171144495951e-05 -7.2341778485728825e-06 2.0973931095317253e-06
leaf_weight=314 26 24 26 27 27 22 20 53 22 35 35 23 30 31 20 32 121 41 20 21 34 48 25 41 76 148 125 58 20 85
leaf_count=314 26 24 26 27 27 22 20 53 22 35 35 23 30 31 20 32 121 41 20 21 34 48 25 41 76 148 125 58 20 85
internal_value=0.000306748 0.00131077 -0.00150602 0.00121723 0.00270833 -0.000694444 -0.00286885 -0.000490196 -0.00663265 0.0078125 0.0114286 0.00100196 0.000725726 0.00105779 0.00348101 0.00152027 0.00414894 -0.000877193 -0.0054878 0.00182927 -0.000609756 4.60405e-05 -0.00805085 -0.00860656 0.00934343 0.00103306 0.00348606 0.00753968 0.00220588 -0.00160944
internal_weight=1630 1049 581 267 240 144 122 102 49 96 70 1023 999 969 395 296 235 114 82 41 574 543 59 61 99 484 251 126 68 233
internal_count=1630 1049 581 267 240 144 122 102 49 96 70 1023 999 969 395 296 235 114 82 41 574 543 59 61 99 484 251 126 68 233
is_linear=0
shrinkage=0.05


Tree=98
num_leaves=31
num_cat=0
split_feature=17 36 21 36 41 42 20 41 5 15 4 11 20 5 25 20 7 9 41 17 7 19 38 13 38 30 16 23 20 42
split_gain=1.48797 1.69587 2.22878 1.63705 1.36847 1.55571 1.22191 2.2448 1.96144 1.60225 1.87081 2.11177 1.75292 1.57915 1.51744 1.41741 1.28687 2.23981 1.67862 1.61413 1.46506 1.93739 1.15888 1.43874 1.68802 2.12446 1.63333 1.56385 1.4452 1.35281
threshold=0.0098037167343470264 -5385.027033090525 346.69000000000239 -3296.5698210983023 -909.78813907691517 -14.324624589912942 357.14500000000413 1041.1392424318167 -0.0060460158144395202 0.0077790357753389607 4091.6327000000006 1.0000000180025095e-35 429.4749999999986 0.00064205261847582768 1.1580579837489229 330.58499999999918 0.0051229370013534696 0.0051970978240853316 -303.32577809021558 0.0065616103400880652 0.0093233035495679118 1328.1350000000023 77.556135486145948 -0.0013844012239382978 32.186647843993747 106514.23276660063 0.0055803248373161897 0.055090383717933573 46.674999999995642 -167.02675055741022
decision_type=2 2 2 2 2 2 2 2 2 2 2 2 2 2 2 2 2 2 2 2 2 2 2 2 2 2 2 2 2 2
left_child=1 2 -1 4 -3 -6 15 8 -8 10 11 -10 -13 -9 -11 16 17 22 -18 -19 -20 -22 23 24 26 -26 -5 29 -25 -27
right_child=-2 3 -4 6 5 -7 7 13 9 14 -12 12 -14 -15 -16 -17 18 19 20 -21 21 -23 -24 28 25 27 -28 -29 -30 -31
leaf_value=7.3458606668821726e-06 -3.9483993855498107e-06 5.2259500123682518e-06 4.1250171281597026e-05 3.4992871557574412e-06 -2.2456244447104167e-05 3.2232171159684639e-06 -2.318695719928368e-05 3.2432259792061553e-07 1.1322369583096682e-05 7.9350163229250555e-05 8.2153608858518386e-06 1.6405002597643066e-06 -3.8239737541725715e-05 -6.6129353636766656e-05 6.304410647703374e-06 -3.5942067445138141e-06 3.4297986518398307e-06 2.1873893456947219e-05 -3.096089531840435e-05 2.9412896134402073e-06 1.9303789300693355e-05 -1.1984568664323522e-05 3.3277961524381478e-05 2.8307501957619717e-06 4.3724727215874999e-05 5.3519008778235937e-05 -5.7738307300593367e-05 -1.106902291367341e-05 -5.812516990742165e-06 2.6615337957085564e-07
leaf_weight=40 360 34 28 20 50 20 23 33 47 37 32 21 47 24 25 23 57 35 85 36 42 39 20 42 65 27 40 28 200 50
leaf_count=40 360 34 28 20 50 20 23 33 47 37 32 21 47 24 25 23 57 35 85 36 42 39 20 42 65 27 40 28 200 50
internal_value=0.000337423 0.00114173 0.00882353 0.000707155 -0.00528846 -0.00928571 0.00127505 0.00406574 0.00625 0.00777512 0.00493197 0.00195652 -0.00367647 -0.00482456 0.0145161 0.000278121 0.000636132 0.00190941 -0.00257848 0.0102113 -0.00512048 -0.000308642 0.000711382 0.000211864 0.00304348 0.00558824 -0.00416667 0.00119048 -0.00247934 0.00487013
internal_weight=1630 1270 68 1202 104 70 1098 289 232 209 147 115 68 57 62 809 786 563 223 71 166 81 492 472 230 170 60 105 242 77
internal_count=1630 1270 68 1202 104 70 1098 289 232 209 147 115 68 57 62 809 786 563 223 71 166 81 492 472 230 170 60 105 242 77
is_linear=0
shrinkage=0.05


Tree=99
num_leaves=31
num_cat=0
split_feature=24 24 40 7 5 19 25 23 16 20 15 3 24 21 19 42 25 25 11 23 9 25 19 4 19 15 0 38 24 28
split_gain=1.24068 2.18706 1.73595 1.2149 1.9745 1.14326 1.09883 1.96516 2.36627 1.9049 1.53038 1.67397 1.18822 1.89977 1.47906 1.5735 1.53487 1.6768 1.31197 1.2913 1.21802 1.52381 1.09125 2.26448 2.02855 1.24644 1.625 1.05457 1.94552 2.31066
threshold=2908.4310749000001 2849.6564062000002 49.788488319951291 -0.018541385234596378 -0.0097668486606253564 981.06500000000244 0.93367406025732247 0.045603753386343607 0.0056548657292724456 275.62999999999744 0.0087983806338826978 92676.375000000015 3024.9525588000001 105.13499999999478 698.67499999999575 -172.02445893206504 -0.11509943988070766 -0.25758006255079186 0.014794851696641619 -1.1056952832133364 -0.00092824299454110889 -0.79738506466801973 1014.0750000000045 2208.2900150000005 848.14999999999429 0.0070120374106433731 95750.260000000024 47.873893610394688 3156.6846061000001 -2282.5837582911549
decision_type=2 2 2 2 2 2 2 2 2 2 2 2 2 2 2 2 2 2 2 2 2 2 2 2 2 2 2 2 2 2
left_child=1 3 5 -1 -5 -3 7 12 -9 -8 -11 -12 13 -2 19 -16 17 22 -18 -14 -21 -22 23 24 -17 -24 -27 28 -10 -30
right_child=6 2 -4 4 -6 -7 9 8 27 10 11 -13 14 -15 15 16 18 -19 -20 20 21 -23 25 -25 -26 26 -28 -29 29 -31
leaf_value=8.6134691973200283e-06 2.0144152829886593e-06 -4.3739646868727251e-06 1.7164023542979212e-05 -7.6252704725981836e-05 5.7401043583470066e-07 3.8996643152565565e-06 -5.8629345763916282e-05 -3.5789763483923001e-05 9.1426823276848524e-05 3.8472345370667949e-06 1.0599435806646438e-06 -9.7546947976454352e-05 -1.0004012486080965e-05 -7.9368236134900577e-06 2.6257417934055924e-06 0.00012655354779697779 5.3929485578795577e-06 -0.00010793660165629114 -2.7528149575350056e-05 3.6434064603455429e-05 1.4586117432659116e-05 -6.2672967571803012e-06 5.7304730433918266e-06 -0.00014146653606160749 -9.3682847966450368e-06 2.0148629460538825e-05 -2.592314873796455e-05 3.4479058583555961e-05 0.00010678006366868747 -4.9406803390164935e-05
leaf_weight=23 21 26 31 23 689 28 36 22 20 29 25 29 28 40 98 22 25 21 21 39 21 21 24 38 26 40 25 86 22 31
leaf_count=23 21 26 31 23 689 28 36 22 20 29 25 29 28 40 98 22 25 21 21 39 21 21 24 38 26 40 25 86 22 31
internal_value=0.000153374 0.00152439 0.00911765 0.000646259 0.000280899 0.0037037 -0.00123457 -0.000470333 0.00400552 -0.00567227 -0.00150602 -0.00648148 -0.00205882 -0.00860656 -0.00116927 -0.00279412 -0.00495868 -0.00688776 0.00326087 0.00389908 0.00709877 0.00119048 -0.00528571 -0.00930233 -0.00208333 -0.00140449 -0.005 0.00613208 0.00171233 -0.00330189
internal_weight=1630 820 85 735 712 54 810 691 181 119 83 54 510 61 449 340 242 196 46 109 81 42 175 86 48 89 65 159 73 53
internal_count=1630 820 85 735 712 54 810 691 181 119 83 54 510 61 449 340 242 196 46 109 81 42 175 86 48 89 65 159 73 53
is_linear=0
shrinkage=0.05


Tree=100
num_leaves=31
num_cat=0
split_feature=17 25 1 2 4 9 20 17 20 19 19 15 11 41 38 30 21 13 42 20 25 25 30 23 18 11 16 23 11 34
split_gain=1.29953 1.42214 2.33384 1.84523 1.48852 2.63873 2.23132 1.76198 1.86315 1.29741 1.35654 1.48761 1.46679 1.63289 2.67877 1.74189 1.54787 1.38563 1.2822 1.39206 1.87873 1.83203 1.6655 1.54603 2.13006 2.23935 1.95195 1.77778 1.71429 1.45368
threshold=0.0098037167343470264 -0.32542177957853341 104012.02500000001 103764.20000000003 1909.0098300000002 -0.010263038049235295 49.795000000005537 0.0069457173720683472 169.33499999999916 981.06500000000244 721.71499999999662 0.0069554862915318649 0.015579307223828725 241.47469646280788 44.361260704702453 107670.38857886393 118.25000000000729 -0.0018543562892121008 -442.44834141364385 34.970000000001171 0.15153621923891614 0.228020286805278 116910.27451778074 0.069016384003273187 -195.01000000000928 -0.011701557676300694 0.0058546320285841518 0.65832233840270904 0.02053838755234106 114500.69715691106
decision_type=2 2 2 2 2 2 2 2 2 2 2 2 2 2 2 2 2 2 2 2 2 2 2 2 2 2 2 2 2 2
left_child=1 4 -3 -4 6 -6 -1 -7 -9 10 12 17 13 14 16 -15 -8 -12 -5 21 22 -20 29 -22 -25 -26 -27 -28 -29 -21
right_child=-2 2 3 18 5 7 9 8 -10 -11 11 -13 -14 15 -16 -17 -18 -19 19 20 23 -23 -24 24 25 26 27 28 -30 -31
leaf_value=5.9797008477930057e-06 -2.9832273722735297e-06 2.6699572223834478e-05 -7.7873360444053678e-05 -1.3621524090050672e-05 0.00013141316531212934 -5.5089559307563338e-05 -9.045641450828115e-06 -2.7322207351220311e-05 1.123470090685821e-06 2.7358281810334338e-06 2.1442065391720729e-06 -4.5149286607184299e-05 3.0540942601544645e-05 -1.4374665685046003e-05 1.1112640865655275e-05 1.4525126293673777e-06 4.0083066020426628e-06 -4.7706614135546224e-06 -0.00010083598644339969 6.8463804487447906e-06 -4.9120943236495119e-05 3.5648567833850468e-06 1.0727550582150122e-05 3.6016760872256737e-06 -0.00011939493470386681 -4.3492153116400536e-05 3.767216504393448e-05 5.0692290090980832e-06 -5.2563052715184043e-05 -1.6408183993780833e-06
leaf_weight=83 360 147 36 34 23 28 28 29 43 47 26 26 23 52 78 42 36 38 22 102 20 20 41 93 20 39 24 27 21 22
leaf_count=83 360 147 36 34 23 28 28 29 43 47 26 26 23 52 78 42 36 38 22 102 20 20 41 93 20 39 24 27 21 22
internal_value=0.000429448 0.0011811 0.00276946 0.00119962 -0.000581395 -0.0054878 0.000678497 -0.009 -0.00486111 -0.000883838 -0.0019341 -0.00722222 -9.65251e-05 -0.00127119 0.00211268 -0.00638298 -0.00546875 -0.003125 0.00201031 0.00271619 0.00360636 -0.00595238 0.00772727 0.000819672 0.00200893 -0.00209924 0.000675676 0.00555556 0 0.00483871
internal_weight=1630 1270 668 521 602 123 479 100 72 396 349 90 259 236 142 94 64 64 485 451 409 42 165 244 224 131 111 72 48 124
internal_count=1630 1270 668 521 602 123 479 100 72 396 349 90 259 236 142 94 64 64 485 451 409 42 165 244 224 131 111 72 48 124
is_linear=0
shrinkage=0.05


Tree=101
num_leaves=31
num_cat=0
split_feature=17 36 34 17 36 21 20 5 22 9 32 24 25 39 21 17 16 21 21 11 0 21 9 7 40 20 11 25 23 19
split_gain=1.25025 1.64141 2.33366 1.73225 1.65385 1.60174 1.30588 1.51985 1.48348 1.34555 1.28421 1.76508 1.46128 1.8499 2.21899 1.59222 1.33371 1.26705 1.26699 1.23136 1.1873 1.15223 2.70559 2.04901 1.64571 1.40922 1.71697 1.45978 1.14944 1.13174
threshold=0.010113130778005025 -2498.7402660851508 83983.930629090421 0.010828301221551715 -3486.0992294473249 396.27000000000413 357.14500000000413 0.004586938278395584 2797.8069517500003 0.018679699246849372 4398.113283149979 3156.6846061000001 1.3226732882922827 1425.838214285714 224.11000000000061 0.0070128282704709881 0.0068260717933661301 70.694999999999723 234.93500000000498 0.019864377026891752 109959.06000000001 48.809999999997679 0.00084566564760622537 0.0053530873223151332 -20.034153597363908 108.56500000000234 0.013435855766561344 -0.10567969780639895 -0.093306205620917362 1847.4599999999994
decision_type=2 2 2 2 2 2 2 2 2 2 2 2 2 2 2 2 2 2 2 2 2 2 2 2 2 2 2 2 2 2
left_child=6 3 -3 5 17 -2 9 10 -9 19 11 12 13 14 -8 -16 -13 -5 -10 21 -18 22 24 -24 -1 26 27 -23 -21 -29
right_child=1 2 -4 4 -6 -7 7 8 18 -11 -12 16 -14 -15 15 -17 20 -19 -20 28 -22 25 23 -25 -26 -27 -28 29 -30 -31
leaf_value=-9.5755413235938612e-05 -4.3278366220942082e-05 -1.1366981229679607e-06 -5.8918706015011076e-05 0.00019737861280880707 6.3003390993876483e-05 2.4026495984613207e-07 4.2443045103912714e-06 3.3875997045765357e-05 -1.1168390552988372e-06 -2.7382291633845575e-06 -1.3558649640624384e-05 -5.330449206579225e-05 5.8942071265213849e-05 3.5653172218197181e-05 -4.6039981478436641e-05 3.6098936619612741e-06 -2.8834798232680857e-05 -2.1958767332667114e-06 5.641537425860803e-06 6.124302864596939e-07 2.6124566467376679e-06 1.3192218889953884e-06 6.2625993843966058e-05 -5.2362932668134024e-06 -3.7801433618758698e-06 -4.4310405367867898e-07 -4.131754546058051e-05 1.623324685527114e-05 3.4773761079651999e-05 -1.297159844522493e-06
leaf_weight=25 34 41 36 22 24 33 88 23 23 52 27 22 25 21 33 20 31 116 25 31 25 211 22 23 45 422 23 58 29 20
leaf_count=25 34 41 36 22 24 33 88 23 23 52 27 22 25 21 33 20 31 116 25 31 25 211 22 23 45 422 23 58 29 20
internal_value=0.000429448 -0.00245098 -0.00876623 -0.000327511 0.00246914 -0.00708955 0.00109517 0.00365014 0.0102113 0.000130073 0.00205479 0.00311321 0.00574866 0.00401235 0.00195035 -0.00613208 -0.00320513 0.000362319 0.00520833 0.000577558 0.000892857 8.83392e-05 -0.00456522 0.005 -0.0107143 0.000817439 0.00336538 0.00441176 0.0075 0.0102564
internal_weight=1630 306 77 229 162 67 1324 363 71 961 292 265 187 162 141 53 78 138 48 909 56 849 115 45 70 734 312 289 60 78
internal_count=1630 306 77 229 162 67 1324 363 71 961 292 265 187 162 141 53 78 138 48 909 56 849 115 45 70 734 312 289 60 78
is_linear=0
shrinkage=0.05


Tree=102
num_leaves=31
num_cat=0
split_feature=17 38 13 34 40 28 41 41 41 20 38 31 22 13 20 38 23 11 23 20 24 42 36 9 23 25 19 34 28 42
split_gain=1.18007 1.28105 1.48782 1.23688 1.26226 1.78968 1.65803 2.31067 1.92466 1.73146 1.59281 1.41604 1.34914 1.42948 2.17687 2.12245 2.40501 1.68524 1.71698 1.63622 1.80105 1.71164 1.68243 1.40756 1.30424 1.32847 1.16262 1.09406 1.03261 1.34562
threshold=0.010113130778005025 72.338982121444374 0.027075713404562187 116511.55595106517 170.77364669994134 1160.5741341476462 661.64703357643782 962.30273182601707 1041.1392424318167 698.25999999999487 43.704367559776053 118797.33690000001 2031.5798730000004 -0.010864943431734636 241.83000000000177 47.649100913850639 -0.80314455495027615 -0.0085123637624122169 -0.13273787206329038 46.674999999995642 2975.8964840000003 -246.46309462101519 -899.24896174908633 0.0045436720257571719 -0.51398550833857348 0.015454999134268524 2123.5650000000028 114925.40482856908 711.04201377587754 92.178128765819963
decision_type=2 2 2 2 2 2 2 2 2 2 2 2 2 2 2 2 2 2 2 2 2 2 2 2 2 2 2 2 2 2
left_child=3 2 -2 4 5 11 10 24 -9 -10 -6 12 23 14 19 17 -17 -15 -19 -14 21 -21 -23 -1 -8 -26 -12 -16 29 -18
right_child=1 -3 -4 -5 6 -7 7 8 9 -11 26 -13 13 15 27 16 28 18 -20 20 -22 22 -24 -25 25 -27 -28 -29 -30 -31
leaf_value=6.9346875418641416e-06 -2.1852735254313482e-06 -5.969309870425618e-05 3.0972054682033784e-05 -5.9160594504731064e-05 -3.2161847404787263e-05 3.8518522797424681e-06 2.424099046023393e-07 -2.7481358717390658e-05 2.8505851789760755e-06 -9.0129223528186063e-05 -1.4964814672307841e-06 1.5387020594651358e-05 3.0245437480803831e-05 5.2570799724445242e-05 6.5502124445554395e-06 -1.1999814959176719e-05 -1.327804136845947e-06 1.3193463530856423e-05 -7.3948057919325292e-05 -0.00011212604146873343 2.9517908258016064e-07 -1.3975307268688869e-05 9.665145057128917e-07 -2.7861262958184156e-06 6.0879005622608449e-05 2.2870810206071425e-06 4.337848736511701e-05 -4.343129805507983e-06 -1.2725420865468028e-05 1.5818576387949563e-05
leaf_weight=80 248 34 24 24 22 35 38 24 127 23 302 23 27 27 83 35 41 47 22 22 33 36 22 33 33 47 22 22 20 54
leaf_count=80 248 34 24 24 22 35 38 24 127 23 302 23 27 27 83 35 41 47 22 22 33 36 22 33 33 47 22 22 20 54
internal_value=0.000184049 -0.00261438 -0.00147059 0.000830816 0.00103846 0.00256798 -0.000548589 0.00222603 -0.00143678 0.000666667 -0.00289017 0.00195375 0.00149007 0.000356415 -0.00234694 0.00304878 -0.000666667 0.00885417 0.00471014 -0.00642857 -0.0090708 -0.013125 -0.00862069 0.00641593 0.00762712 0.01125 -0.00200617 0.00309524 0.00282609 0.005
internal_weight=1630 306 272 1324 1300 662 638 292 174 150 346 627 604 491 245 246 150 96 69 140 113 80 58 113 118 80 324 105 115 95
internal_count=1630 306 272 1324 1300 662 638 292 174 150 346 627 604 491 245 246 150 96 69 140 113 80 58 113 118 80 324 105 115 95
is_linear=0
shrinkage=0.05


Tree=103
num_leaves=31
num_cat=0
split_feature=24 13 41 15 22 19 13 3 4 4 7 4 22 19 25 18 9 41 40 16 16 16 31 22 39 25 16 19 22 4
split_gain=1.41662 1.63806 1.63566 1.99494 2.49182 1.35243 1.32742 1.31698 1.14818 1.14286 1.05026 0.988418 1.40152 1.08568 2.13832 1.32576 1.84091 1.66234 0.91948 1.07158 2.48932 2.03529 2.11891 1.91188 1.82669 1.82013 1.62963 1.61785 1.58337 1.55556
threshold=3269.2115639000008 0.044421510738439342 -1686.5579758615561 0.0069349191788911626 3463.7473297500005 740.82999999999458 -0.00028489975653459937 111312.87500000001 1974.2406500000002 2681.7113600000007 0.00051974963450324911 2275.7500900000005 3109.8021585750007 2825.0000000000005 0.82187084916504605 -746.84999999999843 0.015751778986271305 841.23490195034435 -1085.5185063475944 0.0063017687559768542 0.0070130318518707548 0.0073248956013079866 88358.938200000019 2640.6146767500004 988.51250000000027 -0.96228782910332022 0.0048139665552078279 1114.1800000000005 2445.0275747500004 1550.2557850000003
decision_type=2 2 2 2 2 2 2 2 2 2 2 2 2 2 2 2 2 2 2 2 2 2 2 2 2 2 2 2 2 2
left_child=1 18 9 4 6 -6 -4 8 -5 -2 -8 -10 -13 14 15 -14 17 -17 -1 25 -21 24 -23 29 -22 26 -20 -26 -27 -24
right_child=2 -3 3 7 5 -7 10 -9 11 -11 -12 12 13 -15 -16 16 -18 -19 19 20 21 22 23 -25 27 28 -28 -29 -30 -31
leaf_value=4.2858269875326629e-06 -1.836732890624364e-05 1.6015700302352378e-05 5.1728410546602231e-06 -7.9927788829119845e-05 -4.41829007888511e-06 3.0815675269675492e-05 -2.4753737249444929e-05 -0.0001412353145453201 9.5868425298619548e-05 1.1920381322070402e-05 -1.9483395426426999e-06 3.2364408750524676e-05 3.6383776231163135e-05 1.2398977505867232e-05 -0.00013601734450877705 -3.0916217975618214e-05 8.4390728641131755e-06 2.4260011436560907e-06 1.1186078941709802e-06 -2.3895001466691781e-06 8.521693094622292e-05 -3.4222414261792772e-06 -1.1954490016347824e-05 1.16060239579817e-06 -2.4238034072293161e-06 3.3261660796473372e-06 -5.8255888700270435e-05 9.5377899926226941e-05 -7.6844560607138278e-06 -1.4147256242569697e-06
leaf_weight=42 21 43 40 21 23 70 25 20 22 42 27 27 22 28 32 77 33 22 31 158 23 24 21 213 27 322 20 22 90 42
leaf_count=42 21 43 40 21 23 70 25 20 22 42 27 27 22 28 32 77 33 22 31 158 23 24 21 213 27 322 20 22 90 42
internal_value=0.000429448 0.00148423 -0.00163043 -0.00260736 0.00148649 0.00725806 -0.00434783 -0.00509868 -0.00422535 0.00595238 -0.00961538 -0.003327 -0.00425311 -0.00560748 -0.00698925 -0.00454545 -0.00643939 -0.00984848 0.00108696 0.000780463 -0.000754717 0.00147849 -0.000333333 0.000905797 0.00902778 0.0025378 -0.00637255 0.00357143 0.00364078 -0.00674603
internal_weight=1630 1078 552 489 185 93 92 304 284 63 52 263 241 214 186 154 132 99 1035 993 530 372 300 276 72 463 51 49 412 63
internal_count=1630 1078 552 489 185 93 92 304 284 63 52 263 241 214 186 154 132 99 1035 993 530 372 300 276 72 463 51 49 412 63
is_linear=0
shrinkage=0.05


Tree=104
num_leaves=31
num_cat=0
split_feature=24 3 36 19 19 31 9 17 31 38 17 40 20 15 18 5 24 34 4 18 31 16 16 34 17 40 40 17 4 19
split_gain=0.978022 1.87041 1.57138 1.25971 2.94368 1.99344 1.93463 1.90285 1.95891 1.53496 2.44142 1.61413 1.48613 1.37125 1.31378 1.27152 1.17544 1.51114 1.82747 1.28117 3.48428 1.64714 1.44316 1.3486 1.25518 1.60965 1.13778 1.11806 1.62005 1.82778
threshold=2908.4310749000001 86986.10000000002 -3974.2212207801854 666.26000000000215 604.64499999999691 105189.38150000002 0.001218099196407439 0.0067145230760766355 115041.717 63.668960637601309 0.0061863785002129737 588.51315692310175 174.09000000000381 0.0037901791022297016 -85.624999999999986 -0.0036376488894114207 3024.9525588000001 108972.64955393381 7664.8017450000007 395.06999999999977 110408.57860000001 0.0058546320285841518 0.0089020527657845613 112940.9338084426 0.0070726759602061833 694.27484344332345 -216.5888712140804 0.0074439878036929316 1378.2817100000002 709.32999999999458
decision_type=2 2 2 2 2 2 2 2 2 2 2 2 2 2 2 2 2 2 2 2 2 2 2 2 2 2 2 2 2 2
left_child=1 -1 -3 4 6 12 14 9 15 -7 11 -11 -5 -8 -4 -9 24 27 19 21 -21 -19 -23 -24 25 -2 -17 -18 -29 -30
right_child=16 2 3 5 -6 7 13 8 -10 10 -12 -13 -14 -15 -16 26 17 18 -20 20 -22 22 23 -25 -26 -27 -28 28 29 -31
leaf_value=5.0719235924036539e-05 -2.0290260237479648e-05 -2.1197484758923035e-06 1.2592497088921773e-06 1.5932193922037035e-06 -1.0812420880958148e-05 3.213595452128705e-06 -2.8682794379746101e-06 -3.0713959566400327e-08 2.7548647650328078e-06 -8.6030991592020667e-05 1.8433588007494249e-06 -1.2730801696526408e-07 1.5971722388280809e-05 7.7913519298394902e-06 -4.2100770277206085e-06 -5.5482923966116711e-06 5.3950439321809708e-06 -2.838022091587694e-05 -1.8816958077572719e-05 5.3506938275103052e-06 -5.7473411098894859e-05 7.962140779379411e-05 -1.8233978374089284e-05 1.5143396887886921e-05 1.6095055435735472e-07 6.2934670527346919e-08 -0.00023943910307438516 -2.487913727048165e-05 8.1375421035589219e-05 -3.7122876482754976e-06
leaf_weight=28 43 51 41 27 45 208 23 26 38 24 57 22 52 61 72 20 86 26 21 23 38 48 24 39 38 21 25 34 30 339
leaf_count=28 43 51 41 27 45 208 23 26 38 24 57 22 52 61 72 20 86 26 21 23 38 48 24 39 38 21 25 34 30 339
internal_value=0.000368098 0.00158537 0.00113636 0.00172065 -0.00123967 0.00315631 0.00139594 0.00178571 -0.00389908 0.00377814 -0.00121359 -0.00978261 0.010443 0.00714286 -0.00287611 -0.00880282 -0.000864198 -0.000141243 0.0033105 0.00479798 -0.00122951 0.00748175 0.0101351 0.00515873 -0.00588235 -0.0101563 -0.0138889 -0.00168712 -0.00279156 -0.00182927
internal_weight=1630 820 792 741 242 499 197 420 109 311 103 46 79 84 113 71 810 708 219 198 61 137 111 63 102 64 45 489 403 369
internal_count=1630 820 792 741 242 499 197 420 109 311 103 46 79 84 113 71 810 708 219 198 61 137 111 63 102 64 45 489 403 369
is_linear=0
shrinkage=0.05


Tree=105
num_leaves=31
num_cat=0
split_feature=24 15 36 5 19 19 40 40 11 13 13 26 31 5 27 38 30 20 20 36 36 36 18 22 20 41 36 22 17 16
split_gain=1.19847 1.11055 1.25026 2.13626 1.07562 3.11914 1.47575 1.77679 1.54596 1.52544 2.23107 1.28657 1.71611 1.70228 3.00542 1.86634 1.57096 1.49143 1.2237 1.07492 1.4566 2.2736 1.65257 1.3268 1.02182 2.06421 2.3401 0.995058 1.71529 1.53691
threshold=2890.1115249400004 0.0022406022528859153 -3903.6072581465119 -0.0033821616209862744 666.26000000000215 604.64499999999691 59.545752550897312 249.05510278118166 0.0016906849115504521 0.0021569059856550925 -0.0095297642037050056 104512.92257560289 105528.62590000001 -0.0021840835714202504 118371.68250000001 31.353849576426956 118019.72351548648 75.139999999999432 29.465000000003787 -206.11941345669035 1240.2654650565385 2319.9344114603959 495.39499999999686 2377.8846945000009 48.574999999997097 -662.63481799792032 6643.2332805749256 2369.7108497500003 0.0072123323963749182 0.0053792584510574211
decision_type=2 2 2 2 2 2 2 2 2 2 2 2 2 2 2 2 2 2 2 2 2 2 2 2 2 2 2 2 2 2
left_child=1 -1 3 -3 5 6 9 -8 -9 10 -4 -6 -13 14 17 -15 18 -14 -17 23 -21 -22 -23 -20 25 -2 -27 28 -26 -29
right_child=24 2 4 -5 11 -7 7 8 -10 -11 -12 12 13 15 -16 16 -18 -19 19 20 21 22 -24 -25 27 26 -28 29 -30 -31
leaf_value=-3.6171630285096524e-05 2.0681663526701835e-05 -4.5866886106943041e-05 6.2353450739607867e-06 6.2365461370432464e-06 1.1040796417880308e-05 -1.0543972154196383e-05 -2.9370046743389502e-06 1.9931179177856637e-05 -1.1849519240973759e-06 1.1056464230304231e-05 -3.832019446638293e-05 -2.8330121578535265e-06 1.6140190825679821e-06 -2.6760655438693738e-05 -3.771921172005806e-05 6.2971046688220771e-05 1.0753831816226972e-05 3.8969578155409213e-06 1.9380315956682178e-05 -3.2997761352675582e-05 6.3995335564447566e-05 -5.5104562786779682e-05 1.0178690358813094e-06 -4.3286633953552973e-06 -9.463158590501326e-06 -5.0805821290290535e-05 2.6480573446989715e-06 -1.2643275116026171e-05 8.7761087274319121e-05 -4.2155997271558622e-07
leaf_weight=20 26 21 34 39 65 46 30 32 36 23 26 26 35 21 20 23 24 89 29 31 23 37 45 21 22 42 22 41 31 650
leaf_count=20 26 21 34 39 65 46 30 32 36 23 26 26 35 21 20 23 24 89 29 31 23 37 45 21 22 42 22 41 31 650
internal_value=0.000245399 0.00163317 0.00193299 -0.005 0.00251397 -0.000330396 0.00262431 -0.00153061 0.00294118 0.00753012 0.00333333 0.00383436 0.00283019 0.00364322 0.00798611 0.0011811 0.00246781 0.0108871 0.00107656 -0.000268817 -0.00257353 0.000238095 -0.00365854 0.006 -0.00107914 -0.00611111 -0.0109375 -0.00047043 0.00613208 -0.000976845
internal_weight=1630 796 776 60 716 227 181 98 68 83 60 489 424 398 144 254 233 124 209 186 136 105 82 50 834 90 64 744 53 691
internal_count=1630 796 776 60 716 227 181 98 68 83 60 489 424 398 144 254 233 124 209 186 136 105 82 50 834 90 64 744 53 691
is_linear=0
shrinkage=0.05


Tree=106
num_leaves=31
num_cat=0
split_feature=24 39 11 11 40 19 19 9 21 19 4 1 36 13 28 7 36 39 5 20 11 40 41 40 22 32 32 13 38 24
split_gain=1.6488 1.85215 1.55357 2.42118 1.80872 1.37118 1.7406 1.34426 1.35296 1.38674 1.34127 1.28234 2.5861 1.23035 1.93072 1.83477 1.78571 1.22662 1.14344 2.53171 1.60647 1.50037 1.42857 1.26491 2.24554 1.51906 2.0293 1.45455 1.35976 1.21662
threshold=2908.4310749000001 1487.688571428572 0.01428403056353756 0.0088476396011596143 713.20555311805231 666.26000000000215 604.64499999999691 -0.0030974181193335151 204.86500000000527 444.96500000000384 898.9901000000001 88141.645000000004 -3903.6072581465119 0.017769910620449702 84.044568324745356 0.00093385204524552054 731.64468137028609 1465.1675000000002 -0.0021840835714202504 191.59500000000119 -0.011407901198831911 -351.22333992778289 325.32754642616936 225.64402925918696 2906.1587692500002 311.89914500098536 -844.0841593343938 0.0040313001315011769 58.344017610276204 2321.8453891000004
decision_type=2 2 2 2 2 2 2 2 2 2 2 2 2 2 2 2 2 2 2 2 2 2 2 2 2 2 2 2 2 2
left_child=1 5 3 13 -5 6 7 -1 9 10 -9 -7 -13 14 -2 -16 -17 -15 19 21 -20 -14 -23 25 29 26 -22 -28 -27 -25
right_child=2 -3 -4 4 -6 11 -8 8 -10 -11 -12 12 18 17 15 16 -18 -19 20 -21 23 22 -24 24 -26 28 27 -29 -30 -31
leaf_value=-2.0773638427468977e-06 1.1188926559357535e-11 6.7409847622922585e-06 -4.1631487603051342e-06 2.2545500528161387e-05 -5.2962304065143876e-06 3.8481422162229023e-05 -1.0016773546486565e-05 3.3840305838776347e-07 2.8993583817236812e-05 1.1266265136717497e-06 -3.8390681386427663e-06 -2.4956717226492955e-05 5.7165953979735786e-06 3.2432300291357444e-05 -8.8520721668125138e-07 -0.00015380835287530251 -2.8886196892988378e-05 -2.2057430578407858e-05 -7.4140342557117973e-06 3.7021099247638684e-06 2.2671982547975043e-06 -7.9845543105547506e-05 7.9804239959043468e-07 -1.2522239045292202e-06 8.7625867186220865e-06 3.6610887499584882e-06 3.3802289856087802e-06 -0.00013655825307232959 4.6400036105886946e-05 -0.00010144847736650346
leaf_weight=40 369 38 177 56 23 24 44 42 44 59 21 39 21 49 53 21 42 20 42 79 45 35 35 59 37 20 22 22 23 29
leaf_count=40 369 38 177 56 23 24 44 42 44 59 21 39 21 49 53 21 42 20 42 79 45 35 35 59 37 20 22 22 23 29
internal_value=0.000797546 0.00237805 -0.000802469 0.00035545 0.0085443 0.00185422 -0.0012 0.000728155 0.00271084 0 -0.00515873 0.00328947 0.00275591 -0.000812274 -0.00170103 -0.00732759 -0.0130952 0.00543478 0.00378465 0.00705882 0.00192308 0.00137363 -0.00214286 0.00340467 -0.0002 0.00681818 0.00308989 -0.00454545 0.0145349 -0.00454545
internal_weight=1630 820 810 633 79 782 250 206 166 122 63 532 508 554 485 116 63 69 469 170 299 91 70 257 125 132 89 44 43 88
internal_count=1630 820 810 633 79 782 250 206 166 122 63 532 508 554 485 116 63 69 469 170 299 91 70 257 125 132 89 44 43 88
is_linear=0
shrinkage=0.05


Tree=107
num_leaves=31
num_cat=0
split_feature=24 24 19 17 20 21 21 7 5 5 26 34 19 1 41 9 40 16 16 15 19 42 23 20 20 21 26 9 11 7
split_gain=1.35656 1.48647 1.93982 1.3511 2.77465 1.27861 1.20988 1.11226 1.0844 1.40346 1.65382 1.83675 1.48639 1.38 1.77137 1.49793 1.38496 1.91669 2.14286 1.75284 1.37599 1.35876 1.43369 1.34247 2.36932 1.63435 1.31494 1.24519 1.06765 0.982029
threshold=2905.294142960001 2849.6564062000002 1098.6750000000031 0.007370965466194636 399.92000000000559 89.224999999991283 167.61499999999799 0.019599817741658931 -0.0010922291566916667 -0.00043280952382415824 104434.91295397458 105380.63027753631 371.85499999999598 118799.90000000001 616.69590886690662 -0.012608240830730482 110.75320266679047 0.0058546320285841518 0.0065552441490760319 0.0058809761246451748 1075.8150000000026 -48.143117481373672 0.9165019602246407 188.50499999999741 366.22000000000122 154.30000000000294 105149.58522376091 0.00075594478701081897 -0.00012373872363432705 0.0053530873223151332
decision_type=2 2 2 2 2 2 2 2 2 2 2 2 2 2 2 2 2 2 2 2 2 2 2 2 2 2 2 2 2 2
left_child=1 3 -3 8 5 -5 -7 -2 13 -10 -11 26 -13 14 15 -1 17 -17 -19 -18 23 -22 -23 27 25 -25 -12 -14 -8 -29
right_child=7 2 -4 4 -6 6 28 -9 9 10 11 12 20 -15 -16 16 19 18 -20 -21 21 22 -24 24 -26 -27 -28 29 -30 -31
leaf_value=3.3371360606533205e-06 -3.6657352781195585e-07 1.3698900281061536e-06 8.3244573826909716e-06 -1.1310020178334106e-05 1.3690053737707914e-05 1.7513697480285694e-06 -2.0088619505829422e-06 -9.1850772024279808e-06 -2.789489315145723e-05 6.9797179144920018e-05 2.1398467363747801e-05 -9.786118557240557e-06 6.2923847129362858e-07 -1.5951923370213332e-05 1.7911152589358946e-05 7.902358373885713e-05 -4.1531966985655021e-06 -5.9492095440818137e-05 2.6366394681277676e-06 3.0245812631159124e-06 3.5212494842763515e-06 -4.66584119679392e-05 4.5833887969850654e-07 7.2630673688169126e-06 1.3544179359706267e-05 -3.283858516069264e-05 -9.4479142612715922e-05 9.1371551546496398e-05 -3.9480523941035646e-05 2.1512811822433838e-05
leaf_weight=27 778 42 37 21 21 27 34 38 39 32 20 23 27 30 21 43 32 28 20 29 20 32 35 21 24 28 35 25 20 21
leaf_count=27 778 42 37 21 21 27 34 38 39 32 20 23 27 30 21 43 32 28 20 29 20 32 35 21 24 28 35 25 20 21
internal_value=0.000582822 0.00202703 0.0085443 0.00132653 -0.00345528 -0.00686275 -0.00401235 -0.000857843 0.00228758 0.00065445 0.00167638 0.000562701 0.00234375 0.005 0.0065 0.00488827 0.00296053 0.00686813 0 -0.00286885 0.00354077 -0.00143678 -0.00485075 0.00650685 0.00171233 -0.00459184 -0.00772727 0.0113014 -0.00833333 0.0163043
internal_weight=1630 814 79 735 123 102 81 816 612 382 343 311 256 230 200 179 152 91 48 61 233 87 67 146 73 49 55 73 54 46
internal_count=1630 814 79 735 123 102 81 816 612 382 343 311 256 230 200 179 152 91 48 61 233 87 67 146 73 49 55 73 54 46
is_linear=0
shrinkage=0.05


Tree=108
num_leaves=31
num_cat=0
split_feature=24 19 19 7 9 15 0 13 20 21 7 23 41 23 23 19 25 20 34 24 24 21 16 4 38 40 40 19 5 32
split_gain=1.18879 1.72489 1.94118 1.35656 1.29602 1.34562 1.23153 1.34216 2.46963 1.33361 1.11226 1.07923 0.993235 1.31287 1.73484 1.06262 1.32212 1.95754 1.03712 0.9911 1.19401 0.942919 1.40875 2.21047 1.29225 1.85157 1.94992 1.80575 1.41788 1.24263
threshold=2905.294142960001 666.26000000000215 604.64499999999691 0.00093385204524552054 0.001218099196407439 0.0037901791022297016 105160.00000000001 0.016563923109875003 142.54500000000556 118.25000000000729 0.019599817741658931 -0.98120597281670185 -845.82035640046649 -0.81190838902487406 -0.63494512634191846 721.71499999999662 -0.36703685097128863 193.31000000000498 91761.858717141644 1923.7902361000001 2085.7345953000004 199.69999999999712 0.0057507240157240345 2221.7848150000004 28.22459325277757 426.60090120926913 571.92989239111205 1130.9250000000031 -0.0029862770146615691 -497.37170645905275
decision_type=2 2 2 2 2 2 2 2 2 2 2 2 2 2 2 2 2 2 2 2 2 2 2 2 2 2 2 2 2 2
left_child=1 2 4 -4 6 -6 -1 8 9 -8 21 -7 -3 -14 -15 -16 17 -17 -18 -20 -21 24 23 -23 -2 -26 -27 28 -28 -24
right_child=10 12 3 -5 5 11 7 -9 -10 -11 -12 -13 13 14 15 16 18 -19 19 20 -22 22 29 -25 25 26 27 -29 -30 -31
leaf_value=-5.3343310251055655e-05 -1.2928506867336955e-05 3.0658433098150907e-06 -1.9063022603925828e-06 -9.2226061775316803e-06 -4.5272877308216914e-06 2.2205654384012304e-05 -3.0835793701127163e-06 -1.1693970347141132e-05 9.5602971934814163e-06 1.2630419595197464e-05 -8.7258233423065765e-06 3.0433034020580692e-06 -4.5177739651074526e-06 6.35494533631115e-06 0.00011668271866226395 1.6072828644564266e-06 4.9421233879927212e-05 -3.7942985299838216e-05 9.0273914627472702e-06 -6.8081438118030684e-06 1.2427474171992335e-06 3.2213127644489068e-06 -9.9271636130620791e-07 -6.6182456290247784e-05 1.2932745148225679e-06 -2.3207955061959947e-05 7.0014759430702552e-05 -6.7016264696970028e-05 -3.6686984872616441e-06 3.7901945313763265e-06
leaf_weight=22 23 53 25 21 23 28 21 22 23 30 38 39 31 30 30 33 22 31 37 25 268 25 228 23 149 25 20 24 38 223
leaf_count=22 23 53 25 21 23 28 21 22 23 30 38 39 31 30 30 33 22 31 37 25 268 25 228 23 149 25 20 24 38 223
internal_value=0.000490798 0.00184275 -0.0015748 -0.0108696 0.000480769 0.005 -0.0029661 -0.000520833 0.0027027 -0.00343137 -0.000857843 0.00858209 0.00339286 0.00271203 0.00336134 0.00257848 0.00192308 -0.0046875 0.003125 0.00242424 0.00145051 -0.000449871 0.000851703 -0.00729167 -0.00277778 -0.00175781 -0.0067757 -0.00304878 0.00172414 0.0017184
internal_weight=1630 814 254 46 208 90 118 96 74 51 816 67 560 507 476 446 416 64 352 330 293 778 499 48 279 256 107 82 58 451
internal_count=1630 814 254 46 208 90 118 96 74 51 816 67 560 507 476 446 416 64 352 330 293 778 499 48 279 256 107 82 58 451
is_linear=0
shrinkage=0.05


Tree=109
num_leaves=31
num_cat=0
split_feature=13 31 25 1 0 11 32 18 9 13 20 28 13 17 22 5 5 19 20 25 38 42 4 22 34 3 15 25 23 15
split_gain=1.35968 1.67062 1.78259 1.65331 1.56696 1.4925 1.8424 1.5797 1.84439 1.46984 2.42288 1.86927 2.78046 1.96972 1.70526 2.29826 1.49245 1.39725 2.63744 2.21442 2.12805 1.38566 1.48384 1.66737 1.37868 1.52381 1.36931 1.33561 1.29385 1.2747
threshold=0.058495491042893401 103719.63210000003 -1.0740291596493621 104497.71000000001 102001.51000000002 0.027039017641963554 4782.3215611964488 -258.4000000000014 -0.014420041757320366 -0.022163068593065442 393.99500000000268 -203.49524351532452 -0.0051692544794608676 0.0094156378488188305 2094.7510082500007 -0.00024738020971611465 0.0053521241789069489 1924.705000000002 29.465000000003787 -0.046138453292458241 62.373368468679452 273.65341494263407 3971.3361950000003 3549.7018487500004 113145.77631381401 107182.00000000001 0.005972687365207713 -0.14139120479815079 2.1113743860316809 0.0075376608514298388
decision_type=2 2 2 2 2 2 2 2 2 2 2 2 2 2 2 2 2 2 2 2 2 2 2 2 2 2 2 2 2 2
left_child=1 3 -3 21 -4 6 7 17 -9 10 -10 16 -13 14 -14 -16 -11 18 -6 20 29 -1 23 -23 25 -17 -21 -27 -19 -20
right_child=-2 2 4 -5 5 -7 -8 8 9 11 -12 12 13 -15 15 24 -18 28 19 26 -22 22 -24 -25 -26 27 -28 -29 -30 -31
leaf_value=-1.5476315425057005e-07 5.4307131135944308e-06 -1.0509011547673122e-05 7.2132658639790013e-05 -9.3194254132075466e-05 -5.1984739005390386e-05 -3.0250682256975853e-06 1.2943413679962555e-05 -1.4570479057464934e-05 -4.9173600006513825e-05 5.1759247715527636e-06 4.4683463278866233e-06 -9.7837711134657029e-06 2.5269583260250124e-06 2.8912934429418252e-05 -3.290862209354917e-05 2.2313289175716634e-05 6.3095400728012654e-05 -2.3423958775182805e-05 3.9181671212009862e-06 6.0112445694827693e-07 -8.7166890199601084e-06 -4.8895632552681325e-06 -1.7427385474952147e-05 3.0088854537319023e-05 5.0213986193298593e-06 -1.8735529021145161e-05 5.8760840207017371e-05 -6.6829217517335769e-07 4.8125392519048729e-06 -4.2537316616699048e-07
leaf_weight=449 42 33 21 27 25 45 43 33 50 107 23 40 114 36 34 28 23 40 68 28 23 22 29 21 53 29 57 27 25 35
leaf_count=449 42 33 21 27 25 45 43 33 50 107 23 40 114 36 34 28 23 40 68 28 23 22 29 21 53 29 57 27 25 35
internal_value=0.000644172 0.00040932 0.00158654 -0.00182482 0.00196127 0.00167343 0.00209883 0.0016147 0.000125628 0.000797872 -0.00582192 0.00178208 -6.92521e-05 0.00147975 8.77193e-05 -0.00307018 0.00692308 0.00456811 0.00635593 0.00817536 0.00396825 -0.00119962 -0.00763889 -0.00174419 -0.000182482 -0.00416667 0.0144118 -0.00892857 -0.00192308 0.00703883
internal_weight=1630 1588 1040 548 1007 986 941 898 597 564 73 491 361 321 285 171 130 301 236 211 126 521 72 43 137 84 85 56 65 103
internal_count=1630 1588 1040 548 1007 986 941 898 597 564 73 491 361 321 285 171 130 301 236 211 126 521 72 43 137 84 85 56 65 103
is_linear=0
shrinkage=0.05


Tree=110
num_leaves=31
num_cat=0
split_feature=13 25 25 40 25 40 24 23 25 7 5 23 17 21 13 21 32 35 13 20 27 28 38 13 31 28 1 39 39 25
split_gain=1.40706 1.52482 1.58166 1.86104 1.54883 1.875 1.86404 1.84245 1.50299 1.41617 2.48529 1.33931 1.23525 1.06011 0.871971 1.21765 1.4418 1.18043 1.15528 1.97273 2.52411 1.30471 2.2505 1.28224 1.27864 1.77975 1.17145 1.12657 2.11948 1.8076
threshold=0.058495491042893401 1.8626090626955694 1.384088586048861 319.3338621270014 1.0066943534083359 694.27484344332345 5234.1804337000012 1.282174796745627 2.3454130813613028 -0.0057177346868305086 0.0017813997415183191 0.98238596017319513 0.011773662329322344 290.16999999999103 -0.031221392255850852 154.30000000000294 -3200.4979338083281 112999.99470000001 -0.01258388858813366 180.65499999999886 115253.77200000001 -617.35390723329317 33.549393954692562 -0.016971434800753454 118121.42790000002 -73.624932667618836 108264.42500000002 1494.4271428571453 1360.3496428571418 -0.71032058571019385
decision_type=2 2 2 2 2 2 2 2 2 2 2 2 2 2 2 2 2 2 2 2 2 2 2 2 2 2 2 2 2 2
left_child=1 2 4 -4 6 -6 7 11 -3 -8 -11 12 14 -10 15 -1 17 -17 19 21 23 22 -16 26 27 -26 -21 28 29 -20
right_child=-2 8 3 -5 5 -7 9 -9 13 10 -12 -13 -14 -15 18 16 -18 -19 24 20 -22 -23 -24 -25 25 -27 -28 -29 -30 -31
leaf_value=-4.9855345518150147e-06 5.1591774579147163e-06 -8.1203130054925015e-05 0.00011227505127977588 -4.5835071411080321e-07 -0.00012746502232050826 9.071192418751162e-07 -2.3678638181739035e-05 3.2304232583455202e-05 -5.2435254968987316e-06 3.2596541253188229e-05 -5.682315069332994e-05 -9.3704152399903213e-06 2.2593432026777663e-05 2.5317535531187392e-06 -1.3027453248064546e-05 -1.570576718338653e-05 9.0069538042140986e-05 2.3700977861655314e-05 -1.3665516497423524e-06 4.9317248258209082e-06 4.7901818034089863e-05 -8.7070616783499049e-05 2.1119950823539666e-06 -6.2053313643342269e-06 2.415532461622625e-06 -2.0407010644420132e-05 -8.9867236625333177e-05 -3.4602397802851852e-06 1.3554852016081176e-05 1.6403018783049836e-06
leaf_weight=34 42 36 25 21 40 20 27 49 23 34 34 27 21 42 32 23 34 24 221 40 23 27 34 21 36 37 21 70 59 453
leaf_count=34 42 36 25 21 40 20 27 49 23 34 34 27 21 42 32 23 34 24 221 40 23 27 34 21 36 37 21 70 59 453
internal_value=0.000490798 0.000251889 0.000655683 0.00978261 0.00036433 -0.0075 0.00070601 0.00120529 -0.00569307 -0.00605263 -0.00220588 0.000828618 0.00107438 -0.00115385 0.000862069 0.005 0.00833333 0.00265957 0.000418994 -0.0030303 0.00166667 -0.00833333 -0.00454545 -0.00243902 0.00119863 -0.00513699 0.00122951 0.0017746 0.00235334 0.00155786
internal_weight=1630 1588 1487 46 1441 60 1381 1286 101 95 68 1237 1210 65 1189 115 81 47 1074 198 105 93 66 82 876 73 61 803 733 674
internal_count=1630 1588 1487 46 1441 60 1381 1286 101 95 68 1237 1210 65 1189 115 81 47 1074 198 105 93 66 82 876 73 61 803 733 674
is_linear=0
shrinkage=0.05


Tree=111
num_leaves=31
num_cat=0
split_feature=13 11 22 4 24 24 5 22 24 17 17 25 19 30 42 21 19 23 0 17 7 9 42 28 23 4 40 7 18 23
split_gain=1.42623 1.46709 1.3948 1.62001 1.89585 1.78377 1.50576 1.44276 1.82445 1.65657 1.49478 1.43142 1.33333 1.23236 1.48893 1.45819 2.24275 1.42162 2.32527 1.70794 1.43848 1.56626 1.78349 1.47792 1.41913 1.94001 1.34722 1.34269 1.32987 1.43442
threshold=0.058495491042893401 0.036658637761168546 2445.0275747500004 1321.7317300000002 2756.4184897600003 2377.4526107000006 0.0004690625760505501 2656.3543925000008 2415.7756809000007 0.0060403957688723482 0.0063739726604667606 -0.8196074231587388 415.66999999999831 118826.06558351696 -619.68655502121851 57.41500000000088 837.25000000000011 0.60273627699035359 108939.08500000001 0.0069656982252839497 -0.01569825039678132 -0.0035029461313348135 -146.32500289460469 -188.11193780131723 -0.093306205620917362 2171.6146750000003 550.78980939742917 -0.0093414048892431906 -178.04999999999561 -1.0320998891402096
decision_type=2 2 2 2 2 2 2 2 2 2 2 2 2 2 2 2 2 2 2 2 2 2 2 2 2 2 2 2 2 2
left_child=1 2 3 4 5 6 12 -4 -9 -10 -11 -8 -1 14 -12 16 -16 19 26 -17 -21 23 -23 -22 25 28 27 -19 -24 -30
right_child=-2 -3 7 -5 -6 -7 11 8 9 10 13 -13 -14 -15 15 17 -18 18 -20 20 21 22 24 -25 -26 -27 -28 -29 29 -31
leaf_value=1.7763681182754906e-05 4.9012185850189707e-06 -5.9321440559565973e-06 -3.6466157956947544e-06 1.7979639692979875e-06 3.2290757560904467e-05 -7.9522463967023697e-05 -4.5692864047676841e-05 5.3458314406429408e-05 -7.2605040367410971e-06 4.3894123805044392e-05 0.00011362666877558913 2.9217336158420329e-06 -7.4116224731713978e-07 -1.0267945680076818e-05 -2.577924758491447e-06 -5.1604719395257973e-06 1.3192558666973946e-05 -5.3845818608578063e-06 1.9135511959155502e-06 -1.2330102816112587e-05 2.4963941120586492e-06 4.0427015399208019e-06 1.622323348247609e-05 7.07810190032091e-06 1.0712167965210908e-05 -2.1313918549658794e-05 5.0982035089598308e-07 -0.00012327803235907676 2.305107765814422e-06 -1.0391713578484715e-05
leaf_weight=20 42 41 131 370 27 33 20 36 33 39 21 21 30 28 28 66 51 37 35 27 93 90 22 47 41 92 24 30 20 35
leaf_count=20 42 41 131 370 27 33 20 36 33 39 21 21 30 28 28 66 51 37 35 27 93 90 22 47 41 92 24 30 20 35
internal_value=0.000429448 0.000188917 0.000436328 0.00254319 -0.00182119 -0.00443548 -0.000824176 -0.000633528 8.37989e-05 -0.000378347 6.05327e-05 -0.00792683 0.005 -0.000412961 -3.29381e-05 -0.000406504 0.00601266 -0.00117602 -0.00595238 -4.69043e-05 0.00101713 0.00170455 -0.000333333 0.00607143 -0.00285714 -0.00488166 -0.0101648 -0.013806 0.000974026 -0.00318182
internal_weight=1630 1588 1547 521 151 124 91 1026 895 859 826 41 50 787 759 738 79 659 126 533 467 440 300 140 210 169 91 67 77 55
internal_count=1630 1588 1547 521 151 124 91 1026 895 859 826 41 50 787 759 738 79 659 126 533 467 440 300 140 210 169 91 67 77 55
is_linear=0
shrinkage=0.05


Tree=112
num_leaves=31
num_cat=0
split_feature=13 11 11 34 38 24 24 19 39 24 38 1 36 24 21 13 21 16 42 17 21 19 39 39 24 0 40 38 0 22
split_gain=1.44554 1.44736 1.37858 1.09863 1.08995 0.969309 2.23667 1.38757 0.958282 1.03314 1.32719 1 1.2331 0.961645 1.62556 1.61777 2.20435 1.46419 1.82206 1.80253 1.68771 2.44902 1.91947 2.00227 1.92076 1.71727 1.39327 2.44518 1.69123 1.93905
threshold=0.058495491042893401 0.036658637761168546 0.031756665026577313 116511.55595106517 69.100777128043021 1731.7183791 1923.7902361000001 766.27999999999895 588.64607142857142 2129.4562975000003 35.811245680077342 112654.35000000002 1920.3956202946504 2495.9037352000005 57.41500000000088 0.016311853865300704 173.90000000000148 0.007063339820031809 290.90334259197766 0.0096365736546343648 249.42499999999566 1286.6650000000011 1340.5903571428587 1068.0107142857153 2828.6716543400003 105981.17500000002 -1121.4036726927804 38.253384260496794 119090.97500000002 3740.7478835000002
decision_type=2 2 2 2 2 2 2 2 2 2 2 2 2 2 2 2 2 2 2 2 2 2 2 2 2 2 2 2 2 2
left_child=1 2 3 5 -3 -1 7 -7 -8 10 -10 -12 -13 14 -11 16 -16 18 20 26 21 25 23 24 -22 -15 -19 -28 29 -29
right_child=-2 4 -4 -5 -6 6 8 -9 9 13 11 12 -14 17 15 -17 -18 19 -20 -21 22 -23 -24 -25 -26 -27 27 28 -30 -31
leaf_value=-4.2983088405433198e-06 4.6561576557680266e-06 -1.8083296519509803e-08 2.0354373979356914e-05 -5.0893046881908751e-05 -0.00011136303850672138 1.2970111557922684e-06 1.1916827165022902e-05 3.0969201463105775e-05 3.1581620202671919e-06 -2.8734398519970701e-06 -3.9726916869864068e-05 2.5952500908335198e-06 -2.7893641016445598e-05 -4.3898518188876783e-06 2.9954641754112503e-05 -4.9168751769723885e-08 7.5646743959599155e-06 3.2192582872456253e-05 -3.4111098125089264e-05 -1.650913084829417e-06 -2.0100438864585514e-06 -8.262610728318756e-05 4.3597428225445944e-05 -3.9636656303488995e-06 1.2279623197895504e-05 2.3235496354115284e-06 -5.37547911719327e-06 6.6345616528954047e-06 -5.5949207685471837e-06 -6.6644142647487824e-08
leaf_weight=35 42 21 21 24 20 23 31 32 21 37 24 22 26 96 46 59 69 22 26 317 32 36 30 73 50 76 71 156 21 71
leaf_count=35 42 21 21 24 20 23 31 32 21 37 24 22 26 96 46 59 69 22 26 317 32 36 30 73 50 76 71 156 21 71
internal_value=0.000368098 0.000125945 0.000371687 0.000196592 -0.00914634 0.000366178 0.000562372 0.0104545 0.000177054 -1.81028e-05 -0.00510753 -0.00833333 -0.00416667 0.000349379 0.00343602 0.00545977 0.00891304 -0.000255339 -0.00256563 0.00121581 -0.00171756 -0.00480769 0.00175676 -0.000483871 0.00487805 -0.00232558 0.003739 0.00289969 0.00524194 0.0064978
internal_weight=1630 1588 1547 1526 41 1502 1467 55 1412 1381 93 72 48 1288 211 174 115 1077 419 658 393 208 185 155 82 172 341 319 248 227
internal_count=1630 1588 1547 1526 41 1502 1467 55 1412 1381 93 72 48 1288 211 174 115 1077 419 658 393 208 185 155 82 172 341 319 248 227
is_linear=0
shrinkage=0.05


Tree=113
num_leaves=31
num_cat=0
split_feature=13 34 34 9 38 42 38 9 38 17 5 19 21 32 38 25 28 20 21 38 21 21 38 16 32 16 15 9 11 39
split_gain=1.12803 1.06405 1.17698 0.93682 0.892141 1.77632 1.39447 1.91088 1.70837 2.08432 1.49827 1.7639 2.47597 1.65093 2.05394 1.36139 1.29411 2.11074 1.2847 2.34187 2.07974 1.80161 1.7063 1.70375 1.28205 1.66256 1.32234 1.21805 1.17289 1.68312
threshold=0.058495491042893401 116511.55595106517 116348.51960640398 0.028671408622179862 40.886574038308979 52.491525160780846 53.186660535109439 0.015048266706110822 51.820330302602855 0.0067561056833244709 0.0079768034082515031 1086.2399999999982 430.9550000000018 1097.7434341138726 48.042646496661611 -0.16020190190818231 -7.6677783557606736 232.22500000000585 178.0550000000076 29.068100543061863 204.86500000000527 111.8600000000006 30.024376313759912 0.0065139677919977077 2586.9107303133937 0.0066718392726609925 0.0070120374106433731 -0.0022474985739331329 -0.030290522741623103 1071.1207142857127
decision_type=2 2 2 2 2 2 2 2 2 2 2 2 2 2 2 2 2 2 2 2 2 2 2 2 2 2 2 2 2 2
left_child=1 2 3 4 5 18 8 -8 10 -10 11 12 13 14 16 -13 17 27 19 23 -20 -21 28 -1 26 -26 -9 -6 -22 -30
right_child=-2 -3 -4 -5 6 -7 7 24 9 -11 -12 15 -14 -15 -16 -17 -18 -19 20 21 22 -23 -24 -25 25 -27 -28 -29 29 -31
leaf_value=2.2875901383261978e-06 4.423349772979615e-06 -4.8348394537813314e-05 3.9183967267176544e-06 -1.6995250395309358e-05 2.507197128242064e-05 -6.4465929427355201e-05 -5.1718949846375564e-07 4.2770404309802115e-05 2.9233773246948984e-06 0.00016773816385129084 -2.1860478440955996e-05 3.5091373364925382e-05 -1.5057745611456164e-05 -1.4597608961540249e-06 -1.2834836671118922e-06 4.705265417755394e-06 3.4546655984317306e-05 -3.3400491166629668e-06 -4.1471353657929917e-05 3.8187137190683995e-06 9.4548508168261624e-05 6.1217750884955539e-05 -4.255697419860554e-06 -4.2973884822700084e-05 -2.6289176954621182e-05 3.3843738587258827e-06 1.7209990522346509e-06 4.6642472597748003e-06 2.410716970472113e-05 -3.765482348831457e-06
leaf_weight=28 42 24 30 33 22 33 558 26 20 27 37 32 29 38 61 69 26 20 21 52 35 23 141 24 21 29 28 24 22 55
leaf_count=28 42 24 30 33 22 33 558 26 20 27 37 32 29 38 61 69 26 20 21 52 35 23 141 24 21 29 28 24 22 55
internal_value=0.000245399 3.14861e-05 0.000191816 0 0.000183211 -0.00172811 0.000960637 -0.000453172 0.0032716 0.012234 0.00209497 0.00319315 0.000681818 0.00274869 0.00506536 0.00866337 0.00978261 0.00606061 -0.000810474 0.00334646 -0.00273723 0.009 -0.00148221 -0.00480769 0.00576923 0 0.0111111 0.0119565 0.003125 -0.000324675
internal_weight=1630 1588 1564 1534 1501 434 1067 662 405 47 358 321 220 191 153 101 92 66 401 127 274 75 253 52 104 50 54 46 112 77
internal_count=1630 1588 1564 1534 1501 434 1067 662 405 47 358 321 220 191 153 101 92 66 401 127 274 75 253 52 104 50 54 46 112 77
is_linear=0
shrinkage=0.05


Tree=114
num_leaves=31
num_cat=0
split_feature=13 25 28 38 25 21 35 20 7 34 28 11 40 40 40 25 34 17 2 11 13 21 35 23 41 15 15 16 13 18
split_gain=1.19752 0.868098 1.73872 1.67929 1.37997 1.30662 1.26436 0.991632 1.84133 1.65167 1.6369 1.72024 1.3475 2.02552 2.01268 2.16919 1.47267 2.19128 1.38021 1.38482 2.01023 2.83083 1.85483 1.34075 1.26562 1.24158 2.86168 2.82451 2.3739 2.03881
threshold=0.058495491042893401 -0.96228782910332022 64.601968775306901 40.886574038308979 -0.91135352430375283 167.61499999999799 117425.15092500002 275.62999999999744 -0.0036510142587460642 115694.42041311432 -1551.0828414434725 -0.021661009865426167 288.20768003891141 859.46328123022261 28.170012412832879 -0.069901406188571533 110968.25818480237 0.008250317690892248 86668.180000000008 0.021454205225657896 -0.029925456868714402 190.11499999999799 112951.32607500002 1.1403084445977998 1109.5562361500881 0.0072326952195400423 0.0066723234518129299 0.0087266589521972828 -0.0013844012239382978 -258.4000000000014
decision_type=2 2 2 2 2 2 2 2 2 2 2 2 2 2 2 2 2 2 2 2 2 2 2 2 2 2 2 2 2 2
left_child=1 2 3 -1 5 -3 7 9 10 25 11 23 14 16 18 -16 17 -14 -10 20 -20 -22 -23 -9 -15 26 -6 -27 29 -29
right_child=-2 4 -4 -5 6 -7 -8 8 12 -11 -12 -13 13 24 15 -17 -18 -19 19 -21 21 22 -24 -25 -26 27 -28 28 -30 -31
leaf_value=-3.1595323874735671e-06 4.2021822843306349e-06 3.3443111528758293e-05 -1.2059648277687255e-05 2.0187883468653623e-05 -1.3345885754068076e-07 4.6873218674465999e-07 2.5407499433650798e-06 0.00010267029972866279 -2.2259277223299514e-05 -5.6931603920709449e-05 6.7260577581950261e-06 -1.7430041295995307e-05 3.1145525207596602e-06 3.1785689658461214e-05 4.9819305030052733e-07 0.00011925679915228974 -3.7221064215316985e-05 -6.574551267279918e-05 0.00015281154129571911 2.4374244613877244e-05 1.1525732739733517e-05 -1.2534507734889531e-06 -0.0001335236153471822 -2.6272022769091266e-06 -3.8917422677205104e-06 -5.1496836911073617e-06 5.2392580134396863e-06 1.5079527608818098e-05 1.7294903424894109e-05 -2.1906748624086787e-05
leaf_weight=31 42 21 38 43 397 20 30 30 36 43 132 28 38 32 30 21 30 24 21 21 36 28 29 26 32 180 50 42 54 45
leaf_count=31 42 21 38 43 397 20 30 30 36 43 132 28 38 32 30 21 30 24 21 21 36 28 29 26 32 180 50 42 54 45
internal_value=0 -0.000220403 -0.00446429 0 0.000101626 0.00914634 -0.000156794 -0.000373665 0.00117845 -0.00151048 0.00486111 -0.000595238 -0.000925926 -0.00448718 0.00157658 0.0102941 -0.00923913 -0.00483871 -0.00102339 0.0012963 -0.000877193 -0.00403226 -0.0109649 0.00446429 0.00234375 -0.000976562 0.000727069 -0.00334891 0.00195035 -0.00316092
internal_weight=1630 1588 112 74 1476 41 1435 1405 594 811 216 84 378 156 222 51 92 62 171 135 114 93 57 56 64 768 447 321 141 87
internal_count=1630 1588 112 74 1476 41 1435 1405 594 811 216 84 378 156 222 51 92 62 171 135 114 93 57 56 64 768 447 321 141 87
is_linear=0
shrinkage=0.05


Tree=115
num_leaves=31
num_cat=0
split_feature=13 35 5 28 18 1 31 9 24 15 15 0 9 25 25 23 32 0 21 17 41 19 15 2 17 4 9 9 15 21
split_gain=1.12803 1.04358 1.42917 0.915409 1.80346 1.27448 1.86969 1.22501 1.16644 1.90825 1.8719 1.36229 1.08698 1.11929 1.83297 2.04094 1.52208 1.73667 2.00069 1.49594 1.26501 2.23049 1.6713 1.92045 1.55128 1.20656 1.70306 1.69462 1.5897 1.20403
threshold=0.058495491042893401 117246.14825000001 0.00077650355769599388 -1367.7273807184827 422.92499999999569 113181.53500000002 115041.717 -0.0064320390408659604 2561.1555687600007 0.0069104671320194613 0.0093193315940265208 92414.405000000013 0.028671408622179862 -0.3091528386764254 -0.38668361623887287 -0.43882720771248479 -855.15887468410062 87073.920000000013 171.07499999999712 0.0095740663330503694 -41.179682904577923 1148.7399999999982 0.0082658941808390063 104667.86500000001 0.0065616103400880652 1887.0143550000003 -0.00085499440283629468 0.0059415956200461213 0.0075831350379834406 107.02000000000409
decision_type=2 2 2 2 2 2 2 2 2 2 2 2 2 2 2 2 2 2 2 2 2 2 2 2 2 2 2 2 2 2
left_child=1 3 -3 4 5 6 8 -6 -1 -10 -11 -12 13 14 16 -16 17 -5 -19 -20 22 25 23 -18 -25 27 -27 28 -22 -15
right_child=-2 2 -4 12 7 -7 -8 -9 9 10 11 -13 -14 29 15 -17 20 18 19 -21 21 -23 -24 24 -26 26 -28 -29 -30 -31
leaf_value=-2.6817104120953668e-06 3.9920731701141014e-06 -1.616915950721702e-07 5.4470370059678469e-06 0.00010454393206054077 -2.1206750218413826e-06 -1.1658080914936527e-05 0.00011071311898112955 -4.0283376725907529e-05 9.2771263879424805e-05 -7.5466551670103209e-06 -8.8437182042554009e-06 0.00010502780865551489 -1.5888003690988522e-05 4.264687224268181e-06 -4.2657310699584423e-05 -5.605054646814632e-07 -9.2977772232588098e-05 5.9103809462747888e-06 6.5740358359876122e-06 -4.3448181742137237e-05 2.25657179216349e-07 4.7454189748770051e-06 5.9957046939084373e-07 2.4408001377293449e-06 -3.727802689875642e-05 3.4096748787891589e-06 -5.763012175695863e-05 6.0213570901846647e-06 -1.5210380257225866e-05 5.8959343680783623e-07
leaf_weight=20 42 28 20 21 21 36 20 22 30 45 43 40 31 118 23 44 22 55 48 25 199 35 36 24 26 34 40 35 25 422
leaf_count=20 42 28 20 21 21 36 20 22 30 45 43 40 31 118 23 44 22 55 48 25 199 35 36 24 26 34 40 35 25 422
internal_value=0.000245399 3.14861e-05 0.00729167 -0.000194805 -0.00279783 -0.00106838 0.000505051 -0.0122093 -0.0011236 0.000316456 -0.00234375 0.00210843 0.000376089 0.000608766 -0.000722543 -0.00858209 0.00012 0.0045302 0.00234375 -0.00308219 -0.0012605 0.00013587 -0.00601852 -0.0104167 -0.005 -0.00112613 -0.00675676 0.000482625 -0.00111607 0.00231481
internal_weight=1630 1588 48 1540 277 234 198 43 178 158 128 83 1263 1232 692 67 625 149 128 73 476 368 108 72 50 333 74 259 224 540
internal_count=1630 1588 48 1540 277 234 198 43 178 158 128 83 1263 1232 692 67 625 149 128 73 476 368 108 72 50 333 74 259 224 540
is_linear=0
shrinkage=0.05


Tree=116
num_leaves=31
num_cat=0
split_feature=40 13 24 4 42 24 21 17 7 7 9 35 5 39 36 39 4 31 34 19 39 40 18 7 7 40 35 7 1 36
split_gain=1.15921 2.1239 1.21152 1.53058 1.23601 1.15709 1.06608 1.09657 2.03175 1.95346 1.32099 0.952506 1.26245 1.04651 2.14286 1.06636 1.89058 1.12309 1.13667 1.15788 1.74046 1.42508 1.11574 2.84325 2.07496 1.63334 3.86178 1.75225 1.61333 1.28493
threshold=2115.9626122887207 0.055561062300186564 5234.1804337000012 2415.5330650000005 -486.97621387430308 1752.1141580000001 1238.8550000000034 0.01126755112630951 -0.003570391033776685 0.0073668034740175465 0.027548715388445843 117246.14825000001 0.00077650355769599388 697.98892857142721 2319.9344114603959 812.74892857142663 2135.7770350000005 84718.716900000014 85955.703657260354 532.08499999999924 980.44392857142896 142.55553170663919 87.899999999994193 -0.005610243773557972 -0.0028227242136352813 -817.88456127990491 112731.30780000002 -0.0064828072321154945 113336.95000000001 9051.243826736596
decision_type=2 2 2 2 2 2 2 2 2 2 2 2 2 2 2 2 2 2 2 2 2 2 2 2 2 2 2 2 2 2
left_child=1 2 4 -4 -1 -6 7 10 -9 -10 11 13 -13 14 -7 16 -15 -17 -19 20 -20 -22 25 -24 -25 26 27 -21 -28 -26
right_child=-2 -3 3 -5 5 6 -8 8 9 -11 -12 12 -14 15 -16 17 -18 18 19 22 21 -23 23 24 29 -27 28 -29 -30 -31
leaf_value=-8.4015322940426358e-06 -1.1741353452332933e-05 6.5217597044890534e-06 1.4880621068050646e-05 -1.397848829256609e-05 -2.2628455586009064e-06 7.2141424803353455e-06 6.2070343565315175e-05 9.3925003872499346e-05 -1.0013932354084061e-05 5.2042469857478324e-05 -4.9383328747943647e-05 7.9153247910680052e-08 5.1746851556694603e-06 -1.7058556117380622e-05 -6.9582627266757117e-06 -4.2220573515742539e-05 1.2524059619052593e-06 4.5346888604635874e-05 4.9963333053596274e-05 -4.1649244663165804e-06 2.6649729339763642e-06 -2.426686328779889e-06 -4.4988584768835538e-05 2.3410397195160898e-05 -1.5232125658217345e-07 1.7727178897557293e-06 7.5965702661604081e-05 -4.197737204271894e-05 -2.4917469938090184e-06 -4.8966455651117604e-05
leaf_weight=59 24 39 20 82 42 56 23 21 22 20 22 27 20 43 24 21 29 23 43 27 56 25 30 20 327 383 30 25 20 27
leaf_count=59 24 39 20 82 42 56 23 21 22 20 22 27 20 43 24 21 29 23 43 27 56 25 30 20 327 383 30 25 20 27
internal_value=0.000490798 0.000653798 0.000366943 -0.00490196 0.000733788 0.00103129 0.00128299 0.00109993 0.00753968 0.00119048 0.000782473 0.000995223 0.00797872 0.000723739 0.00625 0.000332152 -0.00555556 0.000733207 0.000965251 0.000715696 0.00524194 0.000925926 8.43645e-05 -0.00185644 -0.000668449 0.00170103 -0.00392157 -0.0134615 0.006 -0.00155367
internal_weight=1630 1606 1567 102 1465 1406 1364 1341 63 42 1278 1256 47 1209 80 1129 72 1057 1036 1013 124 81 889 404 374 485 102 52 50 354
internal_count=1630 1606 1567 102 1465 1406 1364 1341 63 42 1278 1256 47 1209 80 1129 72 1057 1036 1013 124 81 889 404 374 485 102 52 50 354
is_linear=0
shrinkage=0.05


Tree=117
num_leaves=31
num_cat=0
split_feature=25 9 4 20 15 19 19 17 25 25 25 4 19 1 41 15 17 30 3 34 28 4 15 39 21 32 24 23 24 20
split_gain=1.11949 1.58708 2.27537 1.50852 1.09829 1.74313 1.67348 1.06061 1.05407 1.6229 2.08172 1.38001 1.87965 1.71782 1.39404 1.82922 4.19797 1.30714 1.90928 1.86222 1.27348 1.21898 1.76045 2.73803 1.76582 2.74267 2.0929 1.86797 1.6419 1.50448
threshold=2.7814341071890927 -0.015220230775693653 5815.9185400000015 543.33999999999662 0.0090261175156324171 1186.2350000000008 1212.5000000000002 0.0084643474165478436 -0.10567969780639895 1.8404784549960234 1.384088586048861 6268.133565000001 1333.3750000000002 116786.62000000001 354.69549377823824 0.012127624993155527 0.0084896407902006078 107055.68248259707 109315.11500000002 91060.108522751907 1045.0772375851159 1757.8783650000003 0.0037901791022297016 1042.3200000000008 190.11499999999799 164.01795557964218 2858.0394916600007 -0.88043865569325186 1752.1141580000001 169.33499999999916
decision_type=2 2 2 2 2 2 2 2 2 2 2 2 2 2 2 2 2 2 2 2 2 2 2 2 2 2 2 2 2 2
left_child=1 2 4 -4 5 -1 -6 -2 21 10 11 12 17 14 15 16 -14 19 -19 -10 -15 28 -23 29 25 -25 -26 -28 -3 -24
right_child=7 8 3 -5 6 -7 -8 -9 9 -11 -12 -13 13 20 -16 -17 -18 18 -20 -21 -22 22 23 24 26 -27 27 -29 -30 -31
leaf_value=9.3437800892819983e-07 1.5027526540287705e-05 -2.1497032806708632e-06 -5.498883925169514e-05 -2.3735626233393472e-05 -4.7594185174927128e-05 -3.6758406407555738e-06 0.0001296871923472868 -1.0500017727412946e-07 1.7399617122219355e-05 -9.3167199469940552e-06 0.00010508902367329329 7.4308960087083031e-05 -4.7085742396229657e-05 4.7780429945696158e-05 -7.27526209734146e-05 -2.1917934464868753e-05 3.9889420756843304e-05 -5.7090374963780989e-06 2.1220818371515376e-06 9.4216369943828173e-06 -1.5009654083204438e-06 -1.317903710652897e-05 1.4857468158267264e-07 3.0064471715276024e-05 -6.813999385984374e-05 -1.8815965789524678e-06 -0.00013440700752818057 -3.0773806484181629e-06 6.2984645249440163e-07 2.3698519018833526e-05
leaf_weight=39 22 30 31 23 20 38 24 20 38 48 29 32 61 24 37 23 25 20 86 50 20 34 32 49 26 67 31 158 458 35
leaf_count=39 22 30 31 23 20 38 24 20 38 48 29 32 61 24 37 23 25 20 86 50 20 34 32 49 26 67 31 158 458 35
internal_value=0.000276074 6.29723e-05 -0.00442857 -0.012963 -0.000619835 -0.00422078 0.00568182 0.00833333 0.00061925 0.00248479 0.00342697 0.00252404 0.00169271 -0.00184211 -0.00445205 -0.0016055 0.00174419 0.00515464 0.00141509 0.00965909 0.00681818 -0.000380435 -0.00231481 -0.00138191 -0.00324773 0.00172414 -0.00593023 -0.00410053 0.00133197 0.00783582
internal_weight=1630 1588 175 54 121 77 44 42 1413 493 445 416 384 190 146 109 86 194 106 88 44 920 432 398 331 116 215 189 488 67
internal_count=1630 1588 175 54 121 77 44 42 1413 493 445 416 384 190 146 109 86 194 106 88 44 920 432 398 331 116 215 189 488 67
is_linear=0
shrinkage=0.05


Tree=118
num_leaves=31
num_cat=0
split_feature=24 42 23 22 26 32 32 22 42 16 16 24 16 23 32 23 39 15 16 21 20 3 4 20 21 22 20 5 17 22
split_gain=1.13667 1.50871 1.48159 1.09746 1.16667 1.16118 2.09352 1.30407 2.44096 2.27098 3.07302 2.1584 2.03697 2.89626 1.98696 1.89118 1.61603 1.49875 1.24945 1.20099 1.54464 1.41731 1.05116 1.03875 1.02724 1.01968 1.37866 1.95157 1.32103 1.96877
threshold=3269.2115639000008 453.17679828287925 0.60273627699035359 1392.1248095000003 108418.00595820717 5224.7219485488467 4782.3215611964488 2445.0275747500004 -167.02675055741022 0.007063339820031809 0.0073248956013079866 3064.8773477000009 0.0062607660039437499 -0.77034647851684135 1072.6969541077053 -0.95422736866703639 1113.1635714285717 0.0082658941808390063 0.0058173535605015791 105.13499999999478 99.195000000006999 114645.63500000002 1728.8327300000003 230.00000000000003 174.41999999999828 2668.0054342500002 79.199999999997104 0.0033108186608071769 0.007749319526973524 3829.1841377500009
decision_type=2 2 2 2 2 2 2 2 2 2 2 2 2 2 2 2 2 2 2 2 2 2 2 2 2 2 2 2 2 2
left_child=1 3 25 4 -1 6 7 8 -5 -9 -11 12 13 15 19 -10 17 22 -16 -15 -21 -22 24 -4 -14 -2 27 -27 -28 -30
right_child=2 -3 23 5 -6 -7 -8 9 11 10 -12 -13 16 14 18 -17 -18 -19 -20 20 21 -23 -24 -25 -26 26 28 -29 29 -31
leaf_value=2.7410554317999228e-06 -2.1217565623049005e-05 8.9826098372765056e-06 -2.2772280456668446e-05 2.2246858416349984e-06 -4.7539623578558995e-05 -3.1361191862410985e-06 2.5040582829200054e-05 -2.6437249740219639e-06 2.509059307721426e-07 6.0720559264835216e-05 4.8624170715644983e-07 9.1604226251083446e-05 9.527486171695532e-07 3.5313142197579285e-05 -1.3399797647221046e-06 -7.8537790689916912e-05 -5.5275447821816761e-05 1.0035757781212794e-05 2.2756128483090554e-05 0.00010799465694812747 1.5127129191883971e-05 -1.1347582344724514e-05 -7.5941247252736999e-05 -2.0069153910831617e-05 -4.8831516742200354e-06 2.3858884920647255e-05 -4.1931577222769244e-06 -7.8363251935853684e-06 3.7184222022846561e-06 -3.1401787284089449e-06
leaf_weight=21 24 44 36 65 21 28 23 203 27 28 252 26 20 26 54 31 24 20 20 23 49 26 26 67 21 40 49 26 104 206
leaf_count=21 24 44 36 65 21 28 23 203 27 28 252 26 20 26 54 31 24 20 20 23 49 26 26 67 21 40 49 26 104 206
internal_value=0.000214724 0.00115955 -0.00163043 0.000773694 -0.00714286 0.00110887 0.00140041 0.00103613 0.0029476 -0.000776398 0.00214286 0.0014631 0.000476839 0.00292969 0.00580808 -0.00689655 -0.00518018 -0.00201149 -0.000675676 0.00967742 0.00714286 0.00366667 -0.00559701 -0.00703883 -0.000609756 -0.000389755 0.000176471 0.00681818 -0.00104457 0.00016129
internal_weight=1630 1078 552 1034 42 992 964 941 458 483 280 393 367 256 198 58 111 87 74 124 98 75 67 103 41 449 425 66 359 310
internal_count=1630 1078 552 1034 42 992 964 941 458 483 280 393 367 256 198 58 111 87 74 124 98 75 67 103 41 449 425 66 359 310
is_linear=0
shrinkage=0.05


Tree=119
num_leaves=31
num_cat=0
split_feature=0 27 22 22 22 22 17 28 38 38 21 42 41 15 13 21 20 32 19 0 7 9 39 38 0 9 3 20 11 9
split_gain=1.69431 1.55546 1.78976 1.19085 1.67089 1.73232 2.41291 2.17994 1.86667 2.36635 1.74409 3.04153 1.87835 1.75362 1.58892 1.5102 1.49441 1.48608 1.68758 1.45055 1.69621 2.57742 1.37589 1.93797 1.36249 1.49849 2.72941 2.36293 2.21744 1.80375
threshold=119090.97500000002 118489.18425000002 3122.3332489000004 2498.1794637500007 2652.5292218999998 2797.8069517500003 0.0060403957688723482 139.03358526664672 39.874351324842053 42.974403743838863 142.50000000000003 -90.315306639275079 -1406.4887387586043 0.0097679253752820678 -0.0012337434718192092 57.41500000000088 577.8050000000004 2475.8883428135819 693.62999999999749 86904.590000000011 0.0056600189717029717 0.0071970383755070536 1284.2317857142859 23.537530088650865 117643.22000000002 0.0015516155043173861 111037.72000000002 71.429999999993029 0.013435855766561344 -0.010501390837196367
decision_type=2 2 2 2 2 2 2 2 2 2 2 2 2 2 2 2 2 2 2 2 2 2 2 2 2 2 2 2 2 2
left_child=3 -2 -3 14 -5 7 -7 -6 15 -10 11 -11 -12 17 -1 -8 24 18 -13 -16 21 -21 23 -17 25 27 28 -14 -27 -29
right_child=1 2 -4 4 5 6 8 -9 9 10 12 13 16 -15 19 22 -18 -19 -20 20 -22 -23 -24 -25 -26 26 -28 29 -30 -31
leaf_value=1.3760590165722964e-06 -3.902564847735426e-05 1.4840542693270815e-05 -4.5525254875517054e-06 -2.1984592835391089e-06 1.8251725601388092e-05 -4.2033804283057154e-06 9.9788302911759956e-06 -3.9437800942367793e-07 3.7534635776958583e-05 -1.1571510159281488e-05 -2.4590989368586348e-05 -4.0672203335662659e-07 1.7620968206922877e-05 -2.6505545418368301e-05 0.00010274213614764184 2.6091672744274589e-07 8.9281670453218684e-06 -6.2373097976301072e-06 7.2237551132821411e-06 1.7719502731848145e-08 -6.177181501735137e-06 3.9551054894368573e-05 -3.3445903254602032e-06 -5.0186355993904952e-05 1.5650158277113944e-05 -1.9637957548435788e-05 -6.3344413276379964e-05 -1.3223532778418524e-05 3.0093986607837771e-06 7.1661521748822522e-06
leaf_weight=229 25 26 33 79 52 26 22 32 53 30 20 20 24 23 21 24 64 20 29 195 95 22 172 37 22 62 20 22 54 77
leaf_count=229 25 26 33 79 52 26 22 32 53 30 20 20 24 23 21 24 64 20 29 195 95 22 172 37 22 62 20 22 54 77
internal_value=0.000368098 -0.00654762 -0.00211864 0.000743855 -0.000304878 0.000303867 -0.000395859 0.00714286 9.43396e-05 0.00175926 0.000667351 -0.0045082 0.00239726 0 0.00258007 -0.00343137 0.00326087 0.00398551 0.00867347 0.000375375 -0.000480769 0.00195853 -0.00461373 -0.0110656 0.00169039 0.000675676 -0.00294118 0.0046748 0 0.00126263
internal_weight=1630 84 59 1546 984 905 821 84 795 540 487 122 365 92 562 255 345 69 49 333 312 217 233 61 281 259 136 123 116 99
internal_count=1630 84 59 1546 984 905 821 84 795 540 487 122 365 92 562 255 345 69 49 333 312 217 233 61 281 259 136 123 116 99
is_linear=0
shrinkage=0.05


end of trees

feature_importances:
volume_zscore_50=192
upper_wick=174
log_return_12=168
lower_wick=162
volume_zscore_20=154
log_return_3=153
volume=147
candle_range=142
log_return_2=140
log_return_1=132
vol_std_10=130
price_minus_ema_200=129
volume_mean_50=126
rsi=120
log_return_6=119
atr=114
macd_signal=110
macd_hist=110
volume_mean_20=108
vol_std_20=107
macd=100
vol_std_50=93
candle_body=81
open=80
price_minus_ema_50=77
price_minus_ema_20=70
ema_200=66
sma_200=55
sma_50=52
high=47
ema_20=36
ema_50=35
close=28
low=26
sma_20=17

parameters:
[boosting: gbdt]
[objective: quantile]
[metric: quantile]
[tree_learner: serial]
[device_type: cpu]
[data_sample_strategy: bagging]
[data: ]
[valid: ]
[num_iterations: 120]
[learning_rate: 0.05]
[num_leaves: 31]
[num_threads: 0]
[seed: 42]
[deterministic: 0]
[force_col_wise: 0]
[force_row_wise: 0]
[histogram_pool_size: -1]
[max_depth: -1]
[min_data_in_leaf: 20]
[min_sum_hessian_in_leaf: 0.001]
[bagging_fraction: 1]
[pos_bagging_fraction: 1]
[neg_bagging_fraction: 1]
[bagging_freq: 0]
[bagging_seed: 400]
[bagging_by_query: 0]
[feature_fraction: 1]
[feature_fraction_bynode: 1]
[feature_fraction_seed: 30056]
[extra_trees: 0]
[extra_seed: 12879]
[early_stopping_round: 0]
[early_stopping_min_delta: 0]
[first_metric_only: 0]
[max_delta_step: 0]
[lambda_l1: 0]
[lambda_l2: 0]
[linear_lambda: 0]
[min_gain_to_split: 0]
[drop_rate: 0.1]
[max_drop: 50]
[skip_drop: 0.5]
[xgboost_dart_mode: 0]
[uniform_drop: 0]
[drop_seed: 17869]
[top_rate: 0.2]
[other_rate: 0.1]
[min_data_per_group: 100]
[max_cat_threshold: 32]
[cat_l2: 10]
[cat_smooth: 10]
[max_cat_to_onehot: 4]
[top_k: 20]
[monotone_constraints: ]
[monotone_constraints_method: basic]
[monotone_penalty: 0]
[feature_contri: ]
[forcedsplits_filename: ]
[refit_decay_rate: 0.9]
[cegb_tradeoff: 1]
[cegb_penalty_split: 0]
[cegb_penalty_feature_lazy: ]
[cegb_penalty_feature_coupled: ]
[path_smooth: 0]
[interaction_constraints: ]
[verbosity: -1]
[saved_feature_importance_type: 0]
[use_quantized_grad: 0]
[num_grad_quant_bins: 4]
[quant_train_renew_leaf: 0]
[stochastic_rounding: 1]
[linear_tree: 0]
[max_bin: 255]
[max_bin_by_feature: ]
[min_data_in_bin: 3]
[bin_construct_sample_cnt: 200000]
[data_random_seed: 175]
[is_enable_sparse: 1]
[enable_bundle: 1]
[use_missing: 1]
[zero_as_missing: 0]
[feature_pre_filter: 1]
[pre_partition: 0]
[two_round: 0]
[header: 0]
[label_column: ]
[weight_column: ]
[group_column: ]
[ignore_column: ]
[categorical_feature: ]
[forcedbins_filename: ]
[precise_float_parser: 0]
[parser_config_file: ]
[objective_seed: 16083]
[num_class: 1]
[is_unbalance: 0]
[scale_pos_weight: 1]
[sigmoid: 1]
[boost_from_average: 1]
[reg_sqrt: 0]
[alpha: 0.5]
[fair_c: 1]
[poisson_max_delta_step: 0.7]
[tweedie_variance_power: 1.5]
[lambdarank_truncation_level: 30]
[lambdarank_norm: 1]
[label_gain: ]
[lambdarank_position_bias_regularization: 0]
[eval_at: ]
[multi_error_top_k: 1]
[auc_mu_weights: ]
[num_machines: 1]
[local_listen_port: 12400]
[time_out: 120]
[machine_list_filename: ]
[machines: ]
[gpu_platform_id: -1]
[gpu_device_id: -1]
[gpu_use_dp: 0]
[num_gpu: 1]

end of parameters

pandas_categorical:[]
