tree
version=v4
num_class=1
num_tree_per_iteration=1
label_index=0
max_feature_idx=42
objective=quantile
feature_names=open high low close volume log_return_1 return_1 log_return_2 return_2 log_return_3 return_3 log_return_6 return_6 log_return_12 return_12 vol_std_10 vol_std_20 vol_std_50 candle_body candle_range upper_wick lower_wick volume_mean_20 volume_zscore_20 volume_mean_50 volume_zscore_50 ema_20 sma_20 price_minus_ema_20 slope_ema_20 ema_50 sma_50 price_minus_ema_50 slope_ema_50 ema_200 sma_200 price_minus_ema_200 slope_ema_200 rsi atr macd macd_signal macd_hist
feature_infos=[75073.339999999997:125410.8] [76868.279999999999:126199.63] [74508:124800] [75073.330000000002:125410.81] [340.57663000000002:41734.73429] [-0.051762534026410414:0.063610354885484915] [-0.050445673085000586:0.065677081985037189] [-0.057546369862841076:0.077005607989813582] [-0.055921887401147452:0.080048133274546407] [-0.074972883538717477:0.080438707871954701] [-0.07223135621003085:0.083762418501585056] [-0.11058245204570148:0.085508649956967234] [-0.10468749320164461:0.089270983450447705] [-0.10598322184750306:0.092593775538753087] [-0.10056026111357341:0.097016010004315589] [0.0012133157954555224:0.029033061964449523] [0.0026553607375538702:0.024014575640068085] [0.0038415284704402292:0.018848158326120825] [-4383.7200000000012:5074.070000000007] [141.58999999999651:15214.639999999999] [0:3132.4100000000035] [0:10774.5] [1069.1190555000001:10559.11088] [-1.7848604440839944:4.1200587279656391] [1550.0915938000001:7028.6691156000006] [-1.5789049112738824:6.4711646594253676] [78482.938449553287:123285.86484806422] [78276.484499999991:123511.78399999999] [-8375.9843059019331:5642.7772138774453] [-881.68255851598224:593.97654882920324] [80605.527076710467:121101.63388453695] [80752.497999999992:122249.3198] [-10975.066404110796:8382.2813502118079] [-447.96189404533652:342.13393266170169] [83734.36461442399:116925.39951511516] [83235.8799:117624.01245000001] [-20061.639967127063:13717.513945779021] [-201.62452228268376:137.86446176661411] [8.6739813567826758:93.755215326931904] [420.77499999999833:3026.9835714285718] [-3060.2893734303652:2402.7765626512555] [-2561.2840826429788:2152.5902854798824] [-1257.8768198701616:819.04688810727021]
tree_sizes=2785 2868 2877 2882 2892 2883 2880 2898 2890 2896 2914 2916 2913 2902 2893 2907 2909 2908 2914 2910 2902 2914 2904 2880 2900 2915 2904 2913 2924 2915 2928 2916 2928 2911 2944 2895 2900 2896 2920 2909 2911 2918 2925 2901 2905 2920 2903 2894 2906 2946 2918 2921 2932 2920 2927 2928 2910 2907 2929 2908 2902 2906 2926 2919 2918 2918 2924 2896 2927 2927 2908 2889 2904 2912 2927 2892 2912 2938 2936 2930 2879 2924 2912 2919 2922 2925 2926 2887 2930 2914 2915 2889 2912 2914 2900 2910 2927 2928 2914 2891 2903 2890 2912 2903 2921 2885 2921 2897 2902 2894 2926 2892 2876 2889 2871 2891 2890 2887 2873 2914

Tree=0
num_leaves=31
num_cat=0
split_feature=11 25 3 15 24 36 38 13 21 0 26 0 0 5 20 34 35 16 40 41 24 16 42 22 11 5 32 21 17 31
split_gain=3.32051 2.38718 3.0622 1.58247 1.47486 1.37592 1.17652 1.58801 1.57467 1.07104 1.2495 1.04944 1.21354 0.816608 1.31483 0.616333 0.51735 0.782021 0.568937 0.558852 0.429501 0.420513 0.341254 0.664324 0.472397 1.41037 0.343932 0.283641 0.411664 0.274725
threshold=-0.036816721146278784 -0.35125786713164814 103965.205 0.014776657778903756 4298.7732656500002 -3824.6974471069766 68.611311481350285 0.029936382955939676 378.57499999999715 98782.49000000002 103000.41327863415 90963.22500000002 88206.840000000011 0.0070247593649631042 357.14500000000413 83914.608145538121 114677.91620000002 0.0058753857307922179 -1206.1385614703538 642.8827295169807 3684.6347729000008 0.0071734393238612471 71.281286098207161 1937.4638692500005 0.0053207071357336258 0.0028816112164118716 -1459.1201344218059 249.42499999999566 0.010450751470169117 118266.04850000002
decision_type=2 2 2 2 2 2 2 2 2 2 2 2 2 2 2 2 2 2 2 2 2 2 2 2 2 2 2 2 2 2
left_child=4 15 3 9 -1 -5 16 8 -8 11 -11 12 13 14 -3 -2 29 -18 -19 -20 -12 -9 -17 -24 25 26 -25 -13 -29 -4
right_child=1 2 6 5 -6 -7 7 21 -10 10 20 27 -14 -15 -16 22 17 18 19 -21 -22 -23 23 24 -26 -27 -28 28 -30 -31
leaf_value=0.0093262489750277726 0.0090877064330643527 0.0088328462614727966 0.0089594649919012108 0.0094082119109101248 0.0097154762323133255 0.0093941368386712409 0.0093057209729648267 0.0088692720627646885 0.0093936811728648987 0.0095778807251962195 0.009199756248027758 0.0089123604593587501 0.0096445313543195958 0.0088967731955688738 0.0093979513378782409 0.0088924539299695578 0.0094273883824114394 0.0091910898269776716 0.0088968464370805973 0.0091357979623597207 0.0089037626223475441 0.0094402107540275341 0.0093665049177234401 0.0090757070290359513 0.008895357386812703 0.0093841523987703845 0.0088662615583542884 0.0091118084561266251 0.0088413003689299836 0.0090939364014291472
leaf_weight=31 24 26 252 21 25 23 37 41 22 20 20 38 21 23 22 473 21 23 73 22 21 24 20 29 136 20 48 33 20 21
leaf_count=31 24 26 252 21 25 23 37 41 22 20 20 38 21 23 22 473 21 23 73 22 21 24 20 29 136 20 48 33 20 21
internal_value=0.00906387 0.0086382 0.0104959 0.0146541 0.0210282 0.0233821 0.00826163 0.0125316 0.0184707 0.0130803 0.018818 0.0111677 0.0149334 0.0118104 0.0155222 0.0065972 0.00697649 0.00945955 0.00787743 0.00616913 0.01382 0.00714079 0.0063366 0.00781881 0.00706816 0.00973397 0.00666127 0.00736057 0.00972425 0.00571222
internal_weight=1630 1574 824 288 56 44 536 124 59 244 61 183 92 71 48 750 412 139 118 95 41 65 726 253 233 97 77 91 53 273
internal_count=1630 1574 824 288 56 44 536 124 59 244 61 183 92 71 48 750 412 139 118 95 41 65 726 253 233 97 77 91 53 273
is_linear=0
shrinkage=1


Tree=1
num_leaves=31
num_cat=0
split_feature=11 25 3 15 24 19 0 21 36 38 13 21 5 1 39 34 38 9 5 35 34 16 13 13 31 11 7 17 4 41
split_gain=3.37178 2.02334 2.21044 1.48667 1.47486 1.07035 1.1228 1.43027 1.03068 0.918822 1.35933 1.17944 0.843758 0.906472 0.719438 0.605953 0.49789 0.639787 0.835629 1.32759 0.637898 0.420513 0.4 0.342062 0.33438 0.389642 0.43273 0.580248 1.62009 0.356044
threshold=-0.036816721146278784 -0.35125786713164814 103965.205 0.014776657778903756 4298.7732656500002 2241.4550000000022 98782.49000000002 343.56500000000239 -3824.6974471069766 68.611311481350285 0.029936382955939676 378.57499999999715 0.0057984163048374051 92332.580000000002 1142.224285714286 83914.608145538121 55.291255954175561 -0.0056762007524048244 0.0037332057427448867 114677.91620000002 112777.56496066936 0.0071734393238612471 -0.0012337434718192092 0.0087040896389483109 115541.45540000002 -0.021661009865426167 -0.0024137697069695511 0.0065160083903979468 1435.9235250000004 -131.69429332510975
decision_type=2 2 2 2 2 2 2 2 2 2 2 2 2 2 2 2 2 2 2 2 2 2 2 2 2 2 2 2 2 2
left_child=4 15 3 5 -1 6 12 -8 -5 16 11 -11 13 14 22 -2 17 -4 19 20 -19 -12 -3 -15 25 -17 -27 28 29 -28
right_child=1 2 9 8 -6 -7 7 -9 -10 10 21 -13 -14 23 -16 24 -18 18 -20 -21 -22 -23 -24 -25 -26 26 27 -29 -30 -31
leaf_value=0.00024925764300695548 2.2642228141705158e-05 -0.00016095906125201151 -7.5434372264423073e-05 0.00032712243209518933 0.00061902353742822932 -0.0001532845134527182 0.00048006904496337581 0.0001001350426355839 0.00031375111346824969 0.00022975604104715549 -0.00018487042364297547 0.00031331823095222423 -0.00011156142441543071 6.4565844553652303e-05 0.00061498519529483344 6.3854768817870304e-05 -0.00016990180860600881 9.6151661738542741e-05 -0.00010607301543991326 0.00024434969891648668 -9.8181918694143465e-05 0.00035752133305672783 0.00029465046176185817 -0.00014208044823412464 -0.00026524728117787534 -0.00016060406018299003 9.0768445893117577e-05 -0.00015574121484545269 0.0003318488932559682 -0.000182810074399733
leaf_weight=31 24 20 132 21 25 44 21 28 23 37 41 22 39 20 21 21 139 34 54 26 27 24 20 31 126 180 26 272 36 65
leaf_count=31 24 20 132 21 25 44 21 28 23 37 41 22 39 20 21 21 139 34 54 26 27 24 20 31 126 180 26 272 36 65
internal_value=-9.20257e-05 -0.000520967 0.00118932 0.00472222 0.0119643 0.00319672 0.00475 0.0113265 0.0131818 -0.000708956 0.00306451 0.00855932 0.00261589 0.00482143 0.00893443 -0.0024 -0.00184466 -0.000604397 0.00173759 0.00477011 0.000737704 -0.00192308 0.005 -9.80404e-05 -0.0026584 -0.00216667 -0.00240933 -0.00149123 0.00129921 -0.00225275
internal_weight=1630 1574 824 288 56 244 200 49 44 536 124 59 151 112 61 750 412 273 141 87 61 65 40 51 726 600 579 399 127 91
internal_count=1630 1574 824 288 56 244 200 49 44 536 124 59 151 112 61 750 412 273 141 87 61 65 40 51 726 600 579 399 127 91
is_linear=0
shrinkage=0.05


Tree=2
num_leaves=31
num_cat=0
split_feature=0 25 36 19 20 19 11 17 9 7 21 38 23 39 42 1 34 9 17 9 16 41 0 39 7 4 25 24 35 19
split_gain=2.73131 2.03561 1.84091 1.0556 1.00756 0.845917 0.816676 1.28106 1.19093 1.51112 1.20264 1.08607 1.00385 0.653333 0.537202 0.501075 0.8361 0.372161 0.462221 0.361593 0.654762 0.353571 0.320013 0.292984 0.279787 0.425179 2.25734 0.497075 0.320515 0.379873
threshold=82361.040000000023 -0.29063738902753444 -6161.1361779568242 1737.7899999999938 193.31000000000498 855.06500000000244 -0.02263394145482555 0.0079322660144224618 -0.00038005707679511866 0.0010542309726722277 308.435000000005 51.650914104623887 1.1403084445977998 936.25607142857245 -351.11337861189304 105498.99500000001 91060.108522751907 -0.017666773713189355 0.014457592906047161 0.016475679198028396 0.0083124121574755308 -608.6934290748319 118125.90000000001 602.28607142857129 -0.0026610121216011236 1435.9235250000004 -0.76331330015115006 2415.7756809000007 101354.58097500003 1086.2399999999982
decision_type=2 2 2 2 2 2 2 2 2 2 2 2 2 2 2 2 2 2 2 2 2 2 2 2 2 2 2 2 2 2
left_child=-1 17 3 -3 15 13 7 -7 21 -10 19 -12 -13 -6 -5 16 -4 -2 23 -11 -21 -8 -17 -19 -25 -26 -27 -28 29 -29
right_child=1 2 4 14 5 6 8 -9 9 10 11 12 -14 -15 -16 22 -18 18 -20 20 -22 -23 -24 24 25 26 27 28 -30 -31
leaf_value=0.00043355733802153486 2.7195412455832946e-05 0.00049055552396990105 -4.5160456396774358e-05 0.00028002111869548631 0.00029273372210119361 -5.4692778246138307e-05 0.00012064224248113149 0.00025178835725983589 0.00015244288107136582 -0.00019395872733415524 0.00024913398540923366 0.00010820242270833756 -0.00022898853170466566 0.00017577770459695035 -0.00011746738426053816 -0.00017823702485498949 0.00017084141383090035 2.0963473971923364e-05 1.7856976576664536e-05 0.00035053895286384979 -0.00012256977859132227 -8.8325908519598249e-05 9.0618808518486047e-06 -0.00014644079312915284 -0.00022118870911350225 0.00038168211152886595 1.326604913389626e-05 -0.00014636056948628043 -0.00016481634776706995 0.00020099740816944425
leaf_weight=35 22 32 40 24 20 23 21 21 27 65 23 36 29 30 32 156 39 38 20 20 22 99 33 202 250 29 29 69 124 20
leaf_count=35 22 32 40 24 20 23 21 21 27 65 23 36 29 30 32 156 39 38 20 20 22 99 33 202 250 29 29 69 124 20
internal_value=-0.0002454 -0.000548591 0.00125 0.00806818 0.000397726 0.00188073 0.00108808 0.0075 0.000263157 0.00243243 0.000897435 0.00522727 0.00192308 0.008 0.00392857 -0.00201493 0.00132911 -0.00232254 -0.0025032 -0.00266355 0.00095238 -0.00375 -0.0034127 -0.0027004 -0.00292531 -0.00231286 -0.000940961 -0.00252066 -0.00335681 -0.00106742
internal_weight=1630 1595 792 88 704 436 386 44 342 222 195 88 65 50 56 268 79 803 781 107 42 120 189 761 723 521 271 242 213 89
internal_count=1630 1595 792 88 704 436 386 44 342 222 195 88 65 50 56 268 79 803 781 107 42 120 189 761 723 521 271 242 213 89
is_linear=0
shrinkage=0.05


Tree=3
num_leaves=31
num_cat=0
split_feature=0 25 26 41 5 9 13 39 7 17 25 5 15 24 20 38 9 9 41 35 4 25 23 20 18 17 5 4 9 9
split_gain=2.7192 1.74847 2.26338 1.73911 1.08462 2.19126 0.815844 0.877374 0.778241 1.74238 0.728746 0.700896 0.694795 0.86217 0.625 0.475955 0.398729 0.652469 0.686104 0.524138 0.38411 0.656145 1.19779 0.666807 0.468399 1.54195 0.642756 0.427149 0.301233 0.2625
threshold=82361.040000000023 -0.31894159071597711 103000.41327863415 -105.34115373436988 -0.005429804362647366 0.013464636144340687 -0.041231615956225265 905.55357142857099 0.0045731047407288894 0.005574849911351311 2.6858264410752821 0.0041381215269343423 0.0072559999569265935 3007.2107386000012 239.88999999999945 54.176683387143335 -0.004526129356487261 0.0045436720257571719 382.85303291396707 114389.319925 1187.0027650000004 -0.76080292544907901 -0.65988609628037542 80.880000000004671 236.67500000000294 0.0065904748928852204 0.0040857656405229549 1564.2009100000002 -0.015521493547156196 0.012668235461781743
decision_type=2 2 2 2 2 2 2 2 2 2 2 2 2 2 2 2 2 2 2 2 2 2 2 2 2 2 2 2 2 2
left_child=-1 20 3 4 -3 11 14 8 9 -8 16 -6 -5 -14 -4 -15 -9 18 19 -18 -2 22 23 -22 28 26 -26 -25 -23 -10
right_child=1 2 6 12 5 -7 7 10 29 -11 -12 -13 13 15 -16 -17 17 -19 -20 -21 21 24 -24 27 25 -27 -28 -29 -30 -31
leaf_value=0.00041187947112045811 -0.0001871172210426832 0.00010289246429427486 -1.4952282946766044e-05 -5.0431770452173643e-05 0.00079142968735277947 3.2973387504470404e-05 -0.00010208547342305133 -0.00014389010082073491 -0.00017651681933741501 0.00035572082343938581 7.9525564771310172e-05 0.00050401302570270308 0.00026675602952386333 3.6252599950031147e-05 0.00019375525374441702 -0.00012048649162794235 -0.00012701251296050848 -9.8577319000418679e-05 0.00019615850676188212 2.027956772748384e-05 4.1874901649401076e-05 2.8016343856147017e-06 0.00021904077521579712 -0.00028853960188548718 0.00014973709790290314 -0.0001516019425757619 0.00022794528029845804 0.00031047645972156172 -0.0001388459545818069 0.00013104529508238698
leaf_weight=35 210 33 20 52 22 27 26 152 28 34 21 21 27 20 20 46 38 157 37 20 20 21 24 59 21 101 22 26 270 20
leaf_count=35 210 33 20 52 22 27 26 152 28 34 21 21 27 20 20 46 38 157 37 20 20 21 24 59 21 101 22 26 270 20
internal_value=-0.000214725 -0.000517243 0.00109013 0.00508064 0.0100485 0.0135714 -0.000636999 -0.00115385 0.00287037 0.00666667 -0.00217647 0.0205814 0.00155172 0.00413978 0.00625 0.0010606 -0.00264852 -0.00142857 0.0018421 -0.00155173 -0.00222222 -0.00154255 0.00158915 -0.000714287 -0.00247127 -0.00013889 0.0077907 -0.00264706 -0.00362543 -0.001875
internal_weight=1630 1595 821 248 103 70 573 533 108 60 425 43 145 93 40 66 404 252 95 58 774 564 129 105 435 144 43 85 291 48
internal_count=1630 1595 821 248 103 70 573 533 108 60 425 43 145 93 40 66 404 252 95 58 774 564 129 105 435 144 43 85 291 48
is_linear=0
shrinkage=0.05


Tree=4
num_leaves=31
num_cat=0
split_feature=0 25 3 41 19 21 15 38 7 5 13 36 16 35 9 21 27 38 11 24 28 15 16 7 17 25 20 5 0 21
split_gain=2.75562 1.82131 1.69684 1.24977 1.27967 2.40445 0.888942 0.754492 1.43074 2.00119 0.741026 0.73866 0.568484 0.689723 0.815204 0.51979 0.432084 0.631169 0.425625 0.884155 0.625 0.424808 0.704167 0.316576 1.09088 0.440554 0.28103 0.277218 0.259009 0.180952
threshold=82361.040000000023 -0.31894159071597711 103965.205 -105.34115373436988 1998.2300000000034 496.02500000000151 0.014267740015385067 68.611311481350285 0.0074861296049119064 8.0417988396035522e-05 -0.041752376882367069 8293.2421473620943 0.0059591007227464887 114677.91620000002 0.0059415956200461213 242.38999999999945 118311.93550000002 51.563536815496789 -0.014950142522045736 3206.9675436000007 -1193.8453554302903 0.0072559999569265935 0.0069978839502736643 0.0048536374852922006 0.0063010846251495842 -0.77785023867840219 479.52999999999889 0.0060225472432087991 92209.340000000011 917.28000000000623
decision_type=2 2 2 2 2 2 2 2 2 2 2 2 2 2 2 2 2 2 2 2 2 2 2 2 2 2 2 2 2 2
left_child=-1 18 3 4 5 15 -6 10 9 -9 -4 21 13 14 -12 -3 29 -18 19 -2 -21 -5 -23 27 -25 -26 -10 -20 -24 -14
right_child=1 2 7 11 6 -7 -8 8 26 -11 12 -13 16 -15 -16 -17 17 -19 23 20 -22 22 28 24 25 -27 -28 -29 -30 -31
leaf_value=0.00039128549756443524 -0.0001885583661982202 0.00029103472984082977 0.00014586660172500316 -4.4398645613550011e-05 -8.4065007450972865e-05 0.00059448707578657264 9.2607828134233093e-05 -0.00013681525189866334 -0.00019568920877162212 0.00045298411249217792 -5.1571994148941539e-05 8.7405143026341063e-05 -0.00015859847139350659 0.00027796030453942254 7.2379824144472467e-05 -6.0193936731277301e-05 8.2258820953317138e-05 -0.00010323904425473111 -0.00014872836719649829 -2.1013925907362148e-05 0.00048515279969685104 0.00016795382923237047 3.4669602456627062e-05 0.00024799905575608713 0.00015609978456454455 -0.00018432095349869639 0.00012681819829646863 5.1818609121827126e-05 -0.00012498173566476066 -1.6219326403622316e-05
leaf_weight=35 31 22 26 50 32 28 20 28 40 32 77 25 190 22 26 27 28 27 532 20 20 20 37 32 25 94 21 20 23 20
leaf_count=35 31 22 26 50 32 28 20 28 40 32 77 25 190 22 26 27 28 27 532 20 20 20 37 32 25 94 21 20 23 20
internal_value=-0.00030675 -0.000611286 0.00102923 0.00415493 0.0077907 0.0118831 0.00173077 -0.000623837 0.00285124 0.00833333 -0.00163462 0.00112903 -0.00217949 0.000599999 -0.00111651 0.00520408 -0.00349057 0.000454544 -0.00235142 0.00133803 0.00625 -0.000384617 0.001875 -0.00272404 -0.000695365 -0.00289916 -0.00254098 -0.00327899 -0.000833335 -0.00452381
internal_weight=1630 1595 821 284 129 77 52 537 121 60 416 155 390 125 103 49 265 55 774 71 40 130 80 703 151 119 61 552 60 210
internal_count=1630 1595 821 284 129 77 52 537 121 60 416 155 390 125 103 49 265 55 774 71 40 130 80 703 151 119 61 552 60 210
is_linear=0
shrinkage=0.05


Tree=5
num_leaves=31
num_cat=0
split_feature=0 23 20 0 39 23 25 19 22 9 7 11 21 38 39 15 22 17 20 20 4 25 7 24 23 20 20 21 1 25
split_gain=2.80456 1.57925 1.05731 0.87833 0.930212 0.743823 0.909048 0.657957 0.791209 0.656386 1.09005 1.38709 0.711704 0.782572 0.678508 0.634615 0.638242 1.12325 0.625 0.555769 0.456808 0.724042 1.27895 0.598978 0.448494 0.382511 0.364138 0.311248 0.368057 0.271418
threshold=82361.040000000023 -0.46224582630607253 1156.6949999999999 90963.22500000002 1524.1571428571428 1.1623572682452126 -0.31894159071597711 680.1800000000004 1889.6246022500004 0.016655312850617544 0.015821060441966826 0.026430110374184308 171.07499999999712 25.470461159841744 986.25857142857114 0.0034889486899042561 1800.2747257500002 0.0066598107206466044 337.08499999999918 357.14500000000413 1435.9235250000004 -0.76080292544907901 0.00051974963450324911 2406.7163747000009 -0.3757950272884823 22.299999999995638 399.92000000000559 1007.5800000000019 118217.72500000002 -0.21340882235239025
decision_type=2 2 2 2 2 2 2 2 2 2 2 2 2 2 2 2 2 2 2 2 2 2 2 2 2 2 2 2 2 2
left_child=-1 20 3 4 5 6 -3 8 -5 12 11 -11 -9 18 15 -15 -17 -18 -14 -8 25 22 -22 -23 -16 -2 -12 28 -26 -25
right_child=1 2 -4 7 -6 -7 19 9 -10 10 26 -13 13 14 24 16 17 -19 -20 -21 21 23 -24 29 27 -27 -28 -29 -30 -31
leaf_value=0.00037172122268621342 4.2145607683227791e-06 -5.7257138499116646e-05 0.00025886160155035915 0.00031495598135986637 0.00018118326446465378 -0.00019424515235526481 0.0004877619932664698 -0.00012935677055567923 -5.8797711451156722e-05 0.00023939054744952904 -0.00017131966262159579 -1.8946504098453634e-05 -2.1140025364130288e-06 -0.00022862891850063854 9.2793897026905705e-06 -3.1431636981894109e-05 0.00030514768806202329 -9.8211269458264362e-06 0.0001701121685158655 0.00032323107287645877 -5.9887958876407764e-05 1.5115854618798642e-05 0.00034677347311421608 -0.00012164514813923768 -0.00012711364612821188 -0.00019698051062141307 4.017717766366515e-05 0.00012813595945546029 3.1424621029246478e-06 0.00011697942121505251
leaf_weight=35 33 42 21 24 30 30 32 155 39 22 33 21 20 22 20 28 28 22 20 20 30 25 27 243 206 275 25 39 43 20
leaf_count=35 33 42 21 24 30 30 32 155 39 22 33 21 20 22 20 28 28 22 20 20 30 25 27 243 206 275 25 39 43 20
internal_value=-0.000429449 -0.000736678 0.000573247 0.000320303 0.00376623 0.00185484 0.00404255 -0.000371579 0.00452381 -0.00080966 0.00292079 0.00895349 -0.0014345 -0.000424108 -0.00107843 0.0025 0.00461538 0.008 0.00625 0.00846154 -0.00262634 -0.00137681 0.00377193 -0.00239583 -0.00224026 -0.00402598 -0.00155173 -0.00274306 -0.00339358 -0.00309886
internal_weight=1630 1595 942 921 154 124 94 767 63 704 101 43 603 448 408 100 78 50 40 52 653 345 57 288 308 308 58 288 249 263
internal_count=1630 1595 942 921 154 124 94 767 63 704 101 43 603 448 408 100 78 50 40 52 653 345 57 288 308 308 58 288 249 263
is_linear=0
shrinkage=0.05


Tree=6
num_leaves=31
num_cat=0
split_feature=3 11 23 36 41 15 15 40 20 11 19 42 20 15 7 11 39 20 34 21 24 4 13 36 19 7 32 21 24 0
split_gain=1.84335 1.76932 1.26747 1.25618 1.08717 1.69718 1.04448 1.00099 0.781417 0.7059 0.735 0.968764 0.650159 0.618658 0.449028 0.693922 0.4363 0.844742 0.915751 0.486997 0.410096 0.887395 0.370726 0.645681 0.364492 0.302459 0.261759 0.602366 0.553459 0.835935
threshold=82999.045000000027 -0.0071795201710518055 -0.55674475789834321 -4476.3577028491409 -44.332123404561223 0.006771301961783706 0.008532406553441849 -1241.3022951198288 318.98500000000064 0.042068126210888498 690.04999999999575 77.086292728533152 1086.6350000000095 0.013838097894102466 -0.003483355449512959 -0.016206576372765669 986.25857142857114 277.50000000000006 112754.00416390451 479.9550000000018 4386.9985057500007 2275.7500900000005 0.0023437831010404181 5391.7564290319506 634.95999999999924 0.010959999326015045 1072.6969541077053 140.33499999999916 3182.5354785000004 107242.86500000002
decision_type=2 2 2 2 2 2 2 2 2 2 2 2 2 2 2 2 2 2 2 2 2 2 2 2 2 2 2 2 2 2
left_child=1 -1 20 4 5 -4 -7 13 -9 10 11 24 14 -8 -12 -16 17 19 -19 -17 26 -22 23 25 -5 -18 -2 28 29 -28
right_child=2 -3 3 9 -6 6 7 8 -10 -11 12 -13 -14 -15 15 16 22 18 -20 -21 21 -23 -24 -25 -26 -27 27 -29 -30 -31
leaf_value=0.00044312604525828265 -0.00016735758517523756 -5.8430089411302431e-06 0.000413565827767494 -0.00016742081933846428 -0.00015145378278260207 -0.00018514488009575183 0.00029549897388786461 0.00013566944598025982 0.00024079764309343986 0.00037613936555799864 -4.9446976138592903e-05 0.0002830888331280542 0.0002488835366507883 -2.7108050319526349e-05 6.6525335582544735e-06 -0.00013306759867373673 -0.0001141869903283869 0.00026693138911665663 -8.471096833813943e-05 0.00010855292194899042 8.2333033583381992e-05 -0.00015858009101726113 -0.00012284828067928033 2.6465884799802254e-05 0.00040240540417005202 1.0724277457021294e-05 0.00030235426088107094 -0.00016220273226227167 -0.00021844589754106784 -2.7903711472797723e-05
leaf_weight=30 326 26 24 38 28 37 26 20 21 23 228 38 20 21 37 79 41 30 26 20 35 33 194 25 21 20 20 88 22 33
leaf_count=30 326 26 24 38 28 37 26 20 21 23 228 38 20 21 37 79 41 30 26 20 35 33 194 25 21 20 20 88 22 33
internal_value=-0.000521474 0.00839286 -0.000838629 0.000211405 0.00403955 0.00573825 0.0034 0.00636364 0.0120732 -0.000595239 -0.000838434 0.00324742 -0.00138889 0.00138298 -0.00164286 -0.000762713 -0.00132184 0.00080645 0.00571428 -0.0019697 -0.00275584 0.000882352 -0.0025 0.000232557 -0.000762713 -0.00254098 -0.00326176 -0.00162577 0.00166667 0.00443396
internal_weight=1630 56 1574 1017 177 149 125 88 41 840 817 97 720 47 700 472 435 155 56 99 557 68 280 86 59 61 489 163 75 53
internal_count=1630 56 1574 1017 177 149 125 88 41 840 817 97 720 47 700 472 435 155 56 99 557 68 280 86 59 61 489 163 75 53
is_linear=0
shrinkage=0.05


Tree=7
num_leaves=31
num_cat=0
split_feature=28 5 15 38 13 11 23 11 18 18 5 20 25 25 39 4 20 0 19 41 39 25 24 25 32 21 9 41 34 40
split_gain=1.93901 1.78337 1.16309 0.924061 1.1812 0.853716 0.835478 0.810871 0.772835 0.873451 1.5846 0.603062 0.604308 1.29284 0.595416 0.822465 0.348061 0.622254 0.376881 0.403347 0.337613 0.318815 0.288256 0.751036 0.368101 0.60211 0.754143 0.263934 0.621585 0.323239
threshold=-2282.5837582911549 -0.0026804915952604877 0.014455242655773142 52.966522259615672 -0.020960832468559742 -0.022263065496052739 -0.55674475789834321 -0.036816721146278784 -122.24000000000522 542.75000000000739 0.0045159673226497993 91.425000000002925 -0.30687808826898183 -0.17580813818034877 911.72214285714142 5001.6411300000009 484.94999999999715 108557.53500000002 1344.4150000000011 414.72469239440005 743.95071428571316 -0.65977728486855924 4298.7732656500002 -0.7477194274675939 1072.6969541077053 140.33499999999916 -0.00021551769606735648 642.8827295169807 91566.898674356416 819.60093559107202
decision_type=2 2 2 2 2 2 2 2 2 2 2 2 2 2 2 2 2 2 2 2 2 2 2 2 2 2 2 2 2 2
left_child=1 7 6 4 -4 -3 22 -1 20 10 11 -10 21 -14 -15 -16 18 -18 19 -11 -8 -13 24 -24 -2 26 -26 -22 -29 -30
right_child=2 5 3 -5 -6 -7 8 -9 9 16 -12 12 13 14 15 -17 17 -19 -20 -21 27 -23 23 -25 25 -27 -28 28 29 -31
leaf_value=0.0003596149496174247 -0.0001653480059184354 0.00015009332526746153 0.00011661742546379717 -1.021906812643504e-05 0.00025547196469175211 1.888262069840914e-05 2.2990175172032304e-05 -0.00010846923966730996 0.00030350211761116688 -6.888703978261788e-05 0.00046001850403579598 1.9192506743743487e-06 0.00042690274990285374 0.00016229889310651033 -0.00010805746319913347 0.00011612184550353193 -0.00019205995563347184 0.00023284560422598551 -0.00011928677090209067 0.00017472901159804556 -5.9522313042113712e-05 -0.00016970308398695779 0.00019600360648791917 -0.0001367152370286645 -0.00011752745929265548 -0.00015348838226473841 0.00012393960944708895 4.2106940419795374e-05 3.1612625284731112e-05 -0.0001367800047265749
leaf_weight=33 305 31 23 31 22 21 34 62 37 43 30 21 26 25 83 20 27 23 109 24 217 61 34 37 35 85 39 21 20 51
leaf_count=33 305 31 23 31 22 21 34 62 37 43 30 21 26 25 83 20 27 23 109 24 217 61 34 37 35 85 39 21 20 51
internal_value=-0.000613498 0.00486394 -0.00115644 0.00486842 0.00944444 0.0123077 -0.00148188 0.000789472 -0.000527524 0.000671076 0.00242574 0.00122711 0.000296609 0.00214286 7.81238e-05 -0.00160194 -0.00168142 0.002 -0.00272727 0.000223879 -0.00237609 -0.00317073 -0.00303738 -7.04237e-05 -0.00349138 -0.00154088 0.00175676 -0.00289644 -0.000652175 -0.00288733
internal_weight=1630 147 1483 76 45 52 1407 95 872 529 303 273 236 154 128 103 226 50 176 67 343 82 535 71 464 159 74 309 92 71
internal_count=1630 147 1483 76 45 52 1407 95 872 529 303 273 236 154 128 103 226 50 176 67 343 82 535 71 464 159 74 309 92 71
is_linear=0
shrinkage=0.05


Tree=8
num_leaves=31
num_cat=0
split_feature=25 3 23 36 11 34 23 16 39 42 4 21 23 24 28 4 22 38 32 28 23 23 19 5 11 23 41 20 16 15
split_gain=1.96787 2.58197 1.24432 1.46709 1.87726 1.33636 1.225 0.731263 0.599751 1.06018 0.530801 0.524469 0.504167 0.800476 0.41957 0.291796 0.550974 0.403422 0.599388 0.941142 0.41351 0.746118 0.410873 0.404365 0.41957 0.360119 0.31916 0.281579 0.501338 0.691643
threshold=0.03095621992455248 83353.655000000013 0.98238596017319513 -4804.7089960456788 0.023954545350475507 107466.82299746842 0.39341858683614045 0.011547961059181513 1363.6639285714277 -195.70573313039867 2722.1838750000002 595.45499999999458 -0.54709080633670693 3905.7032229000001 531.51281738535192 3050.9223150000003 5612.4744018750007 38.41303604622663 -867.5566781633969 -214.0089779719128 -0.43882720771248479 -0.38501868144038137 690.04999999999575 -9.4886032102546735e-05 -0.0030150467827317761 -0.10169435429868866 -98.572664725672496 460.42000000000559 0.0080063895065377953 0.0072988781353428627
decision_type=2 2 2 2 2 2 2 2 2 2 2 2 2 2 2 2 2 2 2 2 2 2 2 2 2 2 2 2 2 2
left_child=11 -2 3 5 8 -3 -6 27 10 -10 14 15 -13 -14 -5 16 17 -1 19 23 -20 -22 25 24 -19 -23 -24 -4 29 -29
right_child=1 2 7 4 6 -7 -8 -9 9 -11 -12 12 13 -15 -16 -17 -18 18 20 -21 21 22 26 -25 -26 -27 -28 28 -30 -31
leaf_value=-0.00012652912590887659 0.00043194146866753857 0.00043814168027698353 -5.8365257801004842e-05 -0.00022462383994323052 4.073495399393564e-05 0.00025148816737053916 0.00041986632844927203 4.395714806849714e-05 3.6633652294611642e-05 -6.5990516892264108e-05 -9.6116655332747079e-05 -0.00020442308343728943 -2.5289043542779169e-05 0.00032501717838472668 0.00021696648050438571 -4.5431808471144462e-05 0.00019694959770423612 0.00020385798820358103 -0.00014014770352588159 0.00020126778735499976 6.721265653567578e-05 0.0003904028629934087 4.7557294481567846e-05 -0.00014277965109301302 -0.0001112225946473639 -0.00019985976014450337 -0.00011400799375084377 -6.9942627266228829e-05 -0.00015781289395449931 0.0002701583673107499
leaf_weight=173 28 22 138 21 20 33 20 20 24 34 96 20 35 25 20 93 24 20 399 27 23 27 20 35 21 21 93 41 37 20
leaf_count=173 28 22 138 21 20 33 20 20 24 34 96 20 35 25 20 93 24 20 399 27 23 27 20 35 21 21 93 41 37 20
internal_value=-0.000736198 0.00162021 0.000860805 0.00310345 0.00138298 0.0104545 0.01125 -0.00167969 -0.000641027 0.00362069 -0.00244526 -0.00201705 0.001875 0.00416667 0.00231707 -0.00233607 -0.00205549 -0.00226426 -0.00172012 0.00179612 -0.00234134 -0.000380436 -0.00158385 -0.00105263 0.00231707 0.00229167 -0.00323009 -0.00245763 -0.000408164 0.00237705
internal_weight=1630 574 546 290 235 55 40 256 195 58 137 1056 80 60 41 976 883 859 686 103 583 184 161 76 41 48 113 236 98 61
internal_count=1630 574 546 290 235 55 40 256 195 58 137 1056 80 60 41 976 883 859 686 103 583 184 161 76 41 48 113 236 98 61
is_linear=0
shrinkage=0.05


Tree=9
num_leaves=31
num_cat=0
split_feature=11 21 25 3 15 5 18 41 32 9 38 13 40 31 42 35 38 9 7 35 7 31 7 21 9 11 32 17 32 38
split_gain=2.28728 1.90476 1.43979 1.54369 1.17195 1.00935 1.51631 2.30769 0.822353 0.664866 0.627489 1.23229 1.01613 0.528692 0.723588 0.380002 0.886364 0.36299 0.590965 0.309375 0.307937 0.356899 0.364393 0.311255 0.530552 0.960317 0.871111 0.29608 0.250015 0.485877
threshold=-0.036816721146278784 648.20500000000186 -0.30687808826898183 103965.205 0.015460992314339604 0.0057984163048374051 -122.24000000000522 1.0000000180025095e-35 997.82621095774823 -0.00038005707679511866 68.611311481350285 0.029936382955939676 728.10832138043781 118163.55930000002 -266.40332985036781 116251.69417500001 51.147356096232393 -0.010263038049235295 -0.0062721654712133137 106805.92540000002 -0.0024137697069695511 115541.45540000002 -0.0017588787464347098 105.13499999999478 -0.00021551769606735648 0.0086127476888856313 918.77809898770658 0.0048073133514358992 774.02439535887254 53.611149321129609
decision_type=2 2 2 2 2 2 2 2 2 2 2 2 2 2 2 2 2 2 2 2 2 2 2 2 2 2 2 2 2 2
left_child=1 -1 17 4 5 6 8 -8 -4 -10 13 12 -12 15 -15 27 -17 18 -2 -13 -19 22 -22 24 -24 26 -26 -5 29 -25
right_child=2 -3 3 10 -6 -7 7 -9 9 -11 11 19 -14 14 -16 16 -18 20 -20 -21 21 -23 23 28 25 -27 -28 -29 -30 -31
leaf_value=0.00035482605281983437 -0.00010255934148779673 -9.6937066374161698e-05 -6.8264500601659188e-05 3.9556647977960816e-06 0.00020908707097580938 -4.7528214340949852e-05 0.00056437812266652389 3.9561981386015675e-05 -1.8740573984301966e-05 8.5837303772749385e-05 5.0233485974493935e-05 0.00041670101832262229 0.00028290017073901786 2.9210620680206626e-05 -6.5002477802421271e-05 0.00021979078992160348 -0.00022574735556034326 -0.00011300322154088608 2.285781438922252e-05 -0.00013502298940492726 5.6085740265750299e-05 -0.00021374729053859486 -0.0002509027295152304 -0.00010268913729768427 -2.5613525119006804e-05 -0.00014707213959432624 0.0003089617334343076 -0.00010195782032324656 -0.00013820236747190095 0.00017515206186798494
leaf_weight=35 34 21 58 21 35 68 26 39 21 20 31 20 25 20 43 22 26 198 32 44 28 93 31 126 25 25 20 258 142 43
leaf_count=35 34 21 58 21 35 68 26 39 21 20 31 20 25 20 43 22 26 198 32 44 28 93 31 126 25 25 20 258 142 43
internal_value=-0.000644173 0.00928571 -0.00099746 0.000534104 0.00361423 0.00232759 0.00445122 0.0103846 0.000555554 0.00597561 -0.00107843 0.00208333 0.0075 -0.00205128 0.00214286 -0.00285933 0.00125 -0.00249059 0.0010606 -0.00265625 -0.00281122 -0.00218574 -0.00159091 -0.00196602 0.000445543 0.00285714 0.00722222 -0.00356631 -0.0027492 -0.00144971
internal_weight=1630 56 1574 777 267 232 164 65 99 41 510 120 56 390 63 327 48 797 66 64 731 533 440 412 101 70 45 279 311 169
internal_count=1630 56 1574 777 267 232 164 65 99 41 510 120 56 390 63 327 48 797 66 64 731 533 440 412 101 70 45 279 311 169
is_linear=0
shrinkage=0.05


Tree=10
num_leaves=31
num_cat=0
split_feature=42 25 3 40 5 18 30 11 31 23 9 15 5 42 22 13 18 38 24 31 7 9 7 20 31 25 5 15 4 25
split_gain=1.80624 1.38981 1.52635 0.890531 1.4216 2.01996 1.2253 0.654762 0.652067 0.625 0.530048 0.478067 1.00867 0.360459 0.653992 0.475813 0.359261 0.468287 0.565479 0.34693 0.335663 0.617416 0.710663 0.340136 0.330614 0.409841 0.900488 0.398292 0.528472 1.42415
threshold=-680.01943988486528 -0.29063738902753444 103965.205 -287.74907736652671 -0.005429804362647366 485.18499999999773 95115.348982568161 0.030025090046601945 118841.24570000001 0.25023963929500143 -0.017666773713189355 0.0038285997456593327 0.0023760465377946479 -331.66005910821019 3251.8458565750002 -0.0048649055191984812 -501.10500000000314 53.822527884811272 2109.0974634000004 105189.38150000002 -0.0026610121216011236 -0.0039647656705569358 -0.0011193278234169562 215.88500000000207 113105.27110000003 -0.50734442691872494 0.0059770107534981966 0.0028000318281802107 1550.2557850000003 -0.7477194274675939
decision_type=2 2 2 2 2 2 2 2 2 2 2 2 2 2 2 2 2 2 2 2 2 2 2 2 2 2 2 2 2 2
left_child=-1 10 3 4 -3 9 7 -5 11 -6 -2 12 -4 14 -13 -15 -17 -18 -19 -20 -12 22 -22 -24 25 26 27 -23 -29 -30
right_child=1 2 8 6 5 -7 -8 -9 -10 -11 20 13 -14 15 -16 16 17 18 19 -21 21 24 23 -25 -26 -27 -28 28 29 -31
leaf_value=0.00031659308831816766 8.1447462670703502e-05 -7.5368973355881356e-06 0.00024886632697862884 -4.4431985833217111e-05 0.00032542286133107516 3.5373627728705152e-05 8.0743693676693935e-05 0.00013644430175281005 1.8749419251925751e-05 0.0003791248784522177 -9.5654603742573651e-05 -0.00012871046777200012 -0.00029694399921802769 -9.4259479604166894e-05 4.8371450732408557e-06 -0.00013012494791140734 3.9794790162417815e-05 0.00021522319661524945 0.00011405588082081663 -9.0119093561271898e-05 0.00018459452314805965 2.129170985935961e-05 -0.00024906076714790846 9.9635437432742512e-05 -0.0001389931644468551 -0.00013146335246344099 0.00011439841682743826 -0.00016877333585105564 0.00037703650864603699 -0.00011786275088546933
leaf_weight=21 25 44 27 105 20 43 29 27 25 20 216 26 20 115 22 50 35 30 37 122 24 27 25 24 126 95 21 146 25 58
leaf_count=21 25 44 27 105 20 43 29 27 25 20 216 26 20 115 22 50 35 30 37 122 24 27 25 24 126 95 21 146 25 58
internal_value=-0.000521474 -0.000711623 0.000771642 0.00368055 0.00681102 0.0106626 0.00121118 -0.000833335 -0.000874264 0.01875 -0.00216749 -0.00128099 0.00351064 -0.00179634 0.00229167 -0.00230077 -0.00116788 -0.000312501 -0.0012963 -0.00248428 -0.00239517 -0.00176007 0.00253425 -0.000918369 -0.00238956 -0.00163979 -0.000667871 -0.00148438 -0.00216157 0.0010241
internal_weight=1630 1609 797 288 127 83 161 132 509 40 812 484 47 437 48 389 274 224 189 159 787 571 73 49 498 372 277 256 229 83
internal_count=1630 1609 797 288 127 83 161 132 509 40 812 484 47 437 48 389 274 224 189 159 787 571 73 49 498 372 277 256 229 83
is_linear=0
shrinkage=0.05


Tree=11
num_leaves=31
num_cat=0
split_feature=42 25 27 36 41 19 39 20 19 38 9 5 40 23 9 9 23 18 9 39 11 31 7 7 25 5 4 25 3 20
split_gain=1.83679 1.27264 1.37222 1.3528 0.866703 0.758311 0.788826 0.557713 0.926409 0.796658 1.6048 2.09921 0.782765 0.711169 0.539194 0.509941 0.438312 0.36431 0.373584 0.658824 0.340909 0.324024 0.379321 0.570749 0.381745 0.977894 0.323638 1.38759 0.473443 0.251905
threshold=-680.01943988486528 -0.29063738902753444 88942.08100000002 -6161.1361779568242 -1753.5205015207857 1164.0049999999976 1450.8600000000013 193.31000000000498 792.69499999999255 53.738846585283873 -0.00045935513110007968 0.0048221960957107223 -786.94313802148815 0.32430717772295986 -0.017666773713189355 0.017340235216429457 1.576477329766927 -267.40499999999878 -0.0068104560685306815 1177.342142857143 0.023954545350475507 115541.45540000002 -0.0024137697069695511 -0.0017588787464347098 -0.50734442691872494 0.0060225472432087991 1550.2557850000003 -0.7477194274675939 111689.65000000001 72.754999999997395
decision_type=2 2 2 2 2 2 2 2 2 2 2 2 2 2 2 2 2 2 2 2 2 2 2 2 2 2 2 2 2 2
left_child=-1 14 3 -3 -4 -5 -7 20 -9 10 12 -12 13 -10 -2 -11 -17 -16 19 -19 29 22 -20 -24 25 26 28 -28 -25 -6
right_child=1 2 4 5 7 6 -8 8 9 15 11 -13 -14 -15 17 16 -18 18 21 -21 -22 -23 23 24 -26 -27 27 -29 -30 -31
leaf_value=0.00030076343390225929 7.7375089537168299e-05 0.0010642471630274242 9.7531481020812522e-05 0.00012813988808825795 -1.9530103511855586e-05 -0.00024630260539518646 2.6426145851795523e-05 0.00018949948575816173 -0.0001494941042177049 -9.1994536767173651e-05 0.00020738489043388951 -6.2507920049585573e-06 -6.0881637756388663e-05 0.00027617771755963173 -8.7174412783238962e-05 0.00025172313795952778 -0.00013316355463731548 7.872475246551927e-05 -0.00011428353460177579 -2.6013674892438206e-05 8.7333066866064605e-05 -0.00019611026778932236 5.6574220461812838e-05 -0.00014461766838266797 -0.00015659836161637604 0.00015207051642763633 0.00036740618266286929 -0.00010434855585241471 1.4048655830048009e-05 -0.00010782295779777208
leaf_weight=21 25 20 20 26 100 34 32 33 22 127 34 28 87 28 179 20 22 28 75 40 24 93 21 140 88 20 20 51 32 140
leaf_count=21 25 20 20 26 100 34 32 33 22 127 34 28 87 28 179 20 22 28 75 40 24 93 21 140 88 20 20 51 32 140
internal_value=-0.000644173 -0.000835924 0.000583437 0.00571428 -0.000255476 0.00315217 0.000303029 -0.000563911 0.000610971 -0.000108697 0.00203517 0.00870968 -0.000985403 0.004 -0.00222907 -0.00263314 0.00214286 -0.00245871 -0.001875 0.00161765 -0.00234849 -0.00231482 -0.00175615 -0.00110215 -0.0015812 -0.000627378 -0.00150206 0.00133803 -0.00267442 -0.00291667
internal_weight=1630 1609 797 112 685 92 66 665 401 368 199 62 137 50 812 169 42 787 608 68 264 540 447 372 351 263 243 71 172 240
internal_count=1630 1609 797 112 685 92 66 665 401 368 199 62 137 50 812 169 42 787 608 68 264 540 447 372 351 263 243 71 172 240
is_linear=0
shrinkage=0.05


Tree=12
num_leaves=31
num_cat=0
split_feature=42 16 36 23 25 3 17 4 4 11 38 17 13 5 38 38 21 13 22 9 16 32 36 20 21 40 5 21 39 25
split_gain=1.8831 1.17171 1.35 0.620254 0.829324 0.812919 0.724027 0.760163 2.55331 0.586447 0.453612 1.10817 0.450865 0.441715 0.416772 0.744945 0.503704 0.410759 0.398983 0.361084 0.782534 0.326541 0.314721 0.366496 0.290132 0.278351 0.360577 0.258511 0.247312 0.864289
threshold=-680.01943988486528 0.014908976908829164 -2498.7402660851508 -0.55674475789834321 -0.75684019210462006 103965.205 0.01162454250959011 3270.7190900000005 4013.4238700000005 0.024683224665331429 68.611311481350285 0.0060885445781516849 0.0096950050268756905 -0.0027598635034856455 52.012954239275125 40.351782511346705 317.58500000000646 0.026701744053660392 2985.3585408500007 0.0063876803480744067 0.0061184599182451819 970.29743239391257 -3529.9724199454281 223.31999999999974 21.470000000001168 346.73220267851872 -0.0039276828473906247 354.67500000000297 1363.6639285714277 -0.46713782806169674
decision_type=2 2 2 2 2 2 2 2 2 2 2 2 2 2 2 2 2 2 2 2 2 2 2 2 2 2 2 2 2 2
left_child=-1 3 -3 24 -5 6 7 13 -9 14 12 -12 19 -6 15 16 -10 -13 21 22 -21 -15 23 -7 -2 -24 -27 -22 29 -26
right_child=1 2 -4 4 5 10 -8 8 9 -11 11 17 -14 18 -16 -17 -18 -19 -20 20 27 -23 25 -25 28 26 -28 -29 -30 -31
leaf_value=0.00028572526220714637 1.6905247372751659e-05 0.00010822812313936755 -0.00016579430921949515 0.00012953949405952148 -9.3746459958061689e-05 -6.4492568282084332e-05 -3.0233835316664739e-05 0.00018892399319804683 0.00012230159266923791 0.0003208583894210729 0.00032085326406058586 9.5056800048910116e-05 -0.00013223999793070731 3.3589168882135354e-05 -0.00021544760945604158 0.00062326299567696088 -7.3457592406511458e-05 -0.00011157354093921317 0.00022349749090024124 0.00019554962222219637 -8.6963573515187151e-05 -4.1303004014012349e-05 -3.7962299220839729e-05 0.00020905822305840001 -0.00011770169239268792 -0.00022712283415600651 1.2282125270174024e-05 1.9867707089708706e-05 -0.00010372591379608355 3.639069513946427e-05
leaf_weight=21 38 30 30 21 41 28 54 35 20 22 27 39 133 33 33 20 34 74 20 20 27 25 178 31 337 25 39 20 149 26
leaf_count=21 38 30 30 21 41 28 54 35 20 22 27 39 133 33 33 20 34 74 20 20 27 25 178 31 337 25 39 20 149 26
internal_value=-0.000828222 -0.00102238 0.00583333 -0.00128793 -0.000545547 -0.000756647 0.00123145 0.00224382 0.00445122 0.00120155 -0.00180187 0.000714285 -0.00250499 -0.000798321 -0.000327104 0.00175676 -0.0012963 -0.00146018 0.00141026 -0.00160326 0.00171642 -0.000689656 -0.00234219 0.000932202 -0.00263636 -0.0031405 -0.000312501 -0.00180851 -0.00294922 -0.00224518
internal_weight=1630 1609 60 1549 999 978 337 283 164 129 641 140 501 119 107 74 54 113 78 368 67 58 301 59 550 242 64 47 512 363
internal_count=1630 1609 60 1549 999 978 337 283 164 129 641 140 501 119 107 74 54 113 78 368 67 58 301 59 550 242 64 47 512 363
is_linear=0
shrinkage=0.05


Tree=13
num_leaves=31
num_cat=0
split_feature=42 15 39 40 13 5 32 38 38 25 23 7 7 34 31 31 21 34 35 1 5 20 27 17 23 25 15 32 1 35
split_gain=1.91429 0.969835 1.03263 1.24654 0.939292 1.28665 0.692058 0.77186 0.858753 0.682789 2.02221 0.673503 1.51936 0.492308 0.426388 0.37253 0.443268 0.553826 0.517433 0.779538 0.364807 0.315746 0.466083 0.500925 0.311679 0.596952 0.520971 0.55102 0.318168 0.459685
threshold=-680.01943988486528 0.014455242655773142 1783.092857142856 -277.57779198803468 -0.041231615956225265 -0.0024422333730925081 -4788.0255865479257 68.156674966178883 72.44486303928187 0.44517696207476248 0.98238596017319513 -0.003483355449512959 0.0055412245115277368 84504.453501912445 111606.49290000003 111470.78430000001 41.2850000000035 113145.77631381401 105773.23137500002 103939.90000000001 -0.0033821616209862744 464.25999999999482 115390.64850000002 0.0068843373568912829 -0.69561987260089109 -0.730543120474479 0.0049144819254793044 403.34502726151555 95206.950000000012 86007.562275000018
decision_type=2 2 2 2 2 2 2 2 2 2 2 2 2 2 2 2 2 2 2 2 2 2 2 2 2 2 2 2 2 2
left_child=-1 4 3 -3 5 -2 -6 15 11 14 -11 -9 -13 -4 -10 16 18 20 19 -8 -18 -17 -23 -24 -22 -26 27 -27 29 -28
right_child=1 2 13 -5 6 -7 7 8 9 10 -12 12 -14 -15 -16 21 17 -19 -20 -21 24 22 23 -25 25 26 28 -29 -30 -31
leaf_value=0.00027143899909678901 -0.00011926220742304738 0.00015246959998648635 0.00028384753517048952 1.5620411379731766e-06 0.00038341159502224855 6.8833205793035102e-05 -5.0315817388962602e-05 -9.579442947258053e-05 -0.00013760035753274835 0.00033741112642705283 -6.3512248684609632e-05 0.00052626291100323964 -0.00014275072532657403 -4.2207159507866548e-05 1.9600042926543354e-05 -0.00010340390547633905 -4.6889025472868448e-05 0.00011252235126838321 -0.00019005223431662862 0.00021146332290228415 -0.00015066642118520874 -8.5393326838299128e-05 3.7470220254818689e-05 -0.0001315888804564994 0.00014617544786421234 2.9331166013428069e-05 -1.734365057977958e-05 -3.3546984426746175e-05 -8.88913940737176e-05 0.00011970632177142718
leaf_weight=21 37 22 20 24 20 34 31 22 116 27 44 33 27 32 27 348 152 33 31 20 149 38 24 23 20 21 31 28 123 52
leaf_count=21 37 22 20 24 20 34 31 22 116 27 44 33 27 32 27 348 152 33 31 20 149 38 24 23 20 21 31 28 123 52
internal_value=-0.000950921 -0.00114668 0.00367347 0.00913043 -0.0014593 0.00415493 -0.00173611 -0.0018662 0.000405404 -0.00126168 0.00274648 0.0047561 0.0075 -0.00115385 -0.00325175 -0.00246441 -0.00174385 -0.00220854 0.00170732 0.00480392 -0.00256945 -0.00361432 -0.000882354 0.00244681 -0.00181604 -0.000818183 -0.00147059 0.00316326 -0.00257282 -0.000180724
internal_weight=1630 1609 98 46 1511 71 1440 1420 296 214 71 82 60 52 143 1124 691 609 82 51 576 433 85 47 424 275 255 49 206 83
internal_count=1630 1609 98 46 1511 71 1440 1420 296 214 71 82 60 52 143 1124 691 609 82 51 576 433 85 47 424 275 255 49 206 83
is_linear=0
shrinkage=0.05


Tree=14
num_leaves=31
num_cat=0
split_feature=42 16 18 18 3 9 5 13 24 2 16 36 40 17 21 9 40 13 20 15 19 42 27 2 15 0 31 7 31 21
split_gain=1.87534 0.894866 0.708742 0.933447 0.683426 0.581381 0.625 0.567558 0.527063 0.79071 0.761407 1.12708 0.663965 1.66821 0.622493 0.510361 0.853755 0.380952 0.301393 0.288228 0.990857 0.338419 0.412216 0.714912 1.0832 0.825 0.365904 0.357379 0.25069 0.2295
threshold=-680.01943988486528 0.014908976908829164 116.47500000000583 142.1450000000041 82999.045000000027 -0.026454834531585505 -0.011990768971795632 -0.041231615956225265 3244.7918757000002 100657.18500000001 0.0071506401875966489 -2941.9683090704125 728.10832138043781 0.0062869634350315876 7.8749999999927249 0.00033511943969776939 59.545752550897312 0.029936382955939676 508.30999999999773 0.0038285997456593327 984.33499999999924 -331.66005910821019 107365.45000000003 102936.52500000001 0.0066723234518129299 104879.19000000002 106316.46510000002 -0.0058204793817356352 85144.492100000018 268.22499999999133
decision_type=2 2 2 2 2 2 2 2 2 2 2 2 2 2 2 2 2 2 2 2 2 2 2 2 2 2 2 2 2 2
left_child=-1 2 5 -4 -3 6 -2 -5 9 10 -9 -12 14 -14 -11 16 -10 -15 29 20 -7 26 23 28 25 -25 -21 -28 -23 -16
right_child=1 4 3 7 -6 19 -8 8 15 12 11 -13 13 17 18 -17 -18 -19 -20 21 -22 22 -24 24 -26 -27 27 -29 -30 -31
leaf_value=0.00025786704914194957 -0.00013714369098781557 0.00010479695135423365 0.00031746151830159788 4.7888812230452221e-05 -3.5796290862506255e-05 -8.5980831020375994e-05 0.00033136950252504564 -6.4189410591463612e-05 0.00023867108239213595 3.8866403074748339e-05 5.0150956175101166e-05 0.00042957551956824576 0.00031674616055807299 0.00020268366252357427 -0.00017535598763971521 -0.00010847496966758447 -0.00015834579544012111 -0.00011069752065113406 1.5989394501427287e-06 -2.9496574156201082e-05 0.00025559194659382508 -3.3859036389587387e-06 -9.2042646443989156e-05 0.00012484952650341079 -6.0977614333912242e-05 -1.9223307394948877e-05 -3.1515216289044453e-05 4.5009071848811225e-05 -7.0678128945535595e-05 -1.632902343301863e-05
leaf_weight=21 20 29 29 25 31 105 20 36 22 23 24 23 23 24 135 129 24 32 28 22 20 38 332 20 53 24 27 25 186 80
leaf_count=21 20 29 29 25 31 105 20 36 22 23 24 23 23 24 135 129 24 32 28 22 20 38 332 20 53 24 27 25 186 80
internal_value=-0.000797547 -0.0009913 -0.00122337 2.28299e-05 0.005 -0.00214126 0.00375 -0.000382167 -0.000688227 0.000257008 0.00463855 0.00882979 -0.000797103 0.00322785 -0.00199248 -0.003 0.00152174 -0.00142857 -0.00273663 -0.00241784 -0.000200001 -0.00279918 -0.00316233 -0.00188474 0.00170103 0.0075 0.000405404 0.00269231 -0.0034375 -0.00337209
internal_weight=1630 1609 1549 657 60 892 40 628 603 428 83 47 345 79 266 175 46 56 243 852 125 727 653 321 97 44 74 52 224 215
internal_count=1630 1609 1549 657 60 892 40 628 603 428 83 47 345 79 266 175 46 56 243 852 125 727 653 321 97 44 74 52 224 215
is_linear=0
shrinkage=0.05


Tree=15
num_leaves=31
num_cat=0
split_feature=11 21 18 21 17 18 11 28 24 40 13 35 9 25 19 24 21 22 18 23 18 25 25 18 4 23 24 15 40 18
split_gain=1.99873 1.62976 0.925417 1.2827 2.60357 0.522817 0.660181 1.21067 0.827359 0.663681 1.16091 0.591826 0.390029 0.288225 0.628598 0.287921 0.572219 0.368837 0.448427 0.701299 0.31246 0.3376 0.822686 0.472009 0.307021 0.519534 0.423819 0.280519 0.26546 0.240676
threshold=-0.036816721146278784 648.20500000000186 116.47500000000583 715.75000000000011 0.0084896407902006078 142.1450000000041 -0.013770339533797032 -1240.9919775571541 2646.8949347600005 728.10832138043781 0.029936382955939676 105773.23137500002 -0.026454834531585505 0.18464499686829602 1179.5499999999959 2923.1011658000002 41.2850000000035 1927.9042330000004 -358.98999999999791 -0.59401758763621271 -836.37999999999727 -0.21340882235239025 1.0000000180025095e-35 -542.81499999999494 2380.5632300000007 -0.51398550833857348 4432.3997572200014 0.0049534956483041548 177.91897867465744 335.4949999999954
decision_type=2 2 2 2 2 2 2 2 2 2 2 2 2 2 2 2 2 2 2 2 2 2 2 2 2 2 2 2 2 2
left_child=1 -1 12 5 -5 -4 7 -7 9 11 -11 -8 -2 -10 -15 17 -17 18 -14 -20 -18 24 -23 -24 25 26 -22 -21 -16 -13
right_child=2 -3 3 4 -6 6 8 -9 13 10 -12 29 15 14 28 16 20 -19 19 27 21 22 23 -25 -26 -27 -28 -29 -30 -31
leaf_value=0.00026546535854552708 4.6862828551466883e-05 -9.6900087220992565e-05 0.00022900374514300644 -0.00025713049637091112 0.00041640757417168712 -0.00011315088033820458 3.6923079632074804e-05 4.356457050508415e-06 -0.00010181355393646356 0.00024181959689939287 -4.7281038235193938e-05 1.1863200474434816e-06 -8.030483939214624e-05 0.00014692954308346935 2.3074512333645655e-06 0.00018110386399303752 -6.7242861945001597e-05 -9.5250245842492398e-05 -0.0002134407668188574 0.00025117340912443132 -7.5231743582453937e-05 0.00013579530224099856 9.6574273097816623e-06 -2.0818304703191426e-05 -0.00011163066601261409 3.3354449079130436e-05 3.7306627959512621e-05 7.9426824514002955e-07 -0.00021328862760661659 -0.00017156611142582509
leaf_weight=35 30 21 26 24 21 28 33 31 251 23 25 41 38 20 34 22 68 367 24 20 91 25 20 52 73 23 23 22 44 75
leaf_count=35 30 21 26 24 21 28 33 31 251 23 25 41 38 20 34 22 68 367 24 20 91 25 20 52 73 23 23 22 44 75
internal_value=-0.000889572 0.00839286 -0.00121982 0.000177514 0.00833333 -0.000404122 -0.000702481 0.00432203 -0.00124542 0.00134518 0.00645833 -0.000302015 -0.00227172 -0.00270774 -0.000408164 -0.00246544 -0.00147355 -0.00330149 -0.000673078 0.00181818 -0.00193333 -0.00125407 0.00118557 -0.00152778 -0.00238095 -0.000985403 -0.00236842 0.00571428 -0.0024359 -0.00198276
internal_weight=1630 56 1574 676 45 631 605 59 546 197 48 149 898 349 98 868 397 471 104 66 375 307 97 72 210 137 114 42 78 116
internal_count=1630 56 1574 676 45 631 605 59 546 197 48 149 898 349 98 868 397 471 104 66 375 307 97 72 210 137 114 42 78 116
is_linear=0
shrinkage=0.05


Tree=16
num_leaves=31
num_cat=0
split_feature=11 23 41 7 39 39 28 28 5 5 38 7 15 7 24 20 32 42 21 23 9 15 32 9 38 24 25 25 15 18
split_gain=1.36136 0.778524 0.72517 0.800849 1.0195 1.96751 1.15103 0.917518 0.883164 0.864588 0.726175 0.594585 0.524621 0.829897 0.542633 0.786706 0.536941 0.476456 0.474638 0.430123 0.831444 0.407645 0.369643 0.365037 0.280189 0.268672 1.21338 0.306794 0.225 0.170925
threshold=-0.055617808853055097 -0.55674475789834321 -18.136249149334002 0.013963703416562898 1363.6639285714277 1595.7046428571434 -214.0089779719128 689.69195494803 -0.001984310088972006 -5.0860884066877462e-05 29.068100543061863 0.0002748235322186544 0.0080028730548551332 0.0069301357207792857 2514.4123637000007 170.27499999999421 3915.3414199114927 139.27376127338425 21.470000000001168 -0.18630897394654514 -0.0055120513065407073 0.004845409202837399 1205.8097043391247 -0.020056791023157668 48.135897258997694 4386.9985057500007 -0.76080292544907901 -0.39383586687777222 0.0070639988822212832 242.47500000000585
decision_type=2 2 2 2 2 2 2 2 2 2 2 2 2 2 2 2 2 2 2 2 2 2 2 2 2 2 2 2 2 2
left_child=-1 18 3 4 6 8 21 9 -6 -8 -7 19 14 -14 15 -13 -15 -17 -2 20 -4 -3 -16 -23 -12 27 -27 29 -9 -20
right_child=1 2 11 -5 5 10 7 28 -10 -11 24 12 13 16 22 17 -18 -19 25 -21 -22 23 -24 -25 -26 26 -28 -29 -30 -31
leaf_value=0.00026585316777821822 9.7259335349112247e-06 0.00018443923507373362 2.8751168342403544e-05 -2.8644405081977594e-05 3.1630495357572527e-05 0.00018432032958938383 2.1401602746873439e-06 2.6126684649663502e-06 0.00066628915480437204 0.00022198771730295183 -0.00010390042335772478 -2.1499695159230112e-05 0.00035645989439935232 -0.00011439357129936726 3.1985587033564433e-06 0.00018781119493373812 0.00027568025090044201 -2.4068010065949411e-05 -0.00011777330432000794 -2.2081101256263886e-05 -4.7097020645783158e-05 5.4927580323219246e-07 -0.00012491126513754309 -0.00010041985328138907 0.00015570990032577278 0.00020354621047872362 -6.9262287854986147e-05 9.0342358016534194e-06 -0.00026636055095283971 -5.1504086587463701e-05
leaf_weight=21 39 22 39 73 21 22 24 20 23 35 33 40 25 45 20 31 21 21 325 192 59 30 92 111 20 26 47 32 20 101
leaf_count=21 39 22 39 73 21 22 24 20 23 35 33 40 25 45 20 31 21 21 325 192 59 30 92 111 20 26 47 32 20 101
internal_value=-0.000981596 -0.00114668 -0.000332051 0.0011674 0.00208661 0.00592437 0.00034351 0.00459596 0.0143182 0.00855932 0.000999999 -0.00149573 8.47446e-05 0.00324176 -0.00132353 0.00152174 0.000303029 0.00557692 -0.00263158 -0.00310345 -0.000408164 -0.00223926 -0.00366072 -0.00322695 -0.00216981 -0.0030226 -0.000205481 -0.00347162 -0.00125 -0.00382629
internal_weight=1630 1609 1039 454 381 119 262 99 44 59 75 585 295 91 204 92 66 52 570 290 98 163 112 141 53 531 73 458 40 426
internal_count=1630 1609 1039 454 381 119 262 99 44 59 75 585 295 91 204 92 66 52 570 290 98 163 112 141 53 531 73 458 40 426
is_linear=0
shrinkage=0.05


Tree=17
num_leaves=31
num_cat=0
split_feature=11 21 4 5 25 23 20 24 20 20 28 34 24 19 22 36 4 24 36 21 15 4 15 34 22 9 11 25 13 22
split_gain=1.37944 1.38926 0.654758 0.873107 1.07415 1.77912 0.664078 0.705639 0.64447 0.879337 0.840815 0.728924 0.919057 0.620545 1.10476 0.478077 0.864875 0.5478 0.666667 0.450078 0.444444 0.407273 0.329576 0.609081 0.34614 0.211834 0.696243 0.238053 0.361635 0.175856
threshold=-0.036816721146278784 642.01999999998964 1451.6210100000001 -0.0027598635034856455 -0.76080292544907901 -0.89347460737444595 1040.1549999999991 1856.9837100000002 56.735000000000589 72.754999999997395 -2065.0026391282004 113908.33532135234 3360.8004078000008 698.67499999999575 2773.5708037500003 -1158.8265314554517 3356.6522350000005 2646.8949347600005 4528.9015344475856 599.20000000000448 0.0067119899183064741 2622.8591200000005 0.0028000318281802107 113167.24831205611 3727.3260767500005 -0.0016278588654709718 -0.0072951529451665874 -0.13101356065400024 0.024529548455758065 3218.0754020000004
decision_type=2 2 2 2 2 2 2 2 2 2 2 2 2 2 2 2 2 2 2 2 2 2 2 2 2 2 2 2 2 2
left_child=1 -1 22 25 5 -5 7 -6 -9 -10 -11 12 13 14 -12 16 20 18 21 -14 -15 -17 23 -2 -24 -4 -27 -28 -29 -19
right_child=2 -3 3 4 6 -7 -8 8 9 10 11 -13 19 15 -16 17 -18 29 -20 -21 -22 -23 24 -25 -26 26 27 28 -30 -31
leaf_value=0.00024654531840648063 3.734959087198432e-05 -5.973560207671102e-05 -4.77302023447477e-05 -0.00018705397986680755 0.00020744011987453069 0.00032979119052519112 0.00027033007962502792 -8.6126451292691973e-05 7.3624995990583436e-05 3.1415243440056575e-05 9.4331137518024341e-06 -0.00014062801170784803 -0.00011356082494037514 0.00018434102151876832 0.00031847302879337784 4.1063947016670058e-06 0.00033272474610187208 -7.3750193605843641e-05 0.0003181687065771037 6.4619558716301535e-05 -9.5561997705490844e-05 -5.3226356599469729e-05 -0.00012519180553607434 -0.00022809863398581999 1.2936416879112549e-06 4.9727487138301601e-05 -6.9403076096764848e-05 5.8589153730990805e-06 -1.3682445840059914e-05 -2.8150542408530495e-05
leaf_weight=33 21 23 273 21 23 22 23 83 20 33 30 119 129 20 23 22 29 61 25 38 25 28 287 22 20 20 54 30 23 50
leaf_count=33 21 23 273 21 23 22 23 83 20 33 30 119 129 20 23 22 29 61 25 38 25 28 287 22 20 20 54 30 23 50
internal_value=-0.0011043 0.00660714 -0.00137865 -0.000833335 9.70862e-05 0.0077907 -0.000326506 -0.000580476 -0.000850341 -0.000322087 -0.000648735 -0.0010768 -0.000208335 0.00138978 0.00632075 0.000384614 0.00378378 -0.000967743 0.00233333 -0.00320359 -0.000555557 -0.001 -0.00328572 0.000813952 -0.00385994 -0.00275 -0.00106299 -0.00266355 -0.00028302 -0.0031982
internal_weight=1630 56 1574 1224 824 43 781 758 735 652 632 599 480 313 53 260 74 186 75 167 45 50 350 43 307 400 127 107 53 111
internal_count=1630 56 1574 1224 824 43 781 758 735 652 632 599 480 313 53 260 74 186 75 167 45 50 350 43 307 400 127 107 53 111
is_linear=0
shrinkage=0.05


Tree=18
num_leaves=31
num_cat=0
split_feature=0 23 36 27 23 32 15 19 20 9 21 18 35 21 4 20 15 39 20 25 20 13 5 3 25 24 25 18 19 28
split_gain=1.14112 0.543709 0.734684 0.838221 0.708235 0.977217 0.748473 0.509782 0.565352 0.492891 0.454911 0.449503 0.396326 0.336705 0.565994 0.833577 0.703247 0.40036 0.392437 0.472015 0.545635 0.536508 0.302459 0.251241 0.287531 0.268544 0.803571 0.243456 0.235003 0.384916
threshold=82361.040000000023 -0.55674475789834321 -4417.2069918660554 87340.348500000007 0.93487203718010836 -4788.0255865479257 0.0067119899183064741 1344.4150000000011 1016.5650000000024 0.023070952598760516 21.470000000001168 730.8600000000007 84934.601475000018 286.53499999999627 1669.5635550000002 77.409999999996231 0.0062631277717781235 602.28607142857129 197.87999999999741 -0.35125786713164814 508.30999999999773 0.013277554046253795 0.0030333420962958772 118607.08500000001 -0.39383586687777222 4432.3997572200014 -0.77785023867840219 221.87000000000265 2123.5650000000028 -1873.062387515354
decision_type=2 2 2 2 2 2 2 2 2 2 2 2 2 2 2 2 2 2 2 2 2 2 2 2 2 2 2 2 2 2
left_child=-1 10 3 -3 5 -5 -7 9 28 12 -2 23 -4 17 -15 16 -16 -14 -19 -20 21 -21 -8 24 25 -12 -27 -17 29 -9
right_child=1 2 7 4 -6 6 22 8 -10 -11 11 -13 13 14 15 27 -18 18 19 20 -22 -23 -24 -25 -26 26 -28 -29 -30 -31
leaf_value=0.00021159604094191065 9.9921656129123036e-06 0.00016862162975434037 6.2237228657061134e-05 0.000206676160905056 -0.00013317211323324044 9.1599037093219882e-05 -7.608688381880684e-05 1.148494602118437e-06 4.0476685487784316e-05 0.00014843350897187672 -0.00010351290965568232 5.4294805546635431e-05 0.00012616831053083676 0.00020170667531771441 -6.4352816286277258e-06 -3.6746745283674202e-05 0.00017347011132277471 -0.00017610870776025035 -0.00013437313568335325 0.00011998315941821952 -0.00019149399452559582 -4.7032900294030406e-05 0.00011675436634665527 5.73217738315459e-06 4.5655689034916555e-06 0.00029047117172337596 -8.1299738203843318e-05 -2.1842699409448927e-05 -2.8711294344721956e-06 -6.8996400133232146e-05
leaf_weight=35 39 21 37 32 49 23 41 20 27 20 393 22 21 23 22 87 20 103 46 35 25 28 20 21 33 20 36 32 90 209
leaf_count=35 39 21 37 32 49 23 41 20 27 20 393 22 21 23 22 87 20 103 46 35 25 28 20 21 33 20 36 32 90 209
internal_value=-0.00107362 -0.00126959 -0.00058681 0.00225806 0.0010606 0.00318965 0.000357142 -0.00121302 -0.00268786 -0.000190382 -0.00251773 -0.00290476 -0.000511483 -0.000927603 0.000706521 -0.000341616 0.00571428 -0.00209302 -0.00267933 -0.000895524 0.00125 0.00373016 -0.00254098 -0.00321074 -0.00344398 -0.00377506 -0.000535715 -0.00247899 -0.00327586 -0.00412664
internal_weight=1630 1595 1031 186 165 116 84 845 346 499 564 525 479 442 184 161 42 258 237 134 88 63 61 503 482 449 56 119 319 229
internal_count=1630 1595 1031 186 165 116 84 845 346 499 564 525 479 442 184 161 42 258 237 134 88 63 61 503 482 449 56 119 319 229
is_linear=0
shrinkage=0.05


Tree=19
num_leaves=31
num_cat=0
split_feature=0 25 11 7 38 18 36 21 23 9 13 5 38 18 11 11 36 24 24 31 21 18 32 19 3 16 25 4 9 23
split_gain=1.16476 0.770472 0.546036 0.652524 0.725451 2.72609 0.998067 1.56313 0.570789 0.480662 1.05954 1.22665 0.827727 0.35512 0.527769 0.938395 0.915719 0.490597 0.354545 0.310187 0.276797 0.260695 0.618467 0.220847 0.212095 0.16959 0.648025 1.23588 0.302787 0.419048
threshold=82361.040000000023 -0.30687808826898183 0.042068126210888498 0.0074861296049119064 68.611311481350285 124.76999999999681 -5628.742852701921 276.8300000000018 0.93487203718010836 -0.0068104560685306815 -0.00028489975653459937 -0.00632082472622856 47.119908147545367 236.67500000000294 0.0053207071357336258 0.0010440071848807706 1082.9777876144656 3661.9477560000009 2245.6386107000003 118090.36670000001 21.470000000001168 511.95999999999918 339.89213196640054 2456.9899999999984 105382.28000000001 0.0071506401875966489 -0.76762648680811763 1435.9235250000004 -0.0065774603926571822 -0.54709080633670693
decision_type=2 2 2 2 2 2 2 2 2 2 2 2 2 2 2 2 2 2 2 2 2 2 2 2 2 2 2 2 2 2
left_child=-1 13 3 4 6 -6 7 -3 -9 19 11 -11 24 20 15 17 -17 -15 -12 -8 -2 22 -5 -23 -13 28 27 -27 29 -22
right_child=1 2 -4 21 5 -7 9 8 -10 10 18 12 -14 14 -16 16 -18 -19 -20 -21 25 23 -24 -25 -26 26 -28 -29 -30 -31
leaf_value=0.0002010162388948151 3.120088729157544e-06 0.00018657466282927802 0.00021526324037247926 4.3007368780179168e-05 -1.6763865722165852e-05 0.00030988340677541159 -3.8971128494954372e-05 0.00019256168892375331 -0.00011056761135977341 6.4654833809168081e-05 5.6542469336188371e-06 8.0694061983469108e-06 0.00020372091920240398 -0.00013244281179266163 -8.2646414964005006e-05 0.00022664491764884344 4.14477963488739e-05 5.3094267280038166e-06 -0.0001154096821871415 -1.5772635119272306e-05 -7.2925376819309138e-05 -9.6919252325464259e-05 -3.3372079974509178e-05 -3.0143066650882837e-06 -4.3158929455112866e-05 -8.9631278512539592e-05 -6.9010950084527454e-05 0.00030163188067270817 -9.856564262252025e-05 3.5410995775202727e-05
leaf_weight=35 31 21 25 21 48 34 145 36 26 20 32 20 20 64 87 20 26 29 78 33 22 117 55 32 41 59 149 21 263 20
leaf_count=35 31 21 25 21 48 34 145 36 26 20 32 20 20 64 87 20 26 29 78 33 22 117 55 32 41 59 149 21 263 20
internal_value=-0.00116565 -0.00136364 -0.000273633 -0.000507062 0.000415161 0.0047561 -0.000338984 0.00463855 0.00064516 -0.00140103 0.000213269 0.00391089 0.00117284 -0.00247156 -0.000796461 0.00111511 0.00695652 -0.00177419 -0.00318182 -0.00331461 -0.00314159 -0.00277778 -0.000394738 -0.00399329 -0.00172131 -0.00340824 -0.00237991 0.00125 -0.00418033 -0.000238096
internal_weight=1630 1595 804 779 554 82 472 83 62 389 211 101 81 791 226 139 46 93 110 178 565 225 76 149 61 534 229 80 305 42
internal_count=1630 1595 804 779 554 82 472 83 62 389 211 101 81 791 226 139 46 93 110 178 565 225 76 149 61 534 229 80 305 42
is_linear=0
shrinkage=0.05


Tree=20
num_leaves=31
num_cat=0
split_feature=32 11 25 26 11 17 4 25 42 36 24 15 34 36 36 22 38 39 16 35 40 13 39 15 34 13 4 19 17 0
split_gain=1.19507 0.924176 0.646245 0.557726 1.41966 0.522918 0.468925 0.647789 0.4 0.399591 0.475682 0.37261 0.609081 0.347264 0.409059 0.772392 0.578526 0.518998 0.395062 1.25284 0.413404 0.739314 0.3 0.298705 0.182885 0.49961 0.175079 0.329446 0.50505 1.01818
threshold=-4532.3404214645625 -0.032921101682529492 2.9271690851299472 84138.572944133295 -0.0071795201710518055 0.010450751470169117 1451.6210100000001 -0.84228712390166083 266.00341909882167 9974.9920758315729 3111.2023795600003 0.0028000318281802107 113167.24831205611 7747.3097360143738 4528.9015344475856 3570.8595877500006 71.442896994392157 961.16107142857186 0.0056869413936833256 114075.92055000002 389.60319478440948 0.0065024865134270535 913.96321428571389 0.014776657778903756 114239.26231965802 0.0056946817905192118 1814.7080150000004 924.1800000000004 0.0095740663330503694 105081.00000000001
decision_type=2 2 2 2 2 2 2 2 2 2 2 2 2 2 2 2 2 2 2 2 2 2 2 2 2 2 2 2 2 2
left_child=1 -1 3 4 -2 -3 11 -8 -6 13 -11 12 -5 14 18 16 17 -16 19 20 21 22 -9 26 -13 -26 -20 28 29 -28
right_child=2 5 -4 6 8 -7 7 9 -10 10 -12 24 -14 -15 15 -17 -18 -19 23 -21 -22 -23 -24 -25 25 -27 27 -29 -30 -31
leaf_value=0.00024468107538475601 2.818304925462887e-05 0.00013510678934657556 1.9196675703063791e-05 3.4826503528818367e-05 -0.00014588418678617292 -5.9184482153407038e-05 0.00010127176055591341 -4.3421432919372954e-05 0.00013104575692917929 0.00013175498547216154 -0.00021301839224547819 -0.00012184697613473191 -0.00021799810146684836 -7.1919654790614403e-05 3.0011589659724363e-05 0.00019361584456995689 0.00013870589498239755 -1.9946121654564208e-05 -8.5187406994658335e-05 0.00017282527677821454 -0.00011044090380042409 0.00035688621887327492 1.7702751884820461e-05 5.5512314052966737e-05 -7.3953836041838869e-05 4.5952859721780586e-05 0.00019245837484695505 -4.6662468747662167e-05 -6.6513115324747383e-05 -1.3611411115635716e-05
leaf_weight=35 22 22 27 21 36 34 20 40 24 23 20 238 22 104 28 20 27 89 83 32 61 23 20 37 40 21 21 362 33 45
leaf_count=35 22 22 27 21 36 34 20 40 24 23 20 238 22 104 28 20 27 89 83 32 61 23 20 37 40 21 21 362 33 45
internal_value=-0.001227 0.00434066 -0.00155621 -0.00169312 0.00231707 0.000357142 -0.00192308 -0.00141544 -0.00166667 -0.0015824 0.00313953 -0.00353801 0.000813952 -0.00178049 -0.00147123 0.000792682 -0.000486112 -0.00200855 -0.00196169 0.000113635 -0.001875 0.000421686 -0.0025 -0.00259036 -0.00416388 -0.00172131 -0.00288603 -0.00250542 5.05039e-05 0.00257576
internal_weight=1630 91 1539 1512 82 56 1430 1088 60 1068 43 342 43 1025 921 164 144 117 757 176 144 83 60 581 299 61 544 461 99 66
internal_count=1630 91 1539 1512 82 56 1430 1088 60 1068 43 342 43 1025 921 164 144 117 757 176 144 83 60 581 299 61 544 461 99 66
is_linear=0
shrinkage=0.05


Tree=21
num_leaves=31
num_cat=0
split_feature=0 23 36 15 19 26 25 36 25 7 23 24 22 15 4 39 13 20 4 19 19 9 28 38 9 11 28 13 20 40
split_gain=1.19665 0.670239 0.620696 0.890124 0.715036 0.596436 0.522423 0.553753 0.442216 0.408188 1.00511 0.389154 0.779221 0.350005 0.256067 1.03404 0.239428 0.366994 0.25235 0.71274 0.231345 0.200131 0.256905 0.316926 0.271739 0.656224 0.260207 0.198607 0.291688 0.163303
threshold=82361.040000000023 -0.62230421028373739 -4417.2069918660554 0.0068006276033432652 480.68999999999511 84138.572944133295 2.9271690851299472 9974.9920758315729 -0.75684019210462006 -0.018822301283252661 1.0039054020602458 1856.9837100000002 1577.1603720000003 0.014455242655773142 3590.2072600000006 1347.7375 0.0010008497456005972 20.885000000002041 1435.9235250000004 732.5749999999972 622.79499999999837 0.024940607031371635 804.39074560112942 61.90501102929057 -0.0041170769838240039 -0.016206576372765669 587.73651450512273 -0.021484496744013048 215.88500000000207 -319.11884012775403
decision_type=2 2 2 2 2 2 2 2 2 2 2 2 2 2 2 2 2 2 2 2 2 2 2 2 2 2 2 2 2 2
left_child=-1 16 3 -3 -4 -6 7 8 -7 10 -5 12 -10 20 15 -11 27 -18 29 -20 -13 22 23 24 -22 -26 -27 28 -2 -19
right_child=1 2 4 9 5 6 -8 -9 11 14 -12 13 -14 -15 -16 -17 17 18 19 -21 21 -23 -24 -25 25 26 -28 -29 -30 -31
leaf_value=0.00018100408415571914 -8.6874054998682389e-05 0.00015940722203211166 0.00016353393509196222 0.00018508167559707839 4.647381003248829e-06 5.6721070950102294e-05 1.7685108348744406e-05 1.4475253846571482e-05 -0.00017050728710843154 -0.00015270921984533102 -6.4513052353310906e-05 -4.9874878461426927e-07 0.00017567148042713955 0.0001031973724041936 -3.5527880314539513e-05 0.00024632663076068121 3.3085174477877261e-05 -2.9727326854115139e-05 0.00015909313796965753 -7.050790414112851e-05 -6.2138202903913838e-05 3.2772869950472849e-05 -7.5412374373919292e-05 1.3700490303654488e-06 1.4132130467828887e-05 -7.8619478625154325e-06 0.0001743020675211886 -7.1998891286147423e-05 8.2601866661208582e-05 -0.00012855786635312198
leaf_weight=35 51 36 25 20 36 20 24 32 20 27 23 33 22 25 65 20 21 20 34 69 184 24 221 37 22 142 20 206 27 89
leaf_count=35 51 36 25 20 36 20 24 32 20 27 23 33 22 25 65 20 21 20 34 69 184 24 221 37 22 142 20 206 27 89
internal_value=-0.00128834 -0.00148903 -0.000779222 0.00180628 -0.00133597 -0.00157773 -0.0018523 -0.00206983 -0.00233766 0.000161289 0.00430232 -0.00253333 0.00214286 -0.00281074 -0.00142857 0.00138298 -0.00296905 -0.00178112 -0.00240566 -0.000631069 -0.00302343 -0.00323077 -0.00340256 -0.00265432 -0.00309783 -0.00173913 -0.00283951 -0.00394366 -0.00179487 -0.00408257
internal_weight=1630 1595 1078 191 887 862 826 802 770 155 43 750 42 708 112 47 517 233 212 103 683 650 626 405 368 184 162 284 78 109
internal_count=1630 1595 1078 191 887 862 826 802 770 155 43 750 42 708 112 47 517 233 212 103 683 650 626 405 368 184 162 284 78 109
is_linear=0
shrinkage=0.05


Tree=22
num_leaves=31
num_cat=0
split_feature=2 20 15 11 9 13 42 15 38 28 36 5 39 32 42 16 22 21 21 9 42 11 11 21 25 16 21 5 1 34
split_gain=1.16467 0.922622 0.917397 0.639248 0.623128 0.500583 0.910278 0.4 0.381594 1.03715 0.556477 1.14315 0.934128 0.487464 0.399358 0.600325 0.9 0.365541 0.288134 0.353876 0.203964 0.314194 0.484881 0.310096 0.758225 0.435117 0.744093 0.158939 0.130217 0.162698
threshold=84645.650000000009 464.25999999999482 0.014921421804189702 -0.0071795201710518055 -0.032377436724541568 -0.041231615956225265 -419.55630481727786 0.0090261175156324171 65.494814023363432 531.51281738535192 4033.0458105414295 0.00017230546258219587 1083.593214285713 5224.7219485488467 -339.06119557707677 0.007680110970649359 3231.4213612500002 982.35499999999604 28.500000000000004 0.020552649750943328 -90.315306639275079 0.0083045264316806283 0.0068861583511795168 202.68000000000032 -0.76762648680811763 0.0059591007227464887 343.56500000000239 -0.0060460158144395202 95206.950000000012 114989.31155032072
decision_type=2 2 2 2 2 2 2 2 2 2 2 2 2 2 2 2 2 2 2 2 2 2 2 2 2 2 2 2 2 2
left_child=1 3 -3 7 -2 6 -6 -1 14 -10 18 -12 -13 -14 15 16 -7 20 -11 -20 -16 22 23 28 -25 26 -26 -23 -22 -30
right_child=4 2 -4 -5 5 8 -8 -9 9 10 11 12 13 -15 17 -17 -18 -19 19 -21 21 27 -24 24 25 -27 -28 -29 29 -31
leaf_value=-1.8604136927120128e-05 0.00015163800865280661 0.00025684127313270412 0.00011882594253981778 -7.1143106621674874e-05 -0.00019098264392022765 -6.4191361550410239e-05 3.788262894584249e-05 3.2385280709067863e-05 5.5525439456471668e-05 8.6546365682539257e-05 -0.00010309781031175456 0.00038117976207503788 0.00026038639624285123 -0.00017760973762696397 -5.1120268356602929e-05 -2.440489354259689e-05 1.550920562576082e-05 0.00019787665261028367 -6.2141178771573215e-05 -4.872218806869074e-06 7.1651827805762791e-06 2.506690076937751e-07 0.00017174068466990216 0.00015536747194313326 0.00019254469624638623 -0.00010463639584236094 -6.7631832543006191e-06 -8.6742948368017395e-05 -0.00014278064899333223 -5.3697065976301702e-06
leaf_weight=20 29 21 22 57 32 20 29 20 25 21 52 26 28 31 381 39 20 36 141 22 20 20 25 24 22 100 31 172 123 21
leaf_count=20 29 21 22 57 32 20 29 20 25 21 52 26 28 31 381 39 20 36 141 22 20 20 25 24 22 100 31 172 123 21
internal_value=-0.00150307 0.00285714 0.00895349 0.000154638 -0.00191275 -0.00205681 0.00237705 0.005 -0.00225 -0.00080925 -0.00157321 0.000839415 0.00441176 0.000932202 -0.00272296 0.000696201 0.005 -0.003 -0.00336957 -0.00407976 -0.00318956 -0.00258065 -0.00172131 -0.00221408 -0.000762713 -0.00205882 0.00160377 -0.00421875 -0.00378049 -0.00430556
internal_weight=1630 140 43 97 1490 1461 61 40 1400 346 321 137 85 59 1054 79 40 975 184 163 939 558 366 341 177 153 53 192 164 144
internal_count=1630 140 43 97 1490 1461 61 40 1400 346 321 137 85 59 1054 79 40 975 184 163 939 558 366 341 177 153 53 192 164 144
is_linear=0
shrinkage=0.05


Tree=23
num_leaves=31
num_cat=0
split_feature=9 21 17 24 3 0 4 40 3 3 7 25 27 0 1 4 42 11 5 2 0 0 36 25 34 13 5 34 15 7
split_gain=0.701157 0.531288 0.51432 0.638862 0.421628 0.511824 0.680272 0.432946 0.470652 0.6 0.9 0.358474 0.593485 0.85149 0.633466 1.16821 1.10331 0.472298 0.562452 0.711674 0.668296 0.588815 0.546089 0.338629 0.336134 0.292208 0.242669 0.29064 0.239269 0.553596
threshold=-0.026454834531585505 311.20499999999453 0.0052218291762414397 1964.4788451000002 108643.95000000001 107584.11000000002 3243.0308800000007 -1280.1271430515187 119894.50500000002 122491.395 0.00051974963450324911 -0.31894159071597711 102582.46275000002 100051.96000000001 93068.500000000015 4936.097345000001 89.357524803690069 0.0044215281651366475 0.0014694294221620598 102936.52500000001 104997.03000000001 86980.625000000015 6174.7369333510151 0.048886729442767736 85531.25100227278 -0.0039083876564464902 0.0013369890820490512 102483.14733121773 0.0041177218785879424 0.00099349087547989765
decision_type=2 2 2 2 2 2 2 2 2 2 2 2 2 2 2 2 2 2 2 2 2 2 2 2 2 2 2 2 2 2
left_child=1 -1 -2 -4 5 11 -7 -6 28 10 -10 17 13 14 15 16 23 18 19 -5 -21 -20 -23 -13 -17 -16 27 -14 29 -9
right_child=2 -3 3 4 7 6 -8 8 9 -11 -12 12 26 -15 25 24 -18 -19 21 20 -22 22 -24 -25 -26 -27 -28 -29 -30 -31
leaf_value=0.00019194725094985542 -6.1958132237520839e-05 -2.1596550721459458e-06 0.00025354476567696852 -7.6405536799408212e-05 9.5538023355583756e-06 0.00012553597831441307 -1.6286177660612428e-05 2.0420321510727822e-05 -0.00011557049764564447 -5.7479404005737078e-05 0.00013459685276989388 -3.0444730185693738e-05 0.00018568008756797341 0.00021790195552233568 -1.0689265792941248e-06 0.00018809643136660111 0.00042142335348018624 -9.8530127909779726e-05 0.00014221601049991425 0.00022896097648811734 -4.4832376979116625e-05 -5.398847199437849e-05 4.9869028806792448e-05 0.00029113205402000797 -1.9324745631434718e-05 -4.9987826295408135e-05 -7.4020165336577409e-05 -8.0145624594928037e-05 -6.1062667482985868e-05 -8.1689156147775872e-05
leaf_weight=24 133 39 20 121 21 28 21 33 20 24 20 26 22 22 22 28 24 150 20 21 34 46 21 20 40 55 60 47 434 34
leaf_count=24 133 39 20 121 21 28 21 33 20 24 20 26 22 22 22 28 24 150 20 21 34 46 21 20 40 55 60 47 434 34
internal_value=-0.00144172 0.00373016 -0.00164965 -0.00137378 -0.00149929 -0.000772948 0.00418367 -0.0025256 -0.00278761 0.00125 0.005 -0.00108473 5.46436e-05 0.00154008 0.000581394 0.00260869 0.00714286 -0.00209443 -0.000817492 -0.00244318 0.00227273 0.00247126 0.000223879 0.00260869 -0.00205882 -0.00305195 -0.00267442 -0.000652175 -0.00330339 -0.000522389
internal_weight=1630 63 1567 1434 1414 828 49 586 565 64 40 779 366 237 215 138 70 413 263 176 55 87 67 46 68 77 129 69 501 67
internal_count=1630 63 1567 1434 1414 828 49 586 565 64 40 779 366 237 215 138 70 413 263 176 55 87 67 46 68 77 129 69 501 67
is_linear=0
shrinkage=0.05


Tree=24
num_leaves=31
num_cat=0
split_feature=28 23 25 11 21 39 11 21 21 28 17 24 23 23 41 15 39 13 42 31 40 24 19 9 1 2 42 35 28 21
split_gain=0.726331 1.08651 0.462377 0.421779 0.382503 0.741447 0.455407 0.324954 0.602337 0.379719 0.394279 0.714073 0.3881 0.923574 0.870752 1.42257 0.931677 0.455994 0.391429 0.570789 0.299688 0.267326 0.30583 0.225 0.1691 0.286755 0.170604 0.164894 0.321429 0.148718
threshold=-3100.6779739364206 1.0039054020602458 2.9271690851299472 0.042068126210888498 35.725000000005828 851.8324999999985 -0.0057431393607932828 159.36499999999799 173.90000000000148 287.8286865208284 0.0058563471045600876 2415.7756809000007 0.15325072459806877 1.0936014307783328 7.3552402024598482 0.0068358793966210489 1375.2732142857137 0.010791005670423719 -252.92520290951438 106425.12260000002 1667.3215079280201 2109.0974634000004 2412.2549999999978 0.00099214085960524405 103725.22000000002 94513.790000000023 -6.4932356170459107 103459.90882500002 -529.5223284118764 23.424999999995638
decision_type=2 2 2 2 2 2 2 2 2 2 2 2 2 2 2 2 2 2 2 2 2 2 2 2 2 2 2 2 2 2
left_child=1 -1 3 4 5 23 -7 20 -9 10 -10 -12 17 14 15 -14 -17 18 19 -13 24 -11 -23 -2 25 26 -6 28 -20 -8
right_child=2 -3 -4 -5 7 6 29 8 9 21 11 12 13 -15 -16 16 -18 -19 27 -21 -22 22 -24 -25 -26 -27 -28 -29 -30 -31
leaf_value=0.00025266178729768652 0.00010017866309790668 -2.400416682809591e-05 1.6369912346259703e-05 0.00011019368058399675 -7.5925482697816697e-05 1.2993138394115876e-06 -6.8785084330880251e-05 1.7597567539202742e-05 -0.00012790758931805491 8.3586607197869752e-05 0.00018010069526964921 -2.5087727170512605e-05 0.00031068210662374142 -6.4740254714502183e-05 -1.7752364555931401e-05 -7.5885039158065119e-05 0.0010968328088751666 7.2943318578114473e-05 4.1720972334438294e-05 6.5208874327970655e-06 8.4222842251640886e-06 -6.3358212369117191e-05 3.9782112917262623e-05 0.00018360951730583182 -8.4060256722286148e-05 2.5850358618697602e-05 -1.3741886231799175e-05 -0.00010689830674574922 -0.00019668338129379543 -7.605469015693685e-05
leaf_weight=28 20 35 25 35 69 29 58 29 79 32 23 26 26 57 30 25 21 28 28 36 20 350 20 20 238 28 35 124 36 20
leaf_count=28 20 35 25 35 69 29 58 29 79 32 23 26 26 57 30 25 21 28 28 36 20 350 20 20 238 28 35 124 36 20
internal_value=-0.00153374 0.00373016 -0.00174537 -0.00185474 -0.00198076 0.000442176 -0.00172897 -0.00224265 -0.00175258 -0.00197131 -0.0011039 -0.000543479 -0.000995425 0.000974842 0.00382353 0.00680555 0.00152174 -0.0021223 -0.0028 0.00064516 -0.00346154 -0.00313433 -0.00351351 0.00625 -0.00378378 -0.00234849 -0.00355769 -0.00393617 -0.001875 -0.00371795
internal_weight=1630 63 1567 1542 1507 147 107 1360 970 941 539 460 437 159 102 72 46 278 250 62 390 402 370 40 370 132 104 188 64 78
internal_count=1630 63 1567 1542 1507 147 107 1360 970 941 539 460 437 159 102 72 46 278 250 62 390 402 370 40 370 132 104 188 64 78
is_linear=0
shrinkage=0.05


Tree=25
num_leaves=31
num_cat=0
split_feature=28 23 25 31 0 39 4 25 23 25 11 7 18 38 38 19 5 42 23 41 11 5 35 9 23 13 41 19 3 0
split_gain=0.709499 1.08651 0.45367 0.430773 0.630657 0.365323 0.418605 0.901272 1.04229 0.526444 0.410052 0.424489 0.952872 0.504882 0.945546 0.466964 0.837181 0.400017 0.768503 1.41089 0.428571 0.438312 0.278246 0.4 0.268317 0.266637 0.201985 0.449964 0.228323 0.444444
threshold=-3100.6779739364206 1.0039054020602458 2.9271690851299472 113348.14750000001 117766.25000000001 569.32714285714258 1349.0044100000002 -0.76080292544907901 -0.89347460737444595 -0.51501939437165623 -0.023868768322708286 0.0078685933864206178 925.27999999999895 75.233624167939979 71.442896994392157 1119.2849999999964 0.0039301975558456046 -6.4932356170459107 0.22541887531658658 152.52128830054056 0.0073856481299193122 -0.00097628711342129173 113890.63695 0.00099214085960524405 -0.43248196400794786 -0.030794130411900305 496.09291970780561 911.49999999999284 112584.02 111689.66000000002
decision_type=2 2 2 2 2 2 2 2 2 2 2 2 2 2 2 2 2 2 2 2 2 2 2 2 2 2 2 2 2 2
left_child=1 -1 3 4 5 -2 22 8 -8 -9 -11 12 13 14 17 16 -13 24 20 -20 21 -19 -7 -24 -12 -26 28 -28 29 -5
right_child=2 -3 -4 26 -6 6 7 9 -10 10 11 15 -14 -15 -16 -17 -18 18 19 -21 -22 -23 23 -25 25 -27 27 -29 -30 -31
leaf_value=0.00024002869793280217 1.9350843320339867e-05 -2.2803958486691117e-05 1.5551416728946717e-05 -9.5339595571663753e-06 1.4921079000488605e-05 -0.00013720156442968175 -2.5881754305547486e-05 -4.6588159863292548e-05 0.00023480240154553539 -2.4001004535615183e-05 1.5761058337199868e-06 -1.0949189548256436e-05 0.00024154037130082884 -0.00018142808838486971 0.00045588420480874704 -5.4340056738676364e-05 0.00021815674916319085 -0.00013887617010651106 0.00053142742477335972 -4.1901500951882628e-05 -0.00012642196035839222 0.00021033021719706502 2.4426665522161811e-05 -0.00013384878553919887 5.0642135901683623e-06 -4.5483584075199079e-05 2.6433986641963641e-05 -5.3736303575921076e-05 -8.5602560017824646e-05 2.0345600903257101e-05
leaf_weight=28 35 35 25 25 20 155 39 169 31 58 26 33 23 49 23 145 21 22 34 25 42 20 20 20 20 119 27 64 257 20
leaf_count=28 35 35 25 25 20 155 39 169 31 58 26 33 23 49 23 145 21 22 34 25 42 20 20 20 20 119 27 64 257 20
internal_value=-0.00147239 0.00373016 -0.00168156 -0.00178988 -0.00130113 -0.00145704 -0.00161792 -0.0011624 0.00428571 -0.00162244 -0.00098485 -0.000598008 0.000334986 -0.000263159 0.000438065 -0.00248744 0.00148148 -0.000292209 0.00164336 0.00601695 -0.00142857 0.00214286 -0.00371795 -1.19209e-09 -0.0019697 -0.00284173 -0.00321883 -0.00115385 -0.00384106 -0.000555557
internal_weight=1630 63 1567 1542 1149 1129 1094 899 70 829 660 602 403 380 331 199 54 308 143 59 84 42 195 40 165 139 393 91 302 45
internal_count=1630 63 1567 1542 1149 1129 1094 899 70 829 660 602 403 380 331 199 54 308 143 59 84 42 195 40 165 139 393 91 302 45
is_linear=0
shrinkage=0.05


Tree=26
num_leaves=31
num_cat=0
split_feature=28 21 18 21 19 21 0 2 2 21 28 28 17 13 24 21 0 2 1 15 34 20 35 19 25 25 25 11 15 38
split_gain=0.646459 1.14004 0.483398 0.932604 0.585369 0.787202 0.484904 0.460884 0.538928 0.31869 0.503873 0.840455 1.24989 0.339622 0.524667 0.285016 0.260399 0.424789 0.798422 0.454613 0.644128 0.365248 0.285583 0.208579 0.368182 0.238909 0.730498 0.170956 0.487576 0.147619
threshold=-3427.3428185359367 642.01999999998964 124.76999999999681 932.09999999999866 556.96499999999662 93.160000000003507 118607.08000000002 84645.650000000009 83126.265000000014 278.44499999999977 -777.13070855822286 287.8286865208284 0.0072789761191661721 0.023449971576128558 2680.0930780000003 380.3650000000053 109102.10500000003 102718.13000000002 104839.63500000002 0.004397350089725467 105049.96741065044 719.55999999999779 100033.82390000002 680.1800000000004 -0.7477194274675939 -0.35898951456934047 -0.14139120479815079 -0.001125798228478972 0.0041177218785879424 50.126270060903195
decision_type=2 2 2 2 2 2 2 2 2 2 2 2 2 2 2 2 2 2 2 2 2 2 2 2 2 2 2 2 2 2
left_child=1 -1 16 4 5 -4 7 8 -6 13 -11 12 -12 -9 -15 -13 17 23 -19 20 -20 27 -21 -2 -25 -26 -27 28 -18 -30
right_child=2 -3 3 -5 6 -7 -8 9 -10 10 11 15 -14 14 -16 -17 21 18 19 22 -22 -23 -24 24 25 26 -28 -29 29 -31
leaf_value=0.00021889039925638827 -6.4573477427689186e-05 -6.5577484227727522e-05 7.6824154187582605e-05 0.00026649017399148618 -9.5916462007023856e-06 -0.00012274659322351712 2.9023769546720181e-05 -7.399288508203466e-05 0.00020512203771975366 -6.9655362664889313e-05 -9.2516219007311587e-06 1.9654095757339693e-06 0.00028003717188694355 0.00025097903606492922 -7.1939946040311156e-05 -8.5314177504016656e-05 2.1832824069291596e-05 0.00016833306486204933 -8.5757785413623366e-05 0.00020229476212571963 5.2381794393846147e-05 2.3060685563058908e-06 -2.6035276376281064e-05 5.3941165559132292e-06 -5.724950885153777e-05 2.022983487138815e-05 -2.2051097102619503e-05 -9.0553747846473684e-05 -4.7870957101745969e-05 -1.0027522243065434e-05
leaf_weight=29 82 20 32 20 30 24 39 219 22 53 27 37 23 23 54 73 31 39 23 20 21 28 103 22 73 28 97 203 93 42
leaf_count=29 82 20 32 20 30 24 39 219 22 53 27 37 23 23 54 73 31 39 23 20 21 28 103 22 73 28 97 203 93 42
internal_value=-0.00147239 0.00418367 -0.00164769 -0.000636096 -0.000960367 0.00392857 -0.00141667 -0.00179145 0.00269231 -0.00224951 -0.000774649 0.000624999 0.006 -0.00331081 -0.000454547 -0.00181818 -0.00240332 -0.00165354 9.70862e-05 -0.00140719 0.00295454 -0.00336272 -0.00296748 -0.00284768 -0.00204546 -0.00272727 -0.0014 -0.00378049 -0.00259036 -0.00388889
internal_weight=1630 49 1581 676 656 56 600 561 52 509 213 160 50 296 77 110 905 508 206 167 44 397 123 302 220 198 125 369 166 135
internal_count=1630 49 1581 676 656 56 600 561 52 509 213 160 50 296 77 110 905 508 206 167 44 397 123 302 220 198 125 369 166 135
is_linear=0
shrinkage=0.05


Tree=27
num_leaves=31
num_cat=0
split_feature=9 21 4 25 17 16 41 25 0 2 16 5 32 15 34 11 27 20 40 18 7 9 9 15 39 13 36 13 34 13
split_gain=0.726331 0.531288 0.501347 1.28029 0.459237 0.686086 1.02761 0.744712 0.534165 0.597986 0.439575 0.664156 0.406391 0.39261 0.640244 0.322013 0.332951 0.41957 0.256559 0.655626 0.249288 0.232283 0.623809 0.832106 1.71854 0.385392 0.273333 0.262626 0.219337 0.498113
threshold=-0.026454834531585505 311.20499999999453 1414.3213750000002 -0.84228712390166083 0.0067409804670859877 0.0069070144775289178 150.32209856845049 0.11002662353520749 108643.95000000003 107461.39000000001 0.0047038925094244994 -0.0012830715786325867 -2695.6572282481789 0.0028000318281802107 113167.24831205611 0.042068126210888498 83439.506750000015 371.16500000000093 763.62969227715087 359.06999999999977 0.012112621165756217 -0.0055120513065407073 0.0024164890889063419 0.0075376608514298388 1151.4985714285715 -0.019364397933557927 -9279.0534513500079 0.0008181824241009413 114239.26231965802 0.0053090282715082798
decision_type=2 2 2 2 2 2 2 2 2 2 2 2 2 2 2 2 2 2 2 2 2 2 2 2 2 2 2 2 2 2
left_child=1 -1 13 -4 5 10 -7 -8 9 15 11 -5 -12 14 -2 16 17 -6 20 -20 -14 26 23 24 -23 -24 -18 -25 -15 -30
right_child=2 -3 3 4 8 6 7 -9 -10 -11 12 -13 18 28 -16 -17 21 -19 19 -21 -22 22 25 27 -26 -27 -28 -29 29 -31
leaf_value=0.00014677084417801881 4.2853909165159618e-05 9.251085925061659e-07 7.9281165358479814e-05 -3.2809819582525297e-05 -3.0320760049942696e-05 -5.1051088398817234e-05 9.9894521611754795e-05 4.3975219081598488e-06 -5.8409876955651965e-05 0.0001613347733738906 1.7815932434829599e-05 0.00015240397876428057 -3.0094594468755275e-05 -0.0001039263882101171 -0.00021051278970929369 0.00012435770202220669 4.8060525975424697e-05 0.00030564807909806035 -1.5221682481429163e-05 0.00018538079520645162 6.6487428910406307e-07 -1.2430159211576973e-05 4.631147905318373e-05 1.355497439689979e-06 0.00026065838217322599 -5.3981793534553995e-05 -1.7263273866487814e-05 -0.00015730768108699545 -6.9404822981363574e-05 2.448466664071212e-05
leaf_weight=24 20 39 28 27 21 33 23 37 244 21 21 32 159 235 21 30 27 20 38 20 25 29 29 33 20 159 123 39 33 20
leaf_count=24 20 39 28 27 21 33 23 37 244 21 21 32 159 235 21 30 27 20 38 20 25 29 29 33 20 159 123 39 33 20
internal_value=-0.00153374 0.00373016 -0.00174537 -0.00128433 -0.00152893 -0.000180724 0.00360215 0.0075 -0.00223271 -0.00137024 -0.00127329 0.00262712 -0.00214829 -0.00348024 0.00109756 -0.00169811 -0.002 0.00231707 -0.00272727 0.000172413 -0.00364131 -0.00238562 -0.00160194 0.00119835 0.00622449 -0.00340426 -0.004 -0.00222222 -0.00413195 -0.00122642
internal_weight=1630 63 1567 1238 1210 415 93 60 795 551 322 59 263 329 41 530 500 41 242 58 184 459 309 121 49 188 150 72 288 53
internal_count=1630 63 1567 1238 1210 415 93 60 795 551 322 59 263 329 41 530 500 41 242 58 184 459 309 121 49 188 150 72 288 53
is_linear=0
shrinkage=0.05


Tree=28
num_leaves=31
num_cat=0
split_feature=32 23 7 11 21 39 11 25 7 7 15 21 0 18 7 24 21 24 9 42 17 15 5 9 1 19 4 36 17 9
split_gain=0.71309 0.595238 1.3751 0.418146 0.409432 0.711193 0.458998 0.37588 0.333048 0.542341 1.06061 0.318644 0.26277 0.51926 1.10345 0.321746 0.749421 0.435139 0.288148 0.415503 0.833824 0.625 0.262902 0.252962 0.249843 0.22688 0.436364 0.196281 0.358974 0.180224
threshold=-4788.0255865479257 0.98238596017319513 -0.010419301939655443 0.042068126210888498 35.725000000005828 851.8324999999985 -0.0057431393607932828 2.9271690851299472 -0.011851477056580748 -0.0098395197810789998 0.0075831350379834406 133.12500000000003 90539.880000000019 132.73999999999799 0.0082083711267577925 2389.6898252600008 479.9550000000018 2321.8453891000004 0.00033511943969776939 92.178128765819963 0.0095740663330503694 0.0067512123621049913 -0.00632082472622856 0.0015516155043173861 84603.315000000017 693.62999999999749 1321.7317300000002 6174.7369333510151 0.0068634067156943136 -0.00092824299454110889
decision_type=2 2 2 2 2 2 2 2 2 2 2 2 2 2 2 2 2 2 2 2 2 2 2 2 2 2 2 2 2 2
left_child=1 2 -1 4 5 23 -7 8 -6 10 -10 27 13 24 -15 16 17 29 19 22 21 -21 -17 -2 -13 26 -24 -11 -29 -14
right_child=3 -3 -4 -5 7 6 -8 -9 9 11 -12 12 15 14 -16 18 -18 -19 -20 20 -22 -23 25 -25 -26 -27 -28 28 -30 -31
leaf_value=0.00037545886900336851 6.7834238201983286e-05 -3.2960391389364267e-05 -3.5298778182716325e-06 8.5613126996031104e-05 -6.7472385409392437e-05 3.857594792721057e-06 -6.3069455042934406e-05 1.9618022674651335e-05 2.4586559889230459e-05 -6.7816261263994477e-05 -0.00011665889702064597 8.4752842042278221e-07 -5.3055909960324572e-05 0.00046776652018936705 -2.6675126792808601e-05 1.1136508068856588e-06 1.050305934959967e-05 0.00013357059855829986 -6.1394549033721063e-05 0.00014178753440634943 -7.5648435137676832e-05 -1.9299133528448682e-07 -0.00014361521376095887 0.00015202514070005067 -3.6897240519410733e-05 -4.7927977659576875e-05 3.6550314686355222e-05 3.5136248565367647e-05 -0.0001452475458289052 -7.2788312195106662e-05
leaf_weight=22 21 28 34 36 121 29 79 22 22 227 20 21 45 29 29 20 30 29 303 20 28 20 24 20 61 129 20 24 28 89
leaf_count=22 21 28 34 36 121 29 79 22 22 227 20 21 45 29 29 20 30 29 303 20 28 20 24 20 61 129 20 24 28 89
internal_value=-0.00174847 0.00273809 0.00571428 -0.00199224 -0.00211921 0.000369126 -0.00175926 -0.00239162 -0.00249813 -0.00224959 0.00333333 -0.00244898 -0.00198997 -1.19209e-09 0.00362069 -0.00235799 -0.000595856 -0.00193252 -0.00296099 -0.0017433 0.00161765 0.00625 -0.00292746 0.00597561 -0.00256098 -0.00355491 -0.000454547 -0.00392473 -0.00115385 -0.00313433
internal_weight=1630 84 56 1546 1510 149 108 1361 1339 1218 42 1176 897 140 58 757 193 163 564 261 68 40 193 41 82 173 44 279 52 134
internal_count=1630 84 56 1546 1510 149 108 1361 1339 1218 42 1176 897 140 58 757 193 163 564 261 68 40 193 41 82 173 44 279 52 134
is_linear=0
shrinkage=0.05


Tree=29
num_leaves=31
num_cat=0
split_feature=32 23 7 7 4 19 22 19 23 9 25 42 38 11 18 28 42 22 30 1 38 22 15 28 9 24 0 5 25 28
split_gain=0.646468 0.595238 1.3751 0.519506 0.336526 0.395128 1.28475 0.436311 0.415503 0.48446 1.05949 1.02849 0.557248 0.798133 0.409575 0.369977 0.346056 0.559286 0.295482 0.293387 0.80397 0.276099 0.274417 0.255497 0.329445 0.250833 0.244559 0.468085 0.176197 0.159642
threshold=-4788.0255865479257 0.98238596017319513 -0.010419301939655443 -0.011851477056580748 1187.0027650000004 706.5550000000004 1790.2641252500005 680.1800000000004 -0.024709445197852356 0.016475679198028396 1.5206077687221025 266.00341909882167 52.513082078069537 0.0064289723560554827 -585.79000000000076 1373.6478799012477 -161.30017332208195 3718.801457 101434.14817903731 87936.530000000013 58.226533728762568 2057.7318825000007 0.0028000318281802107 -684.07079733206763 0.0064688418693555046 2109.0974634000004 107919.48500000002 0.0029213321345364909 -0.77785023867840219 -1133.4764299261876
decision_type=2 2 2 2 2 2 2 2 2 2 2 2 2 2 2 2 2 2 2 2 2 2 2 2 2 2 2 2 2 2
left_child=1 2 -1 -2 22 6 -6 15 16 12 11 -11 13 14 -10 23 17 26 -16 20 -18 -20 -5 -8 -25 -14 -7 -28 -21 -30
right_child=3 -3 -4 4 5 8 7 -9 9 10 -12 -13 25 -15 18 -17 19 -19 21 28 -22 -23 -24 24 -26 -27 27 -29 29 -31
leaf_value=0.00035668592555320009 -1.9674736972964935e-05 -3.1312371819896074e-05 -3.3533839273580537e-06 1.4076602388670751e-06 0.00018235113345686056 -3.8001385303270461e-05 9.2845646620438576e-06 5.5370123189283004e-06 7.035676107770961e-06 -7.38231644629445e-07 -0.00013986548479106081 8.591585640181293e-05 3.4637093492278786e-05 0.00054001604444412496 0.00011305593597368202 4.9000524755969626e-05 -0.00011668387768495012 8.8596265647263986e-06 -8.5237162230819796e-06 -1.7711392660020195e-05 9.6256965702376824e-05 -7.5702994794660711e-05 -6.6217852022377137e-05 -0.00014585196755652265 5.1910651849723385e-05 -4.4473105071163757e-05 7.0035761461763953e-06 -6.4328267554541956e-05 -6.1773417435614266e-05 -7.8597354192315973e-05
leaf_weight=22 142 28 34 35 24 40 31 30 32 38 44 35 23 20 26 29 36 27 24 33 26 67 174 91 22 160 25 22 20 270
leaf_count=22 142 28 34 35 24 40 31 30 32 38 44 35 23 20 26 29 36 27 24 33 26 67 174 91 22 160 25 22 20 270
internal_value=-0.00153374 0.00273809 0.00571428 -0.00176585 -0.00147436 -0.00115063 0.000726871 -0.000566504 -0.00159091 -0.000522389 0.00226496 0.0059589 -0.00144886 0.000621301 -0.000637585 -0.00153179 -0.00259519 -0.00017544 -0.00200855 -0.00331169 -0.000161292 -0.00335165 -0.00332536 -0.00256945 -0.00367257 -0.00336066 -0.00212644 0.000319148 -0.00391641 -0.00431035
internal_weight=1630 84 56 1546 1404 1195 227 203 968 469 117 73 352 169 149 173 499 114 117 385 62 91 209 144 113 183 87 47 323 290
internal_count=1630 84 56 1546 1404 1195 227 203 968 469 117 73 352 169 149 173 499 114 117 385 62 91 209 144 113 183 87 47 323 290
is_linear=0
shrinkage=0.05


Tree=30
num_leaves=31
num_cat=0
split_feature=27 23 11 5 9 22 39 39 38 42 40 11 20 16 9 19 15 21 38 35 13 21 36 19 28 16 36 9 39 24
split_gain=0.639187 0.458009 0.425103 0.303637 0.385762 0.750493 1.17346 1.45773 0.577704 0.614316 0.574359 0.535497 0.517674 1.31047 0.613558 0.598195 0.425963 0.418519 0.309178 0.410694 0.703902 0.740192 0.303572 0.299396 0.380474 0.648348 0.325718 0.222222 0.200005 0.156487
threshold=82797.81200000002 -0.024709445197852356 0.042068126210888498 -0.0028267440719389157 0.00033511943969776939 3000.9528877500006 1363.6639285714277 1247.3271428571422 26.881749704913421 81.613339187457356 468.5696576546689 -0.0056487989795356809 22.299999999995638 0.0063916296033033042 0.0055664095479049302 509.0999999999986 0.0072988781353428627 663.01500000000681 52.744317316474159 114075.92055000002 -0.02277647421639032 263.48500000000064 6235.9350352184128 2093.0550000000007 721.83419003618485 0.0057818347014951541 -4201.6115283231547 -0.0041170769838240039 1585.9553571428573 1885.3444749000003
decision_type=2 2 2 2 2 2 2 2 2 2 2 2 2 2 2 2 2 2 2 2 2 2 2 2 2 2 2 2 2 2
left_child=1 -1 3 18 5 8 7 11 -5 29 -11 -7 13 -6 -14 -16 -8 23 19 22 -21 -22 28 24 25 -17 -27 -18 -2 -10
right_child=2 -3 -4 4 12 6 16 -9 9 10 -12 -13 14 -15 15 17 27 -19 -20 20 21 -23 -24 -25 -26 26 -28 -29 -30 -31
leaf_value=-2.1296659916758568e-05 -3.7287700374032875e-05 0.00029108831611378906 0.00012508560551334651 4.9661202946856773e-06 7.4742459908936872e-05 -8.8796785927083441e-06 7.3701602204345968e-06 0.00023229070387130644 -0.00011435885307942359 0.00022020141268998944 -1.3964668963823774e-05 2.7760597578703408e-06 -8.6158394763155268e-05 -7.5761028069895714e-05 0.00013399685304398898 0.00032544674994233877 -1.8366903413255276e-05 1.4266306703674945e-06 -4.0437091466650347e-05 -6.1012048919718941e-05 -3.1331857025928586e-06 3.7407697588438474e-05 4.0345545534043754e-07 7.2962590091921585e-05 -9.8296179903444052e-05 1.5994646914612516e-05 -4.7144705065200954e-05 -2.3368027570420557e-05 -1.540297609010381e-05 -7.1074503649336325e-05
leaf_weight=22 150 20 26 24 20 22 20 37 20 39 21 29 231 23 21 20 54 36 160 40 23 20 31 36 169 28 68 27 32 161
leaf_count=22 150 20 26 24 20 22 20 37 20 39 21 29 231 23 21 20 54 36 160 40 23 20 31 36 169 28 68 27 32 161
internal_value=-0.00156442 0.00452381 -0.00172544 -0.00183099 -0.00138336 -0.000264318 0.00214286 0.00636364 -0.00198113 -0.00271784 0.00166667 0.000882352 -0.00216258 0.00313953 -0.00253695 -0.0012963 -0.00153465 -0.00177871 -0.00291667 -0.00195946 0.0010241 0.00546512 -0.00312207 -0.00235203 -0.00289474 -0.000689656 -0.00239583 -0.00314815 -0.0039011 -0.00417127
internal_weight=1630 42 1588 1562 1106 454 189 88 265 241 60 51 652 43 609 378 101 357 456 296 83 43 213 321 285 116 96 81 182 181
internal_count=1630 42 1588 1562 1106 454 189 88 265 241 60 51 652 43 609 378 101 357 456 296 83 43 213 321 285 116 96 81 182 181
is_linear=0
shrinkage=0.05


Tree=31
num_leaves=31
num_cat=0
split_feature=4 25 0 15 34 7 32 15 19 25 23 23 39 7 11 21 34 23 23 28 15 11 11 3 17 4 32 20 5 18
split_gain=0.665631 1.16686 0.538144 0.402044 0.70537 0.335701 0.488202 0.98 0.433094 0.691076 0.485437 0.688652 1.11528 0.65745 0.486318 0.90323 0.414071 0.435554 0.927054 0.424445 0.418248 0.409756 0.392094 0.355476 0.344309 0.341481 0.2695 0.247749 0.450713 0.190655
threshold=1414.3213750000002 -0.84228712390166083 80412.500000000015 0.00308274413446193 113167.24831205611 -0.0062721654712133137 -4532.3404214645625 0.012761807816742242 855.06500000000244 0.03095621992455248 -0.044525839714315722 0.1662017746075817 1375.2732142857137 -0.0041734393642977275 0.0020888173966029733 105.13499999999478 85650.556456553488 -0.80314455495027615 -0.58470543852178247 287.8286865208284 0.0061506810920116482 0.000606837710086619 0.042068126210888498 119256.13000000002 0.0074439878036929316 6773.392600000001 -2695.6572282481789 460.42000000000559 0.0056728261970670499 365.56500000000239
decision_type=2 2 2 2 2 2 2 2 2 2 2 2 2 2 2 2 2 2 2 2 2 2 2 2 2 2 2 2 2 2
left_child=3 -2 -3 4 -1 6 7 -4 9 16 14 12 21 -13 15 -10 -7 -18 24 20 -20 -12 23 27 -19 -8 -17 -15 -29 -5
right_child=1 2 5 29 -6 8 25 -9 10 -11 11 13 -14 22 -16 26 17 18 19 -21 -22 -23 -24 -25 -26 -27 -28 28 -30 -31
leaf_value=9.4175131840678876e-06 7.2457025632122998e-05 0.00022047351302034482 0.00012757191869427014 -7.2999220763416808e-05 -0.00018816877938011744 0.00026941063296018994 -4.1209707265149101e-05 -2.244272292607024e-05 6.8294851358930374e-06 2.773996130740257e-05 -0.00013944049244826254 1.4959039063306466e-06 8.5399185327383336e-05 -3.8434324877729595e-05 -9.820825625624049e-05 8.5649118470156797e-06 -0.00018870035461505911 2.902450786333001e-06 9.7560452339418019e-05 -0.00018713065222742342 -3.1051778558940182e-05 7.869436664303893e-06 0.00019893437235308657 0.00011073468766138202 0.00014316899692663813 9.2092223950991959e-07 -2.2593966621213477e-05 -7.3868042922585765e-05 2.7380396776399822e-06 -6.5793350299280317e-05
leaf_weight=26 28 21 25 242 27 21 246 25 22 25 21 26 21 155 162 30 42 21 20 65 31 20 20 23 20 30 86 61 34 34
leaf_count=26 28 21 25 242 27 21 246 25 22 25 21 26 21 155 162 30 42 21 20 65 31 20 20 23 20 30 86 61 34 34
internal_value=-0.00131902 -0.000810916 -0.00103299 -0.00332827 0.000660376 -0.00116614 -0.00254601 0.002 -0.000680347 0.00112245 -0.00132893 -0.000144358 0.00467742 -0.00108151 -0.00283333 -0.000652175 0.000227272 -0.000477388 0.000732483 -0.00155173 0.00186274 -0.000121952 -0.00175768 -0.00225275 0.00719512 -0.00336957 -0.00241379 -0.0028 -0.000789475 -0.0040942
internal_weight=1630 1301 1273 329 53 1252 326 50 926 245 681 381 62 319 300 138 220 199 157 116 51 41 293 273 41 276 116 250 95 276
internal_count=1630 1301 1273 329 53 1252 326 50 926 245 681 381 62 319 300 138 220 199 157 116 51 41 293 273 41 276 116 250 95 276
is_linear=0
shrinkage=0.05


Tree=32
num_leaves=31
num_cat=0
split_feature=42 21 22 0 23 9 9 3 2 7 20 20 4 7 15 17 13 13 22 4 17 35 34 20 13 40 36 19 13 36
split_gain=0.571226 0.472034 0.601136 0.436364 0.393784 0.43992 0.54004 0.387225 0.705336 0.469145 0.383844 0.62777 0.799496 0.762487 0.386681 0.751995 0.631708 0.379842 0.376906 0.955442 0.62134 0.814109 0.434475 0.518718 0.325161 0.362903 0.360638 0.239626 0.222453 0.18318
threshold=-680.01943988486528 7.8749999999927249 2082.3554515000001 106711.76500000001 -0.91874460724605167 -0.011202135687565009 -0.028749832824688452 105081.00000000001 104021.61000000002 -0.0090393498885179367 67.175000000002925 156.0400000000009 3092.3120050000002 0.0038202994933017828 0.0079015267900579018 0.007387998978908978 -0.015001181406135529 -0.035294307780506053 3680.6644337500002 3210.9926200000004 0.0065505821836866459 115599.47120000001 113908.33532135234 470.59000000000384 -0.0061919432438568281 763.62969227715087 -319.26649412274122 1014.0750000000045 0.018425550479618139 -1323.5955009731476
decision_type=2 2 2 2 2 2 2 2 2 2 2 2 2 2 2 2 2 2 2 2 2 2 2 2 2 2 2 2 2 2
left_child=-1 2 -2 -4 27 6 17 8 9 -7 -11 12 13 -12 28 -16 -17 -6 20 -20 21 22 23 24 -9 26 -26 -3 -13 -18
right_child=1 4 3 -5 5 7 -8 18 -10 10 11 14 -14 -15 15 16 29 -19 19 -21 -22 -23 -24 -25 25 -27 -28 -29 -30 -31
leaf_value=9.8111923567206826e-05 4.430580156690638e-05 -4.7939702104081521e-05 2.4171943572689119e-06 -5.4107170307153595e-05 -5.3641870725963577e-05 1.062975108904934e-05 -4.3797951420692143e-05 4.4435562421698644e-06 1.3566462335945813e-06 -1.4198803725600893e-05 -1.5168737099362598e-05 -0.00012684199436985519 0.00012112348073544172 0.00011759229869838809 0.00032906505971993074 0.00023731475734131908 -9.8725343721205999e-05 0.00021959683525882976 6.9508490906918374e-06 -2.7735867180495155e-05 -5.6949431538172688e-05 0.00013393021695955832 -0.00014156398272385345 0.00014701931790637334 2.9936807585098647e-05 3.2549157370223242e-06 -0.00011605900872581144 -3.694309805910732e-07 -1.1592397122591471e-06 -1.9233148124480706e-05
leaf_weight=21 20 206 20 24 23 33 182 20 21 44 36 93 20 23 21 29 53 22 35 49 260 34 85 20 29 31 95 24 26 31
leaf_count=21 20 206 20 24 23 33 182 20 21 44 36 93 20 23 21 29 53 22 35 49 260 34 85 20 29 31 95 24 26 31
internal_value=-0.00128834 -0.00139528 0.0028125 -0.000454547 -0.00156958 -0.00123574 -0.00323789 -0.000818016 0.000348836 -0.000110026 -0.000611703 -3.01217e-05 0.00386076 0.000932202 -0.00124506 0.000597014 -0.0010177 0.00166667 -0.00158055 0.00154762 -0.00203833 -0.000541402 -0.00142857 -0.000128206 -0.001 -0.00177419 -0.00298387 -0.00347826 -0.00331933 -0.00321429
internal_weight=1630 1609 64 44 1545 1315 227 1088 430 409 376 332 79 59 253 134 113 45 658 84 574 314 280 195 175 155 124 230 119 84
internal_count=1630 1609 64 44 1545 1315 227 1088 430 409 376 332 79 59 253 134 113 45 658 84 574 314 280 195 175 155 124 230 119 84
is_linear=0
shrinkage=0.05


Tree=33
num_leaves=31
num_cat=0
split_feature=16 15 20 9 21 39 9 11 9 19 42 19 39 22 20 41 41 17 19 41 40 0 39 15 39 25 19 24 40 22
split_gain=0.445298 0.555556 0.675 0.500675 0.328207 0.668454 0.614159 0.533778 0.303874 0.384422 0.499233 0.960342 0.369325 0.377856 0.551668 0.615338 0.951452 0.595732 0.730489 0.461056 0.750649 0.547004 0.385095 0.346076 0.34094 0.435419 0.764516 0.47946 0.402791 0.81502
threshold=0.014061351021558638 0.019290552914824781 519.3400000000039 -0.032377436724541568 35.725000000005828 880.43142857142823 0.00084566564760622537 -0.0061732794829703853 -0.020394484042381363 1924.705000000002 40.727269380211794 2241.4550000000022 1460.5107142857157 2773.5708037500003 277.50000000000006 -98.572664725672496 -608.6934290748319 0.0071620867110212772 1158.7950000000058 -511.57459866633673 -817.88456127990491 118965.00000000001 1336.3217857142852 0.0087607960725526717 977.10857142857128 -0.86455212914475865 509.0999999999986 1885.3444749000003 -48.897196677178719 2176.7592747500007
decision_type=2 2 2 2 2 2 2 2 2 2 2 2 2 2 2 2 2 2 2 2 2 2 2 2 2 2 2 2 2 2
left_child=3 2 -2 -1 5 6 -5 -7 -6 12 11 -11 13 22 19 16 -16 18 -17 20 -15 -21 24 -12 25 -10 -27 -28 29 -29
right_child=1 -3 -4 4 8 7 -8 -9 9 10 23 -13 -14 14 15 17 -18 -19 -20 21 -22 -23 -24 -25 -26 26 27 28 -30 -31
leaf_value=0.00014142537851236846 4.0053036728188146e-07 -6.839889331125714e-06 0.00025999720667186862 -0.00010488284623348963 -2.9873320110699687e-05 4.9766725056259783e-06 0.0001716078896813726 -5.7767398240927314e-05 -0.00011647969997830826 9.5508162153777121e-05 -6.3849630015648529e-05 -2.1880795316846533e-05 -6.4032270618390652e-05 -1.0677991907591501e-05 -1.2356414237128875e-05 7.1861521920648405e-05 4.4095745575318705e-05 -3.762103689180205e-05 -0.00018276310941844404 -3.8525904789994522e-05 7.3423287723597028e-05 5.7146104555920919e-05 1.7661034792256027e-05 0.00010259086654769031 -8.3829515063405487e-05 4.1656944149840457e-06 3.9641006337459029e-05 -2.4214126920381864e-05 -2.8287829291832798e-05 1.5559435150276968e-05
leaf_weight=30 40 30 20 22 69 26 25 76 71 39 43 36 165 35 21 27 20 70 21 191 20 20 22 28 228 29 34 33 108 31
leaf_count=30 40 30 20 22 69 26 25 76 71 39 43 36 165 35 21 27 20 70 21 191 20 20 22 28 228 29 34 33 108 31
internal_value=-0.00119632 0.00222222 0.005 -0.00139611 -0.00152318 0.000704697 0.0056383 -0.00156863 -0.00176708 -0.00159443 0.000821917 0.00366667 -0.00190227 -0.00153415 -0.000411766 0.00191824 0.00719512 8.47446e-05 0.004375 -0.00180451 0.00227273 -0.0028673 -0.00239209 -0.0021831 -0.00265918 -0.00156863 -0.000531916 -0.00160194 -0.00267442 0.000468749
internal_weight=1630 90 60 1540 1510 149 47 102 1361 1292 146 75 1146 981 425 159 41 118 48 266 55 211 556 71 534 306 235 206 172 64
internal_count=1630 90 60 1540 1510 149 47 102 1361 1292 146 75 1146 981 425 159 41 118 48 266 55 211 556 71 534 306 235 206 172 64
is_linear=0
shrinkage=0.05


Tree=34
num_leaves=31
num_cat=0
split_feature=25 11 40 7 40 28 25 13 28 39 36 15 5 17 17 7 31 5 11 24 19 9 32 18 21 0 5 9 4 5
split_gain=0.548391 0.370801 0.397924 1.06404 1.21405 0.434788 0.389666 0.406831 0.385073 0.316603 0.270338 1.05793 0.571429 0.32692 0.629682 0.451999 0.809236 0.742059 0.543641 0.34847 0.344839 0.644048 0.259274 0.285771 0.217687 0.654762 0.299172 0.475713 0.652497 0.336076
threshold=2.9271690851299472 0.042068126210888498 -1183.6969138862476 -0.00032294154649265011 -1444.0580435662339 -1736.4184852729011 -0.96228782910332022 -0.031221392255850852 -3100.6779739364206 563.20928571428635 -4661.0062115678656 0.0062728807753868751 0.0034456148004474284 0.0065505821836866459 0.0064277583196702178 0.0031360288641383211 112009.56370000001 0.0053869447660002149 0.0081334857377620643 2828.6716543400003 706.5550000000004 -0.002755259257413475 -1063.3219567029735 205.22000000000119 793.62000000000273 103728.75000000001 -0.0022497924099173232 -0.00038005707679511866 2934.1750150000003 -0.0047131012870117676
decision_type=2 2 2 2 2 2 2 2 2 2 2 2 2 2 2 2 2 2 2 2 2 2 2 2 2 2 2 2 2 2
left_child=1 2 3 4 8 -4 -7 -8 -1 -9 11 -11 -13 14 15 22 17 18 -17 -15 21 -21 -12 -24 26 -26 27 29 -29 -22
right_child=-2 -3 5 -5 -6 6 7 9 -10 10 13 12 -14 19 -16 16 -18 -19 -20 20 24 -23 23 -25 25 -27 -28 28 -30 -31
leaf_value=0.00016631762431323127 1.8162499828151776e-06 5.4191643962189037e-05 -4.3244984200261689e-05 -4.8974186201256883e-05 8.0474451012332274e-06 -8.9698198625751813e-05 0.00012535919778877287 1.6221757528698125e-05 -5.7831469397192186e-05 0.00011419404277445264 1.1883153923946161e-08 -0.00010662048795576774 7.5982075704883489e-06 -0.00010144297791177266 0.0001236040565488484 0.00018986367570839204 -2.6483081678870655e-05 -9.7924437033271137e-05 -1.5166160854241837e-06 0.00020855713743022798 -3.2017937887255437e-05 -9.6241505304152174e-05 -4.4243070174097046e-05 -9.5002730837066465e-07 -5.5359107752830845e-05 2.4836143417374091e-05 -6.6126158420796009e-05 -2.1430048451392143e-05 3.691293031810832e-06 6.0368758495625109e-06
leaf_weight=24 36 35 104 70 23 107 33 29 28 23 31 50 20 182 39 29 62 24 22 29 59 42 160 36 22 20 230 21 20 20
leaf_count=24 36 35 104 70 23 107 33 29 28 23 31 50 20 182 39 29 62 24 22 29 59 42 160 36 22 20 230 21 20 20
internal_value=-0.00138037 -0.00151819 -0.00163246 0.000862068 0.005 -0.00188826 -0.00164122 -0.00138404 0.00076923 -0.00153846 -0.00166959 0.000913977 -0.00214286 -0.00189886 -0.000781639 -0.00142857 0.000839415 0.00433333 0.0077451 -0.0025969 -0.00186825 0.00133803 -0.00279736 -0.00346939 -0.00244898 0.00095238 -0.00285714 -0.000833335 0.00353658 -0.00310127
internal_weight=1630 1594 1559 145 75 1414 1310 1203 52 1170 1141 93 70 1048 403 364 137 75 51 645 463 71 227 196 392 42 350 120 41 79
internal_count=1630 1594 1559 145 75 1414 1310 1203 52 1170 1141 93 70 1048 403 364 137 75 51 645 463 71 227 196 392 42 350 120 41 79
is_linear=0
shrinkage=0.05


Tree=35
num_leaves=31
num_cat=0
split_feature=4 25 23 20 21 11 25 32 15 27 32 38 9 38 1 17 38 32 23 22 11 5 20 41 9 7 7 7 24 4
split_gain=0.634021 0.700646 1.27201 0.597644 0.862545 0.536789 0.47533 0.60669 1.57378 1.33916 0.52661 0.538602 1.35642 0.795102 1.04762 0.537939 1.07093 0.467933 0.48957 1.01158 0.432465 0.8 0.432143 0.392288 0.307981 0.288188 0.625 0.258511 0.257028 0.549173
threshold=1550.2557850000003 -0.76762648680811763 -0.89347460737444595 62.959999999999134 110.81499999999507 0.01534888323081331 -0.35125786713164814 -2597.2603557505058 0.0068006276033432652 88942.08100000002 -1641.9676631882173 52.513082078069537 -0.0019240131021268597 49.326563398406542 104012.02500000001 0.0061464979902853484 68.611311481350285 4137.8125953036588 1.0385195392904136 4052.2678625000003 0.0044215281651366475 0.0039301975558456046 151.9150000000009 -1644.0432542638964 7.8973011203738178e-05 -0.0062721654712133137 -0.0014891358854891492 0.0042144826836102616 3052.4477886000004 2353.5168450000006
decision_type=2 2 2 2 2 2 2 2 2 2 2 2 2 2 2 2 2 2 2 2 2 2 2 2 2 2 2 2 2 2
left_child=3 2 -2 4 -1 -5 20 8 -8 -10 -9 12 25 14 -14 16 27 -17 19 -19 21 28 -23 -11 -6 -12 -27 -13 -3 -30
right_child=1 6 -4 5 24 -7 7 10 9 23 11 15 13 -15 -16 17 -18 18 -20 -21 -22 22 -24 -25 -26 26 -28 -29 29 -31
leaf_value=2.7270127832419832e-05 -1.7241422251354185e-05 -8.9807009018936994e-05 0.00021977602440127796 -7.541988929820302e-05 1.1566277302372726e-06 1.8064355052745163e-06 8.2088560445914633e-06 -4.9709818259453746e-05 0.00023868146512261357 3.133349606017179e-06 -2.6104070340159803e-05 -0.00013639209397766383 0.0002407000050469716 0.0003420433789846053 -7.8384923929504234e-06 -2.3838504579460213e-05 0.00025927116235010742 9.9687257362087312e-05 -0.00013210862323277436 -0.00013574740672891698 -8.4086377716940442e-05 -2.5601196793939286e-05 0.00013038260554836534 -1.8233065529953937e-05 -8.6711621228784049e-05 1.7606984173585622e-05 -4.8873840346567307e-05 1.6080853215117167e-06 5.3035700667366179e-06 -5.5689290661238603e-05
leaf_weight=26 21 64 20 278 30 24 31 86 20 28 62 27 24 27 42 250 25 30 23 28 126 21 24 109 41 20 20 20 43 40
leaf_count=26 21 64 20 278 30 24 31 86 20 28 62 27 24 27 42 250 25 30 23 28 126 21 24 109 41 20 20 20 43 40
internal_value=-0.00101227 -0.000450854 0.00597561 -0.00274436 0.000670102 -0.00384106 -0.00067227 -6.88085e-05 0.00244681 0.000414012 -0.000760235 -0.000234115 0.00192308 0.00629032 0.00333333 -0.00127792 0.00263889 -0.00212991 0.00117284 0.00362069 -0.00232705 -0.000833335 0.005 -0.00135037 -0.0021831 -0.00205882 0.00125 -0.00180851 -0.00261905 -0.000783134
internal_weight=1630 1231 41 399 97 302 1190 872 188 157 684 598 195 93 66 403 72 331 81 58 318 192 45 137 71 102 40 47 147 83
internal_count=1630 1231 41 399 97 302 1190 872 188 157 684 598 195 93 66 403 72 331 81 58 318 192 45 137 71 102 40 47 147 83
is_linear=0
shrinkage=0.05


Tree=36
num_leaves=31
num_cat=0
split_feature=32 32 21 20 7 21 20 15 42 18 5 17 27 4 11 19 20 36 20 21 4 4 34 5 7 20 2 23 38 15
split_gain=0.676428 0.793651 0.705266 0.667497 0.634544 0.460952 0.419048 0.4 0.300084 0.565701 0.531054 0.443133 1.33968 0.613089 0.406878 0.665213 0.429501 0.77 0.342692 0.512111 0.906433 1.06778 0.33943 0.476371 0.605797 0.568906 0.290698 0.609081 0.27262 0.271515
threshold=-5258.9565634995806 -6007.6939497964549 1082.4049999999991 673.99500000000273 -0.0055049303223986086 464.23000000000326 302.68000000000035 0.0071999236941438557 -90.315306639275079 -122.24000000000522 -0.00091264850496677841 0.0062022422383596586 110140.63800000001 1728.8327300000003 0.0053207071357336258 1119.2849999999964 171.34499999999392 265.78046133425238 197.87999999999741 224.11000000000061 1909.0098300000002 3112.2558300000005 95155.792445084997 -0.0014651208464733988 -0.0053923374349488353 196.06499999999508 114143.32000000002 -0.43248196400794786 83.617535669616203 0.007495685652172567
decision_type=2 2 2 2 2 2 2 2 2 2 2 2 2 2 2 2 2 2 2 2 2 2 2 2 2 2 2 2 2 2
left_child=1 6 3 8 -5 29 -1 -4 22 18 -11 12 13 -12 15 16 17 -13 -10 20 -20 -22 -2 24 -24 -26 -14 -28 -16 -6
right_child=2 -3 7 4 5 -7 -8 -9 9 10 11 14 26 -15 28 -17 -18 -19 19 -21 21 -23 23 -25 25 -27 27 -29 -30 -31
leaf_value=8.7103091882556518e-05 -2.1908449890322818e-05 0.00017129442880034284 2.1603621237713083e-05 2.3572186457850888e-06 -9.7810292471052446e-06 0.00011215844362580579 -4.5278341765981376e-05 -5.0045304197284793e-06 -8.1213112758818894e-05 0.00037010781559931953 4.2257419302937344e-06 0.00011414855080509598 -6.9051892718799125e-05 0.00028433405206906788 -7.2371997613815655e-05 3.6143493900118052e-05 -5.6702370398663808e-05 -0.00017977512178781103 -2.610966827413265e-05 -3.0774922875301611e-05 0.00017943587190144956 -7.4585785192995318e-05 -2.4706411032259163e-05 -4.0301307356014113e-05 -2.9494376273691326e-06 1.090997875237922e-05 -0.00019717378679313794 0.00017816973880613405 1.6987368241468217e-05 -0.00014182789800994597
leaf_weight=20 152 21 20 31 33 30 22 20 193 20 29 28 43 20 210 35 63 22 31 72 25 20 82 218 31 23 22 21 31 42
leaf_count=20 152 21 20 31 33 30 22 20 193 20 29 28 43 20 210 35 63 22 31 72 25 20 82 218 31 23 22 21 31 42
internal_value=-0.00134969 0.00373016 -0.00155393 -0.00172561 0.00161765 -0.000238096 -0.000238096 0.005 -0.00205248 -0.00149718 -0.000496325 -0.000801528 0.00166667 0.0082653 -0.0016581 0.000405404 -0.00146018 0.002 -0.00309384 -0.00128378 0.00157895 0.00611111 -0.00302372 -0.00217514 0.000147058 0.00425926 -0.00209302 0.000813952 -0.00292531 -0.00233333
internal_weight=1630 63 1567 1527 136 105 42 40 1391 885 544 524 135 49 389 148 113 50 341 148 76 45 506 354 136 54 86 43 241 75
internal_count=1630 63 1567 1527 136 105 42 40 1391 885 544 524 135 49 389 148 113 50 341 148 76 45 506 354 136 54 86 43 241 75
is_linear=0
shrinkage=0.05


Tree=37
num_leaves=31
num_cat=0
split_feature=20 28 38 42 19 39 19 17 17 17 20 5 5 32 32 28 21 17 5 24 7 42 25 28 30 15 25 42 28 28
split_gain=0.812474 0.654702 1.30236 0.933333 0.473304 0.46033 0.678788 0.318383 0.502494 1.32261 0.53228 0.618713 1.34105 1.58725 0.771115 0.398396 0.445697 0.444444 0.4 0.333362 0.29158 0.223629 0.701755 1.06778 0.376529 0.65984 0.491337 0.279921 0.698182 0.926897
threshold=691.65000000000157 634.37608329037187 48.042646496661611 -299.02103328581615 1990.019999999997 569.32714285714258 562.87000000000273 0.0052218291762414397 0.0064805137922651105 0.0064277583196702178 205.28500000000352 0.0011183595258881225 0.0058601065399226928 627.27463626754627 -844.0841593343938 -2325.868061982786 932.09999999999866 0.0082396334333585241 -0.0012523337672123687 2109.0974634000004 -0.018822301283252661 71.281286098207161 -0.84228712390166083 555.44493125281599 104435.84227257421 0.0067119899183064741 0.49560309906261629 -252.92520290951438 -1088.6646513508674 -336.34034493922803
decision_type=2 2 2 2 2 2 2 2 2 2 2 2 2 2 2 2 2 2 2 2 2 2 2 2 2 2 2 2 2 2
left_child=5 2 3 -2 -3 6 -1 -7 9 10 11 14 13 -13 -9 17 21 -10 -18 -12 -19 27 23 -23 25 -24 -27 28 -17 -30
right_child=1 4 -4 -5 -6 7 -8 8 15 -11 19 12 -14 -15 -16 16 18 20 -20 -21 -22 22 24 -25 -26 26 -28 -29 29 -31
leaf_value=8.7335725197562103e-06 6.490541290432459e-06 -0.00013613000048772432 0.00032064394179739199 -7.3754940466773115e-05 8.6384759651406942e-05 -5.4661131699384129e-05 -2.078405558131428e-05 2.6203196299022058e-06 1.5311105110617995e-06 0.00028178718247309716 0.00012239038253381799 -2.4736816902503723e-05 -5.7264316306663905e-05 0.0001723954284438249 -7.5928676945436727e-05 -3.3208216426961135e-05 -7.1826739069911817e-07 4.7820522781736662e-05 0.00019446523092046033 -2.3548597883134239e-05 -4.1982436756241944e-05 7.4391601486209841e-06 0.00012672848590225961 -5.0550611056518084e-05 -9.390252830344828e-05 -4.8698632576851056e-05 4.851158099886217e-05 -5.0860137904494801e-05 5.4026716478089606e-05 -2.1169220639070934e-05
leaf_weight=20 28 41 26 32 22 111 22 22 27 25 20 23 26 27 73 60 20 35 20 107 46 20 20 25 168 98 30 386 29 21
leaf_count=20 28 41 26 32 22 111 22 22 27 25 20 23 26 27 73 60 20 35 20 107 46 20 20 25 168 98 30 386 29 21
internal_value=-0.00147239 0.00204698 0.00488372 0.000833332 -0.0018254 -0.00182647 0.00333333 -0.00197707 -0.00176205 -4.64408e-05 -0.000973156 0.000847952 0.00421053 0.009 -0.00184211 -0.00231343 -0.00265886 0.000555554 0.0025 -0.0034252 -0.0012963 -0.00289965 -0.00195291 0.00388889 -0.00278481 -0.000945947 -0.00226563 -0.00358871 -0.00136364 0.003
internal_weight=1630 149 86 60 63 1481 42 1439 1328 323 298 171 76 50 95 1005 897 108 40 127 81 857 361 45 316 148 128 496 110 50
internal_count=1630 149 86 60 63 1481 42 1439 1328 323 298 171 76 50 95 1005 897 108 40 127 81 857 361 45 316 148 128 496 110 50
is_linear=0
shrinkage=0.05


Tree=38
num_leaves=31
num_cat=0
split_feature=25 23 31 38 11 39 19 13 25 21 17 17 23 23 28 21 21 39 22 3 17 9 4 16 16 4 21 21 36 38
split_gain=0.412676 1.29953 1.03041 1.03599 1.02853 0.595578 0.643752 0.521565 0.485154 0.426323 0.406579 0.994084 0.675614 1.05834 0.371749 0.321188 0.830006 0.27303 0.74789 0.364029 0.785351 0.532303 0.410452 0.184311 0.174084 0.519298 0.182906 0.161165 0.155443 0.432014
threshold=0.25640356351995436 0.98238596017319513 115541.45540000002 26.391558398089263 0.020976961712539471 602.28607142857129 562.87000000000273 -0.028076976577218367 3.1511480424004694 932.09999999999866 0.0096120718582509822 0.0090309453616926813 -0.42488547080579303 -0.89347460737444595 -2282.5837582911549 396.27000000000413 202.68000000000032 868.87535714285661 1760.9475387500001 104997.03500000002 0.0065160083903979468 -0.0054149619532749254 2757.0482000000006 0.0048607752315591455 0.014061351021558638 2664.6606700000007 642.01999999998964 93.160000000003507 -1680.6703562572727 53.611149321129609
decision_type=2 2 2 2 2 2 2 2 2 2 2 2 2 2 2 2 2 2 2 2 2 2 2 2 2 2 2 2 2 2
left_child=5 2 3 -2 7 6 -1 -5 23 10 11 14 13 -13 -7 16 -9 -16 -19 20 -20 -22 28 -3 26 -26 -12 -23 29 -21
right_child=1 8 -4 4 -6 9 -8 15 -10 -11 24 12 -14 -15 17 -17 -18 18 19 22 21 27 -24 -25 25 -27 -28 -29 -30 -31
leaf_value=1.3425744511375238e-05 0.00016407135607594619 -1.6949519458318353e-05 -5.5012837929914895e-05 0.0001209275452163065 0.00011680702493162016 9.0934943936222983e-07 -2.0940683806080593e-05 -4.9743938286315927e-05 1.1108178068645317e-05 1.0178584310584351e-05 -3.9301490041008364e-05 -3.6466617137079042e-05 -3.5865881415177779e-05 9.1972997959427166e-05 -5.7679180292452247e-05 -0.00015098249920566281 9.4258269328575058e-05 3.0844092875885883e-06 0.00010971157847068165 -4.0036832242590822e-05 2.0350448663107513e-06 -9.8710451784734306e-06 6.7963716223117662e-07 -3.0042276687658135e-05 2.3061261224328347e-05 -5.1204781382957557e-05 7.0097330316946406e-05 -8.7739550573551033e-05 -6.761075466140399e-05 9.9554305011235673e-07
leaf_weight=25 20 28 36 25 36 22 22 28 30 20 214 21 23 22 156 34 29 20 36 58 38 20 37 196 20 37 20 83 252 22
leaf_count=25 20 28 36 25 36 22 22 28 30 20 214 21 23 22 156 34 29 20 36 58 38 20 37 196 20 37 20 83 252 22
internal_value=-0.00150307 -0.000238096 0.00269231 0.00430232 0.00289474 -0.00200343 0.00351064 0.000603447 -0.0026378 -0.00223461 -0.00236603 -0.00179012 0.00409091 0.0077907 -0.00231183 -0.00115385 0.00114035 -0.00250693 -0.00199647 -0.00234432 -0.000480227 -0.00216312 -0.00323848 -0.0034375 -0.00396907 -0.00149123 -0.00457265 -0.00402913 -0.00379518 -0.001875
internal_weight=1630 462 208 172 152 1168 47 116 254 1121 1101 810 66 43 744 91 57 722 566 546 177 141 369 224 291 57 234 103 332 80
internal_count=1630 462 208 172 152 1168 47 116 254 1121 1101 810 66 43 744 91 57 722 566 546 177 141 369 224 291 57 234 103 332 80
is_linear=0
shrinkage=0.05


Tree=39
num_leaves=31
num_cat=0
split_feature=23 4 15 3 36 13 38 39 4 21 42 23 16 16 20 5 25 20 1 15 4 40 13 34 26 20 39 21 4 7
split_gain=0.439444 0.91939 0.742502 0.648566 0.340777 0.709489 0.639447 0.691429 0.609043 0.34892 0.836237 0.361985 0.304965 1.0412 0.365693 0.295385 0.293369 0.839813 0.315222 0.309542 0.284444 0.273215 0.422294 0.268153 0.477498 0.667425 0.250055 0.416757 0.237863 0.167213
threshold=-0.44687292771037873 1684.6437750000002 0.004535409479677152 82549.410000000018 4033.0458105414295 0.0008181824241009413 71.442896994392157 1087.9239285714286 3820.8610800000001 1082.4049999999991 -184.08298814297268 -0.38941751132325325 0.0071506401875966489 0.0073105529099812159 36.584999999999134 0.005263058594472199 -0.68459524202942934 305.14499999999686 106655.61000000002 0.0062184689973575468 821.93565000000012 288.20768003891141 0.025059051780509687 113860.23707646581 108592.06151937183 230.00000000000003 1345.820357142856 536.03000000000623 1167.4117850000002 0.011508859746049182
decision_type=2 2 2 2 2 2 2 2 2 2 2 2 2 2 2 2 2 2 2 2 2 2 2 2 2 2 2 2 2 2
left_child=12 2 -2 -3 9 8 -7 -8 -6 11 -11 -5 14 -14 20 -9 17 18 -15 -18 -1 22 23 24 26 -26 29 -28 -20 -13
right_child=1 3 -4 4 5 6 7 15 -10 10 -12 21 13 16 -16 -17 19 -19 28 -21 -22 -23 -24 -25 25 -27 27 -29 -30 -31
leaf_value=1.0639976009653896e-05 0.00014774030047938824 0.00011795230266937676 -4.8163757064451405e-05 1.4378639489936689e-06 8.9624048228556031e-06 -7.6970311375767431e-05 0.00021532138649550098 -5.8201649015873676e-06 -3.9556477490498133e-06 -3.3040978841952671e-05 0.00017086319988392787 -7.1940688988639178e-05 3.1699623786184834e-06 -0.00010019604926738134 -4.8052926263441903e-05 0.00013918076632053012 -3.1555936483178865e-06 0.00016835459054026066 -2.0859830652297838e-05 -4.0623904714747936e-05 -0.000232212381422901 -4.4936998530042686e-05 2.2651751019546059e-05 -8.6148877464358635e-05 -4.4189216138565331e-05 6.8147969376438749e-05 -6.6250006169524096e-06 0.00012890293923511001 2.3498101242973706e-06 -1.7944567767265275e-06
leaf_weight=20 28 33 31 23 36 104 20 24 26 20 21 102 21 76 284 26 36 29 21 140 25 167 28 108 29 33 53 26 20 20
leaf_count=20 28 33 31 23 36 104 20 24 26 20 21 102 21 76 284 26 36 29 21 140 25 167 28 108 29 33 53 26 20 20
internal_value=-0.00156442 -0.000876828 0.00516949 -0.00127364 -0.0015358 8.47446e-05 -0.00155173 0.00214286 0.00467742 -0.00214286 0.00231707 -0.00245331 -0.00254464 -0.00150146 -0.00363222 -0.001 -0.00220497 -0.000547946 -0.0024359 -0.00357955 0.000555554 -0.00270318 -0.00199248 -0.00243935 -0.00157795 0.00225806 -0.0027612 -0.000569621 0.00109756 -0.00418033
internal_weight=1630 958 59 899 866 236 174 70 62 630 41 589 672 343 329 50 322 146 117 176 45 566 399 371 263 62 201 79 41 122
internal_count=1630 958 59 899 866 236 174 70 62 630 41 589 672 343 329 50 322 146 117 176 45 566 399 371 263 62 201 79 41 122
is_linear=0
shrinkage=0.05


Tree=40
num_leaves=31
num_cat=0
split_feature=27 15 2 30 30 15 36 28 17 11 39 1 41 41 16 9 13 35 4 38 1 21 16 39 25 38 28 38 4 19
split_gain=0.632762 0.753463 0.360418 0.414816 0.555615 0.436194 0.317732 0.904837 0.750219 0.797065 1.11447 0.597258 0.437047 0.61061 0.313223 0.302816 1.07101 0.39375 0.528938 0.3235 0.48 0.309471 0.601058 0.231893 0.811404 0.185057 0.168992 0.160302 0.395568 0.157418
threshold=82797.81200000002 0.017477818356049616 121517.00500000002 115315.46300533622 114904.26686075749 0.0026125465797756631 4166.1204741469492 -596.5596750229887 0.0071620867110212772 1.0000000180025095e-35 966.13607142857097 103823.71500000001 269.92413375204757 233.2814314368247 0.010162156023121205 7.8973011203738178e-05 0.012899176317024629 113840.23565000002 2978.1847200000007 25.810165477697549 89577.020000000004 536.03000000000623 0.010781322936053635 884.693571428572 -0.25758006255079186 42.657596823322713 -16.63563941873144 61.028331185374313 2135.7770350000005 683.90000000000157
decision_type=2 2 2 2 2 2 2 2 2 2 2 2 2 2 2 2 2 2 2 2 2 2 2 2 2 2 2 2 2 2
left_child=1 -1 3 4 5 -2 12 -8 9 -9 -11 -12 13 15 26 16 17 19 -19 20 -7 27 -23 24 -5 -14 -10 -17 -29 -21
right_child=2 -3 -4 23 -6 6 7 8 14 10 11 -13 25 -15 -16 21 -18 18 -20 29 -22 22 -24 -25 -26 -27 -28 28 -30 -31
leaf_value=0.00014633274119587114 2.3082348367128341e-06 -4.2214138460103083e-05 2.980514514114349e-06 -7.9719901919428343e-05 9.6630301238141339e-06 -2.6296235925828367e-05 1.9315572478031496e-05 -0.00010992794342003812 -4.8578299398409231e-07 0.00010137166525127364 0.0002509733539367087 -8.6490538502424293e-06 -9.0109385069379446e-05 0.00010706147501780335 0.00017451980395927501 -3.9946786177801401e-05 4.7869872967319246e-05 -4.3834471742309237e-06 3.4974685291427137e-06 -1.460035826968834e-05 6.5262564045033133e-05 -1.1123311785286904e-05 0.00018963321241050819 -6.8989028149460315e-05 1.9050422430954446e-05 -2.1194734982250209e-05 -7.6472066879664833e-05 6.2250673903897762e-06 -0.00010783235929003031 -4.7897602841136797e-05
leaf_weight=22 33 20 28 37 36 20 20 28 20 20 25 31 32 21 20 199 30 26 30 33 30 33 20 239 20 236 109 22 49 141
leaf_count=22 33 20 28 37 36 20 20 28 20 20 25 31 32 21 20 199 30 26 30 33 30 33 20 239 20 236 109 22 49 141
internal_value=-0.00153374 0.00452381 -0.00169396 -0.00179487 -0.00140032 -0.00157981 -0.0017364 -0.000238096 -0.00104743 0.00221154 0.00486842 0.00125 -0.00218004 -0.00148318 -0.00332215 -0.00176145 -0.000645162 -0.00160714 0.00214286 -0.00254464 0.000999999 -0.00283282 0.000660376 -0.00347973 -0.000614036 -0.0038806 -0.00422481 -0.00351852 -0.00147887 -0.00356322
internal_weight=1630 42 1588 1560 1264 1228 1195 273 253 104 76 56 922 654 149 633 310 280 56 224 50 323 53 296 57 268 129 270 71 174
internal_count=1630 42 1588 1560 1264 1228 1195 273 253 104 76 56 922 654 149 633 310 280 56 224 50 323 53 296 57 268 129 270 71 174
is_linear=0
shrinkage=0.05


Tree=41
num_leaves=31
num_cat=0
split_feature=26 2 18 39 4 17 28 31 18 23 39 39 21 39 19 39 34 22 36 22 28 40 9 32 22 16 24 35 15 22
split_gain=0.381901 0.362252 0.354336 0.425765 0.448272 0.593069 1.26849 0.611351 0.634662 0.435062 0.915978 0.468882 0.375439 0.625 0.345627 0.618249 0.875589 0.488386 0.634921 0.28021 0.271824 0.535907 0.281379 0.440198 0.475682 0.30564 0.259615 0.201071 0.268694 0.170588
threshold=82350.730876732836 121517.00500000002 -267.40499999999878 569.32714285714258 1463.0424050000004 0.0096120718582509822 -2282.5837582911549 115041.717 -195.01000000000928 -0.68923715559984833 1340.5903571428587 1531.1210714285714 663.01500000000681 1585.9553571428573 1333.3750000000002 1136.5889285714311 103237.07829502328 2201.5150905000005 1313.4951850833461 3668.3549675000004 -109.00627369632274 449.27521839020488 -0.010808231519637862 -2597.2603557505058 4483.9168127500006 0.0056548657292724456 2345.0000751000002 115599.47120000001 0.00308274413446193 5223.0345375000006
decision_type=2 2 2 2 2 2 2 2 2 2 2 2 2 2 2 2 2 2 2 2 2 2 2 2 2 2 2 2 2 2
left_child=-1 2 20 -4 19 6 -6 8 -8 10 -10 14 -7 -14 15 17 -17 18 -11 27 21 22 29 24 -24 -25 -16 28 -5 -2
right_child=1 -3 3 4 5 12 7 -9 9 11 -12 -13 13 -15 26 16 -18 -19 -20 -21 -22 -23 23 25 -26 -27 -28 -29 -30 -31
leaf_value=0.00013310230393906447 -4.9090052425133048e-05 2.8314887884086429e-06 5.5851014041059576e-06 -3.8572396681275543e-06 9.9387699777511212e-06 -3.2401213875821733e-05 9.2160730577156604e-05 -5.6381736236298632e-05 0.00014624270694288697 -6.3444366750976632e-05 -8.681579157902073e-05 0.00017407299902161063 0.00035824514883089242 -3.1414835478857675e-05 -1.5861046095582934e-07 0.00015333011854941505 -4.1050246284361328e-05 -2.0540317383624478e-05 0.00018182391054865255 5.5639372980335846e-06 -1.3988686615177484e-05 1.9516441625748009e-05 1.3701331879786901e-06 -1.7963602405883289e-07 -4.5527177458342359e-05 -2.1909875476619656e-05 -6.6338445415077028e-05 -2.8325691188111958e-05 -6.3429816727434576e-05 -1.3737750155756073e-05
leaf_weight=35 116 28 32 27 25 172 22 117 25 20 23 22 20 20 26 29 30 108 36 20 183 25 23 34 20 63 78 28 203 20
leaf_count=35 116 28 32 27 25 172 22 117 25 20 23 22 20 20 26 29 30 108 36 20 183 25 23 34 20 63 78 28 203 20
internal_value=-0.00159509 -0.00170847 -0.00180919 -0.00130656 -0.00147954 -0.000860286 -8.91385e-06 -0.000522389 0.000369927 -8.81624e-05 0.004375 -0.000702007 -0.00311321 0.00125 -0.00117737 -6.72658e-05 0.00432203 -0.00164634 0.00214286 -0.00320144 -0.00293389 -0.00200997 -0.00264493 -0.00107143 0.00313953 -0.00293815 -0.00355769 -0.00364341 -0.00413044 -0.00426471
internal_weight=1630 1595 1567 1083 1051 773 561 536 419 397 48 349 212 40 327 223 59 164 56 278 484 301 276 140 43 97 104 258 230 136
internal_count=1630 1595 1567 1083 1051 773 561 536 419 397 48 349 212 40 327 223 59 164 56 278 484 301 276 140 43 97 104 258 230 136
is_linear=0
shrinkage=0.05


Tree=42
num_leaves=31
num_cat=0
split_feature=40 35 11 36 38 32 16 38 22 39 28 28 7 19 7 17 19 7 22 13 13 9 34 16 23 23 19 16 32 28
split_gain=0.463602 0.974026 0.58351 0.695417 0.452456 0.638495 1.17102 0.541263 0.556278 0.743242 0.487142 1.13821 0.502387 0.571368 1.06018 0.525546 0.720124 0.711478 0.423497 0.417829 0.408333 0.834483 0.395911 0.263736 0.200879 0.832138 0.195415 0.471774 0.168919 0.157202
threshold=-1183.6969138862476 103459.90882500002 -0.0034966259914194168 -5687.0361649472825 38.41303604622663 -823.94289419930999 0.0056548657292724456 56.81387865252087 3371.8405821500005 1579.8628571428585 -711.61919086036494 -1088.6646513508674 0.00011787770721027219 2093.0550000000007 0.018678218061219717 0.0062676616830252543 594.0900000000039 0.0011311535693421097 5445.3516315000006 0.058495491042893401 0.010791005670423719 0.0050483012288041274 114989.31155032072 0.011015551998902145 0.57918602569782596 0.93487203718010836 698.67499999999575 0.0078582146843764779 569.6517514322187 -80.063902128655158
decision_type=2 2 2 2 2 2 2 2 2 2 2 2 2 2 2 2 2 2 2 2 2 2 2 2 2 2 2 2 2 2
left_child=1 -1 3 18 24 6 -6 8 -8 -10 11 -7 22 15 -15 16 -14 -17 -3 23 21 -18 26 29 -2 -26 27 28 -12 -19
right_child=4 2 -4 -5 5 10 7 -9 9 -11 12 -13 13 14 -16 17 20 19 -20 -21 -22 -23 -24 -25 25 -27 -28 -29 -30 -31
leaf_value=0.00015425439682926592 -3.1233826651482493e-05 -6.2245377509770282e-05 -6.6715340446908458e-05 3.4572147155814244e-06 1.1359368736085579e-05 -2.0178474215782543e-05 -7.1858127409543204e-05 1.2598251829669362e-05 4.8868942499982709e-05 -6.9873497250671357e-06 -5.162044018499899e-05 2.7169045013766864e-05 2.2990149316124283e-05 0.00019754392503401347 -2.7391076852874646e-05 0.00019090953854310555 -1.4819638339058575e-05 -9.047194338328819e-06 5.9347133175605465e-05 1.9658900370260316e-05 -9.8572707637618889e-05 0.00025818963477309322 2.7271377560993001e-06 -5.5967548120154401e-06 1.6462163815375574e-06 -1.5324651727978687e-05 -1.4206016668723928e-05 0.00017969684054318472 -0.000100064883840717 -5.249259492753669e-05
leaf_weight=22 211 31 46 25 24 20 87 26 25 36 36 21 38 24 34 23 29 20 30 25 56 20 27 39 20 63 223 21 75 253
leaf_count=22 211 31 46 25 24 20 87 26 25 36 36 21 38 24 34 23 29 20 30 25 56 20 27 39 20 63 223 21 75 253
internal_value=-0.00144172 0.00116883 -0.000454547 0.00197674 -0.00171409 -0.0012775 0.00131313 -0.000114944 -0.00128378 0.00237705 -0.00179878 0.00353658 -0.00203075 -0.00107843 0.00362069 -0.00162028 0.000944055 -0.00263889 -0.000901641 -0.00321959 -0.00119048 0.00214286 -0.00342932 -0.00371795 -0.00346939 -0.00138554 -0.00387324 -0.00234849 -0.00364865 -0.0042674
internal_weight=1630 154 132 86 1476 1182 198 174 148 61 984 41 943 561 58 503 143 360 61 337 105 49 382 312 294 83 355 132 111 273
internal_count=1630 154 132 86 1476 1182 198 174 148 61 984 41 943 561 58 503 143 360 61 337 105 49 382 312 294 83 355 132 111 273
is_linear=0
shrinkage=0.05


Tree=43
num_leaves=31
num_cat=0
split_feature=32 34 3 15 39 26 35 0 19 16 13 22 7 21 28 15 40 20 20 7 16 32 13 4 19 7 38 38 39 39
split_gain=0.461119 0.768133 0.384709 0.525 0.380741 0.320871 0.312813 0.669989 0.528187 0.492751 1.67574 0.746089 0.971645 0.467939 0.435253 0.773244 0.32801 0.245 0.389446 0.293689 0.523675 0.337789 0.705751 0.672222 1.00833 0.625 0.298351 0.511155 0.272405 1.06439
threshold=-5258.9565634995806 104933.91306402729 120224.49000000001 0.0065877449315573508 563.20928571428635 118146.81417617619 113740.50810000002 108377.68000000001 1268.6849999999979 0.0056869413936833256 0.0023437831010404181 2916.6956380000006 0.0017159111415084966 982.35499999999604 3150.6783022967652 0.0094034642415609295 -1085.5185063475944 101.23000000000322 108.56500000000234 -5.4607810805789337e-05 0.0046067742694734853 -1641.9676631882173 0.0012026050556686867 1828.6375950000004 1058.1100000000008 0.0074861296049119064 64.73982564991509 71.822004033817834 1247.3271428571422 1323.0524999999986
decision_type=2 2 2 2 2 2 2 2 2 2 2 2 2 2 2 2 2 2 2 2 2 2 2 2 2 2 2 2 2 2
left_child=1 -1 4 -4 -2 6 13 -8 9 10 -9 -11 -13 14 17 -16 -10 -6 -19 28 -21 -22 23 -23 -25 -26 -24 -28 -20 -30
right_child=2 -3 3 -5 5 -7 7 8 16 11 -12 12 -14 -15 15 -17 -18 18 19 20 21 22 26 24 25 -27 27 -29 29 -31
leaf_value=0.00014432810485920266 5.1391470358380698e-06 -2.1666322869323053e-05 4.7490838504588355e-05 -6.3190647451459263e-05 -2.5101977408451927e-05 -0.00010743054436811167 3.01684208364143e-06 0.00010866924328710034 4.9849092698879438e-07 -0.0001163100077770629 -1.0918111105877424e-05 1.569631234063072e-06 -2.4506923040428083e-05 0.00010550331146991512 0.00021789628363566582 -0.00013716044466320442 -7.6922881447468448e-05 6.5280049721654499e-06 -2.0999593452458541e-05 4.2027727301751154e-06 -6.4069733663587347e-05 -3.82542298467891e-05 -6.8811530573894663e-05 0.00014520168416584292 0.00018869784493172025 -2.4376146730020744e-05 4.3420243410558217e-05 -2.0163730352472758e-05 0.00015391018084139795 -1.1308242686648525e-05
leaf_weight=23 35 40 28 32 263 97 29 22 22 97 43 20 22 34 20 26 89 20 205 22 60 30 99 20 20 20 31 58 22 81
leaf_count=23 35 40 28 32 263 97 29 22 22 97 43 20 22 34 20 26 89 20 205 22 60 30 99 20 20 20 31 58 22 81
internal_value=-0.00125767 0.00293651 -0.00142629 0.0025 -0.00158262 -0.00170516 -0.00150909 -0.00020349 -0.000873017 0.000637254 0.00423077 -0.00104317 0.00452381 -0.00194472 -0.00214143 0.00260869 -0.00364865 -0.00237119 -0.001875 -0.00208084 -0.00111111 -0.00159763 -0.000863311 0.00277778 0.00583333 0.00125 -0.00260638 -0.000505619 -0.00321429 -0.00111651
internal_weight=1630 63 1567 60 1507 1472 1375 344 315 204 65 139 42 1031 997 46 111 951 688 668 360 338 278 90 60 40 188 89 308 103
internal_count=1630 63 1567 60 1507 1472 1375 344 315 204 65 139 42 1031 997 46 111 951 688 668 360 338 278 90 60 40 188 89 308 103
is_linear=0
shrinkage=0.05


Tree=44
num_leaves=31
num_cat=0
split_feature=36 15 13 9 42 21 16 21 3 24 21 7 5 11 11 21 19 9 0 22 5 11 13 11 38 38 36 11 28 9
split_gain=0.414173 0.940632 1.23504 1.30662 0.431934 0.420918 0.435661 0.685714 0.346102 0.459835 0.426874 0.973868 1.36329 0.425386 0.308199 0.461799 0.620205 0.358299 0.871474 0.400292 0.76958 0.446714 0.429465 0.277434 0.46865 0.984455 0.386847 0.313636 0.291918 0.271559
threshold=-3579.9376031328425 0.0062631277717781235 -0.011980029314463703 -0.00032385678355924768 -195.70573313039867 866.29499999999837 0.011817129413312212 286.53499999999627 119256.13000000002 2483.6191629600003 36.794999999998261 0.00021440888544085922 0.0035843063720443677 0.0053885817464732295 -0.0085123637624122169 768.54499999999837 1781.0699999999999 -0.0089548196486065931 107584.11000000002 1790.2641252500005 0.00035744260030306661 0.001788646350219075 0.018425550479618139 0.018823759199790565 72.44486303928187 69.519943004402947 1952.4468486279659 0.012413491676434997 3525.4838443695994 0.012155088684763829
decision_type=2 2 2 2 2 2 2 2 2 2 2 2 2 2 2 2 2 2 2 2 2 2 2 2 2 2 2 2 2 2
left_child=1 2 -1 -4 5 6 7 -3 10 -10 11 -2 -13 -11 -12 17 -17 18 -16 20 21 -19 -21 24 25 26 -24 -26 -25 -14
right_child=8 4 3 -5 -6 -7 -8 -9 9 13 14 12 29 -15 15 16 -18 19 -20 22 -22 -23 23 28 27 -27 -28 -29 -30 -31
leaf_value=-4.5931591296210438e-05 -5.1465838118615684e-05 2.878978444366266e-06 0.0001924395581226891 9.153309598076633e-07 -5.9192346989695049e-06 -5.9037247764400526e-05 8.4568066819776106e-05 -3.1326763569110431e-05 7.2918266387055476e-05 4.0235597862046707e-07 -1.3209840740145834e-05 0.0001732774031020416 -0.00010791262093951941 -0.00015720164422246936 6.408931328619812e-06 -2.5171257559684209e-05 2.878255710314123e-05 7.442159682593614e-06 -9.9648225313488602e-05 -5.1082634240756902e-05 -6.9951749721458833e-05 -7.8568550762576581e-07 1.7369712070046577e-06 -5.161703736316116e-05 -8.9276950466153255e-05 0.00038772557315586544 -9.2570372636732807e-05 6.653680989993578e-06 7.1175742642410631e-06 9.8288616264493378e-07
leaf_weight=26 59 28 20 21 187 22 38 32 25 22 238 23 29 31 20 22 21 23 31 384 45 20 22 87 46 20 25 20 21 22
leaf_count=26 59 28 20 21 187 22 38 32 25 22 238 23 29 31 20 22 21 23 31 384 45 20 22 87 46 20 25 20 21 22
internal_value=-0.00138037 8.02127e-05 0.00544776 0.0108537 -0.00109121 0.00125 0.00265306 -1.19209e-09 -0.00181529 0.00141026 -0.00202886 0.000639097 0.00445946 -0.00122642 -0.00236842 -0.00190211 0.00313953 -0.00218587 0.00186274 -0.00247546 0.000681817 0.00546512 -0.00292 -0.00126556 0.000263157 0.00320895 -0.000744682 -0.00272727 -0.00314815 -9.80404e-05
internal_weight=1630 374 67 41 307 120 98 60 1256 78 1178 133 74 53 1045 807 43 764 51 713 88 43 625 241 133 67 47 66 108 51
internal_count=1630 374 67 41 307 120 98 60 1256 78 1178 133 74 53 1045 807 43 764 51 713 88 43 625 241 133 67 47 66 108 51
is_linear=0
shrinkage=0.05


Tree=45
num_leaves=31
num_cat=0
split_feature=32 32 17 17 23 7 19 16 21 9 4 36 21 41 9 19 5 19 9 42 23 19 18 19 23 5 5 5 18 19
split_gain=0.509542 0.960317 0.359565 0.575464 0.526689 0.458009 0.409349 0.878625 1.63384 0.619355 0.564374 0.438039 0.695544 0.338831 0.346249 0.452893 0.958187 0.361313 1.05475 0.514001 0.678788 0.436206 0.341385 0.317512 0.293305 0.551251 0.691643 0.235714 0.235059 0.230488
threshold=-5258.9565634995806 -6007.6939497964549 0.0095740663330503694 0.0092827956658782847 -0.79481630327206887 0.00051974963450324911 706.5550000000004 0.006203551360746031 105.13499999999478 -0.00074657077293051896 2239.4708950000004 -4417.2069918660554 290.16999999999103 1920.7921158652318 -0.011202135687565009 2093.0550000000007 0.0132639157933117 1268.6849999999979 0.016098409611034897 -201.24632351720979 -0.2586639703328471 1186.2350000000008 -690.32499999999698 961.08000000000186 -0.085640494134302456 0.0037872163127371148 0.0093133889387137948 -0.0056778137987254663 -613.09000000000367 2123.5650000000028
decision_type=2 2 2 2 2 2 2 2 2 2 2 2 2 2 2 2 2 2 2 2 2 2 2 2 2 2 2 2 2 2
left_child=1 27 3 4 23 -5 7 8 -6 -10 -9 12 -8 14 -13 17 -17 18 19 20 -16 28 -19 -2 -4 -26 -27 -1 -21 -28
right_child=2 -3 24 5 6 -7 11 10 9 -11 -12 13 -14 -15 15 16 -18 22 -20 21 -22 -23 -24 -25 25 26 29 -29 -30 -31
leaf_value=5.5395028651614299e-05 -4.8186054743087954e-05 0.00011517473005874903 -2.052469920996782e-05 -8.7865354454901655e-06 0.00010129155588613239 0.00017102619900360823 2.7739649168687634e-06 -7.9501545949316188e-05 1.9555752983584147e-06 -0.00010551866042040897 0.0001902841974564372 -4.7054136109278511e-05 -6.9764450051078901e-05 7.2302326613361692e-07 5.563034343317687e-06 0.00014200004754273991 -5.2058516086954878e-05 1.0439303781492671e-06 3.3305585960229042e-05 -4.7983295087416228e-07 -6.0289894033823866e-05 0.00018237489882934495 -4.1100667969057653e-05 1.768197892603846e-06 -1.8712767322304437e-05 0.000142744464209656 -6.0580887077566025e-05 -3.0513427579487273e-05 -3.3808309131484373e-05 4.5444588631211272e-06
leaf_weight=20 218 21 228 22 32 20 25 60 30 32 21 107 24 21 20 22 27 34 31 23 22 22 150 20 86 20 21 22 209 20
leaf_count=20 218 21 228 22 32 20 25 60 30 32 21 107 24 21 20 22 27 34 31 23 22 22 150 20 86 20 21 22 209 20
internal_value=-0.00147239 0.00293651 -0.00164965 -0.00122483 -0.00143478 0.00452381 -0.000888159 0.00128571 0.00457447 -0.000161292 -0.00253087 -0.00140434 0.00316326 -0.00172965 -0.00192654 -0.00142857 0.00316326 -0.00186889 -0.000871561 -0.00179054 0.00333333 -0.0026378 -0.00364131 -0.00352941 -0.003 -0.0012585 0.00237705 -0.00142857 -0.00327586 -0.00134146
internal_weight=1630 63 1567 1192 1150 42 912 175 94 62 81 737 49 688 667 560 49 511 327 296 42 254 184 238 375 147 61 42 232 41
internal_count=1630 63 1567 1192 1150 42 912 175 94 62 81 737 49 688 667 560 49 511 327 296 42 254 184 238 375 147 61 42 232 41
is_linear=0
shrinkage=0.05


Tree=46
num_leaves=31
num_cat=0
split_feature=20 41 32 27 15 20 7 13 23 4 32 7 13 26 4 4 19 38 40 42 7 25 32 28 41 16 21 25 11 7
split_gain=0.408082 0.617367 0.510347 1.5458 1.51381 0.449848 0.87641 1.2062 0.39053 0.645564 1.2594 0.381395 0.356903 0.362757 0.262083 0.255675 0.485965 0.728484 0.43988 0.341063 0.391684 0.274512 0.237859 0.310867 0.554167 0.678788 0.214145 0.302212 0.428378 0.527473
threshold=138.25000000000003 1766.2130907991107 -2597.2603557505058 87140.237500000017 0.0068358793966210489 171.34499999999392 -0.00017331653704094729 0.0038432124827605615 -0.62914471212 1684.6437750000002 423.75453665247193 -0.015058121379041499 -0.031221392255850852 119025.78503715149 6268.133565000001 1274.9539400000001 766.27999999999895 47.873893610394688 788.64874938143487 -38.058838253159742 -0.010668589364256631 -0.68459524202942934 4137.8125953036588 634.37608329037187 -434.81818037918953 0.0064762721952947412 219.72999999999595 0.43171430412879813 -0.0044664846127543678 -0.001603806583295892
decision_type=2 2 2 2 2 2 2 2 2 2 2 2 2 2 2 2 2 2 2 2 2 2 2 2 2 2 2 2 2 2
left_child=8 2 3 -2 -5 6 -4 -8 -1 10 -10 14 -7 15 -6 -14 17 -17 -19 -18 -21 -22 23 24 -23 -26 -11 28 29 -28
right_child=1 -3 5 4 11 12 7 -9 9 26 -12 -13 13 -15 -16 16 19 18 -20 20 21 22 -24 -25 25 -27 27 -29 -30 -31
leaf_value=-3.6443715516945515e-05 0.0001360760669480681 6.4603728053091735e-07 -5.4249640915305787e-05 9.862143167892785e-06 7.235782341237057e-06 0.000119720888802333 0.00010388946924392827 -6.2039590441260019e-05 0.00018223223318285546 -5.5140367744025109e-05 -1.274175070586581e-05 -5.8034333747494004e-05 -9.5834040066729642e-05 1.5743165463556861e-06 -1.4576933123148104e-05 1.0958034860573835e-05 -1.7845691488544643e-05 -2.7559952565357544e-05 8.9286895340771221e-05 1.7352588338405e-06 2.5908714499796014e-06 -7.4348123295706517e-05 0.00010192181083598003 -4.4204102039043257e-05 0.00044753340903431153 -1.7931953322685345e-05 8.0125913874246392e-06 -2.9343228381577562e-05 -1.3520913922316421e-05 -7.9315696525314537e-08
leaf_weight=232 21 32 40 37 20 30 23 26 23 89 29 82 87 31 23 21 186 62 27 20 26 38 31 169 20 22 26 64 65 28
leaf_count=232 21 32 40 37 20 30 23 26 23 89 29 82 87 31 23 21 186 62 27 20 26 38 31 169 20 22 26 64 65 28
internal_value=-0.00147239 -0.000903167 -0.00111324 0.00128415 -0.000370372 -0.00162398 0.00174157 0.00622449 -0.00257194 -0.00145062 0.00365384 -0.003 -0.00201299 -0.00222973 0.000813952 -0.00246121 -0.00210611 0.00090909 -0.00106742 -0.00275391 -0.00177914 -0.00222222 -0.00267857 -0.00319277 -0.000625001 0.00333333 -0.00242647 -0.00144809 4.20156e-05 0.00333333
internal_weight=1630 1074 1042 183 162 859 89 49 556 324 52 125 770 740 43 709 622 110 89 512 326 306 280 249 80 42 272 183 119 54
internal_count=1630 1074 1042 183 162 859 89 49 556 324 52 125 770 740 43 709 622 110 89 512 326 306 280 249 80 42 272 183 119 54
is_linear=0
shrinkage=0.05


Tree=47
num_leaves=31
num_cat=0
split_feature=17 27 23 24 40 24 40 21 38 13 5 1 9 39 4 0 16 41 7 15 39 0 28 32 42 22 15 19 34 34
split_gain=0.48927 0.397071 0.678788 0.406024 0.53128 0.558006 0.636422 0.951452 0.502109 0.723932 0.65 0.49 0.47559 0.675124 0.394464 0.363468 0.359338 0.722578 0.737357 0.397572 0.329221 0.262083 0.246097 0.809261 0.44183 0.243584 0.58072 0.240698 0.236372 0.460641
threshold=0.0052218291762414397 82797.81200000002 -0.024709445197852356 3216.9544769000004 -1183.6969138862476 3079.3657476600006 292.86816104058386 232.5599999999977 68.156674966178883 0.025059051780509687 0.0030333420962958772 111373.22500000002 -0.00795616480128215 1267.2407142857137 7100.4595050000007 107800.70500000002 0.0058173535605015791 -522.54079717784839 0.006182544794416261 0.0037652216326844018 1033.8921428571434 107415.88000000002 -374.66393771459838 -855.15887468410062 -122.02944912773872 5010.6724057500005 0.012127624993155527 1106.840000000004 97639.372233843838 98615.03404700532
decision_type=2 2 2 2 2 2 2 2 2 2 2 2 2 2 2 2 2 2 2 2 2 2 2 2 2 2 2 2 2 2
left_child=-1 2 -2 4 -3 8 7 -7 14 10 11 -10 13 -5 16 20 17 -6 19 21 -11 -19 -18 -24 -25 -15 -27 -8 -14 -30
right_child=1 3 -4 12 5 6 27 -9 9 15 -12 -13 28 25 -16 -17 22 18 -20 -21 -22 -23 23 24 -26 26 -28 -29 29 -31
leaf_value=-2.3134372766620217e-05 -2.1089047312126321e-05 2.5613614031323743e-06 0.000158074208997937 5.2086227735730372e-06 2.1566018146673009e-06 -2.3968671077458533e-06 2.3292234435608223e-06 0.0001551181987356768 0.00013668773614528855 -5.1020955807734984e-05 0.00018333166949205176 -1.7725895924401227e-05 -3.6896053566990328e-05 -3.3722511098838002e-05 4.1491742779186104e-06 -1.2692734347593008e-05 -4.8819175523180945e-05 -2.5255471755692143e-05 0.00011026744168245735 -1.5426655855343553e-05 8.792851627117089e-05 1.282230665807739e-05 5.3730365129015797e-06 1.0326755483840997e-06 -9.5335296270099607e-05 0.00011133193297665711 -2.3113207482114802e-05 -7.203309357647367e-05 0.0001882377928684913 -8.9100117013213535e-06
leaf_weight=133 22 21 20 31 24 21 20 20 20 20 20 25 170 76 21 75 202 23 21 93 22 20 20 24 180 21 20 23 21 201
leaf_count=133 22 21 20 31 24 21 20 20 20 20 20 25 170 76 21 75 202 23 21 93 22 20 20 24 180 21 20 23 21 201
internal_value=-0.00171779 -0.00145959 0.00333333 -0.00159794 -0.000956285 -0.00114094 0.00273809 0.00719512 -0.00154321 0.00076923 0.005 0.00166667 -0.00268519 -0.000270271 -0.00221338 -0.0015812 -0.00244646 -0.000580112 -0.00181529 -0.00316177 0.00214286 0.000813952 -0.00323944 -0.00209822 -0.00303922 -0.00200855 0.00109756 -0.00151163 -0.00359694 -0.00252252
internal_weight=1630 1497 42 1455 915 894 84 41 810 182 65 45 540 148 628 117 607 181 157 136 42 43 426 224 204 117 41 43 392 222
internal_count=1630 1497 42 1455 915 894 84 41 810 182 65 45 540 148 628 117 607 181 157 136 42 43 426 224 204 117 41 43 392 222
is_linear=0
shrinkage=0.05


Tree=48
num_leaves=31
num_cat=0
split_feature=19 27 38 38 3 31 17 4 25 32 15 19 25 34 31 0 21 27 4 15 35 38 36 42 5 27 17 17 11 41
split_gain=0.64087 0.758427 0.792303 0.977064 1.13751 0.563333 0.440341 0.568056 0.977504 0.437672 0.586446 0.417539 0.505416 0.627188 1.30639 1.72912 0.722022 0.689967 0.652497 0.564331 0.388623 0.314082 0.305619 0.272348 0.747692 0.239701 0.189628 0.347953 0.478632 0.186484
threshold=1909.715000000004 103644.23175000002 66.654643154399977 40.886574038308979 90539.885000000024 90632.651200000008 0.0096120718582509822 1435.9235250000004 -0.76331330015115006 -2946.0876540890672 0.007156184166779979 1357.8550000000034 -0.5945707093036493 103696.56352340298 95275.031200000012 103443.03500000002 551.18499999999779 87214.543250000002 2702.4275400000001 0.0072326952195400423 116017.94130000002 62.117017791911991 -12408.084266514086 -161.30017332208195 -0.0018189347592913413 118311.93550000002 0.0063621537724660874 0.0057470637417273542 0.013131672874454539 -393.99951886557767
decision_type=2 2 2 2 2 2 2 2 2 2 2 2 2 2 2 2 2 2 2 2 2 2 2 2 2 2 2 2 2 2
left_child=6 2 3 5 -5 -2 7 29 -9 10 -10 12 -11 14 17 -16 23 18 -14 -17 21 -3 -8 24 -15 -13 27 -25 -29 -1
right_child=1 20 -4 4 -6 -7 22 8 9 11 -12 25 13 16 15 19 -18 -19 -20 -21 -22 -23 -24 26 -26 -27 -28 28 -30 -31
leaf_value=-5.5658781852252111e-06 9.5845398510713295e-05 -1.9035392114581862e-05 -0.00015038964644724107 1.9852168490235692e-06 0.00019738536882507067 -0.00012442291756049588 9.754867544160398e-06 6.0687232757782398e-05 2.273809902594927e-05 -1.8777653119883222e-05 -1.0563190274279109e-05 -3.9199406580967531e-05 0.00035649881473045987 6.2577091595213294e-06 0.00013252060072403062 2.9286476091921085e-05 1.491675695154504e-06 -4.6468969295859664e-05 -6.7653953570473708e-06 -0.000146940663508015 1.3630711963204747e-06 2.1833000231963861e-07 -1.8862939621113667e-05 -6.0745126599844318e-05 -1.196483840767936e-05 -1.8647129292798005e-06 -0.00014668993378966547 8.2959273107601167e-05 -0.0001366821728076329 -3.0586060073924373e-05
leaf_weight=81 20 86 21 23 20 30 21 31 20 83 27 131 20 25 20 23 34 56 21 24 21 31 281 51 27 27 90 39 24 222
leaf_count=81 20 86 21 23 20 30 21 31 20 83 27 131 20 25 20 23 34 56 21 24 21 31 281 51 27 27 90 39 24 222
internal_value=-0.00156442 0.000753967 0.00377193 0.00575269 0.0112791 0.000999999 -0.00198839 -0.00151487 -0.000795603 -0.00115903 0.00351064 -0.00147482 -0.000810057 -0.000154186 0.00231707 0.00768657 -0.00155173 -0.00139175 0.00353658 0.00244681 -0.00173913 -0.00286325 -0.0036755 -0.00246094 0.00076923 -0.00373418 -0.00328431 -0.00192983 0.000555554 -0.00334984
internal_weight=1630 252 114 93 43 50 1378 1076 773 742 47 695 537 454 164 67 290 97 41 47 138 117 302 256 52 158 204 114 63 303
internal_count=1630 252 114 93 43 50 1378 1076 773 742 47 695 537 454 164 67 290 97 41 47 138 117 302 256 52 158 204 114 63 303
is_linear=0
shrinkage=0.05


Tree=49
num_leaves=31
num_cat=0
split_feature=20 32 0 15 21 13 42 21 38 13 15 15 5 9 31 26 36 36 1 11 19 9 15 17 13 24 7 5 7 38
split_gain=0.423806 0.45154 0.491004 0.472958 0.528059 0.384106 0.703943 0.560818 0.313124 0.512359 0.281688 0.426726 0.324357 0.388668 0.265654 0.709431 0.331062 0.972901 0.587778 0.397019 0.634921 0.458009 0.284237 0.654009 0.216268 0.312242 0.169202 0.165295 0.230488 0.115964
threshold=1040.1549999999991 -5460.8371247366149 96133.715000000011 0.0041177218785879424 422.45999999999918 -0.0068662747847261915 -120.94624981428581 35.725000000005828 40.886574038308979 -0.020610120257373018 0.0049144819254793044 0.0051183532614744219 -0.0039276828473906247 -0.015958371800600894 117155.11760000001 117146.57674389753 94.983410264227146 -1323.5955009731476 104839.63500000002 0.0056201524106181929 683.90000000000157 7.8973011203738178e-05 0.0081326666893725263 0.0071130199607111625 -0.028076976577218367 2680.0930780000003 0.0025064433708668547 -0.010992606224885291 -0.011851477056580748 68.611311481350285
decision_type=2 2 2 2 2 2 2 2 2 2 2 2 2 2 2 2 2 2 2 2 2 2 2 2 2 2 2 2 2 2
left_child=1 2 -1 4 5 6 -3 -7 24 -10 -11 -12 27 -14 15 16 17 19 -19 20 -15 -22 -18 -24 25 -5 -27 28 -13 -9
right_child=-2 3 -4 8 -6 7 -8 29 9 10 11 12 13 14 -16 -17 22 18 -20 -21 21 -23 23 -25 -26 26 -28 -29 -30 -31
leaf_value=0.00012136724916658924 4.6682954775944109e-05 -2.240541762330353e-05 -1.8364831094028459e-05 1.19609572599988e-06 1.8841399836254832e-05 9.1807106562424748e-05 7.4864713111687559e-05 -9.025278707475066e-05 4.676030890344633e-06 -8.4715781846686247e-05 7.1030162573964886e-05 -0.00018418242483681446 1.4734009791233384e-06 -9.489053577788169e-05 -4.9744258681260836e-05 5.0918111413989738e-05 -1.6722216847234346e-05 0.00020328448183380387 -1.0145882366798275e-06 -3.7001614354059663e-05 5.9929320332051048e-05 -1.1889211022273509e-05 0.00014998672514569402 -7.7866842140733236e-05 -2.9175535507008319e-05 -3.1893531036392818e-05 -1.0792064309108976e-05 -9.6729052364074467e-06 8.7749631787389707e-07 -2.9564692275406805e-06
leaf_weight=23 35 23 30 26 32 27 20 96 33 115 27 21 27 30 61 26 206 20 25 89 20 22 37 56 215 90 31 125 20 22
leaf_count=23 35 23 30 26 32 27 20 96 33 115 27 21 27 30 61 26 206 20 25 89 20 22 37 56 215 90 31 125 20 22
internal_value=-0.00187117 -0.0019906 0.00254717 -0.00214656 -1.19209e-09 -0.00101064 0.00313953 -0.00224138 -0.00250378 -0.00203125 -0.00224919 -0.00192118 -0.00213376 -0.00160743 -0.001875 -0.00151601 -0.00193069 -0.000388351 0.00611111 -0.00220497 0.000555554 0.00452381 -0.00299331 -0.000698926 -0.00375691 -0.00227891 -0.00334711 -0.00409639 -0.00134146 -0.00372881
internal_weight=1630 1595 53 1542 220 188 43 145 1322 960 927 812 785 619 592 531 505 206 45 161 72 42 299 93 362 147 121 166 41 118
internal_count=1630 1595 53 1542 220 188 43 145 1322 960 927 812 785 619 592 531 505 206 45 161 72 42 299 93 362 147 121 166 41 118
is_linear=0
shrinkage=0.05


Tree=50
num_leaves=31
num_cat=0
split_feature=26 2 20 21 23 35 35 22 42 19 4 16 4 25 17 36 23 38 5 19 13 17 21 21 28 16 38 23 0 4
split_gain=0.391025 0.370355 0.342091 0.498905 0.639055 0.7392 0.647356 0.34281 0.528331 0.516129 0.858132 0.313182 0.303476 0.743998 0.283178 0.433956 0.350231 0.24949 0.49867 0.623228 0.379608 0.267807 0.217246 0.964286 0.556452 0.221706 0.432102 0.190621 0.308796 0.411988
threshold=82350.730876732836 121517.00500000002 51.834999999999134 715.75000000000011 1.4610998210657786 96395.784900000013 113524.09715000002 1949.0185400000003 240.31667348365644 775.65499999999167 1274.9539400000001 0.0041091156850935192 1378.2817100000002 -0.84228712390166083 0.0095740663330503694 -5519.0438587008239 -0.87228271073268504 71.442896994392157 0.00017230546258219587 1282.5500000000031 0.0074739916818082133 0.0082690091939234961 268.22499999999133 302.58999999999656 -230.35432196746839 0.0065139677919977077 38.95272747364168 -0.093306205620917362 96961.895000000019 5216.633635000001
decision_type=2 2 2 2 2 2 2 2 2 2 2 2 2 2 2 2 2 2 2 2 2 2 2 2 2 2 2 2 2 2
left_child=-1 2 11 7 5 -5 -7 8 9 10 -4 -2 -9 -14 15 -15 -17 20 -19 -20 21 22 25 -24 -25 26 -18 -16 29 -29
right_child=1 -3 3 4 -6 6 -8 12 -10 -11 -12 -13 13 14 27 16 17 18 19 -21 -22 -23 23 24 -26 -27 -28 28 -30 -31
leaf_value=7.7158374083679163e-05 4.9042306102732772e-07 9.8570841272369432e-07 -8.4936059068162499e-05 -1.5831976584603896e-05 -1.911544049676918e-05 0.00016253920011905076 -5.2775348671380209e-06 -5.198739696674048e-05 5.1358077162714788e-06 -6.8866597269555307e-05 0.00010020622464115715 -1.6512425734442905e-05 2.4145790183400751e-05 6.4002726829550622e-05 -3.3663738069738111e-05 2.8282342172485828e-06 4.3974270028722135e-06 -4.4665598428958195e-05 0.00023876272361871535 -0.00012648635197428767 -4.9258521738971818e-05 1.868203825438666e-05 1.1605930017396148e-06 -2.7002838517548826e-05 6.8642861193281751e-06 -1.5852843273551021e-05 -6.2302300338132688e-05 4.5940960518325164e-06 -1.983231398233124e-05 -1.6767117307555495e-05
leaf_weight=35 21 28 32 26 40 33 25 195 25 62 30 205 26 25 143 29 20 30 31 33 142 32 21 69 31 84 44 32 47 34
leaf_count=35 21 28 32 26 40 33 25 195 25 62 30 205 26 25 143 29 20 30 31 33 142 32 21 69 31 84 44 32 47 34
internal_value=-0.00165644 -0.00177116 -0.00187301 -0.00156973 0.00145161 0.00392857 0.00706896 -0.00187757 0.000369126 -0.000967743 0.00225806 -0.00367257 -0.00219101 -0.00179267 -0.00204841 -0.0014467 -0.00173145 -0.00202049 0.000319148 0.0028125 -0.00251693 -0.00151163 -0.00202602 -0.000454547 -0.0025 -0.00331081 -0.00109375 -0.0034375 -0.00190266 0.000303029
internal_weight=1630 1595 1567 1341 124 84 58 1217 149 124 62 226 1068 873 847 591 566 537 94 64 443 301 269 121 100 148 64 256 113 66
internal_count=1630 1595 1567 1341 124 84 58 1217 149 124 62 226 1068 873 847 591 566 537 94 64 443 301 269 121 100 148 64 256 113 66
is_linear=0
shrinkage=0.05


Tree=51
num_leaves=31
num_cat=0
split_feature=39 25 32 15 32 7 2 19 39 19 38 17 17 16 15 35 7 31 4 42 17 32 4 42 18 39 15 32 39 4
split_gain=0.628098 0.621182 0.405679 0.604917 0.425386 0.325004 0.255376 0.254085 0.565951 0.323483 0.367434 0.320607 0.883015 0.513964 0.711811 0.401417 0.39336 0.594569 0.756546 0.333455 0.387035 0.782909 1.13719 0.311398 0.805683 0.28209 0.252459 0.332468 0.247009 0.166935
threshold=563.20928571428635 2.9271690851299472 -4788.0255865479257 0.011322386699762018 -6007.6939497964549 -0.0077061187451974321 121517.00500000002 1935.9499999999973 1524.1571428571428 1333.3750000000002 83.617535669616203 0.0064805137922651105 0.0064277583196702178 0.0081804624123948452 0.0052757060753610965 115599.47120000001 0.0027200853915585349 111793.0004 1564.2009100000002 161.94127311469566 0.0082396334333585241 -1641.9676631882173 1887.0143550000003 71.281286098207161 445.39500000000413 1151.4985714285715 0.0068358793966210489 -1187.1194237542438 1033.8921428571434 1059.8248700000001
decision_type=2 2 2 2 2 2 2 2 2 2 2 2 2 2 2 2 2 2 2 2 2 2 2 2 2 2 2 2 2 2
left_child=-1 2 3 -2 -5 26 7 9 28 10 11 12 15 23 -15 16 25 18 -18 20 -16 -22 -23 -13 -25 29 27 -4 -9 -7
right_child=1 -3 5 4 -6 6 -8 8 -10 -11 -12 13 -14 14 19 -17 17 -19 -20 -21 21 22 -24 24 -26 -27 -28 -29 -30 -31
leaf_value=2.8003295083627656e-06 0.00011397571314898606 2.9339068787290935e-06 1.2468087745983097e-06 -8.4828272126024969e-05 7.8177813498957237e-05 -2.6531775373154328e-05 1.6484187751059458e-06 4.6780295215670793e-05 3.9802924344280177e-05 -2.2085481444011783e-05 2.1089585105700169e-05 -1.9720752130847652e-05 0.00027884451957607513 4.7800578596073708e-06 -1.5653841729442695e-05 4.4166492362220924e-05 -2.4833087988540008e-05 -0.00019252159901989995 0.0001757070039027379 -5.2402631912754495e-05 -0.00013626690724476292 -0.00013821179262016599 0.00016256205557054696 -5.1467957112339796e-05 5.1173147517030966e-05 1.1024824061910294e-06 -5.1851167710777315e-05 -5.5559698039829052e-06 -1.2913838850941783e-05 -2.1369281057883897e-05
leaf_weight=35 22 36 35 31 22 40 24 20 39 193 28 242 21 31 30 26 23 42 32 79 29 29 25 79 20 21 154 55 52 115
leaf_count=35 22 36 35 31 22 40 24 20 39 193 28 242 21 31 30 26 23 42 32 79 29 29 25 79 20 21 154 55 52 115
internal_value=-0.00162577 -0.00177116 -0.0019211 0.00166667 -0.00122642 -0.00210243 -0.00177419 -0.001875 0.000405404 -0.00210407 -0.00171053 -0.00188914 -0.000625001 -0.00260638 -0.000739912 -0.00132107 -0.00188645 0.000670102 0.00409091 -0.001875 -0.000132745 0.0016265 0.00518518 -0.00382698 -0.00146465 -0.00329546 -0.00377049 -0.00166667 -0.00222222 -0.00403226
internal_weight=1630 1595 1559 75 53 1484 1240 1216 111 1105 912 884 320 564 223 299 273 97 55 192 113 83 54 341 99 176 244 90 72 155
internal_count=1630 1595 1559 75 53 1484 1240 1216 111 1105 912 884 320 564 223 299 273 97 55 192 113 83 54 341 99 176 244 90 72 155
is_linear=0
shrinkage=0.05


Tree=52
num_leaves=31
num_cat=0
split_feature=20 4 21 24 7 2 23 17 9 9 23 36 19 19 32 17 16 40 41 15 11 19 24 13 17 42 34 15 5 17
split_gain=0.422091 0.569164 0.4406 0.689943 1.79462 0.563471 0.468462 0.438596 0.391958 0.945919 0.894043 0.87521 0.479568 1.16224 0.406664 0.479497 0.342349 0.332272 0.432143 0.289732 0.287362 0.273529 0.271239 0.194833 0.530504 0.249885 0.405339 0.149282 0.147368 0.108834
threshold=1016.5650000000024 5336.6306600000007 41.2850000000035 2983.324677000001 0.0058874240575340873 121517.00500000002 -0.91874460724605167 0.0058180300173727604 7.8973011203738178e-05 -0.0029641844208691519 -0.86547390135038205 -3486.0992294473249 706.5550000000004 611.05999999999779 4137.8125953036588 0.0072789761191661721 0.0065383633928285927 -1366.0020641452863 -1576.4111897793018 0.0041177218785879424 -0.018767608758662051 634.95999999999924 1856.9837100000002 -0.035294307780506053 0.0079791392912752519 92.178128765819963 98615.03404700532 0.014921421804189702 0.0058601065399226928 0.0062676616830252543
decision_type=2 2 2 2 2 2 2 2 2 2 2 2 2 2 2 2 2 2 2 2 2 2 2 2 2 2 2 2 2 2
left_child=2 -2 3 7 -5 6 -4 -1 9 12 -10 -11 13 -8 20 -16 21 18 -14 -19 -12 -13 -22 24 -21 -25 -27 29 -9 -24
right_child=1 -3 5 4 -6 -7 8 28 10 11 14 16 17 -15 15 -17 -18 19 -20 23 22 -23 27 25 -26 26 -28 -29 -30 -31
leaf_value=7.9944111236843822e-06 -9.3155055728260506e-05 7.3699491032880128e-05 -2.3395262337027226e-05 6.4071918056865857e-05 -5.9427759624114552e-05 1.7439967821052711e-06 -6.0129037466204231e-05 -9.3090745242012867e-05 9.4160783090721235e-06 0.00013158735919563215 7.6859039665452323e-06 5.0060974989088281e-07 -0.00018511642824040503 9.455738289426604e-05 1.6574730375061162e-05 -0.00010037766649688618 1.6888080852938776e-05 4.7692574380098955e-07 6.3119563752137017e-05 2.4758153629458611e-06 1.1317010711111526e-06 -1.8669230369383102e-05 -7.6169149737526369e-06 -2.5807895767679425e-05 -7.3115346237190374e-05 1.6730587678973291e-06 -2.4334358429506278e-05 -3.6231632436937116e-06 -1.2455146355909918e-06 -3.5187471893333085e-05
leaf_weight=38 20 21 201 34 25 23 35 56 26 33 20 20 24 26 37 21 38 29 21 26 22 31 111 203 32 21 45 35 20 336
leaf_count=38 20 21 201 34 25 23 35 56 26 33 20 20 24 26 37 21 38 29 21 26 22 31 111 203 32 21 45 35 20 336
internal_value=-0.00147239 0.00353658 -0.00160164 0.000780346 0.00516949 -0.00189266 -0.00202082 -0.00149123 -0.0016443 -0.000719179 -0.0025329 0.00319672 -0.00175325 0.00237705 -0.00293815 0.00103448 0.000617976 -0.00238155 0.00166667 -0.00289326 -0.00337786 -0.00205882 -0.00361111 -0.00331804 -0.000689656 -0.00388476 -0.00121212 -0.00385892 -0.00368421 -0.00410515
internal_weight=1630 41 1589 173 59 1416 1393 114 1192 584 608 122 462 61 582 58 89 401 45 356 524 51 504 327 58 269 66 482 76 447
internal_count=1630 41 1589 173 59 1416 1393 114 1192 584 608 122 462 61 582 58 89 401 45 356 524 51 504 327 58 269 66 482 76 447
is_linear=0
shrinkage=0.05


Tree=53
num_leaves=31
num_cat=0
split_feature=25 32 34 38 13 39 31 27 42 25 42 30 38 24 26 36 9 7 38 13 16 9 4 24 11 16 38 5 31 31
split_gain=0.587661 0.366495 0.750649 0.402783 0.851497 0.413115 0.333166 0.4063 0.81 1.08 0.387377 0.465309 0.90678 1.00087 0.612025 0.386757 0.361528 0.628457 0.30852 0.264706 0.258913 0.290502 0.258297 0.40342 0.825984 0.404706 0.249648 0.153926 0.147683 0.352738
threshold=2.9271690851299472 -5258.9565634995806 105049.96741065044 41.404828433169023 -0.020610120257373018 563.20928571428635 118132.96460000002 116380.32600000002 -14.324624589912942 -0.23144816761453815 -69.201107114974079 105576.19325170277 49.489248643380478 3475.3225152700002 105204.34853016028 -3903.6072581465119 0.0012637733417322293 -0.00024615768313029197 43.93977316738161 0.018425550479618139 0.0041091156850935192 0.016098409611034897 3080.1356550000005 3162.7654955600001 -0.0085123637624122169 0.007524754724017182 83.617535669616203 -0.0065169209273748746 111189.32550000002 111780.06170000001
decision_type=2 2 2 2 2 2 2 2 2 2 2 2 2 2 2 2 2 2 2 2 2 2 2 2 2 2 2 2 2 2
left_child=1 2 -1 22 -5 -6 7 10 9 -9 18 12 13 -12 16 -13 17 19 -7 -14 -17 28 27 24 25 -24 -18 -3 -22 -30
right_child=-2 3 -4 4 5 6 -8 8 -10 -11 11 15 14 -15 -16 20 26 -19 -20 -21 21 -23 23 -25 -26 -27 -28 -29 29 -31
leaf_value=0.00016003197504109256 4.4760115356725755e-06 -6.0547050154342256e-05 -9.1378474035368411e-06 3.9599280588852037e-05 4.6520583496202639e-06 8.7412158848266456e-07 -4.8353555205326798e-05 1.3429591558965893e-05 -8.0202726872423554e-05 -1.2773733607195502e-06 0.00016108345611477352 2.1779401335293259e-06 -0.00012357728324330578 -2.1829289305973946e-06 0.00017320173503581932 1.8910650674998453e-05 -2.9232813248902107e-05 0.00024654178987799073 -1.6313171637515464e-05 -3.1521181655685057e-07 -5.1842672557090155e-05 -2.5860874501475654e-07 -5.463811539829094e-05 -4.5970221703657964e-05 4.2406861672874265e-06 9.6048049691580136e-07 1.6022590232439777e-07 -2.6846892391795351e-05 3.5766484312329224e-06 -1.6600930502538923e-05
leaf_weight=20 36 20 35 29 26 22 74 20 50 30 20 23 36 22 20 20 151 36 182 32 145 33 43 76 21 25 21 233 27 102
leaf_count=20 36 20 35 29 26 22 74 20 50 30 20 23 36 22 20 20 151 36 182 32 145 33 43 76 21 25 21 233 27 102
internal_value=-0.00159509 -0.00173777 0.00227273 -0.00188109 -0.00138716 -0.00161172 -0.0017636 -0.00152218 0.0015 0.006 -0.00186099 -0.00129361 2.95846e-05 0.00690476 -0.000945947 -0.00257143 -0.00155797 0.00076923 -0.00377451 -0.00205882 -0.00301223 -0.00337134 -0.00320574 -0.00166667 0.000617976 -0.00205882 -0.00296512 -0.00420949 -0.00390511 -0.00267442
internal_weight=1630 1594 55 1539 1121 1092 1066 992 100 50 892 688 338 42 296 350 276 104 204 68 327 307 418 165 89 68 172 253 274 129
internal_count=1630 1594 55 1539 1121 1092 1066 992 100 50 892 688 338 42 296 350 276 104 204 68 327 307 418 165 89 68 172 253 274 129
is_linear=0
shrinkage=0.05


Tree=54
num_leaves=31
num_cat=0
split_feature=25 2 31 28 21 23 30 39 21 11 36 7 42 18 22 40 34 27 15 22 38 20 20 40 36 13 21 25 35 20
split_gain=0.542892 0.33433 0.389163 0.497497 0.452722 0.584282 0.604588 0.358797 0.317896 0.481667 0.276681 0.456269 0.292539 0.479239 0.453761 0.531609 0.720238 0.868886 0.334835 0.307451 0.252953 0.307607 0.521463 0.584416 0.324133 0.456522 0.302808 0.479779 0.536508 0.202341
threshold=2.9271690851299472 121517.00500000002 118196.76860000002 -3427.3428185359367 36.794999999998261 -0.94214480019304658 111489.51326834636 851.8324999999985 955.75000000000011 -0.0055094300809285877 9974.9920758315729 0.0034205017336032886 -241.05685139568769 704.90499999999895 1937.4638692500005 -7.1214532469602991 113392.77177635209 107365.45000000003 0.0055419543151855695 6869.6071547500014 46.354664498515213 199.82499999999712 159.67999999999304 249.05510278118166 -3824.6974471069766 0.0040313001315011769 230.10500000000323 -0.72207915524326427 93314.847975000026 258.9550000000018
decision_type=2 2 2 2 2 2 2 2 2 2 2 2 2 2 2 2 2 2 2 2 2 2 2 2 2 2 2 2 2 2
left_child=1 2 3 -1 5 -5 7 -7 10 -10 12 -12 13 18 15 -14 17 -17 -6 20 -16 22 26 -24 25 -23 -22 -28 -29 -20
right_child=-2 -3 -4 4 8 6 -8 -9 9 -11 11 -13 14 -15 19 16 -18 -19 29 -21 21 24 23 -25 -26 -27 27 28 -30 -31
leaf_value=6.7002122048445602e-05 4.2522109588889135e-06 1.3959762894109903e-06 -2.8835720709211532e-05 1.0534069585187714e-05 4.595904724202399e-07 2.4576534520576086e-05 3.7433185688916689e-06 -4.7938124912148585e-05 -2.3670831540484936e-05 5.5961541856689633e-05 -4.0770289905115943e-05 4.0320786881432646e-05 -6.5584187993484794e-05 1.6676096664124092e-06 -2.751391530433152e-05 2.0839917935288082e-06 5.8430982672247564e-05 -7.4687615640613467e-06 -1.5961152684641381e-05 4.3139587095675631e-05 -8.8856468182322898e-05 -3.1416061635194153e-05 0.00015302928330903482 -1.6552713104641289e-05 -3.614653884822925e-05 2.113533732273729e-06 4.2368764659097694e-07 1.0540546199846085e-06 -6.6487033910555139e-05 -1.6835926182244456e-07
leaf_weight=30 36 28 105 22 29 26 33 66 24 25 23 20 37 21 273 23 24 61 65 27 91 21 20 35 277 25 23 20 70 50
leaf_count=30 36 28 105 22 29 26 33 66 24 25 23 20 37 21 273 23 24 61 65 27 91 21 20 35 277 25 23 20 70 50
internal_value=-0.00134969 -0.00148683 -0.00158365 -0.00137235 -0.00150594 0.00112245 -0.000200001 -0.00228261 -0.00180685 0.00214286 -0.00196356 0.00197674 -0.00210571 -0.000151516 -0.00241967 0.000172413 0.00194444 -0.000238096 -0.00118056 -0.00284581 -0.0030117 -0.00242268 -0.001139 0.00318182 -0.00345201 0.000434781 -0.00230392 -0.000575222 -0.00222222 -0.00239131
internal_weight=1630 1594 1566 1461 1431 147 125 92 1284 49 1235 43 1192 165 1027 145 108 84 144 882 855 582 259 55 323 46 204 113 90 115
internal_count=1630 1594 1566 1461 1431 147 125 92 1284 49 1235 43 1192 165 1027 145 108 84 144 882 855 582 259 55 323 46 204 113 90 115
is_linear=0
shrinkage=0.05


Tree=55
num_leaves=31
num_cat=0
split_feature=25 7 18 2 31 2 1 21 24 31 38 7 41 27 25 15 35 15 24 24 23 7 13 13 11 39 2 22 9 23
split_gain=0.515812 0.423269 1.30321 0.541823 0.512887 0.767567 0.341337 0.371099 0.307069 0.66691 0.30468 0.334227 0.605311 2.53024 0.516153 0.437607 0.286269 0.836237 0.324674 0.506768 0.564228 0.818182 0.410695 0.606659 0.231396 0.223392 0.409071 0.20616 0.343078 0.178657
threshold=2.9271690851299472 0.0067854267876161179 899.77499999999429 120918.52500000001 117155.11760000001 117683.87500000001 115780.00000000001 11.294999999998256 2756.4184897600003 105189.38150000002 18.520464032060826 0.0025064433708668547 105.45597695456604 108389.34250000001 -0.76762648680811763 0.007746394910327351 115787.12670000001 0.0070639988822212832 2992.3325880000007 3324.8838620000006 -0.18161637262848729 -0.0017588787464347098 -0.028076976577218367 -0.038912623432047107 0.020976961712539471 1205.1717857142853 93860.310000000012 1774.9518107500003 -0.00085499440283629468 0.65832233840270904
decision_type=2 2 2 2 2 2 2 2 2 2 2 2 2 2 2 2 2 2 2 2 2 2 2 2 2 2 2 2 2 2
left_child=1 2 3 4 5 6 7 -1 9 -3 -9 16 14 15 -13 -14 18 -18 24 20 21 -20 23 -21 27 26 -24 28 -12 -10
right_child=-2 8 -4 -5 -6 -7 -8 10 29 -11 11 12 13 -15 -16 -17 17 -19 19 22 -22 -23 25 -25 -26 -27 -28 -29 -30 -31
leaf_value=5.4496003608830284e-06 4.0396004109444653e-06 7.2887488230138862e-05 5.5786861847917297e-05 1.7298557068684561e-06 -3.9001149196299793e-05 1.1021600819543907e-05 -1.4435469549848988e-05 2.3884472006257828e-06 -1.1375737281340985e-05 -5.4878633700206993e-05 -2.4591186029369666e-05 8.0293632453471269e-06 -2.7842598885767084e-05 9.4298131214559953e-05 -2.5982708553754806e-05 0.00011646441013392305 1.4517846116225235e-06 -0.00013096861090407984 9.3701152053085566e-05 -2.9288259894252977e-05 -5.5500901680053858e-05 -1.646588940054099e-05 1.9018764511221305e-06 0.0002269505885261529 -1.5394982495237213e-06 -4.1310910510944509e-05 -1.1398723130665968e-05 -4.4094638803726023e-05 2.6848464130412266e-06 -4.425935446916299e-05
leaf_weight=32 36 27 32 28 133 29 78 20 175 92 39 29 45 21 71 20 21 20 22 37 35 22 28 23 22 133 43 238 22 57
leaf_count=32 36 27 32 28 133 29 78 20 175 92 39 29 45 21 71 20 21 20 22 37 35 22 28 23 22 133 43 238 22 57
internal_value=-0.00119632 -0.00132999 -0.000897025 -0.0011602 -0.00132291 -0.000952382 -0.00118022 -0.000917286 -0.00286325 -0.000798321 -0.00110318 -0.00124018 0.00064516 0.00372093 -0.002 -0.00115385 -0.00173759 0.00231707 -0.00198795 -0.000918369 0.00259494 0.00636364 -0.0019697 0.00166667 -0.00313084 -0.00303922 -0.000774649 -0.00349498 -0.000901641 -0.00392241
internal_weight=1630 1594 1243 1211 1183 1050 1021 943 351 119 911 891 186 86 100 65 705 41 664 343 79 44 264 60 321 204 71 299 61 232
internal_count=1630 1594 1243 1211 1183 1050 1021 943 351 119 911 891 186 86 100 65 705 41 664 343 79 44 264 60 321 204 71 299 61 232
is_linear=0
shrinkage=0.05


Tree=56
num_leaves=31
num_cat=0
split_feature=31 30 32 16 17 24 38 39 4 21 16 20 21 25 36 36 5 2 30 13 17 17 16 7 16 18 4 4 20 24
split_gain=0.381772 0.495756 0.52787 0.783079 0.935065 0.935909 1.00227 0.903529 0.825205 0.740192 0.59676 0.453006 0.928131 1.16091 0.332987 1.06353 0.772095 0.311037 0.309439 0.295557 0.469154 1.26452 0.301936 0.293907 0.264652 0.264359 0.309074 0.286364 0.260369 0.289757
threshold=117747.27960000002 117290.89268224867 1086.3116678890585 0.0057282484247331645 0.0052218291762414397 3226.7050814000004 53.51470117948147 929.34499999999866 8318.7136950000004 634.61499999999808 0.0049514191187196343 439.86499999999802 182.8750000000073 -0.25758006255079186 4033.0458105414295 7019.5261412238988 0.001542860285753141 120918.52500000001 91038.54630301561 -0.0071843266029759751 0.0095227552904977222 0.007805439648032945 0.011817129413312212 -5.4607810805789337e-05 0.0099179226341553368 291.3650000000053 1301.1777400000003 2287.4231950000008 406.43000000000035 3156.6846061000001
decision_type=2 2 2 2 2 2 2 2 2 2 2 2 2 2 2 2 2 2 2 2 2 2 2 2 2 2 2 2 2 2
left_child=1 2 3 4 23 6 7 10 11 -10 -6 19 13 -13 -4 16 -16 -2 -14 22 21 25 -5 -1 28 26 -21 -28 -17 -30
right_child=17 -3 14 8 5 -7 -8 -9 9 -11 -12 12 18 -15 15 24 -18 -19 -20 20 -22 -23 -24 -25 -26 -27 27 -29 29 -31
leaf_value=-7.9893012723645219e-05 -2.0274445727208495e-05 2.8927881227230082e-05 -1.8987409221402579e-05 -2.7900027926996057e-05 1.8072976580257657e-06 -0.00010162979738211696 8.7843420518959964e-05 6.8088023388053365e-05 0.00054248827009877379 -1.4966692848460332e-05 -7.6613829214833415e-05 3.6926378163716763e-06 5.2886294441454035e-05 -6.7741104766860647e-05 -5.2220456342190519e-07 -3.3546557256032497e-05 0.00023867562089843793 1.367220763008301e-06 -1.7932241524025125e-05 6.3223870409664007e-07 -3.409464142830537e-05 0.00013908113325224674 -1.3886825319249713e-08 6.9666246358466993e-07 0.00010687272874953732 -0.0001036543233098141 -0.00012505996119420556 2.0756223070040596e-06 2.692436109576199e-05 -9.3582579723856579e-05
leaf_weight=41 153 22 286 237 23 20 31 24 20 23 28 23 26 25 34 113 29 21 74 27 75 31 34 31 20 42 35 20 24 38
leaf_count=41 153 22 286 237 23 20 31 24 20 23 28 23 26 25 34 113 29 21 74 27 75 31 34 31 20 42 35 20 24 38
internal_value=-0.00134969 -0.00108517 -0.00119944 -0.000449439 0.00232323 0.00492063 0.00679245 0.00366667 -0.00124278 0.00546512 -9.80404e-05 -0.00168721 0.000743242 0.00645833 -0.00242647 -0.00112403 0.00452381 -0.00356322 -0.002 -0.00240519 -0.00108696 0.00048387 -0.00352399 -0.00222222 -0.00294872 -0.00177419 -0.000121952 -0.00227273 -0.00357143 -0.000967743
internal_weight=1630 1456 1434 890 198 126 106 75 692 43 51 649 148 48 544 258 63 174 100 501 230 155 271 72 195 124 82 55 175 62
internal_count=1630 1456 1434 890 198 126 106 75 692 43 51 649 148 48 544 258 63 174 100 501 230 155 271 72 195 124 82 55 175 62
is_linear=0
shrinkage=0.05


Tree=57
num_leaves=31
num_cat=0
split_feature=23 23 27 16 4 11 38 24 15 9 15 21 22 20 28 41 41 4 20 5 41 4 31 17 7 1 5 25 42 13
split_gain=0.434902 1.20646 2.26718 0.647368 0.514697 0.470333 0.744148 0.743561 0.896979 0.427967 0.592105 0.432081 1.07276 1.12 0.613333 0.413677 1.16269 0.283165 0.468085 0.268126 0.304027 0.262083 0.244976 0.52203 0.768254 0.46076 0.554968 0.29251 0.688995 0.206044
threshold=0.57918602569782596 0.98238596017319513 105974.50925000002 0.0035725113502153767 2796.0437700000007 -0.015433761989374779 50.126270060903195 3661.9477560000009 0.012845991955213654 -0.0023193327478038287 0.0031491931831032047 182.8750000000073 2589.7125307500005 423.71000000000646 92.816528990326347 152.52128830054056 -34.572965720063863 2978.1847200000007 285.34500000000122 -0.0054942994793740927 1766.2130907991107 2883.8019100000006 112009.56370000001 0.0064393108044803644 0.0010542309726722277 105425.50000000001 0.0026399373194609926 -0.77785023867840219 187.19112399034961 0.0087040896389483109
decision_type=2 2 2 2 2 2 2 2 2 2 2 2 2 2 2 2 2 2 2 2 2 2 2 2 2 2 2 2 2 2
left_child=3 2 -2 -1 -4 6 7 -5 -9 10 -7 12 -12 14 -14 16 29 -13 -19 21 22 -11 23 24 -21 -26 -27 28 -25 -3
right_child=1 15 4 5 -6 9 -8 8 -10 19 11 17 13 -15 -16 -17 -18 18 -20 20 -22 -23 -24 27 25 26 -28 -29 -30 -31
leaf_value=2.2835301771846239e-06 0.00015849966730750893 -2.706692845126775e-05 3.2832175134540686e-06 -1.014495459142562e-05 -5.4925460146994177e-06 1.0147641481546104e-05 0.00049353958343305369 3.1885204916569889e-05 -9.8969514014452822e-05 -3.5302937376372529e-05 -6.6434498606686776e-05 -4.3783353485367161e-05 2.0128026755437902e-06 2.1759778691399301e-05 -6.1784747520396606e-05 -3.3448912219762566e-05 4.6963330172740982e-06 4.5211119955524549e-05 -5.1942516518204264e-05 -8.4488427687134631e-05 1.5402592906592456e-06 1.6223943994347403e-06 -2.8491365926484127e-05 -8.1483204326576484e-05 0.00017511114549483773 -4.7145069031336132e-06 7.5534720579187368e-05 -3.9604905150862441e-05 2.4562845399799173e-05 1.9579297793697397e-06
leaf_weight=21 39 91 25 96 46 20 21 31 26 23 59 128 27 20 23 124 34 25 22 42 30 20 189 76 20 21 22 266 22 21
leaf_count=21 39 91 25 96 46 20 21 31 26 23 59 128 27 20 23 124 34 25 22 42 30 20 189 76 20 21 22 266 22 21
internal_value=-0.00134969 0.000131578 0.00454545 -0.0018 -0.000774649 -0.00194874 0.000459769 -0.000751635 0.00377193 -0.00234597 -0.000833335 -0.00138158 0.000813952 0.005 0.000999999 -0.00166667 0.000136985 -0.003 0.000319148 -0.00301642 -0.00325582 0.000813952 -0.00348024 -0.00286781 0.000238094 0.00373016 0.000813952 -0.00376374 -0.00142857 -0.00232143
internal_weight=1630 380 110 1250 71 1229 174 153 57 1055 324 304 129 70 50 270 146 175 47 731 688 43 658 469 105 63 43 364 98 112
internal_count=1630 380 110 1250 71 1229 174 153 57 1055 324 304 129 70 50 270 146 175 47 731 688 43 658 469 105 63 43 364 98 112
is_linear=0
shrinkage=0.05


Tree=58
num_leaves=31
num_cat=0
split_feature=39 26 25 17 17 20 20 32 19 5 30 41 13 41 13 24 21 9 4 4 21 38 16 26 41 15 25 36 32 30
split_gain=0.565754 0.462209 1.11468 0.284646 0.677155 0.862854 0.40115 0.820204 0.48404 0.402814 0.788553 0.373011 0.399708 0.569187 0.715972 0.589414 0.48666 0.859275 0.271084 0.609169 0.723508 0.638384 0.24007 0.675545 0.322514 0.399106 0.218481 0.250172 0.44983 0.245748
threshold=563.20928571428635 83400.839892346121 0.18464499686829602 0.0096120718582509822 0.0093215461888449969 168.37500000000003 460.42000000000559 -2563.1569709501487 2093.0550000000007 0.00017230546258219587 108210.85934740132 -578.94800713605207 0.0023437831010404181 -443.971164608175 0.0012026050556686867 3072.4597436000008 179.96500000000381 -0.0041170769838240039 2654.5384100000006 3243.0308800000007 234.93500000000498 82.554072077230089 0.0048139665552078279 115268.56549487119 -258.45676873915335 0.0074299003946631812 -0.90570183346240951 -3903.6072581465119 -737.67414513200481 89235.824064357395
decision_type=2 2 2 2 2 2 2 2 2 2 2 2 2 2 2 2 2 2 2 2 2 2 2 2 2 2 2 2 2 2
left_child=-1 2 -2 4 6 -6 11 -8 9 10 -9 -3 13 -13 15 22 -17 -18 -14 20 -20 -21 23 -15 25 -24 -5 28 29 -28
right_child=1 3 -4 26 5 -7 7 8 -10 -11 -12 12 18 14 -16 16 17 -19 19 21 -22 -23 24 -25 -26 -27 27 -29 -30 -31
leaf_value=1.6247438621334898e-06 -3.9847710032063967e-05 -3.3021036124533752e-05 8.8465731577099763e-05 1.8414129205417823e-06 0.00014210303210827825 -4.0459681462533291e-06 3.8397635044414903e-06 -7.1922139004480003e-06 7.7650794337234258e-05 -2.1254549757364842e-05 2.3087897882039207e-06 1.810223707497567e-06 -2.2705813414709775e-05 -7.7177558393872871e-05 2.2023593123977696e-05 -1.0614525565358231e-05 -3.4463845064810737e-06 2.1380864220824993e-06 -7.2319225076113127e-06 -7.4478364344160962e-05 0.0002598530662719397 5.8532527598767654e-05 1.5195663309878304e-06 1.114077613536476e-06 -7.8405445827891347e-05 -3.4552164259691864e-05 1.2480703370119824e-06 -3.6539475967700112e-05 1.254758786200678e-06 -1.9888865748259517e-05
leaf_weight=35 36 141 20 21 20 34 25 31 37 79 37 25 267 31 24 26 25 23 21 79 23 20 29 28 124 25 21 148 28 147
leaf_count=35 36 141 20 21 20 34 25 31 37 79 37 25 267 31 24 26 25 23 21 79 23 20 29 28 124 25 21 148 28 147
internal_value=-0.00128834 -0.00142633 0.00303571 -0.0015887 -0.00120954 0.00425926 -0.00147322 0.000502391 -0.000652175 -0.00193878 0.000882352 -0.00192646 -0.00149351 -0.000277779 -0.000820897 -0.00146302 0.00243243 0.00541667 -0.00256098 -0.000804197 0.00409091 -0.0029798 -0.00267933 8.47446e-05 -0.00359551 -0.000370372 -0.00280822 -0.00311047 -0.00193878 -0.00291667
internal_weight=1630 1595 56 1539 1174 54 1120 209 184 147 68 911 770 360 335 311 74 48 410 143 44 99 237 59 178 54 365 344 196 168
internal_count=1630 1595 56 1539 1174 54 1120 209 184 147 68 911 770 360 335 311 74 48 410 143 44 99 237 59 178 54 365 344 196 168
is_linear=0
shrinkage=0.05


Tree=59
num_leaves=31
num_cat=0
split_feature=39 42 28 5 15 21 13 32 32 21 32 24 9 5 15 41 36 4 20 25 25 20 22 41 41 13 20 38 20 20
split_gain=0.511905 0.456405 0.913121 1.24355 1.225 0.601212 1.21212 0.567039 0.782708 0.55602 0.952778 0.356857 0.383149 0.686893 0.321402 0.732545 0.448456 0.625 0.416518 0.785109 0.583205 0.616496 0.408718 0.303959 1.0497 0.439355 0.595129 0.42703 0.79351 0.803262
threshold=563.20928571428635 -189.88265159012192 -1088.6646513508674 -0.00097628711342129173 0.006402774624384897 220.64999999999421 -0.0083761324089240401 -4532.3404214645625 -6007.6939497964549 955.75000000000011 -401.56634113027388 2890.1115249400004 -0.0041170769838240039 -0.0028267440719389157 0.0065590703594793484 1766.2130907991107 -4661.0062115678656 1887.0143550000003 277.50000000000006 -0.64370074160341906 0.26999453765746689 411.49500000000268 2701.8655935000002 789.65853037804607 629.36949824242322 0.0096950050268756905 464.25999999999482 43.704367559776053 199.82499999999712 140.90000000000148
decision_type=2 2 2 2 2 2 2 2 2 2 2 2 2 2 2 2 2 2 2 2 2 2 2 2 2 2 2 2 2 2
left_child=-1 2 7 4 -4 -5 -7 8 -2 14 -11 12 13 -9 15 16 17 -3 -16 -20 -21 -22 -23 24 25 26 27 -18 29 -29
right_child=1 9 3 5 -6 6 -8 11 -10 10 -12 -13 -14 -15 18 -17 23 -19 19 20 21 22 -24 -25 -26 -27 -28 28 -30 -31
leaf_value=1.5435066690268015e-06 -1.1109830659368881e-05 -2.1420094077513756e-05 1.0925822863670097e-06 -2.5888336695128643e-05 3.0711666676517009e-05 2.5023323536353261e-06 -5.6586584063476365e-05 -4.9211947157715005e-05 4.5129751877307167e-05 8.05893244820786e-05 -3.6239475422665316e-05 -1.5134350559553475e-05 -1.7351599962655766e-05 2.198590147879625e-06 -3.7005074767549169e-05 3.180116832692506e-05 -5.7717342172371346e-05 8.0832060587497568e-06 6.8566785260597346e-06 -1.5271142899464553e-05 5.2084650840477322e-05 3.2359978829610027e-06 -2.1080342073498858e-05 -0.00013859669881181728 0.00010334869856154772 -3.5827718425625672e-05 2.6001435797568579e-06 -2.432832825764818e-06 -6.0163947610814402e-05 4.5958916215729122e-05
leaf_weight=35 32 20 20 31 20 24 20 28 23 21 24 105 27 27 329 30 85 20 38 123 24 21 66 63 26 154 33 69 66 26
leaf_count=35 32 20 20 31 20 24 20 28 23 21 24 105 27 27 329 30 85 20 38 123 24 21 66 63 26 154 33 69 66 26
internal_value=-0.000981596 -0.00111285 0.000462184 0.00413043 0.01125 0.000333332 0.00409091 -0.00128099 0.00318182 -0.00156704 0.00388889 -0.00259358 -0.000121952 0.00227273 -0.00177284 -0.000945947 -0.00135231 0.00375 -0.00258736 -0.00113971 -0.00222222 0.000405404 -0.00155173 -0.0017433 -0.0012963 -0.00188222 -0.000698926 -0.00154472 -3.10571e-05 0.00289474
internal_weight=1630 1595 357 115 40 75 44 242 55 1238 45 187 82 55 1193 592 562 40 601 272 234 111 87 522 459 433 279 246 161 95
internal_count=1630 1595 357 115 40 75 44 242 55 1238 45 187 82 55 1193 592 562 40 601 272 234 111 87 522 459 433 279 246 161 95
is_linear=0
shrinkage=0.05


Tree=60
num_leaves=31
num_cat=0
split_feature=39 42 28 38 38 38 5 13 42 30 35 38 13 21 42 40 16 39 38 38 9 32 20 21 27 7 22 19 38 42
split_gain=0.538493 0.410013 1.19015 1.03663 1.57143 0.653333 0.913941 0.997293 0.325977 0.5058 0.719914 0.423055 0.670815 0.679812 0.747598 1.18287 0.476389 0.622288 0.628762 0.702852 0.672549 0.537705 0.456522 0.435015 0.336237 0.37948 0.332808 0.265713 0.257311 0.196991
threshold=563.20928571428635 -241.05685139568769 -1147.9524636363419 38.709119525955835 46.210348380748044 29.068100543061863 -0.0028267440719389157 -0.037106881485492522 -69.201107114974079 115315.46300533622 115599.47120000001 41.787709092804072 0.010542842176407276 551.18499999999779 12.832636882630085 28.170012412832879 0.0069511789848641353 1378.7828571428579 71.442896994392157 74.6096453713796 0.0088903343771069999 164.01795557964218 168.37500000000003 54.200000000004373 118228.09650000001 -0.00051353601345770011 1927.9042330000004 799.9300000000004 25.810165477697549 -155.38194061244636
decision_type=2 2 2 2 2 2 2 2 2 2 2 2 2 2 2 2 2 2 2 2 2 2 2 2 2 2 2 2 2 2
left_child=-1 2 5 -4 -5 6 -2 -8 24 10 11 -10 13 14 15 -13 -14 18 21 -20 -21 -18 -17 -16 28 -26 -11 -25 -3 -30
right_child=1 8 3 4 -6 -7 7 -9 9 26 -12 12 16 -15 23 22 17 -19 19 20 -22 -23 -24 27 25 -27 -28 -29 29 -31
leaf_value=1.466331335575465e-06 -1.2355436217475904e-05 2.2026272840872306e-06 -2.0607327816087566e-05 4.882542400202113e-06 1.2274212457684143e-06 -3.6083879614360035e-05 4.0456683828351738e-07 3.0955354745832474e-06 -9.7282806446039811e-05 2.1904919108311105e-06 1.7175990353252393e-06 0.00014292565790507611 -1.3372454650719554e-05 0.00019823160162412323 2.1861075747740626e-05 -6.5436036626253464e-05 2.8585106113541918e-06 -3.5301516053102106e-05 0.00027167839654558562 -3.8040961421086089e-05 1.0153320076045926e-05 -4.4567186989084063e-05 3.3562147723514961e-05 -7.0295070039081515e-07 6.8483684767630777e-07 -0.00010271242203329679 -7.3214589621035692e-05 -7.6636099971642661e-05 -7.8683736088195763e-06 -3.2110688478504421e-05
leaf_weight=35 62 22 23 22 28 80 37 21 79 21 35 20 180 34 20 21 20 105 23 21 30 41 25 38 32 31 134 65 126 199
leaf_count=35 62 22 23 22 28 80 37 21 79 21 35 20 180 34 20 21 20 105 23 21 30 41 25 38 32 31 134 65 126 199
internal_value=-0.00113497 -0.00126959 0.000494504 0.0059589 0.01 -0.0015 0.000833332 0.00534483 -0.00163389 -0.00110746 -0.000574638 -0.000914129 -0.000489892 0.00172646 0.000555554 0.00484848 -0.00166667 -0.000208335 0.00203704 0.00513513 0.00186274 -0.00172131 0.000434781 -0.00174797 -0.00280488 0.000555554 -0.00370968 -0.00305825 -0.00341499 -0.00376923
internal_weight=1630 1595 273 73 50 200 120 58 1322 912 757 722 643 223 189 66 420 240 135 74 51 61 46 123 410 63 155 103 347 325
internal_count=1630 1595 273 73 50 200 120 58 1322 912 757 722 643 223 189 66 420 240 135 74 51 61 46 123 410 63 155 103 347 325
is_linear=0
shrinkage=0.05


Tree=61
num_leaves=31
num_cat=0
split_feature=39 42 28 21 11 20 25 32 18 19 19 42 38 4 4 25 34 36 22 0 3 15 39 27 5 40 15 42 28 20
split_gain=0.511905 0.446194 1.02969 1.06513 1.10025 0.882081 0.409598 0.82635 1.62789 0.447243 0.740801 0.385091 0.383419 0.369202 0.396256 0.802452 0.621948 0.875985 0.583803 0.703943 0.30505 0.514296 0.560057 0.385392 0.301153 0.418402 0.300232 0.24121 0.294543 0.235714
threshold=563.20928571428635 -201.24632351720979 -1216.3652543789356 287.86000000000064 -0.013086362375665862 209.50000000000003 0.26999453765746689 -2517.0572156414269 -1075.7150000000108 1273.4199999999985 1093.7900000000011 -619.68655502121851 19.410764472733849 2109.5411400000007 1550.2557850000003 -0.77785023867840219 114835.46618999822 5910.7081590322714 1774.9518107500003 114066.26000000002 108643.95000000001 0.006469428381063444 1142.224285714286 103743.06325000002 0.0026399373194609926 -203.98840390768598 0.0054002646102992756 89.357524803690069 1237.0326120101238 256.36499999999802
decision_type=2 2 2 2 2 2 2 2 2 2 2 2 2 2 2 2 2 2 2 2 2 2 2 2 2 2 2 2 2 2
left_child=-1 2 11 4 -4 -5 13 8 -8 10 29 -2 -13 14 18 -16 17 -17 19 -3 21 22 -15 -23 -20 -26 -11 -28 -29 -9
right_child=1 6 3 5 -6 -7 7 9 -10 26 -12 12 -14 20 15 16 -18 -19 24 -21 -22 23 -24 -25 25 -27 27 28 -30 -31
leaf_value=1.3930147687966845e-06 6.0741182103530761e-06 -2.5005147107272461e-05 1.6408289728315205e-05 4.1515667010722909e-07 -4.3128698270335126e-05 3.5107967254449737e-06 -0.00014408073032490628 -1.5036952310034029e-05 0.00021940887114325208 1.1100615352340189e-05 7.282036747998001e-05 2.2126878881828493e-07 -1.1026615418765522e-05 -4.966462180079393e-05 1.9583278244940135e-05 -7.0172364923958298e-05 9.5767970412170735e-06 2.8729404941402727e-06 -4.9997336317928181e-05 2.6511367351931022e-06 -3.104759742145944e-05 -1.3541416770209653e-05 0.00023416843348345552 2.0544759339958111e-05 -8.8823547656786375e-05 2.8712292485288293e-06 -2.7481437268698081e-05 1.4352119350727873e-06 -2.1121119517686682e-05 5.0975485629991657e-06
leaf_weight=35 28 23 20 25 48 26 23 22 21 25 24 23 166 34 31 133 20 26 231 20 151 159 23 29 24 35 76 23 86 20
leaf_count=35 28 23 20 25 48 26 23 22 21 25 24 23 166 34 31 133 20 26 231 20 151 159 23 29 24 35 76 23 86 20
internal_value=-0.000981596 -0.00111285 0.000505951 0.0042437 0.000147058 0.00970588 -0.00154488 -1.19209e-09 0.00636364 -0.00101449 0.00257576 -0.00154378 -0.0023545 -0.00207135 -0.00122468 0.000476189 -0.000810057 -0.00185535 -0.0022973 0.00313953 -0.00323232 -0.00214286 0.00201754 -0.00340426 -0.00310345 8.47446e-05 -0.00214286 -0.00283784 -0.00133028 -0.00142857
internal_weight=1630 1595 336 119 68 51 1259 320 44 276 66 217 189 939 543 210 179 159 333 43 396 245 57 188 290 59 210 185 109 42
internal_count=1630 1595 336 119 68 51 1259 320 44 276 66 217 189 939 543 210 179 159 333 43 396 245 57 188 290 59 210 185 109 42
is_linear=0
shrinkage=0.05


Tree=62
num_leaves=31
num_cat=0
split_feature=42 28 5 15 21 39 36 15 15 11 16 4 4 42 15 15 28 19 39 22 39 39 15 28 22 7 39 19 25 23
split_gain=0.515827 0.826524 1.42513 1.1403 0.592874 0.583588 0.349525 0.521783 0.296091 0.801934 0.45403 0.327318 0.564798 0.29518 0.442898 0.418846 0.311052 0.274246 0.364159 0.539939 0.322086 0.826322 0.443774 0.927536 0.426513 0.402264 0.56006 0.332126 0.255254 0.26722
threshold=-184.08298814297268 -1088.6646513508674 -0.00019496652740499316 0.0061506810920116482 308.435000000005 563.20928571428635 9974.9920758315729 0.0087884363817965737 0.0038285997456593327 -0.001125798228478972 0.0047038925094244994 7100.4595050000007 8826.9898350000021 -619.68655502121851 0.0069104671320194613 0.0064363593669585903 -3100.6779739364206 1475.3750000000002 876.71821428571286 1927.9042330000004 1136.5889285714311 1169.774642857142 0.0063581571538588429 -73.624932667618836 6503.1643972500015 0.0032840514529098477 949.21357142857084 911.49999999999284 -0.85695147891036094 0.045603753386343607
decision_type=2 2 2 2 2 2 2 2 2 2 2 2 2 2 2 2 2 2 2 2 2 2 2 2 2 2 2 2 2 2
left_child=1 13 3 -3 -4 -2 8 -8 9 -7 -11 17 -13 -1 15 -15 -16 18 -10 -20 25 -22 23 -23 28 -21 -27 -25 -24 -30
right_child=5 2 4 -5 -6 6 7 -9 11 10 -12 12 -14 14 16 -17 -18 -19 19 20 21 22 24 27 -26 26 -28 -29 29 -31
leaf_value=5.7704122998354274e-06 1.3233640303568343e-06 1.7073787642671216e-06 -4.4824340761103964e-06 1.8667936375689517e-05 1.4707441243947632e-06 1.4408937701282821e-05 4.0113003094198888e-05 -9.4499672292978291e-05 -5.0370464736239882e-05 8.3893320149257712e-06 -6.381863170496452e-05 0.00011570766994131488 -2.1596848549636282e-05 -3.5908316966722729e-06 5.1161671758944078e-07 4.0419160313542652e-06 -2.2496218789487513e-05 -2.1322403649261948e-05 2.1615196999456686e-06 -3.1141701180761516e-05 7.7263028903072266e-06 4.019383702954654e-06 3.9972554056727286e-07 5.0076569975064866e-07 2.3200123877315946e-06 0.00013704049868955111 -8.1530874154198206e-05 -0.0001838902817676727 -6.0282544577345224e-05 3.9187410508209459e-05
leaf_weight=28 35 24 44 23 29 39 23 22 79 31 67 31 30 40 31 25 120 211 37 200 28 23 35 36 22 21 75 33 162 26
leaf_count=28 35 24 44 23 29 39 23 22 79 31 67 31 30 40 31 25 120 211 37 200 28 23 35 36 22 21 75 33 162 26
internal_value=-0.000889572 0.00076923 0.00416667 0.0109574 -0.000205481 -0.00136651 -0.00154752 0.00277778 -0.00171164 0.000474451 -0.00193878 -0.00199714 0.00155738 -0.000901641 -0.00152778 0.00192308 -0.00301325 -0.0022166 -0.0017825 -0.00141834 -0.00174735 -0.000753426 -0.00143917 0.00152174 -0.00255102 -0.00297297 -0.000312501 -0.00137681 -0.00320628 -0.00393617
internal_weight=1630 364 120 47 73 1266 1231 45 1186 137 98 1049 61 244 216 65 151 988 777 698 661 365 337 92 245 296 96 69 223 188
internal_count=1630 364 120 47 73 1266 1231 45 1186 137 98 1049 61 244 216 65 151 988 777 698 661 365 337 92 245 296 96 69 223 188
is_linear=0
shrinkage=0.05


Tree=63
num_leaves=31
num_cat=0
split_feature=39 20 38 17 17 22 5 40 36 28 5 36 20 32 18 39 15 32 18 19 30 15 41 25 16 32 30 32 41 40
split_gain=0.48599 0.66213 0.643935 0.377689 1.93479 0.369257 0.738796 1.09447 0.406692 0.943211 0.780209 0.57898 0.573763 1.23077 0.550314 0.540747 0.438368 0.669643 0.716945 1.06579 0.668525 0.344566 0.393985 0.480237 0.309462 0.3648 0.297921 0.729167 0.288112 0.4
threshold=563.20928571428635 138.25000000000003 18.520464032060826 0.0096677288399452718 0.0092827956658782847 1949.0185400000003 0.00052590090858092495 149.56467093859831 4528.9015344475856 -684.07079733206763 0.005263058594472199 94.983410264227146 171.34499999999392 -1308.0091578666322 935.50499999999749 936.25607142857245 0.010464703239986099 -4418.762836669709 -195.01000000000928 1286.6650000000011 88594.626526256747 0.0068358793966210489 426.55951369201074 -0.17580813818034877 0.0072164122040082965 -1028.9745144186525 89023.150407089459 -1205.3151984190843 -61.009980767676467 482.6285743542831
decision_type=2 2 2 2 2 2 2 2 2 2 2 2 2 2 2 2 2 2 2 2 2 2 2 2 2 2 2 2 2 2
left_child=-1 3 -3 4 24 6 7 -4 11 -10 15 12 13 -7 -12 -11 17 -14 19 -19 -20 22 -17 -24 -2 -26 27 -18 -22 -30
right_child=1 2 5 -5 -6 8 -8 -9 9 10 14 -13 16 -15 -16 21 26 18 20 -21 28 -23 23 -25 25 -27 -28 -29 29 -31
leaf_value=1.2571958288389744e-06 -2.2886860288739379e-05 9.6619640298509842e-06 -2.5178967288266773e-05 -4.3812363382953068e-05 4.3519797602013348e-05 -0.0001092073329951287 -4.7715156991496585e-05 2.1514774111696807e-05 4.1356169740804307e-06 6.0919399606176659e-06 7.8846696940794881e-05 -4.2803436309606706e-05 9.4408340481191738e-05 7.8678371073857346e-05 1.0805375476343631e-06 -0.00011382158673162778 0.00060513300194022391 1.9294817525285866e-05 5.7700463117334363e-06 -8.4328346087792383e-06 -5.0158975848253078e-05 -2.7956771154012413e-05 6.1586771977950363e-06 -1.002273842596133e-05 2.0867705000244947e-06 -1.3519099114841785e-05 -3.2474279072824489e-05 -2.9171745781118104e-05 1.54773715293011e-05 -0.00010777329923452148
leaf_weight=35 284 23 25 110 23 26 40 27 22 24 21 223 22 26 32 27 20 38 24 38 103 77 24 22 33 86 107 28 20 20
leaf_count=35 284 23 25 110 23 26 40 27 22 24 21 223 22 26 32 27 20 38 24 38 103 77 24 22 33 86 107 28 20 20
internal_value=-0.000828222 -0.000956114 -0.000231352 -0.00238806 -0.00171362 -0.000415059 0.00260869 0.00653846 -0.000709747 0.0010241 6.60781e-05 -0.00133094 -0.000338984 0.00461538 0.00537736 -0.00155173 -0.000952382 0.000283018 -0.000473252 0.00355263 -0.00230539 -0.00266667 -0.000205481 0.00260869 -0.00251861 -0.000378152 -0.00306452 0.000208332 -0.0036014 -1.19209e-09
internal_weight=1630 1595 1059 536 426 1036 92 52 944 249 227 695 472 52 53 174 420 265 243 76 167 150 73 46 403 119 155 48 143 40
internal_count=1630 1595 1059 536 426 1036 92 52 944 249 227 695 472 52 53 174 420 265 243 76 167 150 73 46 403 119 155 48 143 40
is_linear=0
shrinkage=0.05


Tree=64
num_leaves=31
num_cat=0
split_feature=42 28 5 15 4 40 15 17 23 15 30 17 41 0 35 31 34 11 20 15 28 28 13 13 21 20 19 30 39 22
split_gain=0.41645 0.778992 1.22077 1.3144 0.56577 0.392408 0.775624 0.396161 0.544278 0.371544 0.422562 0.709881 1.27136 0.625431 0.555779 0.430545 0.606508 1.14146 0.590501 0.916888 0.473263 1.40801 0.506814 1.52218 0.409756 0.393162 0.371212 0.989319 0.333503 0.568081
threshold=-189.88265159012192 -1088.6646513508674 -0.00019496652740499316 0.0061506810920116482 2664.6606700000007 -1183.6969138862476 0.012761807816742242 0.0079791392912752519 -0.17070044431304926 0.011698543332424488 105659.45259553632 0.0064480201644309398 190.31880197502539 106129.75000000001 106083.54857500001 115631.19100000002 114580.81726131098 0.0057510946764755414 170.27499999999421 0.0034889486899042561 337.57848188155191 804.39074560112942 0.023449971576128558 0.030477139783908692 161.68000000000032 247.34500000000847 1760.5699999999999 107670.38857886393 972.55892857142953 2860.8681510000006
decision_type=2 2 2 2 2 2 2 2 2 2 2 2 2 2 2 2 2 2 2 2 2 2 2 2 2 2 2 2 2 2
left_child=1 5 3 -3 -4 6 -1 8 -7 10 11 12 -2 28 -12 16 18 -18 19 -16 25 -22 -23 -24 -14 -20 27 -10 -13 -30
right_child=9 2 4 -5 -6 7 -8 -9 26 -11 14 13 24 -15 15 -17 17 -19 20 -21 21 22 23 -25 -26 -27 -28 -29 29 -31
leaf_value=2.9503416455547258e-05 0.00013677018994356728 1.013214540516827e-06 -7.7596530058901157e-06 1.8233946888744567e-05 1.8979628942011885e-06 -3.3399700615044607e-05 -1.2676369402832237e-05 -1.567273354482465e-05 -2.4762138586262887e-06 -3.1651624369036168e-05 -6.4373939378913403e-05 -4.9506561627344074e-05 -2.9243334078368286e-05 3.1385032602274627e-06 5.9592267176573627e-06 -2.4767760106110342e-05 3.4245485363398515e-06 -1.491464017781674e-05 4.6600313079620799e-06 -4.2787273133813142e-05 4.8735008968416599e-05 -0.00011075411061440906 1.5622110542032722e-05 -0.00011597634951914717 3.054980355936079e-05 -4.3094909014547971e-05 -2.2249007878981999e-05 2.3185506292453787e-06 2.5291832511706011e-06 -6.01245568221071e-06
leaf_weight=24 23 22 41 23 29 37 44 71 21 124 107 68 21 31 23 198 31 26 26 124 20 41 21 31 20 46 22 23 62 230
leaf_count=24 23 22 41 23 29 37 44 71 21 124 107 68 21 31 23 198 31 26 26 124 20 41 21 31 20 46 22 23 62 230
internal_value=-0.000766872 0.000742296 0.00413043 0.0105556 -1.19209e-09 -0.00086777 0.00235294 -0.00212644 -0.000145632 -0.0011901 -0.000909488 0.000274724 0.00515625 -0.000524298 -0.00168588 -0.00108177 -0.000115682 0.00464912 -0.000933736 -0.00329932 0.000945945 0.0029646 0.000376343 0.00365384 -0.000121952 -0.00222222 0.00257576 0.00522727 -0.00111111 -0.000376714
internal_weight=1630 357 115 45 70 242 68 174 103 1273 1149 455 64 391 694 587 389 57 332 147 185 113 93 52 41 72 66 44 360 292
internal_count=1630 357 115 45 70 242 68 174 103 1273 1149 455 64 391 694 587 389 57 332 147 185 113 93 52 41 72 66 44 360 292
is_linear=0
shrinkage=0.05


Tree=65
num_leaves=31
num_cat=0
split_feature=15 28 7 34 35 19 20 39 32 1 28 21 19 19 5 34 5 40 23 23 19 7 23 22 21 7 26 4 27 26
split_gain=0.550184 0.652065 0.562936 0.496167 0.540311 1.00087 0.437241 0.403022 0.475003 0.458634 0.398114 0.408661 0.732152 1.09984 0.701821 1.00283 0.601242 0.480801 0.404953 0.670174 0.428887 1.2851 0.399214 0.943127 0.390839 0.363636 0.347826 0.327448 0.248529 0.750482
threshold=0.0041177218785879424 -641.20299013989995 -0.0017588787464347098 113908.33532135234 106504.85725000002 845.5550000000004 1040.1549999999991 1544.3100000000011 -5460.8371247366149 84603.315000000017 3376.6374605706737 283.80500000000035 709.32999999999458 616.97000000000128 0.0037872163127371148 115623.77011842003 0.0053869447660002149 -72.782244131631145 -0.10937642811376699 -0.19560712103812986 988.95000000000448 0.0027200853915585349 0.37866200760873708 3371.8405821500005 237.87999999999741 -0.0040628455880593424 105388.92523245535 3292.3134100000002 105716.69250000002 103939.88627399661
decision_type=2 2 2 2 2 2 2 2 2 2 2 2 2 2 2 2 2 2 2 2 2 2 2 2 2 2 2 2 2 2
left_child=1 -1 -3 4 24 -6 7 9 26 25 11 18 13 -13 15 22 -16 -18 19 20 28 -22 -14 27 -4 -2 -9 -24 29 -11
right_child=6 2 3 -5 5 -7 -8 8 -10 10 -12 12 14 -15 16 -17 17 -19 -20 -21 21 -23 23 -25 -26 -27 -28 -29 -30 -31
leaf_value=2.5530419236436414e-06 -2.2198427960080405e-05 -6.3399453171976609e-05 -5.6859078155923362e-06 -9.0727512794364643e-05 1.5759743642244658e-05 -4.3429036499627777e-05 5.9612035826225244e-05 8.9452055278710764e-05 -1.6501602022220673e-05 -1.6814995418026816e-05 6.0081997792111556e-06 -4.401265573564658e-05 -5.7153287557398947e-05 0.00010356921277183494 0.00012952326485750085 3.4103280714898316e-06 -1.6251024329850567e-05 8.9321343775278064e-07 -3.1563779551731336e-05 0.000161695397846145 3.6469180277127207e-06 -0.00015368291103898672 5.7336695118128205e-07 2.9461628107835494e-06 2.4360558648546518e-06 2.0855529448694916e-06 -1.2007488590815286e-05 -1.2350668700452741e-05 -3.8757221221508805e-05 2.2845297508138555e-06
leaf_weight=30 22 52 46 32 22 20 31 23 216 103 32 28 138 25 35 24 41 39 198 26 32 33 21 23 22 22 23 68 170 33
leaf_count=30 22 52 46 32 22 20 31 23 216 103 32 28 138 25 35 24 41 39 198 26 32 33 21 23 22 22 23 68 170 33
internal_value=-0.000828222 0.00147321 0.00041237 0.00204225 0.00363636 0.00809524 -0.00119488 -0.00132727 -0.0030916 -0.000911951 -0.00111787 -0.00128737 -0.000135748 0.00537736 -0.000886891 -0.00226277 0.0023913 -1.19209e-09 -0.00214286 -0.00122166 -0.0017655 0.00192308 -0.0032 -0.000982144 0.000882352 0.00409091 0.00152174 -0.00331461 -0.00254902 -0.000955884
internal_weight=1630 224 194 142 110 42 1406 1375 262 1113 1069 1037 442 53 389 274 115 80 595 397 371 65 250 112 68 44 46 89 306 136
internal_count=1630 224 194 142 110 42 1406 1375 262 1113 1069 1037 442 53 389 274 115 80 595 397 371 65 250 112 68 44 46 89 306 136
is_linear=0
shrinkage=0.05


Tree=66
num_leaves=31
num_cat=0
split_feature=17 1 25 16 11 42 5 5 7 39 25 4 13 39 21 21 11 13 38 36 32 11 11 36 30 32 17 9 9 16
split_gain=0.556275 0.60434 0.738994 0.507276 0.465244 0.459103 0.806746 1.16112 0.865844 0.553185 1.13821 0.491626 0.420472 0.497685 1.29809 0.661906 0.622241 0.561927 0.50819 0.506267 0.434614 0.409756 0.4 0.316357 0.30913 0.791264 0.489147 0.474469 0.448021 0.723268
threshold=0.0096365736546343648 85265.135000000024 -0.75291204738319106 0.011547961059181513 -0.0071795201710518055 -201.24632351720979 -0.0097668486606253564 -0.00019496652740499316 -0.0032367177137095113 1325.0139285714283 -0.35125786713164814 4013.4238700000005 -0.0098149328093894237 911.72214285714142 548.88500000000215 35.725000000005828 0.0067157856927768612 -0.0051692544794608676 83.617535669616203 -4417.2069918660554 2382.2543320202317 -0.020045728822781602 -0.013770339533797032 7775.2416871607065 105398.44004439189 376.66401456439786 0.0063739726604667606 -0.0033099564929497771 0.0013825947871914017 0.0057079354629018704
decision_type=2 2 2 2 2 2 2 2 2 2 2 2 2 2 2 2 2 2 2 2 2 2 2 2 2 2 2 2 2 2
left_child=3 2 -2 5 -4 6 -1 8 11 -9 -11 21 -7 14 15 16 -14 -17 19 -15 -19 -8 -10 24 25 -21 28 -27 -26 -30
right_child=1 -3 4 -5 -6 12 7 9 22 10 -12 -13 13 18 -16 17 -18 20 -20 23 -22 -23 -24 -25 26 27 -28 -29 29 -31
leaf_value=-1.5999007399328692e-05 1.5152950038251534e-05 -1.1107890957465395e-05 7.7869601071155416e-06 8.1726222771437022e-05 -0.00012384899045490141 -3.4260717912338735e-05 -3.671521679816837e-05 -5.944797681121157e-05 2.7591018195020066e-05 -6.4414049406103215e-05 3.0008888969565686e-06 2.0388094507666801e-06 -1.5573908665713822e-06 1.5688266727150499e-06 5.9588068908083793e-06 4.776919140258328e-05 0.00014469464210900505 -5.7536448152503754e-05 3.5833123430142681e-05 0.00012321703843428395 3.9142189279372914e-06 2.1060871211360079e-06 1.3617334061256663e-06 -9.3501522011441138e-05 -3.0215690675824667e-05 2.5118226462123821e-06 -2.2755122473005677e-05 -2.8920909151934242e-05 3.4606220980204411e-05 -3.36545062810267e-06
leaf_weight=37 20 325 29 25 34 140 21 56 20 20 21 21 26 23 22 21 20 142 22 25 28 20 20 110 54 26 162 63 23 54
leaf_count=37 20 325 29 25 34 140 21 56 20 20 21 21 26 23 22 21 20 142 22 25 28 20 20 110 54 26 162 63 23 54
internal_value=-0.000582823 -0.00218137 0.0016265 -4.9101e-05 -0.00103175 -0.000196325 0.00177966 0.0030402 0.0067647 -0.00087629 0.00353658 0.00306451 -0.000681583 -0.000249697 0.00156371 0.000485231 0.00586956 -0.00081152 -0.00108541 -0.00138889 -0.00176471 -0.000121952 0.0125 -0.0017118 -0.0010688 0.00114035 -0.00192833 -0.00106742 0.00034351 0.00279221
internal_weight=1630 408 83 1222 63 1197 236 199 102 97 41 62 961 821 259 237 46 191 562 540 170 41 40 517 407 114 293 89 131 77
internal_count=1630 408 83 1222 63 1197 236 199 102 97 41 62 961 821 259 237 46 191 562 540 170 41 40 517 407 114 293 89 131 77
is_linear=0
shrinkage=0.05


Tree=67
num_leaves=31
num_cat=0
split_feature=15 21 40 20 20 7 18 39 39 18 20 15 9 11 18 21 19 41 30 15 32 24 28 23 23 13 21 42 42 5
split_gain=0.579907 1.06808 0.818755 0.510477 0.812984 0.572034 1.22792 0.590781 0.82818 0.967555 1.00779 0.825975 0.865323 1.1211 1.35387 0.766268 0.504992 0.563125 1.37418 0.684225 0.497368 0.372 0.34672 0.32601 0.687507 0.883205 0.327977 0.400544 1.06156 0.294034
threshold=0.0041177218785879424 551.18499999999779 -593.95139285479661 193.31000000000498 201.18000000000032 0.0067854267876161179 764.99499999999546 1512.4921428571427 1142.224285714286 -212.06499999999502 297.91000000000355 0.0083521563935440545 0.0020126107596774496 -0.0067532823463441862 -212.06499999999502 299.56499999999511 878.04499999999837 249.44082073729615 106121.30282105171 0.0026125465797756631 -465.37152002345096 5071.5241540000015 3150.6783022967652 -0.65988609628037542 -0.50236011575332362 0.0023437831010404181 286.53499999999627 187.19112399034961 61.447937375171868 -0.0010159410057638384
decision_type=2 2 2 2 2 2 2 2 2 2 2 2 2 2 2 2 2 2 2 2 2 2 2 2 2 2 2 2 2 2
left_child=1 2 -1 23 -5 6 7 8 9 10 -6 12 13 15 -15 -10 17 19 -19 -4 -13 -9 -7 -2 25 -25 -26 28 29 -28
right_child=3 -3 16 4 5 22 -8 21 11 -11 -12 20 -14 14 -16 -17 -18 18 -20 -21 -22 -23 -24 24 26 -27 27 -29 -30 -31
leaf_value=5.4201100225078553e-05 -2.406701828267435e-05 1.225268054374281e-05 1.4628138690863419e-06 0.00011040836615410463 -2.7641424151488666e-05 -2.547100341012791e-05 8.8573271438657135e-05 -2.2116835200350357e-05 -2.7482063758965849e-05 -3.464145522522308e-05 2.6209120096624907e-06 1.2979597563198636e-05 -7.5581783528619612e-06 1.568384500355278e-06 0.00024462484718563461 4.9300431589109199e-06 -0.00012539430652519018 -0.00011487541268623362 9.2124727057011263e-06 -1.5757773091948489e-05 -6.890294917967942e-05 9.8622762270482862e-07 2.3799476659192921e-05 5.5582379672167741e-06 -4.4328472619710694e-05 -0.00012660031370690552 5.0496202009079019e-07 -5.9246316926082461e-06 0.00010045719377662438 -0.00015002898088636095
leaf_weight=20 222 20 23 21 22 186 30 93 27 131 37 38 32 21 22 25 49 25 24 63 42 32 27 26 152 24 70 46 23 57
leaf_count=20 222 20 23 21 22 186 30 93 27 131 37 38 32 21 22 25 49 25 24 63 42 32 27 26 152 24 70 46 23 57
internal_value=-0.000889572 0.00147321 0.000392156 -0.001266 -0.000419849 -0.000686276 0.000163042 -0.0004023 0.000541561 -0.00184211 0.00347458 0.00272947 0.00523622 0.00763158 0.0136046 0.00269231 -0.000652175 0.000925925 0.00520408 -0.00151163 -0.00125 -0.0034 -0.00288733 -0.00233871 -0.00148241 0.004 -0.00227012 -0.000918369 0.000333332 -0.00145669
internal_weight=1630 224 204 1406 786 765 552 522 397 190 59 207 127 95 43 52 184 135 49 86 80 125 213 620 398 50 348 196 150 127
internal_count=1630 224 204 1406 786 765 552 522 397 190 59 207 127 95 43 52 184 135 49 86 80 125 213 620 398 50 348 196 150 127
is_linear=0
shrinkage=0.05


Tree=68
num_leaves=31
num_cat=0
split_feature=34 22 25 15 21 36 0 41 24 24 17 13 16 13 21 19 24 20 5 1 32 17 32 25 9 17 5 16 5 0
split_gain=0.426406 0.37291 0.420679 0.466368 0.683236 0.548701 0.480002 0.448901 0.595238 0.410526 0.405987 0.61672 1.67574 0.484161 0.491127 0.504933 0.505763 0.745482 1.04801 1.0025 0.642473 0.61426 0.48935 0.408719 0.346552 0.338959 0.337838 0.266327 0.249813 0.240698
threshold=115948.2534372825 6639.735030750001 2.7814341071890927 0.0041177218785879424 551.18499999999779 -319.26649412274122 109479.82000000002 226.99149001857131 2522.0661342000003 2096.5819420500006 0.0096365736546343648 -0.031221392255850852 0.0078582146843764779 -0.015346401210487222 866.29499999999837 1328.1350000000023 3384.9370041700008 318.98500000000064 -0.0025207079539734498 104638.53500000002 -938.28155847972801 0.0082396334333585241 4865.2563653835541 -0.89015156785323268 -0.004968842065690972 0.0062676616830252543 0.001542860285753141 0.0063195489102657642 -0.010992606224885291 106946.53000000001
decision_type=2 2 2 2 2 2 2 2 2 2 2 2 2 2 2 2 2 2 2 2 2 2 2 2 2 2 2 2 2 2
left_child=1 2 3 4 5 6 -1 -7 -9 -5 11 12 29 -13 15 16 17 20 -19 -20 -15 22 25 -12 -18 26 -22 -21 -17 -11
right_child=-2 -3 -4 9 -6 7 -8 8 -10 10 23 13 -14 14 -16 28 24 18 19 27 21 -23 -24 -25 -26 -27 -28 -29 -30 -31
leaf_value=-1.3525135673039941e-06 -3.1757909873070402e-05 3.2964900978529073e-05 2.1861976448152136e-06 -5.6185365502188782e-05 1.1640046516555702e-05 -4.387199032326682e-05 0.00010529944182344599 6.8666252797706801e-06 -8.4185357302048308e-05 2.5392479031603e-07 3.1610377232620098e-06 -1.0708847253395278e-05 7.8666687791605647e-05 4.5850507636751384e-06 4.3037114671515234e-06 -7.2010673758208229e-08 2.2464738474085262e-06 3.5865710588655266e-06 5.8242866615749969e-05 5.1018553965693182e-07 -4.8840794575786108e-05 0.00011596757588350416 2.4395559284099467e-05 -1.400962229855216e-05 -7.3938125694483599e-05 -4.4198925396595425e-05 8.235161199074096e-05 -7.6399250299441531e-05 -1.9411529735959103e-05 -4.4464364802203507e-05
leaf_weight=21 102 38 37 95 20 79 23 35 40 20 22 103 22 37 33 23 20 20 22 20 37 21 27 318 67 119 37 29 120 23
leaf_count=21 102 38 37 95 20 79 23 35 40 20 22 103 22 37 33 23 20 20 22 20 37 21 27 318 67 119 37 29 120 23
internal_value=-0.000889572 -0.000680629 -0.00080537 -0.000939437 0.00119266 0.000303029 0.00522727 -0.0011039 0.00166667 -0.00131579 -0.00105263 -0.000437501 0.00423077 -0.000850341 -0.00033228 -0.000659434 0.000153508 0.000962058 0.00489011 0.00204225 -0.000323742 -0.00126556 -0.00204546 -0.0025 -0.00327586 -0.00292746 -0.000270271 -0.00193878 -0.00325175 -0.00151163
internal_weight=1630 1528 1490 1453 218 198 44 154 75 1235 1140 800 65 735 632 599 456 369 91 71 278 241 220 340 87 193 74 49 143 43
internal_count=1630 1528 1490 1453 218 198 44 154 75 1235 1140 800 65 735 632 599 456 369 91 71 278 241 220 340 87 193 74 49 143 43
is_linear=0
shrinkage=0.05


Tree=69
num_leaves=31
num_cat=0
split_feature=16 25 25 34 11 38 23 38 13 9 9 3 25 15 42 38 5 38 38 17 5 13 13 23 24 20 5 20 34 35
split_gain=0.496979 0.397757 0.871286 0.808595 0.649497 0.530243 0.567686 1.46009 0.97283 0.631431 0.448589 0.383678 0.839369 0.381738 0.363227 0.954194 1.21247 0.410399 1.46421 1.10554 0.385345 0.817818 0.379259 0.344118 0.339463 0.299058 0.998148 0.337705 0.33832 0.532486
threshold=0.0035725113502153767 0.25640356351995436 0.34414580636328129 107788.13072479055 0.018823759199790565 19.410764472733849 1.0039054020602458 72.983429185866257 -0.024114959841771946 -0.011202135687565009 -0.011202135687565009 84806.005000000019 -0.76762648680811763 0.0054322501665208462 -202.78586378588423 37.69080725264012 -0.00011435044282065653 68.156674966178883 73.218315644584735 0.0064480201644309398 -0.005429804362647366 -0.0023400265738443885 -0.041231615956225265 -0.95422736866703639 3684.6347729000008 460.42000000000559 1.0000000180025095e-35 68.284999999996231 112940.9338084426 106119.54957500003
decision_type=2 2 2 2 2 2 2 2 2 2 2 2 2 2 2 2 2 2 2 2 2 2 2 2 2 2 2 2 2 2
left_child=-1 4 3 -3 10 -4 7 8 9 -7 -2 12 -12 -8 15 22 -17 20 19 -19 21 -16 -13 -20 -10 27 -27 28 29 -22
right_child=1 2 5 -5 -6 6 13 -9 24 -11 11 14 -14 -15 17 16 -18 18 23 -21 25 -23 -24 -25 -26 26 -28 -29 -30 -31
leaf_value=3.5827312843211983e-06 -9.455834058445136e-06 4.7358647910091773e-06 5.0876892655050077e-06 -9.9711510731362429e-06 -2.5335524084587675e-05 -3.2307639549236945e-06 1.0773164675694329e-06 6.60442958160166e-05 -5.8008151697765038e-05 1.7878299487735099e-06 6.5773497910414601e-06 8.7618513276807225e-07 -1.5470127955359405e-06 -1.6652760632848318e-05 2.8053784641485684e-06 2.0952281111024295e-05 4.2103737985128784e-07 0.00020226262822933437 1.5493392824325765e-06 5.4978540663499372e-07 -2.9705788426000272e-05 -1.2930864761845573e-05 -7.5807461415553594e-06 -9.1965428585638622e-05 1.0411908014474257e-06 4.2348634848449797e-06 -4.9161047380060506e-05 -3.7191043440845637e-05 -2.2425955485350392e-05 3.9650475583339928e-06
leaf_weight=28 111 21 20 20 119 22 34 31 80 21 22 27 40 188 20 22 36 25 20 33 37 39 48 65 21 27 33 345 45 30
leaf_count=28 111 21 20 20 119 22 34 31 80 21 22 27 40 188 20 22 36 25 20 33 37 39 48 65 21 27 33 345 45 30
internal_value=-0.000889572 -0.00100499 0.000240173 0.00719512 -0.0015035 -0.000443646 -0.00084383 0.00128571 -0.000833335 0.00546512 -0.00109756 -0.000733043 0.00306451 -0.00252252 -0.00100939 0.00139098 0.0062069 -0.00145341 0.000944055 0.00706896 -0.00204861 0.00177966 -0.00233333 -0.0032353 -0.00351485 -0.00248549 0.000833332 -0.00292123 -0.000535715 0.00171642
internal_weight=1630 1602 458 41 1144 417 397 175 144 43 1025 914 62 222 852 133 58 719 143 58 576 59 75 85 101 517 60 457 112 67
internal_count=1630 1602 458 41 1144 417 397 175 144 43 1025 914 62 222 852 133 58 719 143 58 576 59 75 85 101 517 60 457 112 67
is_linear=0
shrinkage=0.05


Tree=70
num_leaves=31
num_cat=0
split_feature=34 21 4 25 31 31 36 36 21 13 38 39 11 11 42 22 20 20 11 13 38 41 27 19 7 4 13 42 32 7
split_gain=0.461314 0.523816 1.12756 0.681818 0.361915 0.649851 0.371333 0.724434 0.768958 0.657282 0.905357 0.528189 0.411035 0.410642 0.403134 0.651723 0.541483 1.43925 0.803855 0.534458 0.5 0.566098 0.554108 0.399106 0.382233 0.775428 0.580681 0.285386 0.622741 0.259752
threshold=84728.969715055238 131.94999999999712 2850.3891550000003 0.022989591501068083 115631.19100000002 115236.54220000001 3920.0838667710418 6643.2332805749256 340.26000000000209 -0.00063830394736029525 48.299855403992787 1021.2707142857145 0.014076780693930264 0.024259783678914171 -67.079738119053545 1577.1603720000003 451.35500000000326 513.50000000000011 -0.013770339533797032 -0.030794130411900305 35.04588409469072 -662.63481799792032 106418.5445 1401.4349999999979 0.0026402456132349006 1230.8195800000001 0.0030182450022264392 -155.38194061244636 1012.990037217569 0.0027200853915585349
decision_type=2 2 2 2 2 2 2 2 2 2 2 2 2 2 2 2 2 2 2 2 2 2 2 2 2 2 2 2 2 2
left_child=1 -1 -3 -4 5 6 12 8 11 10 -9 -8 14 -11 15 -2 18 -18 -16 20 21 22 -17 -19 -20 -26 -27 28 29 -6
right_child=4 2 3 -5 27 -7 7 9 -10 13 -12 -13 -14 -15 16 19 17 23 24 -21 -22 -23 -24 -25 25 26 -28 -29 -30 -31
leaf_value=-7.7494946249052313e-05 2.9315386054317505e-06 2.3138912824140062e-05 -2.5037817363053703e-05 0.0002245457684172007 -2.4324679809109158e-05 2.6066154455332256e-06 -6.5942516687889264e-05 -7.9771069333657324e-07 1.4981221699996238e-06 -4.4746256698356603e-05 1.7192743646047333e-05 5.9415796570133923e-05 -8.9396888834722697e-06 7.6348432315267858e-06 3.9343107592008788e-05 3.2775797912685052e-05 3.7112657810928689e-06 0.00012550277253197748 -1.0215809264950912e-05 -3.8283345790655833e-05 4.3861608433054087e-06 -4.7602734360296561e-06 -2.6970419169294836e-05 -1.9188030180660102e-05 1.9635038296007259e-05 7.3250308383108149e-06 -3.8712410801709501e-05 -2.1437428619164224e-05 3.4614704882060585e-06 1.279090329379253e-06
leaf_weight=27 22 20 24 20 57 30 29 28 27 133 20 26 168 32 22 37 23 29 189 195 21 59 30 25 20 23 63 191 20 20
leaf_count=27 22 20 24 20 57 30 29 28 27 133 20 26 168 32 22 37 23 29 189 195 21 59 30 25 20 23 63 191 20 20
internal_value=-0.000766872 0.00269231 0.00515625 0.000681817 -0.000971411 -0.000603518 -0.000782147 0.000762711 0.0047561 -0.000774649 0.004375 0.00136364 -0.0012743 -0.00227273 -0.000778365 -0.00197802 0.000329948 0.00409091 -0.000583597 -0.00251462 -0.000238096 -0.00142857 0.00171642 -0.000370372 -0.00127119 0.00113207 -0.000930234 -0.00256945 -0.000360826 -0.0024026
internal_weight=1630 91 64 44 1539 1251 1221 295 82 213 48 55 926 165 758 364 394 77 317 342 147 126 67 54 295 106 86 288 97 77
internal_count=1630 91 64 44 1539 1251 1221 295 82 213 48 55 926 165 758 364 394 77 317 342 147 126 67 54 295 106 86 288 97 77
is_linear=0
shrinkage=0.05


Tree=71
num_leaves=31
num_cat=0
split_feature=39 23 23 27 7 5 15 38 15 24 40 11 28 19 19 22 7 9 27 38 11 11 32 40 40 41 38 21 35 16
split_gain=0.525144 0.424126 1.41047 1.03906 0.783482 1.13437 0.482311 1.31047 0.404268 1.083 0.453186 0.4 0.337606 0.359994 0.690923 0.846235 0.720417 1.27918 1.08932 0.406311 0.698777 1.07443 0.449318 1.16874 0.290122 0.719787 0.9 0.370068 0.227155 0.345689
threshold=535.34142857142854 0.57918602569782596 1.0039054020602458 103598.36100000002 -0.0060174012322594802 0.0024353514969177653 0.0054322501665208462 55.92539544882964 0.0033104115329917233 2855.9017010400007 308.86416527150146 0.012492584073377198 -3100.6779739364206 1357.8550000000034 1114.1800000000005 4175.9088995000011 0.0047099902226954192 -0.0069925914675042933 108967.44675000002 38.95272747364168 -0.013086362375665862 -0.018767608758662051 -938.28155847972801 -702.68860144312191 763.62969227715087 878.01097458359027 72.338982121444374 134.75000000000003 112537.77710000002 0.0073248956013079866
decision_type=2 2 2 2 2 2 2 2 2 2 2 2 2 2 2 2 2 2 2 2 2 2 2 2 2 2 2 2 2 2
left_child=-1 8 3 -3 -5 -6 7 -4 9 10 -2 -7 -10 14 19 16 17 -16 -19 -14 21 -21 23 -22 -24 26 -26 -27 29 -8
right_child=1 2 6 4 5 11 28 -9 12 -11 -12 -13 13 -15 15 -17 -18 18 -20 20 22 -23 24 -25 25 27 -28 -29 -30 -31
leaf_value=3.7209400528571896e-06 -3.5978645912464499e-05 0.00017816909563632088 9.7452918113348742e-06 -8.7047362495466568e-05 1.8377103881078277e-06 -0.000187066100083322 5.7074899293416473e-07 -3.5316851484562165e-05 3.0734069991481179e-05 8.0020693884930481e-06 1.3300242596360404e-05 2.1229929790041993e-05 -2.3231333704480347e-05 -6.3922745457629548e-06 -6.3389433978193292e-06 -9.8312079242031329e-05 -5.3022386550357554e-05 5.6479071973782734e-05 1.2286032548648198e-05 -2.4283634433326669e-05 -3.6573338603323769e-05 2.4913369191172131e-05 -3.2037017936653571e-05 6.2939804422673365e-06 0.00015627469710399018 2.912922208193526e-06 -3.2350560958900019e-06 -7.7349005168516257e-05 -3.935029245406946e-05 -2.7876578340006597e-05
leaf_weight=21 48 31 20 27 24 20 52 23 21 21 20 20 156 204 32 38 37 34 20 28 39 29 338 27 20 30 20 68 70 92
leaf_count=21 48 31 20 27 24 20 52 23 21 21 20 20 156 204 32 38 37 34 20 28 39 29 338 27 20 30 20 68 70 92
internal_value=-0.000950921 -0.00105345 0.00040897 0.00483606 0.00214286 0.00515625 -0.00169261 0.00313953 -0.00150407 0.00174157 -0.00132353 -1.19209e-09 -0.00175723 -0.001875 -0.00145197 0.00152174 0.00353658 0.00604651 0.0107407 -0.00208609 -0.00149416 0.00377193 -0.00204797 0.00181818 -0.00258403 -0.000652175 0.005 -0.00295918 -0.00266355 -0.00152778
internal_weight=1630 1609 379 122 91 64 257 43 1230 89 68 40 1141 1120 916 161 123 86 54 755 599 57 542 66 476 138 40 98 214 144
internal_count=1630 1609 379 122 91 64 257 43 1230 89 68 40 1141 1120 916 161 123 86 54 755 599 57 542 66 476 138 40 98 214 144
is_linear=0
shrinkage=0.05


Tree=72
num_leaves=31
num_cat=0
split_feature=15 38 24 23 20 15 17 17 20 23 21 3 21 21 22 7 5 15 24 19 13 11 24 17 24 7 42 13 24 21
split_gain=0.710413 0.851269 0.982381 0.776655 0.699274 0.439873 0.413547 0.408364 0.525105 0.550974 0.518484 0.441848 0.512121 0.417067 0.601136 0.439909 0.903113 0.436364 0.4 0.33665 0.415211 0.36097 0.653333 0.350229 0.597758 0.779538 0.340361 0.632278 0.48 0.349128
threshold=0.0040483790804720409 50.126270060903195 2821.5544414000005 -0.3982244404407313 68.284999999996231 0.0049144819254793044 0.0052218291762414397 0.0096120718582509822 698.25999999999487 1.0385195392904136 0.12000000000261936 84806.005000000019 226.68000000000032 793.62000000000273 3341.1693380000002 -0.01008966134696331 -0.0083444234641216006 0.0067320331840610053 3040.505568600001 1328.1350000000023 0.048126228547339965 -0.015859474575889123 2905.294142960001 0.0060885445781516849 2096.5819420500006 -0.00080353363275789962 -69.201107114974079 0.0032458241341021777 2686.9099580000006 389.58999999999656
decision_type=2 2 2 2 2 2 2 2 2 2 2 2 2 2 2 2 2 2 2 2 2 2 2 2 2 2 2 2 2 2
left_child=1 2 3 6 -3 -2 -1 8 10 18 -7 12 -9 15 17 -12 -17 -15 -10 20 21 22 -18 24 -23 -26 -25 28 -28 -29
right_child=5 4 -4 -5 -6 7 -8 11 9 -11 13 -13 -14 14 -16 16 19 -19 -20 -21 -22 23 -24 26 25 -27 27 29 -30 -31
leaf_value=1.4874778258947549e-06 -4.0676028792325927e-05 4.4277910062453141e-05 3.6741095892132465e-06 4.9657984380650475e-05 -3.0161502174486024e-05 1.8931534555753151e-06 -0.00013007316202469141 2.8891403768502359e-06 5.5038751100950713e-05 -1.2865852222672999e-05 -1.4222419890349075e-05 -1.3498524023613317e-05 -9.6845721003448174e-06 1.3915820305041004e-06 3.4945266996456545e-05 2.3335047067259844e-06 -1.3893009089403167e-05 -2.5196259526552071e-05 2.001985776451661e-06 -7.8983310460855618e-06 1.8620151671079123e-05 -7.9300960589335969e-05 0.00013946665432963061 -2.5927028482340453e-05 3.9064060429516746e-06 -1.3410507011161413e-06 7.0090156545266294e-05 -3.4997363668062939e-05 -1.5517233854756179e-07 2.8572685668378188e-06
leaf_weight=22 147 28 20 28 90 21 29 33 20 29 99 302 55 20 20 21 30 24 20 115 23 36 20 150 20 31 20 100 30 27
leaf_count=22 147 28 20 28 90 21 29 33 20 29 99 302 55 20 20 21 30 24 20 115 23 36 20 150 20 31 20 100 30 27
internal_value=-0.000981596 0.00168203 0.00510101 0.00259494 -0.00118644 -0.00139066 -0.00107843 -0.00109005 -0.000490869 0.00369565 -0.000848824 -0.0024359 0.000681817 -0.00105598 0.0028125 -0.00139889 -0.000906903 -0.000454547 0.0075 -0.00126246 -0.000687886 -0.00101293 0.003 -0.00149759 0.00132184 0.00480392 -0.00224771 -0.000762713 0.004 -0.0026378
internal_weight=1630 217 99 79 118 1413 51 1266 876 69 807 390 88 786 64 722 623 44 40 602 487 464 50 414 87 51 327 177 50 127
internal_count=1630 217 99 79 118 1413 51 1266 876 69 807 390 88 786 64 722 623 44 40 602 487 464 50 414 87 51 327 177 50 127
is_linear=0
shrinkage=0.05


Tree=73
num_leaves=31
num_cat=0
split_feature=15 24 38 17 22 34 13 25 38 5 36 39 0 13 38 36 41 9 11 40 28 28 4 7 19 36 9 15 4 11
split_gain=0.784333 1.15928 2.62957 0.613418 0.567735 0.753778 0.794451 0.625 0.550133 0.78652 0.642377 0.700354 0.586043 1.08959 0.525159 0.331056 0.653409 0.710227 1.15227 0.312591 0.276405 0.395382 0.444126 0.285463 0.285165 0.295967 0.444207 0.633505 0.892423 0.996154
threshold=0.0041177218785879424 2855.9017010400007 52.136461597198469 0.0064805137922651105 1392.1248095000003 113231.21323926533 -0.0029997298035184896 -0.43241157092299121 20.183904059847233 -0.0028267440719389157 4528.9015344475856 936.25607142857245 108643.95000000003 -0.00028489975653459937 71.65089237606982 8150.955937478845 511.767174352197 -0.0054149619532749254 0.013838059160358405 -2091.747090354736 2020.6077459378578 1882.4265929361284 8318.7136950000004 -0.01095544860003827 2205.089999999997 800.23241285339475 7.8973011203738178e-05 0.0068543392639485385 2774.8187950000006 -0.0016805762441466602
decision_type=2 2 2 2 2 2 2 2 2 2 2 2 2 2 2 2 2 2 2 2 2 2 2 2 2 2 2 2 2 2
left_child=1 3 -3 4 -1 7 -7 -6 9 -2 19 -12 13 -13 -15 16 -14 -18 -19 -10 21 22 23 -21 25 26 27 28 29 -25
right_child=8 2 -4 -5 5 6 -8 -9 10 -11 11 12 15 14 -16 -17 17 18 -20 20 -22 -23 -24 24 -26 -27 -28 -29 -30 -31
leaf_value=-6.8666041407845126e-05 -7.7070612795960597e-06 9.2036474636787184e-06 -4.3157595481866752e-05 -0.00010582062316591428 0.000125610382741934 2.1778018174248772e-05 -6.1481140914403264e-05 1.0682947190873295e-06 2.2951566877788421e-05 1.2028871128564623e-06 6.6280983144385646e-06 5.7728230948484993e-06 -5.2345286100243432e-05 -2.4730133448319681e-05 8.3782672063860054e-05 -0.00010110111381304382 -9.9643800809880313e-06 5.105815193898817e-05 -3.2785776140405188e-06 -6.5103322199729845e-05 -3.478422093098104e-05 0.00012830153925132501 9.3933881022294842e-05 -2.429067525181827e-05 4.7255228369261757e-07 -1.2295247797877466e-05 -1.951180671886243e-05 -3.9945615826529417e-06 3.4848355082092626e-06 6.1813424179537536e-06
leaf_weight=25 21 23 29 46 20 26 35 20 23 22 21 38 46 71 37 63 20 24 20 121 81 20 36 37 33 226 260 134 24 28
leaf_count=25 21 23 29 46 20 26 35 20 23 22 21 38 46 71 37 63 20 24 20 121 81 20 36 37 33 226 260 134 24 28
internal_value=-0.000828222 0.00191964 0.00846154 -5.81407e-05 0.00174603 0.00341584 -8.19684e-05 0.00875 -0.001266 0.00430232 -0.00144167 0.000441175 -0.000141067 0.00219178 -0.000370372 -0.00210983 -0.000454547 0.0028125 0.00636364 -0.00206745 -0.0022 -0.00195321 -0.0021079 -0.00233488 -0.00196766 -0.00217913 -0.00148033 0.000156949 0.00342697 0.000384614
internal_weight=1630 224 52 172 126 101 61 40 1406 43 1363 340 319 146 108 173 110 64 44 1023 1000 919 899 863 742 709 483 223 89 65
internal_count=1630 224 52 172 126 101 61 40 1406 43 1363 340 319 146 108 173 110 64 44 1023 1000 919 899 863 742 709 483 223 89 65
is_linear=0
shrinkage=0.05


Tree=74
num_leaves=31
num_cat=0
split_feature=16 19 26 27 30 30 15 36 13 38 38 21 21 25 5 15 38 32 21 35 9 41 34 23 22 38 21 23 40 40
split_gain=0.465186 0.365962 0.399037 0.915484 0.388497 1.45746 0.677583 0.346262 0.896412 1.52382 0.707509 0.938426 0.565843 1.04277 1.37892 0.90254 0.693993 0.484437 0.525932 0.800103 0.563075 0.568182 0.448148 0.438707 0.389054 0.414079 0.379842 0.332157 0.453631 0.883393
threshold=0.0035725113502153767 382.95000000000442 118190.64078324473 118006.90700000002 115315.46300533622 114670.91940773657 0.0064890992404676362 4528.9015344475856 -0.00028489975653459937 50.556876198650635 71.65089237606982 184.31500000000236 150.33500000000643 -0.84228712390166083 0.00027837525691532401 0.0041177218785879424 52.209522834194736 -4140.3799594194852 237.87999999999741 84934.601475000018 0.00445380053324712 -434.81818037918953 113138.24904948486 -0.3982244404407313 5445.3516315000006 27.791160567768298 77.169999999998268 0.15325072459806877 177.91897867465744 -72.782244131631145
decision_type=2 2 2 2 2 2 2 2 2 2 2 2 2 2 2 2 2 2 2 2 2 2 2 2 2 2 2 2 2 2
left_child=-1 -2 3 4 5 7 -7 12 9 23 -10 -12 22 14 -14 16 -15 24 19 -19 -21 -22 -3 -9 25 -17 -24 -20 29 -29
right_child=1 2 -4 -5 -6 6 -8 8 10 -11 11 -13 13 15 -16 17 -18 18 27 20 21 -23 26 -25 -26 -27 -28 28 -30 -31
leaf_value=3.5360055320032999e-06 -1.3050550697269037e-05 -1.8874810238763129e-05 -3.3827582616369001e-05 1.1510604153218617e-06 -2.9004532314590463e-05 4.838614239713676e-05 1.1847835155551677e-06 -1.1894082610183937e-05 -2.3433735526543596e-05 1.6430133487862044e-05 1.6166718799914217e-05 -2.6926587221483739e-05 6.1700623000227848e-06 2.8991218598770738e-05 -4.1656850650340771e-05 1.8674680621494303e-06 -3.2296444767132334e-06 0.00023940776650859826 -2.3657578768465182e-05 -6.459327936509018e-05 -8.878132897889659e-05 5.4691840638965314e-06 1.5989168311615756e-06 3.2178567372747341e-06 4.3808287144929949e-05 -0.00016418648777083138 -5.6235912784649893e-05 -1.0238754518549625e-05 -2.3785079905396956e-05 0.0001277346985430073
leaf_weight=28 71 243 138 36 134 23 21 27 103 20 31 46 25 24 27 21 29 20 186 45 22 22 22 22 30 25 23 89 57 20
leaf_count=28 71 243 138 36 134 23 21 27 103 20 31 46 25 24 27 21 29 20 186 45 22 22 22 22 30 25 23 89 57 20
internal_value=-0.000674848 -0.000786518 -0.000623777 -0.000369707 -0.000578483 -0.000298448 0.00863636 -0.000631893 0.0010241 0.00586956 -0.000833335 0.00279221 -0.00107527 -0.000249222 0.00653846 -0.000847459 0.00537736 -0.00146183 -0.00207158 0.000963302 -0.00106742 0.00295454 -0.00291667 0.00112245 0.00223684 -0.000652175 0.00166667 -0.00301136 -0.00138554 0.000504586
internal_weight=1630 1602 1531 1393 1357 1223 44 1179 249 69 180 77 930 642 52 590 53 537 461 109 89 44 288 49 76 46 45 352 166 109
internal_count=1630 1602 1531 1393 1357 1223 44 1179 249 69 180 77 930 642 52 590 53 537 461 109 89 44 288 49 76 46 45 352 166 109
is_linear=0
shrinkage=0.05


Tree=75
num_leaves=31
num_cat=0
split_feature=16 21 40 42 20 5 5 20 18 27 3 15 36 7 20 25 32 5 13 17 5 23 15 13 2 9 24 42 20 5
split_gain=0.531845 0.914286 1.37205 1.6 0.439064 0.60809 1.7913 0.813886 1.1415 1.16364 1.11364 0.466666 1.6369 0.450349 0.402516 0.456303 0.513725 0.507221 0.390887 0.583333 0.372212 0.785301 0.366449 0.326298 0.335665 0.433628 0.688219 1.13833 1.03052 0.30303
threshold=0.0047232662749924241 105.13499999999478 461.03307674947433 -28.553472199454472 269.5149999999922 -0.0022497924099173232 -0.0028267440719389157 567.29499999999837 -567.48000000000309 112059.28475000004 101858.55000000002 0.0040483790804720409 -2209.1813167973373 -0.0062721654712133137 1040.1549999999991 -0.64370074160341906 4137.8125953036588 -5.0860884066877462e-05 -0.025427270329277777 0.0098996750402637699 0.00017230546258219587 -0.30331442678518294 0.0080756061154303813 -0.041231615956225265 118068.45000000003 -0.0021460009830904293 2849.6564062000002 -117.05068874935243 153.90500000000614 0.0050257904776585685
decision_type=2 2 2 2 2 2 2 2 2 2 2 2 2 2 2 2 2 2 2 2 2 2 2 2 2 2 2 2 2 2
left_child=1 2 3 -1 11 6 7 8 9 10 -6 12 -2 -13 15 17 18 -7 19 -17 21 -3 -19 -15 25 26 -25 -28 -29 -18
right_child=4 20 -4 -5 5 14 -8 -9 -10 -11 -12 13 -14 23 -16 16 29 22 -20 -21 -22 -23 -24 24 -26 -27 27 28 -30 -31
leaf_value=1.1317402165918386e-05 6.1028321518795622e-05 5.177994393223159e-06 -5.5578292218637894e-05 3.4436297714632097e-07 2.7264020321982959e-05 5.3534943700225101e-06 4.5954606487562715e-06 -1.9170882872710782e-05 -4.7748401811505647e-06 -3.2115741656598536e-06 3.0637133143755259e-06 -3.1999486113028469e-05 -2.6799273943330733e-06 5.2464036748379983e-06 5.6413760794047583e-05 1.6609175136318908e-06 -1.730390673824505e-06 -4.1001909015527716e-05 -1.8403735553681352e-05 -1.5972806371770069e-05 -4.2484566031564239e-05 -3.3196682667760549e-05 1.0808512934836704e-05 -1.9051026898602748e-05 9.907812363312558e-06 -2.0963913281516879e-05 -2.1239673764467668e-06 1.7996665139319746e-05 9.7944551990051984e-05 3.0371173414582913e-05
leaf_weight=20 21 20 23 20 22 22 25 58 46 20 22 177 56 20 24 27 24 34 232 21 48 37 20 63 37 389 40 20 22 20
leaf_count=20 21 20 23 20 22 22 25 58 46 20 22 177 56 20 24 27 24 34 232 21 48 37 20 63 37 389 40 20 22 20
internal_value=-0.000521474 0.00214286 0.00690476 0.0125 -0.000827635 0.000186385 0.00251295 0.000654761 0.00318182 0.0075 0.0120455 -0.00156805 0.00214286 -0.00194011 -0.000872643 -0.00125 -0.0020679 0.00223684 -0.00285714 0.00125 -0.000714287 0.00201754 -0.000370372 -0.0012775 -0.00149737 -0.00181648 0.00051724 0.00353658 0.00928571 0.00295454
internal_weight=1630 168 63 40 1462 617 193 168 110 64 44 845 77 768 424 400 324 76 280 48 105 57 54 591 571 534 145 82 42 44
internal_count=1630 168 63 40 1462 617 193 168 110 64 44 845 77 768 424 400 324 76 280 48 105 57 54 591 571 534 145 82 42 44
is_linear=0
shrinkage=0.05


Tree=76
num_leaves=31
num_cat=0
split_feature=16 20 42 11 28 15 42 21 13 11 11 32 9 13 9 11 7 21 7 41 36 16 4 40 13 28 7 40 39 42
split_gain=0.417349 0.389436 0.703869 1.45818 2.03626 0.558437 0.726211 0.850787 1.04685 0.516746 1.18221 0.627936 0.441253 0.80453 0.482382 0.4 0.380213 0.589624 0.4 0.391791 0.472035 0.88855 0.876587 0.583333 1.60032 0.418133 0.590049 0.37037 0.354901 0.314381
threshold=0.0035725113502153767 193.31000000000498 -161.30017332208195 -0.0067532823463441862 -167.39102947936769 0.010344317266895149 299.16050477684388 224.11000000000061 0.032597209008549129 0.0092328057438569779 0.0068861583511795168 -2563.1569709501487 -0.020056791023157668 -0.044354414785656084 0.0020126107596774496 -0.013448352212004808 -0.010668589364256631 793.62000000000273 -0.00058232435688392004 -964.27695217009693 857.26582612018694 0.0057079354629018704 1504.3319500000002 -368.15139090548467 -0.011232471966773813 1721.586524305196 0.0051774270773462328 550.78980939742917 650.4139285714275 -20.812784001359656
decision_type=2 2 2 2 2 2 2 2 2 2 2 2 2 2 2 2 2 2 2 2 2 2 2 2 2 2 2 2 2 2
left_child=-1 16 3 12 -5 6 9 8 -8 10 11 15 13 -3 -14 -4 -2 19 -19 -18 21 22 -21 24 -23 28 -27 -9 -22 -7
right_child=1 2 5 4 -6 29 7 27 -10 -11 -12 -13 14 -15 -16 -17 17 18 -20 20 25 23 -24 -25 -26 26 -28 -29 -30 -31
leaf_value=2.8854260660915099e-06 -7.4382032843757357e-05 -9.7718298903325189e-06 2.8339979172503663e-06 2.891958427971596e-06 9.7144243751140252e-07 1.2025630849975605e-06 1.9908855089303133e-05 -6.6443996895611639e-06 2.3228698529369558e-06 -1.9531084733008678e-05 5.6425249887536718e-05 -8.4001019426435027e-06 -9.2922872235710669e-06 3.110883066071193e-06 6.2418612786442938e-07 9.7626597760124348e-05 -1.6832611541417309e-05 -1.8800484456803033e-06 5.9564559589799778e-05 4.8741727856888382e-06 3.7707861738639239e-07 -1.7071943048821176e-05 -5.483088560104989e-06 -2.1201538958317489e-05 9.975529116503953e-06 3.1371740756802694e-05 -3.7301389423675734e-05 1.6316808962558126e-06 -3.5635670570921727e-05 -5.3797326254379646e-05
leaf_weight=28 86 23 20 23 31 23 20 24 27 114 31 233 96 31 33 20 63 20 20 24 27 45 21 103 25 30 41 30 224 94
leaf_count=28 86 23 20 23 31 23 20 24 27 114 31 233 96 31 33 20 63 20 20 24 27 45 21 103 25 30 41 30 224 94
internal_value=-0.000337425 -0.000443197 0.000269186 0.00259494 0.00981481 -0.000597485 0.000105972 0.00391089 0.00882979 -0.000813398 0.000263157 -0.000787547 0.00046448 0.00425926 -0.00112403 0.005 -0.0012963 -0.000878695 0.005 -0.00126866 -0.000833335 0.000963302 0.00722222 -0.000664741 0.00285714 -0.00204969 0.00133803 -0.000370372 -0.00300797 -0.00371795
internal_weight=1630 1602 873 237 54 636 519 101 47 418 304 273 183 54 129 40 729 643 40 603 540 218 45 173 70 322 71 54 251 117
internal_count=1630 1602 873 237 54 636 519 101 47 418 304 273 183 54 129 40 729 643 40 603 540 218 45 173 70 322 71 54 251 117
is_linear=0
shrinkage=0.05


Tree=77
num_leaves=31
num_cat=0
split_feature=16 42 28 5 9 40 28 13 5 38 40 7 42 38 11 15 15 20 36 22 38 20 1 13 24 20 25 15 35 3
split_gain=0.396462 0.406282 0.638179 1.01359 1.26276 0.678928 0.604596 0.896315 0.908239 0.391361 0.487738 1.03103 0.979592 0.529819 0.46729 0.821114 0.505176 0.442469 0.417348 0.809352 0.514706 0.499407 0.670855 1.02172 0.412929 0.37335 0.354271 0.448107 0.529361 0.343113
threshold=0.0035725113502153767 -184.08298814297268 -1088.6646513508674 -0.00019496652740499316 -0.0038857781455088115 70.826455346803428 -2282.5837582911549 -0.044354414785656084 -0.0026804915952604877 41.404828433169023 -365.03126765629708 -0.00067573117360961285 124.45501608031635 57.069757520089546 -0.0020136823522337783 0.0050495564796375339 0.0099062253378015674 164.56999999999974 4033.0458105414295 2353.3615480000003 83.617535669616203 737.77999999999895 107100.24500000001 -0.00028489975653459937 3064.8773477000009 527.16500000000099 -0.50734442691872494 0.0033104115329917233 114214.95325000002 84630.685000000012
decision_type=2 2 2 2 2 2 2 2 2 2 2 2 2 2 2 2 2 2 2 2 2 2 2 2 2 2 2 2 2 2
left_child=-1 2 6 4 -4 -5 7 -2 -9 14 11 12 -11 17 15 -3 -17 -13 26 -20 21 22 23 -21 -25 -8 27 -12 29 -29
right_child=1 9 3 5 -6 -7 25 8 -10 10 18 13 -14 -15 -16 16 -18 -19 19 20 -22 -23 -24 24 -26 -27 -28 28 -30 -31
leaf_value=2.7411547627869361e-06 -9.2217613574972014e-06 8.9250228865013811e-06 6.5882685891913129e-07 1.8825262761843603e-06 7.9140900700489373e-06 -7.8393258597305197e-06 -1.1023388224172617e-05 3.591175019471976e-07 3.2860839430802899e-06 3.1809568034787345e-05 1.1481811328264348e-05 3.9885405775910275e-06 2.4499799988389183e-07 1.5733636071812031e-06 -5.6669145891004412e-05 -1.1166294182844173e-05 9.6127156548771159e-06 -5.5955961326470341e-05 3.6447708384840426e-06 6.4576518765945552e-05 1.7838684389135097e-05 4.4955805052846426e-06 -6.2694740298843921e-05 2.0567844996493819e-05 -3.8234618715901362e-05 5.2172623837307811e-07 -8.3363262574165564e-06 2.583433044053824e-06 2.334596707732252e-06 -4.167331401033033e-05
leaf_weight=28 62 23 23 32 24 41 102 31 23 21 21 25 28 29 107 61 23 56 35 22 20 22 118 28 62 26 336 23 36 142
leaf_count=28 62 23 23 32 24 41 102 31 23 21 21 25 28 29 107 61 23 56 35 22 20 22 118 28 62 26 336 23 36 142
internal_value=-0.00018405 -0.000287142 0.00118132 0.00416667 0.00989362 0.000479451 -0.000286886 0.00232759 0.00703704 -0.000718903 -0.000312501 0.0022327 0.0082653 -0.000454547 -0.00266355 -0.000327104 -0.00261905 -0.00253087 -0.000780348 0.000700325 -0.000220589 -0.000833335 -0.00152174 0.00125 -0.00111111 -0.00265625 -0.00159498 -4.50462e-05 -0.000771145 -0.0019697
internal_weight=1630 1602 364 120 47 73 244 116 54 1238 1024 159 49 110 214 107 84 81 865 307 272 252 230 112 90 128 558 222 201 165
internal_count=1630 1602 364 120 47 73 244 116 54 1238 1024 159 49 110 214 107 84 81 865 307 272 252 230 112 90 128 558 222 201 165
is_linear=0
shrinkage=0.05


Tree=78
num_leaves=31
num_cat=0
split_feature=38 36 16 19 26 7 19 23 23 7 30 30 25 17 42 25 25 25 22 16 11 40 40 39 28 38 24 35 17 5
split_gain=0.438794 0.412662 0.409971 0.615005 0.762765 0.713252 0.363685 0.34886 0.840407 0.406871 0.343263 0.995044 1.51083 0.699595 0.502039 0.648649 0.358325 1.2992 1.33089 0.812622 0.476582 0.412623 1.00931 0.429844 0.649002 1.07622 0.769133 0.605316 0.410978 0.956221
threshold=15.76075334978959 -12408.084266514086 0.0047232662749924241 580.06500000000244 115761.34447744302 -5.4607810805789337e-05 382.95000000000442 2.2599649276953611 2.0104028085109902 -0.013088167565841335 115315.46300533622 112940.00828078231 -0.50537153065807183 0.0062869634350315876 -74.580232211044674 -0.040240308524034159 0.15153621923891614 0.46168236631397697 3756.7357082500007 0.0072164122040082965 0.040509909539591479 -702.68860144312191 -560.43272131135006 884.693571428572 -92.806170554933473 38.95272747364168 2705.8316196000001 93314.847975000026 0.0064393108044803644 0.001542860285753141
decision_type=2 2 2 2 2 2 2 2 2 2 2 2 2 2 2 2 2 2 2 2 2 2 2 2 2 2 2 2 2 2
left_child=-1 -2 3 5 -5 -3 -4 8 9 -8 11 16 -13 -14 15 -12 21 18 19 -18 -19 -11 -23 -24 25 -25 -27 -28 29 -26
right_child=1 2 6 4 -6 -7 7 -9 -10 10 14 12 13 -15 -16 -17 17 20 -20 -21 -22 22 23 24 28 26 27 -29 -30 -31
leaf_value=1.3051619246580484e-06 2.1215777758531241e-06 4.0271122755816336e-07 -3.272766779989691e-05 -2.0391989395381262e-05 2.7962827678887968e-06 2.6491427561460703e-06 -2.7537284385063913e-05 -3.93622739202932e-05 4.7856438121834441e-06 -3.1886135735473662e-05 -3.3123577602666374e-06 2.0327901680337578e-06 -5.6164349159429017e-05 3.2638503771529725e-06 -4.5291646342076822e-05 3.2760853494335199e-06 2.0768556474085305e-06 -2.1450125445250395e-05 -5.9448262633776845e-05 8.1355663048585884e-06 2.1384214325462878e-05 5.7065278939270053e-06 -5.0613165843331118e-05 -4.7052545630793107e-05 -4.0331226918775115e-05 -1.2025026237884269e-05 1.5329944143861287e-06 0.00020149407004025756 -1.3259368966494272e-05 0.0001370524406303825
leaf_weight=21 35 35 49 77 25 31 106 64 26 117 74 24 27 38 126 37 31 98 27 28 20 24 57 30 30 25 23 28 274 23
leaf_count=21 35 35 49 77 25 31 106 64 26 117 74 24 27 38 126 37 31 98 27 28 20 24 57 30 30 25 23 28 274 23
internal_value=-0.000276075 -0.000369796 -0.000489201 0.00184524 -0.000588236 0.00560606 -0.000768138 -0.000615329 -0.000436969 -0.000619575 -0.000348838 8.65789e-05 0.00511236 0.00115384 -0.00204641 0.000405404 -0.000449103 0.00137255 0.00604651 0.0102542 -0.0020339 -0.00103804 -0.000428017 -0.000918369 -0.000381064 0.00301887 0.00618421 0.00970588 -0.00148318 0.00254717
internal_weight=1630 1609 1574 168 102 66 1406 1357 1293 1267 1161 924 89 65 237 111 835 204 86 59 118 631 514 490 433 106 76 51 327 53
internal_count=1630 1609 1574 168 102 66 1406 1357 1293 1267 1161 924 89 65 237 111 835 204 86 59 118 631 514 490 433 106 76 51 327 53
is_linear=0
shrinkage=0.05


Tree=79
num_leaves=31
num_cat=0
split_feature=16 21 19 24 17 3 25 25 36 17 16 4 18 19 17 19 4 25 41 23 17 41 11 42 42 27 9 19 20 19
split_gain=0.508597 1.18524 0.952462 0.997617 0.468374 0.414719 0.412955 0.815192 0.417893 0.510409 0.776982 0.565589 0.457438 0.392161 0.77919 0.853899 0.894332 0.803647 0.993339 0.743441 0.715478 1.45385 0.691516 0.566041 0.898491 0.374026 0.337382 0.321173 0.603786 0.318728
threshold=0.0050785404321113956 551.18499999999779 480.68999999999511 2129.4562975000003 0.0052218291762414397 94148.035000000018 -0.98949631173945785 -0.93292014379718646 -12408.084266514086 0.0096365736546343648 0.011547961059181513 8499.7016850000018 1271.6949999999927 1344.4150000000011 0.0090309453616926813 1086.2399999999982 2077.2725450000003 -0.094423671187862837 486.81839293275527 -0.19560712103812986 0.0063345268577412227 -98.572664725672496 0.0051938221975621228 -331.66005910821019 -419.55630481727786 111583.06950000003 0.0013825947871914017 840.94000000000244 285.34500000000122 2037.8799999999976
decision_type=2 2 2 2 2 2 2 2 2 2 2 2 2 2 2 2 2 2 2 2 2 2 2 2 2 2 2 2 2 2
left_child=1 2 3 -1 -2 -4 -6 -8 -9 10 13 12 27 14 15 17 -17 20 25 -18 21 -10 -21 24 -15 -19 -23 28 -11 -25
right_child=4 -3 5 -5 6 -7 7 8 9 11 -12 -13 -14 23 -16 16 19 18 -20 22 -22 26 -24 29 -26 -27 -28 -29 -30 -31
leaf_value=-0.0001323978362470399 -2.4410553306934726e-05 3.4056639159381605e-06 1.7959635178804119e-06 2.2007897134238871e-06 -6.6925555338492884e-05 -3.9917726986679017e-05 2.9931799664152439e-06 2.1687714559859944e-06 4.1208336426769421e-05 -9.0494756215253372e-05 6.794619419071516e-05 2.7060360719437337e-05 4.47635145001119e-06 -3.5327229403695129e-06 6.9809961907867007e-05 6.0315342591303775e-06 -1.1330338368662042e-05 -0.00010674284523044551 3.347628308768918e-06 -1.1038363514826467e-06 -2.3543410728070649e-05 -0.00012881262386382078 4.1201829386344638e-05 -4.0461358750626866e-05 1.1879518528776951e-06 4.1803524206115455e-06 6.8243994994605448e-07 -2.2999651662100863e-05 5.5298375257821812e-06 -2.4307428911234484e-06
leaf_weight=23 53 22 25 27 62 134 20 34 27 53 25 32 21 34 29 26 28 35 32 33 235 40 34 146 22 20 38 218 21 81
leaf_count=23 53 22 25 27 62 134 20 34 27 53 25 32 21 34 29 26 28 35 32 33 235 40 34 146 22 20 38 218 21 81
internal_value=-3.0676e-05 0.00214286 0.00098086 0.007 -0.000389565 -0.000911951 -0.000208025 -1.55775e-05 -0.000174052 -0.000325204 0.000310733 -0.00195652 -0.00260384 5.81383e-05 0.000805891 0.00038321 0.00409091 -0.000667448 0.00362069 0.0018421 -0.00176471 0.00166667 0.00470149 -0.00146643 0.00303571 -0.000454547 -0.00179487 -0.00311644 -0.000270271 -0.00257709
internal_weight=1630 231 209 50 1399 159 1346 1284 1264 1230 885 345 313 860 577 548 121 427 87 95 340 105 67 283 56 55 78 292 74 227
internal_count=1630 231 209 50 1399 159 1346 1284 1264 1230 885 345 313 860 577 548 121 427 87 95 340 105 67 283 56 55 78 292 74 227
is_linear=0
shrinkage=0.05


Tree=80
num_leaves=31
num_cat=0
split_feature=15 23 41 22 7 4 20 35 35 23 23 18 21 19 41 2 24 36 19 5 5 39 31 31 25 19 39 41 13 20
split_gain=0.743207 0.661892 1.14919 1.36752 1.01145 0.533333 0.459412 0.619361 1.00742 1.28448 0.90005 0.973132 0.907808 0.503154 0.751111 0.484217 0.905571 0.384634 0.962791 0.376957 0.369869 0.351086 0.290539 0.577347 0.461111 0.62395 0.930757 0.373257 0.388579 0.332308
threshold=0.0038285997456593327 -0.20183812694672834 90.885342067265256 1800.2747257500002 0.0002748235322186544 2722.1838750000002 275.62999999999744 113954.29270000001 109869.79407500001 0.18261074302552363 -0.59401758763621271 -889.77000000000396 105.13499999999478 2123.5650000000028 166.06952394506143 118068.45000000003 2505.8989305 -3903.6072581465119 1502.9900000000055 0.00064205261847582768 0.016413632501295131 843.39928571428561 110153.16290000001 108847.70900000002 -0.35125786713164814 941.094999999994 1033.8921428571434 16.9785866653169 -0.036034011799400988 136.15500000000614
decision_type=2 2 2 2 2 2 2 2 2 2 2 2 2 2 2 2 2 2 2 2 2 2 2 2 2 2 2 2 2 2
left_child=1 2 21 -4 -5 -3 15 8 10 -10 12 -12 -8 -13 -15 20 -17 18 -9 -14 22 -1 23 24 -2 26 -26 28 -27 -30
right_child=6 5 3 4 -6 -7 7 17 9 -11 11 13 19 14 -16 16 -18 -19 -20 -21 -22 -23 -24 -25 25 27 -28 -29 29 -31
leaf_value=-4.8303038678236451e-05 -1.1529946109889295e-05 -0.00011873614158801633 1.3837706961941113e-05 -8.4232188373043864e-05 5.2327347402286296e-06 3.2581226646172985e-05 2.76583661495163e-06 1.7368516354785241e-06 -2.0042640966149283e-05 3.6288614021414609e-06 2.2923082198991199e-05 -7.8027513990609352e-06 5.2262744135202532e-06 -1.5826521494137265e-05 7.0588569475927185e-05 2.9465304046178994e-05 -0.00013256997526541649 -3.1880406095080801e-06 -7.8251964099470752e-06 -0.00011816553377979097 3.6609835083722994e-06 2.8287851232079236e-06 -2.7492450718158234e-05 1.0225915029144604e-05 -3.0316293069871294e-05 7.0511286895096414e-06 7.5778710863207144e-05 -1.5215040476385592e-05 6.5965014671544014e-07 -0.00021182924956825015
leaf_weight=36 274 40 20 24 28 20 25 20 33 39 33 206 23 25 20 22 25 131 23 25 20 21 258 35 27 21 23 81 25 27
leaf_count=36 274 40 20 24 28 20 25 20 33 39 33 206 23 25 20 22 25 131 23 25 20 21 258 35 27 21 23 81 25 27
internal_value=-0.000276075 0.00267196 0.00468992 0.00888889 0.00461538 -0.00166667 -0.000662735 0.000389717 0.00141026 0.00680555 0.000322128 -0.000950705 0.00527397 -0.00201195 0.00277778 -0.00142005 0.00351064 -0.00212644 0.00197674 0.00125 -0.00171302 -0.000614036 -0.00188716 -0.00119883 -0.00165272 0.000147058 0.005 -0.00142857 0.00116438 -0.00115385
internal_weight=1630 189 129 72 52 60 1441 603 429 72 357 284 73 251 45 838 47 174 43 48 791 57 771 513 478 204 50 154 73 52
internal_count=1630 189 129 72 52 60 1441 603 429 72 357 284 73 251 45 838 47 174 43 48 791 57 771 513 478 204 50 154 73 52
is_linear=0
shrinkage=0.05


Tree=81
num_leaves=31
num_cat=0
split_feature=15 21 23 23 20 21 40 4 26 26 30 30 19 19 5 21 13 22 15 13 21 28 15 32 23 0 0 1 25 25
split_gain=1.07073 1.24552 0.858312 1.5632 0.731671 0.36572 0.355846 0.640147 0.342065 1.86669 0.690484 0.722875 0.402463 0.435956 0.743858 0.979121 0.948671 0.512821 1.2594 0.427015 0.462963 0.410413 1.28333 0.610072 0.355978 0.653333 0.408269 1.1367 0.661315 0.666638
threshold=0.0038285997456593327 458.33999999999656 -0.20183812694672834 -0.44687292771037873 53.985000000000589 2.6849999999976721 -2.0916639244896937 1149.7052050000004 118008.29901781464 117146.57674389753 115269.20141473094 114670.91940773657 427.70999999999918 709.32999999999458 0.00027837525691532401 278.44499999999977 -0.00028489975653459937 6124.0686972500007 0.015658140143071597 0.0030182450022264392 179.96500000000381 3150.6783022967652 0.0097679253752820678 2182.0884027745565 -0.8980303133534524 104879.19000000002 108126.99000000001 107931.72500000002 -0.31894159071597711 -0.19012170123414271
decision_type=2 2 2 2 2 2 2 2 2 2 2 2 2 2 2 2 2 2 2 2 2 2 2 2 2 2 2 2 2 2
left_child=1 2 3 4 -1 -2 -6 -8 9 10 11 12 -7 14 15 16 -14 21 -19 -16 -21 23 -23 24 25 -15 27 28 -26 -30
right_child=5 -3 -4 -5 6 8 7 -9 -10 -11 -12 -13 13 17 19 -17 -18 18 -20 20 -22 22 -24 -25 26 -27 -28 -29 29 -31
leaf_value=3.0853629264981605e-06 1.3908019006426763e-06 7.5726437739957156e-06 -0.00010822947123676839 0.00010244990388974462 -3.9270347533593627e-05 -0.00011766266046557284 4.9877220412081485e-06 -6.6882939520714185e-05 -2.5764198030946102e-05 4.1542409618361611e-06 -2.5991485853025935e-05 2.8561529734554147e-06 7.0766994157016555e-06 -1.9431378959947343e-05 -8.4017215199975697e-05 6.5900348037723362e-06 -5.5863209978063437e-05 0.00013340105353419721 -0.00015882056657648541 2.7560960440933748e-05 -4.9447815400028879e-05 0.00011102108004040561 -0.00011674167403635699 -3.3624980744449135e-05 -2.9821347447205024e-05 5.7989132038003735e-06 -1.0070509699168156e-05 3.3967451739672391e-06 7.0215612270140047e-06 -1.0518749778194286e-06
leaf_weight=20 39 20 47 21 30 56 23 28 143 35 99 35 31 30 48 29 40 23 29 27 27 20 22 145 125 20 148 23 34 213
leaf_count=20 39 20 47 21 30 56 23 28 143 35 99 35 31 30 48 29 40 23 29 27 27 20 22 145 125 20 148 23 34 213
internal_value=-0.000337425 0.00320106 0.00180473 0.00401639 0.00143564 -0.000801528 -0.000679014 0.00186274 -0.000934381 -0.000671169 -0.000996733 -0.000644446 -0.000871561 -0.00064797 0.00143564 0.0045 0.00133803 -0.00115385 0.00365384 -0.00156863 0.00148148 -0.00147436 0.00333333 -0.00174797 -0.0010371 0.003 -0.00140884 -0.000569621 -0.00123656 0.000263157
internal_weight=1630 189 169 122 101 1441 81 51 1402 1259 1224 1125 1090 1034 202 100 71 832 52 102 54 780 42 738 593 50 543 395 372 247
internal_count=1630 189 169 122 101 1441 81 51 1402 1259 1224 1125 1090 1034 202 100 71 832 52 102 54 780 42 738 593 50 543 395 372 247
is_linear=0
shrinkage=0.05


Tree=82
num_leaves=31
num_cat=0
split_feature=39 21 24 39 9 15 36 15 20 23 23 15 24 20 11 5 9 4 20 19 23 15 25 22 21 19 5 39 19 36
split_gain=0.852516 2.77681 1.07925 0.660581 0.721403 0.352782 0.618628 0.587297 0.819107 0.613636 1.12208 0.409305 0.422998 0.532866 0.544072 1.11314 0.544401 1.12201 0.476601 0.619451 1.78292 0.45614 0.367855 0.364138 0.341982 0.34985 0.323008 0.307018 0.452078 0.288781
threshold=911.72214285714142 551.18499999999779 2983.324677000001 569.32714285714258 -0.0095612024292716577 0.011698543332424488 -3579.9376031328425 0.0050291179631466289 280.73999999999802 -0.62230421028373739 0.31433644249539738 0.0049534956483041548 3162.7654955600001 297.91000000000355 0.01428403056353756 0.0027773660700025344 -0.001560775462981855 2208.2900150000005 117.76499999999216 919.50500000000477 -0.43248196400794786 0.0065877449315573508 -0.71453591172249309 2808.6246315000003 866.29499999999837 732.5749999999972 0.0040173887970666516 868.87535714285661 721.71499999999662 3686.6432875367686
decision_type=2 2 2 2 2 2 2 2 2 2 2 2 2 2 2 2 2 2 2 2 2 2 2 2 2 2 2 2 2 2
left_child=1 2 3 -1 -5 6 7 -2 26 -10 -11 -8 13 18 15 16 23 -18 19 20 22 -21 -13 -15 25 -14 -9 -6 -29 -20
right_child=5 -3 -4 4 27 -7 11 8 9 10 -12 12 24 14 -16 -17 17 -19 29 21 -22 -23 -24 -25 -26 -27 -28 28 -30 -31
leaf_value=2.8367783222700638e-06 9.4342996218712164e-06 7.2295171121666955e-06 5.4983803280111228e-06 3.482296380058079e-06 -4.973338944992338e-05 -7.4836169380175362e-06 -3.7462961065099758e-05 -7.3028265091933898e-05 1.2860307624108142e-05 -7.7783711128376082e-06 5.4008491300763881e-05 1.9562039824860879e-06 3.6034915307331967e-06 -5.3601687800020894e-06 -5.1615943349643951e-06 5.7153862896172877e-05 -9.2993801784247362e-05 1.5824593632674292e-06 -7.2120660971418542e-05 5.0078685011774999e-06 2.2953860806877336e-05 -3.1409522165628028e-05 -0.00010197347912455036 9.6615465735688114e-07 8.1349308285407256e-07 -5.4054682699761413e-06 9.2342597772150142e-07 1.0617467281964811e-05 -0.00010344434260043344 -5.0924600447433702e-07
leaf_weight=38 20 27 37 20 164 210 127 85 20 27 28 31 39 33 51 28 20 21 107 24 21 52 26 25 24 202 24 22 28 49
leaf_count=38 20 27 37 20 164 210 127 85 20 27 28 31 39 33 51 28 20 21 107 24 21 52 26 25 24 202 24 22 28 49
internal_value=-0.000398774 0.00184524 0.000501617 -0.000588236 -0.0015812 -0.000981454 -0.000618082 0.00186274 0.00097826 0.005 0.00227273 -0.00119318 -0.000750333 0.00012295 0.00230337 0.00405512 0.00156566 0.00597561 -0.00112903 0.000844155 0.00397436 -0.00236842 -0.000614036 -0.00155173 -0.00235849 -0.00292531 -0.00178899 -0.00242991 0.000999999 -0.00307692
internal_weight=1630 336 309 272 234 1294 1084 204 184 75 55 880 753 488 178 127 99 41 310 154 78 76 57 58 265 241 109 214 50 156
internal_count=1630 336 309 272 234 1294 1084 204 184 75 55 880 753 488 178 127 99 41 310 154 78 76 57 58 265 241 109 214 50 156
is_linear=0
shrinkage=0.05


Tree=83
num_leaves=31
num_cat=0
split_feature=39 21 24 39 9 11 19 19 23 13 11 16 2 32 32 13 22 15 22 28 28 4 7 36 5 1 38 39 19 5
split_gain=0.700311 2.1958 1.07925 0.660581 0.721403 0.417913 0.52393 0.573914 0.770203 0.500756 0.588326 1.38803 0.465151 0.498091 0.947848 0.582223 0.586071 0.81 0.490204 0.367396 1.954 0.385418 0.588235 0.960784 0.704029 0.351722 0.495539 0.307018 0.452078 0.277243
threshold=911.72214285714142 551.18499999999779 2983.324677000001 569.32714285714258 -0.0095612024292716577 0.014076780693930264 495.06499999999511 2480.6999999999975 2.1113743860316809 0.034741200426036928 0.010823941871838036 0.0074946594858683584 120918.52500000001 1820.9373364276764 1645.3058243261114 0.017769910620449702 5445.3516315000006 0.012845991955213654 1927.9042330000004 -92.806170554933473 -221.30551267806729 2681.7113600000007 -0.0062721654712133137 -5201.0113563937912 -0.0024422333730925081 111410.20500000002 79.765498734122261 868.87535714285661 721.71499999999662 0.00035744260030306661
decision_type=2 2 2 2 2 2 2 2 2 2 2 2 2 2 2 2 2 2 2 2 2 2 2 2 2 2 2 2 2 2
left_child=1 2 3 -1 -5 6 -2 8 9 10 12 -12 13 14 15 16 18 -18 -8 20 21 29 -23 -24 -25 26 -7 -6 -29 -20
right_child=5 -3 -4 4 27 25 7 -9 -10 -11 11 -13 -14 -15 -16 -17 17 -19 19 -21 -22 22 23 24 -26 -27 -28 28 -30 -31
leaf_value=2.6949394061565472e-06 -2.8481197454087969e-05 6.8680412565583682e-06 5.2234613116105524e-06 3.3081815610551548e-06 -4.7246719977427206e-05 -3.2330180075218786e-06 3.003194691061873e-06 -6.012976012261178e-06 8.441407391039739e-06 -5.7757155756318646e-05 -3.0563800642795689e-06 9.8326171503293301e-06 4.505000815022804e-06 -8.4122560101303111e-05 6.2713968121471632e-06 4.6500127214128865e-06 9.0385292492945103e-05 -7.5088560706728589e-05 -3.9440407167623607e-06 -2.4632799992634932e-05 1.6683809290514092e-05 -1.5327842134009507e-05 -1.8355413900622844e-05 1.0537747502102413e-06 1.0119925581467069e-06 -3.4634271876273672e-05 4.6305348215733464e-06 1.0086593917866564e-05 -9.8272125470411767e-05 -1.3697179716118985e-05
leaf_weight=38 77 27 37 20 164 165 22 73 20 46 32 27 20 85 23 30 20 25 106 117 25 85 25 21 39 97 24 22 28 90
leaf_count=38 77 27 37 20 164 165 22 73 20 46 32 27 20 85 23 30 20 25 106 117 25 85 25 21 39 97 24 22 28 90
internal_value=-0.000337425 0.00169643 0.000501617 -0.000588236 -0.0015812 -0.000865534 -0.000386906 -5.90775e-05 0.000303029 7.15979e-05 0.00036616 0.00516949 -2.0465e-05 -0.000231418 0.000254776 -0.000123968 -0.000478262 0.005 -0.000943397 -0.00125984 -0.000524298 -0.00144809 0.000294116 0.00323529 0.00666667 -0.00255245 -0.0012963 -0.00242991 0.000999999 -0.00295918
internal_weight=1630 336 309 272 234 1294 1008 931 858 838 792 59 733 713 628 605 575 45 530 508 391 366 170 85 60 286 189 214 50 196
internal_count=1630 336 309 272 234 1294 1008 931 858 838 792 59 733 713 628 605 575 45 530 508 391 366 170 85 60 286 189 214 50 196
is_linear=0
shrinkage=0.05


Tree=84
num_leaves=31
num_cat=0
split_feature=15 21 23 16 16 21 13 25 25 17 18 28 1 21 22 19 24 15 7 30 30 19 4 21 13 24 36 23 7 42
split_gain=0.722082 1.302 0.772125 0.827056 0.802508 0.760925 0.710227 0.354276 0.725681 0.405295 0.473532 0.776951 0.471203 0.457116 0.822787 0.906816 0.501751 0.881976 0.941567 0.796374 0.910483 0.839327 1.28766 0.655185 0.457085 0.444327 0.701299 1.04348 0.432273 0.417137
threshold=0.0038285997456593327 458.33999999999656 -0.20183812694672834 0.0050360529473006 0.004379321240280413 2.6849999999976721 0.010542842176407276 -0.98949631173945785 -0.93292014379718646 0.0098571776470055619 -1117.5600000000047 -2399.0805737219484 83518.270000000004 464.23000000000326 2082.3554515000001 1935.9499999999973 2096.5819420500006 0.0074299003946631812 -0.0098395197810789998 115269.20141473094 113036.61022079147 837.25000000000011 1657.2101450000002 119.4850000000006 0.044421510738439342 2949.2216843000001 7747.3097360143738 0.39341858683614045 0.011781111432958789 -11.931723300304894
decision_type=2 2 2 2 2 2 2 2 2 2 2 2 2 2 2 2 2 2 2 2 2 2 2 2 2 2 2 2 2 2
left_child=1 2 3 4 -1 -2 -5 -7 -9 10 -10 -12 -11 16 -15 25 -13 18 -18 20 21 22 29 -24 -19 -16 27 -27 -23 -20
right_child=5 -3 -4 6 -6 7 -8 8 9 12 11 13 -14 14 15 -17 17 24 19 -21 -22 28 23 -25 -26 26 -28 -29 -30 -31
leaf_value=1.3873628642442225e-06 7.8450245571867408e-07 6.5073899151028989e-06 -9.9894010554760302e-05 -1.2288822000199832e-05 1.4774911610255878e-05 -7.4792261029529438e-05 8.576339408627328e-06 4.3243212095053936e-06 -8.4684533574897235e-06 7.1097534633593473e-07 3.3372204872045291e-06 -8.4030179174774132e-05 -7.5438500770465876e-06 3.5880504467941057e-06 -8.3484235560591326e-05 5.2281407750252409e-05 5.7094644095538665e-06 -8.3040294598468617e-06 -5.8395224824418067e-05 -3.6890290203022184e-05 8.9581186609948954e-06 -5.7184939225099597e-06 3.0854094812211545e-06 3.8345368858928196e-05 4.0044877017375257e-06 1.0535908448909903e-05 -5.7849539913858665e-05 -3.1070170278104265e-05 1.3342732240968152e-05 1.8472439220542461e-06
leaf_weight=36 39 20 47 44 22 63 20 22 79 36 36 79 287 26 62 40 21 196 37 89 29 102 21 23 31 27 27 23 20 26
leaf_count=36 39 20 47 44 22 63 20 22 79 36 36 79 287 26 62 40 21 196 37 89 29 102 21 23 31 27 27 23 20 26
internal_value=3.06737e-05 0.00293651 0.00150887 0.00360656 0.00793103 -0.000350452 -0.000312501 -0.000542084 -0.00036968 -0.000520123 -2.01219e-05 0.000300545 -0.00205882 5.68709e-06 0.00207317 0.000865921 -0.000623147 -0.000126052 0.00138587 0.000763688 0.00217054 0.00111354 0.00434579 0.0109091 -0.00257709 -0.00104317 0.00149351 0.005 -0.00172131 -0.000238096
internal_weight=1630 189 169 122 58 1441 64 1402 1339 1317 994 915 323 879 205 179 674 595 368 347 258 229 107 44 227 139 77 50 122 63
internal_count=1630 189 169 122 58 1441 64 1402 1339 1317 994 915 323 879 205 179 674 595 368 347 258 229 107 44 227 139 77 50 122 63
is_linear=0
shrinkage=0.05


Tree=85
num_leaves=31
num_cat=0
split_feature=22 23 17 13 7 21 11 18 42 11 24 38 35 20 41 21 38 38 17 9 21 24 4 15 23 5 21 38 39 16
split_gain=0.682178 0.892442 1.12708 0.56263 0.429501 0.37169 0.512121 0.421842 0.371667 0.95228 0.71136 0.708759 0.922004 0.505313 0.402844 0.429297 0.37516 1.83203 0.564745 0.458434 0.753738 0.57098 0.698751 1.46812 0.645551 0.610374 0.602469 0.416901 0.326457 0.481482
threshold=1790.2641252500005 -0.20183812694672834 0.0057470637417273542 0.0053090282715082798 0.0049675368649296199 2.6849999999976721 0.0034067015393937396 -1278.4799999999884 -201.24632351720979 0.0023656244869520626 2890.1115249400004 23.394404365901774 112984.90320000002 1040.1549999999991 -1276.8295468660147 107.02000000000409 71.235143750574977 72.338982121444374 0.0062022422383596586 -0.001560775462981855 917.28000000000623 2912.1852059600005 1848.0534900000002 0.0060430156573444112 0.24148232114255289 -0.005429804362647366 184.31500000000236 87.30152746057405 897.29321428571313 0.0056869413936833256
decision_type=2 2 2 2 2 2 2 2 2 2 2 2 2 2 2 2 2 2 2 2 2 2 2 2 2 2 2 2 2 2
left_child=1 2 -1 -3 -5 6 -2 -7 9 10 11 -9 -13 16 -12 -16 19 -18 -19 20 21 25 23 -23 26 -10 -24 -20 -21 -30
right_child=5 3 -4 4 -6 7 -8 8 13 -11 14 12 -14 -15 15 -17 17 18 27 28 -22 22 24 -25 -26 -27 -28 -29 29 -31
leaf_value=3.1089714966491434e-07 1.2671012705782995e-06 -4.8115437069290153e-05 5.688606870782251e-05 1.6861141999585959e-06 -5.0109504896465217e-05 -9.4641915213113659e-06 -1.3769800234814031e-06 3.3094787172265991e-06 3.3766261153840159e-06 3.5017899560174163e-06 8.3507650142544911e-06 -1.8318836225015481e-05 4.1247581308322508e-06 4.881525871190641e-05 3.1135110063530919e-07 -3.1375868227258493e-06 0.00012741236173963456 0.00011475325946306506 -5.0243027506947063e-06 -4.3647714858011094e-05 5.1422912408659067e-05 -6.6813204503936353e-05 1.0471671974885635e-06 4.3118529276825283e-06 0.0004569762458763515 -2.2228068412625735e-05 -5.1770819194963167e-05 7.6505142030953672e-06 6.2561028966757676e-06 -7.6989084174138235e-06
leaf_weight=24 20 52 23 20 21 90 24 20 29 26 27 34 20 21 22 130 28 21 151 92 21 20 20 21 20 109 61 20 51 392
leaf_count=24 20 52 23 20 21 90 24 20 29 26 27 34 20 21 22 130 28 21 151 92 21 20 20 21 20 109 61 20 51 392
internal_value=-0.000122701 0.00321428 0.00882979 0.000376343 0.0047561 -0.000436243 0.00409091 -0.000573998 -0.000353983 0.0012724 0.000335967 0.00445946 0.00148148 -0.000775303 -0.00136872 -0.00236842 -0.000928031 0.00090909 -0.000833335 -0.00141148 0.0001495 -0.000535715 0.00169014 0.00719512 -0.000544556 -0.00282609 -0.00253087 -0.00178363 -0.00228972 -0.00172686
internal_weight=1630 140 47 93 41 1490 44 1446 1356 279 253 74 54 1077 179 152 1056 220 192 836 301 280 142 41 101 138 81 171 535 443
internal_count=1630 140 47 93 41 1490 44 1446 1356 279 253 74 54 1077 179 152 1056 220 192 836 301 280 142 41 101 138 81 171 535 443
is_linear=0
shrinkage=0.05


Tree=86
num_leaves=31
num_cat=0
split_feature=21 7 42 9 25 18 5 5 21 15 36 0 15 9 25 19 42 18 42 18 22 38 38 13 13 15 15 42 21 15
split_gain=0.821149 0.903257 0.327114 0.772193 1.42409 2.28695 0.586138 1.21374 0.942308 0.476628 0.855055 0.773036 0.628551 0.808173 0.642095 0.465979 0.436456 0.477926 0.517759 0.836388 0.404196 0.37141 0.851147 0.392242 0.427567 0.28157 0.443943 0.952778 0.279408 0.26911
threshold=2.6849999999976721 0.0074861296049119064 -189.88265159012192 0.0020126107596774496 -0.44816712112727569 570.08500000000652 1.0000000180025095e-35 -0.0028267440719389157 313.01999999999686 0.0067512123621049913 -4804.7089960456788 100051.96000000001 0.006469428381063444 0.0045945433266660488 1.2452622093389094 1268.6849999999979 -90.315306639275079 -267.40499999999878 27.141896531058723 271.87999999999744 4712.9094040000009 68.156674966178883 72.338982121444374 0.0084434903698383194 0.0065024865134270535 0.0075376608514298388 0.0082658941808390063 217.8048627984349 98.195000000006999 0.0055897253672971287
decision_type=2 2 2 2 2 2 2 2 2 2 2 2 2 2 2 2 2 2 2 2 2 2 2 2 2 2 2 2 2 2
left_child=1 -1 3 6 -5 -6 7 20 -9 10 11 -4 14 -14 15 21 -11 28 19 -19 -2 23 -23 24 29 -20 27 -27 -18 -12
right_child=2 -3 9 4 5 -7 -8 8 -10 16 12 -13 13 -15 -16 -17 17 18 25 -21 -22 22 -24 -25 -26 26 -28 -29 -30 -31
leaf_value=1.2213195649516058e-06 -6.0335769860634719e-06 -2.3986723464345865e-05 4.6312030715799614e-07 -3.0239806302938336e-06 3.3623521998974226e-06 -1.9825004624139986e-07 -8.2864215745898429e-06 1.2356376747663586e-05 2.6923941130237872e-07 -0.0001217693021117223 -9.2849729595524416e-06 4.9248852131980436e-06 3.9877829744461657e-06 -1.5370714089123817e-05 8.7076580599001471e-06 -6.6443778024054024e-05 -1.1952348205409674e-06 5.4103592764894707e-06 -2.406155064549339e-05 -1.1979637545981806e-05 3.3565900912532917e-05 0.00012385693850910329 -4.5711877348347189e-06 -7.6162920579269614e-05 4.4830063822037493e-06 -3.395915438218107e-06 -5.5420014265447992e-06 3.9853371503654702e-06 -7.2664849981095745e-06 4.2422670096573587e-06
leaf_weight=31 110 20 27 31 22 27 90 26 26 106 191 22 20 32 26 81 24 31 42 24 20 34 60 91 23 24 167 21 131 50
leaf_count=31 110 20 27 31 22 27 90 26 26 106 191 22 20 32 26 81 24 31 42 24 20 34 60 91 23 24 167 21 131 50
internal_value=-0.000460124 0.00578431 -0.000661812 0.000681817 0.005 0.0103061 -0.000588236 0.00104395 0.0075 -0.00104727 -0.000129377 0.00622449 -0.000641449 0.00461538 -0.00113309 -0.00150944 -0.00210526 -0.00144397 -0.000307445 0.00409091 -0.00153846 -0.000879734 0.00191489 -0.00161972 -0.000643941 -0.00125984 -0.000518869 0.00388889 -0.00370968 -0.00126556
internal_weight=1630 51 1579 352 80 49 272 182 52 1227 657 49 608 52 556 530 570 464 309 55 130 449 94 355 264 254 212 45 155 241
internal_count=1630 51 1579 352 80 49 272 182 52 1227 657 49 608 52 556 530 570 464 309 55 130 449 94 355 264 254 212 45 155 241
is_linear=0
shrinkage=0.05


Tree=87
num_leaves=31
num_cat=0
split_feature=21 7 17 38 38 13 35 16 28 28 21 31 22 22 21 4 20 39 17 19 11 40 20 42 20 4 26 21 20 38
split_gain=0.734804 0.903257 0.63741 0.500356 0.461077 0.674968 0.618573 0.485798 1.28689 0.697471 0.810326 1.42352 0.555758 0.644628 0.491736 0.9909 0.483134 0.488715 0.694623 0.39985 0.395422 0.366366 0.396625 0.572184 0.976814 1.07675 0.575823 0.555151 1.17664 0.61317
threshold=2.6849999999976721 0.0074861296049119064 0.0071130199607111625 21.128897979964744 32.397062091649794 -0.021484496744013048 86382.633950000018 0.0058173535605015791 -641.20299013989995 -214.0089779719128 237.87999999999741 110234.9654 1918.3982940000001 2622.2424367500007 105.13499999999478 1589.6086850000002 224.76000000000207 1290.2285714285704 0.0064277583196702178 574.70999999999924 0.00452441631786029 -2091.747090354736 196.06499999999508 -176.63815200975816 357.14500000000413 2774.8187950000006 101403.56642479902 197.55000000000294 318.98500000000064 69.519943004402947
decision_type=2 2 2 2 2 2 2 2 2 2 2 2 2 2 2 2 2 2 2 2 2 2 2 2 2 2 2 2 2 2
left_child=1 -1 3 -2 -5 -6 -7 8 -8 -10 14 -12 -9 -14 15 -11 19 18 -18 -15 -13 -4 -23 24 25 -24 -25 28 -28 -29
right_child=2 -3 21 4 5 6 7 12 9 10 11 20 13 16 -16 -17 17 -19 -20 -21 -22 22 23 26 -26 -27 27 29 -30 -31
leaf_value=1.1602535867040162e-06 2.6492666295415333e-06 -2.2787387291128571e-05 9.0010351183812821e-06 -9.5249197882094834e-05 3.3356627183157973e-06 4.9576861159877562e-06 3.747757546808035e-06 5.2944335638408059e-06 -5.3954534795227029e-05 2.0519919339192851e-05 0.00010730939150678265 1.3991019450998123e-06 -3.4572710047544646e-05 2.5541840727508447e-07 -2.1843425787025674e-05 -9.7128298514013878e-05 -4.4387632007835123e-06 -2.4608429766331117e-06 4.2384856064401915e-05 -8.6303395895813938e-05 -2.5724439776896811e-05 -4.8594823111488293e-06 1.95657748928441e-06 -2.1100990665597652e-05 -3.7371250270301929e-07 3.7101637059809756e-06 -9.2123664295106525e-05 -1.7060758556312367e-05 5.1398439726896595e-06 1.3035567922551975e-05
leaf_weight=31 23 20 26 65 20 38 30 21 44 23 20 22 144 22 53 20 25 29 22 72 24 348 30 175 78 21 27 95 31 31
leaf_count=31 23 20 26 65 20 38 30 21 44 23 20 22 144 22 53 20 25 29 22 72 24 348 30 175 78 21 27 95 31 31
internal_value=-0.000122701 0.00578431 -0.000313491 0.000788004 0.000547549 0.000961843 0.000665023 0.000253939 0.00199152 0.000582523 0.00209876 0.00636364 -0.00097015 -0.00149682 -0.000833335 0.00313953 0.000588234 0.00355263 0.00670213 -0.00180851 0.00152174 -0.0012297 -0.00141148 -0.000491804 0.00236434 0.0077451 -0.00151811 0.000434781 0.00448276 -0.00142857
internal_weight=1630 51 1579 717 694 629 609 571 236 206 162 66 335 314 96 43 170 76 47 94 46 862 836 488 129 51 359 184 58 126
internal_count=1630 51 1579 717 694 629 609 571 236 206 162 66 335 314 96 43 170 76 47 94 46 862 836 488 129 51 359 184 58 126
is_linear=0
shrinkage=0.05


Tree=88
num_leaves=31
num_cat=0
split_feature=17 16 32 19 13 30 32 36 36 40 13 13 11 4 23 17 23 24 40 25 34 21 21 7 19 25 40 21 22 40
split_gain=0.535541 1.14685 0.498275 0.467107 0.659094 1.70961 0.80682 0.437191 0.926924 0.973962 0.734381 1.46833 0.878949 0.927198 0.528102 0.470286 0.480237 0.35711 0.622222 0.34992 0.325638 0.334026 0.623557 0.595833 0.645691 0.808595 0.427501 0.51384 0.855556 0.366007
threshold=0.0096365736546343648 0.011547961059181513 -5460.8371247366149 2658.9399999999955 -0.031221392255850852 111557.75669516368 -2946.0876540890672 2724.6023793261634 7775.2416871607065 1368.4955631916239 0.0017517860143754259 -0.0021261297430250404 -0.0051041626588509154 1794.2445200000002 -0.88043865569325186 0.006161477026817689 -0.14167837241433959 3111.2023795600003 1921.9172664863802 -0.89015156785323268 115266.75148245241 105.13499999999478 89.224999999991283 -0.00017331653704094729 928.54000000000099 -0.63066902455826968 346.73220267851872 443.16500000000093 2167.2093627500003 142.55553170663919
decision_type=2 2 2 2 2 2 2 2 2 2 2 2 2 2 2 2 2 2 2 2 2 2 2 2 2 2 2 2 2 2
left_child=1 3 -2 4 5 -1 -6 20 9 10 11 12 -9 -14 -12 16 -16 18 -10 -4 21 22 23 -8 25 -25 27 29 -29 -23
right_child=2 -3 19 -5 6 -7 7 8 17 -11 14 -13 13 -15 15 -17 -18 -19 -20 -21 -22 26 -24 24 -26 -27 -28 28 -30 -31
leaf_value=2.3696252987434317e-05 2.6425061616901948e-05 6.144413546080062e-05 2.1711825574192523e-06 -1.0342827395378624e-05 8.450967802912279e-06 -4.332488820417926e-05 -6.2719087404455873e-05 -2.0385205309691359e-06 3.6697441111025014e-06 1.8150695598429558e-05 9.820606745419116e-06 3.6976649006467376e-05 -4.4709880524079627e-06 3.9812432950441416e-06 -7.6847299061905385e-05 -6.6174930053947967e-06 7.9514219575518966e-05 -7.2484126144651195e-05 -7.4463551684293865e-05 -8.0700143846738659e-06 -7.2870641521651609e-05 -2.586417528088085e-06 4.5086018169705017e-06 -3.6124251092431144e-07 -3.2431196006292219e-05 8.3032524004852612e-05 -8.8616382253960195e-05 5.0297131868921193e-06 -1.2863335454726451e-06 4.467845241139203e-06
leaf_weight=37 41 25 23 42 20 39 64 58 35 23 21 28 28 24 22 100 24 85 28 344 48 177 21 20 25 21 92 21 45 49
leaf_count=37 41 25 23 42 20 39 64 58 35 23 21 28 28 24 22 100 24 85 28 344 48 177 21 20 25 21 92 21 45 49
internal_value=-0.000122701 0.000400981 -0.00169118 0.000179615 0.000367964 0.00486842 5.09719e-05 -0.000136923 0.000987394 0.00246951 0.00172131 0.00442029 0.00181818 0.00653846 -0.000508983 -0.00157534 0.00260869 -0.0022973 0.000555554 -0.00227521 -0.00105489 -0.000700936 0.00129139 -1.19209e-09 0.00333333 0.00719512 -0.00148438 -0.000547946 0.00333333 -0.00168142
internal_weight=1630 1222 408 1197 1155 76 1079 1059 476 328 305 138 110 52 167 146 46 148 63 367 583 535 151 130 66 41 384 292 66 226
internal_count=1630 1222 408 1197 1155 76 1079 1059 476 328 305 138 110 52 167 146 46 148 63 367 583 535 151 130 66 41 384 292 66 226
is_linear=0
shrinkage=0.05


Tree=89
num_leaves=31
num_cat=0
split_feature=17 25 31 1 26 24 30 36 20 7 38 21 21 28 32 7 28 11 1 16 28 9 17 36 17 23 4 42 17 3
split_gain=0.522152 0.790306 0.645729 0.774452 1.0052 0.723075 0.715347 0.614195 0.673878 0.590162 0.831033 0.589324 0.647009 0.585321 1.81291 1.02474 0.942554 0.579832 0.482031 0.446502 0.527139 1.63902 0.441688 0.922522 0.445323 0.415385 0.361378 0.296724 0.4662 0.30303
threshold=0.010073168242983991 -0.87891036813511603 117747.27960000002 118054.85500000001 117838.20073099392 4368.5573836500016 105576.19325170277 -2730.4478887055006 60.679999999993022 0.0014932667298823883 37.864794390132502 839.60499999999604 540.51000000000215 -302.23097955896804 339.89213196640054 -0.0060174012322594802 165.99806266567614 0.0086127476888856313 81785.580000000002 0.0060308752602135224 -617.35390723329317 -0.005122056496208849 0.0072789761191661721 4166.1204741469492 0.0064277583196702178 0.44136422642786882 3210.9926200000004 -89.60702720711204 0.0069759174584091222 118002.99500000001
decision_type=2 2 2 2 2 2 2 2 2 2 2 2 2 2 2 2 2 2 2 2 2 2 2 2 2 2 2 2 2 2
left_child=2 -2 3 5 -5 6 11 8 -8 10 -10 12 13 25 -15 -16 -17 -6 -3 20 21 -9 23 -18 -25 -1 -22 28 29 -4
right_child=1 18 27 4 17 -7 7 19 9 -11 -12 -13 -14 14 15 16 22 -19 -20 -21 26 -23 -24 24 -26 -27 -28 -29 -30 -31
leaf_value=-2.0913713377454827e-05 4.9759194283678908e-06 2.5103821979831416e-05 2.8582207540978329e-06 2.58332418110311e-06 8.4195533279549632e-06 4.3363731274685127e-06 5.3373479097983402e-06 -2.7114156236991821e-05 -7.8336203618552544e-07 -7.7348777376393704e-05 1.7314631597500348e-05 6.4042118768482876e-05 -1.6354052785623921e-05 0.00014035935225853923 2.9076347430893567e-06 2.6868914094802513e-06 -6.8818081598248453e-05 -0.00013372868864244155 -7.7265500986045451e-06 -1.9466157006951039e-05 -3.6559165657417669e-06 2.3593648518754186e-06 -3.1713668366023171e-05 -1.5457445108978754e-07 0.00012208496714289385 1.9852162612663055e-06 2.4195928857918378e-06 -7.5796350462739767e-06 -1.168555418431415e-05 -4.7929043326221147e-07
leaf_weight=78 20 21 20 32 28 26 24 21 42 35 27 20 38 27 20 23 37 23 271 229 203 20 106 22 24 20 20 77 52 24
leaf_count=78 20 21 20 32 28 26 24 21 42 35 27 20 38 27 20 23 37 23 271 229 203 20 106 22 24 20 20 77 52 24
internal_value=-0.000276075 -0.00211539 0.000159331 0.000589518 0.00524096 0.000225988 1.93038e-05 -0.00105475 0.00203125 0.00028846 0.00297101 0.0016265 0.00120253 0.00186274 0.00310811 0.00168103 0.000660376 0.000882352 -0.00277397 -0.00185598 -0.000454547 0.0047561 -0.000502647 0.00222891 0.00695652 -0.00142857 -0.00141256 -0.00268786 -0.000833335 0.00295454
internal_weight=1630 312 1318 1145 83 1062 1036 621 128 104 69 415 395 357 259 232 212 51 292 493 264 41 189 83 46 98 223 173 96 44
internal_count=1630 312 1318 1145 83 1062 1036 621 128 104 69 415 395 357 259 232 212 51 292 493 264 41 189 83 46 98 223 173 96 44
is_linear=0
shrinkage=0.05


Tree=90
num_leaves=31
num_cat=0
split_feature=42 9 28 18 5 15 9 38 17 35 19 15 15 17 15 32 42 21 23 32 19 36 24 39 22 13 25 18 9 22
split_gain=0.358899 0.887233 1.62037 0.52069 1.38192 0.918522 0.403978 0.70455 0.672295 0.84834 0.52124 0.4708 0.622649 0.464887 0.588502 1.07171 0.930957 0.598291 0.920196 1.08333 0.494505 0.423828 0.404107 0.383472 0.374308 0.27 0.266539 0.409756 0.253499 0.263585
threshold=-158.78526931912137 0.0062504682889207921 -898.51346751052176 22.989999999997966 -0.0028267440719389157 0.0068006276033432652 0.0019103707755490629 78.132153405285862 0.0063010846251495842 105690.57607500002 2577.6950000000002 0.0055897253672971287 0.0065590703594793484 0.0057470637417273542 0.0083521563935440545 -2906.5408120004572 244.54511597004179 134.75000000000003 -0.65988609628037542 455.04698237464623 693.62999999999749 -4804.7089960456788 2345.0000751000002 1915.9585714285724 4712.9094040000009 0.0048337779460482832 0.97047635876738381 704.90499999999895 -0.0023193327478038287 2578.0712452500006
decision_type=2 2 2 2 2 2 2 2 2 2 2 2 2 2 2 2 2 2 2 2 2 2 2 2 2 2 2 2 2 2
left_child=1 3 -3 4 24 -6 7 13 9 -8 23 -11 -13 -2 15 -15 17 18 25 -20 -16 -19 -23 26 28 -17 -10 -28 29 -1
right_child=6 2 -4 -5 5 -7 8 -9 10 11 -12 12 -14 14 20 16 -18 21 19 -21 -22 22 -24 -25 -26 -27 27 -29 -30 -31
leaf_value=-1.5639746304080801e-05 -2.0878913593411669e-05 -2.3003683482896131e-05 2.6683440742905102e-06 -5.6487780119159086e-06 4.8851765733607961e-06 4.9022595801134211e-07 1.4253635556236663e-05 1.9909683189929972e-06 -1.9031787722838229e-05 -2.1680355768778752e-05 8.2748220777222348e-06 1.3940917553615837e-05 -2.5694908123026974e-05 4.8925041818367965e-05 8.893909745271593e-07 -1.4978351413642153e-05 4.7856538629721246e-05 6.8592814568189941e-05 -9.2549539815109565e-07 4.2854922407480773e-05 -2.5655674151522625e-05 2.1280129776006545e-06 -8.6519917976788784e-06 1.9148936757571252e-06 2.7828526566309655e-05 6.3234189520879259e-06 6.051194540249036e-06 -7.9488876438600726e-05 3.2160672276403224e-07 -6.6825662115537543e-06
leaf_weight=26 87 27 36 135 38 40 30 22 331 74 30 27 35 20 30 30 28 20 27 25 126 24 149 28 21 20 20 21 20 83
leaf_count=26 87 27 36 135 38 40 30 22 331 74 30 27 35 20 30 30 28 20 27 25 126 24 149 28 21 20 20 21 20 83
internal_value=-0.000613498 0.000633802 0.00611111 -0.000316806 0.00114035 0.00653846 -0.00105482 -0.000148028 -0.00197987 0.00072289 -0.00302326 -0.000955884 0.00225806 -0.000477817 0.000110219 0.00126822 0.000572754 -0.000254238 0.00284314 0.0075 -0.0024359 -0.00189119 -0.00268786 -0.0035 -0.00166667 -0.002 -0.00392473 -0.000121952 -0.00267442 -0.00362385
internal_weight=1630 426 63 363 228 78 1204 608 596 166 430 136 62 586 499 343 323 295 102 52 156 193 173 400 150 50 372 41 129 109
internal_count=1630 426 63 363 228 78 1204 608 596 166 430 136 62 586 499 343 323 295 102 52 156 193 173 400 150 50 372 41 129 109
is_linear=0
shrinkage=0.05


Tree=91
num_leaves=31
num_cat=0
split_feature=17 17 41 11 0 17 22 32 22 22 11 11 13 11 42 24 24 16 28 42 38 3 4 39 7 40 7 21 11 21
split_gain=0.436907 0.695112 0.889914 0.680942 1.75225 0.634239 0.789509 0.530595 1.31415 0.963333 0.609107 0.684456 0.577766 0.554476 0.678982 0.671858 1.13886 0.664865 1.21775 0.658945 0.753463 0.521529 0.714286 0.51 0.439547 0.432 0.493714 0.409764 0.385714 0.4
threshold=0.0095740663330503694 0.007903537687004419 -964.27695217009693 -0.015859474575889123 108377.68000000001 0.0071620867110212772 3658.4278420000005 2841.5338030300195 3025.4986940000003 2823.38420825 0.0084293151855746578 0.0068861583511795168 0.0096950050268756905 -0.021661009865426167 -246.46309462101519 2096.5819420500006 2345.0000751000002 0.0059225929816040029 -695.5639471182584 -14.324624589912942 43.704367559776053 84806.005000000019 2208.2900150000005 1629.2339285714299 0.00051974963450324911 751.1441396225274 -0.0060174012322594802 499.50499999999744 -0.0037501120492148036 456.27000000000413
decision_type=2 2 2 2 2 2 2 2 2 2 2 2 2 2 2 2 2 2 2 2 2 2 2 2 2 2 2 2 2 2
left_child=1 5 -3 4 -4 6 7 10 9 -9 11 12 13 -1 24 -16 -17 18 -18 20 -20 22 -2 25 -15 26 -5 -23 29 -24
right_child=21 2 3 23 -6 -7 -8 8 -10 -11 -12 -13 -14 14 15 16 17 -19 19 -21 -22 27 28 -25 -26 -27 -28 -29 -30 -31
leaf_value=-1.5087670938537184e-05 1.0322595361313484e-05 1.9257071683096661e-06 6.599921655119347e-05 3.8873348720643285e-07 -2.602326919772846e-06 -5.2389291300470717e-06 6.3469651716773243e-06 8.139438561749194e-07 -1.486219840394125e-05 2.3244687398300617e-05 -2.8859844640660884e-06 9.8892251400133839e-05 -9.1646857568357675e-06 2.4178340297557575e-07 -7.2741574712991403e-05 5.6634892708507417e-05 3.0680816183944653e-06 -2.5017501459759402e-05 -0.00011458574955756196 -4.3634378106905346e-05 2.3063141952795871e-06 -9.0084298650918889e-06 5.2957406697909035e-05 6.1953144825006379e-05 6.3854135753119255e-06 6.4473603659913144e-06 -6.3584312954428139e-05 -2.9330811905366264e-07 -7.3300523609020962e-05 -2.2831285446102341e-05
leaf_weight=41 20 24 27 20 25 198 20 30 45 20 137 27 73 21 101 32 21 98 20 32 22 238 20 20 20 25 105 98 30 20
leaf_count=41 20 24 27 20 25 198 20 30 45 20 137 27 73 21 101 32 21 98 20 32 22 238 20 20 20 25 105 98 30 20
internal_value=-0.000337425 0.0001495 0.00252032 0.00153153 0.00653846 -0.000459291 0.000197367 -6.75688e-05 0.00342105 0.009 -0.000581397 0.000216534 -0.000218296 0.000514705 0.00113079 0.000368097 0.00188889 0.000440413 0.00342105 0.000405404 0.00452381 -0.00171362 0.00166667 -1.19209e-09 0.00719512 -0.001 -0.0022 -0.00261905 -0.000714287 0.0025
internal_weight=1630 1204 246 222 52 958 760 740 95 50 645 508 481 408 367 326 225 193 95 74 42 426 90 170 41 150 125 336 70 40
internal_count=1630 1204 246 222 52 958 760 740 95 50 645 508 481 408 367 326 225 193 95 74 42 426 90 170 41 150 125 336 70 40
is_linear=0
shrinkage=0.05


Tree=92
num_leaves=31
num_cat=0
split_feature=15 34 9 9 20 21 7 23 38 21 23 19 11 19 25 25 11 5 28 38 25 9 19 21 19 19 19 16 0 11
split_gain=0.447361 1.86868 0.367915 0.861164 1.43353 0.592991 0.93011 1.02564 0.463105 0.394196 0.308748 0.667328 0.634446 0.515849 0.491984 0.573101 0.491593 0.603929 0.713516 1.27732 0.640152 0.553592 0.472321 0.416667 0.28154 0.491281 0.418338 0.691379 0.254348 0.254118
threshold=0.0026125465797756631 113231.21323926533 -0.013098196666294694 -0.0095612024292716577 451.35500000000326 686.21499999999662 -0.0012236215715172077 1.0385195392904136 18.520464032060826 313.01999999999686 -0.86547390135038205 1019.0750000000045 0.011693790672603191 587.91500000000099 0.25640356351995436 0.35867346371327119 0.0019564984354648817 -5.0860884066877462e-05 -167.39102947936769 55.435624925209808 -0.7477194274675939 0.010301592509669931 523.55499999999313 74.384999999994776 1068.0400000000011 1282.5500000000031 2037.8799999999976 0.0072164122040082965 98782.49000000002 0.024683224665331429
decision_type=2 2 2 2 2 2 2 2 2 2 2 2 2 2 2 2 2 2 2 2 2 2 2 2 2 2 2 2 2 2
left_child=1 -1 8 4 9 10 -7 -8 -2 -4 11 12 13 22 16 -16 17 18 20 -20 -12 -19 23 -5 -17 -26 29 -28 -29 -27
right_child=2 -3 3 5 -6 6 7 -9 -10 -11 14 -13 -14 -15 15 24 -18 21 19 -21 -22 -23 -24 -25 25 26 27 28 -30 -31
leaf_value=9.4400491104885448e-06 2.4869938659687886e-07 -9.085037888083606e-05 7.1346746259299145e-06 4.2979638656135329e-06 2.4223441244069265e-06 -1.5867212782763976e-05 1.9627421223265192e-05 -1.3657354187628985e-05 -5.2046678120699294e-06 -5.4109766366894701e-05 1.4579000226011701e-06 4.8597946953917192e-06 6.6591200941400482e-07 -0.00011583200047895733 9.1962998561155322e-07 -5.8676811935094908e-05 -3.9335588674276279e-06 -6.17686457261845e-06 4.4582148365059673e-05 -2.3749451388916427e-06 -6.9506708915902504e-06 6.3397202806449778e-06 5.6582718541834185e-06 -1.3823839661435343e-05 4.7438016970375939e-05 -2.2386085719972674e-05 2.5279475687246276e-05 1.4581411063384738e-05 -0.00010044508031957017 -5.920483875450671e-06
leaf_weight=23 21 26 38 20 22 35 39 26 203 31 22 27 31 83 29 29 368 137 26 27 66 20 32 60 32 60 26 20 26 25
leaf_count=23 21 26 38 20 22 35 39 26 203 31 22 27 31 83 29 29 368 137 26 27 66 20 32 60 32 60 26 20 26 25
internal_value=-0.000521474 0.00418367 -0.0006673 -0.000357407 0.00434066 -0.000695104 0.003 0.00653846 -0.00254464 0.0007971 -0.00101201 0.000533596 -0.000353983 -0.00141026 -0.00144031 0.000465586 -0.00214715 -0.000637585 0.00173759 0.00632075 -0.00102273 -0.0027707 0.00080357 -0.00125 -0.000412845 0.000291004 -0.000859874 0.00194444 -0.00173913 -0.0032353
internal_weight=1630 49 1581 1357 91 1266 100 65 224 69 1166 253 226 195 913 247 666 298 141 53 88 157 112 80 218 189 157 72 46 85
internal_count=1630 49 1581 1357 91 1266 100 65 224 69 1166 253 226 195 913 247 666 298 141 53 88 157 112 80 218 189 157 72 46 85
is_linear=0
shrinkage=0.05


Tree=93
num_leaves=31
num_cat=0
split_feature=5 5 9 5 21 41 24 26 19 7 36 36 21 30 39 42 21 17 30 25 25 21 42 40 15 11 16 38 41 24
split_gain=0.528346 1.32848 0.680364 0.973445 1.10572 1.47979 1.17593 0.684226 0.648272 1.24343 0.546308 0.752755 0.766373 0.509409 0.470692 0.464249 0.675 0.464781 0.542375 0.491951 0.420765 0.819972 0.623385 0.37475 0.722377 0.443805 0.298901 0.306549 0.274674 0.343137
threshold=-0.0028267440719389157 -0.0025533073789126737 -0.001560775462981855 0.00027837525691532401 686.21499999999662 -511.57459866633673 3104.3927221600002 116004.51937556129 2093.0550000000007 0.020467785360448163 2138.9625174204489 2786.4601315665354 92.349999999998559 117431.57602813908 569.32714285714258 -252.92520290951438 383.04999999999569 0.0064805137922651105 106121.30282105171 0.93367406025732247 -0.4902770068764391 174.41999999999828 27.141896531058723 -456.20013296649989 0.0064890992404676362 -0.042872832197678366 0.014061351021558638 83.617535669616203 -41.179682904577923 2058.4760946000001
decision_type=2 2 2 2 2 2 2 2 2 2 2 2 2 2 2 2 2 2 2 2 2 2 2 2 2 2 2 2 2 2
left_child=10 -2 3 4 5 -3 7 -7 14 -10 23 -12 -13 -14 -4 16 -16 18 -17 28 -5 -22 -23 24 -1 -26 27 -19 -20 -30
right_child=1 2 8 20 -6 6 -8 -9 9 -11 11 12 13 -15 15 17 -18 26 19 -21 21 22 -24 -25 25 -27 -28 -29 29 -31
leaf_value=4.9462613716369189e-06 2.2127473667113926e-06 3.392589004666647e-06 4.662954368721715e-06 -2.7001980050886594e-05 -1.4198777339767367e-05 -3.7880234419122267e-05 4.3901456470305103e-05 1.0155655232919124e-06 6.0421854702825336e-05 -7.6400815039357579e-05 1.417270845803816e-06 1.976052228868379e-06 -6.6464831593417103e-06 1.9930566333643128e-06 -7.7035743193874313e-07 6.5728277763117863e-05 6.302785325977316e-06 -2.5886296410410213e-05 -2.7089566028124739e-05 1.3607492980049463e-06 1.1860200555974341e-06 -9.9085050665448519e-06 5.4685436756524307e-05 -1.7863661058073066e-05 2.5461736803774364e-05 -6.7772658960028099e-06 2.3626680447211918e-06 1.4198836419416722e-06 -3.832493041364555e-05 1.6112660607500518e-06
leaf_weight=27 24 21 24 86 24 41 37 20 37 33 21 25 87 22 40 33 20 352 59 24 24 63 22 173 25 96 30 20 35 85
leaf_count=27 24 21 24 86 24 41 37 20 37 33 21 25 87 22 40 33 20 352 59 24 24 63 22 173 25 96 30 20 35 85
internal_value=-0.000552148 2.59953e-05 -0.00022124 0.0016568 0.00479021 0.0067647 0.00418367 -8.19684e-05 -0.00102273 0.00357143 -0.00195378 0.00048387 -0.000895524 -0.00270642 -0.00146815 -0.00170487 0.0025 -0.00210031 -0.000338984 -0.00130542 -0.000641027 0.00142202 -0.000882354 -0.00313084 -0.00128378 -0.00293389 -0.00313433 -0.00352151 -0.00220671 -0.000833335
internal_weight=1630 1154 1130 338 143 119 98 61 792 70 476 155 134 109 722 698 60 638 236 203 195 109 85 321 148 121 402 372 179 120
internal_count=1630 1154 1130 338 143 119 98 61 792 70 476 155 134 109 722 698 60 638 236 203 195 109 85 321 148 121 402 372 179 120
is_linear=0
shrinkage=0.05


Tree=94
num_leaves=31
num_cat=0
split_feature=5 28 16 5 40 3 36 39 17 40 36 38 22 15 34 23 5 11 38 38 21 9 28 15 42 9 16 27 34 9
split_gain=0.486785 0.65915 1.51774 1.61119 1.67348 0.745908 0.870284 0.649506 1.13758 1.28042 0.625646 0.525742 1.10885 0.45516 0.423195 0.331522 0.795965 0.600472 0.461608 0.719176 1.17836 0.613089 0.510443 0.678788 0.422651 0.362621 0.305643 0.246339 0.397883 0.373824
threshold=-0.0097668486606253564 -529.5223284118764 0.0058173535605015791 -0.0010159410057638384 -378.18192815874494 119256.13000000002 6582.0098986611201 1264.6392857142857 0.0096120718582509822 -1183.6969138862476 -7135.6368210341452 41.623628005394195 3266.0585377500006 0.0026125465797756631 100850.99043231974 -0.86547390135038205 0.0034456148004474284 0.0098261537731116812 45.559843919712542 52.012954239275125 286.53499999999627 0.0045945433266660488 3150.6783022967652 0.0099899002337311364 -147.82582166470934 0.003423054064970454 0.0098501587189065692 112555.482 113145.77631381401 -0.002755259257413475
decision_type=2 2 2 2 2 2 2 2 2 2 2 2 2 2 2 2 2 2 2 2 2 2 2 2 2 2 2 2 2 2
left_child=10 2 3 4 -2 13 -7 -4 9 -9 -1 12 -11 -3 -10 16 17 24 -17 20 -20 -22 27 -24 -15 -26 -16 28 29 -21
right_child=1 5 7 -5 -6 6 -8 8 14 11 -12 -13 -14 15 26 18 -18 -19 19 22 21 -23 23 -25 25 -27 -28 -29 -30 -31
leaf_value=2.2938387325480679e-05 6.2688701083674063e-06 3.3210856725962908e-06 -4.908549484380688e-06 -8.7699111925686806e-06 7.2639722995521224e-07 3.2312154060657344e-05 -7.4617490562632504e-07 5.4473720654671221e-06 6.4001805271065605e-07 -2.6742681845419518e-05 -1.377814150393814e-05 -3.1713526508495018e-06 2.543260637989141e-06 3.2968892400046812e-06 9.5459099932730668e-08 -1.4395086113183956e-05 4.9534232530165089e-06 2.2318163927771842e-06 -4.0233826371868842e-06 8.8367786577953095e-07 1.137330535847646e-05 7.7582583591282291e-05 8.684570451857675e-05 -9.744812503273962e-05 -7.6180281358609594e-05 5.2635566985762256e-06 -2.9122350464177356e-05 -2.0417453519095828e-05 1.0474346336961733e-06 -6.9368778407668948e-06
leaf_weight=29 20 37 137 38 24 23 39 24 37 26 118 34 24 22 22 91 25 34 66 79 29 20 20 22 83 20 65 107 37 278
leaf_count=29 20 37 137 38 24 23 39 24 37 26 118 34 24 22 22 91 25 34 66 79 29 20 20 22 83 20 65 107 37 278
internal_value=-0.000214725 5.73151e-05 0.00165188 0.00780488 0.0143182 -0.000639536 0.00467742 0.000284552 0.00189655 0.00564815 -0.00295918 0.00273809 0.006 -0.000979383 -0.00137097 -0.00119507 0.000706521 -0.000597485 -0.00166222 -0.00120061 0.0023913 0.0082653 -0.00196133 0.00333333 -0.0022 -0.00354369 -0.00327586 -0.00240519 -0.00182741 -0.00233894
internal_weight=1630 1483 451 82 44 1032 62 369 232 108 147 84 50 970 124 933 184 159 749 658 115 49 543 42 125 103 87 501 394 357
internal_count=1630 1483 451 82 44 1032 62 369 232 108 147 84 50 970 124 933 184 159 749 658 115 49 543 42 125 103 87 501 394 357
is_linear=0
shrinkage=0.05


Tree=95
num_leaves=31
num_cat=0
split_feature=13 25 19 20 42 25 4 0 39 28 41 16 17 32 7 17 39 42 13 19 23 42 13 18 28 20 28 22 16 32
split_gain=0.628399 1.06152 0.858516 0.632536 1.05955 0.945612 1.71707 1.30672 0.687523 0.644058 0.78184 1.42789 1.9885 0.682522 0.654971 0.633825 1.34622 0.577163 0.443841 0.392627 0.525684 0.518038 0.364707 0.501853 0.63516 0.370533 0.925786 0.367211 0.351865 0.335137
threshold=0.009077509186513795 -0.78411827596723638 509.0999999999986 451.35500000000326 -419.55630481727786 0.72456712365443054 2221.7848150000004 109021.60000000002 569.32714285714258 671.63775293280207 16.9785866653169 0.0056068276013024635 0.0056431690778630805 -5460.8371247366149 0.0032840514529098477 0.0082396334333585241 1381.9628571428577 -202.78586378588423 -0.033666048192082125 858.8050000000004 -0.34004444469769574 -246.46309462101519 0.023222114162159174 -85.624999999999986 1295.6850368159069 203.21500000000381 2683.3193442991401 2031.5798730000004 0.005285242952462312 3712.2441485812165
decision_type=2 2 2 2 2 2 2 2 2 2 2 2 2 2 2 2 2 2 2 2 2 2 2 2 2 2 2 2 2 2
left_child=3 2 -2 8 -5 6 -6 -7 -1 10 11 12 -10 -13 -11 16 18 -8 -15 20 21 -12 27 -24 -25 26 -26 28 -3 -27
right_child=1 22 -4 4 5 7 17 -9 9 14 19 13 -14 15 -16 -17 -18 -19 -20 -21 -22 -23 23 24 25 29 -28 -29 -30 -31
leaf_value=2.0465731044021698e-06 -2.8823653985714001e-05 -8.2236549761951353e-05 1.3952282216790733e-05 -3.806329727552408e-06 3.4650006838246093e-06 7.554122458055092e-05 3.3484982442190394e-07 6.1300062994659323e-06 -2.0101543740477807e-05 1.5427564191412024e-06 8.3327513821182366e-06 1.1499851667538305e-05 2.6841550171198905e-05 7.5119909808886563e-07 -7.0314479211266634e-07 -2.0140750633319289e-05 2.6947384648530291e-06 -1.6420279411175273e-05 -5.8851439032835717e-06 -6.3387778731724609e-06 1.117295915346046e-05 -3.6600038336980632e-05 -2.1228704225185007e-05 3.84569071189762e-05 1.7645183068982823e-05 -6.1487628932605447e-05 -6.5573606132485426e-06 -9.49655580603412e-06 7.294463597107555e-07 2.8049208228374585e-06
leaf_weight=28 24 20 39 36 33 38 26 20 27 21 21 30 26 24 36 134 24 64 160 146 39 107 83 29 30 79 23 194 29 40
leaf_count=28 24 20 39 36 33 38 26 20 27 21 21 30 26 24 36 134 24 64 160 146 39 107 83 29 30 79 23 194 29 40
internal_value=-0.00030675 -0.00161017 0.00452381 0.000432691 0.0028341 0.00439226 0.00191057 0.00965517 -0.000200487 -0.000471699 -0.00086721 0.000529411 0.00820755 -0.000564517 0.00464912 -0.00119883 0.000528845 -0.00166667 -0.000923914 -0.00276358 -0.00110779 -0.00265625 -0.00234345 -0.00112676 0.000223879 -0.000930234 0.00254717 -0.00376543 0.00010204 -0.00247899
internal_weight=1630 590 63 1040 217 181 123 58 823 795 738 425 53 372 57 342 208 90 184 313 167 128 527 284 201 172 53 243 49 119
internal_count=1630 590 63 1040 217 181 123 58 823 795 738 425 53 372 57 342 208 90 184 313 167 128 527 284 201 172 53 243 49 119
is_linear=0
shrinkage=0.05


Tree=96
num_leaves=31
num_cat=0
split_feature=39 38 15 7 17 26 20 15 36 41 3 15 21 35 20 24 23 41 35 7 21 35 42 11 18 5 7 5 1 19
split_gain=0.989729 0.484875 0.463629 1.07957 1.00465 0.870665 0.614887 0.78515 0.787295 1.13402 0.696893 0.580718 0.550035 0.699386 0.921423 0.639671 1.49334 0.489631 0.432535 0.395272 0.636819 0.773833 0.587826 0.621734 0.751452 0.522195 0.498611 0.867614 0.367431 0.337838
threshold=563.20928571428635 15.76075334978959 0.0038285997456593327 0.0034205017336032886 0.0063246031053429165 105269.21826679287 277.50000000000006 0.011698543332424488 -2886.1985922471572 -176.74797206635029 109417.70000000001 0.0034889486899042561 467.66000000000355 114445.57352500001 310.52500000000151 3156.6846061000001 -0.59401758763621271 -1145.2659694078018 112940.40695000002 -0.0044105597084378506 286.53499999999627 115787.12670000001 190.03650319029069 0.0040361209440859863 -46.924999999995627 -0.0011560089318760432 0.0025064433708668547 -0.00035191758183361052 83691.145000000004 1186.2350000000008
decision_type=2 2 2 2 2 2 2 2 2 2 2 2 2 2 2 2 2 2 2 2 2 2 2 2 2 2 2 2 2 2
left_child=-1 -2 3 4 11 -6 19 8 9 10 17 -3 13 14 -10 16 -16 -8 29 -4 26 22 23 25 -25 -22 -21 -28 -9 -18
right_child=1 2 6 -5 5 -7 7 28 12 -11 -12 -13 -14 -15 15 -17 18 -19 -20 20 21 -23 -24 24 -26 -27 27 -29 -30 -31
leaf_value=2.4408560444340112e-06 1.5861723376200866e-06 -3.4075448353724259e-05 -5.6443679628189692e-06 -4.0334404388447855e-05 8.5475138424903689e-07 2.7089019606523512e-05 2.3117886103028123e-05 5.4921676558770689e-05 8.9473023663890958e-06 3.1709572558022902e-05 9.1633278916174534e-07 6.7855933758020675e-06 -3.5996878502563984e-06 -2.2915802387269536e-05 3.841818730534688e-06 -1.3979027046447135e-05 -8.5874831269329258e-06 -6.433816729258457e-06 6.6628730489151931e-07 -2.5274550757101396e-05 1.084507335067348e-06 1.2837941356668386e-05 -1.6230140466793201e-05 -6.4980338870288239e-05 5.8262953975686477e-05 -6.3970580571659303e-06 3.6552144143203573e-06 -1.2973975466057593e-06 -2.2009348416353825e-05 2.1407630267512867e-06
leaf_weight=35 21 40 228 43 23 34 28 20 29 23 35 22 80 55 27 70 37 34 22 160 31 25 51 20 38 92 29 152 89 37
leaf_count=35 21 40 228 43 23 34 28 20 29 23 35 22 80 55 27 70 37 34 22 160 31 25 51 20 38 92 29 152 89 37
internal_value=-0.000460124 -0.000642634 -0.00074333 0.00179012 0.0042437 0.00903509 -0.001034 0.000204777 0.00107966 0.00458333 0.00221649 -0.000161292 -9.80404e-05 0.000956678 0.00220721 0.000958548 0.00313008 -0.000967743 0.000208332 -0.00191283 -0.00123746 0.000642022 -0.000258622 0.00107735 0.00534483 -0.000934961 -0.00265396 -0.000856355 -0.00362385 -0.00162162
internal_weight=1630 1595 1574 162 119 57 1412 586 477 120 97 62 357 277 222 193 123 62 96 826 598 257 232 181 58 123 341 181 109 74
internal_count=1630 1595 1574 162 119 57 1412 586 477 120 97 62 357 277 222 193 123 62 96 826 598 257 232 181 58 123 341 181 109 74
is_linear=0
shrinkage=0.05


Tree=97
num_leaves=31
num_cat=0
split_feature=39 38 19 40 25 21 19 34 7 17 19 13 22 9 39 21 13 22 24 40 15 41 17 25 4 0 19 11 7 7
split_gain=0.697197 0.492964 0.50205 0.487558 1.24368 0.888484 0.543882 0.803631 0.451558 1.0472 0.952003 1.35256 0.755695 1.06147 0.46713 0.529921 0.460069 0.447582 1.04026 0.613491 0.415773 0.370552 0.885819 0.467321 0.458936 0.288751 0.330586 0.278157 0.174833 0.442355
threshold=563.20928571428635 15.76075334978959 1357.8550000000034 728.10832138043781 -0.76080292544907901 98.195000000006999 616.97000000000128 113860.23707646581 0.0034205017336032886 0.0097315120249100596 1138.0849999999994 0.0023437831010404181 2966.3208560000007 -0.0038857781455088115 1807.6803571428575 479.9550000000018 -0.0069852897677649675 2364.8003377500004 2783.9693795300004 -378.18192815874494 0.0064363593669585903 -927.19099689366055 0.0096365736546343648 2.7814341071890927 8499.7016850000018 111999.39500000002 690.04999999999575 0.0092328057438569779 0.00072826647342842589 0.0067854267876161179
decision_type=2 2 2 2 2 2 2 2 2 2 2 2 2 2 2 2 2 2 2 2 2 2 2 2 2 2 2 2 2 2
left_child=-1 -2 3 8 -5 -6 -7 -8 9 10 12 20 17 -14 15 -10 -15 18 19 -3 -12 22 -4 28 -24 -21 -27 -19 -23 -30
right_child=1 2 21 4 5 6 7 -9 14 -11 11 -13 13 16 -16 -17 -18 27 -20 25 -22 23 24 -25 -26 26 -28 -29 29 -31
leaf_value=2.3188132422122924e-06 1.5068637207390697e-06 1.6564126538757022e-06 2.3116930604198815e-06 1.269727622277291e-05 1.0661612951843869e-06 7.8162137239111488e-06 -1.0360390478498557e-05 1.6582183408707016e-05 -3.8570641633992877e-05 -1.0461697781219367e-05 -1.1513791485932988e-06 0.00022408149101239632 3.2732826993351952e-06 4.0395133788523812e-06 1.4059456646962753e-06 1.558194717283335e-06 -2.0832826296612812e-06 -6.7684678168235311e-05 6.9644141984787521e-06 -2.9516624540036874e-05 1.174301740108646e-06 -7.5343916750054657e-06 -1.2175243754694659e-05 1.8386511203975329e-07 0.00041636882282251886 1.0844715613831105e-05 -1.7290471833921406e-05 1.0906516128144324e-06 9.3770804776179815e-07 -2.4158520302670175e-05
leaf_weight=35 21 27 20 22 35 22 117 21 235 103 23 20 34 24 20 30 35 129 22 71 21 179 57 31 21 26 28 20 53 128
leaf_count=35 21 27 20 22 35 22 117 21 235 103 23 20 34 24 20 30 35 129 22 71 21 179 57 31 21 26 28 20 53 128
internal_value=-0.000552148 -0.00070533 -0.000806863 -0.000207374 0.00191244 0.000641024 -0.000937501 -0.00210145 -0.000737328 6.00331e-05 0.00104167 0.00671875 0.000168268 0.00413978 -0.00236842 -0.00292453 8.47446e-05 -0.000975233 0.000747125 -0.000723685 0.00181818 -0.00213702 0.000612244 -0.00282609 -0.00179487 -0.0022 0.000555554 -0.00298658 -0.00333333 -0.00223757
internal_weight=1630 1595 1574 1085 217 195 160 138 868 583 480 64 416 93 285 265 59 323 174 152 44 489 98 391 78 125 54 149 360 181
internal_count=1630 1595 1574 1085 217 195 160 138 868 583 480 64 416 93 285 265 59 323 174 152 44 489 98 391 78 125 54 149 360 181
is_linear=0
shrinkage=0.05


Tree=98
num_leaves=31
num_cat=0
split_feature=39 42 11 38 20 21 11 9 9 9 32 16 39 39 40 20 11 40 32 24 2 9 27 21 5 22 34 9 9 34
split_gain=0.643142 0.519851 0.970204 0.669184 0.764182 0.903257 0.565648 0.475366 1.34385 1.73077 0.623176 0.766223 0.66644 0.749034 0.646953 0.580273 0.564373 0.536482 0.527284 1.16958 0.517234 0.895612 0.940534 0.904671 0.462907 0.40616 0.277491 0.272581 0.269651 0.674043
threshold=563.20928571428635 190.03650319029069 0.023954545350475507 77.879020584073686 285.34500000000122 365.00499999999744 0.014076780693930264 -0.013098196666294694 -0.010263038049235295 -0.011202135687565009 -53.265810868171677 0.005155925758948336 897.29321428571313 966.13607142857097 -80.673783814345356 64.194999999992447 -0.0056487989795356809 149.56467093859831 1012.990037217569 2432.8522190600002 119202.60000000002 0.0020126107596774496 112555.482 174.41999999999828 -0.0044800894259202613 4900.5993822500013 85874.445333384225 0.011266744390671705 -0.031132008234326599 104540.19172844538
decision_type=2 2 2 2 2 2 2 2 2 2 2 2 2 2 2 2 2 2 2 2 2 2 2 2 2 2 2 2 2 2
left_child=-1 2 6 26 5 -5 7 28 9 -9 11 -10 -13 -14 15 -15 -12 -18 19 -19 21 22 23 -20 -17 27 -3 -26 29 -2
right_child=1 3 -4 4 -6 -7 -8 8 10 -11 16 12 13 14 -16 24 17 18 20 -21 -22 -23 -24 -25 25 -27 -28 -29 -30 -31
leaf_value=2.2028725801016636e-06 6.9003714501984979e-05 2.9250496653463628e-06 5.7571407533873781e-06 1.4786429937161296e-06 -1.0000380213031877e-05 -8.0658866870954941e-05 -5.361840223456525e-05 -2.2506431759304074e-06 4.4489819370170289e-06 3.3885586252886187e-05 -3.4484952788966417e-06 -6.4415995882579851e-05 3.8597628396783187e-06 7.4323951413247967e-07 7.795166299574595e-05 2.8692774313177981e-07 -9.008700739817923e-06 8.2104610728100008e-05 1.0152178728262118e-05 -1.4522245981991111e-05 1.9327587723236628e-05 -1.7618788538576994e-05 -4.6445929851713795e-05 -2.0123291527658076e-06 -1.2613415173564504e-05 8.4863430848006022e-07 -7.6190642379761981e-06 8.171031998625303e-07 -3.6415019142603353e-06 -3.5311084598015924e-06
leaf_weight=35 25 33 28 31 49 20 75 32 27 20 113 40 27 36 31 30 78 20 29 39 20 94 31 43 124 38 253 20 167 22
leaf_count=35 25 33 28 31 49 20 75 32 27 20 113 40 27 36 31 30 78 20 29 39 20 94 31 43 124 38 253 20 167 22
internal_value=-0.000276075 -0.000423199 8.68474e-05 -0.00202073 0.0015 0.00578431 -0.000131246 0.000153706 0.000661434 0.00846154 0.00017857 0.00170241 0.00106936 0.00186274 0.00109319 0.000241934 -0.00103855 -5.64984e-05 0.00097826 0.00516949 -0.000161292 -0.000939087 0.00228155 0.00541667 -0.000754718 -0.0017033 -0.00325175 -0.00291667 -0.00196262 0.00138298
internal_weight=1630 1595 1209 386 100 51 1181 1106 892 52 840 373 346 306 279 248 467 354 276 59 217 197 103 72 212 182 286 144 214 47
internal_count=1630 1595 1209 386 100 51 1181 1106 892 52 840 373 346 306 279 248 467 354 276 59 217 197 103 72 212 182 286 144 214 47
is_linear=0
shrinkage=0.05


Tree=99
num_leaves=31
num_cat=0
split_feature=19 39 9 41 24 38 4 25 4 9 25 13 7 4 9 9 9 19 35 38 19 7 25 23 22 39 3 20 5 9
split_gain=0.654622 0.892406 0.847598 0.986069 1.51405 1.51515 0.559266 0.854063 0.729568 0.708013 0.621775 0.429611 1.14019 1.30347 0.593174 0.828258 1.0515 0.738124 0.554462 0.761737 0.474102 0.578293 0.471514 1.05604 0.400696 0.398124 0.360847 0.311962 0.309552 0.268593
threshold=771.24999999999284 563.20928571428635 -0.0022474985739331329 -511.57459866633673 3052.4477886000004 55.653660341735588 1778.2683550000004 -0.95040259703098917 2077.2725450000003 0.00084566564760622537 -1.0740291596493621 -0.027432068319228783 -0.00058232435688392004 3887.1319785000005 -0.0041170769838240039 0.0027088974291643226 0.0015516155043173861 1866.6250000000002 115415.65965000002 71.65089237606982 2293.9399999999955 0.022706963885456878 0.25640356351995436 0.93487203718010836 1995.2422442500001 1915.9585714285724 119256.13000000002 466.54499999999831 0.0015694573906256601 0.0047812587931684103
decision_type=2 2 2 2 2 2 2 2 2 2 2 2 2 2 2 2 2 2 2 2 2 2 2 2 2 2 2 2 2 2
left_child=1 -1 3 -3 24 -6 7 9 -8 -4 -11 12 22 -14 -13 16 17 18 19 27 25 -22 -2 -24 -5 26 -17 -16 -10 -9
right_child=11 2 6 4 5 -7 8 29 28 10 -12 14 13 -15 15 20 -18 -19 -20 -21 21 -23 23 -25 -26 -27 -28 -29 -30 -31
leaf_value=3.6905380327871752e-06 -3.2227036448814021e-05 2.6293367026886381e-06 -6.3256555455557708e-05 5.1894915828038543e-05 9.9650899426562894e-06 -2.7907203449965803e-05 3.8083465522335532e-06 -3.5575121471053618e-05 4.49637041504046e-06 -8.436830568099923e-06 9.0099342777907583e-06 -3.505797702874647e-06 7.9444991119053128e-06 -0.00013904469538578111 -1.4648089446350498e-05 -8.6659601170555948e-06 1.4163675201715687e-06 7.2952215745854715e-06 3.7812489272946061e-06 1.3071097974502098e-05 7.4561209216104761e-05 -7.2938254171208913e-05 3.076423951104734e-05 -5.7658684470363705e-06 -3.6917318637002789e-05 3.5778630517339731e-06 5.998155025418893e-07 6.3598826689408322e-07 -7.4207318802505461e-05 -6.242896122756145e-08
leaf_weight=26 50 21 30 23 27 22 27 116 32 25 23 292 36 21 87 334 23 20 20 20 27 23 35 56 57 21 34 20 21 61
leaf_count=26 50 21 30 23 27 22 27 116 32 25 23 292 36 21 87 334 23 20 20 20 27 23 35 56 57 21 34 20 21 61
internal_value=-0.000122701 0.00136008 0.000876287 0.004 0.00236434 0.00928571 -0.000522389 -0.00166667 0.003125 0.00269231 0.00645833 -0.000799822 0.00131313 0.0072807 -0.00125407 -0.000389508 0.00236842 0.000988023 -0.000238096 -0.00145669 -0.00158314 0.003 -0.00109929 0.00104395 -0.001875 -0.00217224 -0.00255435 -0.00313084 -0.00028302 -0.00358757
internal_weight=1630 511 485 150 129 49 335 255 80 78 48 1119 198 57 921 629 190 167 147 127 439 50 141 91 80 389 368 107 53 177
internal_count=1630 511 485 150 129 49 335 255 80 78 48 1119 198 57 921 629 190 167 147 127 439 50 141 91 80 389 368 107 53 177
is_linear=0
shrinkage=0.05


Tree=100
num_leaves=31
num_cat=0
split_feature=19 39 9 19 22 15 38 38 5 28 36 21 39 36 11 1 36 28 19 28 25 19 36 9 15 22 16 21 36 5
split_gain=0.69778 0.941497 1.20437 2.12727 0.604181 0.801767 0.533149 0.654239 0.509596 0.863313 0.661103 0.492575 0.971321 0.649893 0.630643 0.498626 0.489748 0.917805 0.435212 0.789017 0.52343 0.802914 0.397579 0.391656 0.340559 0.931677 0.373699 0.346575 0.868571 0.29632
threshold=715.90999999999633 563.20928571428635 -0.0022474985739331329 676.08499999999924 6124.0686972500007 0.016134667660629157 48.462137456290492 67.767200119718282 -0.003135998553577519 -2399.0805737219484 8150.955937478845 536.03000000000623 917.51214285714229 4528.9015344475856 0.0019564984354648817 118605.12500000001 -2730.4478887055006 -777.13070855822286 599.55999999999779 1474.8569385112426 -0.978146853078106 444.96500000000384 3220.7033659446902 0.023070952598760516 0.0044471752911773672 2281.0360770000002 0.012406233670912115 102.51999999999681 2009.6846774459775 0.0016386684590022208
decision_type=2 2 2 2 2 2 2 2 2 2 2 2 2 2 2 2 2 2 2 2 2 2 2 2 2 2 2 2 2 2
left_child=1 -1 3 6 8 29 -3 -8 24 -10 11 13 -13 23 -15 -16 17 -14 19 20 21 -4 -22 -11 25 -2 27 28 -26 -6
right_child=4 2 18 -5 5 -7 7 -9 9 10 -12 12 16 14 15 -17 -18 -19 -20 -21 22 -23 -24 -25 26 -27 -28 -29 -30 -31
leaf_value=3.7523069850881883e-06 -1.058504991379842e-05 9.3688221880785204e-06 -7.4628582007049289e-05 3.1861217585433244e-05 0.00016047081248087467 -0.00018787544510802037 -2.4905419386582584e-05 7.7020980719984458e-06 5.5655182859767455e-06 -3.6768614702602107e-06 -1.8796500477203755e-05 3.7212274373383019e-06 -3.6494094138013933e-05 -7.7284115572711631e-07 9.2871486632770388e-05 4.7589079899084087e-07 -6.8370842603334983e-06 0.00041201702714970608 -5.7119221608595027e-05 2.6265783663921756e-05 -4.0434685366805022e-05 9.0822897506271836e-06 1.2806189023258909e-06 1.1620577533463838e-06 -0.0001340612661860584 9.4263657327414019e-06 2.0081213192630251e-06 -5.2639573561776285e-06 5.1869599594467376e-06 2.168812991750709e-07
leaf_weight=25 25 37 30 20 20 26 53 20 31 342 96 24 29 35 28 24 78 24 99 20 91 22 24 28 38 21 26 247 25 22
leaf_count=25 25 37 30 20 20 26 53 20 31 342 96 24 29 35 28 24 78 24 99 20 91 22 24 28 38 21 26 247 25 22
internal_value=-0.000122701 0.00157596 0.00100961 0.005 -0.000752735 0.00382353 0.00227273 -0.000205481 -0.00103033 -0.000263871 -0.00062147 -1.63411e-05 0.00241935 -0.000842452 0.00304598 0.00653846 0.00072519 0.00443396 -0.000804197 0.000614972 -0.000508983 0.00365384 -0.00239131 -0.00175676 -0.00251309 0.00152174 -0.00306548 -0.00354839 -0.000238096 0.00809524
internal_weight=1630 441 416 130 1189 68 110 73 1121 739 708 612 155 457 87 52 131 53 286 187 167 52 115 370 382 46 336 310 63 42
internal_count=1630 441 416 130 1189 68 110 73 1121 739 708 612 155 457 87 52 131 53 286 187 167 52 115 370 382 46 336 310 63 42
is_linear=0
shrinkage=0.05


Tree=101
num_leaves=31
num_cat=0
split_feature=42 11 0 7 7 15 23 25 39 19 1 16 15 34 28 21 28 21 16 34 30 0 4 4 7 20 25 4 18 39
split_gain=0.691671 0.912306 0.660388 0.642679 0.727175 0.974445 0.539591 0.767543 1.19751 0.706527 0.592705 0.500811 0.540598 0.801764 1.15112 0.492308 0.48124 0.48 0.75 0.467366 0.836729 1.09633 0.643904 0.57189 0.932948 0.67188 0.704003 0.565951 0.456383 0.5227
threshold=190.03650319029069 0.023954545350475507 84433.400000000009 -0.012417358261623379 -0.0098395197810789998 0.0069836045444145603 0.39341858683614045 -0.017270908260356221 1531.1210714285714 1168.3199999999999 116976.65000000001 0.011547961059181513 0.0033104115329917233 113231.21323926533 337.57848188155191 415.81500000000239 -2570.1627132134013 618.98000000000332 0.01030315494261576 113145.77631381401 115315.46300533622 110728.03000000001 1451.6210100000001 2343.5451950000006 0.0057275796860112782 379.37000000000268 -0.76331330015115006 1043.3998350000004 408.51000000000209 992.11821428571432
decision_type=2 2 2 2 2 2 2 2 2 2 2 2 2 2 2 2 2 2 2 2 2 2 2 2 2 2 2 2 2 2
left_child=1 3 -2 16 5 -5 7 9 10 11 15 12 13 14 -6 -9 17 18 -1 22 21 -21 -14 24 25 26 -24 -22 29 -8
right_child=2 -3 -4 4 6 -7 28 8 -10 -11 -12 -13 19 -15 -16 -17 -18 -19 -20 20 27 -23 23 -25 -26 -27 -28 -29 -30 -31
leaf_value=-2.5840223462236769e-05 5.1623789492684981e-06 7.2874702035469805e-06 -6.6367285045851087e-06 2.3358702558605695e-05 5.7120004990935894e-06 -1.4102225125249844e-05 2.7230165200345302e-07 -4.5184267562243228e-05 1.0002579385237997e-05 -5.2195048167570055e-06 2.3262414594017833e-06 7.4100526004451628e-06 -3.3758453201145541e-05 -7.0488835785451854e-05 -1.3725939653950835e-06 3.1003804056780316e-07 -1.7908730522498402e-05 -3.6814643065991797e-05 2.9996813577615266e-05 -3.6990288311317443e-07 3.3434612250058595e-06 6.6629686527217984e-05 4.7990852197350291e-05 -3.92769907625112e-06 3.5351660654714023e-06 1.6323845343433105e-06 -6.5284358828664028e-05 -2.5701589679222847e-05 -0.00011310320707750024 -8.6153330186393308e-07
leaf_weight=24 22 28 368 24 27 23 43 32 26 102 22 28 154 31 21 20 97 27 24 23 21 29 21 57 24 22 69 76 78 67
leaf_count=24 22 28 368 24 27 23 43 32 26 102 22 28 154 31 21 20 97 27 24 23 21 29 21 57 24 22 69 76 78 67
internal_value=-0.000214725 0.000362902 -0.00205128 0.000156764 0.000624999 0.00670213 0.00033736 0.00090062 0.005 0.000319148 0.00175676 0.000970148 0.000652173 0.00449367 0.00854167 -0.00115385 -0.00267442 0.000333332 0.00333333 4.03214e-05 0.00238255 0.0075 -0.000965419 0.000958548 0.00272059 0.00080357 -0.00111111 -0.000360826 -0.00207447 -1.19209e-09
internal_weight=1630 1240 390 1212 1040 47 993 805 100 705 74 603 575 79 48 52 172 75 48 496 149 52 347 193 136 112 90 97 188 110
internal_count=1630 1240 390 1212 1040 47 993 805 100 705 74 603 575 79 48 52 172 75 48 496 149 52 347 193 136 112 90 97 188 110
is_linear=0
shrinkage=0.05


Tree=102
num_leaves=31
num_cat=0
split_feature=19 39 9 19 23 13 7 25 24 24 28 40 40 13 31 4 4 23 34 25 7 9 17 23 23 17 17 42 5 5
split_gain=1.06661 1.00243 1.30465 1.65038 0.666281 0.57965 0.678826 0.816101 0.920829 2.67593 0.543411 0.66721 0.73216 0.535714 0.493303 1.15314 1.19483 0.464017 0.621971 0.422554 0.398649 0.573859 1.25461 0.589862 0.490909 0.381138 1.24732 0.347826 0.258117 0.254758
threshold=715.90999999999633 569.32714285714258 -0.0022474985739331329 660.77999999999895 -1.0085599438698898 0.0096950050268756905 0.0006274187844426233 -0.054778873423585929 3156.6846061000001 2871.6195794000009 505.08672576685791 -1183.6969138862476 -1547.9193456287755 0.0008181824241009413 111652.65430000001 2343.5451950000006 1657.2101450000002 -0.79481630327206887 105314.72820223724 -0.76762648680811763 0.0051774270773462328 0.00311048583408584 0.0061464979902853484 -0.83112830896279177 -0.77034647851684135 0.0065616103400880652 0.0063621537724660874 -195.70573313039867 -0.001984310088972006 0.0014297515087747664
decision_type=2 2 2 2 2 2 2 2 2 2 2 2 2 2 2 2 2 2 2 2 2 2 2 2 2 2 2 2 2 2
left_child=1 -1 3 4 -3 6 10 14 9 13 11 12 -2 -9 15 16 -8 -6 -19 -7 21 24 -23 -24 -4 26 28 -10 -13 -21
right_child=5 2 20 -5 17 19 7 8 27 -11 -12 25 -14 -15 -16 -17 -18 18 -20 29 -22 22 23 -25 -26 -27 -28 -29 -30 -31
leaf_value=2.6541636768037753e-06 -2.0859352680119055e-05 3.2062092244093375e-06 -4.6758919409119877e-05 4.2215346932797338e-05 -6.1323767263695946e-05 1.1113619807666165e-06 -0.00010815013771080513 -4.3448468648718711e-05 -0.00015443373239662183 1.7717712734821208e-05 1.4844653862692571e-06 -2.238363063756178e-05 2.512823671600523e-05 4.3280428763713748e-05 -8.2402759990626612e-05 -3.8848813993550357e-05 2.9855035553612983e-05 2.3999400857160781e-05 -9.0808955029147848e-05 -1.0699188742437941e-05 -8.083622599005822e-05 5.0386259265637586e-06 4.213600757566703e-06 -2.5074635297591468e-05 4.8550989928169582e-06 -2.5352342404822345e-06 1.4014362038082773e-05 5.4213137165624141e-06 -4.3218094044431634e-07 -5.9538435646817528e-06
leaf_weight=28 46 28 99 25 27 21 22 28 23 27 22 53 35 20 59 50 35 26 23 180 61 25 31 32 36 257 23 23 24 241
leaf_count=28 46 28 99 25 27 21 22 28 23 27 22 53 35 20 59 50 35 26 23 180 61 25 31 32 36 257 23 23 24 241
internal_value=-0.00018405 0.0019161 0.0012954 0.00546512 0.00269231 -0.000962995 -0.00011379 0.00179442 0.00491735 0.00833333 -0.00130435 -0.0016895 0.00240741 0.00125 -0.000481929 0.00154205 0.00640351 0.000263157 0.00316326 -0.00239819 -0.000598593 0.000381165 0.00352273 -0.000238096 -0.00166667 -0.00261905 -1.19209e-09 -0.000652175 -0.00305195 -0.00274347
internal_weight=1630 441 413 129 104 1189 747 287 121 75 460 438 81 48 166 107 57 76 49 442 284 223 88 63 135 357 100 46 77 421
internal_count=1630 441 413 129 104 1189 747 287 121 75 460 438 81 48 166 107 57 76 49 442 284 223 88 63 135 357 100 46 77 421
is_linear=0
shrinkage=0.05


Tree=103
num_leaves=31
num_cat=0
split_feature=5 39 42 5 19 3 35 42 21 25 4 22 4 19 24 15 15 11 11 23 23 19 17 24 11 39 20 21 19 13
split_gain=0.706665 0.666652 0.632559 0.766783 0.765961 0.912588 0.734863 0.682102 1.15227 0.660339 0.754209 0.650147 0.633353 0.847219 0.735937 1.16713 0.779538 0.553995 1.15227 0.548765 0.64281 1.35976 0.569178 1.50268 0.761552 0.616074 0.572256 0.625926 0.541936 0.498113
threshold=-0.0028267440719389157 563.20928571428635 190.03650319029069 0.00027837525691532401 1973.7899999999938 119256.13000000002 84934.601475000018 -246.46309462101519 464.23000000000326 -0.66429960363715812 1167.4117850000002 4464.9149905000004 4091.6327000000006 855.06500000000244 2783.9693795300004 0.0067119899183064741 0.004656494711702693 -0.001125798228478972 -0.0059714898894646694 0.25023963929500143 1.0000000180025095e-35 1106.840000000004 0.0062793699800582541 2139.8419210300003 -0.00094115133419280731 1807.6803571428575 86.540000000000887 230.10500000000323 1158.7950000000058 0.0053090282715082798
decision_type=2 2 2 2 2 2 2 2 2 2 2 2 2 2 2 2 2 2 2 2 2 2 2 2 2 2 2 2 2 2
left_child=-1 -2 3 11 5 19 -4 -6 -9 10 -8 12 13 14 17 16 -16 18 -3 20 22 -22 23 -5 -25 26 27 -24 -15 -19
right_child=1 2 6 4 7 -7 9 8 -10 -11 -12 -13 -14 28 15 -17 -18 29 -20 -21 21 -23 25 24 -26 -27 -28 -29 -30 -31
leaf_value=-1.9835830923696363e-06 2.9000875730985355e-06 -4.438127969915026e-06 9.0217241872871199e-05 -6.668585434772946e-05 -3.3198283972989075e-05 1.0007532142003982e-05 -6.5500892774404053e-05 1.2193809294916985e-06 3.9101517724192473e-05 -1.9571174549150469e-05 1.9297466490680951e-06 -2.8633850289223317e-05 6.2750259827219507e-05 -5.0365609489610931e-05 7.5950999917883022e-06 7.4042921875372487e-05 -7.5344351874534597e-09 -8.1256278397320953e-05 2.8378771842561244e-05 -5.1736359399231689e-05 -3.5443897105152337e-05 0.00012457559272162816 3.6316346973429946e-06 5.9653064337564218e-07 4.4217758193276405e-05 3.5520463653988365e-06 -2.1806662896561889e-05 -2.5090639915726896e-05 1.0299978992666779e-06 1.6121447175237911e-06
leaf_weight=476 26 20 34 35 20 26 21 24 20 208 33 22 20 42 20 21 31 33 24 98 23 20 24 21 22 24 172 30 20 20
leaf_count=476 26 20 34 35 20 26 21 24 20 208 33 22 20 42 20 21 31 33 24 98 23 20 24 21 22 24 172 30 20 20
internal_value=-0.000122701 0.000545926 0.000363474 0.00106971 8.94335e-06 -0.000656567 -0.00162162 0.00515625 0.00863636 -0.00251909 0.00240741 0.00324176 0.00396414 0.00322511 0.00505917 0.00888889 0.00480392 0.00221649 0.00636364 -0.00116205 -0.00028302 0.00546512 -0.00103659 0.00269231 0.00895349 -0.0022 -0.00300885 0.00148148 -0.00177419 -0.00122642
internal_weight=1630 1154 1128 832 559 495 296 64 44 262 54 273 251 231 169 72 51 97 44 469 371 43 328 78 43 250 226 54 62 53
internal_count=1630 1154 1128 832 559 495 296 64 44 262 54 273 251 231 169 72 51 97 44 469 371 43 328 78 43 250 226 54 62 53
is_linear=0
shrinkage=0.05


Tree=104
num_leaves=31
num_cat=0
split_feature=13 25 28 9 9 25 39 21 41 11 21 41 40 13 15 9 24 7 21 22 39 36 41 11 38 38 23 23 18 7
split_gain=0.631913 0.89584 0.974594 0.768232 0.995081 1.06293 0.864251 0.693619 0.696326 1.22049 0.593939 0.506894 0.501033 0.622919 0.456808 0.530343 0.60804 0.93724 0.703247 0.421848 0.407267 0.625 0.333567 0.319904 0.317952 0.668182 0.684689 0.466878 0.315315 0.518018
threshold=0.010791005670423719 -0.66429960363715812 1527.8801527415637 -0.0042552126065439101 -0.0037720227022062188 0.97047635876738381 563.20928571428635 642.01999999998964 868.15516039426416 -0.0032889771454090162 891.16999999999837 596.53310278605613 -1183.6969138862476 -0.044354414785656084 0.0080287508475175417 -0.010263038049235295 2445.0493827000005 -0.011851477056580748 443.16500000000093 1577.1603720000003 1807.6803571428575 -7316.3945200882072 -872.32862022804545 -0.0031427736311147899 68.611311481350285 72.44486303928187 0.03188384189605848 1.0385195392904136 -417.82500000000431 -0.0046186631936031937
decision_type=2 2 2 2 2 2 2 2 2 2 2 2 2 2 2 2 2 2 2 2 2 2 2 2 2 2 2 2 2 2
left_child=3 2 -2 12 -5 6 -6 8 19 -10 -9 -3 13 -1 15 16 -14 -18 -19 -8 22 -22 -21 -17 -13 -26 -27 -28 -24 -30
right_child=1 11 -4 4 5 -7 7 10 9 -11 -12 24 14 -15 -16 23 17 18 -20 20 21 -23 28 -25 25 26 27 -29 29 -31
leaf_value=-1.2438173540503216e-05 -2.7634506033053069e-08 -1.0389376882128512e-05 9.7455504333556509e-06 8.2533259419116652e-06 3.4939707562647695e-06 4.0289315471275832e-05 1.6151306779320516e-06 8.1873597292675037e-06 7.7556418404174518e-06 -4.102495661222296e-05 1.5541779917958245e-07 -0.00011052201454398889 -2.1281109896208394e-05 1.4196754319529681e-05 -5.8106872113068728e-06 -6.6271800988663549e-06 -1.175382143999427e-06 5.9285419776374662e-06 1.5924964449191767e-07 -5.4375466654346899e-05 -1.6040039081586917e-05 2.9042368434307489e-06 -4.1855134546013231e-05 2.1479112607450654e-07 0.00010663369623669152 -3.4424764157104552e-05 4.9877736593005751e-05 -2.739932357983798e-05 1.2978238811454214e-06 -2.7264019397080999e-06
leaf_weight=35 78 261 20 20 23 29 23 24 20 27 20 50 24 37 134 89 41 22 20 82 20 20 40 43 22 53 28 29 20 276
leaf_count=35 78 261 20 20 23 29 23 24 20 27 20 50 24 37 134 89 41 22 20 82 20 20 40 43 22 53 28 29 20 276
internal_value=-0.000276075 -0.00167283 0.00265306 0.000417813 0.00152174 0.00116987 0.000714285 0.000332167 -0.000170456 0.0056383 0.00636364 -0.0026298 -0.00117978 0.00263889 -0.00191689 -0.000606696 0.00200934 0.00403614 0.00928571 -0.000738047 -0.00106987 0.00375 -0.0015311 -0.00272727 -0.000604397 0.000681817 -0.000909092 0.00289474 -0.000833335 -0.000270271
internal_weight=1630 541 98 1089 644 624 595 572 528 47 44 443 445 72 373 239 107 83 42 481 458 40 418 132 182 132 110 57 336 296
internal_count=1630 541 98 1089 644 624 595 572 528 47 44 443 445 72 373 239 107 83 42 481 458 40 418 132 182 132 110 57 336 296
is_linear=0
shrinkage=0.05


Tree=105
num_leaves=31
num_cat=0
split_feature=19 42 39 28 11 5 17 26 16 35 11 7 11 20 21 30 30 17 25 15 20 42 25 40 7 0 23 16 20 5
split_gain=0.707744 0.720933 1.69799 0.981319 0.904671 0.775653 0.867675 0.861615 1.31057 0.779179 0.764854 1.46765 1.4068 0.609081 0.582812 0.566177 0.898113 0.529711 0.495077 0.869429 0.915719 0.438515 0.675 0.530704 0.414995 0.4 0.393197 0.71243 0.593002 0.382321
threshold=1344.4150000000011 -184.08298814297268 1447.3928571428594 -1035.1528272175781 -0.0086275738646926677 -0.00041452531844522045 0.0073510705619873285 104434.91295397458 0.0069511789848641353 106411.21710000002 0.0012927098370463465 0.0036881865098988232 0.0075472106094083419 158.39999999999421 273.90000000000151 117431.57602813908 117861.28272898217 0.0063010846251495842 -0.84924145114834981 0.0044471752911773672 213.05499999999304 14.915623424237411 -0.40272416960974794 957.61711615576507 -0.0094253914655045394 109959.06000000001 -0.69561987260089109 0.011547961059181513 68.284999999996231 0.00077650355769599388
decision_type=2 2 2 2 2 2 2 2 2 2 2 2 2 2 2 2 2 2 2 2 2 2 2 2 2 2 2 2 2 2
left_child=1 2 3 24 -5 14 7 8 -7 -9 29 12 -12 -6 18 -2 -17 -13 -3 20 -20 22 -21 -23 -1 -4 27 28 -8 -11
right_child=15 5 25 4 13 6 26 9 -10 10 11 17 -14 -15 -16 16 -18 -19 19 21 -22 23 -24 -25 -26 -27 -28 -29 -30 -31
leaf_value=3.6947119644364519e-07 -2.3732698908270875e-06 -9.4821518018263586e-07 5.4719958634254496e-06 3.4843614252968742e-06 -7.6720742240961358e-05 2.302788884378868e-07 1.384190616361749e-06 -5.6556177647570731e-06 0.00012100112894024374 2.0997197319208829e-06 7.3322481965945102e-06 4.6408162262976778e-05 4.9663258419809535e-07 5.780564555328119e-06 -2.1618298598116558e-05 1.0587631037557688e-06 -5.8035842178718659e-06 -0.00012521012623242827 2.7001306438667553e-08 -6.0457344089231701e-06 3.1221753906525849e-05 -1.4382425997295425e-05 8.1256979995763941e-06 1.5380482137669801e-06 -4.3433140617835958e-06 2.7590250012592079e-06 -5.7282338358124781e-05 2.3371234566342036e-06 -0.00010397363131592762 -4.8050125898988408e-05
leaf_weight=24 445 62 20 29 22 38 24 50 32 20 23 31 27 21 139 22 43 26 26 40 20 74 20 23 70 20 112 21 53 53
leaf_count=24 445 62 20 29 22 38 24 50 32 20 23 31 27 21 139 22 43 26 26 40 20 74 20 23 70 20 112 21 53 53
internal_value=-0.000122701 0.000580356 0.00325243 0.0010241 0.00541667 -2.1883e-05 0.00127451 0.003 0.00785714 0.00152174 0.00305555 0.00574766 0.012 0.000813952 -0.00165842 -0.00166667 0.00269231 0.000263157 -0.00028302 0.000911329 0.00695652 -0.000859874 0.0025 -0.00293815 -0.00234043 0.0125 -0.00119048 0.00112245 -0.0011039 -0.000890412
internal_weight=1630 1120 206 166 72 914 510 300 70 230 180 107 50 43 404 510 65 57 265 203 46 157 60 97 94 40 210 98 77 73
internal_count=1630 1120 206 166 72 914 510 300 70 230 180 107 50 43 404 510 65 57 265 203 46 157 60 97 94 40 210 98 77 73
is_linear=0
shrinkage=0.05


Tree=106
num_leaves=31
num_cat=0
split_feature=3 15 11 36 7 19 36 36 32 15 9 7 15 27 25 25 30 39 42 38 39 13 39 0 21 19 36 39 23 23
split_gain=0.626665 0.700777 1.15946 0.847644 0.828528 0.81721 0.64591 0.55706 0.420953 0.768133 0.419048 0.391446 0.401313 0.494866 0.874283 1.11468 1.83492 0.655594 0.457563 1.17581 0.620347 0.414539 0.606469 0.390618 0.462597 0.329371 0.589789 0.822378 0.420276 1.10629
threshold=119256.13000000002 0.0041177218785879424 0.0037948629225752805 -171.03053184910092 -0.0019210572286367667 706.5550000000004 6582.0098986611201 1981.0530099226892 -5258.9565634995806 0.012761807816742242 0.0066085510351478289 -0.018822301283252661 0.0047514199246386944 109322.61500000002 -0.58434208063431059 -0.78829743467190883 115369.25882243837 1158.0810714285701 10.94614470170764 50.126270060903195 1742.9903571428588 0.023449971576128558 1083.593214285713 108714.20000000001 866.29499999999837 941.094999999994 4166.1204741469492 1033.8921428571434 -0.42488547080579303 -0.70363919106869233
decision_type=2 2 2 2 2 2 2 2 2 2 2 2 2 2 2 2 2 2 2 2 2 2 2 2 2 2 2 2 2 2
left_child=1 2 3 -1 -5 7 -2 -6 9 -3 -8 -10 -13 23 15 17 -17 -15 19 20 -16 -20 -23 24 25 26 28 -28 29 -14
right_child=6 8 -4 4 5 -7 10 -9 11 -11 -12 12 13 14 18 16 -18 -19 21 -21 -22 22 -24 -25 -26 -27 27 -29 -30 -31
leaf_value=2.5086081849527065e-05 5.1947664484559011e-06 2.5863352595586916e-05 -1.6955388396270044e-06 -3.6932993420750763e-05 2.3667864526863566e-06 -3.0352359943234513e-05 1.4558404996025642e-06 4.8236634830129874e-06 -7.8307277441685529e-06 -2.1113760678082629e-05 -7.0241886963260969e-05 -2.2185874643028365e-05 -3.8709734088391555e-06 4.6277523728234673e-07 -1.1820929603246141e-06 3.1198930814929289e-06 -2.9821284954641044e-05 -5.5758372016914579e-05 -7.5738332511236087e-05 1.6898653197751079e-05 3.6745311757536953e-06 6.9130515351317026e-06 -7.0739165317721767e-05 -3.3327200475959443e-05 1.6511613520550947e-05 -3.7999810352521138e-06 -4.4078531358233072e-06 3.2992210018303616e-05 -7.1519563642289615e-06 3.7981001702516371e-06
leaf_weight=29 36 23 76 44 22 26 20 25 66 40 22 103 125 22 104 24 21 30 83 20 20 28 25 73 38 341 22 30 57 35
leaf_count=29 36 23 76 44 22 26 20 25 66 40 22 103 125 22 104 24 21 30 83 20 20 28 25 73 38 341 22 30 57 35
internal_value=-0.000398774 -0.000618558 0.00198198 0.00458904 0.00269231 0.0059589 0.00397436 0.00989362 -0.00105263 0.00293651 -0.000238096 -0.00125099 -0.00104496 -0.000765029 0.000702917 0.00479381 0.0105556 -0.000192309 -0.000714287 0.00125 -0.000564517 -0.00279412 0.000660376 -0.00153259 -0.00114198 -0.00147541 -0.000167287 0.00461538 -0.00131337 -1.19209e-09
internal_weight=1630 1552 222 146 117 73 78 47 1330 63 42 1267 1201 1098 377 97 45 52 280 144 124 136 53 721 648 610 269 52 217 160
internal_count=1630 1552 222 146 117 73 78 47 1330 63 42 1267 1201 1098 377 97 45 52 280 144 124 136 53 721 648 610 269 52 217 160
is_linear=0
shrinkage=0.05


Tree=107
num_leaves=31
num_cat=0
split_feature=24 24 20 35 7 5 11 15 27 34 20 21 39 11 9 19 22 13 24 19 9 9 11 38 41 24 30 21 18 1
split_gain=0.816039 1.20063 0.671699 0.74695 0.748808 1.22666 0.992263 0.662641 1.005 0.762195 1.46812 0.632331 0.739496 0.47756 0.857769 0.50796 0.445022 0.4 0.391597 0.460498 0.519298 0.365721 0.419593 0.48085 0.814801 0.72143 1.01009 0.349636 0.323559 0.307153
threshold=3175.9208824000002 3137.1453763700006 22.299999999995638 106119.54957500003 0.0036881865098988232 0.0053521241789069489 0.01534888323081331 0.0068358793966210489 109732.98475000002 114989.31155032072 223.31999999999974 116.56000000000496 876.71821428571286 -0.0037501120492148036 0.0047812587931684103 693.62999999999749 5445.3516315000006 -0.035294307780506053 2345.0000751000002 766.27999999999895 0.01531117307449773 -0.0069925914675042933 0.018823759199790565 61.028331185374313 391.08428160085134 2846.1125092000002 90226.634592679722 663.01500000000681 142.1450000000041 118387.85500000003
decision_type=2 2 2 2 2 2 2 2 2 2 2 2 2 2 2 2 2 2 2 2 2 2 2 2 2 2 2 2 2 2
left_child=1 2 11 21 5 6 7 8 -5 29 -11 -1 -13 14 15 -2 -17 -18 19 -6 -21 -4 23 25 -25 -23 -27 -15 -26 -10
right_child=13 -3 3 4 18 -7 -8 -9 9 10 -12 12 -14 27 -16 16 17 -19 -20 20 -22 22 -24 24 28 26 -28 -29 -30 -31
leaf_value=5.2562321893814811e-06 1.2562787642247761e-05 2.0007967932341361e-05 -6.1997690143910903e-06 5.6338645066467894e-06 1.9978034030858925e-05 5.4187446345234031e-06 9.4105170440618524e-07 -2.5469992934354349e-06 1.7082357318490857e-07 -2.6711434688575173e-05 5.1585180606759125e-06 -0.00010523827605868543 3.9654841209029756e-06 -1.2762358277723465e-05 4.4411903772595657e-06 -3.3865368289527616e-06 -3.2827407800522527e-05 0.00014652290647678901 -6.6428728335320191e-05 -8.675272780864717e-05 5.2554683199018909e-06 -2.6579933507626249e-05 -7.4650004463747907e-06 0.00018671253377657585 6.1098896253265461e-06 -8.3738244645276358e-05 8.8150814781413584e-06 3.1490527983953968e-06 -0.00014377623491680199 -0.00010179022648165714
leaf_weight=20 31 24 74 32 26 21 29 111 134 20 21 22 34 302 38 157 20 20 105 37 20 100 53 21 23 26 21 38 20 30
leaf_count=20 31 24 74 32 26 21 29 111 134 20 21 22 34 302 38 157 20 20 105 37 20 100 53 21 23 26 21 38 20 30
internal_value=-0.0002454 0.000615233 0.000349999 -2.16462e-05 0.00105802 0.00228643 0.0016313 0.000890803 0.00238397 0.00109756 0.00719512 0.00486842 0.00214286 -0.00169967 -0.000112783 -0.00127193 -0.00220812 0.0025 -0.00154255 0.0010241 -0.00149123 -0.00189349 -0.00102273 -2.36979e-05 0.00359375 -0.00159864 0.00351064 -0.00294118 -0.000348838 -0.00042683
internal_weight=1630 1024 1000 924 586 398 377 348 237 205 41 76 56 606 266 228 197 40 188 83 57 338 264 211 64 147 47 340 43 164
internal_count=1630 1024 1000 924 586 398 377 348 237 205 41 76 56 606 266 228 197 40 188 83 57 338 264 211 64 147 47 340 43 164
is_linear=0
shrinkage=0.05


Tree=108
num_leaves=31
num_cat=0
split_feature=3 26 26 17 42 17 39 1 15 23 7 39 22 17 20 16 40 30 28 22 22 4 16 7 41 30 31 4 7 26
split_gain=0.733501 0.922077 1.80206 0.54515 0.946115 0.921126 1.61333 0.467823 0.411588 0.732143 0.951452 0.535832 0.955164 0.596736 1.5002 0.921014 0.532577 0.998696 0.55 0.625108 0.950594 0.449588 0.412484 0.740927 0.40898 0.382085 0.390766 0.609149 0.356415 0.311385
threshold=116457.83000000002 118008.29901781464 116888.99155830308 0.0072842216894316069 -2.7742561307101989 0.0062793699800582541 1247.3271428571422 115780.00000000001 0.0052254400686559113 -1.0461137656665696 0.0006839710167229915 1357.1610714285714 3013.5666035000008 0.0096120718582509822 72.754999999997395 0.011239571958455366 -351.22333992778289 110742.2044851081 1607.2201824190854 1774.9518107500003 1392.1248095000003 8499.7016850000018 0.014061351021558638 0.0045731047407288894 -687.88264821579492 112940.00828078231 88055.678200000009 1887.0143550000003 0.0027200853915585349 86546.310909461827
decision_type=2 2 2 2 2 2 2 2 2 2 2 2 2 2 2 2 2 2 2 2 2 2 2 2 2 2 2 2 2 2
left_child=7 2 28 4 5 -3 -7 8 9 10 -1 24 -13 14 -14 -16 17 -11 19 20 -18 22 -15 -24 -10 26 27 -26 -2 -29
right_child=1 3 -4 -5 -6 6 -8 -9 11 16 -12 12 13 21 15 -17 18 -19 -20 -21 -22 -23 23 -25 25 -27 -28 29 -30 -31
leaf_value=-2.6662005367386471e-07 1.2575862465784912e-06 -4.8143977184058188e-05 4.9984362661635268e-06 -5.3553850600991173e-05 -0.00014860327372356346 6.1735655664536169e-06 8.3861320545641295e-08 -8.1372212136590412e-06 -2.1991933745495661e-05 3.5499957980805559e-06 8.9932041692618449e-06 0.00032166858108183255 4.4184446585478125e-06 -1.1193605777994234e-05 -1.7680446820775598e-06 7.9608772520471394e-06 -7.5856575258650409e-06 -4.2261518943287595e-07 9.8640284541958078e-06 -2.583554094985882e-05 0.00015265074501597472 6.4852396300049711e-05 -1.4481113049905003e-05 1.7936431320273751e-06 2.0183244486927891e-06 1.3121392490111854e-06 -2.2095358615325924e-06 -1.0952739746726456e-05 -1.2263682930265184e-06 9.9095990112255597e-05
leaf_weight=21 23 24 31 42 47 20 30 63 98 33 20 23 20 137 90 26 34 34 22 135 29 36 30 32 23 35 358 56 35 23
leaf_count=21 23 24 31 42 47 20 30 63 98 33 20 23 20 137 90 26 34 34 22 135 29 36 30 32 23 35 358 56 35 23
internal_value=-0.000337425 0.00214286 0.00623595 -9.20257e-05 0.00161157 0.00513513 0.009 -0.000791003 -0.000589355 0.000945121 0.00719512 -0.00109929 0.000329948 -0.00028302 0.00235294 0.000172413 5.22636e-05 0.00395522 -0.00113636 -0.0019697 0.00214286 -0.00180851 -0.00273869 0.00064516 -0.00204891 -0.00146465 -0.00184783 0.000882352 0.00103448 -0.00120253
internal_weight=1630 252 89 163 121 74 50 1378 1315 328 41 987 394 371 136 116 287 67 220 198 63 235 199 62 593 495 460 102 58 79
internal_count=1630 252 89 163 121 74 50 1378 1315 328 41 987 394 371 136 116 287 67 220 198 63 235 199 62 593 495 460 102 58 79
is_linear=0
shrinkage=0.05


Tree=109
num_leaves=31
num_cat=0
split_feature=3 15 36 7 11 13 19 41 11 35 7 28 36 36 39 21 9 20 34 30 21 35 42 41 25 4 9 19 19 19
split_gain=0.958982 0.712936 1.31237 0.515031 0.6093 0.604961 0.60656 0.688339 1.49195 0.543907 1.04274 1.03173 1.2931 1.17664 0.93134 0.780629 1.4075 1.0077 0.543782 0.582453 0.518537 0.628434 0.591422 0.462328 0.678642 0.458009 0.439547 0.431842 0.353663 0.446512
threshold=119256.13000000002 0.0079269567710735633 6794.3847335196124 -0.012417358261623379 -0.030290522741623103 0.010791005670423719 928.54000000000099 570.81122432476843 0.0071711281781806574 113660.38155000001 0.00021440888544085922 -1873.062387515354 -2837.7479134681266 -1158.8265314554517 1854.7760714285716 642.01999999998964 -0.005228999656661279 239.88999999999945 112940.9338084426 115315.46300533622 36.794999999998261 110750.04272500002 -130.62142913920437 902.69835889946364 0.41465826529464284 2314.6231300000004 0.0015516155043173861 2293.9399999999955 1027.1999999999973 934.2350000000007
decision_type=2 2 2 2 2 2 2 2 2 2 2 2 2 2 2 2 2 2 2 2 2 2 2 2 2 2 2 2 2 2
left_child=3 2 -2 4 27 9 7 18 -9 15 11 -11 -13 -14 -12 20 -17 -18 -7 -20 22 23 -5 24 28 -25 -24 -1 29 -22
right_child=1 -3 -4 5 -6 6 -8 8 -10 10 14 12 13 -15 -16 16 17 -19 19 -21 21 -23 26 25 -26 -27 -28 -29 -30 -31
leaf_value=1.3770107012376569e-05 3.2323551242428062e-05 -0.00018604669953653272 4.6039897587182069e-07 -3.3558231097895791e-06 -1.0260375841845232e-05 -7.0542925140560263e-06 -7.016680326604807e-06 -2.1993767456078096e-05 0.00010464564873409652 -2.8669324116868315e-06 -3.5749993258328429e-05 1.0869291005039158e-05 -1.2142037513266338e-05 7.13115184859473e-06 3.7440956713327615e-06 -1.9851063265563798e-05 1.6249008976268279e-05 3.0556734581872217e-06 1.6134744304488454e-06 -5.9911058879048389e-05 -1.6089990371532445e-06 -7.1583460531624997e-05 1.0358820691672258e-08 2.8417257223909533e-06 1.4536556037664964e-06 -5.0791657093112867e-06 9.4335420072042442e-06 -1.5693274794165711e-05 -4.096281697106927e-06 2.5997165914184902e-06
leaf_weight=28 22 21 35 32 119 88 280 36 31 24 108 29 27 31 21 32 25 21 28 25 215 93 21 20 32 22 20 27 87 30
leaf_count=28 22 21 35 32 119 88 280 36 31 24 108 29 27 31 21 32 25 21 28 25 215 93 21 20 32 22 20 27 87 30
internal_value=-0.000153375 0.00525641 0.00815789 -0.000425259 -0.00298851 -0.000101598 -0.00151639 0.000528845 0.00470149 0.000674156 0.00270833 0.00626126 0.0087931 0.00448276 -0.000348838 -7.69243e-05 0.00461538 0.0102174 -0.0014539 0.00254717 -0.000716784 -0.00129259 0.00321918 -0.000443351 -0.00101648 0.00452381 0.00719512 0.00136364 -0.00168675 -0.000714287
internal_weight=1630 78 57 1552 174 1378 488 208 67 890 240 111 87 58 129 650 78 46 141 53 572 499 73 406 364 42 41 55 332 245
internal_count=1630 78 57 1552 174 1378 488 208 67 890 240 111 87 58 129 650 78 46 141 53 572 499 73 406 364 42 41 55 332 245
is_linear=0
shrinkage=0.05


Tree=110
num_leaves=31
num_cat=0
split_feature=3 39 41 42 9 38 41 4 3 9 42 7 35 16 21 0 42 22 22 9 21 7 13 13 13 11 17 7 30 17
split_gain=0.774218 0.689459 0.567075 0.544483 0.443588 0.473821 2.04518 0.762441 0.650337 1.10336 0.915633 1.19616 0.888889 0.568906 0.536832 0.529301 0.519298 0.393156 0.738413 0.366763 0.378326 0.695091 0.514295 0.295034 0.640462 0.429757 0.348472 0.289598 0.580808 0.255405
threshold=119256.13000000002 1151.4985714285715 890.71260256886364 479.24217966428455 -0.011202135687565009 52.012954239275125 902.69835889946364 863.35367500000018 108377.68000000001 0.010301592509669931 -130.62142913920437 0.00033042532485096223 115354.45145000001 0.0052561682513059286 866.29499999999837 84433.400000000009 40.727269380211794 2176.7592747500007 2369.7108497500003 0.023070952598760516 105.13499999999478 -0.0033938333031051939 0.023449971576128558 -0.016283649348036493 -0.022163068593065442 -0.019567476632807234 0.01126755112630951 0.00099349087547989765 115613.29691586764 0.0069803308342065353
decision_type=2 2 2 2 2 2 2 2 2 2 2 2 2 2 2 2 2 2 2 2 2 2 2 2 2 2 2 2 2 2
left_child=3 -2 -3 4 29 6 8 -7 14 10 27 12 13 -12 17 -9 -13 -6 -19 20 21 -17 -23 24 25 -20 -25 -10 -29 -1
right_child=1 2 -4 -5 5 7 -8 15 9 -11 11 16 -14 -15 -16 19 -18 18 23 -21 -22 22 -24 26 -26 -27 -28 28 -30 -31
leaf_value=-1.5431002254700758e-05 1.0350182519655108e-05 5.1093013260322045e-06 -9.5461295511191173e-05 -1.6628459131030603e-05 -7.0129864708615145e-06 5.946176690943166e-06 1.1691647914973872e-05 0.00010541653926613711 -2.6367901217647069e-05 3.4846278758363392e-06 3.4273408335677755e-06 -3.1456916541613504e-05 2.8043930124398674e-05 -6.1148555053624468e-07 2.150298192256593e-05 2.1344573299809596e-06 1.8138925993511259e-06 1.9797381397325425e-05 6.3839280291783478e-06 5.8446511136405269e-07 -5.2012161102273111e-06 -4.5279400576796524e-05 3.9842519863710838e-05 -3.6927616066809086e-05 3.7023625948437638e-06 -1.1290387795029899e-05 1.4137721299758329e-06 1.6195525393487002e-06 -8.3865434043381909e-05 -8.4295249002495237e-07
leaf_weight=61 24 25 29 84 60 23 21 22 49 22 23 37 27 31 21 35 20 23 20 36 373 79 27 111 23 63 28 22 23 188
leaf_count=61 24 25 29 84 60 23 21 22 49 22 23 37 27 31 21 35 20 23 20 36 373 79 27 111 23 63 28 22 23 188
internal_value=-0.0002454 0.00461538 0.00148148 -0.000489692 -0.000265669 0.000127152 0.00108974 -0.000882354 0.000555554 0.00248031 0.00146552 0.00405797 0.00796296 0.00425926 -0.000845273 -0.00124126 -0.00149123 -0.00134146 -0.000522389 -0.00154546 -0.00188716 0.000319148 -0.00169811 -0.00132653 0.000660376 -0.00138554 -0.00284173 -0.00234043 0.000555554 -0.00218876
internal_weight=1630 78 54 1552 1468 1219 624 595 603 254 232 138 81 54 349 572 57 328 268 550 514 141 106 245 106 83 139 94 45 249
internal_count=1630 78 54 1552 1468 1219 624 595 603 254 232 138 81 54 349 572 57 328 268 550 514 141 106 245 106 83 139 94 45 249
is_linear=0
shrinkage=0.05


Tree=111
num_leaves=31
num_cat=0
split_feature=1 2 21 38 9 16 38 18 4 19 5 25 5 38 24 15 41 39 41 32 19 25 19 21 34 34 40 42 9 23
split_gain=0.70565 1.17912 0.862839 0.742137 1.0393 1.00239 1.41339 0.92236 0.628679 0.476897 0.680948 0.425116 0.429762 0.420569 0.772262 0.402226 0.821266 0.669575 0.684556 0.467995 0.375397 0.639046 0.369398 0.361339 0.350462 0.327354 0.489879 0.307887 0.625 0.301871
threshold=107931.72500000002 107205.91000000002 0.01000000000203727 50.810693233466232 0.010301592509669931 0.0055287389496572617 43.704367559776053 -149.97499999999852 898.9901000000001 1760.5699999999999 -0.0053418251781513909 -0.92554745135550542 0.0056157759035883126 79.765498734122261 2282.1313844300007 0.006402774624384897 -125.9942923648219 895.14500000000055 -578.94800713605207 -5258.9565634995806 709.32999999999458 -0.79738506466801973 2256.7750000000019 982.35499999999604 97639.372233843838 94003.381764554157 260.53386269423214 -189.88265159012192 -0.0035029461313348135 -0.43248196400794786
decision_type=2 2 2 2 2 2 2 2 2 2 2 2 2 2 2 2 2 2 2 2 2 2 2 2 2 2 2 2 2 2
left_child=15 -2 -3 4 5 6 7 -4 -5 10 -7 -12 29 -10 -15 16 17 -1 -19 22 21 -18 -17 24 25 27 -27 28 -21 -13
right_child=1 2 3 8 -6 9 -8 -9 13 -11 11 12 -14 14 -16 19 20 18 -20 23 -22 -23 -24 -25 -26 26 -28 -29 -30 -31
leaf_value=-9.0857277572029659e-06 1.675486427958913e-06 1.2707514564863831e-06 1.3854530320694124e-06 6.5742847546132437e-06 3.3803716428037518e-06 8.4568563044729165e-06 3.2501698013105751e-06 -9.3961063024399776e-05 -3.8752327972167609e-06 -1.2898578752987196e-05 2.632832274539657e-06 -1.5239048178190157e-05 1.4658817011876089e-06 -7.0001341941963239e-05 5.9659917831272664e-06 4.3082376184308691e-05 -6.9993074933426757e-06 1.0192796566622824e-06 8.632020976768456e-05 -0.00012132144398648737 -1.1511512946863869e-05 1.5769013439419951e-05 -3.1988591178213987e-05 3.1012572238157305e-05 -1.2235993897581551e-05 0.0002220459008470837 -8.989511638999693e-06 -4.4435401498698611e-06 4.3952187464699397e-06 -6.6522744977100914e-07
leaf_weight=23 29 24 23 21 24 22 36 33 334 53 24 71 20 20 27 26 51 29 28 20 93 38 20 24 178 26 38 206 20 49
leaf_count=23 29 24 23 21 24 22 36 33 334 53 24 71 20 20 27 26 51 29 28 20 93 38 20 24 178 26 38 206 20 49
internal_value=-0.000429449 0.000617283 0.000249679 -4.62363e-05 0.00161972 0.000891237 0.00532609 0.000357142 -0.00151741 -0.000815901 0.000376343 -0.000731709 -0.00178572 -0.00198163 0.00244681 -0.00146342 0.000152671 0.004375 0.0072807 -0.00222222 -0.0017033 0.000617976 0.00260869 -0.00265625 -0.00295082 -0.00193549 0.00125 -0.00276423 0.00125 -0.00291667
internal_weight=1630 810 781 757 355 331 92 56 402 239 186 164 140 381 47 820 262 80 57 558 182 89 46 512 488 310 64 246 40 120
internal_count=1630 810 781 757 355 331 92 56 402 239 186 164 140 381 47 820 262 80 57 558 182 89 46 512 488 310 64 246 40 120
is_linear=0
shrinkage=0.05


Tree=112
num_leaves=31
num_cat=0
split_feature=1 18 7 5 15 5 34 15 24 42 38 38 36 35 22 19 3 3 28 31 20 16 20 15 40 22 23 11 16 36
split_gain=1.02917 0.851291 1.7704 1.04187 0.568955 0.996435 1.20273 0.700606 0.534329 0.491042 1.27499 0.500801 0.439759 0.557174 0.892126 1.11916 0.778241 0.536766 0.650093 1.32326 0.624814 0.694777 0.719343 0.439737 0.782 0.519298 0.380952 0.297458 0.289443 0.285522
threshold=107931.72500000002 680.26000000000215 0.0051774270773462328 0.011494931460759505 0.0038285997456593327 0.00066390125300333719 112806.83892181861 0.0028534337226392113 2096.5819420500006 -231.16748820484094 38.95272747364168 20.183904059847233 8150.955937478845 115968.66567500001 3514.3681907500004 1187.7099999999994 119256.13000000002 117376.64000000001 -1367.7273807184827 114984.14540000001 170.27499999999421 0.005349469429434193 307.36499999999802 0.0043332944670840664 49.788488319951291 2082.3554515000001 0.31433644249539738 0.016836263006543065 0.011817129413312212 4166.1204741469492
decision_type=2 2 2 2 2 2 2 2 2 2 2 2 2 2 2 2 2 2 2 2 2 2 2 2 2 2 2 2 2 2
left_child=9 4 -3 27 5 6 -2 -8 -6 10 11 -1 13 14 16 -16 17 18 -10 20 -20 -22 -23 24 -11 -26 -15 -4 -13 -25
right_child=1 2 3 -5 8 -7 7 -9 12 23 -12 28 -14 26 15 -17 -18 -19 19 -21 21 22 -24 29 25 -27 -28 -29 -30 -31
leaf_value=4.6100514653245379e-06 1.897011286716984e-06 3.4118229984550959e-06 -0.00013166554066835196 2.8973719147358166e-06 -6.6785155012562545e-06 -9.5521853547944329e-06 -7.2005800307651556e-05 7.8980206116086312e-06 -4.9373645826642954e-05 3.730176888900996e-06 2.3131150681447253e-06 -6.1870097848621094e-06 -4.9659320208939008e-05 -1.45475210736214e-05 2.6795969841986536e-06 1.4394423604706022e-07 6.3656351209947885e-06 -8.0187903835363876e-05 -2.5315109950996222e-05 1.6043939458470751e-06 -1.6603328252763899e-05 4.5331866910077188e-05 1.5830825010557725e-07 -7.3148279227737257e-06 2.0058559398839415e-05 -4.9338793966915238e-05 1.0397487670230094e-06 3.6124030482501175e-07 3.8636106147204281e-06 -1.9229507684207436e-07
leaf_weight=24 20 29 39 33 88 42 25 30 37 20 29 73 51 84 24 31 30 47 59 21 26 21 29 453 20 37 24 20 31 133
leaf_count=24 20 29 39 33 88 42 25 30 37 20 29 73 51 84 24 31 30 47 59 21 26 21 29 453 20 37 24 20 31 133
internal_value=-0.000214725 0.00104938 0.00491735 0.00152174 0.0003701 0.00354701 0.007 0.00318182 -0.000279721 -0.00146342 0.00105095 -0.00109375 0.0003719 0.000889144 0.00192308 0.00772727 0.00074074 -0.000208335 0.000958548 0.00237179 0.000555554 0.00355263 0.007 -0.00205882 0.00149351 -0.00149123 -0.00222222 -0.00245763 -0.00259616 -0.0025256
internal_weight=1630 810 121 92 689 117 75 55 572 820 157 128 484 433 325 55 270 240 193 156 135 76 50 663 77 57 108 59 104 586
internal_count=1630 810 121 92 689 117 75 55 572 820 157 128 484 433 325 55 270 240 193 156 135 76 50 663 77 57 108 59 104 586
is_linear=0
shrinkage=0.05


Tree=113
num_leaves=31
num_cat=0
split_feature=31 31 21 17 24 26 4 36 15 4 17 17 24 5 41 15 13 36 42 38 24 41 40 41 27 7 11 36 24 28
split_gain=1.44692 0.855133 0.66983 0.520515 1.14008 2.00077 1.02667 0.512951 0.694096 0.488466 0.615315 0.495016 0.480002 0.453933 0.452242 0.435814 0.694281 1.24616 0.533491 1.29479 1.29275 0.464842 0.438312 0.431677 0.3782 0.582593 0.321531 0.305427 0.476471 0.839543
threshold=108765.1866 109059.06160000002 2.6849999999976721 0.0073070698049446563 2849.6564062000002 118280.21332012671 5096.1569900000004 -3126.1847233567091 0.0070639988822212832 876.19457000000011 0.0065616103400880652 0.0064231302732327073 2058.4760946000001 0.0051643128292553691 807.64406396572508 0.004397350089725467 0.0050710324096314976 2578.239156337761 -176.63815200975816 38.95272747364168 3661.9477560000009 -662.63481799792032 -1547.9193456287755 121.58844898448667 114827.98575000001 0.0018249085644923898 -0.010013739468758822 4166.1204741469492 3324.8838620000006 1250.4235938994464
decision_type=2 2 2 2 2 2 2 2 2 2 2 2 2 2 2 2 2 2 2 2 2 2 2 2 2 2 2 2 2 2
left_child=15 -2 -3 4 6 -6 9 8 -5 12 11 13 -4 24 -9 16 23 -18 19 21 -21 22 -17 -1 25 -11 -10 -20 29 -29
right_child=1 2 3 7 5 -7 -8 14 26 10 -12 -13 -14 -15 -16 18 17 -19 27 20 -22 -23 -24 -25 -26 -27 -28 28 -30 -31
leaf_value=1.0646352512865392e-06 1.4939140233348348e-06 1.0699674045230812e-06 -6.3598262405508695e-05 1.239849260106256e-06 2.7690311020343777e-06 -1.905934021535781e-05 1.0418453376129443e-06 -5.1892754851401069e-05 -8.5286575567868546e-06 -3.5462229783874864e-06 -2.9291260670034767e-05 1.0873534388001646e-05 5.44694086217319e-06 5.5590351081007016e-06 9.7992416753979359e-07 -1.7765187601980286e-05 0.00015033881467279954 -0.00024672949629963816 -6.7956949655607513e-06 -1.8036136030966976e-06 1.3653250824015332e-06 -1.3844747791413027e-05 5.8844938447163818e-05 -2.4392168744354115e-05 -3.947325777384765e-05 3.4354988651117486e-06 2.2591288824576401e-06 0.00012868523312800593 -1.4198097128709549e-05 -1.4139888071535877e-06
leaf_weight=29 30 24 21 20 39 36 21 87 57 53 59 24 23 34 27 22 23 20 443 25 28 79 20 51 103 42 20 23 85 62
leaf_count=29 30 24 21 20 39 36 21 87 57 53 59 24 23 34 27 22 23 20 443 25 28 79 20 51 103 42 20 23 85 62
internal_value=6.13485e-05 0.00173611 0.00137681 0.00108108 0.00203297 0.00766667 0.000921051 -0.000971565 0.00170103 0.000292478 -0.000396827 0.000664061 0.00522727 -4.31046e-05 -0.00324562 -0.00126374 0.00150406 0.00662791 -0.00169632 0.000747125 0.00726415 -0.00210744 0.00214286 -0.00125 -0.000959597 0.00131579 -0.000454547 -0.00238989 -0.000588236 0.00205882
internal_weight=1630 720 690 666 455 75 380 211 97 359 315 256 44 232 114 910 123 43 787 174 53 121 42 80 198 95 77 613 170 85
internal_count=1630 720 690 666 455 75 380 211 97 359 315 256 44 232 114 910 123 43 787 174 53 121 42 80 198 95 77 613 170 85
is_linear=0
shrinkage=0.05


Tree=114
num_leaves=31
num_cat=0
split_feature=31 42 30 30 23 20 20 38 40 0 21 11 25 15 25 20 9 19 13 36 35 23 22 38 17 38 38 38 30 0
split_gain=1.99945 0.773628 0.888624 1.11273 0.988895 0.81887 1.14259 0.9375 1.6 1.11108 0.823843 1.28692 0.579412 0.572493 0.5464 0.440977 0.525062 0.426212 0.424572 0.946939 1.06037 0.931569 0.462027 0.435433 0.371661 0.332392 0.858 0.330087 0.296569 0.273485
threshold=108765.1866 -17.61839135036244 115315.46300533622 114904.26686075749 -1.0461137656665696 260.39500000000413 771.05999999999779 42.657596823322713 482.6285743542831 112726.51000000002 793.62000000000273 0.0012927098370463465 1.1250442769249041 0.0037652216326844018 -0.60510866479107184 199.82499999999712 0.0020126107596774496 1726.884999999995 -0.00028489975653459937 4528.9015344475856 83845.89175000001 -0.18961033705302252 1774.9518107500003 20.183904059847233 0.0071620867110212772 71.442896994392157 72.711497757360334 79.765498734122261 117364.92848732257 103211.63500000002
decision_type=2 2 2 2 2 2 2 2 2 2 2 2 2 2 2 2 2 2 2 2 2 2 2 2 2 2 2 2 2 2
left_child=18 5 3 4 -3 10 7 9 -9 -7 11 28 13 -6 -13 -15 -17 -4 19 20 -1 -21 -20 -22 -11 -24 -27 -28 -2 -29
right_child=1 2 17 -5 12 6 -8 8 -10 24 -12 14 -14 15 -16 16 -18 -19 22 21 23 -23 25 -25 -26 26 27 29 -30 -31
leaf_value=4.5804528468190721e-05 -3.516730562688787e-05 1.7457333406584035e-06 -4.117709796288405e-05 2.9881647656239468e-05 5.4927625065032158e-06 2.1340448604817651e-06 -1.1571936059205315e-05 3.2337465313136791e-06 1.9100808454169698e-06 9.5432687860068125e-07 1.2945456206842114e-06 3.5596757760060582e-06 3.5209122894859899e-06 -6.1709013769022694e-05 1.5037456480135602e-06 1.046338133846124e-05 -1.5353954202888904e-05 8.9006295647249281e-07 5.0304937385173297e-07 2.1376686481946755e-07 1.9601054906609617e-06 5.7323755932199046e-05 -8.3059246693769771e-06 -3.4785829272468623e-06 -9.6603436472394966e-05 0.00016304142984865737 -2.1857482259729659e-05 -6.0674278924323202e-06 8.8725880634954511e-07 1.6823558019682097e-06
leaf_weight=20 102 21 119 22 28 39 25 20 20 21 22 21 24 68 20 20 51 23 38 41 27 21 314 321 20 23 61 24 34 20
leaf_count=20 102 21 119 22 28 39 25 20 20 21 22 21 24 68 20 20 51 23 38 41 27 21 314 321 20 23 61 24 34 20
internal_value=0.000184048 0.00215278 0.000585105 0.00247863 0.00136792 0.00386628 0.00672414 0.00875 0.015 0.005625 0.00178392 0.000649716 0.000235601 -0.000808384 0.00841463 -0.0021223 0.000633802 -0.00253521 -0.00137363 -0.000232559 -0.00119565 0.00548387 -0.00239583 -0.00183908 -0.000121952 -0.00285068 -0.000703126 -0.00261905 -0.00169118 0.000681817
internal_weight=1630 720 376 234 212 344 145 120 40 80 199 177 191 167 41 139 71 142 910 430 368 62 480 348 41 442 128 105 136 44
internal_count=1630 720 376 234 212 344 145 120 40 80 199 177 191 167 41 139 71 142 910 430 368 62 480 348 41 442 128 105 136 44
is_linear=0
shrinkage=0.05


Tree=115
num_leaves=31
num_cat=0
split_feature=31 42 20 20 9 2 38 11 11 21 23 32 36 5 1 38 22 11 20 20 36 36 7 20 26 32 30 36 18 23
split_gain=1.90201 0.79834 0.780486 1.22805 1.28375 0.930031 0.910038 0.882513 1.05834 0.886148 0.673602 0.701238 0.930329 0.625 0.567624 0.395703 0.324928 0.663063 0.379718 0.550377 0.398442 0.785351 0.71096 0.5464 0.442642 0.39761 0.282669 0.244008 0.326735 0.542735
threshold=108765.1866 -14.324624589912942 260.39500000000413 691.65000000000157 -0.0069925914675042933 111976.97500000002 42.657596823322713 0.0012927098370463465 0.0050516346972576303 793.62000000000273 -0.99075893988717334 2752.4809633447153 6794.3847335196124 0.00021198536310554374 110396.81500000002 20.183904059847233 1774.9518107500003 -0.00081161966647280855 53.985000000000589 67.175000000002925 4166.1204741469492 7144.6098837378458 -0.0037277936720855422 256.36499999999802 105388.92523245535 -5845.743324824557 117364.92848732257 -171.03053184910092 -198.95999999999182 0.018973469255128567
decision_type=2 2 2 2 2 2 2 2 2 2 2 2 2 2 2 2 2 2 2 2 2 2 2 2 2 2 2 2 2 2
left_child=15 2 7 4 5 -4 -6 9 -9 26 13 14 -13 -3 -12 -1 17 -17 -18 -20 25 22 -22 -24 -23 -21 -2 28 -27 -30
right_child=1 10 3 -5 6 -7 -8 8 -10 -11 11 12 -14 -15 -16 16 18 -19 19 20 21 24 23 -25 -26 27 -28 -29 29 -31
leaf_value=1.8621002161279128e-06 -3.357185617611823e-05 -5.8859648459604212e-08 6.2307449714371877e-07 -1.8024753549313532e-07 2.464003582199949e-06 -1.0079518039331306e-05 3.7641515902291858e-06 5.8692567169631086e-06 -2.5713340823052658e-05 1.2428362573644443e-06 9.5835475446692385e-06 2.5598052718966136e-05 -5.7911136244253247e-05 5.3336419921085447e-06 -2.979597733635367e-06 -2.4485035057115949e-05 -9.6111641015502721e-06 9.472875278883855e-07 2.1635953049587763e-06 5.3377559433622088e-05 -1.8419818625037684e-06 -5.9607285746554181e-06 6.5160321279506667e-06 0.00012077152113604474 3.0362466697938719e-06 -1.0373669283262067e-05 7.4917121496612783e-07 -7.7046058100784441e-06 -7.9299049631364269e-06 5.677296541220796e-06
leaf_weight=27 103 20 21 40 32 32 22 22 21 21 31 34 25 20 241 23 102 37 23 23 22 97 21 20 32 99 35 185 135 64
leaf_count=27 103 20 21 40 32 32 22 22 21 21 31 34 25 20 241 23 102 37 23 23 22 97 21 20 32 99 35 185 135 64
internal_value=-0.00018405 0.00173611 0.00345272 0.00622449 0.00901869 0.00349056 0.0144444 0.00143564 0.0077907 -0.00028302 0.000121293 -0.000619337 0.00432203 0.00625 -0.00169118 -0.0017033 -0.00188562 0.00166667 -0.00214459 -0.00174064 -0.00199141 -5.20845e-05 0.00452381 0.00841463 -0.00228682 -0.00272727 -0.00173913 -0.00303313 -0.00214765 -0.000979901
internal_weight=1630 720 349 147 107 53 54 202 43 159 371 331 59 40 272 910 883 60 823 721 698 192 63 41 129 506 138 483 298 199
internal_count=1630 720 349 147 107 53 54 202 43 159 371 331 59 40 272 910 883 60 823 721 698 192 63 41 129 506 138 483 298 199
is_linear=0
shrinkage=0.05


Tree=116
num_leaves=31
num_cat=0
split_feature=31 42 30 39 15 9 23 22 15 4 4 20 11 17 17 19 40 21 7 28 18 40 1 5 23 7 18 42 41 5
split_gain=1.8103 0.885305 0.719401 0.700681 1.23217 0.749294 0.680547 0.70494 1.16706 0.64615 1.4492 0.9 0.821949 0.743308 0.710779 0.594873 0.520773 0.689068 0.409605 0.400934 0.414008 0.440386 0.850045 0.712823 0.746422 0.780046 0.275849 0.353507 0.317647 0.253521
threshold=108765.1866 -17.61839135036244 115315.46300533622 687.01964285714098 0.0038643997947393522 0.010301592509669931 -0.99075893988717334 2389.6028197500004 0.0051664480415344388 2040.3054000000004 2406.2908400000001 238.23000000000323 0.00089479110040099343 0.007370965466194636 0.0066119927557741444 314.79499999999831 -665.88656000101753 311.20499999999453 0.006182544794416261 -3427.3428185359367 -198.95999999999182 155.58170615847487 106655.61000000002 -0.0012222531692523276 0.15325072459806877 0.013075360309771397 142.1450000000041 81.613339187457356 878.01097458359027 -0.00024738020971611465
decision_type=2 2 2 2 2 2 2 2 2 2 2 2 2 2 2 2 2 2 2 2 2 2 2 2 2 2 2 2 2 2
left_child=15 3 6 -2 -5 9 -3 8 -8 12 11 -11 -6 14 -12 -1 17 -15 -10 -17 -21 22 23 -22 -25 -26 27 28 -23 -4
right_child=1 2 29 4 5 -7 7 -9 18 10 13 -13 -14 16 -16 19 -18 -19 -20 20 21 26 -24 24 25 -27 -28 -29 -30 -31
leaf_value=2.6517477695508068e-07 -8.4063970427459634e-05 1.6206477901503752e-06 -2.1758650438033943e-05 3.6759684886599662e-06 -3.1567449685873992e-05 2.8168668619120957e-06 3.1128096907492641e-05 -9.7812903997941403e-07 -1.678508656040521e-06 1.5788157674483686e-06 1.026337648734958e-07 1.4496353831844963e-06 3.3643751785696897e-06 2.3203030353706982e-06 2.5446260553411581e-06 1.4564421321674717e-05 -1.0308078589907684e-05 -3.9345506737879031e-05 1.4650852499056317e-06 -3.9448546171555781e-06 5.2611469089102836e-05 -9.1435346974540145e-05 1.1194550480128093e-06 -5.2335562238220703e-06 9.2498742066577912e-05 -2.0099644786693132e-05 -1.334662521614711e-05 7.6960913802472949e-05 6.6801967311380614e-06 -8.435702194244998e-07
leaf_weight=22 23 29 71 22 61 24 39 107 29 20 38 20 20 21 26 28 44 25 30 298 24 48 20 171 34 27 182 36 20 71
leaf_count=22 23 29 71 22 61 24 39 107 29 20 38 20 20 21 26 28 44 25 30 298 24 48 20 171 34 27 182 36 20 71
internal_value=-0.000276075 0.00159722 -7.97884e-05 0.00343023 0.00403427 0.00319398 0.00162393 0.000609755 0.00367347 0.00245454 0.00402062 0.0125 -0.0012963 0.00181818 0.0059375 -0.00175824 -0.00111111 0.00260869 -0.000762713 -0.00195946 -0.00215116 -0.00135231 7.24626e-05 -0.000703126 -0.00155173 0.00319672 -0.00272727 -0.000673078 -0.00279412 -0.00288733
internal_weight=1630 720 376 344 321 299 234 205 98 275 194 40 81 154 64 910 90 46 59 888 860 562 276 256 232 61 286 104 68 142
internal_count=1630 720 376 344 321 299 234 205 98 275 194 40 81 154 64 910 90 46 59 888 860 562 276 256 232 61 286 104 68 142
is_linear=0
shrinkage=0.05


Tree=117
num_leaves=31
num_cat=0
split_feature=31 42 23 11 39 16 17 17 21 13 26 3 1 23 32 35 31 15 2 28 36 40 15 41 23 23 18 32 32 19
split_gain=1.25019 1.09104 0.798736 1.12201 0.676728 1.09581 0.659471 1.10382 1.37779 1.38913 0.721128 0.738356 0.697472 0.560649 0.512153 0.446282 0.441352 0.395067 0.620205 0.375906 0.365906 0.971453 0.388649 0.629523 0.570224 1.03896 0.318917 0.386897 0.56573 0.619744
threshold=108765.1866 -17.61839135036244 -0.99075893988717334 0.0051938221975621228 687.01964285714098 0.0047232662749924241 0.0061216206183495794 0.0073070698049446563 207.33499999999188 -0.013908670751233818 115342.26127620299 110536.38500000001 108723.83500000001 0.24148232114255289 2841.5338030300195 114552.22457500001 111279.64580000001 0.0033104115329917233 103068.71000000001 -3427.3428185359367 3253.9842841622744 115.79299849976816 0.0071999236941438557 1121.6522455691254 0.71519739459066234 0.03188384189605848 -198.95999999999182 941.74652135488589 533.47922508400382 1973.7899999999938
decision_type=2 2 2 2 2 2 2 2 2 2 2 2 2 2 2 2 2 2 2 2 2 2 2 2 2 2 2 2 2 2
left_child=17 4 3 -3 -2 -6 -7 8 15 -10 11 12 -9 -4 16 -8 -15 18 -1 -19 26 -22 -23 24 25 -24 -21 28 29 -28
right_child=1 2 13 -5 5 6 7 10 9 -11 -12 -13 -14 14 -16 -17 -18 19 -20 20 21 22 23 -25 -26 -27 27 -29 -30 -31
leaf_value=-5.3399266072161492e-06 -7.9860771906086641e-05 -1.3877293700925082e-07 -3.856321445362406e-06 2.4551508603984039e-06 5.0952334133284717e-06 -1.4484345733687573e-05 1.7529690229643145e-06 5.9799828705823316e-07 5.6814819171859492e-06 2.6879829458708835e-06 -1.9111563977246879e-05 2.6519115208159276e-06 -6.9929067766087203e-05 1.0730576984263396e-05 2.1817108896186215e-05 -2.1998782381382108e-05 -2.6831283987479835e-05 1.3836200255591035e-05 1.0336084659599078e-06 -7.8941107314527641e-06 9.2501604726485059e-07 -5.7394052472791631e-06 2.036099400090432e-05 -7.019948992353838e-05 -1.2342957517034136e-05 4.0208294938619336e-05 -3.5447777570254919e-06 -1.2000457671346917e-05 6.1720946794644007e-06 2.1717359361133975e-05
leaf_weight=22 23 20 217 21 27 52 26 37 21 33 56 20 25 26 35 24 57 28 21 201 25 106 35 35 26 20 215 120 27 29
leaf_count=22 23 20 217 21 27 52 26 37 21 33 56 20 25 26 35 24 57 28 21 201 25 106 35 35 26 20 215 120 27 29
internal_value=-0.00030675 0.00125 -0.000611703 0.00597561 0.00328488 0.0038785 0.0029932 0.00409091 0.00798077 0.0135185 0.00115942 0.00414634 0.00145161 -0.00141791 0.00135593 0.002 -0.000783134 -0.00153846 0.00313953 -0.00177047 -0.00196067 -0.000344131 -0.0013964 0.000603447 0.00302469 0.00590909 -0.00263514 -0.00180307 -0.000756459 -0.00151639
internal_weight=1630 720 376 41 344 321 294 242 104 54 138 82 62 335 118 50 83 910 43 867 839 247 222 116 81 55 592 391 271 244
internal_count=1630 720 376 41 344 321 294 242 104 54 138 82 62 335 118 50 83 910 43 867 839 247 222 116 81 55 592 391 271 244
is_linear=0
shrinkage=0.05


Tree=118
num_leaves=31
num_cat=0
split_feature=31 42 7 21 11 11 20 19 19 31 23 36 38 4 23 32 18 4 32 13 18 36 40 4 7 13 38 30 7 32
split_gain=1.59081 0.86152 0.852937 1.58851 0.766217 1.46518 0.909313 0.685116 0.569369 0.505313 0.502265 0.476512 0.472508 0.4 0.381446 0.705545 0.694916 0.728139 0.473169 0.416768 0.305284 0.279946 1.28267 1.26572 0.32 0.746667 0.528557 0.605752 0.936643 0.284238
threshold=108847.70900000002 -17.61839135036244 -0.0071126087278031999 648.20500000000186 0.0012927098370463465 0.0046704023512487624 247.34500000000847 1061.9449999999999 314.79499999999831 114933.0499 -0.99075893988717334 -4804.7089960456788 20.183904059847233 2415.5330650000005 0.37866200760873708 970.29743239391257 777.22999999999604 3504.5813950000006 -867.5566781633969 -0.0023400265738443885 -1735.2549999999972 2514.7036021686804 163.33752777718476 2353.5168450000006 -0.0028227242136352813 -0.00028489975653459937 71.65089237606982 104730.59338125597 0.0070910207862187784 -5845.743324824557
decision_type=2 2 2 2 2 2 2 2 2 2 2 2 2 2 2 2 2 2 2 2 2 2 2 2 2 2 2 2 2 2
left_child=8 2 7 4 6 -6 -4 -2 -1 -8 -3 -12 -10 -7 18 -16 17 -17 19 -13 -9 29 23 -23 -24 -26 -27 28 -28 -14
right_child=1 10 3 -5 5 13 9 20 12 -11 11 14 21 -15 15 16 -18 -19 -20 -21 -22 22 24 -25 25 26 27 -29 -30 -31
leaf_value=2.0313547294590696e-07 1.3635185055384837e-06 1.4168575847721481e-06 -2.4767723280260166e-05 1.5164942302307159e-06 8.5004554248391118e-06 3.5087691477507263e-06 -1.0334992339762692e-06 3.7104814548446756e-07 3.4061555089472741e-07 2.625946979373312e-06 1.6184792043804387e-06 -1.8917971886104238e-06 3.4598801113228397e-05 -2.3508344398376926e-05 -3.5035760905069362e-06 2.958820990876191e-05 -1.5081444348953361e-06 -1.1214963482491926e-05 -2.4917563114407692e-05 6.3861049866982919e-07 -1.6226772822572674e-05 -4.9695334952946785e-05 -6.1796907176400558e-06 1.9681839861167319e-06 2.2974552639630903e-05 -2.6837311876870389e-05 0.00012658142612363311 -0.0001113656235704402 -1.336416730469678e-06 -4.3665540182685007e-06
leaf_weight=22 20 39 91 32 21 20 26 21 25 37 22 26 27 20 32 20 31 22 148 28 52 20 70 26 25 83 20 26 21 557
leaf_count=22 20 39 91 32 21 20 26 21 25 37 22 26 27 20 32 20 31 22 148 28 52 20 70 26 25 83 20 26 21 557
internal_value=-0.000214725 0.0015678 0.00338235 0.00491903 0.00337209 0.00811475 0.00149351 -0.000698926 -0.00158352 0.00611111 -0.000108697 -0.000744682 -0.00177778 0.0025 -0.00125407 0.00119047 0.00390411 0.00809524 -0.00252475 0.00148148 -0.00294521 -0.00197143 -0.000704469 0.00695652 -0.00214286 -0.001 -0.00233333 0.000970148 0.0047561 -0.00260274
internal_weight=1630 708 340 247 215 61 154 93 922 63 368 329 900 40 307 105 73 42 202 54 73 875 291 46 245 175 150 67 41 584
internal_count=1630 708 340 247 215 61 154 93 922 63 368 329 900 40 307 105 73 42 202 54 73 875 291 46 245 175 150 67 41 584
is_linear=0
shrinkage=0.05


Tree=119
num_leaves=31
num_cat=0
split_feature=27 42 9 5 21 11 21 30 5 23 35 15 24 19 38 20 9 41 20 20 5 32 19 17 15 42 13 42 24 9
split_gain=1.91642 0.970928 1.23133 0.891977 1.18004 0.784738 0.732012 0.741552 0.777351 0.720728 0.649509 0.75013 0.536566 0.519476 0.433319 0.379813 0.52443 0.49784 0.362624 0.441506 0.328319 0.32511 0.293369 0.650854 0.251253 0.570978 1.27797 0.376361 0.360516 0.532197
threshold=108622.08025000001 -17.61839135036244 0.010301592509669931 0.00017230546258219587 756.22499999999866 0.0012927098370463465 42.950000000004373 117364.92848732257 -0.0043589117232413948 -0.99075893988717334 113105.26502500002 0.0068006276033432652 1964.4788451000002 327.94999999999715 20.183904059847233 88.084999999999141 -0.0097474191326117118 683.23714639976822 53.985000000000589 65.369999999995358 0.0066001712596928273 -5460.8371247366149 837.25000000000011 0.0063345268577412227 0.0093193315940265208 249.84113024287038 0.027075713404562187 367.98751372540562 3052.4477886000004 0.0020126107596774496
decision_type=2 2 2 2 2 2 2 2 2 2 2 2 2 2 2 2 2 2 2 2 2 2 2 2 2 2 2 2 2 2
left_child=13 2 3 4 6 20 -2 10 -9 -3 -8 -12 -11 -1 -15 -14 -17 22 -16 -20 -5 -21 23 -18 25 28 -27 -28 -23 -30
right_child=1 9 -4 5 -6 -7 7 8 -10 12 11 -13 15 14 18 16 17 -19 19 21 -22 24 -24 -25 -26 26 27 -29 29 -31
leaf_value=1.8970369618566123e-07 3.3339920362609532e-06 1.3460147055335115e-06 3.0908627786206801e-06 -3.9866804329092724e-05 6.7015094979080299e-07 1.7491842611104121e-06 -3.1239149391122069e-05 -2.9714341750948118e-06 4.4214083070783729e-06 7.8135841188624436e-05 4.8349070570604728e-06 -9.6393683118649396e-06 -5.3527981582973327e-05 2.960514258782002e-07 -4.7518347314606426e-06 2.800720053855449e-06 1.5736677025666183e-06 6.5375802090762308e-06 6.7233832923090186e-06 2.0736106169729261e-05 1.3026702736743012e-06 -6.9082163761293024e-06 -1.414836638300994e-05 -0.0001027318253463531 -7.9874531705997361e-06 7.1622925538806064e-06 5.7897010073894625e-05 -1.3289758498282587e-05 4.2786048368300615e-07 -1.6200344368261836e-05
leaf_weight=23 20 39 26 81 28 35 51 23 20 27 22 28 75 26 114 20 34 38 25 30 26 195 111 28 198 23 22 45 129 68
leaf_count=23 20 39 26 81 28 35 51 23 20 27 22 28 75 26 114 20 34 38 25 30 26 195 111 28 198 23 22 45 129 68
internal_value=-1.19209e-09 0.00189891 0.00375 0.00293413 0.00515625 -7.04237e-05 0.00353658 0.00229167 0.0077907 0.000107526 -4.95061e-05 0.004 -0.000645647 -0.00154789 -0.00174286 -0.00124183 -0.000238096 -0.000971565 -0.00193757 -0.00153061 -0.00219626 -0.00176056 -0.00210983 0.00064516 -0.0019853 -0.0013693 0.00222222 -0.00126866 -0.00219388 -0.00068528
internal_weight=1630 732 360 334 192 142 164 144 43 372 101 50 333 898 875 306 231 211 849 735 107 710 173 62 680 482 90 67 392 197
internal_count=1630 732 360 334 192 142 164 144 43 372 101 50 333 898 875 306 231 211 849 735 107 710 173 62 680 482 90 67 392 197
is_linear=0
shrinkage=0.05


end of trees

feature_importances:
lower_wick=198
vol_std_10=174
candle_range=163
volume_zscore_50=154
rsi=151
log_return_3=149
log_return_6=146
upper_wick=146
log_return_2=145
volume_zscore_20=143
log_return_1=140
log_return_12=132
atr=131
vol_std_50=126
volume=122
macd_hist=118
price_minus_ema_200=111
volume_mean_50=107
price_minus_ema_20=99
price_minus_ema_50=95
vol_std_20=94
volume_mean_20=90
macd=80
macd_signal=80
candle_body=66
open=59
ema_200=58
sma_200=54
sma_50=49
ema_50=46
close=43
high=38
sma_20=35
ema_20=30
low=28

parameters:
[boosting: gbdt]
[objective: quantile]
[metric: quantile]
[tree_learner: serial]
[device_type: cpu]
[data_sample_strategy: bagging]
[data: ]
[valid: ]
[num_iterations: 120]
[learning_rate: 0.05]
[num_leaves: 31]
[num_threads: 0]
[seed: 42]
[deterministic: 0]
[force_col_wise: 0]
[force_row_wise: 0]
[histogram_pool_size: -1]
[max_depth: -1]
[min_data_in_leaf: 20]
[min_sum_hessian_in_leaf: 0.001]
[bagging_fraction: 1]
[pos_bagging_fraction: 1]
[neg_bagging_fraction: 1]
[bagging_freq: 0]
[bagging_seed: 400]
[bagging_by_query: 0]
[feature_fraction: 1]
[feature_fraction_bynode: 1]
[feature_fraction_seed: 30056]
[extra_trees: 0]
[extra_seed: 12879]
[early_stopping_round: 0]
[early_stopping_min_delta: 0]
[first_metric_only: 0]
[max_delta_step: 0]
[lambda_l1: 0]
[lambda_l2: 0]
[linear_lambda: 0]
[min_gain_to_split: 0]
[drop_rate: 0.1]
[max_drop: 50]
[skip_drop: 0.5]
[xgboost_dart_mode: 0]
[uniform_drop: 0]
[drop_seed: 17869]
[top_rate: 0.2]
[other_rate: 0.1]
[min_data_per_group: 100]
[max_cat_threshold: 32]
[cat_l2: 10]
[cat_smooth: 10]
[max_cat_to_onehot: 4]
[top_k: 20]
[monotone_constraints: ]
[monotone_constraints_method: basic]
[monotone_penalty: 0]
[feature_contri: ]
[forcedsplits_filename: ]
[refit_decay_rate: 0.9]
[cegb_tradeoff: 1]
[cegb_penalty_split: 0]
[cegb_penalty_feature_lazy: ]
[cegb_penalty_feature_coupled: ]
[path_smooth: 0]
[interaction_constraints: ]
[verbosity: -1]
[saved_feature_importance_type: 0]
[use_quantized_grad: 0]
[num_grad_quant_bins: 4]
[quant_train_renew_leaf: 0]
[stochastic_rounding: 1]
[linear_tree: 0]
[max_bin: 255]
[max_bin_by_feature: ]
[min_data_in_bin: 3]
[bin_construct_sample_cnt: 200000]
[data_random_seed: 175]
[is_enable_sparse: 1]
[enable_bundle: 1]
[use_missing: 1]
[zero_as_missing: 0]
[feature_pre_filter: 1]
[pre_partition: 0]
[two_round: 0]
[header: 0]
[label_column: ]
[weight_column: ]
[group_column: ]
[ignore_column: ]
[categorical_feature: ]
[forcedbins_filename: ]
[precise_float_parser: 0]
[parser_config_file: ]
[objective_seed: 16083]
[num_class: 1]
[is_unbalance: 0]
[scale_pos_weight: 1]
[sigmoid: 1]
[boost_from_average: 1]
[reg_sqrt: 0]
[alpha: 0.9]
[fair_c: 1]
[poisson_max_delta_step: 0.7]
[tweedie_variance_power: 1.5]
[lambdarank_truncation_level: 30]
[lambdarank_norm: 1]
[label_gain: ]
[lambdarank_position_bias_regularization: 0]
[eval_at: ]
[multi_error_top_k: 1]
[auc_mu_weights: ]
[num_machines: 1]
[local_listen_port: 12400]
[time_out: 120]
[machine_list_filename: ]
[machines: ]
[gpu_platform_id: -1]
[gpu_device_id: -1]
[gpu_use_dp: 0]
[num_gpu: 1]

end of parameters

pandas_categorical:[]
