tree
version=v4
num_class=1
num_tree_per_iteration=1
label_index=0
max_feature_idx=42
objective=quantile
feature_names=open high low close volume log_return_1 return_1 log_return_2 return_2 log_return_3 return_3 log_return_6 return_6 log_return_12 return_12 vol_std_10 vol_std_20 vol_std_50 candle_body candle_range upper_wick lower_wick volume_mean_20 volume_zscore_20 volume_mean_50 volume_zscore_50 ema_20 sma_20 price_minus_ema_20 slope_ema_20 ema_50 sma_50 price_minus_ema_50 slope_ema_50 ema_200 sma_200 price_minus_ema_200 slope_ema_200 rsi atr macd macd_signal macd_hist
feature_infos=[74610:126011.17999999999] [74987.410000000003:126199.63] [74508:125868.13] [74610:126011.17999999999] [0.90957999999999994:5120.9296299999996] [-0.076213425842074245:0.040004704750242336] [-0.073381578862939834:0.040815670958649353] [-0.095875836207774623:0.041971092179737955] [-0.091423178590933962:0.042864331380368714] [-0.10131821420214103:0.068419519517548516] [-0.096354565681583404:0.070814441820102214] [-0.11708717941071024:0.084158388177390422] [-0.11049235696906867:0.087801175010286281] [-0.11607024376392606:0.085124903582219441] [-0.1095873248370608:0.088853059852892047] [5.5416024405987701e-05:0.031649214596091657] [8.809389925905917e-05:0.022158627236332263] [0.00012889912962381201:0.014097921337983134] [-8234.1000000000058:4105.2299999999959] [0.0099999999947613105:8710.9199999999983] [0:1660.9599999999919] [0:3219.0800000000017] [4.6161584999999992:1587.1396115] [-2.5393999740184516:4.2469116631925683] [5.6158606000000013:889.56782339999995] [-2.340040315411688:6.904964570696559] [75375.586608073674:125570.44766804487] [75135.553499999995:125573.1335] [-10736.080185433486:3608.7021457195369] [-1130.1137037298467:379.86338375994819] [75840.161940382503:125352.23394231743] [75808.42319999999:125416.9258] [-12452.277731600014:5486.1758388508024] [-508.25623394285503:223.92554444289999] [76921.974836238209:124759.71033771298] [76618.984799999991:124909.99865000001] [-15213.583930802342:7751.0308783209039] [-152.90034101308265:77.899807822323055] [0:99.939920425216499] [5.5699999999986698:3168.5657142857162] [-2165.7195434148889:1653.8458364529943] [-1581.4278629748374:1543.3695758490951] [-1020.6376666171143:424.62174162742986]
tree_sizes=2968 3050 3004 3019 2997 3003 3059 3034 3024 3031 3010 3019 3026 3033 3012 3010 3036 2995 2990 3014 3035 2994 2986 3002 3013 3008 3009 3002 3002 2985 3018 2997 2992 3000 2991 3013 2980 2977 3017 3010 3012 3006 2998 2949 2993 2992 2977 2980 2985 2966 3002 2990 2960 3019 2977 3003 2938 2974 2964 2966 2979 2976 3061 3012 2953 3012 2997 3009 3005 2977 2946 2996 2950 2978 2930 3001 2979 2928 2978 2977 3004 2988 2960 2964 2924 2934 2937 2970 3027 2961 3018 2945 2953 2967 2945 2942 2962 2987 2930 2933 2938 2933 2931 3018 2935 2946 2963 2956 2983 2911 2973 2953 2918 2933 2945 2934 2923 2951 2960 2988

Tree=0
num_leaves=31
num_cat=0
split_feature=39 15 39 4 2 4 3 28 39 0 39 39 11 39 38 9 20 32 42 0 18 23 7 3 21 9 7 16 41 36
split_gain=395.695 78.839 45.9471 20.3132 13.6499 9.62473 7.98896 7.72809 7.66612 7.54563 5.93324 4.36998 4.22856 4.10088 3.55886 3.53262 3.40731 2.99674 2.99508 2.94025 2.92023 2.83649 2.87596 2.76533 2.74484 2.6729 2.57385 2.54568 2.51926 2.45307
threshold=167.33500000000228 0.0018295233310549632 109.42785714285857 163.68205000000003 103773.68000000001 110.19018500000001 92312.390000000014 -443.15730491993594 231.34535714285659 104585.36500000001 83.346785714284394 407.90785714285875 -0.004428310526640505 209.15499999999989 61.675720928698361 -0.005553657059616037 82.644999999996813 -360.68927875020739 -82.959117651509885 81846.190000000017 -313.63999999999936 0.52727472658801122 -0.0050444583175174177 79018.705000000016 85.254999999997395 -0.00064890890994254386 -0.0017738713781178729 0.0011467355045766518 -382.96274608113799 -909.27133857628348
decision_type=2 2 2 2 2 2 2 2 2 2 2 2 2 2 2 2 2 2 2 2 2 2 2 2 2 2 2 2 2 2
left_child=2 4 10 6 7 9 14 18 12 17 -1 15 -6 19 21 -5 25 -4 29 -9 -7 22 -3 -13 -15 -8 28 -19 -25 -2
right_child=1 3 5 11 8 20 16 13 -10 -11 -12 23 -14 24 -16 -17 -18 27 -20 -21 -22 -23 -24 26 -26 -27 -28 -29 -30 -31
leaf_value=0.001278660777277776 0.0014051710025706654 0.0013935267312444656 0.0013281793263357489 0.0014335751384883522 0.0013425118970841975 0.0013619353198137784 0.0013525576563503255 0.0013545374319800824 0.0013406974689062427 0.0012999227636462968 0.0012929542899785551 0.0015363323152073893 0.0013152177766715567 0.0013455814040408188 0.0013682635610007487 0.0013884499702818299 0.0013572081008103004 0.001306356554630652 0.0013784976050336684 0.0013297319922212058 0.0013256798855969712 0.001328945983510598 0.0013810502459485827 0.0015166197514796531 0.0013833558583155521 0.0013343668249321012 0.0014667292396785714 0.0013178568426799389 0.0014629887958352212 0.0013856255678409563
leaf_weight=18978 90 59 771 557 489 73 899 234 2922 13085 13802 131 7295 2192 762 2155 767 6634 350 4047 2255 144 2188 163 698 1408 964 3060 410 51
leaf_count=18978 90 59 771 557 489 73 899 234 2922 13085 13802 131 7295 2192 762 2155 767 6634 350 4047 2255 144 2188 163 698 1408 964 3060 410 51
internal_value=0.00131275 0.00609319 -0.00104863 0.00952532 0.00411124 0.000526353 0.00769022 0.00572242 0.00295815 0.000223177 -0.00229198 0.0121343 0.0021384 0.00530691 0.00945856 0.0108957 0.00587643 0.00122396 0.011791 0.0043245 0.00359328 0.0104069 0.0108428 0.0141481 0.00676218 0.0049166 0.0135537 0.000985342 0.0162076 0.0179436
internal_weight=87633 28975 58658 10607 18368 25878 6227 7662 10706 23550 32780 4380 7784 7171 3153 2712 3074 10465 491 4281 2328 2391 2247 1668 2890 2307 1537 9694 573 141
internal_count=87633 28975 58658 10607 18368 25878 6227 7662 10706 23550 32780 4380 7784 7171 3153 2712 3074 10465 491 4281 2328 2391 2247 1668 2890 2307 1537 9694 573 141
is_linear=0
shrinkage=1


Tree=1
num_leaves=31
num_cat=0
split_feature=39 15 39 4 3 19 34 42 39 3 39 39 23 39 32 15 15 9 20 0 20 36 9 9 13 39 13 7 16 9
split_gain=354.235 68.6001 43.6838 17.4225 12.7184 9.13698 7.60089 7.40873 7.21489 5.83296 5.03848 4.37072 3.99454 3.71464 3.66347 3.60087 3.1305 2.87246 2.86585 2.83971 2.81225 2.73044 2.49799 2.42789 2.38078 2.32114 2.31577 2.3102 2.29061 2.23513
threshold=166.24785714285622 0.0018295233310549632 106.97499999999856 163.68205000000003 103183.75500000002 244.65499999999886 89248.063341230663 -82.959117651509885 231.34535714285659 92495.695000000022 83.346785714284394 407.90785714285875 -0.24015009015280528 209.15499999999989 -869.78686122214265 0.0024763623206002215 0.0043649083500650046 -0.005553657059616037 82.644999999996813 81846.190000000017 237.06499999999508 -3417.9023739720938 -0.0023623512277981813 0.0038765931153501554 0.0033710288289817234 150.68535714285778 -0.0058336517890391218 -0.0050444583175174177 0.0028119214541758738 -0.00066642397526015754
decision_type=2 2 2 2 2 2 2 2 2 2 2 2 2 2 2 2 2 2 2 2 2 2 2 2 2 2 2 2 2 2
left_child=2 4 10 9 7 6 25 -2 12 15 -1 16 -6 19 -14 24 17 -5 29 -9 21 -13 -8 -24 -3 -4 -10 -17 -15 -11
right_child=1 3 5 11 8 -7 22 13 26 18 -12 20 14 28 -16 27 -18 -19 -20 -21 -22 -23 23 -25 -26 -27 -28 -29 -30 -31
leaf_value=-3.2004688393397123e-05 6.4443241024954856e-05 5.2560263019522745e-05 -1.9614558291305621e-07 0.00011366369364416152 -9.7410509510370783e-07 1.6590845654457984e-05 2.9164936463530234e-06 3.9972039609105366e-05 4.8177071923058739e-05 3.7963505966921025e-05 -1.8960977764706912e-05 0.00022614416126087223 3.458353419687222e-05 4.3307695542856435e-05 1.0830997976104955e-05 7.6895661653415544e-05 0.00026915294310223746 7.0509361911121621e-05 4.1825066282526336e-05 1.7200781248077337e-05 0.00019377416973822756 0.00013238453949147191 -1.1479527174448338e-05 4.5988369176052305e-05 3.9103358561947137e-05 1.5436256361340758e-05 2.1790961688653336e-05 8.3496994052164111e-05 0.00012597127040902268 2.152792489228658e-05
leaf_weight=18978 271 1259 4572 544 4749 1787 909 237 528 886 12422 170 159 2702 3490 50 47 2122 752 3951 285 1213 18378 92 652 1175 2529 1236 91 1397
leaf_count=18978 271 1259 4572 544 4749 1787 909 237 528 886 12422 170 159 2702 3490 50 47 2122 752 3951 285 1213 18378 92 652 1175 2529 1236 91 1397
internal_value=-6.80692e-05 0.00441507 -0.00232221 0.00762602 0.00259341 -0.000844017 -0.00108971 0.00423193 0.00155609 0.00592747 -0.00358917 0.0100422 0.000798999 0.00391706 0.00204302 0.00741789 0.00880391 0.00857839 0.00435749 0.00297517 0.0120564 0.0111244 -0.00156329 -0.00168923 0.00604134 0.00050722 0.00363592 0.00946345 0.00532939 0.00347569
internal_weight=87633 29320 58313 10613 18707 26913 25126 7252 11455 6232 31400 4381 8398 6981 3649 3197 2713 2666 3035 4188 1668 1383 19379 18470 1911 5747 3057 1286 2793 2283
internal_count=87633 29320 58313 10613 18707 26913 25126 7252 11455 6232 31400 4381 8398 6981 3649 3197 2713 2666 3035 4188 1668 1383 19379 18470 1911 5747 3057 1286 2793 2283
is_linear=0
shrinkage=0.05


Tree=2
num_leaves=31
num_cat=0
split_feature=39 16 39 4 2 9 4 7 39 28 17 3 39 15 21 28 39 23 26 30 28 39 7 25 25 15 19 36 7 32
split_gain=319.733 64.3006 36.5786 13.0332 12.3274 7.82279 7.80378 6.47829 5.90475 5.87708 5.74627 5.07404 4.93749 4.88151 3.67788 4.21548 3.41011 3.01795 2.92402 3.02299 2.74844 2.50616 2.46751 2.72933 2.64585 2.84811 2.45165 2.44789 2.29232 3.77215
threshold=160.98785714285836 0.0018396293339199927 106.97499999999856 168.44771000000003 102973.3 -0.0043792009657096153 80.100530000000006 -0.0050444583175174177 231.34535714285659 -466.63944926511607 0.0022421844933460605 105578.62500000001 76.489285714284577 0.003602907866267518 11.775000000001457 152.57539958666169 211.14392857142909 -0.16558559717803345 91414.99524547263 91207.814092266635 -466.63944926511607 117.09285714285841 -0.0041525846981051049 2.6167813787994905 0.36063532527776304 0.0014782959365385771 503.0999999999986 -2131.4785304642642 -0.0014098715018389541 493.82711687996203
decision_type=2 2 2 2 2 2 2 2 2 2 2 2 2 2 2 2 2 2 2 2 2 2 2 2 2 2 2 2 2 2
left_child=2 4 12 7 9 26 11 -3 17 22 27 21 -1 -5 -12 -16 18 -7 19 -11 -8 -4 23 -2 25 -24 -6 -9 29 -17
right_child=1 3 6 13 5 8 20 10 -10 16 14 -13 -14 -15 15 28 -18 -19 -20 -21 -22 -23 24 -25 -26 -27 -28 -29 -30 -31
leaf_value=-3.1977571261679036e-05 0.00010235639150546872 9.6400233083786415e-05 -1.3151268839150336e-05 8.154985223018604e-05 4.1823068993172892e-05 -1.4045520584426552e-06 4.2940744562788742e-05 6.737766039085378e-05 2.366325947863418e-05 2.4122783656962744e-05 2.8296267239359004e-05 -1.3196571849996811e-05 -1.8975154712722861e-05 0.00018716878420621888 7.6552526359775558e-05 1.817319620481383e-05 4.0990617353382959e-05 9.9197529630938589e-06 9.1906525640306527e-06 7.1873811202101431e-05 5.7380130567601789e-06 -6.1435300033956023e-07 2.0692370002379027e-05 6.2739789459608536e-05 4.5044619006725934e-05 7.2335384980902102e-05 6.6664702697863978e-05 3.2902468820080214e-05 4.870788199337095e-05 9.7712614255337759e-05
leaf_weight=15528 78 119 2310 3065 320 5671 118 186 2875 3133 550 11023 15872 1040 1380 53 2136 3765 1905 64 4014 7723 37 49 194 58 81 3484 732 70
leaf_count=15528 78 119 2310 3065 320 5671 118 186 2875 3133 550 11023 15872 1040 1380 53 2136 3765 1905 64 4014 7723 37 49 194 58 81 3484 732 70
internal_value=-0.000130831 0.00394669 -0.00236782 0.00708915 0.00229893 0.0013444 -0.000948469 0.00570885 0.00112054 0.00388424 0.00549574 -0.00133834 -0.00350637 0.00929963 0.00720826 0.00810962 0.00355209 0.000516107 0.00284986 0.00377385 0.00103824 -0.000524769 0.00966346 0.0154724 0.00711073 0.0139474 0.00821696 0.00419618 0.00535088 0.0116667
internal_weight=87633 31045 56588 10679 20366 12712 25188 6574 12311 7654 6455 21056 31400 4105 2785 2235 7238 9436 5102 3197 4132 10033 416 127 289 95 401 3670 855 123
internal_count=87633 31045 56588 10679 20366 12712 25188 6574 12311 7654 6455 21056 31400 4105 2785 2235 7238 9436 5102 3197 4132 10033 416 127 289 95 401 3670 855 123
is_linear=0
shrinkage=0.05


Tree=3
num_leaves=31
num_cat=0
split_feature=39 15 39 4 2 4 39 11 39 3 2 39 32 39 11 31 20 28 28 0 13 19 39 19 15 23 25 7 21 25
split_gain=290.489 56.6044 34.7662 12.4065 10.7967 7.29331 6.07585 5.46158 4.88873 4.73329 4.60988 4.18203 3.99461 3.69763 3.25941 2.91397 3.19563 2.77503 2.63865 2.63476 2.43725 2.39897 2.36375 2.17834 2.14803 2.09021 2.16184 3.23132 2.02489 1.99519
threshold=160.98785714285836 0.0018295233310549632 106.97499999999856 163.68205000000003 103773.68000000001 80.100530000000006 231.34535714285659 -0.0062157012085549421 83.346785714284394 105578.62500000001 107260.30000000002 209.15499999999989 -1795.1765573171431 247.06178571428458 -0.004428310526640505 89182.3894 216.78999999999363 -466.63944926511607 -374.25443862383685 81846.190000000017 -0.0056169554528143336 231.97499999999857 117.09285714285841 274.52999999999889 0.00068917283678121457 2.7776322343542708 0.99773358397232992 -0.0058932393811337528 80.019999999996813 0.09617087041334775
decision_type=2 2 2 2 2 2 2 2 2 2 2 2 2 2 2 2 2 2 2 2 2 2 2 2 2 2 2 2 2 2
left_child=2 4 8 10 7 9 14 -2 24 20 13 19 25 -3 -6 16 -14 -7 -15 23 -4 -8 -22 -9 -1 26 27 -5 -13 -29
right_child=1 3 5 12 6 17 21 11 -10 -11 -12 28 15 18 -16 -17 -18 -19 -20 -21 22 -23 -24 -25 -26 -27 -28 29 -30 -31
leaf_value=-3.0158733542441522e-05 5.7537901755882044e-05 2.4717985794506871e-05 2.0309523661474228e-05 0.00022393321644335616 2.6684731496722123e-05 4.0793707334649302e-05 1.3060291638138632e-05 3.1850647140481835e-05 -1.7064171140835425e-05 -1.2536743257496968e-05 2.2007851611795156e-05 2.8232778053676086e-05 0.00010880821775715694 7.8176341198451062e-05 1.5591514596128102e-06 6.8729254312635578e-05 0.00016723626118973168 5.4511124039221669e-06 5.6366285135225159e-05 1.508041316043671e-05 -1.2847455662279964e-05 3.4280130124241769e-05 -1.5035477193628701e-06 7.1137138941145488e-05 -1.3891513571278681e-05 0.00042974795893153039 0.00014044730856906234 4.1006133647610137e-05 6.4003084146969087e-05 0.00018366398419154703
leaf_weight=17503 326 1288 244 23 522 118 1515 253 12422 11023 1437 2208 1669 489 8419 2133 280 4014 3024 4928 2282 1407 7507 22 1475 36 127 38 821 80
leaf_count=17503 326 1288 244 23 522 118 1515 253 12422 11023 1437 2208 1669 489 8419 2133 280 4014 3024 4928 2282 1407 7507 22 1475 36 127 38 821 80
internal_value=-0.0001702 0.00371638 -0.00230243 0.00667639 0.00217643 -0.000918693 0.00119995 0.00353003 -0.00341242 -0.00129559 0.00524367 0.00327867 0.00871409 0.00598729 0.000553069 0.0083023 0.00969984 0.00100193 0.0068275 0.0024188 -0.000509819 0.00317933 -0.000632854 0.00718182 -0.00391717 0.0142434 0.0127239 0.0169858 0.00475569 0.0136441
internal_weight=87633 31045 56588 10624 20421 25188 11863 8558 31400 21056 6238 8232 4386 4801 8941 4082 1949 4132 3513 5203 10033 2922 9789 275 18978 304 268 141 3029 118
internal_count=87633 31045 56588 10624 20421 25188 11863 8558 31400 21056 6238 8232 4386 4801 8941 4082 1949 4132 3513 5203 10033 2922 9789 275 18978 304 268 141 3029 118
is_linear=0
shrinkage=0.05


Tree=4
num_leaves=31
num_cat=0
split_feature=39 39 39 2 17 19 9 39 7 34 4 15 25 28 32 25 28 0 36 1 38 20 15 7 28 42 39 31 9 19
split_gain=265.311 50.2492 32.8226 13.9027 8.15839 6.52255 6.00158 5.75677 5.00413 4.97211 4.63181 3.72316 3.33438 2.91862 2.63469 2.53747 2.47793 2.29545 2.27905 2.27858 2.27698 2.17665 3.7829 3.02758 2.16171 2.15716 2.12963 2.07011 2.04431 2.03047
threshold=160.98785714285836 269.34035714285613 109.42785714285857 102973.3 0.0022421844933460605 194.81500000000236 -0.0043792009657096153 83.346785714284394 -0.0027876476755812969 105310.11896543841 144.56071500000004 0.0031950776817317099 1.6626439154539634 -388.64155958391342 -1795.1765573171431 -0.57665922328097496 -278.4426639562152 84062.415000000023 -2007.2790136499532 110082.16500000002 13.62759280415373 170.61499999999799 0.0029382039524471272 0.0027942477606543513 396.82890155166393 -87.597582257209908 123.71357142856819 83991.869200000016 -0.0041017262867365373 480.75000000000006
decision_type=2 2 2 2 2 2 2 2 2 2 2 2 2 2 2 2 2 2 2 2 2 2 2 2 2 2 2 2 2 2
left_child=2 3 7 10 8 9 -5 16 18 20 17 21 -8 26 -13 -10 -1 -2 -3 -17 -4 -6 23 27 29 28 -7 -23 -19 -15
right_child=1 4 5 6 11 13 12 -9 15 -11 -12 14 -14 24 -16 19 -18 25 -20 -21 -22 22 -24 -25 -26 -27 -28 -29 -30 -31
leaf_value=1.6809653979639439e-05 2.9317223731891931e-05 8.9905273901082141e-05 5.1443132134130435e-05 4.0416887339125748e-05 6.0150008033371154e-05 3.3829544225945828e-05 3.2615367320534091e-06 -1.5893288866533173e-05 1.3700635259726537e-05 -1.1791763477819156e-05 5.3905929672384187e-05 0.00025146234080072855 2.6396621647048775e-05 1.5644945415017931e-06 0.00012273812798367523 5.1603162902797805e-05 -2.7638933620028772e-05 6.8698320751215449e-05 5.6000648047435463e-05 2.7254885353755739e-05 -2.6059706089415714e-06 0.00011491369961422495 -2.2645833122355728e-05 0.0001420057356724475 2.806544594951315e-05 1.811158410505643e-05 3.7204520432383703e-05 8.5249462287014302e-05 2.8092317585335927e-05 7.2801778829017049e-05
leaf_weight=48 1633 214 39 348 2643 35 10850 13802 523 10306 1545 142 902 3041 1440 2365 18930 26 687 1272 9909 76 51 76 243 6007 205 166 79 30
leaf_count=48 1633 214 39 348 2643 35 10850 13802 523 10306 1545 142 902 3041 1440 2365 18930 26 687 1272 9909 76 51 76 243 6007 205 166 79 30
internal_value=-0.000216986 0.00349734 -0.00225472 0.00214586 0.00649145 -0.000841735 0.00102892 -0.00328097 0.0051067 -0.00118841 0.00360064 0.00801698 0.000837303 0.00113393 0.00998104 0.004375 -0.00384603 0.003102 0.00848502 0.00484328 -0.000391035 0.00698539 0.0105827 0.0126101 0.000748339 0.00265707 0.00645833 0.00987603 0.0097619 0.000389123
internal_weight=87633 31045 56588 21390 9655 23808 12100 32780 5061 20254 9290 4594 11752 3554 1582 4160 18978 7745 901 3637 9948 3012 369 318 3314 6112 240 242 105 3071
internal_count=87633 31045 56588 21390 9655 23808 12100 32780 5061 20254 9290 4594 11752 3554 1582 4160 18978 7745 901 3637 9948 3012 369 318 3314 6112 240 242 105 3071
is_linear=0
shrinkage=0.05


Tree=5
num_leaves=31
num_cat=0
split_feature=39 39 39 2 34 25 34 7 28 39 39 7 17 19 15 4 19 19 36 38 38 17 20 35 39 40 5 28 1 3
split_gain=239.854 49.9948 25.5445 13.735 7.80957 6.44658 6.09154 5.14411 4.93793 4.8047 3.53783 3.44129 4.48298 3.38062 3.2775 3.05801 2.71208 2.46021 2.45368 2.40811 2.39957 2.95471 2.30408 2.76131 2.08606 2.0694 2.25919 2.0681 2.06508 2.05316
threshold=152.58821428571176 265.86571428571659 94.167857142855496 102973.3 90802.240146886907 1.6626439154539634 87117.032638238466 -0.0038591219202331788 -388.64155958391342 209.15499999999989 395.03857142857106 -0.0034092341484028049 0.0014127271942487249 196.44499999999974 0.00068134338487705194 144.56071500000004 149.12000000000265 443.30500000000035 -2007.2790136499532 80.692492151335315 59.005873803807596 0.0014252789007341701 155.97999999999595 88906.938650000011 118.42464285714441 -118.44069528142425 5.7696465471415343e-05 509.47598168291012 115592.00000000001 82353.150000000009
decision_type=2 2 2 2 2 2 2 2 2 2 2 2 2 2 2 2 2 2 2 2 2 2 2 2 2 2 2 2 2 2
left_child=2 3 14 9 10 16 24 -6 -8 17 20 12 -7 27 -1 19 -5 29 -9 -11 21 -3 -12 -24 25 26 -4 -10 -20 -2
right_child=1 4 6 5 7 11 8 18 13 15 22 -13 -14 -15 -16 -17 -18 -19 28 -21 -22 -23 23 -25 -26 -27 -28 -29 -30 -31
leaf_value=-2.6164916795828909e-05 3.0342996648684492e-05 0.00012488061465809936 6.7791938774839483e-05 -3.1276494493633124e-06 9.4622872648341259e-05 4.6749128859312803e-05 2.3995864951223421e-05 5.4387296767558871e-05 -1.2217683423019079e-05 2.6069265458157338e-05 0.0001167776530826177 2.1155090998672763e-05 0.00014420103910070498 -1.2309262462943668e-07 -1.3771869983378782e-05 6.5579467248231158e-05 6.5883484842365892e-06 6.2212863993125288e-05 3.5123362073477119e-05 8.8750867804180894e-05 5.3817892353559247e-05 7.1165295076892256e-05 0.0001736174015111397 9.7407713481338095e-05 5.8921031371092797e-06 -8.2379617878276987e-06 -1.2309280463660387e-05 1.5094652979417067e-05 1.4109548828011652e-05 1.3211042717462515e-05
leaf_weight=20749 544 43 31 5135 611 174 275 889 21065 2748 1015 1004 26 2525 3750 843 7432 112 3597 51 907 1774 388 67 2977 2043 30 37 709 6082
leaf_count=20749 544 43 31 5135 611 174 275 889 21065 2748 1015 1004 26 2525 3750 843 7432 112 3597 51 907 1774 388 67 2977 2043 30 37 709 6082
internal_value=-0.00024152 0.00303197 -0.00233181 0.00180096 0.006005 0.000765738 -0.00132716 0.00481743 -0.00166137 0.00317437 0.00764902 0.0042608 0.01025 -0.0017389 -0.00352035 0.00463756 0.000430889 0.0023835 0.00430702 0.00384244 0.00658223 0.00763071 0.00962585 0.0125824 0.000245029 -0.000960077 0.00811475 -0.00194579 0.00381328 0.00225928
internal_weight=87633 34151 53482 24151 10000 13771 28983 5806 23902 10380 4194 1204 200 23627 24499 3642 12567 6738 5195 2799 2724 1817 1470 455 5081 2104 61 21102 4306 6626
internal_count=87633 34151 53482 24151 10000 13771 28983 5806 23902 10380 4194 1204 200 23627 24499 3642 12567 6738 5195 2799 2724 1817 1470 455 5081 2104 61 21102 4306 6626
is_linear=0
shrinkage=0.05


Tree=6
num_leaves=31
num_cat=0
split_feature=39 15 16 4 30 4 7 39 17 17 19 11 28 32 13 17 17 16 9 3 9 17 34 3 20 35 25 34 34 1
split_gain=216.093 39.6151 28.8621 8.92869 8.84609 8.22878 5.65503 4.90239 4.53785 4.16657 4.03901 3.21322 3.17364 3.10081 2.78182 2.4426 2.34935 2.20723 2.18193 2.09179 1.98425 2.52863 1.97316 1.93358 2.42146 1.88267 1.88258 1.8512 1.84386 1.81494
threshold=160.05678571428354 0.0018295233310549632 0.00068943507376294135 204.75578500000003 91374.012821432829 61.106265000000008 -0.0038591219202331788 216.61642857142789 0.0010322490920923035 0.0022421844933460605 104.62000000000263 -0.0042538782849977806 413.29493438865762 -1795.1765573171431 -0.0058336517890391218 0.00062858623256819462 0.0022421844933460605 0.0011271634070799937 -0.0031476891168642131 82998.880000000019 -0.00041388378863283507 0.0012366654968117455 108844.85836118115 83244.640000000014 325.810000000005 89635.138200000016 -0.41758014965671209 84645.244275256759 87190.210147081394 107689.80000000002
decision_type=2 2 2 2 2 2 2 2 2 2 2 2 2 2 2 2 2 2 2 2 2 2 2 2 2 2 2 2 2 2
left_child=2 4 10 9 16 8 -6 22 28 20 15 -7 -13 -5 -9 -1 25 -10 -12 -18 21 -3 -8 24 27 26 -2 -15 -4 -22
right_child=1 3 5 13 6 11 7 14 17 -11 18 12 -14 23 -16 -17 19 -19 -20 -21 29 -23 -24 -25 -26 -27 -28 -29 -30 -31
leaf_value=-2.7934397140775443e-05 9.46468735803203e-06 -4.2193159199561878e-06 -5.610123697119572e-06 0.00018881036652083853 5.1560534726447787e-05 2.3341410513710548e-05 7.7394477088873668e-06 3.9026131476913024e-05 -7.2186826008240695e-06 5.775100128319938e-05 2.5836600016915359e-05 -1.1917427158555043e-06 2.2629970290821881e-05 0.00011540395654807077 1.2775984367337446e-05 -1.9190766918114054e-05 6.7289238216166816e-05 2.9882868498008589e-06 -1.4691720688858714e-05 3.7177839235700892e-05 2.8667240963617253e-05 3.6181747125117772e-05 -1.2092530981061357e-06 7.0293813563530373e-05 0.0002514033175288728 3.7901590160789685e-05 2.8906799047572989e-05 0.00012850647714328513 -1.4191629944278073e-05 6.9834047645864084e-06
leaf_weight=13179 1539 213 2572 286 375 484 4855 745 6064 2756 26 6354 350 577 4449 6893 252 2486 5061 554 1854 1729 5497 2353 37 483 2016 47 12774 773
leaf_count=13179 1539 213 2572 286 375 484 4855 745 6064 2756 26 6354 350 577 4449 6893 252 2486 5061 554 1854 1729 5497 2353 37 483 2016 47 12774 773
internal_value=-0.000284312 0.00303918 -0.0021392 0.00552235 0.0017686 -0.00112019 0.00119936 0.001053 -0.00156637 0.00454949 -0.00339819 0.000363104 7.90561e-05 0.00768182 0.00230651 -0.00371712 0.00363955 -0.000643276 -0.00213977 0.00610422 0.00362333 0.00483522 0.000424071 0.00720969 0.00959909 0.0031476 0.00274965 0.00886218 -0.00208067 0.00272744
internal_weight=87633 31390 56243 10625 20765 31084 15921 15546 23896 7325 25159 7188 6704 3300 5194 20072 4844 8550 5087 806 4569 1942 10352 3014 661 4038 3555 624 15346 2627
internal_count=87633 31390 56243 10625 20765 31084 15921 15546 23896 7325 25159 7188 6704 3300 5194 20072 4844 8550 5087 806 4569 1942 10352 3014 661 4038 3555 624 15346 2627
is_linear=0
shrinkage=0.05


Tree=7
num_leaves=31
num_cat=0
split_feature=39 15 16 30 19 4 19 34 19 17 7 32 17 28 39 39 7 23 25 4 4 17 28 42 38 21 39 41 2 42
split_gain=196.975 34.4784 27.7036 7.97067 7.75634 7.52225 5.43315 4.70125 4.00871 3.51034 3.3712 2.68706 2.47512 2.38955 2.29645 2.29502 2.43278 1.99133 2.36082 3.15558 1.97904 1.97666 1.89576 2.02679 1.84823 2.7135 1.84793 1.99451 1.82513 1.76642
threshold=160.05678571428354 0.0018295233310549632 0.00068943507376294135 91374.012821432829 194.81500000000236 204.75578500000003 203.66999999999828 89248.063341230663 104.62000000000263 0.0022421844933460605 -0.0038591219202331788 -1795.1765573171431 0.00062858623256819462 -388.64155958391342 241.80785714285648 117.09285714285841 -0.0016902265967814192 2.7776322343542708 0.96369071839450904 542.22856000000013 50.833990000000007 0.0012291391683053592 -404.36981732252747 62.753470240676208 58.463808262261573 7.4500000000043665 119.69214285714251 -135.50997853476991 107260.30000000002 133.95024927074812
decision_type=2 2 2 2 2 2 2 2 2 2 2 2 2 2 2 2 2 2 2 2 2 2 2 2 2 2 2 2 2 2
left_child=2 3 8 22 7 9 21 26 12 28 -8 17 -1 -6 -12 -9 -17 18 19 -7 -16 -5 -2 -24 25 -11 27 -4 29 -3
right_child=1 5 4 6 13 11 10 15 -10 24 14 -13 -14 -15 20 16 -18 -19 -20 -21 -22 -23 23 -25 -26 -27 -28 -29 -30 -31
leaf_value=-2.653767728373667e-05 5.1921160358657227e-05 3.0166634641099298e-05 4.7047163920918084e-05 -2.2268459540398868e-06 3.3844058016867823e-05 8.358840464527234e-05 4.9073897344783734e-05 -1.4895131730083251e-05 -1.3414488474496499e-05 3.1100225605123847e-05 8.6324772510531823e-06 7.8824888303464832e-05 -1.8231228572208356e-05 4.4693767731173804e-06 -1.5662909775539626e-05 6.8844906727499138e-06 -8.8232620433659728e-06 0.00038096191155123209 0.00011644844895783321 0.00023691135053830419 2.8949686880463352e-05 7.1275013682982782e-06 1.9794819204597621e-05 5.1111716188973963e-05 4.1343277470730962e-05 6.5292616185937734e-05 3.3780207352138462e-06 -7.0768657659063212e-06 1.6991433262500675e-05 6.7872148976790258e-05
leaf_weight=13179 248 3137 25 4451 221 95 354 8540 5087 278 4145 3014 6893 3519 134 765 10782 36 132 23 1692 5145 4175 421 881 1597 3550 3682 1401 31
leaf_count=13179 248 3137 25 4451 221 95 354 8540 5087 278 4145 3014 6893 3519 134 765 10782 36 132 23 1692 5145 4175 421 881 1597 3550 3682 1401 31
internal_value=-0.000320257 0.00285282 -0.00209119 0.00166747 -0.00109285 0.00516941 0.00112713 -0.00138495 -0.00332466 0.00427645 0.00226482 0.00715151 -0.00364239 0.00104278 0.00198375 -0.00177901 -0.00131939 0.0117832 0.0102 0.015339 0.00346112 0.000377239 0.00344343 0.00321366 0.00568578 0.00657333 -0.0002942 -0.00107499 0.00342635 0.00409091
internal_weight=87633 31390 56243 20765 31084 10625 15921 27344 25159 7325 6325 3300 20072 3740 5971 20087 11547 286 250 118 1826 9596 4844 4596 2756 1875 7257 3707 4569 3168
internal_count=87633 31390 56243 20765 31084 10625 15921 27344 25159 7325 6325 3300 20072 3740 5971 20087 11547 286 250 118 1826 9596 4844 4596 2756 1875 7257 3707 4569 3168
is_linear=0
shrinkage=0.05


Tree=8
num_leaves=31
num_cat=0
split_feature=39 39 16 2 3 4 15 9 19 11 19 17 19 32 17 28 25 30 36 20 19 32 34 28 40 42 2 30 36 23
split_gain=179.957 34.2885 22.4503 9.98195 8.02521 5.88507 4.0241 4.00988 3.71947 3.48441 3.21654 3.04705 2.74658 2.58495 2.5582 2.3884 2.37992 2.32147 2.30122 3.24356 2.15603 2.09407 2.07469 1.82139 1.60506 1.83352 1.58905 1.76306 1.56426 1.73496
threshold=152.58821428571176 229.27571428571437 0.00068943507376294135 101649.25500000002 107798.79500000001 61.106265000000008 0.0031950776817317099 -0.0090781227113223509 104.62000000000263 -0.0042538782849977806 340.77500000000151 0.0011767827974801914 229.53500000000352 -457.80556370655535 0.00058655743249258908 455.33880501882237 1.6626439154539634 91374.012821432829 -981.9334765820239 31.004999999997384 136.00499999999741 -1795.1765573171431 87190.210147081394 -347.02117055912817 343.25707038350816 -115.5424577519935 83890.345000000016 84498.424936972573 -1753.1206271856643 -0.10224126901995977
decision_type=2 2 2 2 2 2 2 2 2 2 2 2 2 2 2 2 2 2 2 2 2 2 2 2 2 2 2 2 2 2
left_child=2 4 8 6 10 11 13 -5 14 18 17 22 24 -3 -1 -11 -6 -2 19 -7 -15 -8 -4 -24 25 -9 27 -23 29 -22
right_child=1 3 5 7 16 9 21 12 -10 15 -12 -13 -14 20 -16 -17 -18 -19 -20 -21 28 26 23 -25 -26 -27 -28 -29 -30 -31
leaf_value=-2.6467257282727298e-05 1.6716471663963356e-05 5.7213797647939001e-05 -4.6603769761873974e-06 0.00015990456338347612 -1.6356944139755571e-06 3.0574413909179191e-05 0.00020301941955062726 3.657390250757573e-05 -1.2784997275473762e-05 -2.007952473766317e-06 4.4573623597218875e-05 -1.4529231470420841e-06 2.9809250546271066e-05 -8.6843805880566863e-07 -1.7702661903256757e-05 2.4102444751855279e-05 2.0488447561431564e-05 6.5605924794818168e-06 1.5402406910719142e-05 7.9028748099911313e-05 5.0006897083075639e-05 0.00012208296968517119 2.1653733755637682e-05 -1.2594238766571901e-05 -1.70807082802456e-05 1.2229394875773689e-05 8.6394344898518165e-05 0.00014625062057021916 4.3244668817706568e-05 7.7755375734332756e-05
leaf_weight=11285 4886 2180 3469 64 7525 36 121 36 5065 5657 695 3766 3719 288 8783 187 698 5862 325 22 181 575 90 14797 214 2341 970 31 3708 57
leaf_count=11285 4886 2180 3469 64 7525 36 121 36 5065 5657 695 3766 3719 288 8783 187 698 5862 325 22 181 575 90 14797 214 2341 970 31 3708 57
internal_value=-0.000340797 0.00249465 -0.00215138 0.0043407 0.00113495 -0.00118682 0.00550425 0.00286006 -0.00323937 0.000171028 0.00199117 -0.00156903 0.00273375 0.0049314 -0.00354495 -0.00013176 -5.65499e-05 0.001778 0.00479112 0.0139655 0.00421115 0.00766942 -0.00183482 -0.00209142 0.00148398 0.00185738 0.00718274 0.00919142 0.00451596 0.00844538
internal_weight=87633 34151 53482 14485 19666 28349 8111 6374 25133 6227 11443 22122 6310 6414 20068 5844 8223 10748 383 58 4234 1697 18356 14887 2591 2377 1576 606 3946 238
internal_count=87633 34151 53482 14485 19666 28349 8111 6374 25133 6227 11443 22122 6310 6414 20068 5844 8223 10748 383 58 4234 1697 18356 14887 2591 2377 1576 606 3946 238
is_linear=0
shrinkage=0.05


Tree=9
num_leaves=31
num_cat=0
split_feature=39 15 39 28 30 4 24 11 4 5 39 17 17 28 35 28 18 17 19 34 9 36 28 35 35 9 23 7 42 24
split_gain=161.81 30.2918 22.328 8.4305 7.3912 5.01777 4.47194 4.14073 3.48706 3.38913 3.2483 2.93477 2.79502 2.65306 2.39645 2.35396 2.33897 2.90637 2.28309 2.04252 2.76441 1.87921 1.86181 2.12006 1.83293 1.85742 1.77032 1.71048 2.73649 1.68506
threshold=152.58821428571176 0.0020218295737276996 92.212857142857374 -374.25443862383685 91374.012821432829 50.833990000000007 245.76958490000004 -0.0042538782849977806 59.243585000000003 -0.0051199951391565799 59.429285714285861 0.0011038325586862079 0.0010322490920923035 -278.4426639562152 91520.252525000018 215.40897044303713 -171.92500000000288 0.0022421844933460605 429.18000000000035 102645.8296068347 -0.0090781227113223509 -245.36399211214299 354.64486339580623 103065.52305 94394.640050000016 0.0019639952840002513 3.0312742783522473 -0.0050444583175174177 -65.824730557604354 77.577337600000007
decision_type=2 2 2 2 2 2 2 2 2 2 2 2 2 2 2 2 2 2 2 2 2 2 2 2 2 2 2 2 2 2
left_child=2 3 10 11 16 12 9 -7 -6 -3 15 -2 -4 -12 -13 -1 -5 26 -8 -11 -21 27 23 -9 -15 -26 -18 28 -16 -22
right_child=1 6 5 4 8 7 18 22 -10 19 13 14 -14 24 21 -17 17 -19 -20 20 29 -23 -24 -25 25 -27 -28 -29 -30 -31
leaf_value=-2.706765347390463e-05 1.0650861267841467e-05 0.0001244157799649136 -1.1609776928646618e-05 -6.7191058780313801e-06 -3.5162469936043012e-07 2.2545490497536798e-05 5.8026908909565473e-05 1.0574295012849317e-06 8.9968161189369025e-06 5.0024854188413213e-05 1.0882743937248293e-05 5.6006884480645888e-05 -4.6915338427437886e-06 -1.1595972140827075e-05 6.084398291528098e-05 3.0360705852024152e-05 1.6284058836504318e-05 4.3709267925857089e-05 0.00014893724140388863 0.00013111815283410239 -3.1336667070412827e-07 3.814655997782596e-05 1.4853639901622909e-05 -7.8508175773939991e-06 -1.9383807715220067e-05 5.4684307889846693e-06 6.3414689285528787e-05 2.5257656964262839e-05 9.2146047184147006e-05 3.159980327480522e-05
leaf_weight=8239 701 248 14089 367 8621 442 941 3798 8611 4329 95 395 6521 3474 64 44 4682 935 670 41 478 199 533 4635 11356 256 68 1201 37 1563
leaf_count=8239 701 248 14089 367 8621 442 941 3798 8611 4329 95 395 6521 3474 64 44 4682 935 670 41 478 199 533 4635 11356 256 68 1201 37 1563
internal_value=-0.000365332 0.00232336 -0.0020822 0.00148159 0.00118021 -0.00117896 0.00495768 -0.000222153 0.000652274 0.00438579 -0.00323773 0.00418367 -0.00161572 -0.00280318 0.0052057 -0.00403417 0.00268341 0.00293316 0.00732154 0.00416394 0.00287704 0.0042938 -0.000455054 -0.000636192 -0.00285563 -0.00315708 0.00243158 0.00360215 0.00985148 0.00261881
internal_weight=87633 34151 53482 25881 23284 30018 8270 9408 17232 6659 23464 2597 20610 15181 1896 8283 6052 5685 1611 6411 2082 1501 8966 8433 15086 11612 4750 1302 101 2041
internal_count=87633 34151 53482 25881 23284 30018 8270 9408 17232 6659 23464 2597 20610 15181 1896 8283 6052 5685 1611 6411 2082 1501 8966 8433 15086 11612 4750 1302 101 2041
is_linear=0
shrinkage=0.05


Tree=10
num_leaves=31
num_cat=0
split_feature=39 39 16 2 3 32 19 11 19 19 34 39 36 39 21 21 7 19 19 11 9 24 9 35 4 17 21 5 24 20
split_gain=146.416 33.5733 16.1128 8.94363 7.63748 4.51196 3.84366 3.82178 3.72234 3.69681 3.3373 2.91837 2.81783 2.55321 3.08245 2.43675 2.43021 2.34453 2.13795 2.00693 1.96367 1.61586 1.60679 1.67356 1.58554 1.5423 1.4911 1.45569 2.38424 1.55697
threshold=141.28785714285866 229.27571428571437 0.00068943507376294135 101649.25500000002 107798.79500000001 -432.21542058543849 62.084999999999134 -0.0066557142960679081 567.40999999999633 340.77500000000151 87190.210147081394 174.75642857142731 -2284.0497016947625 294.06214285714208 0.01000000000203727 85.254999999997395 -0.0024716437135283357 153.39499999999683 201.65000000000148 -0.0024759866090149373 -0.0018940492201036936 62.020061600000012 0.001731291575972541 84811.702975000037 231.65627000000003 0.0019590797428422962 122.51499999999943 -0.0035793132699333354 309.90815310000011 76.935000000004962
decision_type=2 2 2 2 2 2 2 2 2 2 2 2 2 2 2 2 2 2 2 2 2 2 2 2 2 2 2 2 2 2
left_child=2 4 6 7 9 19 -1 22 12 11 -7 26 15 -9 -15 -5 -10 -6 -12 -4 -8 -16 27 -24 -19 -17 -2 28 -3 -29
right_child=1 3 5 8 17 10 20 13 16 -11 18 -13 -14 14 21 25 -18 24 -20 -21 -22 -23 23 -25 -26 -27 -28 29 -30 -31
leaf_value=-2.2946608477658992e-05 2.8392638951206095e-06 0.00013139203686623078 2.2959393784422044e-05 2.9827128930689077e-05 -6.0464454330589689e-06 -1.9546867437991616e-06 2.1604473481860981e-06 3.0100155596821397e-05 8.7768273192006618e-05 4.138907307364183e-05 -1.1244854454161467e-05 1.2901965100170098e-05 1.6095384175582233e-05 5.14354641358786e-06 9.1676596648537686e-05 9.5592298800727774e-05 4.3615003408662805e-05 1.2511800605487237e-06 1.1634329727540003e-06 -5.7868205411440524e-06 -1.5765891827995695e-05 6.6770126844466557e-05 0.00012188773774615882 5.773211169888168e-05 3.506501328629555e-05 8.1056055431546239e-05 3.1502303308088285e-05 2.986082827353749e-05 0.00015825574889873076 7.588163704801536e-05
leaf_weight=12142 6710 260 393 243 5009 5202 479 3051 172 750 16277 6522 5616 290 23 45 220 5095 1448 286 12425 3593 20 32 245 78 165 360 37 445
leaf_count=12142 6710 260 393 243 5009 5202 479 3051 172 750 16277 6522 5616 290 23 45 220 5095 1448 286 12425 3593 20 32 245 78 165 360 37 445
internal_value=-0.000392719 0.00189054 -0.00222211 0.00379876 0.000762164 -0.00128484 -0.00310549 0.00490013 0.00239724 0.00151728 -0.0014038 0.00132604 0.00208793 0.0044581 0.00530466 0.0063388 0.00711735 -0.000270076 -0.00173061 0.00273196 -0.00250465 0.00570243 0.00756499 0.0161538 0.0004588 0.0120732 0.000607272 0.00715971 0.0101515 0.0060559
internal_weight=87633 38981 48652 14485 24496 23606 25046 8111 6374 14147 22927 13397 5982 6957 3906 366 392 10349 17725 679 12904 3616 1154 52 5340 123 6875 1102 297 805
internal_count=87633 38981 48652 14485 24496 23606 25046 8111 6374 14147 22927 13397 5982 6957 3906 366 392 10349 17725 679 12904 3616 1154 52 5340 123 6875 1102 297 805
is_linear=0
shrinkage=0.05


Tree=11
num_leaves=31
num_cat=0
split_feature=39 39 16 4 30 16 32 39 19 35 39 23 19 41 9 39 11 11 0 42 21 4 38 9 34 24 35 20 4 11
split_gain=135.374 29.8822 15.8805 7.99213 6.95081 4.39039 4.24128 3.90272 3.42338 3.25891 2.73651 2.89183 2.58723 2.56496 2.50867 2.17458 1.95117 1.91524 1.86088 1.84716 2.78862 1.84432 1.81431 1.87116 1.79019 1.73741 1.72888 1.71599 2.14059 1.69009
threshold=141.28785714285866 229.27571428571437 0.00068943507376294135 95.546365000000009 104357.26044010048 0.0024055500114665046 -432.21542058543849 59.429285714285861 316.20000000000442 95775.264475000018 184.27249999999967 3.5025591027643963 429.18000000000035 276.91868328199092 0.0023791857536616446 117.09285714285841 -0.0042538782849977806 -0.0024759866090149373 95020.365000000005 98.213282568034415 88.025000000001469 49.017180000000003 25.660932143372971 -0.0035496510606225005 88919.349336311978 186.39446700000002 77701.018975000028 90.60499999999594 151.77282500000004 -0.0024759866090149373
decision_type=2 2 2 2 2 2 2 2 2 2 2 2 2 2 2 2 2 2 2 2 2 2 2 2 2 2 2 2 2 2
left_child=2 4 7 16 10 13 17 -1 29 15 11 -2 -7 26 -11 -8 -3 -4 -18 -15 -21 -9 23 25 27 -14 -5 -24 -29 -6
right_child=1 3 6 5 8 12 9 21 -10 14 -12 -13 22 19 -16 -17 18 -19 -20 20 -22 -23 24 -25 -26 -27 -28 28 -30 -31
leaf_value=-2.4513200902623341e-05 5.5782668985389734e-06 3.3670622469193358e-05 2.1811424095200938e-05 0.00018895758112988847 5.0329277546769176e-06 4.905897795942624e-05 -7.601608194002077e-06 -1.6436308744488092e-05 2.4052475853426805e-05 -1.2114060663258118e-05 1.7436926147514379e-05 5.3625899384395567e-05 9.1896624059143502e-05 -5.7937651357234396e-06 6.4913593583278242e-06 1.4291822479376128e-06 2.5167038447095982e-05 -5.4974795140868551e-06 7.3239666445149251e-06 -3.9954820797256181e-08 8.6759958638634512e-05 -9.1739814467646332e-06 0.00010469654958997562 8.7463742426170196e-05 6.473548058868084e-05 0.00024873000617455583 3.759805579961903e-05 0.0001615105640476765 0.0001497066288540936 -2.9162257560463818e-06
leaf_weight=8225 6926 452 393 25 1960 2425 5671 13697 969 12714 4468 86 90 468 658 3884 1868 286 2953 54 28 3124 352 77 643 77 4532 28 413 10087
leaf_count=8225 6926 452 393 25 1960 2425 5671 13697 969 12714 4468 86 90 468 658 3884 1868 286 2953 54 28 3124 352 77 643 77 4532 28 413 10087
internal_value=-0.000407553 0.00178792 -0.00216661 0.00358819 0.000723382 0.00447677 -0.00123613 -0.0030436 -6.76103e-05 -0.00135146 0.00162021 0.00100399 0.00569427 0.00349814 -0.00185537 -0.00064626 0.00203584 0.00265832 0.00174134 0.000272726 0.00719512 -0.00260716 0.00720238 0.0111885 0.00652507 0.0141617 0.00388742 0.00811475 0.0101927 -0.000297586
internal_weight=87633 38981 48652 14485 24496 9212 23606 25046 13016 22927 11480 7012 4105 5107 13372 9555 5273 679 4821 550 82 16821 1680 244 1436 167 4557 793 441 12047
internal_count=87633 38981 48652 14485 24496 9212 23606 25046 13016 22927 11480 7012 4105 5107 13372 9555 5273 679 4821 550 82 16821 1680 244 1436 167 4557 793 441 12047
is_linear=0
shrinkage=0.05


Tree=12
num_leaves=31
num_cat=0
split_feature=39 39 17 2 3 4 28 9 28 19 35 39 39 39 32 19 25 32 17 9 38 17 17 36 17 25 19 19 21 9
split_gain=121.512 25.9127 15.5486 6.87142 6.43088 4.70433 4.26837 3.50112 3.28962 3.17454 3.10048 2.35253 2.28063 2.24663 2.09002 2.02593 2.02011 1.86592 1.7762 1.69523 2.6576 1.62581 1.75054 1.61543 1.56839 1.54952 1.53674 1.53383 1.51485 1.49504
threshold=141.28785714285866 227.15678571428572 0.0007120601615080124 101649.25500000002 107798.79500000001 35.134225000000008 -227.58426036983289 -0.0090781227113223509 -466.63944926511607 372.55500000000035 95775.264475000018 174.75642857142731 117.09285714285841 315.17071428571381 270.2402390904827 229.53500000000352 1.6626439154539634 -557.69191097637656 0.00081861220987857473 -0.0029171321844578975 21.2857752398054 0.0044769357218765781 0.0039783480910729639 -1393.1399507880121 0.00054050996523375024 0.8631802407770145 47.594999999993895 133.12999999999741 89.32500000000438 0.00051800866945113638
decision_type=2 2 2 2 2 2 2 2 2 2 2 2 2 2 2 2 2 2 2 2 2 2 2 2 2 2 2 2 2 2
left_child=2 4 5 8 9 24 17 -5 21 11 12 -2 -8 27 19 -9 -6 18 -4 20 -7 22 -3 -11 -1 -12 -16 29 -23 -10
right_child=1 3 6 7 16 14 10 15 13 23 25 -13 -14 -15 26 -17 -18 -19 -20 -21 -22 28 -24 -25 -26 -27 -28 -29 -30 -31
leaf_value=-2.3780456728081959e-05 3.265261494239924e-06 6.675374727055822e-05 -9.4237727793768356e-06 0.00013398496508009862 -2.5884797198105331e-06 4.7081401655274245e-05 -7.648072050928585e-06 8.2820322142382346e-06 2.0224071985517551e-05 9.0077604481298944e-05 -1.1841160420000235e-05 1.1643033086789653e-05 1.4240822129123543e-06 5.9401856376572062e-05 1.8252204076872376e-05 2.4094076079664124e-05 1.4292405826100069e-05 2.7498046945834573e-06 3.7789032123826494e-05 -1.2281773268521961e-05 -4.7126198457690833e-06 0.00014807660449647607 -3.0503999935479371e-06 3.1466801423447604e-05 -1.6678468219025172e-05 -1.3381220830775184e-06 -6.5778348722777764e-07 3.0986733976630651e-05 0.00015491135835702866 -2.3286969990716296e-05
leaf_weight=8585 6937 1404 51 64 9379 26 6191 2727 172 51 13622 6474 3639 2984 40 3789 835 1316 141 4782 62 24 92 475 8020 1332 845 3390 35 149
leaf_count=8585 6937 1404 51 64 9379 26 6191 2727 172 51 13622 6474 3639 2984 40 3789 835 1316 141 4782 62 24 92 475 8020 1332 845 3390 35 149
internal_value=-0.000407553 0.00167248 -0.00207412 0.0033176 0.00066229 -0.00304338 -0.00124981 0.00211246 0.00427879 0.00136077 -0.00140696 0.00121132 -0.000717193 0.00379761 -0.00181147 0.00199816 -0.000290779 0.00133289 0.0059375 -0.00221766 0.00465909 0.00635048 0.00602941 0.0051711 -0.00347034 -0.00186037 0.000423728 0.00297629 0.0144915 -0.000327104
internal_weight=87633 38981 48652 14830 24151 22360 26292 6580 8250 13937 24784 13411 9830 6695 5755 6516 10214 1508 192 4870 88 1555 1496 526 16605 14954 885 3711 59 321
internal_count=87633 38981 48652 14830 24151 22360 26292 6580 8250 13937 24784 13411 9830 6695 5755 6516 10214 1508 192 4870 88 1555 1496 526 16605 14954 885 3711 59 321
is_linear=0
shrinkage=0.05


Tree=13
num_leaves=31
num_cat=0
split_feature=39 4 17 16 16 19 28 7 30 35 2 32 22 34 39 17 9 22 13 0 19 7 27 23 39 11 30 19 27 25
split_gain=110.044 21.9341 15.2289 6.99726 6.34941 4.52547 3.50961 3.23354 3.1733 2.91558 2.72898 2.56502 2.19391 2.11276 2.05968 1.85439 1.85404 1.7717 1.69982 1.74524 1.62021 1.60396 1.58893 1.48413 1.482 1.45737 1.44992 1.9013 1.39393 1.38533
threshold=141.28785714285866 113.865835 0.0007120601615080124 0.0014351453665817132 0.0024055500114665046 108.52500000000147 -227.58426036983289 -0.0038591219202331788 91374.012821432829 95775.264475000018 101649.25500000002 -1795.1765573171431 29.920769249999992 108436.24385413316 117.09285714285841 0.003124742238146854 0.0019194803205114818 477.27365674999993 -0.0020519982105695902 97290.845000000016 222.05500000000032 -0.0041525846981051049 81860.609250000023 3.3341648539318722 86.027500000001723 0.0027479879663873793 84648.833084872793 97.944999999999723 101413.64625000002 0.8631802407770145
decision_type=2 2 2 2 2 2 2 2 2 2 2 2 2 2 2 2 2 2 2 2 2 2 2 2 2 2 2 2 2 2
left_child=2 3 5 13 7 12 26 23 15 14 18 17 25 20 -8 -9 -7 21 19 -5 22 -6 -2 -3 -11 -1 27 -4 -21 -26
right_child=1 4 6 10 11 16 9 8 -10 24 -12 -13 -14 -15 -16 -17 -18 -19 -20 28 -22 -23 -24 -25 29 -27 -28 -29 -30 -31
leaf_value=-2.0917289831791315e-05 2.3311351645351849e-05 4.6254560236763361e-05 2.4540127039054182e-05 2.0676611318676635e-05 0.00016309866808404699 -1.0042576665366869e-05 -7.2656684483821521e-06 3.3398336871050086e-05 1.4621306305998077e-05 -1.5852993903452073e-05 6.1128228137015226e-06 6.330964817822679e-05 -1.3831766076502509e-05 -2.2856058416009818e-06 1.3528781022667372e-06 0.00010496478523464833 1.3323020379673185e-05 0.00026656373229050378 1.6098814635197353e-05 8.4754616527072378e-05 1.609136425063741e-05 4.9902441407565228e-05 1.6608755803781562e-06 5.2186306400708189e-05 -1.0238326661054557e-05 3.7920217348707699e-06 3.4145870192984418e-06 1.0453385084242878e-05 4.0212411507478016e-05 9.5703273818319792e-08
leaf_weight=12472 225 779 20 1668 101 3816 6191 2078 4879 2374 4385 3472 5630 8456 3639 84 371 49 4148 40 1203 101 7120 139 11368 71 1342 146 54 1212
leaf_count=12472 225 779 20 1668 101 3816 6191 2078 4879 2374 4385 3472 5630 8456 3639 84 371 49 4148 40 1203 101 7120 139 11368 71 1342 146 54 1212
internal_value=-0.000437793 0.00154165 -0.00202376 0.000765778 0.00335473 -0.00298301 -0.00120797 0.00255748 0.00219358 -0.00135047 0.00179456 0.00505909 -0.00332444 0.000142906 -0.000681588 0.00378816 -0.00150108 0.00994024 0.00249577 0.00379682 0.000697238 0.00787129 0.000418651 0.00534858 -0.00179016 -0.0036925 0.00113395 0.00554217 0.0104255 -0.00157393
internal_weight=87633 38981 48652 27299 11682 22360 26292 7959 7041 24784 10295 3723 18173 17004 9830 2162 4187 251 5910 1762 8548 202 7345 918 14954 12543 1508 166 94 12580
internal_count=87633 38981 48652 27299 11682 22360 26292 7959 7041 24784 10295 3723 18173 17004 9830 2162 4187 251 5910 1762 8548 202 7345 918 14954 12543 1508 166 94 12580
is_linear=0
shrinkage=0.05


Tree=14
num_leaves=31
num_cat=0
split_feature=39 39 16 31 30 7 28 22 19 15 35 21 21 9 20 16 38 11 20 31 36 3 22 7 20 7 25 24 19 19
split_gain=100.197 19.6756 14.9999 6.4354 5.1276 4.00513 3.75983 3.12626 2.86839 2.46666 2.44006 2.23272 2.16695 2.02136 1.98588 1.9114 1.88306 1.8574 1.84373 1.83234 2.14911 1.76056 1.68461 2.43716 1.77561 1.57779 1.52072 1.51763 1.51424 1.63784
threshold=141.28785714285866 227.15678571428572 0.00063174712864720302 89397.513800000001 91374.012821432829 -0.0050444583175174177 -257.34599997678737 26.465957499999984 263.55500000000035 0.003602907866267518 88906.938650000011 115.02500000000147 92.015000000006708 0.0018827019623692235 155.97999999999595 0.0029132708668688618 13.62759280415373 -0.0042538782849977806 46.29000000000088 88800.776600000027 -1680.343330987889 83244.640000000014 477.27365674999993 -0.00021080404553781458 188.63000000000469 -0.0041525846981051049 4.2417689719210427 47.463761900000009 286.69000000000239 259.75999999999482
decision_type=2 2 2 2 2 2 2 2 2 2 2 2 2 2 2 2 2 2 2 2 2 2 2 2 2 2 2 2 2 2
left_child=2 4 7 9 11 -5 16 -1 27 19 -8 18 17 -12 15 -14 -4 -7 -2 20 -3 -9 26 24 -24 -10 -11 -6 29 -17
right_child=1 3 6 5 8 12 10 21 25 22 13 -13 14 -15 -16 28 -18 -19 -20 -21 -22 -23 23 -25 -26 -27 -28 -29 -30 -31
leaf_value=-1.9436500034896462e-05 6.748339160079223e-06 5.8115989802578517e-05 3.0229600843767441e-05 6.5124483099676198e-05 -8.418364978064374e-06 2.7324949534205154e-05 -2.8568459019918564e-06 9.6442561987303464e-06 3.2668563150059591e-05 8.7634894112242044e-05 -1.0157979324634711e-05 3.4902743771783616e-05 2.2358884480142479e-05 2.6995852669675428e-07 8.6631395751559186e-05 5.5212178172789605e-05 4.1128270350927871e-06 9.5427668870954371e-06 1.5411637348431595e-05 9.7789925875287268e-05 3.4111957879607053e-05 -1.2376669654610707e-05 0.00012734458146243372 0.00016309725009859479 0.00021526153861792385 1.0469903516023396e-05 0.00038417009348692944 4.2979589532393275e-07 7.0563142448452429e-05 5.6694937065489666e-05
leaf_weight=12162 3735 953 99 442 2451 959 6469 25 189 634 18602 352 2150 1728 202 53 1104 5670 2222 223 3106 8463 44 121 27 2235 24 12967 202 20
leaf_count=12162 3735 953 99 442 2451 959 6469 25 189 634 18602 352 2150 1728 202 53 1104 5670 2222 223 3106 8463 44 121 27 2235 24 12967 202 20
internal_value=-0.000449775 0.00143903 -0.00196313 0.00287255 0.000558775 0.00211487 -0.0012092 -0.00298547 0.000125545 0.00430436 -0.00133195 0.00178396 0.00189283 -0.00160108 0.00310811 0.00271134 0.00152535 0.00141122 0.00155531 0.00381597 0.00357354 -0.00224906 0.0067647 0.0108854 0.0182394 0.00172442 0.00556231 -0.000125828 0.00663636 0.0128082
internal_weight=87633 38981 48652 14830 24151 9698 28002 20650 17842 5132 26799 6309 9256 20330 2627 2425 1203 6629 5957 4282 4059 8488 850 192 71 2424 658 15418 275 73
internal_count=87633 38981 48652 14830 24151 9698 28002 20650 17842 5132 26799 6309 9256 20330 2627 2425 1203 6629 5957 4282 4059 8488 850 192 71 2424 658 15418 275 73
is_linear=0
shrinkage=0.05


Tree=15
num_leaves=31
num_cat=0
split_feature=39 15 39 4 39 17 34 11 32 18 17 17 32 0 13 24 4 31 4 1 7 0 5 40 34 38 17 17 36 23
split_gain=92.0386 17.8876 14.875 4.6497 4.45707 3.91709 3.72062 3.05868 3.017 2.96376 2.41526 2.39275 2.2391 2.15631 2.44234 3.19205 2.08469 2.07103 2.00172 1.96448 1.95699 1.70784 2.23561 1.92857 1.6985 1.67594 1.6482 1.6267 1.61726 1.60667
threshold=141.28785714285866 0.0017093376850745115 76.489285714284577 49.920830000000002 422.279285714286 0.00086911623364434602 92423.867988898332 -0.0055166171432353426 287.10546703156439 -479.18499999999761 0.0022421844933460605 0.00058655743249258908 -557.69191097637656 114278.82500000003 -0.0084454452234096946 82.030801400000016 542.22856000000013 89934.834100000022 34.541300000000007 83840.005000000019 -0.0020083019100616251 82541.125000000015 0.0006747742825711369 130.46150020076314 87117.032638238466 31.092629218218025 0.00058655743249258908 0.001221534854134504 953.2150288924023 2.6654525746965487
decision_type=2 2 2 2 2 2 2 2 2 2 2 2 2 2 2 2 2 2 2 2 2 2 2 2 2 2 2 2 2 2
left_child=2 3 8 27 9 18 10 25 20 13 29 -10 -7 14 -3 -16 -6 -11 -4 -18 -1 22 -12 -24 -14 -8 -22 -2 -20 -5
right_child=1 4 5 6 16 12 7 -9 11 17 21 -13 24 -15 15 -17 19 -19 28 -21 26 -23 23 -25 -26 -27 -28 -29 -30 -31
leaf_value=9.9688496580088131e-06 -4.971812442373481e-06 0.0001058986134302049 -1.2396090707909259e-05 1.2197250890272203e-05 6.5640754107303554e-05 3.3994836932468472e-05 3.4759742715621376e-05 3.387944385414107e-06 2.4122535836681538e-05 3.3164301865373643e-05 5.3007487075891213e-05 -1.0190583861980619e-05 6.5399478713754041e-07 -3.8986866909824656e-05 0.00016480687518535063 7.5845938696299025e-05 0.00021771833471618767 1.545509934718958e-05 -7.0815363816809573e-06 0.00011607617164646392 -1.9732293333162011e-05 2.3454290011204754e-05 0.00015759989799519933 5.6007711526466531e-05 -6.4135265262709789e-06 -7.1154640089889057e-06 -1.375843598309091e-05 3.2568402829530587e-06 1.010223404403031e-05 4.9948627850404835e-05
leaf_weight=78 5408 108 10181 3786 1733 129 442 10820 154 4344 83 222 3828 32 20 44 80 5780 7375 222 10360 440 21 21 11194 158 4714 5246 417 193
leaf_count=78 5408 108 10181 3786 1733 129 442 10820 154 4344 83 222 3828 32 20 44 80 5780 7375 222 10360 440 21 21 11194 158 4714 5246 417 193
internal_value=-0.000446922 0.00136336 -0.00189735 0.000633405 0.00293497 -0.00129876 0.00117326 0.000691768 -0.00317427 0.00251355 0.00238336 0.00125 -0.000706555 0.00848039 0.0106977 0.0184375 0.00507371 0.00239332 -0.00179798 0.00890728 -0.00328406 0.00544248 0.0106 0.02 -0.000762882 0.00416667 -0.00332493 -0.000175522 -0.00119482 0.00194898
internal_weight=87633 38981 48652 26618 12363 33124 15964 11420 15528 10328 4544 376 15151 204 172 64 2035 10124 17973 302 15152 565 125 42 15022 600 15074 10654 7792 3979
internal_count=87633 38981 48652 26618 12363 33124 15964 11420 15528 10328 4544 376 15151 204 172 64 2035 10124 17973 302 15152 565 125 42 15022 600 15074 10654 7792 3979
is_linear=0
shrinkage=0.05


Tree=16
num_leaves=31
num_cat=0
split_feature=39 39 39 34 39 3 32 11 7 25 35 17 28 24 17 25 39 22 7 41 7 9 21 4 19 17 31 16 17 15
split_gain=83.2513 16.6993 13.3792 5.47305 4.31616 3.72023 3.08012 2.79539 2.51079 2.37782 2.34606 2.26172 2.0357 1.90734 1.77393 1.90115 1.70764 1.70286 1.93058 1.68001 1.6645 1.64364 1.51334 1.51253 1.48929 1.47784 1.47736 2.02541 1.42596 1.37312
threshold=150.68535714285778 76.489285714284577 269.34035714285613 103790.44393150524 117.09285714285841 84664.795000000027 287.10546703156439 -0.0042538782849977806 -0.0050444583175174177 1.6626439154539634 87142.046675000005 0.00058655743249258908 -524.44807773685159 43.987826700000006 0.0015562350954264495 4.2417689719210427 47.575714285715684 71.874721500000007 0.0050162965624946871 -49.347831363966215 -0.0020083019100616251 -0.00042767270555844195 119.98500000000787 59.828290000000003 231.97499999999857 0.00069342161396605156 81902.662400000016 0.0011886244204358956 0.000759041376881759 0.001192741611853259
decision_type=2 2 2 2 2 2 2 2 2 2 2 2 2 2 2 2 2 2 2 2 2 2 2 2 2 2 2 2 2 2
left_child=1 6 3 12 23 14 16 28 21 -5 24 -8 -2 -11 19 -16 -1 18 -14 -4 -18 -7 -10 25 -9 -3 27 -19 -6 -26
right_child=2 4 5 9 7 8 11 10 22 13 -12 -13 17 -15 15 -17 20 26 -20 -21 -22 -23 -24 -25 29 -27 -28 -29 -30 -31
leaf_value=-2.2334971364569516e-05 3.76087408621043e-05 -1.4027828307800448e-05 7.8879952591858016e-05 -3.1036200325567482e-07 3.1442650451500721e-05 5.8693556481967144e-05 2.2916409044847458e-05 2.5002748698720092e-06 1.9517752693356902e-05 -8.4871483549612963e-06 -5.0366685252124753e-06 -9.6810546688815866e-06 3.7154755734133737e-06 2.4475995645504148e-05 6.0121114590514414e-05 0.0004177920652709327 9.4848031107349712e-06 9.934271089604632e-05 6.918174283927833e-05 7.1728816410965797e-05 -1.4599917169252709e-05 8.9812002012894869e-05 4.1083004423534306e-05 -3.3324744416526662e-06 3.2591235875492013e-06 -7.6071106063937459e-06 1.2583974998038101e-05 3.3025506776880595e-05 1.5866160325402789e-05 4.3255519506384178e-05
leaf_weight=4479 358 5825 22 12281 44 468 154 2636 5354 224 12642 222 3831 964 2085 26 72 20 26 24 10601 20 1656 3255 93 12312 6920 562 372 85
leaf_count=4479 358 5825 22 12281 44 468 154 2636 5354 224 12642 222 3831 964 2085 26 72 20 26 24 10601 20 1656 3255 93 12312 6920 562 372 85
internal_value=-0.000457763 -0.00170973 0.00143925 0.000832604 -0.00113568 0.00302175 -0.00308733 -0.000510964 0.00249533 0.000145147 -0.000619825 0.00138298 0.00162285 0.00228114 0.00485164 0.00463998 -0.00319826 0.00150585 0.00065206 0.0145652 -0.0028544 0.00596311 0.00225392 -0.0015992 0.000685855 -0.00177731 0.00194481 0.00436426 0.00353365 0.00511236
internal_weight=87633 52792 34841 25186 37264 9655 15528 15872 7498 13469 15456 376 11717 1188 2157 2111 15152 11359 3857 46 10673 488 7010 21392 2814 18137 7502 582 416 178
internal_count=87633 52792 34841 25186 37264 9655 15528 15872 7498 13469 15456 376 11717 1188 2157 2111 15152 11359 3857 46 10673 488 7010 21392 2814 18137 7502 582 416 178
is_linear=0
shrinkage=0.05


Tree=17
num_leaves=31
num_cat=0
split_feature=39 39 39 4 30 35 31 19 32 39 15 32 38 4 38 13 17 4 41 35 42 36 20 7 31 32 20 4 20 28
split_gain=77.0141 18.1081 11.1384 4.98991 4.744 2.78058 2.56983 2.46962 2.43278 2.4302 2.41734 2.29752 2.29636 2.0982 2.00044 1.91802 1.90975 1.88182 1.8321 1.66561 1.73073 2.85738 1.74513 1.6432 1.62581 1.75087 1.65692 1.56331 1.53355 1.52718
threshold=129.34964285714318 227.15678571428572 70.472499999999357 178.82454500000003 108620.55321463681 105062.10505000001 89606.059300000008 196.44499999999974 287.10546703156439 184.27249999999967 0.003602907866267518 -432.21542058543849 13.62759280415373 542.22856000000013 31.965529671553146 -0.0047818743765816159 0.0003985108132160367 44.319415000000006 276.91868328199092 83116.435500000007 -20.407777258099514 317.38383708598855 14.324999999997091 -0.0050444583175174177 88800.776600000027 -457.80556370655535 73.944999999999723 106.46150500000002 70.349999999998559 -134.44311691233449
decision_type=2 2 2 2 2 2 2 2 2 2 2 2 2 2 2 2 2 2 2 2 2 2 2 2 2 2 2 2 2 2
left_child=2 4 8 6 9 11 24 -7 29 12 -5 14 -2 -12 -4 -9 -10 -6 23 20 21 22 -13 -8 25 -3 -26 -28 -27 -1
right_child=1 3 5 10 17 7 18 15 16 -11 13 19 -14 -15 -16 -17 -18 -19 -20 -21 -22 -23 -24 -25 26 28 27 -29 -30 -31
leaf_value=-4.6018861911740004e-06 4.0779765680297523e-05 4.1693720679319914e-05 1.4886139585064894e-05 3.7546801072485529e-05 -7.3471603800549305e-06 -1.1591113992170395e-05 6.8562630488347374e-05 2.7372488220221038e-05 3.543463669804242e-05 1.1052926613380437e-05 7.7850202900755071e-05 -1.647411563071646e-05 2.0516238032214466e-06 0.00016597673098931224 5.6173666703599404e-05 2.2532068654546313e-07 2.0629913900142614e-06 1.0831508748800975e-07 -1.3132328926393337e-05 -6.1071706484272849e-06 1.5682999185071648e-06 7.2217241209344412e-05 1.9256524002011649e-05 1.3341374142874004e-05 2.6436020985569513e-05 2.7874384904418774e-05 0.00014636767611910553 4.5072969137767492e-05 5.2748202151737426e-06 -1.7481150602289341e-05
leaf_weight=549 74 708 154 3629 5049 15370 71 31 25 5519 732 43 12381 272 27 988 197 6649 584 12887 780 27 56 6417 119 1420 34 25 819 11997
leaf_count=549 74 708 154 3629 5049 15370 71 31 25 5519 732 43 12381 272 27 988 197 6649 584 12887 780 27 56 6417 119 1420 34 25 819 11997
internal_value=-0.000461756 0.000997482 -0.00196738 0.00242414 0.000284442 -0.00144633 0.00180592 -0.00188816 -0.00320645 0.00079448 0.0037848 -0.000928153 0.000407466 0.00595617 0.00466851 0.000495583 0.00198198 -0.000499232 0.00127828 -0.0010016 0.00107064 0.00650794 0.00257576 0.00151973 0.003 0.00271971 0.00764045 0.0144915 0.00203439 -0.00329826
internal_weight=87633 44502 43131 14830 29672 30363 10197 16389 12768 17974 4633 13974 12455 1004 181 1019 222 11698 7072 13793 906 126 99 6488 3125 2947 178 59 2239 12546
internal_count=87633 44502 43131 14830 29672 30363 10197 16389 12768 17974 4633 13974 12455 1004 181 1019 222 11698 7072 13793 906 126 99 6488 3125 2947 178 59 2239 12546
is_linear=0
shrinkage=0.05


Tree=18
num_leaves=31
num_cat=0
split_feature=39 39 39 34 35 7 38 7 3 19 32 19 17 28 9 26 11 28 21 13 38 30 4 15 7 42 23 20 19 19
split_gain=70.4941 15.9618 10.7981 4.54065 4.13339 2.7639 2.59011 2.5008 2.46432 2.44986 2.35989 2.1243 1.90975 1.89993 2.59992 2.72 1.70979 1.65093 1.59625 1.57468 1.56707 1.55895 1.90816 1.57453 1.52509 1.54422 1.41119 1.33419 1.54445 1.33018
threshold=128.56714285714409 236.55107142857173 70.472499999999357 92423.867988898332 90864.44527500002 -0.0041525846981051049 10.29761642883898 -0.0050444583175174177 94673.270000000004 155.68500000000498 287.10546703156439 150.01999999999683 0.0003985108132160367 -466.63944926511607 0.0016965298114579883 84570.13128937564 0.0076809669386181207 -134.44311691233449 117.36999999999536 -0.0024848691287779616 59.946416519137522 81518.018150813878 197.20793500000002 0.0015792424006717631 0.0050162965624946871 41.128935513907699 -0.79383676037865436 59.79000000000088 231.97499999999857 829.87500000000011
decision_type=2 2 2 2 2 2 2 2 2 2 2 2 2 2 2 2 2 2 2 2 2 2 2 2 2 2 2 2 2 2
left_child=2 3 10 6 13 19 -2 -6 -4 -10 17 -7 -12 14 29 -16 20 26 -9 -5 -15 22 -8 -24 -13 -26 -1 28 -18 -3
right_child=1 4 8 5 7 11 21 18 9 -11 12 24 -14 16 15 -17 27 -19 -20 -21 -22 -23 23 -25 25 -27 -28 -29 -30 -31
leaf_value=1.7785605178035844e-05 6.9850237263791327e-05 5.1347270481046911e-05 -3.3493288259782499e-06 3.6089249010265376e-05 5.0440952016470477e-05 -3.8127919593466727e-06 1.653281677476998e-05 1.202496634633159e-05 -1.0195206315941553e-05 -1.6288212669895452e-06 3.3662904863140305e-05 1.3434156885240168e-06 1.9598418205135467e-06 3.7154896279762665e-05 0.00011276081757900002 2.8908798757710604e-05 7.8166524957298019e-05 -1.6607093072174871e-05 3.199897810149761e-05 -1.9183160945477583e-05 1.8935503515695563e-05 6.4448017885014145e-06 7.5046999563523585e-05 2.3707883472111944e-05 0.0001023664213293634 2.8026044819258469e-05 -6.1089495287376193e-06 0.0001241823201789609 3.4704792016207452e-05 0.00023547665353728557
leaf_weight=20 28 742 8554 197 393 10907 534 6205 18539 2925 25 10955 197 2538 33 31 55 11997 1613 48 1157 8576 21 25 39 67 529 382 250 51
leaf_count=20 28 742 8554 197 393 10907 534 6205 18539 2925 25 10955 197 2538 33 31 55 11997 1613 48 1157 8576 21 25 39 67 529 382 250 51
internal_value=-0.000458333 0.000926817 -0.00191021 0.000309423 0.00236803 -7.72082e-05 0.00124455 0.00166788 -0.00139217 -0.00167816 -0.00312813 -0.000136108 0.00198198 0.00346535 0.00561844 0.0153125 0.00304427 -0.00321856 0.00147224 0.00520408 0.0026184 0.00119812 0.0037069 0.0134783 0.000352137 0.00632075 -0.000537342 0.00533479 0.00286885 0.00483606
internal_weight=87633 44847 42786 31397 13450 22213 9184 8211 30018 21464 12768 21968 222 5239 857 64 4382 12546 7818 245 3695 9156 580 46 11061 106 549 687 305 793
internal_count=87633 44847 42786 31397 13450 22213 9184 8211 30018 21464 12768 21968 222 5239 857 64 4382 12546 7818 245 3695 9156 580 46 11061 106 549 687 305 793
is_linear=0
shrinkage=0.05


Tree=19
num_leaves=31
num_cat=0
split_feature=39 4 39 17 2 19 28 19 17 9 34 38 17 9 4 3 42 13 36 25 36 15 42 41 21 9 11 20 21 26
split_gain=63.9379 12.8794 12.3509 4.38607 3.70934 3.42134 3.03915 2.43166 2.15406 2.00021 1.92392 1.8559 1.82295 1.81025 1.77743 1.77809 1.72978 1.68874 1.68257 1.92312 1.67865 2.0349 1.65632 1.65238 1.61569 1.55417 1.54054 1.58722 2.54971 1.76228
threshold=139.12428571428714 113.865835 76.489285714284577 0.0014013800591188162 83672.760000000024 372.55500000000035 -238.67907719552019 62.855000000003209 0.00086911623364434602 0.0019639952840002513 84006.604997234492 13.62759280415373 0.00048091000080256128 -0.0062052135587828293 36.094250000000009 82101.87000000001 -46.788367540179678 0.0020064987524461464 -3417.9023739720938 -0.5183524097248754 -863.34318931373116 0.002616769326237031 -74.43871045138529 116.24619547987702 8.1200000000026211 -0.00097675917484912086 -0.0034143735859463301 216.78999999999363 96.810000000004962 92119.729407986379
decision_type=2 2 2 2 2 2 2 2 2 2 2 2 2 2 2 2 2 2 2 2 2 2 2 2 2 2 2 2 2 2
left_child=2 3 7 14 10 13 11 12 9 -8 -3 16 -1 20 -2 -16 24 -15 -12 -20 -6 -22 25 -17 -4 -5 27 -7 -29 -30
right_child=1 4 6 22 5 26 8 -9 -10 -11 18 -13 -14 17 15 23 -18 -19 19 -21 21 -23 -24 -25 -26 -27 -28 28 29 -31
leaf_value=-1.9236230633361262e-05 -5.0976020012852155e-06 5.0636780993315213e-05 5.0163373217356685e-05 2.7013241253407616e-05 3.6543201883294308e-05 3.9170244429470838e-05 -9.3342225819368167e-06 -1.1401734546951906e-05 -4.3204468181744528e-06 3.4750711984781873e-06 0.00016764700082224867 1.7549044265922231e-06 -1.2028668598403378e-05 4.2807217937448902e-06 1.9276038961274575e-05 2.8424864492353843e-06 -1.3563243424151472e-06 2.2397856026894567e-05 0.00013267157721276346 4.4871689710581763e-05 8.2445074258682361e-05 -1.1654371381117246e-06 7.8893079080765535e-06 -5.5934091600494869e-06 1.5291698126659604e-05 5.5716354501618178e-06 3.2634323878461695e-05 3.794475729604481e-05 0.00019434336220133173 0.00031073665405995413
leaf_weight=4799 4702 1639 30 391 108 1280 15882 5516 13577 999 49 1480 5213 3660 176 9056 57 2426 33 248 44 25 11584 2006 64 321 2097 104 31 36
leaf_count=4799 4702 1639 30 391 108 1280 15882 5516 13577 999 49 1480 5213 3660 176 9056 57 2426 33 248 44 25 11584 2006 64 321 2097 104 31 36
internal_value=-0.000446922 0.00102634 -0.00168501 0.000446946 0.00241511 0.00201763 -0.00112484 -0.00284261 -0.00123744 -0.00161454 0.00439563 0.000977926 -0.00330703 0.00131486 -0.000100378 0.000241145 0.00625828 0.0011699 0.00787879 0.0063879 0.00629943 0.0123913 0.00115647 0.000161814 0.0104255 0.00349719 0.00325817 0.00451068 0.00903509 0.0166418
internal_weight=87633 40016 47617 28236 11780 9811 32089 15528 30458 16881 1969 1631 10012 6263 15940 11238 151 6086 330 281 177 69 12296 11062 94 712 3548 1451 171 67
internal_count=87633 40016 47617 28236 11780 9811 32089 15528 30458 16881 1969 1631 10012 6263 15940 11238 151 6086 330 281 177 69 12296 11062 94 712 3548 1451 171 67
is_linear=0
shrinkage=0.05


Tree=20
num_leaves=31
num_cat=0
split_feature=39 39 39 3 4 9 4 38 17 32 36 11 39 7 17 21 38 21 20 11 9 4 24 15 39 3 17 25 17 28
split_gain=58.489 13.915 9.9682 3.86429 3.60246 2.39893 2.3801 2.31911 2.09393 1.99369 1.98601 1.87192 1.7044 1.65573 1.63663 2.38851 1.87031 2.08315 2.93466 1.54359 1.6566 1.48947 1.48692 2.03552 1.52715 1.42821 1.42625 1.9355 1.42452 1.37227
threshold=128.56714285714409 236.55107142857173 70.472499999999357 92312.390000000014 148.09624000000002 -0.0035496510606225005 32.088940000000001 10.29761642883898 0.00086911623364434602 287.10546703156439 1363.5511385785724 -0.0066557142960679081 43.406785714285704 0.0050162965624946871 0.0027633931471618086 12.875000000000002 62.914548978952048 25.935000000004951 77.995000000002634 -0.0038274533989181188 0.0018827019623692235 48.567840000000011 61.518209900000009 0.0019603834624369316 309.72571428571456 84576.755000000019 0.0011386246337442361 0.074586660519048234 0.0003985108132160367 413.29493438865762
decision_type=2 2 2 2 2 2 2 2 2 2 2 2 2 2 2 2 2 2 2 2 2 2 2 2 2 2 2 2 2 2
left_child=2 3 9 7 10 -5 8 -2 -4 12 14 -6 -1 26 21 -16 17 18 -17 -8 -21 -3 23 -13 -24 -19 27 -7 -11 -9
right_child=1 4 6 5 11 13 19 29 -10 28 -12 22 -14 -15 15 16 -18 25 -20 20 -22 -23 24 -25 -26 -27 -28 -29 -30 -31
leaf_value=-1.9436211487103134e-05 5.5407100039960446e-05 -3.2061493631032534e-06 -1.0763040534677743e-05 1.5447271790814125e-05 5.5568171228604064e-05 -7.095726984248628e-06 8.5444133053843592e-06 6.3192883035421818e-06 -5.3106151621634886e-06 3.2549846347330892e-05 -5.6252783373896841e-06 6.4988325792961262e-05 -1.2440578790177437e-05 5.9202046359386931e-05 -1.0868500532633636e-05 2.3846380998765006e-05 -1.4517859988487197e-05 6.1704254741484123e-05 5.9492374120166669e-05 -5.2221376884795535e-06 5.0576768964580897e-06 1.5246601961836025e-05 1.5535566011965324e-05 1.8234633166068829e-05 4.51486543179226e-05 3.0716073260431408e-05 9.2507692439975168e-07 1.1345640475147024e-06 2.6074327160588251e-06 4.8469425715562655e-05
leaf_weight=3447 30 910 10678 806 1309 6677 355 8490 5541 25 840 37 9099 110 187 53 150 261 47 11993 1451 5023 1477 43 2786 327 10383 4551 197 350
leaf_count=3447 30 910 10678 806 1309 6677 355 8490 5541 25 840 37 9099 110 187 53 150 261 47 11993 1451 5023 1477 43 2786 327 10383 4551 197 350
internal_value=-0.000447492 0.000814212 -0.00176997 0.00023776 0.00215985 -0.000110313 -0.00127224 0.00112176 -0.0016829 -0.00294016 0.00146319 0.00312102 -0.00302328 -0.000209706 0.00174044 0.00358536 0.00472554 0.00582849 0.0125 -0.000789551 -0.000875485 0.00142171 0.00262146 0.009375 0.00249472 0.00469388 -0.000240851 -0.000631458 0.00175676 0.00107466
internal_weight=87633 44847 42786 31397 13450 22527 30018 8870 16219 12768 7798 5652 12546 21721 6958 1025 838 688 100 13799 13444 5933 4343 80 4263 588 21611 11228 222 8840
internal_count=87633 44847 42786 31397 13450 22527 30018 8870 16219 12768 7798 5652 12546 21721 6958 1025 838 688 100 13799 13444 5933 4343 80 4263 588 21611 11228 222 8840
is_linear=0
shrinkage=0.05


Tree=21
num_leaves=31
num_cat=0
split_feature=15 22 16 17 19 13 19 1 17 19 7 17 21 28 5 4 19 20 32 23 13 39 9 18 25 36 21 28 31 38
split_gain=53.7255 12.4249 10.153 3.61718 3.43893 2.94343 2.84436 2.58253 2.03535 2.01441 1.72966 1.66883 1.62803 1.62634 1.54721 1.54485 1.49283 1.56067 2.26678 1.42494 1.37172 1.36658 1.34885 1.95266 2.00321 1.52596 1.34166 1.337 1.32109 2.25195
threshold=0.00095926018063527136 29.920769249999992 0.0018658635694751506 0.00065243929511097319 203.66999999999828 -0.0036923428877031765 531.57500000000448 81959.915000000023 0.0011091561712827833 68.680000000000305 -0.0050444583175174177 0.0022421844933460605 13.530000000006114 -304.62585469632899 -0.0041507023845241374 21.332985000000004 327.98000000000326 75.834999999999141 104.2085180670838 1.2254324621736934 -0.0033522298448394098 77.224285714283084 0.0055114353639915273 216.3099999999977 0.14632827998444106 486.16340125723224 268.36000000000064 -493.33123636111844 87512.636700000017 31.668133191409641
decision_type=2 2 2 2 2 2 2 2 2 2 2 2 2 2 2 2 2 2 2 2 2 2 2 2 2 2 2 2 2 2
left_child=1 3 4 9 8 -3 11 -7 21 -1 19 -4 27 -5 -14 -12 -9 -18 -19 -6 -11 -2 26 24 -24 -26 -17 28 29 -13
right_child=2 5 6 13 10 7 -8 16 -10 20 15 12 14 -15 -16 22 17 18 -20 -21 -22 -23 23 -25 25 -27 -28 -29 -30 -31
leaf_value=-1.5732333035569704e-05 2.1867730286932417e-05 5.3913700835158877e-06 1.3009979850295151e-05 1.1086861780618477e-05 4.902400587244543e-05 3.4541589476078207e-05 7.788340357646573e-05 -6.0160140650384284e-06 3.4803026994300688e-06 9.6551053539637138e-06 3.1932394972545947e-05 1.7060280795068312e-06 9.4214854984706747e-05 -8.6738375892210592e-06 3.2905245647307946e-05 7.0095952798249331e-06 -7.1651772595848113e-06 8.3911185881079575e-05 8.8173843437530166e-06 3.0061172747256555e-05 -1.1743389164809013e-05 -3.0293032842499721e-06 9.5185855375674877e-05 2.27966295695492e-05 -6.0190997277266019e-06 5.2417917465037302e-05 6.1922090837853618e-05 -4.6404658636676604e-07 5.8047170111782382e-06 0.00018334854822832716
leaf_weight=8531 20 2102 4605 30 58 59 1334 27022 11268 80 20 22 67 6841 3419 9008 61 35 64 182 3823 7772 24 196 24 80 103 712 51 20
leaf_count=8531 20 2102 4605 30 58 59 1334 27022 11268 80 20 22 67 6841 3419 9008 61 35 64 182 3823 7772 24 196 24 80 103 712 51 20
internal_value=-0.000443499 -0.00155176 0.000939463 -0.00253691 0.00045818 -0.000903624 0.00229228 -0.00104273 6.82045e-05 -0.00304568 0.00122486 0.00196942 0.00267886 -0.00161621 0.00314687 0.00111845 -0.00106541 0.00375 0.00762626 0.00541667 -0.00210479 -0.000553133 0.00108903 0.00425926 0.0090625 0.00605769 0.000976291 0.000652173 0.00629032 0.0128571
internal_weight=87633 48648 38985 19305 28755 29343 10230 27241 19060 12434 9695 8896 4291 6871 3486 9455 27182 160 99 240 3903 7792 9435 324 128 104 9111 805 93 42
internal_count=87633 48648 38985 19305 28755 29343 10230 27241 19060 12434 9695 8896 4291 6871 3486 9455 27182 160 99 240 3903 7792 9435 324 128 104 9111 805 93 42
is_linear=0
shrinkage=0.05


Tree=22
num_leaves=31
num_cat=0
split_feature=39 15 22 4 11 17 7 27 27 40 1 1 0 15 23 19 38 19 4 31 41 20 2 22 21 30 19 21 26 31
split_gain=49.2782 12.5237 7.96371 5.42546 3.69424 2.47232 2.29087 2.32211 2.26817 1.91355 1.88869 1.88068 3.04912 1.67131 2.15393 1.64488 1.6139 1.57938 1.49562 1.4567 1.43878 2.47325 1.39099 1.33379 1.32457 1.75575 1.28333 1.17165 1.17845 1.20275
threshold=119.69214285714251 0.0013254414614800984 26.989714249999995 184.66668500000003 -0.0042538782849977806 0.0004595450895280092 -0.0050444583175174177 101939.73475000002 108592.86550000003 46.581458883767489 81633.285000000018 108774.04500000001 108777.45500000002 0.0039044610329373179 2.7776322343542708 145.90000000000148 10.29761642883898 126.78500000000351 24.780620000000003 94022.350100000011 -53.98376667120737 18.510000000002041 101860.67000000003 254.87195850000001 168.32500000000439 104568.18792460366 237.1650000000009 333.64499999999686 83781.590537483906 94852.351800000019
decision_type=2 2 2 2 2 2 2 2 2 2 2 2 2 2 2 2 2 2 2 2 2 2 2 2 2 2 2 2 2 2
left_child=2 4 5 6 16 -1 20 22 10 -9 -6 -12 -13 27 -15 -10 26 19 -7 -4 21 -3 -8 -16 -18 -26 -2 -5 -29 -30
right_child=1 3 17 13 8 18 7 9 15 -11 11 12 -14 14 23 -17 24 -19 -20 -21 -22 -23 -24 -25 25 -27 -28 28 29 -31
leaf_value=-1.6356675670762237e-05 6.1837716563898344e-05 8.7455709024168013e-05 -2.6654281343962248e-06 2.8686046972477627e-05 1.6112816537354683e-05 -1.2340327052948975e-05 1.3405753081436784e-05 6.9687354504140995e-06 -6.8309048990760155e-06 -4.3710750366057006e-06 4.3951454723834885e-07 0.0001171617725224662 -5.1766478250894897e-06 7.800205789022155e-05 0.00012634802213945802 -4.5547432551609919e-07 1.2126473045027383e-05 -1.6716423416243511e-06 -5.7620410759530409e-06 -8.5073047449391326e-06 2.4428811379549269e-05 2.8473093620741046e-05 6.7999854027613925e-05 0.00031240009867395947 -1.9333486552595332e-05 7.1479814951966395e-05 4.8092459571935642e-05 0.00024889421294625323 -5.2157643788154726e-05 8.0927675948627223e-05
leaf_weight=5012 22 23 4402 4053 239 7994 9220 4622 6549 2556 14017 23 33 736 33 5659 1068 4696 3099 13097 130 55 37 20 23 31 48 22 43 71
leaf_count=5012 22 23 4402 4053 239 7994 9220 4622 6549 2556 14017 23 33 736 33 5659 1068 4696 3099 13097 130 55 37 20 23 31 48 22 43 71
internal_value=-0.000429805 0.000614902 -0.00177546 0.00151681 -8.87714e-05 -0.00262186 0.00108364 0.00101764 -0.000211163 0.000342713 0.000215902 0.000141049 0.00928571 0.00296505 0.00507604 -0.00071183 0.00263423 -0.0011613 -0.00220545 -0.00137979 0.00629808 0.0116667 0.00154099 0.0148113 0.00217469 0.00981481 0.01 0.00256744 0.00713235 0.00508772
internal_weight=87633 49333 38300 21621 27712 16105 16643 16435 26520 7178 14312 14073 56 4978 789 12208 1192 22195 11093 17499 208 78 9257 53 1122 54 70 4189 136 114
internal_count=87633 49333 38300 21621 27712 16105 16643 16435 26520 7178 14312 14073 56 4978 789 12208 1192 22195 11093 17499 208 78 9257 53 1122 54 70 4189 136 114
is_linear=0
shrinkage=0.05


Tree=23
num_leaves=31
num_cat=0
split_feature=39 19 39 27 39 4 27 11 39 39 21 20 28 11 20 39 36 16 18 7 15 41 13 32 9 36 25 16 1 11
split_gain=45.5909 10.2696 8.88228 4.79125 2.54847 2.45405 2.28194 2.06127 1.98644 1.94922 1.67321 1.62174 1.56305 1.52796 1.55769 1.48941 1.78205 1.45628 1.43519 1.42401 1.41625 1.4101 1.81894 1.37447 1.27047 1.25209 1.88119 1.24507 1.21648 1.20427
threshold=128.56714285714409 327.98000000000326 70.472499999999357 91259.909 168.3289285714304 197.20793500000002 105571.61675000002 0.0034370599989273116 47.575714285715684 160.98785714285836 333.64499999999686 68.65499999999885 -257.34599997678737 0.0065167503623274206 36.944999999999716 85.385714285712325 -957.71664668760775 0.00093194838806726912 -198.05000000001016 -0.0032074732823935853 0.00057487640328692587 -76.447131211021755 -0.015552567748348251 292.32325884442258 -0.0043792009657096153 -2007.2790136499532 -0.43499912496867738 0.0028119214541758738 115202.83500000001 0.0022571339195920337
decision_type=2 2 2 2 2 2 2 2 2 2 2 2 2 2 2 2 2 2 2 2 2 2 2 2 2 2 2 2 2 2
left_child=2 3 8 9 13 25 12 18 -1 -2 11 -7 15 -5 -15 -4 -17 -13 -8 21 -9 22 -12 -10 27 26 -3 -6 -19 -11
right_child=1 5 6 4 24 10 7 20 23 29 19 17 -14 14 -16 16 -18 28 -20 -21 -22 -23 -24 -25 -26 -27 -28 -29 -30 -31
leaf_value=-1.6384903319949783e-05 1.8162934836746142e-06 -2.2175098562762053e-06 1.9479063654062365e-05 -2.9446322048180853e-06 2.2244149372428095e-05 2.2563722697596124e-05 1.0161618018081176e-05 9.2754361959772376e-05 -1.0294938528428197e-05 9.5431213618055521e-06 0.00028440335070438759 3.5584217940375853e-05 -3.9484079986423768e-06 3.1252706879563752e-05 -1.100792490533089e-05 6.320262533638964e-05 1.112673187908539e-06 5.8749161820843783e-05 -9.0286243093146747e-06 6.0213333160391677e-05 1.1436087755138153e-05 6.0960834019722465e-05 0.00019331190984732733 9.0453510791529004e-06 2.6144160208404794e-06 1.2835828796083776e-05 5.0919924775490755e-05 3.0226006198818245e-05 -3.4872383024640742e-06 2.3163601833492525e-05
leaf_weight=4488 3506 155 39 11602 357 1533 152 23 8095 5041 24 20 13826 25 24 35 340 1679 15339 138 264 41 20 185 15050 3029 200 23 151 2229
leaf_count=4488 3506 155 39 11602 357 1533 152 23 8095 5041 24 20 13826 25 24 35 340 1679 15339 138 264 41 20 185 15050 3029 200 23 151 2229
internal_value=-0.000421247 0.000692687 -0.00158884 0.000367566 1.27384e-05 0.0024535 -0.001119 -0.00153315 -0.00269345 0.00125928 0.00336106 0.00308454 -0.000660114 -0.000545448 0.0082653 0.00236715 0.0014 0.00408108 -0.00161094 0.00755605 0.0026655 0.0126471 0.0188636 -0.0022343 0.000434218 0.00148641 0.00429577 0.00328947 0.00393443 0.00172627
internal_weight=87633 44847 42786 37857 27081 6990 30018 15778 12768 10776 3606 3383 14240 11651 49 414 375 1850 15491 223 287 85 44 8280 15430 3384 355 380 1830 7270
internal_count=87633 44847 42786 37857 27081 6990 30018 15778 12768 10776 3606 3383 14240 11651 49 414 375 1850 15491 223 287 85 44 8280 15430 3384 355 380 1830 7270
is_linear=0
shrinkage=0.05


Tree=24
num_leaves=31
num_cat=0
split_feature=39 39 22 2 38 35 39 17 7 19 19 28 9 9 13 15 36 21 20 39 19 28 11 9 16 1 42 9 17 23
split_gain=42.6108 10.2568 7.22701 3.42487 2.88681 2.69297 1.89421 1.83243 1.83057 2.21157 1.77998 1.75666 2.25372 1.6316 1.60759 1.56133 2.29869 1.5559 1.6105 1.45625 1.43748 1.40915 1.41899 1.39544 1.35056 1.28649 1.58114 1.28206 1.29076 1.88316
threshold=119.69214285714251 236.55107142857173 23.343377249999993 107720.00500000002 13.62759280415373 90864.44527500002 173.72321428571533 0.0007120601615080124 0.0026929257967747817 829.87500000000011 149.12000000000265 -524.44807773685159 0.001731291575972541 0.0022108628434319125 -0.0042821604029102808 0.0011018428634463706 -863.34318931373116 119.98500000000787 237.06499999999508 41.88392857142702 247.21500000000381 91.897329636813097 0.0037599870307389615 -0.0012718154737381803 0.00099144239685894082 81959.915000000023 38.404371322516347 0.0029128495858923706 0.0024914092759283665 -0.27054485794083505
decision_type=2 2 2 2 2 2 2 2 2 2 2 2 2 2 2 2 2 2 2 2 2 2 2 2 2 2 2 2 2 2
left_child=2 3 14 4 15 8 20 13 9 21 -5 12 -10 -4 -1 24 -17 23 -19 -16 25 -3 -23 -7 -2 26 -6 -8 -29 -30
right_child=1 5 7 10 6 17 27 -9 11 -11 -12 -13 -14 -15 19 16 -18 18 -20 -21 -22 22 -24 -25 -26 -27 -28 28 29 -31
leaf_value=1.1939100313103278e-05 3.1926042875463541e-05 3.2445759418450351e-05 -8.5650780999063911e-06 -5.6458117480730109e-06 1.0457267485665214e-05 1.5767032405437762e-05 5.6586005546180651e-06 -4.282789308589311e-06 0.00010016088302617658 0.00017614070513409519 5.1238697225279913e-07 6.1207686802472992e-05 0.00010879970382562681 1.6701752201394852e-05 -1.7060064023465497e-05 6.1489130985972455e-05 4.4616743474666876e-05 2.2761574806595386e-05 0.00014516037521244624 -1.1159645057071932e-05 9.6885966820338156e-06 -8.0344194545360526e-06 3.0390718073378413e-05 2.9576501780589666e-06 -3.9909756040597369e-05 -7.2634618279317198e-07 4.4580537065767317e-05 2.5281122113066709e-05 3.5316686888821143e-05 2.9434174481066829e-05
leaf_weight=28 54 2467 11357 8019 344 2205 6900 14755 20 82 7285 1158 21 244 2891 42 20 1630 57 9025 995 844 647 4319 32 11207 25 917 20 23
leaf_count=28 54 2467 11357 8019 344 2205 6900 14755 20 82 7285 1158 21 244 2891 42 20 1630 57 9025 995 844 647 4319 32 11207 25 917 20 23
internal_value=-0.000409265 0.000562199 -0.00166058 0.000120808 0.000542056 0.00173978 0.000491654 -0.00119821 0.0026255 0.00211634 -0.000445636 0.00434112 0.0145122 -0.00166839 -0.00268085 0.0075 0.0135484 0.00117464 0.00252816 -0.00270896 0.000110969 0.00194795 0.000734405 0.000824646 0.00313953 -4.57856e-05 0.00285908 0.00110051 0.0028125 0.0112791
internal_weight=87633 49333 38300 35883 20579 13450 20431 26356 5239 4040 15304 1199 41 11601 11944 148 62 8211 1687 11916 12571 3958 1491 6524 86 11576 369 7860 960 43
internal_count=87633 49333 38300 35883 20579 13450 20431 26356 5239 4040 15304 1199 41 11601 11944 148 62 8211 1687 11916 12571 3958 1491 6524 86 11576 369 7860 960 43
is_linear=0
shrinkage=0.05


Tree=25
num_leaves=31
num_cat=0
split_feature=39 39 22 2 38 39 35 23 17 9 39 19 9 15 36 28 25 13 25 16 1 23 4 7 9 39 21 36 3 4
split_gain=39.3517 9.35877 6.85574 3.05214 2.91105 2.71671 1.81613 1.81454 1.74758 1.72018 1.65259 1.61931 1.58329 1.56133 2.29869 1.52928 1.74229 1.49778 1.41208 1.35056 1.34156 1.32676 2.17001 2.29584 2.36525 1.2708 1.18192 1.17431 1.14486 1.12987
threshold=119.69214285714251 236.55107142857173 23.343377249999993 107720.00500000002 13.62759280415373 440.49464285714311 90864.44527500002 2.7776322343542708 0.0007120601615080124 0.0038765931153501554 41.88392857142702 149.12000000000265 0.0022108628434319125 0.0011018428634463706 -863.34318931373116 -152.93621246670224 -1.0972089716495488 -0.0042821604029102808 5.441262054592797 0.00099144239685894082 81959.915000000023 -0.68142244116462292 55.407820000000008 0.00071793944700033194 -0.00058450715026628342 173.72321428571533 51.764999999999425 1915.7527786997309 83122.645000000004 24.780620000000003
decision_type=2 2 2 2 2 2 2 2 2 2 2 2 2 2 2 2 2 2 2 2 2 2 2 2 2 2 2 2 2 2
left_child=2 3 10 4 13 6 18 -7 12 20 -1 -5 26 19 -15 16 -8 -12 27 -2 21 -6 23 24 -23 -22 28 -3 -4 -19
right_child=1 5 8 11 9 7 15 -9 -10 -11 17 -13 -14 14 -16 -17 -18 29 -20 -21 25 22 -24 -25 -26 -27 -28 -29 -30 -31
leaf_value=-1.6207060822292223e-05 3.0329740731690358e-05 2.7246629934502042e-05 1.2347285228088187e-05 -5.3635211606693645e-06 -3.9612202252240219e-06 5.186294821359587e-05 6.2663477492016121e-05 0.00027237199843737231 -4.0686498431598419e-06 2.2870759160752527e-05 1.1342145297448119e-05 4.8676762364015459e-07 1.5866664591325115e-05 5.8414674436673833e-05 4.2385906300933533e-05 2.8232211572715083e-06 1.5453673242027498e-05 -1.1485036329550441e-05 0.00023624890697880927 -3.7914268238567503e-05 -1.2692136961050598e-07 1.7927652879639775e-05 1.3225431493053727e-05 3.8784876036172789e-06 8.1687816264689866e-05 5.3950394477957735e-06 -2.4445714952097729e-07 -1.6435053396833214e-06 -8.8645393586675376e-06 -6.2331774985383523e-06
leaf_weight=2891 54 3834 45 8019 226 1688 33 32 14755 741 28 7285 244 42 20 4290 3121 7075 23 32 11945 27 450 42 23 6977 939 429 10373 1950
leaf_count=2891 54 3834 45 8019 226 1688 33 32 14755 741 28 7285 244 42 20 4290 3121 7075 23 32 11945 27 450 42 23 6977 939 429 10373 1950
internal_value=-0.000396712 0.000536861 -0.00159922 0.000115234 0.0005129 0.00166171 0.0013896 0.00351744 -0.00114889 0.000462287 -0.00259293 -0.000419499 -0.00160805 0.0075 0.0135484 0.000917516 0.00175333 -0.00226058 0.00220952 0.00313953 0.000373285 0.00242187 0.00376384 0.0107609 0.018 0.000290137 -0.00169367 0.00214286 -0.0018468 -0.0022964
internal_weight=87633 49333 38300 35883 20579 13450 11730 1720 26356 20431 11944 15304 11601 148 62 7444 3154 9053 4286 86 19690 768 542 92 50 18922 11357 4263 10418 9025
internal_count=87633 49333 38300 35883 20579 13450 11730 1720 26356 20431 11944 15304 11601 148 62 7444 3154 9053 4286 86 19690 768 542 92 50 18922 11357 4263 10418 9025
is_linear=0
shrinkage=0.05


Tree=26
num_leaves=31
num_cat=0
split_feature=39 4 17 39 4 19 34 9 7 0 13 5 36 1 38 40 24 32 16 24 7 23 23 15 23 17 21 20 23 5
split_gain=35.4023 8.63323 6.57915 3.10214 3.02282 2.67379 1.9995 2.3011 1.96098 1.95493 1.93857 1.86998 1.76553 1.52835 1.5955 1.3759 1.3737 1.3775 1.36316 1.31476 1.91439 1.40377 1.38557 1.78495 1.31413 1.27093 1.24766 1.38709 1.13558 1.09209
threshold=119.69214285714251 110.19018500000001 0.00058655743249258908 174.75642857142731 39.875335000000007 531.57500000000448 90802.240146886907 0.0050332016592481285 -0.0021183832241665015 107220.00500000002 -0.0029314384776125625 0.0014015596648560269 409.38557561904605 96424.010000000024 13.62759280415373 72.424617652213797 41.269310600000011 508.08239624745335 0.00083780082369326917 350.37066820000007 -0.0016902265967814192 0.72126706988681488 1.9792178031251662 0.0043649083500650046 -1.4577038731991587 0.00042737034033870725 235.22500000000585 131.94000000000236 3.3341648539318722 3.5097474074935608e-06
decision_type=2 2 2 2 2 2 2 2 2 2 2 2 2 2 2 2 2 2 2 2 2 2 2 2 2 2 2 2 2 2
left_child=2 3 4 13 -1 6 7 -3 -6 -5 -4 -9 -10 14 -2 24 17 -12 -19 21 26 -7 -23 -24 -11 -14 27 -21 -25 -18
right_child=1 5 10 9 8 19 -8 11 12 15 16 -13 25 -15 -16 -17 29 18 -20 20 -22 22 23 28 -26 -27 -28 -29 -30 -31
leaf_value=-1.1922014561967247e-05 4.1093641856178688e-05 1.9432563971068115e-05 9.8727118495933907e-07 8.0423221464720656e-06 2.5094097513038565e-05 1.5208050469551323e-05 7.973311444792517e-06 0.00010791202676797607 -7.4304876293520525e-06 1.9221335321452135e-05 -7.6603402755698497e-06 3.5119555836425688e-05 2.2050507041861928e-05 -3.3502534569730597e-06 1.0029066976696295e-06 -6.7299665329648629e-06 -6.4377751710221307e-06 4.7024786402814046e-06 6.0798041664230506e-05 -5.4491354692079077e-05 0.00010226988431110574 7.6396584585601882e-05 2.9724615990483714e-05 0.00016786192047163598 2.1179392709874363e-06 4.3438549619032434e-06 0.00021285353835972661 0.00012067284687301589 0.00014407247527940958 -1.28693542554577e-06
leaf_weight=11196 21 3782 1778 9075 55 499 7108 189 1641 69 12565 313 38 13320 7054 2168 5153 69 26 21 112 391 552 31 4556 349 25 22 25 5430
leaf_count=11196 21 3782 1778 9075 55 499 7108 189 1641 69 12565 313 38 13320 7054 2168 5153 69 26 21 112 391 552 31 4556 349 25 22 25 5430
internal_value=-0.000388154 0.000497333 -0.00152872 0.000100239 -0.00242827 0.00159908 0.00132461 0.00217787 -0.00067931 0.000624526 -0.00105132 0.00535856 -0.000931954 -0.000307675 0.000286218 -1.69304e-05 -0.00117304 -0.00152449 0.00447368 0.00346245 0.0075 0.0029773 0.00405906 0.00256579 0.000470269 0.00210594 0.0141176 0.00895349 0.0110714 -0.000752623
internal_weight=87633 49333 38300 36263 13279 13070 11392 4284 2083 15868 25021 502 2028 20395 7075 6793 23243 12660 95 1678 180 1498 999 608 4625 387 68 43 56 10583
internal_count=87633 49333 38300 36263 13279 13070 11392 4284 2083 15868 25021 502 2028 20395 7075 6793 23243 12660 95 1678 180 1498 999 608 4625 387 68 43 56 10583
is_linear=0
shrinkage=0.05


Tree=27
num_leaves=31
num_cat=0
split_feature=39 39 24 28 34 17 19 15 19 34 25 5 27 13 9 41 38 13 16 38 24 34 11 15 16 23 9 7 11 24
split_gain=32.2854 7.51158 6.49579 3.15135 2.99341 2.27668 2.11487 1.78483 1.7421 1.70274 1.68326 1.74622 1.55541 1.46381 1.29125 1.31552 1.29895 1.22775 1.68411 1.17031 1.35562 1.15956 1.15093 2.62068 1.1398 1.93969 1.3417 1.10951 1.25744 1.225
threshold=120.36821428571473 298.83535714285716 20.749979400000004 -524.44807773685159 90802.240146886907 0.0007120601615080124 829.87500000000011 0.00095926018063527136 129.53000000000614 88919.349336311978 4.7425604911482626 -0.00029923665957109423 111952.69800000002 -0.0029314384776125625 0.0040901260995068103 42.99290923073815 13.62759280415373 -0.003440537104801238 0.00066836701544664798 84.644507524650535 28.556523400000007 82756.096211336277 0.0025611120782002609 0.00093222469462952171 0.0015541729217767989 -0.19937040852059101 -0.00023199709002755603 0.0073794308974403167 0.0028778142448564171 213.44479080000002
decision_type=2 2 2 2 2 2 2 2 2 2 2 2 2 2 2 2 2 2 2 2 2 2 2 2 2 2 2 2 2 2
left_child=2 3 17 -2 14 8 12 -6 22 10 11 -8 24 -7 16 -16 -5 18 -1 -10 -21 -15 -4 -24 25 26 -3 -26 29 -29
right_child=1 6 5 4 7 13 9 -9 19 -11 -12 -13 -14 21 15 -17 -18 -19 -20 20 -22 -23 23 -25 27 -27 -28 28 -30 -31
leaf_value=2.0629387277263578e-05 2.3308210643587348e-05 2.467472558035749e-05 -8.4705669350697556e-06 3.2060481423237465e-05 -3.647971754538673e-06 1.4556638685478888e-06 0.00016324074825501637 9.3423786341446234e-07 -1.3608734302844063e-06 6.0484969305506572e-05 0.00043256615572931844 6.370648476562722e-05 -5.3517330926468968e-07 1.0737079277875013e-05 8.4611372880003201e-06 5.2807045970087015e-05 4.0921952769516701e-06 -1.2165003325742881e-05 -2.3563959922607878e-05 3.9602029664499208e-05 -1.2210210679779237e-05 -5.0407654484894894e-06 -3.1736611035777699e-07 2.1395245901085722e-05 2.3200708263142926e-05 1.9712045352719654e-05 7.8691936709509528e-05 0.00019415606786738016 6.3241369329916191e-05 0.00015318973349086112
leaf_weight=27 1164 21 12651 27 10677 1392 37 19102 1757 149 21 63 1023 247 293 327 10158 6809 32 32 34 15421 214 29 5683 55 20 20 128 20
leaf_count=27 1164 21 12651 27 10677 1392 37 19102 1757 149 21 63 1023 247 293 327 10158 6809 32 32 34 15421 214 29 5683 55 20 20 128 20
internal_value=-0.000384731 0.000467664 -0.00146526 0.000209829 0.000136259 -0.00116389 0.00195442 -0.000122403 -0.00161956 0.0062963 0.0107025 0.008 0.00178623 -0.00077081 0.000849143 0.00306451 0.000714285 -0.00285964 0.00432203 -0.000172793 0.00636364 -0.00090886 -0.00182411 0.00158436 0.00209601 0.0075 0.0157317 0.00200735 0.0060119 0.01375
internal_weight=87633 48988 38645 41748 40584 31777 7240 29779 14717 270 121 100 6970 17060 10805 620 10185 6868 59 1823 66 15668 12894 243 5947 96 41 5851 168 40
internal_count=87633 48988 38645 41748 40584 31777 7240 29779 14717 270 121 100 6970 17060 10805 620 10185 6868 59 1823 66 15668 12894 243 5947 96 41 5851 168 40
is_linear=0
shrinkage=0.05


Tree=28
num_leaves=31
num_cat=0
split_feature=39 39 4 35 17 13 34 39 38 21 20 4 25 24 25 9 19 18 38 7 32 39 11 32 21 41 40 41 17 21
split_gain=29.7429 7.1115 6.51662 2.56343 2.27239 2.1609 1.85089 1.85026 1.83374 1.71284 1.78378 1.6972 1.53057 1.78876 1.40821 1.39324 1.3791 1.36365 1.36724 2.21814 1.30266 1.30007 1.26331 1.2343 1.21376 1.33119 1.44957 1.73106 1.58126 1.35667
threshold=128.56714285714409 70.472499999999357 110.19018500000001 91045.715225000007 0.0012148116873642806 -0.003440537104801238 95978.614533609245 41.88392857142702 10.29761642883898 175.98499999999333 28.325000000004369 32.661800000000007 1.8782316015330534 221.53797470000003 0.08603171915880907 0.0019639952840002513 372.55500000000035 63.775000000001462 37.702032195362115 -0.0014700073843899087 310.48770328410325 618.57750000000055 -0.00083782524229252984 899.13248836394644 44.819999999999716 81.422813797595069 105.92407809294674 68.814582095872154 0.0015562350954264495 135.90000000000148
decision_type=2 2 2 2 2 2 2 2 2 2 2 2 2 2 2 2 2 2 2 2 2 2 2 2 2 2 2 2 2 2
left_child=1 7 4 8 14 17 -7 -1 -4 21 -11 -8 13 -12 -2 -13 -5 18 -3 -20 -9 -10 -21 -15 -6 26 -26 28 -28 -27
right_child=2 5 3 16 24 6 11 20 9 10 12 15 -14 23 -16 -17 -18 -19 19 22 -22 -23 -24 -25 25 29 27 -29 -30 -31
leaf_value=-1.4135092474664065e-05 -4.1542866877890449e-06 1.708816765324133e-06 9.3063948970534843e-05 5.3659370493010158e-06 1.269795225652766e-06 -1.9435534742581662e-06 -8.5989135240481431e-06 -8.2317610234741659e-06 2.0483736757113922e-05 1.7139597420939355e-05 2.5969729713506019e-06 -4.7012786114448666e-06 0.00015831833349540407 7.9220054156939218e-05 2.356638063577874e-06 8.8077152469786932e-06 2.0992988059022819e-05 -1.5800147427563892e-05 2.9451484794529932e-05 -1.870082087043763e-05 1.2148963002097817e-05 0.00014108443984638575 1.9688757635232914e-05 0.00015879909897042153 1.044463015919578e-05 -3.0217450591629864e-06 3.5587636644273815e-05 -8.1504540999089322e-06 5.5765351069163153e-05 2.9533147955435481e-05
leaf_weight=3108 10032 1492 27 5142 10962 8680 11360 9510 4214 204 124 7495 91 125 4497 759 2642 125 27 57 150 163 23 28 4413 1872 33 44 61 173
leaf_count=3108 10032 1492 27 5142 10962 8680 11360 9510 4214 204 124 7495 91 125 4497 759 2642 125 27 57 150 163 23 28 4413 1872 33 44 61 173
internal_value=-0.000366473 -0.00130954 0.000533256 0.00148903 0.000153176 -0.000889134 -0.000993851 -0.00229793 0.0023754 0.0023045 0.00487762 -0.00126287 0.00695652 0.0051083 -0.000309382 -0.000717229 0.000922404 0.000829465 0.00122264 0.00668224 -0.00195652 0.00196824 0.0025 0.00872549 0.000535937 0.00107186 0.00154801 0.0065942 0.0104255 1.22237e-05
internal_weight=87633 42786 44847 12760 32087 30018 28294 12768 4976 4949 572 19614 368 277 14529 8254 7784 1724 1599 107 9660 4377 80 153 17558 6596 4551 138 94 2045
internal_count=87633 42786 44847 12760 32087 30018 28294 12768 4976 4949 572 19614 368 277 14529 8254 7784 1724 1599 107 9660 4377 80 153 17558 6596 4551 138 94 2045
is_linear=0
shrinkage=0.05


Tree=29
num_leaves=31
num_cat=0
split_feature=39 39 39 28 30 2 25 39 13 35 5 19 21 13 7 26 3 20 19 19 21 19 32 42 4 40 32 20 18 39
split_gain=27.3535 6.77968 5.85049 2.61226 2.30567 1.95208 2.45459 1.91466 1.87029 1.7298 1.51395 1.35288 1.28608 1.27592 1.23748 1.83078 1.15637 1.17391 1.26697 1.12539 1.1211 1.12102 1.0909 1.29669 1.07212 1.24429 1.04987 1.1039 1.5307 1.25173
threshold=128.56714285714409 70.472499999999357 298.83535714285716 -524.44807773685159 91374.012821432829 83672.760000000024 4.2417689719210427 41.88392857142702 -0.0036923428877031765 106544.53630000002 -0.0051199951391565799 615.9450000000071 4.0049999999973815 0.013985258823124869 0.0027942477606543513 91253.441783393515 83754.695000000022 325.810000000005 226.98000000000323 282.91999999999831 128.65499999999886 142.94499999999974 297.87446076548082 25.723746812132209 44.319415000000006 -280.649426710348 -518.33093512212497 9.5950000000011659 -34.269999999996791 327.19178571428768
decision_type=2 2 2 2 2 2 2 2 2 2 2 2 2 2 2 2 2 2 2 2 2 2 2 2 2 2 2 2 2 2
left_child=1 7 3 -2 14 6 16 -1 20 -10 11 -7 -12 -14 -5 -16 17 18 26 -11 -3 22 -9 -24 25 -6 -4 -28 -29 -30
right_child=2 8 5 4 24 10 -8 21 9 19 12 -13 13 -15 15 -17 -18 -19 -20 -21 -22 -23 23 -25 -26 -27 27 28 29 -31
leaf_value=-1.342833785093086e-05 2.1472573247227712e-05 1.5816096814992642e-06 7.552869791816657e-06 4.2630644977812957e-06 2.3101900675678389e-05 6.7055685588289767e-05 0.00034300473092980648 -8.1050355847796699e-06 -2.7858847158218342e-06 -7.4689587720678989e-06 -6.6381654030731542e-06 7.5650644241107289e-05 1.4467458480127699e-05 5.4978353265051964e-05 1.8090905556112512e-05 8.0111666961068181e-05 0.00010232119368599863 0.00012544594921314595 3.532913931723513e-05 1.7428565230544884e-05 3.0781256061455767e-05 5.6289118517970109e-06 -3.0291655923972104e-06 3.2307835565695756e-05 1.0502581463006744e-06 -3.4339931537508169e-06 0.00012630964531752924 -3.5671278027604301e-05 7.7218682654946777e-05 6.0494995908259452e-05
leaf_weight=3108 1160 1336 52 9104 31 39 22 9246 14325 14165 631 128 4582 382 936 20 39 48 1198 168 24 281 103 30 16619 9737 20 32 26 41
leaf_count=3108 1160 1336 52 9104 31 39 22 9246 14325 14165 631 128 4582 382 936 20 39 48 1198 168 24 281 103 30 16619 9737 20 32 26 41
internal_value=-0.000361908 -0.0012663 0.000500924 0.000250351 0.000176008 0.00180248 0.00342354 -0.00223136 -0.000855821 -0.000941798 0.00138667 0.00607784 0.00124665 0.00151692 0.000820078 0.00253138 0.00317308 0.00293931 0.00266983 -0.00133015 0.000955881 -0.00188406 -0.00197729 0.0025188 -6.9543e-05 -0.000485259 0.00669591 0.00928571 0.00712121 0.0114179
internal_weight=87633 42786 44847 37607 36447 7240 1478 12768 30018 28658 5762 167 5595 4964 10060 956 1456 1417 1369 14333 1360 9660 9379 133 26387 9768 171 119 99 67
internal_count=87633 42786 44847 37607 36447 7240 1478 12768 30018 28658 5762 167 5595 4964 10060 956 1456 1417 1369 14333 1360 9660 9379 133 26387 9768 171 119 99 67
is_linear=0
shrinkage=0.05


Tree=30
num_leaves=31
num_cat=0
split_feature=39 24 16 32 34 20 5 40 27 24 21 25 17 5 5 21 35 36 4 20 39 32 23 7 16 41 5 40 24 7
split_gain=24.7799 5.85757 5.72321 2.55407 1.98659 1.95295 1.68001 1.64596 2.11556 1.56761 1.55267 2.00272 2.45431 2.26813 1.98163 1.45072 1.45003 1.31257 1.29132 1.26063 1.25399 1.39542 1.58809 1.41071 1.34117 1.3401 1.25396 1.40961 1.38543 1.74239
threshold=120.36821428571473 20.749979400000004 0.0019222386458029488 -369.17571462210611 103715.986050077 63.455000000009029 0.00070421496415272661 -124.72003074876555 80597.724750000008 33.196590100000009 119.98500000000787 -0.74382510290421155 0.0039783480910729639 4.2616579093603263e-05 0.00071816573907157661 96.810000000004962 83116.435500000007 -2131.4785304642642 65.074750000000009 24.010000000002041 440.49464285714311 797.00568057114299 2.7776322343542708 0.0041285539525326405 0.0038032939362425819 297.99040123088599 3.5097474074935608e-06 -79.547118959912027 64.875119600000005 4.6148490450828292e-05
decision_type=2 2 2 2 2 2 2 2 2 2 2 2 2 2 2 2 2 2 2 2 2 2 2 2 2 2 2 2 2 2
left_child=1 -1 3 7 18 9 -6 8 -2 15 -4 12 13 -12 -15 -3 -7 -10 19 -5 25 22 24 -23 -22 -13 27 28 -11 -30
right_child=2 5 10 4 6 16 -8 -9 17 26 11 20 -14 14 -16 -17 -18 -19 -20 -21 21 23 -24 -25 -26 -27 -28 -29 29 -31
leaf_value=-1.0499951556545158e-05 6.3003598486737429e-05 -7.080181909323774e-06 1.1906759385401752e-05 -3.3418996216636007e-06 -3.9167056677733441e-06 1.4236111268079257e-05 2.0158528018261157e-06 1.37011865531084e-05 3.1002218555282371e-05 -3.9792091171552867e-07 -2.1417527425048638e-05 2.3934597333139252e-05 0.00012046702861119215 0.00010331347901760412 6.836891643073442e-05 4.9697662384700897e-06 4.728440923635069e-07 1.9531900424222941e-06 6.798174184711267e-06 3.2813526801433755e-06 4.7602559015255963e-05 3.9842507012884966e-05 0.00033049818933730135 0.0001748554706424523 -9.0759035106798482e-07 -4.5179834953842999e-05 -2.3680640346007552e-06 -7.0057331573350807e-06 1.9239588444847628e-05 4.444822386563241e-05
leaf_weight=6868 21 11679 7483 4319 13333 50 4849 1581 369 773 84 1235 26 30 41 133 1734 4833 5924 4099 262 78 21 36 258 106 8900 8392 95 21
leaf_count=6868 21 11679 7483 4319 13333 50 4849 1581 369 773 84 1235 26 30 41 133 1734 4833 5924 4099 262 78 21 36 258 106 8900 8392 95 21
internal_value=-0.000341368 -0.00128801 0.000405404 0.00013756 -4.67359e-05 -0.00100183 -0.000393797 0.00101852 0.000590656 -0.00109742 0.00149586 0.00267111 0.00770718 0.00532258 0.0119014 -0.00154589 0.00060538 0.000526719 0.000393249 -4.75291e-06 0.00221443 0.00400763 0.00294824 0.00903509 0.00240384 0.00133855 -0.000806062 -0.00121269 0.000680539 0.00577586
internal_weight=87633 38645 48988 39328 32524 31777 18182 6804 5223 29993 9660 2177 181 155 71 11812 1784 5202 14342 8418 1996 655 541 114 520 1341 18181 9281 889 116
internal_count=87633 38645 48988 39328 32524 31777 18182 6804 5223 29993 9660 2177 181 155 71 11812 1784 5202 14342 8418 1996 655 541 114 520 1341 18181 9281 889 116
is_linear=0
shrinkage=0.05


Tree=31
num_leaves=31
num_cat=0
split_feature=39 17 19 27 4 13 9 9 20 41 34 17 20 23 34 42 9 11 39 15 0 32 39 42 16 9 32 24 19 38
split_gain=22.9553 6.50935 5.08548 2.4825 2.29387 1.81411 1.56668 1.48765 1.45686 1.6 1.24682 1.27948 1.21212 1.53584 1.40202 2.62281 1.21143 1.25757 1.19999 1.25791 1.14698 1.14645 1.40617 1.18758 1.18573 1.13181 1.13752 1.12682 1.10054 1.08911
threshold=129.34964285714318 0.00058655743249258908 327.98000000000326 91259.909 25.989495000000002 -0.0029314384776125625 -0.0023623512277981813 -0.0043792009657096153 0.055000000000291045 -21.437018341588352 90238.066238896616 0.00073407675615824177 61.855000000003209 -1.077773631307168 82630.146526799494 -20.407777258099514 0.002324543451631507 -0.0049950480983363263 298.83535714285716 0.0015480580103310632 90831.155000000013 304.47978574440646 76.489285714284577 12.795226974652754 0.00052903151944889428 0.00036671634039271548 -205.16973823313307 55.117922400000005 503.0999999999986 48.183888440745172
decision_type=2 2 2 2 2 2 2 2 2 2 2 2 2 2 2 2 2 2 2 2 2 2 2 2 2 2 2 2 2 2
left_child=1 4 3 18 25 -3 8 -5 9 -6 16 -12 14 -14 15 -7 28 -18 -2 -20 -21 -8 23 -23 -24 -1 -27 -9 -4 -15
right_child=2 5 10 7 6 12 21 27 -10 -11 11 -13 13 29 -16 -17 17 -19 19 20 -22 22 24 -25 -26 26 -28 -29 -30 -31
leaf_value=-1.0471776338088123e-05 4.5198896457807824e-06 1.527863763338386e-06 1.5567605262040823e-05 1.8975001921135191e-05 3.9885390971533694e-05 5.6318341507727769e-05 -6.9370405779374147e-06 -3.943308042408331e-06 -2.2003587740728739e-06 1.1696131658073852e-06 6.045823418215908e-05 1.17815574308606e-05 2.583244958143128e-05 -6.6443730350958384e-06 -5.0821273049573166e-06 3.7695519847359109e-06 9.0387883185069173e-05 4.8975270360777471e-05 5.6520564419719608e-05 2.2593865196713456e-05 0.00010455428402470434 5.8749896901283883e-05 2.9576139962948095e-05 1.7258992309795802e-05 -1.8160693712673628e-05 1.926727633517202e-05 -7.8294588191713386e-06 6.095392183955897e-07 7.10091482163415e-05 4.4217050172162791e-06
leaf_weight=6595 9236 2427 1135 439 20 34 3957 6987 52 20 35 4398 35 658 25097 243 32 906 50 1368 39 20 37 79 142 25 2424 19404 473 1266
leaf_count=6595 9236 2427 1135 439 20 34 3957 6987 52 20 35 4398 35 658 25097 243 32 906 50 1368 39 20 37 79 142 25 2424 19404 473 1266
internal_value=-0.000337374 -0.00115938 0.000459304 0.000228792 -0.00207576 -0.000747649 -0.00112896 -2.7955e-05 0.00532609 0.0125 0.00169867 0.00119219 -0.000863975 0.000334353 -0.000956492 0.00258123 0.00258052 0.00400853 0.000873 0.00220659 0.00192964 -0.00126919 0.00183453 0.00661616 -0.000810057 -0.00252875 -0.00161086 -7.59741e-05 0.00174751 0.000145529
internal_weight=87633 43131 44502 37523 13371 29760 4327 26830 92 40 6979 4433 27333 1959 25374 277 2546 938 10693 1457 1407 4235 278 99 179 9044 2449 26391 1608 1924
internal_count=87633 43131 44502 37523 13371 29760 4327 26830 92 40 6979 4433 27333 1959 25374 277 2546 938 10693 1457 1407 4235 278 99 179 9044 2449 26391 1608 1924
is_linear=0
shrinkage=0.05


Tree=32
num_leaves=31
num_cat=0
split_feature=39 4 17 39 3 28 4 23 25 21 19 34 40 24 38 27 16 15 16 39 18 24 39 27 24 20 22 38 38 4
split_gain=21.0261 5.74673 4.65237 2.19026 2.04413 1.83689 1.74387 1.56659 1.51591 1.43214 1.40832 1.38515 1.32397 1.29109 1.27987 1.25467 1.20948 1.20269 1.15248 1.13373 1.30252 1.37061 1.13277 1.30023 1.13262 1.4741 2.38335 1.48704 1.23241 1.16072
threshold=109.42785714285857 96.88421000000001 0.00047418140498917675 440.49464285714311 111118.145 -222.5687012571361 30.117165000000004 2.7776322343542708 -0.94669398194002752 333.64499999999686 68.680000000000305 94765.720897447391 -124.72003074876555 33.196590100000009 13.62759280415373 83008.799000000014 0.0026544835116763684 0.00065027956598883439 0.00075982590616981279 75.735714285716583 28.08499999999913 23.402884800000006 173.72321428571533 111251.59850000001 186.39446700000002 24.010000000002041 194.89829775000001 61.09347413696657 67.026953718687807 130.01986500000001
decision_type=2 2 2 2 2 2 2 2 2 2 2 2 2 2 2 2 2 2 2 2 2 2 2 2 2 2 2 2 2 2
left_child=2 4 10 9 5 14 11 8 -5 15 -1 13 -13 -4 18 24 -11 -8 -2 20 21 -19 23 -7 -3 26 29 -27 -28 -26
right_child=1 3 6 7 -6 22 17 -9 -10 16 -12 12 -14 -15 -16 -17 -18 19 -20 -21 -22 -23 -24 -25 25 27 28 -29 -30 -31
leaf_value=-1.1085605591970166e-05 5.3565553965049315e-05 8.4746911834257122e-06 -6.0968700949268143e-06 0.00010303643397543804 -3.2784674062443717e-06 -1.3919913589768659e-06 -5.1755935137970628e-06 0.00021563357427775359 3.5892989985623435e-05 2.6571556842885143e-05 -5.3761673550608607e-06 1.2840439296494423e-05 -7.2009904034745216e-06 2.027776469579235e-06 6.5963399338439359e-06 6.1433827289364614e-06 0.00021768568612230097 2.6572174806005041e-05 1.1496106625494348e-05 -9.0469926463896192e-07 -1.0610886788305894e-05 9.9224229266217319e-06 3.434599179043251e-06 1.585270063712534e-05 0.00011058194967426778 5.8956663011403228e-05 7.6647013848308889e-06 -1.2919289443469771e-05 0.00010620869686081133 8.5326100595210997e-05
leaf_weight=5041 23 896 2562 33 11979 15149 5421 32 1564 116 1512 68 11451 1969 3122 12558 27 40 73 4457 109 150 8636 20 21 332 88 135 20 29
leaf_count=5041 23 896 2562 33 11979 15149 5421 32 1564 116 1512 68 11451 1969 3122 12558 27 40 73 4457 109 150 8636 20 21 332 88 135 20 29
internal_value=-0.000341939 0.000256776 -0.00134381 0.00105955 -6.94848e-05 0.000171519 -0.00104606 0.00279619 0.00257671 0.000860637 -0.00253548 -0.00137072 -0.00166204 -0.000630105 0.00129273 0.000810071 0.00583916 -0.000534049 0.00697917 4.62562e-05 0.00302675 0.00552631 1.99526e-05 -0.000240294 0.00216634 0.0038 0.00797468 0.00238758 0.0037963 0.017
internal_weight=87633 54853 32780 15851 39002 27023 26227 1629 1597 14222 6553 16050 11519 4531 3218 14079 143 10177 96 4756 299 190 23805 15169 1521 625 158 467 108 50
internal_count=87633 54853 32780 15851 39002 27023 26227 1629 1597 14222 6553 16050 11519 4531 3218 14079 143 10177 96 4756 299 190 23805 15169 1521 625 158 467 108 50
is_linear=0
shrinkage=0.05


Tree=33
num_leaves=31
num_cat=0
split_feature=39 39 39 1 19 4 28 11 9 27 22 9 16 38 36 11 36 38 2 32 15 41 23 16 11 39 22 17 38 28
split_gain=19.5629 5.21133 4.44977 2.19137 1.79684 1.77328 1.42567 1.48808 1.42535 1.34978 1.37054 1.28333 1.31804 1.24286 2.19812 1.68937 1.2381 1.81481 1.18933 1.14995 1.08006 1.0667 1.30559 1.17444 1.44309 1.46911 1.46674 1.13869 1.12922 1.10208
threshold=109.42785714285857 184.27249999999967 47.575714285715684 103586.69000000002 531.57500000000448 30.117165000000004 413.29493438865762 -0.0042538782849977806 0.00036671634039271548 116649.25100000003 24.207420999999993 -0.0050502717774096213 0.0011886244204358956 13.62759280415373 -398.26473110418004 -0.0062157012085549421 378.62647480634774 72.629375928985112 111128.74000000001 613.04673147710139 0.00065027956598883439 72.764858432731486 -1.4577038731991587 0.0010706887679127395 -0.0042538782849977806 189.60464285714315 54.800910749999986 0.00097614873640217506 50.718986892905868 3.4884746255775103
decision_type=2 2 2 2 2 2 2 2 2 2 2 2 2 2 2 2 2 2 2 2 2 2 2 2 2 2 2 2 2 2
left_child=2 6 8 4 -3 9 7 13 -1 10 -4 12 -5 14 15 -2 -10 -18 -9 20 -7 22 29 24 27 26 -26 -24 -28 -13
right_child=1 3 5 11 -6 19 -8 18 16 -11 -12 21 -14 -15 -16 -17 17 -19 -20 -21 -22 -23 23 -25 25 -27 28 -29 -30 -31
leaf_value=-1.1665209814903547e-05 4.7171225327389735e-05 1.0168056605539583e-05 -7.2119303577735607e-06 4.99633878023944e-05 5.7171112736404005e-05 -4.7591675941143368e-06 8.797863288378799e-06 -4.211194858199237e-07 -8.4688665444400337e-06 -1.01351025258597e-05 -3.6369715592550526e-06 4.3779711714980708e-05 1.9404007634567209e-05 4.5239123536960131e-06 3.2753408604828544e-05 -1.1048770993252402e-05 -5.147569147240751e-06 3.4392827251013505e-05 -4.4955216578673335e-06 3.5963388090625758e-05 -2.458909652917354e-07 -4.1289008538719078e-06 1.3280126962034087e-05 1.8552909632799374e-06 5.6973931890961599e-05 2.9610693853269972e-06 6.2577900948280284e-07 5.0539203435063749e-05 6.7661601227610979e-05 -1.1345206051486949e-05
leaf_weight=3382 26 11663 6181 23 1065 6020 711 20047 1031 2574 8657 48 426 1052 27 43 48 27 9147 50 4810 3426 27 6500 24 457 64 20 25 32
leaf_count=3382 26 11663 6181 23 1065 6020 711 20047 1031 2574 8657 48 426 1052 27 43 48 27 9147 50 4810 3426 27 6500 24 457 64 20 25 32
internal_value=-0.000331668 0.000245838 -0.00129805 0.00080252 0.00125 -0.00106603 -0.000180821 -0.000232682 -0.0027607 -0.00137894 -0.00119558 0.000288113 0.00290646 0.0015331 0.00697917 0.00224638 -0.00120253 0.005 -0.000302118 -0.000565259 -0.000600186 0.000177444 0.000523133 0.000451734 0.00253647 0.0018421 0.0069469 0.0109574 0.00398876 0.006875
internal_weight=87633 54853 32780 23800 12728 28292 31053 30342 4488 17412 14838 11072 449 1148 96 69 1106 75 29194 10880 10830 10623 7197 7117 617 570 113 47 89 80
internal_count=87633 54853 32780 23800 12728 28292 31053 30342 4488 17412 14838 11072 449 1148 96 69 1106 75 29194 10880 10830 10623 7197 7117 617 570 113 47 89 80
is_linear=0
shrinkage=0.05


Tree=34
num_leaves=31
num_cat=0
split_feature=17 4 39 17 13 32 19 25 42 25 40 5 15 2 7 9 19 3 15 21 18 34 17 35 20 13 23 28 23 1
split_gain=17.7306 5.49481 4.30992 2.80507 2.30233 2.21882 1.61743 1.41132 1.39219 1.38647 1.37118 1.15291 1.22834 1.15243 1.13541 1.12119 1.11156 1.36568 1.07423 1.63187 1.0473 1.04462 1.33369 1.05734 1.02441 1.19348 1.20333 1.14379 1.67976 1.02004
threshold=0.00086911623364434602 32.373945000000006 298.83535714285716 0.00054050996523375024 0.0076787843354583175 -314.06393349617423 829.87500000000011 1.0719844267560477 58.709957199412536 -1.1568993346562573 -98.208194629354679 -0.0017172273291213146 0.00076388003666579907 83672.760000000024 -0.0038591219202331788 0.00038153951786190036 226.98000000000323 83754.695000000022 0.0011221819632187412 49.704999999994477 -177.0849999999991 88919.349336311978 0.0029806971072652644 85106.237000000008 237.06499999999508 -0.00064523636329003487 0.46678358832745642 -181.81034938173977 -0.96799064538024082 82460.595000000016
decision_type=2 2 2 2 2 2 2 2 2 2 2 2 2 2 2 2 2 2 2 2 2 2 2 2 2 2 2 2 2 2
left_child=1 3 5 15 11 9 13 29 -6 10 -2 12 -3 16 -11 -1 -4 24 -14 -20 -5 22 -8 -24 27 -26 -27 28 -18 -7
right_child=2 4 6 20 8 7 21 -9 -10 14 -12 -13 18 -15 -16 -17 17 -19 19 -21 -22 -23 23 -25 25 26 -28 -29 -30 -31
leaf_value=-9.8125828713853891e-06 2.1360426019890286e-05 2.6958578232747377e-05 5.9417110757700148e-05 4.5932137377186851e-06 7.8558977901728834e-05 8.4542209043398227e-06 0.00020274516200564916 6.8168710944618814e-06 1.0495988820399869e-05 2.4159429370349212e-05 7.9219854332026322e-05 -2.4879628737438521e-06 -3.5903411059704784e-06 1.0194234381971431e-05 3.6924284460357597e-06 -6.3979757917356841e-06 8.7839278913019183e-05 0.0001031440720562729 3.4930820088814422e-05 -1.8814027975252665e-05 -5.3993465490388283e-06 4.1963230206370227e-05 -1.1212297264443794e-05 0.00016471814760649149 1.5925463508438507e-05 0.00015278309219308517 0.00013422630374683927 -3.8007134374101425e-06 3.6503503109705107e-05 -1.3097879712534937e-06
leaf_weight=6110 76 38 173 37 21 1246 31 3186 71 674 22 12579 244 5560 7333 2201 39 32 77 27 13788 149 42 48 72 30 20 582 462 32663
leaf_count=6110 76 38 173 37 21 1246 31 3186 71 674 22 12579 244 5560 7333 2201 39 32 77 27 13788 149 42 48 72 30 20 582 462 32663
internal_value=-0.000327104 -0.00119527 0.000255529 -0.0016751 -0.000381789 7.41139e-05 0.00138812 -8.96359e-05 0.0075 0.000823565 0.00673469 -0.000437718 0.00225388 0.00124103 0.000751216 -0.00240104 0.00251773 0.00199272 0.00132184 0.00557692 -0.0012387 0.00518518 0.00863636 0.00555555 0.00172199 0.00606557 0.012 0.00123269 0.00298403 -0.000184171
internal_weight=87633 35193 52440 22136 13057 45200 7240 37095 92 8105 98 12965 386 6970 8007 8311 1410 1237 348 104 13825 270 121 90 1205 122 50 1083 501 33909
internal_count=87633 35193 52440 22136 13057 45200 7240 37095 92 8105 98 12965 386 6970 8007 8311 1410 1237 348 104 13825 270 121 90 1205 122 50 1083 501 33909
is_linear=0
shrinkage=0.05


Tree=35
num_leaves=31
num_cat=0
split_feature=39 19 32 39 39 24 28 9 19 0 18 15 9 13 38 21 4 18 32 7 20 22 39 1 36 9 0 27 28 24
split_gain=16.4927 5.89233 3.20908 2.20822 2.10884 1.59741 1.55217 1.37967 1.31652 1.27181 1.4223 1.25499 1.1505 1.16054 1.16667 1.11682 1.071 1.06509 1.03881 1.03615 1.39277 1.24964 1.72857 1.03322 0.989639 1.28948 0.977052 1.02418 0.980677 1.37954
threshold=92.212857142857374 161.53499999999624 -163.28287673681913 48.961071428572602 298.83535714285716 53.410191200000007 -524.44807773685159 0.00038153951786190036 829.87500000000011 115126.04500000001 130.87499999999275 0.00033985248965162434 -0.0020291714518124379 0.00060295362423067728 55.313651221014418 0.014999999999417925 24.293935000000001 141.37000000000265 97.996391543943915 0.0073794308974403167 36.560000000004955 241.58855325000002 373.90785714285818 81959.915000000023 378.62647480634774 0.0012460187683897169 81846.190000000017 81860.609250000023 455.33880501882237 133.97977560000001
decision_type=2 2 2 2 2 2 2 2 2 2 2 2 2 2 2 2 2 2 2 2 2 2 2 2 2 2 2 2 2 2
left_child=2 5 12 7 6 9 -3 -4 15 23 -11 -7 -1 -14 -15 -6 -5 -12 -18 -17 -21 22 -22 -2 -9 -26 27 -8 -28 -30
right_child=1 4 3 16 8 11 26 24 -10 10 17 -13 13 14 -16 19 18 -19 -20 20 21 -23 -24 -25 25 -27 28 -29 29 -31
leaf_value=7.7150629071700616e-06 3.6653984667578637e-05 1.9160316661927372e-05 -1.0819524560207308e-05 -7.0408320900567331e-06 -7.4463005295801785e-06 4.4453194619325473e-05 8.4987841548647162e-06 -7.7236279677720108e-06 8.3519549055389476e-05 -8.2940176064779369e-06 2.0323153309953086e-05 -2.656535996256308e-07 -6.547325728967587e-07 1.8239785725877027e-05 -7.3693063332037452e-06 1.7345874074236507e-05 -6.2899810525805363e-06 -5.1545736238137309e-07 -8.7503168452569569e-07 -3.6928259816903319e-05 2.3098011634173701e-05 0.00013435503536947946 0.0002299345485337449 -2.4779430313620049e-06 7.0977197999882587e-07 2.9269394995174424e-05 7.7341127438301422e-07 3.8451187051932213e-05 2.0138969539049582e-05 -2.656716234686042e-05
leaf_weight=242 34 1085 3479 9310 559 20 640 1080 270 3339 23 18658 2388 21 21 5902 3867 35 2958 46 21 61 24 13000 78 20 18958 45 1224 225
leaf_count=242 34 1085 3479 9310 559 20 640 1080 270 3339 23 18658 2388 21 21 5902 3867 35 2958 46 21 61 24 13000 78 20 18958 45 1224 225
internal_value=-0.000313411 0.000101372 -0.00144775 -0.00165737 0.00062801 -0.000334531 0.000390719 -0.00261649 0.00139256 -0.000694116 -0.00155579 -1.82044e-05 0.000183382 -0.000144034 0.00809524 0.00125283 -0.00138054 0.0062069 -0.000904763 0.00145028 0.00552631 0.00867924 0.015 -0.000469542 -0.00113752 0.00367347 0.000295846 0.00215328 0.000233497 0.00148723
internal_weight=87633 64169 23464 20792 29060 35109 22177 4657 6883 16431 3397 18678 2672 2430 42 6613 16135 58 6825 6054 152 106 45 13034 1178 98 21092 685 20407 1449
internal_count=87633 64169 23464 20792 29060 35109 22177 4657 6883 16431 3397 18678 2672 2430 42 6613 16135 58 6825 6054 152 106 45 13034 1178 98 21092 685 20407 1449
is_linear=0
shrinkage=0.05


Tree=36
num_leaves=31
num_cat=0
split_feature=17 17 4 25 4 13 11 9 19 36 31 19 19 13 21 41 40 18 40 30 4 5 41 5 22 25 25 35 16 21
split_gain=15.1815 5.76148 3.11323 1.93321 1.77098 1.72469 1.44277 1.27477 1.15761 1.14668 1.06421 1.1172 1.23359 1.35919 1.04248 1.33014 2.1121 1.37228 1.40675 1.03607 1.03546 1.02227 1.26321 1.4076 1.6685 1.52231 1.61286 1.34833 1.18186 1.38709
threshold=0.0010322490920923035 0.00054557802150460996 113.865835 0.063336742481064301 35.444610000000004 -0.0029917568815740416 -0.0035116342367888628 0.0016589004109492684 531.57500000000448 -1041.9851450259082 118067.71790000002 150.01999999999683 133.12999999999741 -0.0025357858845618704 44.819999999999716 72.764858432731486 107.94277975889419 -27.144999999996795 117.69794701284265 79179.671527494138 14.664185000000002 0.0016617466477761688 -190.30188954544587 0.0018432639609748758 83.098111500000002 0.28052438307671074 0.65630920836917095 84208.487925000009 0.0038032939362425819 104.01000000000205
decision_type=2 2 2 2 2 2 2 2 2 2 2 2 2 2 2 2 2 2 2 2 2 2 2 2 2 2 2 2 2 2
left_child=1 4 14 5 -1 -3 -6 9 -4 10 11 12 13 -5 20 16 21 18 -18 -17 -2 28 -23 24 -24 27 -27 -25 -16 -30
right_child=2 3 8 7 6 -7 -8 -9 -10 -11 -12 -13 -14 -15 15 19 17 -19 -20 -21 -22 22 23 25 -26 26 -28 -29 29 -31
leaf_value=-8.0140083617657474e-06 8.940301499601541e-06 1.9341987223281929e-06 1.0300336819973113e-05 -1.2619896153167992e-05 1.0901998876053597e-05 -4.6841398613152558e-06 -2.4063662474285894e-06 6.082476311533463e-06 3.7007730794560967e-05 -2.1253611767374508e-06 3.4988897389898418e-05 -2.9164478515985869e-06 6.4455756748475277e-05 3.4999696064041734e-05 3.6183374823652757e-06 4.6132136605567744e-05 1.0043442759142711e-05 1.97981030224865e-05 9.3377178906154767e-05 -3.0006190181925351e-06 -6.9730640767460047e-07 -2.8151707947869539e-05 1.1017525417373217e-05 4.8576040354989211e-05 0.00010067295805903658 7.3111202887035214e-05 1.4194179464545719e-05 -1.4629539344750336e-05 -1.8338332792889166e-05 6.0849405244722781e-05
leaf_weight=8871 611 1726 9372 62 24 22451 1803 2170 1623 10128 45 274 32 27 6140 51 21 78 26 2982 18739 57 35 29 33 21 22 137 21 22
leaf_count=8871 611 1726 9372 62 24 22451 1803 2170 1623 10128 45 274 32 27 6140 51 21 78 26 2982 18739 57 35 29 33 21 22 137 21 22
internal_value=-0.000304282 -0.000907631 0.000413542 -0.000611541 -0.00192933 -0.000874179 -0.000511769 -0.000113049 0.00113006 -0.000339706 0.00215909 0.00132911 0.00533058 0.00230337 0.000142118 0.00056589 0.000962058 0.0074 0.0141489 -0.000301683 -6.97686e-05 0.000838575 0.00353293 0.0049278 0.0111765 0.00289474 0.0112791 0.00072289 0.000693028 0.00895349
internal_weight=87633 47613 40020 36915 10698 24177 1827 12738 10995 10568 440 395 121 89 29025 9675 6642 125 47 3033 19350 6517 334 277 68 209 43 166 6183 43
internal_count=87633 47613 40020 36915 10698 24177 1827 12738 10995 10568 440 395 121 89 29025 9675 6642 125 47 3033 19350 6517 334 277 68 209 43 166 6183 43
is_linear=0
shrinkage=0.05


Tree=37
num_leaves=31
num_cat=0
split_feature=17 4 39 32 21 9 25 17 20 18 0 40 32 7 21 38 31 22 36 9 36 41 24 22 15 7 9 7 7 16
split_gain=13.9252 4.99698 2.92446 1.8875 1.83614 2.08143 1.78179 2.0272 1.65743 1.63693 1.54462 1.5048 1.53904 1.50152 1.48519 1.63315 1.42876 1.38195 1.37971 1.25348 1.53386 1.23698 1.19251 1.56674 1.13782 1.5012 1.40115 1.75455 2.13434 2.05139
threshold=0.0007120601615080124 65.074750000000009 48.961071428572602 -369.17571462210611 112.54499999999827 -0.0043792009657096153 -0.72083207610302791 0.0039783480910729639 4.3349999999991278 216.3099999999977 98363.875000000015 -128.11193740915766 -577.44801690513111 0.0035844069666684671 38.079999999994477 15.765839908293389 116800.78490000001 56.974746499999988 1915.7527786997309 0.0012953601516279801 254.21231933809034 223.80330416736061 42.171011 38.269559750000006 0.00066850375222166742 -0.0011896556238310465 -0.0021821156658437886 -8.5614078486164586e-05 -0.00025804248566943939 0.00091746898280958649
decision_type=2 2 2 2 2 2 2 2 2 2 2 2 2 2 2 2 2 2 2 2 2 2 2 2 2 2 2 2 2 2
left_child=2 3 19 11 5 9 7 8 10 -3 -6 -2 -13 17 15 22 -16 -7 -19 -1 -21 -10 23 -4 -14 -26 -27 28 29 -28
right_child=1 4 14 -5 6 13 -8 -9 21 -11 -12 12 24 -15 16 -17 -18 18 -20 20 -22 -23 -24 -25 25 26 27 -29 -30 -31
leaf_value=-8.8092431786785877e-06 1.2923534650294272e-06 1.8955265527081073e-05 5.5280847024207181e-06 -2.0555027859389677e-06 2.2582729543836093e-05 -3.242057046830006e-06 1.4184786839629595e-05 9.8697863242846285e-05 -1.2329872971258889e-05 4.4072854558329272e-05 9.7317610754554207e-05 4.8092823797509578e-05 -1.4100964855057579e-05 2.2541725441667729e-05 1.9188714492452059e-06 -5.4360485456769931e-06 -7.8636808865207246e-06 3.9304572837998778e-06 -1.1997866524018338e-05 -1.6591199087458895e-05 2.6706512167167399e-05 3.2535375826232696e-05 -1.1311495853086292e-05 2.6621358902393944e-05 2.631727073721224e-06 -8.929035689303645e-06 -1.2584017078453144e-05 4.5712624185361875e-06 4.1623736247285663e-05 2.5528435289467865e-05
leaf_weight=4698 2069 1545 55 36124 31 3196 4274 34 128 37 20 25 92 1817 2206 15117 550 13799 953 57 32 24 32 26 359 58 52 98 22 103
leaf_count=4698 2069 1545 55 36124 31 3196 4274 34 128 37 20 25 92 1817 2206 15117 550 13799 953 57 32 24 32 26 359 58 52 98 22 103
internal_value=-0.000289447 8.40259e-05 -0.00135314 -0.000273321 0.000623017 0.000429333 0.00153957 0.00575949 0.00386699 0.00217446 0.0116667 0.000958998 0.00278739 0.000289652 -0.00106083 -0.0012541 7.2557e-06 0.000150991 0.000355205 -0.00245143 0.00342697 0.00125 0.00473451 0.00796296 0.00239796 0.00309248 0.00551051 0.007 0.00997175 0.00790322
internal_weight=87633 64860 22773 39002 25858 21347 4511 237 203 1582 51 2878 809 19765 17986 15230 2756 17948 14752 4787 89 152 113 81 784 692 333 275 177 155
internal_count=87633 64860 22773 39002 25858 21347 4511 237 203 1582 51 2878 809 19765 17986 15230 2756 17948 14752 4787 89 152 113 81 784 692 333 275 177 155
is_linear=0
shrinkage=0.05


Tree=38
num_leaves=31
num_cat=0
split_feature=17 15 39 1 36 38 19 23 21 4 35 41 36 9 42 9 7 4 25 42 31 18 13 5 21 31 9 11 38 36
split_gain=12.6346 4.26284 3.18897 2.06737 1.77418 1.71757 1.49425 1.39099 1.29412 1.27444 1.21482 1.43564 1.19064 1.18029 1.17985 1.69381 1.1432 1.08245 1.0819 1.65318 1.0772 1.1789 1.06037 1.31367 1.28138 1.05299 1.14813 1.09745 1.98333 1.22353
threshold=0.00072983144801988975 0.0013159796592293867 47.575714285715684 81959.915000000023 -1041.9851450259082 17.088823087965846 381.83499999999918 -0.67482070152838591 37.019999999996806 173.16464500000004 104197.471125 -40.599436964072993 1452.9815826638007 0.00038153951786190036 -22.611536614733566 -0.00061626535765048611 -0.0041525846981051049 15.451855000000002 0.50567745606974557 23.235196053661383 83244.019600000014 39.48999999999797 -0.0024319532525084587 0.00070421496415272661 46.734999999993313 116800.78490000001 -0.0019812948143154187 0.0028161634974712135 62.493469838586741 868.47033527973701
decision_type=2 2 2 2 2 2 2 2 2 2 2 2 2 2 2 2 2 2 2 2 2 2 2 2 2 2 2 2 2 2
left_child=2 3 13 7 16 10 8 -2 20 12 11 -4 -3 -1 15 -9 -5 -18 19 -16 21 -7 -6 -24 -25 27 -27 29 -29 -10
right_child=1 9 5 4 22 6 -8 14 25 -11 -12 -13 -14 -15 18 -17 17 -19 -20 -21 -22 -23 23 24 -26 26 -28 28 -30 -31
leaf_value=-9.3494415161868902e-06 -3.5263993522315136e-06 4.4847897068810824e-06 1.7541009789664828e-06 4.1818823014008749e-05 9.1181100081719397e-07 1.0737570947150021e-05 6.998149579992868e-05 1.6613826822077186e-05 -4.3874166044097923e-07 1.8832651028072237e-05 1.5604164527771549e-06 3.9887301295902262e-05 -5.504565112975169e-06 -4.752412037167632e-06 1.0816058854168222e-05 1.9334890136580176e-05 3.3187145520953658e-05 5.4776625121824683e-06 -2.8427102927378328e-05 4.4224380267543361e-05 -5.319495786965567e-06 -1.2919917543333974e-05 -3.3442973411401902e-06 -9.3322466380552147e-07 1.2082509545776807e-05 2.1116729587900124e-05 -7.6174078863796555e-06 5.8451229048287532e-05 7.1911499226949584e-06 2.1983654965129583e-05
leaf_weight=3403 133 15284 29 28 6664 87 35 59 2289 5455 231 26 1305 1064 121 22 20 2542 33 40 16144 30 24625 6116 1033 33 591 21 119 51
leaf_count=3403 133 15284 29 28 6664 87 35 59 2289 5455 231 26 1305 1064 121 22 20 2542 33 40 16144 30 24625 6116 1033 33 591 21 119 51
internal_value=-0.000279747 9.05785e-05 -0.00125305 -0.000208274 -0.000243493 -0.000979377 -0.00103608 0.00333333 -0.00105474 0.000652331 0.00286713 0.00954545 0.000434323 -0.00245915 0.00536364 0.0104321 0.00102316 0.000913348 0.00324742 0.00493789 -0.00123332 0.00354701 -0.000328842 -0.000449111 0.000147572 -0.000119202 -0.00195513 0.000342741 0.00464286 8.54689e-05
internal_weight=87633 63480 24153 41436 41028 19686 19400 408 19365 22044 286 55 16589 4467 275 81 2590 2562 194 161 16261 117 38438 31774 7149 3104 624 2480 140 2340
internal_count=87633 63480 24153 41436 41028 19686 19400 408 19365 22044 286 55 16589 4467 275 81 2590 2562 194 161 16261 117 38438 31774 7149 3104 624 2480 140 2340
is_linear=0
shrinkage=0.05


Tree=39
num_leaves=31
num_cat=0
split_feature=17 22 39 1 21 42 0 11 9 24 42 32 39 9 34 39 7 28 32 20 40 19 21 24 2 35 25 18 7 36
split_gain=11.6304 3.83471 2.84866 1.89711 1.39951 1.62515 1.4335 1.25556 2.33767 1.74216 1.2398 1.46674 1.32017 1.21318 1.06201 1.05531 1.04832 1.05485 1.46944 1.02373 1.18423 1.51002 1.02287 1.05236 1.021 1.94526 2.13931 1.00121 2.02985 1.04778
threshold=0.00072983144801988975 76.498710000000003 50.33428571428626 83947.97500000002 125.53499999999623 -68.464285358841821 115337.66000000002 0.0025611120782002609 0.00039739239878559162 36.336547200000005 -31.172420010291308 508.08239624745335 71.258214285712583 0.0061233277128716858 87022.039012655121 106.97499999999856 0.00043313392699863247 -159.67986671940159 8.0034558621046035 62.644999999996806 -9.1960698917173413 84.775000000001469 0.014999999999417925 49.603908600000004 115174.42000000001 117127.41670000002 0.52580382920737534 42.459999999999134 0.0016988012260666094 688.89418845883495
decision_type=2 2 2 2 2 2 2 2 2 2 2 2 2 2 2 2 2 2 2 2 2 2 2 2 2 2 2 2 2 2
left_child=2 10 -1 14 5 -4 7 -7 9 -9 12 19 -2 22 -3 -14 17 -6 -19 -12 21 -21 23 -5 25 -24 -27 28 -10 -29
right_child=1 3 4 13 16 6 -8 8 27 -11 11 -13 15 -15 -16 -17 -18 18 -20 20 -22 -23 24 -25 -26 26 -28 29 -30 -31
leaf_value=-7.6206967664774454e-06 2.5473636185147997e-05 1.801567973516924e-05 3.0948073454128572e-05 3.4356344384271007e-05 1.859581526679729e-06 -3.2748033340323126e-06 -7.2484504906440101e-06 6.772868136123909e-05 3.2519154230682521e-06 -2.0568284569332074e-06 -3.0170893132664515e-06 6.8404990237720539e-06 -5.1480217272231494e-06 3.8367864421003371e-05 7.5408285938658175e-05 3.4112685272524968e-06 -9.0749310847506523e-06 6.0139976783820814e-05 -8.7909579875227408e-07 1.8791438020203587e-05 -1.8021486048251678e-06 5.6320351355671391e-06 4.6435573389010948e-06 -3.0795546743057575e-06 -2.8640111121050216e-06 2.8853658936411975e-05 0.00020853887098129815 -2.2861109925816005e-05 4.7773609589698548e-05 2.0169267764152284e-05
leaf_weight=5121 23 3253 28 34 50 13895 4401 31 150 24 27375 1442 819 730 23 5045 35 36 24 28 2247 1635 15293 3075 2375 63 20 217 33 108
leaf_count=5121 23 3253 28 34 50 13895 4401 31 150 24 27375 1442 819 730 23 5045 35 36 24 28 2247 1635 15293 3075 2375 63 20 217 33 108
internal_value=-0.000275753 7.95514e-05 -0.00120958 0.000563821 -0.000927912 -0.00096548 -0.000983351 -0.000742843 0.00157193 0.0113636 -0.0002323 -0.000352462 0.000435705 0.0003937 0.00168498 0.000388812 0.00396552 0.00636364 0.0108333 -0.000424326 0.00033248 0.00134396 0.000323585 -0.000513028 0.000470113 0.000619146 0.00825301 0.00051181 0.00346994 -0.00115385
internal_weight=87633 63480 24153 24866 19032 18887 18859 14458 563 55 38614 32727 5887 21590 3276 5864 145 110 60 31285 3910 1663 20860 3109 17751 15376 83 508 183 325
internal_count=87633 63480 24153 24866 19032 18887 18859 14458 563 55 38614 32727 5887 21590 3276 5864 145 110 60 31285 3910 1663 20860 3109 17751 15376 83 508 183 325
is_linear=0
shrinkage=0.05


Tree=40
num_leaves=31
num_cat=0
split_feature=15 4 24 32 24 42 3 21 32 18 30 25 24 40 36 11 20 1 25 34 20 42 4 21 20 28 35 7 5 11
split_gain=10.7708 3.49385 2.71068 1.79709 1.8619 2.46393 1.53644 1.48502 1.46666 1.40882 1.44271 1.31502 1.348 1.25204 1.20308 1.16197 2.00556 1.1308 1.10889 1.10488 1.11557 1.07369 1.10241 1.07267 1.03836 1.56624 1.00633 1.02981 1.91453 1.05013
threshold=0.00063214568268186088 63.087275000000012 19.220732000000002 -369.17571462210611 186.39446700000002 22.769687714746976 83122.645000000004 128.65499999999886 -167.13543463994571 23.644999999996802 115214.8895586814 -0.72083207610302791 260.00818480000004 -128.11193740915766 324.34595091015223 0.0032668254667609468 8.9150000000008749 83330.400000000009 -0.62936580575060563 108540.17768599377 24.010000000002041 -74.43871045138529 65.074750000000009 333.64499999999686 16.504999999997384 -359.41760252802482 108341.28690000002 -1.997570100212185e-05 -0.00011690797505558369 5.6096967845253871e-05
decision_type=2 2 2 2 2 2 2 2 2 2 2 2 2 2 2 2 2 2 2 2 2 2 2 2 2 2 2 2 2 2
left_child=2 3 -1 4 13 -6 17 21 18 10 -10 12 -9 -2 -11 -16 -17 23 -4 20 26 22 -8 -3 25 -15 -5 -28 -29 -30
right_child=1 6 8 19 5 -7 7 11 9 14 -12 -13 -14 24 15 16 -18 -19 -20 -21 -22 -23 -24 -25 -26 -27 27 28 29 -31
leaf_value=-7.7186965500689763e-06 1.311309320536696e-07 1.437349641051826e-05 6.7152721236274902e-06 -2.6732304621619288e-06 2.3584994973546804e-05 3.766766565172396e-06 2.786854225453992e-05 1.1583063823088027e-05 -4.418700706126243e-06 -5.2167588843982115e-06 -8.6950693106922943e-06 1.2276238577892235e-05 8.4365215986727374e-05 1.6515761694859005e-05 1.7445989469044258e-06 5.659550902348729e-05 6.8967368843589344e-06 7.4324140484330591e-05 -1.9202237658865275e-06 -3.6784383626711129e-06 1.1948906765743475e-06 8.3340881914359268e-07 1.2399021260897551e-05 0.00020478748138599693 1.9487497422529888e-05 -2.8038689624617933e-06 -1.0141151474584506e-05 4.6260030446892336e-05 2.1080877683414859e-05 -1.0036030853566094e-05
leaf_weight=4976 1898 2673 630 11708 37 45 32 78 8276 3673 2534 2914 55 26 1879 30 60 31 2440 13104 8395 19503 1694 32 394 319 80 26 24 67
leaf_count=4976 1898 2673 630 11708 37 45 32 78 8276 3673 2534 2914 55 26 1879 30 60 31 2440 13104 8395 19503 1694 32 394 319 80 26 24 67
internal_value=-0.000264913 8.03821e-05 -0.00115479 -0.00024126 0.00099485 0.00841463 0.000510513 0.000383917 -0.000889254 -0.00107647 -0.00141073 0.00141615 0.00627819 0.000764125 -0.000436017 0.000561197 0.00611111 0.00163377 0.000114005 -0.000341876 -0.000110839 0.000235761 0.00143105 0.00152495 0.00251015 0.000507245 -0.000422093 0.00312183 0.00611111 0.00269231
internal_weight=87633 63135 24498 36123 2719 82 27012 24276 19522 16452 10810 3047 133 2637 5642 1969 90 2736 3070 33404 20300 21229 1726 2705 739 345 11905 197 117 91
internal_count=87633 63135 24498 36123 2719 82 27012 24276 19522 16452 10810 3047 133 2637 5642 1969 90 2736 3070 33404 20300 21229 1726 2705 739 345 11905 197 117 91
is_linear=0
shrinkage=0.05


Tree=41
num_leaves=31
num_cat=0
split_feature=17 17 4 32 28 25 32 36 24 23 9 15 7 36 41 20 24 25 22 21 13 41 28 35 19 13 25 28 42 9
split_gain=9.98012 4.14001 1.86322 1.48256 1.58489 1.35588 1.39287 1.09694 1.19391 1.51143 1.04859 1.98016 1.02333 1.34099 1.12476 1.20808 1.08836 1.03805 1.34422 1.17047 1.13203 1.81488 1.08423 1.01915 2.85276 1.28019 1.21344 1.04393 1.01121 1.00341
threshold=0.0010322490920923035 0.00054557802150460996 113.865835 -171.02450486965242 59.438474251663145 0.063336742481064301 -163.28287673681913 409.38557561904605 24.08136750000001 1.6279309198973653 0.0020076114229170944 0.00054723186034753054 0.0035844069666684671 1915.7527786997309 132.37564442771966 90.60499999999594 38.388654300000006 -0.20871591850532858 102.78416957500001 333.64499999999686 -0.0054280037854971446 -127.95611120836851 321.80176500143722 81458.719050000014 237.1650000000009 0.0099018199684971012 -0.21619355079916769 -653.12927366931387 -5.942221965762946 0.0013223430996688603
decision_type=2 2 2 2 2 2 2 2 2 2 2 2 2 2 2 2 2 2 2 2 2 2 2 2 2 2 2 2 2 2
left_child=1 3 -2 -1 -5 6 -3 -7 9 -9 -6 -12 13 16 -14 -16 -4 18 -18 -19 -21 -22 23 24 -20 26 27 -25 -8 -10
right_child=2 5 12 4 10 7 28 8 29 -11 11 -13 14 -15 15 -17 17 19 22 20 21 -23 -24 25 -26 -27 -28 -29 -30 -31
leaf_value=6.0968121021798042e-07 4.353353037496675e-07 1.9889958138897826e-07 2.8524096972458387e-05 -7.454147152198372e-06 -2.9199768870475208e-06 -1.8468345130737766e-06 -1.9875712219334904e-06 2.0974822179463886e-06 -1.1379671797420998e-06 7.9761939304562934e-05 4.4785708082848532e-05 -6.8797005573770696e-07 1.7889653964559474e-05 -8.5986131335567482e-06 1.8429018291915128e-05 9.1492130447112541e-05 4.2532136116178271e-05 5.4237534454454056e-06 8.4665058441115869e-05 4.2337264836619308e-05 0.00020072303758456532 2.2204071398452173e-05 -2.3028620123425575e-05 5.8402805312625485e-05 2.4666998664857472e-05 9.9191247460956734e-05 2.5781102093128926e-05 1.055577425934651e-05 -5.7250918086263211e-06 8.9763143721410293e-06
leaf_weight=996 29025 4525 20 7216 2383 9287 7377 45 2042 25 26 77 1246 775 267 194 28 6794 43 112 20 39 214 92 120 25 22 984 12275 1339
leaf_count=996 29025 4525 20 7216 2383 9287 7377 45 2042 25 26 77 1246 775 267 194 28 6794 43 112 20 39 214 92 120 25 22 984 12275 1339
internal_value=-0.000260919 -0.000750111 0.000321088 -0.00161619 -0.00180478 -0.000499121 -0.000719073 -8.16467e-05 0.000679512 0.00714286 -0.000716011 0.0042233 0.000875397 0.000668603 0.00200058 0.00411063 0.000849875 0.000822441 0.00200262 0.000563531 0.00464912 0.0102542 0.0018 0.00234837 0.00604294 0.00181211 0.00155738 0.0013197 -0.000901182 0.000545695
internal_weight=87633 47613 40020 10698 9702 36915 24177 12738 3451 70 2486 103 10995 9288 1707 461 8513 8493 1528 6965 171 59 1500 1286 163 1123 1098 1076 19652 3381
internal_count=87633 47613 40020 10698 9702 36915 24177 12738 3451 70 2486 103 10995 9288 1707 461 8513 8493 1528 6965 171 59 1500 1286 163 1123 1098 1076 19652 3381
is_linear=0
shrinkage=0.05


Tree=42
num_leaves=31
num_cat=0
split_feature=15 17 17 11 11 19 1 21 22 19 1 13 39 39 38 19 22 15 42 25 13 39 20 40 15 40 32 40 9 23
split_gain=9.10525 3.44701 1.98198 1.8303 1.68416 1.457 1.28604 1.19681 1.13019 1.12099 1.0046 1.10965 2.92991 1.41844 0.997935 1.04321 0.979201 1.20929 1.15826 1.06795 0.995174 1.34452 1.1743 0.993797 0.976054 1.293 0.963369 0.960025 0.956733 1.00858
threshold=0.00087059117621033038 0.00054557802150460996 0.0022421844933460605 -0.0062157012085549421 -0.0035116342367888628 107.76500000000671 89288.450000000026 13.754999999997382 84.634483250000002 242.23500000000061 81959.915000000023 -0.0038754790951646728 80.041428571426636 150.68535714285778 13.62759280415373 143.92499999999566 126.28834199999996 0.0031950776817317099 98.213282568034415 4.2417689719210427 0.017873518301736922 543.28571428571388 201.5400000000009 261.29475799976359 0.0021311556234499987 -152.3392059801408 -1795.1765573171431 133.32130679301193 0.00038153951786190036 2.3633960147603355
decision_type=2 2 2 2 2 2 2 2 2 2 2 2 2 2 2 2 2 2 2 2 2 2 2 2 2 2 2 2 2 2
left_child=1 4 9 -3 -1 28 10 26 -9 14 -5 12 -12 -14 15 -2 17 18 24 20 23 -22 -23 -18 25 -10 -4 -7 -6 -30
right_child=2 3 7 6 5 27 -8 8 16 -11 11 -13 13 -15 -16 -17 19 -19 -20 -21 21 22 -24 -25 -26 -27 -28 -29 29 -31
leaf_value=1.1082638879093161e-05 2.2963624523545936e-05 8.7597627652995436e-05 9.961933948126635e-05 1.6255936366133837e-05 -6.583414718944948e-06 -8.7973688594218777e-07 -3.2059072616505989e-06 -4.9176198840889298e-06 8.4433561928899228e-05 4.873210441183006e-06 2.2637441064554024e-05 -1.179921208908795e-07 1.1201401973915356e-06 0.00013111123181547266 -3.3418596714589802e-07 4.9992547170076221e-06 1.9995585007951113e-05 4.9383909929806509e-05 -2.4266483006355413e-05 0.00019084941336604846 2.681255598665459e-05 0.0001271287118608857 0.00015561881652667055 -8.5896375492076955e-06 5.6109682868063708e-06 2.1880088485558955e-05 -4.0688218346759104e-06 2.2003162872192996e-05 -4.3329917225274882e-06 9.9128425801129561e-06
leaf_weight=24 27 25 24 32 6895 1050 27504 466 37 9606 24 4373 212 21 29030 54 3005 38 43 42 127 67 20 538 208 331 1187 28 2502 93
leaf_count=24 27 25 24 32 6895 1050 27504 466 37 9606 24 4373 212 21 29030 54 3005 38 43 42 127 67 20 538 208 331 1187 28 2502 93
internal_value=-0.000259207 -0.000781036 0.000238572 -0.000523595 -0.00156345 -0.00159349 -0.000534106 0.0010737 0.00142015 0.000106283 0.000233804 0.000172785 0.00336576 0.00165236 -4.82647e-05 0.00549383 0.00166517 0.00344749 0.00291599 0.00135693 0.0012683 0.00457944 0.00936781 0.0010683 0.00350694 0.00505435 -0.000334436 0.000148422 -0.00179136 -0.000973026
internal_weight=87633 42783 44850 32191 10592 10568 32166 6133 4922 38717 4662 4630 257 233 29111 81 4456 657 619 3799 3757 214 87 3543 576 368 1211 1078 9490 2595
internal_count=87633 42783 44850 32191 10592 10568 32166 6133 4922 38717 4662 4630 257 233 29111 81 4456 657 619 3799 3757 214 87 3543 576 368 1211 1078 9490 2595
is_linear=0
shrinkage=0.05


Tree=43
num_leaves=31
num_cat=0
split_feature=22 17 34 7 7 38 20 32 28 34 18 21 32 18 22 19 42 42 19 5 0 21 34 38 30 32 18 21 18 24
split_gain=8.46153 2.82904 2.23583 1.86248 1.71457 1.72914 1.59369 1.45759 1.42871 1.30666 1.33819 1.23985 1.17849 1.10159 1.35988 1.41754 1.3467 1.85204 1.06615 1.05519 1.07726 1.04206 1.38736 1.13333 1.02366 1.02172 1.12576 1.67892 0.990946 1.30814
threshold=43.244048250000013 0.00047418140498917675 90802.240146886907 -0.0013508025325947375 0.0033689990481379408 10.29761642883898 237.06499999999508 -167.13543463994571 -83.871593454714443 82886.809248399819 -36.310000000004941 71.10999999999332 659.09719894905732 -8.6650000000008713 27.829734749999989 34.754999999997388 3.3300950607801103 9.8318427196625198 53.480000000003209 0.00041368416769655124 110759.76000000001 33.374999999992731 108094.74198356429 60.331110800316473 90190.088449069401 523.03875348147278 92.260000000002051 21.620000000002623 39.48999999999797 26.334701000000006
decision_type=2 2 2 2 2 2 2 2 2 2 2 2 2 2 2 2 2 2 2 2 2 2 2 2 2 2 2 2 2 2
left_child=1 7 4 6 5 11 18 8 -1 10 -3 -2 24 -9 21 16 -16 -18 -4 20 -8 -15 23 -23 -6 -11 -27 -28 -17 -30
right_child=2 9 3 -5 12 -7 19 13 -10 25 -12 -13 -14 14 15 28 17 -19 -20 -21 -22 22 -24 -25 -26 26 27 -29 29 -31
leaf_value=3.8092315225829338e-07 5.5145097812195126e-05 1.3395469364351388e-05 2.0659212290509123e-05 -1.2308832231054865e-06 1.2229262803157714e-05 3.4424849875854839e-06 6.415537149808758e-05 -9.1197134881187201e-06 4.4588766281021498e-06 -3.0760725013139301e-06 1.8786178787702023e-06 -2.2709743324254483e-05 5.9423307080171672e-05 -5.9295664204193225e-06 1.0363088297704471e-07 -1.1508434526832449e-05 1.5970866486312288e-05 2.0509525587574097e-06 3.4257232988092118e-06 -2.3346076279005291e-05 7.8883784940987097e-05 1.0782544192360243e-05 -2.3314058637847832e-06 3.1992801186470386e-05 0.00019222666302320487 -4.3311474246757985e-06 6.4109298386205574e-06 4.1592486413452733e-05 2.8851658927576404e-05 -1.9779180250229595e-06
leaf_weight=358 31 115 35 28842 810 13799 73 2185 30 29583 305 20 441 3188 46 193 21 28 6944 24 21 48 134 20 20 87 62 30 43 97
leaf_count=358 31 115 35 28842 810 13799 73 2185 30 29583 305 20 441 3188 46 193 21 28 6944 24 21 48 134 20 20 87 62 30 43 97
internal_value=-0.000248367 -0.000828891 0.000167449 -4.71644e-05 0.000677533 0.000516244 0.000678454 -0.00178454 0.00118557 -0.000626534 0.00214286 0.00970588 0.00243509 -0.00197651 -0.00146412 0.00119159 0.00657895 0.0123469 0.000581028 0.00644068 0.00882979 -0.00179941 0.00168317 0.0075 0.0013253 -0.000665615 0.00310056 0.00695652 -0.000345347 0.00285714
internal_weight=87633 36573 51060 35939 15121 13850 7097 6391 388 30182 420 51 1271 6003 3818 428 95 49 6979 118 94 3390 202 68 830 29762 179 92 333 140
internal_count=87633 36573 51060 35939 15121 13850 7097 6391 388 30182 420 51 1271 6003 3818 428 95 49 6979 118 94 3390 202 68 830 29762 179 92 333 140
is_linear=0
shrinkage=0.05


Tree=44
num_leaves=31
num_cat=0
split_feature=15 39 32 16 38 23 11 1 4 36 17 40 19 16 20 13 32 32 4 39 31 22 5 35 19 19 22 21 5 4
split_gain=7.87028 2.8019 2.00043 1.59707 1.40798 1.41939 1.38671 1.2406 1.13165 1.11191 1.08319 1.04752 1.01939 1.46561 0.996577 0.972884 0.960511 0.934884 1.00095 0.899871 0.873428 1.46788 1.19106 1.05417 1.47035 2.10513 0.847569 0.827253 2.31074 0.841109
threshold=0.00063214568268186088 184.27249999999967 -167.13543463994571 0.00033514491403131841 13.62759280415373 -0.022623735861089712 -0.0062157012085549421 83723.355000000025 14.406650000000003 393.52348154087673 0.0011897143815172656 -105.18700744515807 829.87500000000011 0.0051829917889883032 52.004999999997388 0.000715350855304844 797.00568057114299 399.09155595676572 212.59609000000003 50.33428571428626 115223.03130000002 11.33975249999998 8.2104699307653355e-05 118311.32657500001 155.68500000000498 179.04499999999828 477.27365674999993 13.530000000006114 8.9921503174708004e-05 17.159495000000003
decision_type=2 2 2 2 2 2 2 2 2 2 2 2 2 2 2 2 2 2 2 2 2 2 2 2 2 2 2 2 2 2
left_child=2 4 8 9 5 -2 -7 10 -1 19 -3 -8 26 -14 16 -11 -6 18 20 -4 -5 22 -22 -23 -25 -26 -12 -21 29 -29
right_child=1 7 3 17 14 6 11 -9 -10 15 12 -13 13 -15 -16 -17 -18 -19 -20 27 21 23 -24 24 25 -27 -28 28 -30 -31
leaf_value=6.4210228500960558e-06 2.5188498815155014e-05 5.0157151860592895e-05 -8.2514153861616749e-06 -3.7732983986896477e-06 -1.7554495291355921e-06 3.4690650094374845e-05 -1.1588091280285817e-05 3.4092205856580717e-06 -8.2009077004881003e-07 -8.1005902455835871e-06 1.4795491447950385e-05 1.8752667519608124e-05 0.00030333610127112926 -3.0523870361205924e-05 1.3805299745561316e-06 2.4474363525419412e-05 1.4512852993346257e-05 4.8932245629776581e-06 2.1536799264933092e-05 -6.4077131898925126e-06 7.584070341296829e-06 -7.8598717436524487e-06 -1.0944631192782524e-05 -4.6851251176334136e-06 3.2094249148668908e-05 -2.0137415135048405e-05 8.1871163255582802e-05 1.753857939571333e-05 3.5139033411756865e-05 -2.0404000906051292e-05
leaf_weight=327 36 32 2412 13876 31976 35 88 20931 2898 43 2593 27 37 21 7012 23 244 588 31 96 46 3185 42 758 34 47 103 32 21 39
leaf_count=327 36 32 2412 13876 31976 35 88 20931 2898 43 2593 27 37 21 7012 23 244 588 31 96 46 3185 42 758 34 47 103 32 21 39
internal_value=-0.000236955 5.82074e-05 -0.000997634 -0.00117355 -0.000200164 0.00413978 0.002 0.000487624 0.00016279 -0.00231808 0.00147882 -0.000652175 0.00137255 0.00793103 -0.000220739 0.00409091 -0.0003383 -0.00100957 -0.00107359 -0.00248077 -0.00108906 -0.00172909 0.00465909 -0.00186879 -0.000292015 0.00611111 0.00123145 0.000851063 0.00423913 -7.04237e-05
internal_weight=87633 63135 24498 21273 39418 186 150 23717 3225 2666 2786 115 2754 58 39232 66 32220 18607 18019 2600 17988 4112 88 4024 839 81 2696 188 92 71
internal_count=87633 63135 24498 21273 39418 186 150 23717 3225 2666 2786 115 2754 58 39232 66 32220 18607 18019 2600 17988 4112 88 4024 839 81 2696 188 92 71
is_linear=0
shrinkage=0.05


Tree=45
num_leaves=31
num_cat=0
split_feature=17 4 19 5 0 32 28 40 4 28 1 9 2 3 4 21 19 41 25 15 25 11 3 1 21 13 21 36 15 32
split_gain=7.30926 2.40054 2.24279 1.65903 1.34501 1.39312 1.68831 1.38889 1.17251 1.17429 1.64363 1.69182 1.15519 1.28707 1.2815 1.125 1.0744 1.03388 1.09394 1.01544 1.00891 1.03983 0.977116 1.14171 1.08896 0.965074 0.941192 0.860616 1.12389 1.0664
threshold=0.00078457537094521544 22.045415000000002 161.53499999999624 -0.001662969957172761 115528.84500000002 -163.28287673681913 -81.894998687741449 -61.474576002867245 65.074750000000009 -388.64155958391342 109112.00500000002 -0.0032672785517165459 108715.59500000002 108700.19500000002 38.812305000000009 17.555000000000295 65.034999999996231 129.69844928008197 -0.6632971867690497 0.00071951413277314912 0.13321744533871091 -0.0045976854881208404 83122.645000000004 83330.400000000009 333.64499999999686 -0.0019275150996909459 185.65000000000148 889.80899959515966 0.00047711283799468544 508.08239624745335
decision_type=2 2 2 2 2 2 2 2 2 2 2 2 2 2 2 2 2 2 2 2 2 2 2 2 2 2 2 2 2 2
left_child=1 4 12 19 5 6 -1 15 9 10 11 -4 13 -2 -15 -8 -9 -7 -19 -3 -21 -22 23 24 -10 -14 -5 28 -11 -30
right_child=2 3 8 26 -6 17 7 16 22 27 -12 -13 25 14 -16 -17 -18 18 -20 20 21 -23 -24 -25 -26 -27 -28 -29 29 -31
leaf_value=-1.2415216209871059e-06 -4.8373729636988036e-08 4.3606082964497389e-05 4.6526876292323638e-05 -2.2532110524747994e-06 -6.5889024411415278e-06 -4.8735037305895381e-06 -6.6841902984763591e-06 1.1974906554387219e-05 1.4625077544323566e-05 2.6530797190907384e-05 -5.3292579066113693e-06 1.6665342259657695e-05 1.0737905270958945e-06 1.6966227878123159e-07 4.4251649025522067e-05 1.793281661603827e-05 1.9371880615545465e-05 4.5032141490145059e-05 -1.4892160278001961e-05 2.190110502545151e-05 5.5050195600152621e-05 -3.3314474809874731e-07 4.8766223701565737e-06 6.5467805700890013e-05 0.00018348690997161901 -4.6596607839991958e-06 3.3076582554856649e-05 -8.4004806973262068e-06 -7.120504122352736e-07 1.983353658987612e-05
leaf_weight=705 20559 29 24 14936 2980 9507 72 27 2210 26 95 68 2317 42 31 24 21 20 24 32 21 192 17086 31 32 8628 48 954 6694 198
leaf_count=705 20559 29 24 14936 2980 9507 72 27 2210 26 95 68 2317 42 31 24 21 20 24 32 21 192 17086 31 32 8628 48 954 6694 198
internal_value=-0.000234673 -0.000890077 8.34805e-05 -0.000461398 -0.00137892 -0.00111058 0.000830388 0.00576389 0.000414325 -9.24444e-05 0.00382353 0.00858696 -0.000203789 1.64781e-05 0.00664383 0.00229167 0.0127083 -0.00128311 0.00636364 0.00339416 0.00234694 0.00110329 0.000625289 0.00159921 0.00146744 -0.000619005 -0.000531902 -0.000185469 8.67183e-06 -3.04713e-05
internal_weight=87633 28638 58995 15258 13380 10400 849 144 27418 8059 187 92 31577 20632 73 96 48 9551 44 274 245 213 19359 2273 2242 10945 14984 7872 6918 6892
internal_count=87633 28638 58995 15258 13380 10400 849 144 27418 8059 187 92 31577 20632 73 96 48 9551 44 274 245 213 19359 2273 2242 10945 14984 7872 6918 6892
is_linear=0
shrinkage=0.05


Tree=46
num_leaves=31
num_cat=0
split_feature=22 39 17 21 11 28 25 32 0 11 17 13 22 9 7 4 38 41 25 22 19 4 22 38 21 23 23 32 16 13
split_gain=6.62457 2.59358 1.65518 2.01687 1.23098 1.37493 1.2278 1.13267 1.03673 1.7541 1.29354 1.38812 1.3486 1.32966 1.18897 1.22798 1.58572 1.16675 1.22616 1.01629 0.984174 1.88256 0.974077 1.06026 1.0814 1.00979 0.96575 0.89145 1.08978 1.31026
threshold=51.357082749999968 48.961071428572602 0.0026714165272898817 7.0049999999973815 -0.0014533960144336351 -94.767388105625272 4.2417689719210427 281.88336584187351 115337.66000000002 -0.0047791514690813447 0.001037725209494965 -0.002376614558579071 40.045950000000005 0.0036942518917928882 -0.0022473636962949523 84.307185000000018 42.147928687267772 148.7934092859829 -0.64632509278290395 20.102885249999982 11.739999999997965 13.114080000000003 14.467763249999988 53.564048754989301 17.305000000000295 -0.2477108697334873 -0.47525352628849821 -148.44956582117445 0.00055811355188792496 -0.00064523636329003487
decision_type=2 2 2 2 2 2 2 2 2 2 2 2 2 2 2 2 2 2 2 2 2 2 2 2 2 2 2 2 2 2
left_child=1 4 26 -4 5 -1 -5 -6 19 -10 13 12 -12 14 15 16 -11 -13 -19 27 21 -21 23 25 -25 -16 -2 28 -3 -30
right_child=2 8 3 6 7 -7 -8 -9 9 10 11 17 -14 -15 22 -17 -18 18 -20 20 -22 -23 -24 24 -26 -27 -28 -29 29 -31
leaf_value=1.1604017087094468e-05 -1.0341818738872549e-06 -5.7900888292524064e-06 -1.302448714758429e-05 2.0298939201853406e-05 -6.1509319928678884e-06 -9.1573134697628802e-06 0.00016781601027465951 2.2371658341821413e-05 1.7621593667630049e-05 2.2815541061618961e-05 3.7825823420527351e-05 -2.9063554042415465e-06 1.4804943333677693e-05 5.4491812494270449e-05 1.8637656676838965e-05 -6.6819294548731155e-06 -5.6263103323576762e-06 -3.5558847126143085e-05 1.0407529268929695e-05 -5.5896322750842596e-06 -1.5858115710598285e-06 2.9961458539305514e-05 -5.9762613966427769e-06 -1.5981439511646914e-05 1.0284733389448826e-05 2.8877936127690185e-06 2.2559930927053383e-06 -4.9621491916401898e-06 2.5576641328145314e-06 1.992464212074928e-05
leaf_weight=79 16528 205 426 2953 4698 34 34 20 32 34 30 800 74 22 33 33 25 22 38 74 28821 38 6168 62 24 45 22839 3271 149 22
leaf_count=79 16528 205 426 2953 4698 34 34 20 32 34 30 800 74 22 33 33 25 22 38 74 28821 38 6168 62 24 45 22839 3271 149 22
internal_value=-0.00023125 -0.00065581 0.000213884 0.00127014 -0.00175016 0.00340708 0.00172916 -0.00187368 -0.000523713 -0.00105617 -0.00110661 0.000601659 0.00605769 -0.00136209 -0.00140411 0.00423913 0.00855932 -5.81407e-05 0.00666667 -0.000402088 -0.000302942 0.004375 -0.0014861 0.00231707 -0.00151163 0.00653846 0.000122309 -0.00118865 0.00111702 0.00406433
internal_weight=87633 44853 42780 3413 4831 113 2987 4718 40022 7442 7410 964 104 6446 6424 92 59 860 60 32580 28933 112 6332 164 86 78 39367 3647 376 171
internal_count=87633 44853 42780 3413 4831 113 2987 4718 40022 7442 7410 964 104 6446 6424 92 59 860 60 32580 28933 112 6332 164 86 78 39367 3647 376 171
is_linear=0
shrinkage=0.05


Tree=47
num_leaves=31
num_cat=0
split_feature=22 39 17 21 2 11 17 13 31 31 15 4 15 32 13 34 18 32 2 9 23 23 7 4 38 28 24 21 7 34
split_gain=6.08226 2.49227 1.60195 1.83724 1.23825 1.67011 1.03312 0.955357 0.925581 1.28593 1.14278 0.995094 1.20566 1.06641 1.03588 1.46213 1.10096 1.1329 1.03048 1.09394 0.961538 1.50037 0.889019 0.936878 1.34769 0.857431 1.25359 0.842109 1.40486 1.03304
threshold=51.717114500000015 40.312142857141488 0.0026714165272898817 7.0049999999973815 115064.06500000002 -0.0047791514690813447 0.001037725209494965 -0.0037795401197004649 84500.453900000008 84404.425000000017 0.00130626999255128 69.468715000000017 0.0012676040477073982 -126.98723508355759 0.017873518301736922 86883.349481355472 -347.23999999999063 -209.78350868095001 88321.300000000017 -0.0043792009657096153 -1.1198125071591416 -0.77320769081552843 -0.0022473636962949523 84.307185000000018 42.147928687267772 61.194770453104873 26.334701000000006 34.049999999995642 0.0041285539525326405 82886.809248399819
decision_type=2 2 2 2 2 2 2 2 2 2 2 2 2 2 2 2 2 2 2 2 2 2 2 2 2 2 2 2 2 2
left_child=1 25 -2 -4 27 -6 22 -8 9 10 -5 12 -10 20 16 -16 17 18 -13 -20 -14 -22 23 24 -7 -1 -27 29 -29 -3
right_child=2 4 3 8 5 6 7 -9 11 -11 -12 14 13 -15 15 -17 -18 -19 19 -21 21 -23 -24 -25 -26 26 -28 28 -30 -31
leaf_value=-7.3705069034225417e-06 6.1722792919139269e-07 8.4151668440993831e-06 -1.2373262790205071e-05 3.8297894942819263e-05 1.6538860786408586e-05 2.1588635915365834e-05 6.1268204776250532e-05 1.9005273198601966e-07 6.0895534442450763e-05 4.9316829675158044e-05 3.0526541497575382e-05 3.0690977520811122e-05 5.8878214292871569e-05 -1.2831061345738391e-05 0.00022819164288299433 1.7965402494935491e-05 -3.9675585882866834e-06 -5.7893300410935897e-05 6.7670220875083923e-05 0.0001749952193690275 -4.7376754320883271e-05 2.9796230706200736e-05 -5.0837422440735704e-06 -6.2839894674034794e-06 -5.4650760659264782e-06 -1.923962838832748e-06 1.1305839807577154e-05 4.9212735515480108e-08 8.9985186668686828e-05 -2.5393218360285293e-06
leaf_weight=2329 39022 472 426 21 33 35 38 975 30 27 1188 64 25 114 27 68 1276 27 33 22 35 30 7395 32 27 398 36 7845 23 25560
leaf_count=2329 39022 472 426 21 33 35 38 975 30 27 1188 64 25 114 27 68 1276 27 33 22 35 30 7395 32 27 398 36 7845 23 25560
internal_value=-0.000227826 -0.000631445 0.000202073 0.00124084 -0.000536704 -0.00107499 -0.00111856 0.000380058 0.00167894 0.00272654 0.00248552 0.000939462 0.00397436 0.00259804 0.000471324 0.00552631 0.000133613 0.00424657 0.00634454 0.0113636 0.00666667 0.00346154 -0.00132127 0.00351064 0.00709677 -0.0020865 -4.60841e-05 -0.000401181 5.21086e-05 -0.000538185
internal_weight=87633 45198 42435 3413 42435 8535 8502 1013 2987 1236 1209 1751 234 204 1517 95 1422 146 119 55 90 65 7489 94 62 2763 434 33900 7868 26032
internal_count=87633 45198 42435 3413 42435 8535 8502 1013 2987 1236 1209 1751 234 204 1517 95 1422 146 119 55 90 65 7489 94 62 2763 434 33900 7868 26032
is_linear=0
shrinkage=0.05


Tree=48
num_leaves=31
num_cat=0
split_feature=15 39 24 5 42 3 38 23 41 41 27 23 39 16 4 9 23 35 41 11 21 41 41 24 39 38 36 41 38 9
split_gain=5.78208 2.09407 1.69971 1.16295 1.16614 1.09529 1.0793 1.16129 1.12644 1.06825 1.05092 0.965388 1.02904 1.15625 1.1327 0.873599 1.24477 0.882981 1.19048 0.863568 0.855398 0.988713 1.14281 1.42771 1.2206 1.77556 1.48465 1.43006 1.42013 1.0984
threshold=0.00063214568268186088 184.27249999999967 19.220732000000002 0.00021179180733490403 -20.407777258099514 115336.38500000001 13.62759280415373 -0.022623735861089712 -30.503129924699117 -60.113708801065478 96959.765000000014 0.44985785543265705 495.76785714285717 0.0038032939362425819 118.12165500000002 0.0055114353639915273 0.50604222714171876 77701.018975000028 47.231831887361452 -0.0062157012085549421 53.444999999999716 81.422813797595069 -8.5113037857315614 96.914251100000001 227.15678571428572 62.700587559169506 -367.47547046275571 37.837543044014843 49.707140603957697 0.0010177132729957106
decision_type=2 2 2 2 2 2 2 2 2 2 2 2 2 2 2 2 2 2 2 2 2 2 2 2 2 2 2 2 2 2
left_child=2 6 9 4 10 -6 7 -2 19 -1 -4 12 20 14 -14 17 -17 18 -13 -9 -3 22 -22 24 -24 26 28 -27 -26 -28
right_child=1 11 3 -5 5 -7 -8 8 -10 -11 -12 15 13 -15 -16 16 -18 -19 -20 -21 21 -23 23 -25 25 27 29 -29 -30 -31
leaf_value=1.1223193328985293e-05 2.4017910919592768e-05 -1.0406857117912044e-06 7.4548865322429988e-06 -4.7948505570909683e-07 -3.3803510824004561e-06 -6.4162819254746013e-06 -1.0036490599244016e-06 2.5750578977553067e-05 2.5965127472099472e-05 -5.6746791733449684e-06 -1.2709974295598255e-06 0.0001440737918188934 8.0369716387081102e-05 1.7906471329309211e-05 4.6921844722987231e-05 0.00014556916480697155 3.0476030590647095e-05 7.5150536499088047e-06 2.5020434919038827e-05 -1.2371969449344302e-05 5.4660976309284076e-06 -2.1440059711601086e-06 1.4267352220133614e-05 4.2165651351463366e-06 4.3386446498258953e-05 2.607016310368065e-05 -1.1334033225748911e-05 9.6342303057653374e-05 4.0750200335131284e-05 3.967405647608554e-05
leaf_weight=39 36 10499 406 6343 8265 2580 39232 29 29 4937 1928 21 29 574 241 20 621 4610 27 92 3723 2272 279 551 22 24 92 32 20 60
leaf_count=39 36 10499 406 6343 8265 2580 39232 29 29 4937 1928 21 29 574 241 20 621 4610 27 92 3723 2272 279 551 22 24 92 32 20 60
internal_value=-0.000227256 2.57373e-05 -0.000879257 -0.00066899 -0.000936719 -0.00115491 -0.000197627 0.00360215 0.00166667 -0.00170418 7.71196e-05 0.000396971 0.000225865 0.00193128 0.00462963 0.000991695 0.00272231 0.000753541 0.0075 -0.000454547 0.000143961 0.000568903 0.000975431 0.00240741 0.00426276 0.0068 0.00453608 0.0146429 0.0128571 0.00223684
internal_weight=87633 63135 24498 19522 13179 10845 39418 186 150 4976 2334 23717 18418 844 270 5299 641 4658 48 121 17574 7075 4803 1080 529 250 194 56 42 152
internal_count=87633 63135 24498 19522 13179 10845 39418 186 150 4976 2334 23717 18418 844 270 5299 641 4658 48 121 17574 7075 4803 1080 529 250 194 56 42 152
is_linear=0
shrinkage=0.05


Tree=49
num_leaves=31
num_cat=0
split_feature=22 39 34 7 38 28 21 20 7 38 38 2 11 39 20 40 16 5 39 20 25 23 9 20 5 4 15 20 20 24
split_gain=5.25802 2.21077 1.31633 1.41332 1.33858 1.20616 1.08574 1.07346 1.18007 1.2059 1.15095 1.03781 1.6458 0.973087 1.31671 1.57073 1.32779 1.33741 0.942283 0.969468 2.30151 1.62447 1.34003 1.26586 1.27557 0.993934 0.876335 0.84894 0.962461 0.949967
threshold=51.717114500000015 40.312142857141488 90802.240146886907 0.0029128483639928311 10.29761642883898 -110.83669735291913 71.10999999999332 237.06499999999508 -0.001078638910135104 33.066334600758964 22.827753203613195 115064.06500000002 -0.0047791514690813447 172.60678571428645 0.055000000000291045 -73.019041481522422 0.0012631824158986125 0.00045778451091637196 495.76785714285717 2.7949999999982542 -0.019683468048158865 0.22522244780206249 0.0050332016592481285 81.45000000000438 -0.0010035076712445695 95.546365000000009 0.00044099830531735854 62.644999999996806 64.864999999997977 45.582046500000011
decision_type=2 2 2 2 2 2 2 2 2 2 2 2 2 2 2 2 2 2 2 2 2 2 2 2 2 2 2 2 2 2
left_child=1 26 3 4 6 7 -2 -4 9 10 -9 27 -13 -14 15 -15 17 -17 19 20 -5 -22 -23 -21 -25 -26 -1 -3 29 -29
right_child=2 11 5 18 -6 -7 -8 8 -10 -11 -12 12 13 14 -16 16 -18 -19 -20 23 21 22 -24 24 25 -27 -28 28 -30 -31
leaf_value=-6.0829918299699729e-06 5.0102069009706907e-05 -1.9183438907354703e-06 2.0704685406777332e-06 -7.0397787592290458e-06 2.279464167714477e-06 -1.2864460639868146e-06 -2.6837142068975593e-05 4.71097218388061e-05 -4.2520901191690752e-06 0.0001001567613114821 -4.7941813857623906e-05 1.5762100200084381e-05 -4.3048246254620519e-06 -1.3676327691423493e-05 -2.3231912057884909e-06 2.9733272366449691e-05 -5.9127199832917981e-06 6.5003542061814476e-05 9.0823733195304852e-05 -2.428787214598823e-06 0.00012929370403765979 -1.8007361412862137e-05 9.1532147545795084e-05 0.00015811507974357143 -2.1496489985039114e-05 3.3189832399838948e-05 3.7070604296319729e-06 1.3019439054749548e-06 6.2241780584477853e-07 1.9116873945239668e-05
leaf_weight=2656 27 31266 9939 85 11675 19032 20 39 68 34 23 33 8226 21 188 21 24 22 195 704 21 21 29 27 42 454 107 112 2436 86
leaf_count=2656 27 31266 9939 85 11675 19032 20 39 68 34 23 33 8226 21 188 21 24 22 195 704 21 21 29 27 42 454 107 112 2436 86
internal_value=-0.000214133 -0.000589408 0.000185577 0.000597743 0.000408632 -2.57542e-06 0.00882979 0.000438977 0.00445122 0.00802083 0.00387097 -0.000500178 -0.000992971 -0.00103623 0.00188406 0.00693182 0.0106716 0.0159302 0.00200253 0.00154374 0.00525641 0.0119014 0.007 0.00107172 0.00293499 0.00235887 -0.00195983 -0.000376107 0.000485952 0.00383838
internal_weight=87633 45198 42435 13300 11722 29135 47 10103 164 96 62 42435 8535 8502 276 88 67 43 1578 1383 156 71 50 1227 523 496 2763 33900 2634 198
internal_count=87633 45198 42435 13300 11722 29135 47 10103 164 96 62 42435 8535 8502 276 88 67 43 1578 1383 156 71 50 1227 523 496 2763 33900 2634 198
is_linear=0
shrinkage=0.05


Tree=50
num_leaves=31
num_cat=0
split_feature=15 24 1 24 16 39 5 9 17 21 41 23 23 15 5 2 36 26 36 35 16 19 38 39 4 17 41 19 21 18
split_gain=4.77673 1.79059 1.67441 1.54303 1.33849 1.26099 2.25195 1.18564 1.08916 1.58237 1.03723 1.02369 1.21762 1.20327 0.970658 1.06646 0.963892 1.31869 0.958679 1.01685 1.45455 1.13575 1.20227 1.58501 0.958146 1.08609 0.955217 1.03153 0.949114 1.28593
threshold=0.00063214568268186088 53.410191200000007 81959.915000000023 19.220732000000002 0.00058573139691292986 149.96142857142749 0.00021179180733490403 0.00015545960534765375 0.0026714165272898817 7.0049999999973815 -60.113708801065478 -0.46906477631582921 -0.44992762523509877 0.00069746489481689958 0.00021179180733490403 115485.18500000001 -1072.8209223580923 118320.09140891761 614.36790253150696 85007.259750000012 0.0014864801166184331 161.53499999999624 53.394703045398863 191.00964285714355 30.117165000000004 0.000759041376881759 72.764858432731486 23.004999999997384 44.819999999999716 -17.810000000004944
decision_type=2 2 2 2 2 2 2 2 2 2 2 2 2 2 2 2 2 2 2 2 2 2 2 2 2 2 2 2 2 2
left_child=3 2 5 10 7 6 -2 -3 11 -10 -1 26 13 -13 15 -5 17 24 19 20 -15 -21 23 -23 -4 -26 27 -6 -29 -30
right_child=1 4 16 14 8 -7 -8 -9 9 -11 -12 12 -14 18 -16 -17 -18 -19 -20 21 -22 22 -24 -25 25 -27 -28 28 29 -31
leaf_value=1.0948401662539587e-05 4.368165803117041e-05 2.0708150020800614e-05 1.9734178939786489e-05 -2.3504792421549745e-06 1.6963427122568911e-05 -1.784982378992402e-05 1.4235174869337525e-05 -1.5700688502452754e-07 -1.3437470356089484e-05 1.7569571136410241e-05 -5.2202476115048202e-06 4.5372004204336286e-05 2.0284773294632249e-06 5.6877951381746859e-05 -4.1495846413302302e-07 -5.6784524246915975e-06 -1.6390872240061117e-06 4.8285000900037859e-05 -1.8074346677496413e-05 -1.5889954974543691e-05 1.9935830762538133e-06 5.8998035189012667e-05 -1.5055528498746989e-06 2.1849342582265453e-05 2.2145949787242421e-05 -3.3685550373994773e-06 -3.6996500704239318e-06 -1.575562998685627e-06 1.270401979137206e-05 -3.109694627183905e-07
leaf_weight=39 20 48 30 10202 22 26 22 52 433 3008 4937 20 20680 22 6343 2977 22078 20 105 120 22 21 40 67 27 184 5144 7524 1350 2050
leaf_count=39 20 48 30 10202 22 26 22 52 433 3008 4937 20 20680 22 6343 2977 22078 20 105 120 22 21 40 67 27 184 5144 7524 1350 2050
internal_value=-0.000205004 2.49454e-05 -0.000334049 -0.000797617 0.00022245 0.0075 0.0128571 0.006 0.00020823 0.00105928 -0.0015836 0.00012948 0.000358581 0.00303357 -0.000597276 -0.000841871 -0.000357895 0.00266283 0.00243073 0.00390411 0.0109091 0.00266129 0.0059375 0.00920454 0.001639 0.000450236 -0.000170915 9.31835e-05 7.14012e-05 0.000764705
internal_weight=87633 63135 22407 24498 40728 68 42 100 40628 3441 4976 37187 21097 417 19522 13179 22339 261 397 292 44 248 128 88 241 211 16090 10946 10924 3400
internal_count=87633 63135 22407 24498 40728 68 42 100 40628 3441 4976 37187 21097 417 19522 13179 22339 261 397 292 44 248 128 88 241 211 16090 10946 10924 3400
is_linear=0
shrinkage=0.05


Tree=51
num_leaves=31
num_cat=0
split_feature=15 15 32 36 4 5 41 4 24 27 7 42 2 26 41 39 17 36 20 41 4 36 21 4 13 42 24 11 38 17
split_gain=4.37989 1.69019 1.46734 1.40067 1.37531 1.30822 1.25286 1.20663 1.12595 1.48335 1.23148 1.00884 0.98596 1.40891 0.944732 1.76282 0.89217 1.27399 1.06778 0.89613 0.876298 1.00718 0.859513 0.815119 1.27026 1.5234 1.78571 1.31892 1.0951 1.01445
threshold=0.00063214568268186088 0.0013159796592293867 -167.13543463994571 -1072.8209223580923 21.580470000000002 0.00041368416769655124 50.429233955951169 14.406650000000003 74.712794300000013 118064.29350000001 -0.0041525846981051049 4.1342742675432271 117520.27 117761.21583978769 -32.411030711336629 68.909642857141861 0.00037083292889643425 317.38383708598855 2.2050000000017467 -38.523514864164987 52.854405000000007 -1911.4642571042421 175.98499999999333 47.253395000000005 0.0031660071490778046 17.954410551083772 44.96202370000001 0.0016690680612542448 31.092629218218025 0.00079724946489235159
decision_type=2 2 2 2 2 2 2 2 2 2 2 2 2 2 2 2 2 2 2 2 2 2 2 2 2 2 2 2 2 2
left_child=2 3 7 4 11 6 16 14 9 -6 -10 -2 13 -5 -1 -16 17 19 -19 -4 21 -12 -14 24 28 26 -26 -27 -8 -29
right_child=1 -3 5 12 8 -7 23 -9 10 -11 20 -13 22 -15 15 -17 -18 18 -20 -21 -22 -23 -24 -25 25 27 -28 29 -30 -31
leaf_value=5.2460124306842457e-06 3.4090273098068425e-05 3.4467026521732126e-06 2.8572581667496316e-06 -7.3764476320320945e-07 1.3259600504979416e-05 -4.4604138196387434e-07 1.6054580331490565e-05 -3.6326581264944732e-07 4.6566379900420795e-05 3.616827486920375e-05 4.9342446162311594e-05 1.311620563129164e-05 -4.5935837637146188e-06 3.5223599985180968e-05 2.2520899000431425e-05 -1.0233300761145558e-06 -3.8437142349548195e-06 1.5726846876855784e-05 -4.2291123344109973e-06 -7.7102068697913021e-06 4.2820419914693734e-06 -9.6616642739529464e-06 4.7763082625390338e-05 -1.0061106760025751e-05 3.137425916185135e-05 -1.425560149615722e-05 6.5834186456951982e-06 -7.1702324441013999e-06 -1.5839649363228596e-06 3.7410402941885407e-05
leaf_weight=279 23 22080 116 33983 561 4107 55 2898 20 22 22 36 4685 38 22 26 11385 25 20 2159 1184 448 33 603 28 50 28 25 2644 28
leaf_count=279 23 22080 116 33983 561 4107 55 2898 20 22 22 36 4685 38 22 26 11385 25 20 2159 1184 448 33 603 28 50 28 25 2644 28
internal_value=-0.000201581 1.86097e-05 -0.000769044 -0.000171113 0.00102331 -0.000919712 -0.0011115 0.000224805 0.000826317 0.0027187 0.000167263 0.00855932 -0.000242522 -0.000148586 0.00310397 0.00958333 -0.00132616 -0.00221983 0.00611111 -0.00238462 1.81367e-05 -0.00180851 -0.000919882 -0.000261486 9.09715e-05 0.00443396 0.0110714 0.000825242 -0.000164877 0.00632075
internal_weight=87633 63135 24498 41055 2316 21273 17166 3225 2257 583 1674 59 38739 34021 327 48 13705 2320 45 2275 1654 470 4718 3461 2858 159 56 103 2699 53
internal_count=87633 63135 24498 41055 2316 21273 17166 3225 2257 583 1674 59 38739 34021 327 48 13705 2320 45 2275 1654 470 4718 3461 2858 159 56 103 2699 53
is_linear=0
shrinkage=0.05


Tree=52
num_leaves=31
num_cat=0
split_feature=15 24 24 1 0 39 16 5 5 42 7 9 36 17 24 21 21 32 2 22 19 7 13 32 40 35 21 19 38 5
split_gain=4.14365 1.5695 1.43627 1.36966 1.6821 2.01245 1.12622 1.17344 1.10347 1.05204 1.01071 1.53235 1.5295 1.08311 1.32237 1.26042 1.73571 1.05663 0.96892 1.24039 1.05458 1.44594 1.1644 0.981818 0.943148 1.48504 1.40625 1.225 1.00829 1.01125
threshold=0.00063214568268186088 53.410191200000007 14.769227300000003 81959.915000000023 80623.530000000013 151.5925000000025 0.00058573139691292986 -0.00027336252505936266 0.00021179180733490403 -20.407777258099514 0.0050162965624946871 0.00063160600186571651 -5.7563856066844883 0.0014013800591188162 245.76958490000004 24.434999999990399 53.444999999999716 -352.57432387310831 115485.18500000001 11.33975249999998 11.739999999997965 -0.00047248423636330996 0.0010928484995198588 137.36224447707357 -128.11193740915766 79300.228600000017 55.909999999996224 305.21499999999656 57.400860447701142 7.4277375772110687e-05
decision_type=2 2 2 2 2 2 2 2 2 2 2 2 2 2 2 2 2 2 2 2 2 2 2 2 2 2 2 2 2 2
left_child=2 3 -1 4 -2 -6 7 -3 9 -4 17 -12 -13 15 -15 -14 -17 24 20 -20 21 -11 -23 -24 25 26 -8 -28 29 -26
right_child=1 6 8 -5 5 -7 10 -9 -10 18 11 12 13 14 -16 16 -18 -19 19 -21 -22 22 23 -25 28 -27 27 -29 -30 -31
leaf_value=-6.0240661218135284e-06 -2.3920675262350378e-05 1.9201537194367367e-05 4.2030685184010718e-07 -1.3681416714259311e-06 4.14989145999008e-05 -3.4724429745034999e-06 -6.5752985707948583e-06 1.8469624487529009e-06 -4.5436498876231429e-07 1.8776551440714361e-05 0.000153739051151297 -1.5217280322940696e-05 2.7438579757531822e-05 1.2991546165753404e-05 0.00012508080365383753 0.00015845223912917488 4.5148667680793007e-05 1.5221124507574697e-08 7.8036683483348324e-06 -5.7662560575113236e-06 -3.4341461177155135e-06 -5.0535547149826766e-07 1.8363964085808033e-05 -1.1184018201565058e-05 1.2010622207781007e-05 2.4269657067917023e-06 8.4242007949182082e-05 0.00014565516830077754 -2.2575075553849371e-05 2.4138924728629755e-05
leaf_weight=1978 21 37 2465 22339 27 20 32 63 7136 20 27 419 48 364 76 20 28 30292 50 3135 9404 255 33 22 1520 7324 20 20 107 331
leaf_count=1978 21 37 2465 22339 27 20 32 63 7136 20 27 419 48 364 76 20 28 30292 50 3135 9404 255 33 22 1520 7324 20 20 107 331
internal_value=-0.000198728 1.54419e-05 -0.000750675 -0.00032066 0.0067647 0.0120213 0.000200352 0.0055 -0.000637213 -0.000875586 0.000187308 0.00177189 0.00143979 0.00320895 0.00215909 0.00802083 0.01375 0.000148059 -0.0010562 -0.00181319 -0.000808507 0.0019697 0.00112903 0.00772727 0.000612571 0.000354244 0.0075 0.01375 0.00158835 0.00186115
internal_weight=87633 63135 24498 22407 68 47 40728 100 22520 15384 40628 982 955 536 440 96 48 39646 12919 3185 9734 330 310 55 9354 7396 72 40 1958 1851
internal_count=87633 63135 24498 22407 68 47 40728 100 22520 15384 40628 982 955 536 440 96 48 39646 12919 3185 9734 330 310 55 9354 7396 72 40 1958 1851
is_linear=0
shrinkage=0.05


Tree=53
num_leaves=31
num_cat=0
split_feature=19 24 2 35 3 18 25 11 11 21 7 4 21 42 21 36 17 9 23 4 11 11 27 30 21 42 28 9 42 39
split_gain=3.79601 2.10268 1.17509 1.20682 1.55255 1.15517 1.55635 1.03748 1.05813 1.12302 1.09096 1.02797 0.948683 1.02673 0.9317 0.919417 1.07382 1.06412 1.18215 0.915714 1.92588 0.890323 2.23285 1.49333 0.881791 1.22883 0.859762 0.851692 0.868734 0.83571
threshold=161.53499999999624 30.609433600000006 95502.820000000022 95775.264475000018 95336.765000000014 153.44000000000236 -0.44006362772846686 -0.0025357685146399568 0.0028778142448564171 333.64499999999686 0.0073794308974403167 356.95968000000005 15.590000000003785 -22.611536614733566 13.530000000006114 889.80899959515966 0.00081861220987857473 -0.00058450715026628342 0.58614441076751433 12.822575000000002 -0.0016383726882739631 -0.0028516167622075488 83882.622500000012 82744.5417591515 20.315000000002332 -15.915300170743008 59.438474251663145 -0.0027265282759803377 -43.375247127035756 618.57750000000055
decision_type=2 2 2 2 2 2 2 2 2 2 2 2 2 2 2 2 2 2 2 2 2 2 2 2 2 2 2 2 2 2
left_child=1 12 3 19 -5 -4 -7 21 9 10 15 -11 13 -1 27 -9 17 -17 -19 20 -3 29 23 -23 25 -16 -15 -10 -29 -2
right_child=7 2 5 4 -6 6 -8 8 14 11 -12 -13 -14 26 24 16 -18 18 -20 -21 -22 22 -24 -25 -26 -27 -28 28 -30 -31
leaf_value=1.5302960043485251e-06 4.0140697091087035e-06 1.678735264424213e-05 -2.0942622817141503e-06 4.6705029902958013e-05 1.8275585808112223e-06 5.5543348603542334e-05 -1.9001004351567297e-06 -7.2529258984574591e-08 6.4072514506862834e-05 2.6354482782148683e-05 0.00013274564288870701 0.00016851796823845065 -1.195402698128067e-06 -4.8582362418604449e-06 7.7650747242973868e-05 3.6489448524902402e-05 -7.8321930080926512e-06 -1.8891237741435814e-05 2.9099961140302909e-05 1.2214946056436844e-07 4.4973746284316346e-06 4.6942133775368535e-05 7.9118663015976038e-06 6.4873236935769778e-05 7.9971403759707384e-06 1.8890845946776737e-05 -2.037855412589734e-06 9.2843968039996896e-05 -2.4812305023334616e-06 6.2501402736306249e-05
leaf_weight=733 7003 31 27745 34 97 23 32 12804 20 26 32 22 4938 7925 23 30 2329 45 49 12907 412 35 667 25 4197 341 2938 20 1999 151
leaf_count=733 7003 31 27745 34 97 23 32 12804 20 26 32 22 4938 7925 23 30 2329 45 49 12907 412 35 667 25 4197 341 2938 20 1999 151
internal_value=-0.000189599 -0.000425929 -0.000235097 0.000147985 0.00492366 -0.000420865 0.00681818 0.000268628 9.18528e-05 -0.000135947 -0.00015992 0.0075 -0.000902384 -0.00114954 0.000621211 -0.000179263 -0.00106604 0.00346774 0.000851063 0.000101122 0.00233634 0.000760689 0.00242778 0.0116667 0.00101842 0.00337912 -0.00127175 -0.000267289 -0.000368996 0.000591276
internal_weight=87633 57815 41281 13481 131 27800 55 29818 21937 15337 15289 48 16534 11596 6600 15257 2453 124 94 13350 443 7881 727 60 4561 364 10863 2039 2019 7154
internal_count=87633 57815 41281 13481 131 27800 55 29818 21937 15337 15289 48 16534 11596 6600 15257 2453 124 94 13350 443 7881 727 60 4561 364 10863 2039 2019 7154
is_linear=0
shrinkage=0.05


Tree=54
num_leaves=31
num_cat=0
split_feature=19 24 2 35 3 11 11 7 36 21 17 11 18 4 18 5 11 13 28 5 32 4 23 23 39 3 35 28 19 4
split_gain=3.50397 1.98625 1.07959 1.02508 1.68413 0.936131 0.93202 0.996288 0.994809 0.982634 0.956516 0.942143 0.878739 1.59269 0.865237 1.40086 1.55866 1.45912 1.2115 1.30001 1.60664 1.45103 1.96684 1.32611 1.11637 1.2272 1.0152 1.18098 1.0974 1.69866
threshold=161.53499999999624 30.609433600000006 95502.820000000022 95775.264475000018 95336.765000000014 -0.0025357685146399568 0.0026796176190034423 -0.0021826821037390621 889.80899959515966 333.64499999999686 0.00068457502506624475 0.012774099467728747 153.44000000000236 35.444610000000004 -71.824999999997075 -0.00062129987242242766 0.0020787999847702806 0.0021353762347672309 59.438474251663145 0.0011726675448571939 78.074629924718479 44.319415000000006 -0.31621956604865248 0.56460460928457223 82.05071428571371 119278.21500000001 95775.264475000018 199.31133829150352 198.24500000000265 91.713160000000016
decision_type=2 2 2 2 2 2 2 2 2 2 2 2 2 2 2 2 2 2 2 2 2 2 2 2 2 2 2 2 2 2
left_child=1 -1 3 -3 -5 -2 8 11 9 14 -10 -8 -4 -14 -7 16 -16 18 -17 20 21 -20 -23 -24 -22 26 28 -28 -26 -30
right_child=5 2 12 4 -6 6 7 -9 10 -11 -12 -13 13 -15 15 17 -18 -19 19 -21 24 22 23 -25 25 -27 27 -29 29 -31
leaf_value=-3.0115522014852959e-06 6.0550555205037774e-06 3.5319893754198099e-07 -1.9895491676284425e-06 4.4369778407810107e-05 1.7361806517706623e-06 -2.6996487676297677e-06 3.121476961095426e-05 4.1318285729914011e-06 3.6043535853924072e-05 8.5153367997908692e-05 -6.729331249580267e-06 7.4773741367004418e-05 3.6457015468464061e-05 -1.5334102390386635e-05 1.8664222468924013e-05 1.2556874950551331e-06 8.6316490385529674e-05 -6.8412855182193216e-06 3.9508045463745729e-06 4.1631324642308385e-06 1.9808979363415883e-05 5.5863514124008405e-05 -2.1647066833391771e-05 3.5915001567186238e-05 5.8310578709870846e-07 3.8189385884680705e-05 -1.1033038557915686e-05 2.2934952300237183e-05 7.0959026691134799e-05 -1.424999592952174e-06
leaf_weight=16534 7881 13350 27745 34 97 4893 327 6681 26 44 2344 22 29 26 215 4061 20 1866 47 900 22 31 27 32 56 31 218 30 21 23
leaf_count=16534 7881 13350 27745 34 97 4893 327 6681 26 44 2344 22 29 26 215 4061 20 1866 47 900 22 31 27 32 56 31 218 30 21 23
internal_value=-0.000185034 -0.000412091 -0.000226619 0.000140567 0.00454198 0.000255214 8.72942e-05 0.000561876 -0.000136514 4.10772e-05 -0.00107595 0.00316619 -0.000404677 0.00590909 1.48071e-05 0.000348683 0.00414893 0.000227426 0.000637387 0.00188456 0.003829 0.00850365 0.0122222 0.00686441 0.00223192 0.0015963 0.000747125 -0.000967743 0.005 0.0109091
internal_weight=87633 57815 41281 13481 131 29818 21937 7030 14907 12537 2370 349 27800 55 12493 7600 235 7365 5499 1438 538 137 90 59 401 379 348 248 100 44
internal_count=87633 57815 41281 13481 131 29818 21937 7030 14907 12537 2370 349 27800 55 12493 7600 235 7365 5499 1438 538 137 90 59 401 379 348 248 100 44
is_linear=0
shrinkage=0.05


Tree=55
num_leaves=31
num_cat=0
split_feature=15 7 17 41 9 21 9 28 23 20 38 42 22 25 9 9 20 0 5 41 30 36 32 30 4 17 24 15 20 32
split_gain=3.36299 1.32737 1.25652 1.82162 1.65148 1.05762 1.21346 1.00338 1.62332 0.96907 0.901473 0.879231 1.66715 0.859908 1.37631 1.54624 1.35622 1.75773 1.88177 1.31797 1.01253 0.843384 1.42058 0.831634 0.880069 1.03401 1.6027 0.903388 1.01374 0.836158
threshold=0.00089110378541192796 -0.0030588535612455143 0.00037083292889643425 -60.113708801065478 0.0014957099610089356 119.98500000000787 -0.0062052135587828293 1019.9402711017175 1.6851728848091601 100.47499999999856 31.092629218218025 -82.959117651509885 73.755640749999984 -0.69719933760129171 0.0020534950902779325 0.00011614517653253755 39.605000000003209 101414.32500000001 0.00018701533450352675 145.20566169478718 87392.192224928265 -82.585473707855257 -408.77283426222851 115042.76082321139 20.353215000000002 0.00038434077302798092 19.579194700000006 0.00085533443668905603 79.110000000000596 -152.00403929477031
decision_type=2 2 2 2 2 2 2 2 2 2 2 2 2 2 2 2 2 2 2 2 2 2 2 2 2 2 2 2 2 2
left_child=1 -1 3 -3 -5 6 -2 13 9 -9 11 12 -4 14 15 16 17 18 -7 -15 -16 -13 -23 24 27 26 -26 28 29 -12
right_child=5 2 10 4 -6 7 -8 8 -10 -11 23 21 -14 19 20 -17 -18 -19 -20 -21 -22 22 -24 -25 25 -27 -28 -29 -30 -31
leaf_value=1.455929955123899e-05 2.8067928409614152e-05 8.4422264587937625e-06 -1.020679827810568e-05 -5.5547827894102442e-06 3.0047638825499775e-05 4.880391092827953e-05 8.1240845135942752e-08 6.1651834216932861e-05 -8.1253345849355708e-05 0.0001084566643356884 3.0106762413410501e-06 -7.5099217235799431e-07 3.4625633485882086e-05 1.2597226496006259e-05 8.1492747093926584e-05 -1.9795745511862749e-05 -1.4702034954200771e-05 -1.4500942574454686e-05 8.0005357471532698e-05 -1.5287046014189279e-05 4.259957795463767e-05 3.3215754607114249e-05 2.6566173227850696e-06 -3.6455187372755959e-06 -4.3169086292555269e-06 -8.5451250078298207e-07 1.5043134728237726e-05 -1.3369631929561566e-05 3.2865183027086594e-05 -3.0372430084182937e-06
leaf_weight=52 670 33 28 2700 30 47 38552 39 26 37 696 2884 23 3210 31 110 54 45 30 571 48 34 1624 8291 33 18604 23 279 24 8805
leaf_count=52 670 33 28 2700 30 47 38552 39 26 37 696 2884 23 3210 31 110 54 45 30 571 48 34 1624 8291 33 18604 23 279 24 8805
internal_value=-0.000176476 -0.000483777 -0.000493189 -0.00152552 -0.00166667 0.000135725 5.456e-05 0.000885121 0.00578431 0.00947368 -0.000424206 0.000236228 0.0067647 0.000764591 0.00308219 0.00146853 0.004375 0.00729508 0.0118831 0.000540861 0.00892405 0.000162923 0.00106152 -0.000506735 -0.000378374 -0.00017685 0.00660714 -0.000761935 -0.000679791 -0.000705716
internal_weight=87633 44163 44111 2763 2730 43470 39222 4248 102 76 41348 4593 51 4146 365 286 176 122 77 3781 79 4542 1658 36755 28464 18660 56 9804 9525 9501
internal_count=87633 44163 44111 2763 2730 43470 39222 4248 102 76 41348 4593 51 4146 365 286 176 122 77 3781 79 4542 1658 36755 28464 18660 56 9804 9525 9501
is_linear=0
shrinkage=0.05


Tree=56
num_leaves=31
num_cat=0
split_feature=17 17 41 9 13 36 22 42 42 20 17 39 7 39 38 35 2 22 17 38 11 21 9 20 23 39 38 24 41 11
split_gain=3.1103 1.40844 1.81598 1.20889 0.978491 1.40086 1.48233 0.939512 1.02945 1.2884 1.5586 1.93608 0.9941 0.979806 0.9127 2.40045 0.902823 0.871254 1.17599 0.856442 0.916951 1.12552 1.2891 1.25171 1.03068 0.840098 1.19576 0.866255 1.15059 0.827348
threshold=0.0011386246337442361 0.00037083292889643425 -60.113708801065478 0.0014957099610089356 0.0054096138140776705 247.24272934131298 62.373021749999985 65.002323786453559 62.753470240676208 9.5950000000011659 0.001053209600555136 171.52928571428495 0.00027031530537298783 214.6457142857154 10.29761642883898 91156.490175000014 115064.06500000002 15.654890499999988 0.00072136063147256997 76.316111060800566 0.0051867300372716377 20.840000000003787 0.0021577104234262092 0.01000000000203727 1.797103461761701 184.27249999999967 67.533210390891739 56.8766295 145.20566169478718 0.0018460966235119558
decision_type=2 2 2 2 2 2 2 2 2 2 2 2 2 2 2 2 2 2 2 2 2 2 2 2 2 2 2 2 2 2
left_child=1 2 -1 -4 16 -6 19 8 9 10 11 -8 -9 -14 15 -2 -3 -18 -19 -7 21 22 -21 -23 -24 27 -27 28 -11 -20
right_child=14 4 3 -5 5 6 7 12 -10 25 -12 -13 13 -15 -16 -17 17 18 29 20 -22 23 24 -25 -26 26 -28 -29 -30 -31
leaf_value=8.0201151358540735e-06 9.5611347662446253e-05 -1.0209204619177285e-06 -5.2770436499397296e-06 2.8545256884224791e-05 -2.0145489014359924e-05 -2.6889519081337365e-05 4.1330984834105013e-05 -2.8372753865029828e-05 3.40812604107839e-05 3.0111322410355824e-06 -2.3558064574832386e-05 9.235788949198961e-05 7.4536144888652273e-06 5.633524624809545e-05 1.2921501516415226e-06 8.0052874120676533e-06 2.9351111643026346e-06 -4.3666450605345712e-06 -6.6251545108495978e-07 1.5985883569066992e-05 -2.0264173002272628e-05 4.1969192451267424e-05 3.6948464736298977e-05 -1.0301377530145206e-05 3.2571903158647076e-05 5.6765411356769587e-05 -3.2280729607746746e-05 3.7788738463391369e-06 4.4668665333587967e-05 -8.4671396899851604e-06
leaf_weight=33 23 39584 2700 30 232 140 44 52 25 22 20 21 130 41 32958 139 543 4568 4949 53 70 20 21 67 23 21 71 86 27 920
leaf_count=33 23 39584 2700 30 232 140 44 52 25 22 20 21 130 41 32958 139 543 4568 4949 53 70 20 21 67 23 21 71 86 27 920
internal_value=-0.000175335 -0.000407519 -0.00150742 -0.00164835 -0.000348793 0.00107083 0.00191824 0.00357143 0.00523739 0.00445513 0.00970588 0.0134615 0.00105381 0.00289474 0.000206822 0.00395062 -0.000382091 -0.000783243 -0.000884834 -0.000431473 0.00129921 0.00315217 0.00685567 -0.000977013 0.0131818 0.00248899 -0.00119565 0.005 0.0103061 -0.000416597
internal_weight=87633 54513 2763 2730 51750 1186 954 560 337 312 85 65 223 171 33120 162 50564 10980 10437 394 254 184 97 87 44 227 92 135 49 5869
internal_count=87633 54513 2763 2730 51750 1186 954 560 337 312 85 65 223 171 33120 162 50564 10980 10437 394 254 184 97 87 44 227 92 135 49 5869
is_linear=0
shrinkage=0.05


Tree=57
num_leaves=31
num_cat=0
split_feature=22 17 36 41 20 9 17 25 24 18 34 28 22 28 22 36 9 13 22 20 31 36 19 22 22 4 40 0 0 16
split_gain=2.80143 1.33186 1.38254 1.43075 1.2394 1.27068 1.02044 0.743742 0.910763 0.720473 0.901623 1.46267 1.48019 1.15652 1.25227 0.86607 1.27285 0.924941 1.72894 1.01731 0.902211 1.22391 0.961461 0.985013 1.86829 2.22434 1.2893 1.01088 1.02831 0.995374
threshold=51.357082749999968 0.00037083292889643425 317.38383708598855 -60.113708801065478 5.4899999999979636 0.00073317698042713075 0.0022421844933460605 4.2417689719210427 191.92478840000004 -2.0650000000023279 112744.2982650429 -232.81518329348907 11.33975249999998 -238.67907719552019 23.920296249999982 -11.105902582537963 0.00041328663981292314 -0.0036923428877031765 38.579398999999974 25.745000000002623 116512.18190000001 -797.56282350714889 68.680000000000305 25.08961949999998 23.066758500000002 30.400860000000005 -38.024125748437648 107605.68000000001 107912.895 0.00064125338805565721
decision_type=2 2 2 2 2 2 2 2 2 2 2 2 2 2 2 2 2 2 2 2 2 2 2 2 2 2 2 2 2 2
left_child=1 2 3 -1 5 -4 -2 -8 -9 10 -3 13 -13 14 -12 16 20 18 19 -17 22 -22 -11 24 -24 26 -26 -25 -29 -30
right_child=6 9 4 -5 -6 -7 7 8 -10 15 11 12 -14 -15 -16 17 -18 -19 -20 -21 21 -23 23 27 25 -27 -28 28 29 -31
leaf_value=7.6191093790613708e-06 1.2776968545470415e-07 -1.2796648308002931e-06 4.2895648690739755e-06 -5.1349169740231e-06 -6.3289341985320759e-06 3.0737793487469274e-05 7.8080641860678534e-06 5.5022014233106531e-05 0.00031190372698396206 -1.9364763281307193e-06 2.0248325870812627e-05 7.5716930783763075e-06 -5.0771454201281519e-06 2.0662734292676007e-05 6.9823626872447596e-07 1.6739128543592915e-05 -4.9465573677520554e-06 1.0214495839483558e-07 -1.9442286764974025e-06 1.175617526900861e-05 1.5025023687467892e-05 -7.2409957026995489e-06 2.1353938797062529e-06 -1.5158870878806784e-06 1.386983247143714e-05 -3.9650177557851482e-06 2.3425196313044088e-05 5.1335047188421738e-05 7.7530353931369619e-06 1.645626769248152e-06
leaf_weight=33 36651 14646 36 2642 31 21 6072 37 20 1900 28 31 5130 32 454 32 4025 12661 77 20 37 657 314 1222 34 41 29 41 155 524
leaf_count=33 36651 14646 36 2642 31 21 6072 37 20 1900 28 31 5130 32 454 32 4025 12661 77 20 37 657 314 1222 34 41 29 41 155 524
internal_value=-0.000167917 -0.000444007 -0.00150742 -0.00171028 0.00465909 0.00903509 0.000121551 0.000718713 0.00640351 -0.000374199 -0.000588309 -0.00112335 -0.00137667 0.00142023 0.000809127 -0.000174332 -0.000550731 8.99128e-05 0.00430232 0.0113462 -1.41312e-05 -0.00168588 0.000258215 0.000932202 0.00313397 0.00894231 0.0148413 0.000458289 0.00194444 0.00148012
internal_weight=87633 44853 2763 2675 88 57 42780 6129 57 42090 20321 5675 5161 514 482 21769 8979 12790 129 52 4954 694 4260 2360 418 104 63 1942 720 679
internal_count=87633 44853 2763 2675 88 57 42780 6129 57 42090 20321 5675 5161 514 482 21769 8979 12790 129 52 4954 694 4260 2360 418 104 63 1942 720 679
is_linear=0
shrinkage=0.05


Tree=58
num_leaves=31
num_cat=0
split_feature=17 17 41 36 38 35 20 23 20 36 24 32 0 32 21 16 36 38 21 13 39 9 17 15 18 38 4 32 28 17
split_gain=2.51933 1.31623 1.3551 0.938459 0.925257 2.40045 0.914036 0.92807 0.836852 1.11323 1.26572 1.01611 1.5417 1.15659 0.92216 0.857143 0.810489 1.44444 1.23765 1.08141 1.00443 1.25 0.994979 1.24861 0.892953 1.27532 0.902502 0.817423 0.962775 0.966128
threshold=0.0011386246337442361 0.00037083292889643425 -60.113708801065478 317.38383708598855 10.29761642883898 91156.490175000014 5.4899999999979636 -0.33073801705477468 63.455000000009029 1701.7411023114912 94.884990400000007 797.00568057114299 112103.94500000002 899.13248836394644 235.22500000000585 0.0011467355045766518 1408.5470359413523 62.302662246880637 1.0000000180025095e-35 0.00020317648008219186 543.28571428571388 0.0035152315854930097 0.0011767827974801914 0.001730286589730417 -148.30499999999299 68.383190196931437 38.812305000000009 183.35690958111084 -113.15903321699442 0.0028689115043675794
decision_type=2 2 2 2 2 2 2 2 2 2 2 2 2 2 2 2 2 2 2 2 2 2 2 2 2 2 2 2 2 2
left_child=1 2 -1 -4 5 -2 7 -5 11 14 -11 -3 13 15 -10 -13 -6 27 -19 -20 22 -22 23 -21 25 -24 -26 -18 29 -29
right_child=4 8 3 6 16 -7 -8 -9 9 10 -12 12 -14 -15 -16 -17 17 18 19 20 21 -23 24 -25 26 -27 -28 28 -30 -31
leaf_value=7.2381539101083003e-06 9.0747588648621346e-05 -1.5082992297477959e-06 -4.878171125321944e-06 1.6436667967750835e-06 1.8922819211178901e-06 7.3130018011536571e-06 -6.0124874886054761e-06 2.7650198752237397e-05 5.9294682172050812e-07 1.8249420200714375e-06 5.6525171541349164e-05 2.0072636729738007e-05 -8.4990452153901238e-07 3.9289620575315422e-05 3.63998281776371e-05 6.7793242637942622e-05 -1.6494324650162966e-05 -3.142040269982037e-05 3.0782580091662522e-05 7.8928498133918189e-05 -1.1041909491184389e-05 0.00016433221144126228 6.3103420353191757e-05 -3.2595702127394462e-05 2.0337188638180155e-05 -4.9938546830271353e-07 -3.329134037499365e-06 2.1633450259072676e-05 -7.9840661130310045e-06 -1.2243814929082892e-05
leaf_weight=33 23 46536 2642 27 29448 139 31 30 4911 26 20 21 141 51 23 21 251 199 20 42 40 40 53 23 30 93 1197 47 1440 35
leaf_count=33 23 46536 2642 27 29448 139 31 30 4911 26 20 21 141 51 23 21 251 199 20 42 40 40 53 23 30 93 1197 47 1440 35
internal_value=-0.000162782 -0.000371747 -0.00143504 -0.00155678 0.000181158 0.00395062 0.00352273 0.0072807 -0.000314977 0.000301204 0.00804348 -0.000380587 0.00290598 0.00790322 0.000229022 0.0140476 0.00016263 -0.000555557 0.000469199 0.000949284 0.0007971 0.00625 0.00049374 0.00653846 0.000207573 0.00390411 -0.000232275 -0.0015595 -0.00112352 0.00414634
internal_weight=87633 54513 2763 2730 33120 162 88 57 51750 4980 46 46770 234 93 4934 42 32958 3510 1737 1538 1518 80 1438 65 1373 146 1227 1773 1522 82
internal_count=87633 54513 2763 2730 33120 162 88 57 51750 4980 46 46770 234 93 4934 42 32958 3510 1737 1538 1518 80 1438 65 1373 146 1227 1773 1522 82
is_linear=0
shrinkage=0.05


Tree=59
num_leaves=31
num_cat=0
split_feature=22 17 41 34 39 11 9 25 11 31 13 20 35 34 13 19 42 42 19 22 1 24 1 42 22 25 39 34 21 28
split_gain=2.3111 1.16331 1.34538 0.918352 1.03742 2.24402 0.813223 0.811708 1.68896 0.690861 1.37861 0.704398 1.21035 1.23378 1.13428 1.07081 0.954419 1.34864 1.11735 1.10641 1.07867 0.963037 2.01823 1.58203 1.7465 1.62189 2.8361 1.63162 2.38073 1.12671
threshold=51.357082749999968 0.00037083292889643425 -60.113708801065478 103715.986050077 618.57750000000055 -0.0032321816366764453 0.0014957099610089356 -1.4445443163981577 -0.0003301931707413353 104244.87300000001 -0.002376614558579071 41.314999999995059 103700.76237500002 103535.81651541205 -0.015552567748348251 391.96500000000384 5.8871325842301667 -13.151909492910063 99.375000000000014 53.58814899999998 95675.10500000001 61.014570200000001 103495.59000000001 -25.446785821041377 83.098111500000002 -0.96759138430071834 111.30392857142787 84729.839654260359 12.200000000004367 -96.950733052784912
decision_type=2 2 2 2 2 2 2 2 2 2 2 2 2 2 2 2 2 2 2 2 2 2 2 2 2 2 2 2 2 2
left_child=1 2 -1 9 7 -6 -4 8 -5 11 -11 14 -13 -14 15 -2 17 18 21 20 -20 29 23 -23 25 -25 -27 -28 -29 -16
right_child=3 -3 6 4 5 -7 -8 -9 -10 10 -12 12 13 -15 16 -17 -18 -19 19 -21 -22 22 -24 24 -26 26 27 28 -30 -31
leaf_value=6.8762462146028846e-06 5.8036731498999792e-05 -1.2954297081826763e-06 -4.5125370624754883e-06 9.9617904247208949e-05 0.00035006624075692184 -6.199653114082618e-05 2.6226639134521216e-05 -8.770529003251576e-07 -1.4723308193981291e-05 6.3005349037120154e-05 2.2006944002660831e-06 5.0033655547035553e-06 4.2383496155949351e-05 1.6956184552614451e-05 1.2000264886377928e-05 1.7232021522093478e-05 3.2272262715068242e-06 -5.9372321163189373e-06 1.5868518636440284e-05 -1.5137664054853505e-06 4.3087260435117431e-05 1.7010273086735292e-07 5.9366516410519456e-05 -1.0404273492390231e-05 -8.0415482899448298e-06 3.9431378947369268e-05 4.2369243903130549e-05 2.7759797801915937e-05 -1.3595800670228585e-05 -1.0937836730677887e-05
leaf_weight=33 58 42090 2700 20 27 41 30 20097 35 22 92 9846 27 60 110 105 5496 2395 63 3557 31 286 25 28 62 23 20 20 39 195
leaf_count=33 58 42090 2700 20 27 41 30 20097 35 22 92 9846 27 60 110 105 5496 2395 63 3557 31 286 25 28 62 23 20 20 39 195
internal_value=-0.000154224 -0.000404991 -0.00139884 0.000108694 -0.000136005 0.00602941 -0.00152015 -0.000156809 0.00590909 0.000328013 0.00421053 0.000308294 0.000622671 0.00649425 5.87377e-05 0.00420245 4.04739e-06 -0.000389555 0.000124466 -0.000247878 0.00510638 0.00180693 0.00315109 0.00242678 0.0059375 0.00923077 0.0121569 0.00765823 0.00347458 -0.000409837
internal_weight=87633 44853 2763 42780 20220 68 2730 20152 55 22560 114 22446 9933 87 12513 163 12350 6854 4459 3651 94 808 503 478 192 130 102 79 59 305
internal_count=87633 44853 2763 42780 20220 68 2730 20152 55 22560 114 22446 9933 87 12513 163 12350 6854 4459 3651 94 808 503 478 192 130 102 79 59 305
is_linear=0
shrinkage=0.05


Tree=60
num_leaves=31
num_cat=0
split_feature=19 18 27 19 35 21 25 38 32 16 18 42 15 39 16 24 19 13 15 18 28 27 38 3 0 31 36 7 9 16
split_gain=2.12337 1.73794 1.38514 0.887979 0.858917 1.76961 1.08908 0.948491 1.0651 0.9 0.721307 1.05322 1.00898 1.04085 1.20354 1.02866 0.996772 0.794484 0.77369 0.740076 1.20609 0.740963 0.710624 1.14683 0.817563 1.1774 0.733701 0.702924 0.70636 1.29066
threshold=155.68500000000498 153.44000000000236 105571.61675000002 51.065000000002335 105634.40917500001 34.049999999995642 -0.48361531358469184 49.707140603957697 -13.543070299514509 0.0010186853673353799 -15.299999999995633 -10.060477989708003 0.00055682591074386069 50.33428571428626 0.00034580827510101447 21.170854300000006 21.165000000000877 0.00015132124522799278 0.00055196218440400956 -13.6050000000032 3.4884746255775103 107012.30650000002 10.29761642883898 84902.895000000004 90132.135000000009 95367.120600000009 -2464.3558814428466 -0.00065080715490071909 0.00036671634039271548 0.00046664703474115835
decision_type=2 2 2 2 2 2 2 2 2 2 2 2 2 2 2 2 2 2 2 2 2 2 2 2 2 2 2 2 2 2
left_child=1 2 4 10 -1 7 -7 -6 -9 -8 11 16 13 27 15 -15 -4 -17 19 20 -16 -21 23 -2 -25 -26 -27 -12 -29 -30
right_child=22 -3 3 -5 5 6 9 8 -10 -11 12 -13 -14 14 18 17 -18 -19 -20 21 -22 -23 -24 24 25 26 -28 28 29 -31
leaf_value=-3.4402277624277769e-07 0.00011542446310426369 3.5515364211773623e-05 1.4943746645064232e-05 -1.808898316412332e-06 -1.0412975480078835e-05 2.1464325810069675e-06 2.1541167524919273e-05 1.7373909308869715e-05 1.1945949360693547e-06 2.8730052540942304e-05 1.0556030538937338e-05 -8.084777970064618e-06 -7.3942164027172669e-06 3.4269984410090275e-05 7.6751442188697992e-06 1.0715824112614434e-05 -2.9315813235901542e-06 -1.2509478747367846e-05 1.4526043681582492e-05 6.8479171662596096e-06 -8.1907468387902225e-06 -1.5985322278869279e-06 9.8307021313647057e-07 -3.0096941847457862e-05 4.1079258675826647e-05 6.2373779935267026e-05 1.3128904183721419e-06 -5.3764514084436293e-06 -9.1818306909016882e-07 1.5645045135004583e-05
leaf_weight=26020 21 21 34 22720 92 28 20 35 77 20 31 1327 1314 25 37 20 512 27 20 128 25 1668 31299 58 20 23 119 1417 451 24
leaf_count=26020 21 21 34 22720 92 28 20 35 77 20 31 1327 1314 25 37 20 512 27 20 128 25 1668 31299 58 20 23 119 1417 451 24
internal_value=-0.000149089 -0.000333644 -0.00033903 -0.000572533 -7.45486e-05 0.00272059 0.00970588 0.000392156 0.00348214 0.015 -0.00106232 -0.00190336 -0.000758629 -0.000352441 0.000461537 0.00680555 -5.49462e-05 0.00244681 0.000218316 0.000113024 0.00548387 -7.23843e-05 0.000179136 0.00288382 0.00181818 0.00364197 0.00204225 -0.00117785 -0.00130021 0.00036842
internal_weight=87633 56093 56072 29780 26292 272 68 204 112 40 7060 1873 5187 3873 1950 72 546 47 1878 1858 62 1796 31540 241 220 162 142 1923 1892 475
internal_count=87633 56093 56072 29780 26292 272 68 204 112 40 7060 1873 5187 3873 1950 72 546 47 1878 1858 62 1796 31540 241 220 162 142 1923 1892 475
is_linear=0
shrinkage=0.05


Tree=61
num_leaves=31
num_cat=0
split_feature=19 17 18 4 7 41 27 36 20 23 28 19 17 19 32 23 42 21 25 21 35 17 16 42 9 40 34 5 11 21
split_gain=1.97541 1.19705 1.07815 1.54321 1.19565 0.95654 0.859147 0.74097 0.989788 0.779046 0.689015 1.12984 1.10931 0.877146 0.965788 1.2068 0.90404 0.812048 1.04535 1.28926 0.795166 1.59414 1.01773 1.12587 1.64758 1.20129 0.873491 0.960317 0.755688 1.10237
threshold=161.53499999999624 0.00037083292889643425 153.44000000000236 38.429210000000005 0.0011586057814605294 -60.113708801065478 105571.61675000002 310.3177439699212 5.4899999999979636 -0.33073801705477468 313.33374439067126 65.034999999996231 0.0026714165272898817 146.99500000000265 -314.06393349617423 -0.30881891582259885 85.398117701746983 69.489999999997977 -1.0229727362465668 80.019999999996813 105463.50412500001 0.00043534935053607344 0.00050854611703045989 -11.554986120035464 8.7590134677725196e-05 -4.4986988816963267 105465.09355179465 0.00059725257636424793 -0.0042538782849977806 46.734999999993313
decision_type=2 2 2 2 2 2 2 2 2 2 2 2 2 2 2 2 2 2 2 2 2 2 2 2 2 2 2 2 2 2
left_child=1 5 6 4 -4 -1 10 -7 9 -9 13 -12 -13 14 15 -3 17 20 19 -19 -16 -22 -23 -24 25 -25 -26 -28 29 -17
right_child=-2 2 3 -5 -6 7 -8 8 -10 -11 11 12 -14 -15 16 28 -18 18 -20 -21 21 22 23 24 26 -27 27 -29 -30 -31
leaf_value=6.7509319960009923e-06 1.2495430032415703e-06 1.3469580440676237e-05 2.6476440584485787e-05 -3.0860658933682228e-05 3.1625623467083289e-05 -4.3861623700486003e-06 -2.0357749874751978e-06 3.3847097544153125e-06 -1.6847150786194711e-05 2.3784363190577738e-05 6.6739114243298712e-05 5.9777951370551937e-06 3.9004015522041756e-05 -5.8351005919275811e-06 -4.180622629600989e-07 5.1723603327282058e-07 1.8139598233292514e-05 -7.7240710290375279e-06 -8.1577649376317623e-06 2.9439981164723071e-05 2.232851903716641e-05 -7.8915160039448435e-06 -2.5075307121417243e-05 7.4840260768372607e-06 -1.9034853808133841e-05 2.2920443342871072e-05 5.830232698332991e-06 1.5214279952557886e-05 -2.3849748587728613e-06 2.385368452048829e-05
leaf_weight=33 29818 878 23 36 22 2618 28295 34 28 33 23 630 24 2123 21001 94 24 38 847 24 26 106 43 24 44 35 42 21 611 35
leaf_count=33 29818 878 23 36 22 2618 28295 34 28 33 23 630 24 2123 21001 94 24 38 847 24 26 106 43 24 44 35 42 21 611 35
internal_value=-0.000150801 -0.000321285 -0.00027048 0.00549383 0.0116667 -0.00134013 -0.000278971 -0.00144305 0.00289474 0.00619403 -7.54891e-05 0.00149926 0.00111621 -0.000116468 -2.99263e-05 0.00114957 -0.000115602 -0.000126063 -0.00158966 0.00467742 -6.37253e-05 0.00233138 0.00134921 0.0033732 0.00524096 0.0119492 0.00154205 0.00531746 -0.000337839 0.00313953
internal_weight=87633 57815 55069 81 45 2746 54988 2713 95 67 26693 677 654 26016 23893 1618 22275 22251 909 62 21342 341 315 209 166 59 107 63 740 129
internal_count=87633 57815 55069 81 45 2746 54988 2713 95 67 26693 677 654 26016 23893 1618 22275 22251 909 62 21342 341 315 209 166 59 107 63 740 129
is_linear=0
shrinkage=0.05


Tree=62
num_leaves=31
num_cat=0
split_feature=4 35 19 20 42 1 20 36 5 13 17 15 22 11 11 25 39 23 35 41 17 11 13 18 39 9 42 16 23 23
split_gain=1.86615 1.27501 1.07276 0.957999 0.863482 1.95433 0.991362 1.26708 0.942432 1.06019 1.15227 0.93501 0.939483 0.919155 2.72921 0.859398 1.27755 0.852097 1.13842 1.05687 1.10638 1.38295 0.892434 0.851087 0.842218 0.833629 0.887844 1.44109 1.00468 1.14143
threshold=40.548310000000008 95913.798350000012 78.224999999998559 128.19499999999974 -23.067882338206733 120011.63500000002 12.934999999997673 -1041.9851450259082 -0.00013226371820035041 -0.0029314384776125625 0.00077529169829602626 0.0010665780368501142 20.102885249999982 0.0003050965998973495 0.00061725855109809032 -1.0495231745446993 144.24821428571525 -0.49998616782487842 82865.661625000022 74.151402374830255 0.00056660777935426635 -0.0012487789109181227 -0.0017240522883044914 130.87499999999275 29.135714285714393 0.00073317698042713075 2.4657179723985867 0.00028701812116237218 -0.5124189150976276 -0.46286476874685006
decision_type=2 2 2 2 2 2 2 2 2 2 2 2 2 2 2 2 2 2 2 2 2 2 2 2 2 2 2 2 2 2
left_child=1 3 4 17 5 13 8 -8 9 10 -6 12 -10 15 -15 16 -3 19 22 20 21 -1 -19 -20 -4 26 -14 -28 -29 -30
right_child=-2 2 24 -5 6 -7 7 -9 11 -11 -12 -13 25 14 -16 -17 -18 18 23 -21 -22 -23 -24 -25 -26 -27 27 28 29 -31
leaf_value=1.4389904577700363e-05 3.549866898220363e-07 4.3627092072607377e-06 1.3473618006067001e-05 1.9378055380219578e-05 -3.9142889498115511e-06 2.432950280563241e-05 1.347625715852253e-05 -5.5244198836978495e-06 -3.273369700855403e-06 -4.8637923764370133e-06 1.7711927042132265e-05 -1.7470518249039688e-05 -6.3174289251164207e-07 3.5699393260058705e-05 -5.0115698154710264e-06 -1.7278413358173835e-06 2.1740252744479342e-05 8.5938216126583511e-06 -1.6287238825975277e-06 -3.6656008632470697e-06 4.0567386536901277e-06 -4.4155613807435922e-06 6.5362182685553105e-06 -1.7774331631763456e-05 -1.1383969949858399e-06 -4.2603106403025434e-06 1.8694198424733093e-05 1.6442675612744845e-06 1.9925517413516414e-05 6.0096425407232092e-06
leaf_weight=33 45192 132 20 28 20 45 35 4132 2618 3545 24 163 1485 29 49 1227 20 27 4631 1203 5187 593 174 109 14675 973 20 846 39 359
leaf_count=33 45192 132 20 28 20 45 35 4132 2618 3545 24 163 1485 29 49 1227 20 27 4631 1203 5187 593 174 109 14675 973 20 846 39 359
internal_value=-0.000150801 -0.000388894 -0.00056081 4.79754e-05 -0.000847346 0.000292942 -0.00096746 -0.00161627 -0.000699565 -0.00134996 0.00636364 -0.000340613 -0.000244481 -2.40232e-05 0.00525641 -0.000322699 0.00322368 2.63432e-05 -0.000476625 0.000380558 0.000659727 -0.00132588 0.00320895 -0.000632913 -0.000253489 0.000265985 0.000711167 0.00168513 0.00147106 0.00354271
internal_weight=87633 42441 30456 11985 15761 1502 14259 4167 10092 3589 44 6503 6340 1457 78 1379 152 11957 4941 7016 5813 626 201 4740 14695 3722 2749 1264 1244 398
internal_count=87633 42441 30456 11985 15761 1502 14259 4167 10092 3589 44 6503 6340 1457 78 1379 152 11957 4941 7016 5813 626 201 4740 14695 3722 2749 1264 1244 398
is_linear=0
shrinkage=0.05


Tree=63
num_leaves=31
num_cat=0
split_feature=15 32 4 42 41 22 20 5 24 3 2 27 11 13 32 16 5 7 25 18 18 41 25 40 7 20 15 13 25 15
split_gain=1.79766 1.29204 0.983181 0.928815 0.920232 0.855878 0.839485 1.03627 0.914478 1.17419 0.911367 2.17754 0.929494 1.54158 2.15262 0.874628 0.83799 1.27045 1.18656 1.23769 1.74731 1.83622 1.11329 2.18278 1.16981 1.88929 1.14642 1.94236 1.26721 1.25042
threshold=0.00097054500266488162 -163.28287673681913 20.353215000000002 -94.273463969136486 -81.557975344770625 26.989714249999995 61.855000000003209 -0.0017718454512764858 28.556523400000007 83867.425000000017 107937.99000000001 107923.84175000001 -0.0025894311487874356 -0.0042821604029102808 -397.80559672168596 0.00050854611703045989 6.5657023029700622e-05 -0.00086176538042958921 -0.85521148404951663 -24.59000000000378 -17.810000000004944 30.545777947968912 2.3641897306088784 92.613054212524744 -0.0016096801260399695 9.7800000000061136 0.00076388003666579907 0.00049427451210206838 -0.33465411393300654 0.00057914544210806618
decision_type=2 2 2 2 2 2 2 2 2 2 2 2 2 2 2 2 2 2 2 2 2 2 2 2 2 2 2 2 2 2
left_child=1 3 -3 -1 -4 -5 8 -8 9 -7 11 12 13 -9 -15 -12 17 22 19 -19 21 -21 26 24 25 -24 27 -6 29 -29
right_child=-2 2 4 5 16 6 7 10 -10 -11 15 -13 -14 14 -16 -17 -18 18 -20 20 -22 -23 23 -25 -26 -27 -28 28 -30 -31
leaf_value=3.3894430072560048e-05 8.0841090563709702e-07 -2.7813577955909474e-06 -1.0644244689974346e-05 4.0345217209767688e-06 -3.0335710702686378e-08 1.2352451521439154e-05 3.354373509510258e-05 1.0837580191688617e-06 -2.798013053073535e-07 -5.9377422891247166e-06 2.2923184336009561e-05 6.6313951758187575e-05 1.6428036102173869e-06 4.0339996503405293e-05 1.9012748494894419e-05 -3.2376666877674473e-06 3.1412851128993474e-07 -3.6414944635515084e-06 -3.4878195946510342e-06 4.0065677646376502e-05 4.1192056859803793e-06 3.9259997763637179e-06 -1.9710512746007422e-05 3.5955373789817563e-05 -1.1739298400559215e-05 4.4547521360323578e-05 -4.794133423784744e-06 4.7521251994322539e-05 4.4109008911207906e-06 1.5398263548496988e-05
leaf_weight=23 38295 14701 635 1451 1378 27 20 80 6086 528 20 25 318 23 39 584 12357 361 8338 27 219 35 21 20 68 24 1474 34 267 155
leaf_count=23 38295 14701 635 1451 1378 27 20 80 6086 528 20 25 318 23 39 584 12357 361 8338 27 219 35 21 20 68 24 1474 34 267 155
internal_value=-0.000151942 -0.000351454 -0.00047415 0.000182132 -0.000285878 0.000157047 -5.16141e-05 0.00122182 -0.000264269 -0.00220721 0.00101469 0.00262886 0.00184782 0.00521127 0.011129 -0.000281458 -0.000237712 -0.000527736 -0.000840758 0.00123053 0.00371886 0.011129 0.000289159 0.00477443 0.00207964 0.00833333 0.000108826 0.000943292 0.00377193 0.00690476
internal_weight=87633 49338 40114 9224 25413 9201 7750 1109 6641 555 1089 485 460 142 62 604 24778 12421 8980 642 281 62 3441 133 113 45 3308 1834 456 189
internal_count=87633 49338 40114 9224 25413 9201 7750 1109 6641 555 1089 485 460 142 62 604 24778 12421 8980 642 281 62 3441 133 113 45 3308 1834 456 189
is_linear=0
shrinkage=0.05


Tree=64
num_leaves=31
num_cat=0
split_feature=15 38 34 15 17 42 36 20 20 7 9 19 32 7 13 7 34 18 42 28 41 36 25 25 39 40 16 22 22 39
split_gain=1.65129 1.21545 1.13875 1.0797 1.02259 0.938168 0.890459 0.914036 0.970611 0.845349 1.09418 0.782389 0.735799 1.06169 1.08758 1.70154 1.27348 0.732839 1.15363 1.12546 2.20052 1.07751 1.00798 1.08129 0.796828 0.720368 1.05114 0.835799 1.3265 1.24212
threshold=0.00097054500266488162 29.547117195330049 87117.032638238466 0.00047711283799468544 0.00037083292889643425 -94.273463969136486 317.38383708598855 5.4899999999979636 1.0000000180025095e-35 -0.00052526580669559066 -0.0021272240176587747 443.30500000000035 -420.6837108654799 -0.0001418222078008041 -0.0038754790951646728 -0.00030684651444377571 113340.69435163513 -479.18499999999761 -169.74435371538451 -653.12927366931387 -124.35185022079442 -2464.3558814428466 1.5390981435692648 2.7808468316927057 76.489285714284577 -2.7180020771993436 0.0011537348889014566 26.176464749999997 42.027989249999962 72.046428571429203
decision_type=2 2 2 2 2 2 2 2 2 2 2 2 2 2 2 2 2 2 2 2 2 2 2 2 2 2 2 2 2 2
left_child=1 2 3 -1 6 -4 -3 8 -8 -7 -11 -6 13 14 15 -12 -16 18 21 -20 -21 -2 -22 -24 -19 26 27 29 -29 -5
right_child=17 4 5 25 11 9 7 -9 -10 10 12 -13 -14 -15 16 -17 -18 24 19 20 22 -23 23 -25 -26 -27 -28 28 -30 -31
leaf_value=-3.9015404819198715e-06 0.00023078419234322538 -4.1461536434863933e-06 2.7664025677186883e-05 1.6663775502123885e-05 -1.354512645875068e-06 -1.1733516552616173e-06 -2.2709399313302216e-06 -7.1682795920128183e-06 2.2117479498672723e-05 3.2125884393307165e-05 -1.2430852585442175e-05 5.3510397115004245e-05 7.5855304603740218e-07 1.5236092072983269e-06 3.5539551429890133e-05 4.2579810980155507e-05 1.2217843034415766e-05 1.6264702836201946e-05 -1.035229302617931e-05 7.6313045870191474e-05 -1.2400377291200372e-05 1.2505799945315353e-05 0.00012333215649277073 -3.8314349204566269e-06 5.081956687580691e-07 1.8540046035296213e-05 1.8003908739553706e-05 -4.6041463344594995e-06 1.6368978613128026e-05 -5.1470127205648501e-07
leaf_weight=98 22 2353 28 30 42225 2210 23 31 34 20 31 21 1675 143 20 22 24 25 169 20 59 26 26 23 37925 39 21 113 149 28
leaf_count=98 22 2353 28 30 42225 2210 23 31 34 20 31 21 1675 143 20 22 24 25 169 20 59 26 26 23 37925 39 21 113 149 28
internal_value=-0.000149089 -0.000340307 0.000428939 0.00274058 -0.00042037 0.000164149 -0.0014154 0.00352273 0.0072807 0.000102532 0.000865632 -0.000362876 0.000744124 0.00333333 0.00737113 0.00254717 0.0131818 9.727e-05 0.0023913 0.00122896 0.00476562 0.00958333 0.00194444 0.0072449 7.64151e-05 0.00394737 0.00321114 0.0025 0.00129771 0.00793103
internal_weight=87633 49338 4651 478 44687 4173 2441 88 57 4145 1935 42246 1915 240 97 53 44 38295 345 297 128 48 108 49 37950 380 341 320 262 58
internal_count=87633 49338 4651 478 44687 4173 2441 88 57 4145 1935 42246 1915 240 97 53 44 38295 345 297 128 48 108 49 37950 380 341 320 262 58
is_linear=0
shrinkage=0.05


Tree=65
num_leaves=31
num_cat=0
split_feature=19 17 41 38 41 4 32 13 9 23 35 3 18 22 17 9 21 42 28 25 0 5 40 20 18 32 11 41 17 23
split_gain=1.5318 0.953818 0.924193 0.741449 0.864927 0.847339 0.776649 0.832 0.694799 0.689573 0.639357 1.21529 0.849837 0.730247 0.698685 1.45455 0.788098 0.689137 0.906082 1.22762 1.84432 1.67348 0.740285 0.800508 0.782391 0.878205 0.943942 0.866667 0.843871 0.794024
threshold=165.34499999999392 0.00037083292889643425 -60.113708801065478 10.29761642883898 -115.28761303304604 106.46150500000002 -925.02076558709075 -0.011659842335525092 0.0014957099610089356 2.3633960147603355 95913.798350000012 95336.765000000014 -126.99500000000261 230.8376055 0.0032537537008471653 -0.00041388378863283507 86.544999999998268 41.128935513907699 313.33374439067126 0.54702378424129738 86117.145000000019 0.0005242970886913421 130.46150020076314 17.040000000000877 130.87499999999275 310.48770328410325 0.0049550876778965214 113.69460627012107 0.0021686448397838193 -1.6606566103999947
decision_type=2 2 2 2 2 2 2 2 2 2 2 2 2 2 2 2 2 2 2 2 2 2 2 2 2 2 2 2 2 2
left_child=1 2 -1 4 6 -6 7 9 -4 -2 12 -12 -3 14 16 -16 17 18 22 20 21 -20 24 -24 25 26 27 29 -29 -14
right_child=3 10 8 -5 5 -7 -8 -9 -10 -11 11 -13 13 -15 15 -17 -18 -19 19 -21 -22 -23 23 -25 -26 -27 -28 28 -30 -31
leaf_value=6.4469926104489837e-06 -8.7871702838411192e-06 -1.5586071412420593e-05 -3.5317387969177201e-06 1.0465011050258759e-06 6.3315437725954346e-05 6.8844990435383563e-06 -3.8939117737779088e-05 3.5179856659497262e-05 2.0500158287336577e-05 0.00013171766035918983 4.749965107446918e-05 -1.4923145396224532e-06 1.4209106425055792e-05 -2.8266474047161097e-05 -1.3097596994879994e-05 1.529712951563262e-05 -6.4423312667746555e-06 -7.2543788052586445e-06 0.00012231626458439378 -1.887687358925527e-05 1.0548483837855578e-05 2.7394801911598434e-05 -1.4680192366117813e-05 -8.3629471308867051e-07 -1.5492727198254904e-05 1.0127852384862298e-05 6.9138460452835732e-05 -1.269998290453997e-05 2.5953672179548412e-05 6.4336071713102315e-07
leaf_weight=33 103 311 2689 28553 21 30 38 20 25 20 21 37960 59 90 22 22 488 1058 20 32 94 24 302 568 193 724 33 292 20 13768
leaf_count=33 103 311 2689 28553 21 30 38 20 25 20 21 37960 59 90 22 22 488 1058 20 32 94 24 302 568 193 724 33 292 20 13768
internal_value=-0.00013996 -0.000286162 -0.00119585 0.000158936 0.00297414 0.00872549 0.00135359 0.00304196 -0.00129698 0.00150406 -0.000241619 -0.000358207 2.75819e-06 4.80082e-05 7.08267e-05 0.00636364 5.51615e-05 0.00011142 0.000192509 0.00382353 0.00586956 0.0143182 0.000153831 -0.00126437 0.000235601 0.000276583 0.00018981 0.000170096 -0.0024359 0.000228899
internal_weight=87633 58848 2747 28785 232 51 181 143 2714 123 56101 37981 18120 17809 17719 44 17675 17187 16129 170 138 44 15959 870 15089 14896 14172 14139 312 13827
internal_count=87633 58848 2747 28785 232 51 181 143 2714 123 56101 37981 18120 17809 17719 44 17675 17187 16129 170 138 44 15959 870 15089 14896 14172 14139 312 13827
is_linear=0
shrinkage=0.05


Tree=66
num_leaves=31
num_cat=0
split_feature=15 36 22 9 17 17 35 18 11 5 7 24 9 23 17 25 7 22 16 20 36 7 36 17 11 39 20 16 20 38
split_gain=1.48375 1.05277 1.16481 0.975977 0.963942 0.88376 0.796466 0.943848 1.71241 1.10468 1.09266 1.49993 0.992532 1.15465 0.879408 0.868128 1.28964 1.27555 1.38159 1.4269 0.923752 0.796465 0.86495 1.23784 0.794129 1.08763 0.857143 0.817263 0.790857 0.894076
threshold=0.0013159796592293867 -1041.9851450259082 100.16191299999998 0.0038765931153501554 0.00037083292889643425 0.0011767827974801914 90864.44527500002 1.239999999997963 0.012774099467728747 -0.00064833530892996407 -0.0016902265967814192 32.39875270000001 0.00041328663981292314 -0.73999918076892157 0.0023887903968107427 1.8782316015330534 -0.0032074732823935853 76.498710000000003 0.0015409788061461983 64.120000000002634 -1441.7912724145788 0.00259768344528731 1915.7527786997309 0.0015314409120033995 -0.0052254782633499751 334.20999999999975 128.19499999999974 0.0011606534986841101 0.014999999999417925 80.692492151335315
decision_type=2 2 2 2 2 2 2 2 2 2 2 2 2 2 2 2 2 2 2 2 2 2 2 2 2 2 2 2 2 2
left_child=1 -1 4 -4 -3 -5 21 8 9 -8 12 -12 13 -11 15 16 -15 -18 19 -19 -20 22 28 -24 25 -23 -27 -26 -2 -30
right_child=6 2 3 5 -6 -7 7 -9 -10 10 11 -13 -14 14 -16 -17 17 18 20 -21 -22 24 23 -25 27 26 -28 -29 29 -31
leaf_value=4.1816018574664748e-06 -8.3342850317131996e-06 -2.6854697441195569e-06 -6.4942730744464594e-06 8.0324608573487013e-05 -7.3519885946771069e-07 -2.165247881890498e-06 -5.7134097857384675e-07 -2.5588354152743406e-06 7.4113032482044723e-05 -8.2153829510498198e-06 1.8762538453342915e-05 5.3199955362619439e-06 4.6481255818618761e-05 -3.2686410560949345e-05 6.2860270064945333e-05 7.2728173334049722e-05 -1.2436542064267964e-05 8.2921474130785662e-06 6.4523392883894206e-05 5.4654708556260332e-05 -9.080896966629348e-06 -2.5297322377962048e-05 9.09321803579624e-05 -1.8379571015163045e-05 3.3702406082107973e-05 1.3595499081142939e-05 0.00013342066736196512 1.9731850705375645e-05 6.4438551068568973e-06 9.4328731795177009e-05
leaf_weight=2687 900 2763 2731 32 57297 43 4719 6566 20 76 21 1511 28 43 24 22 57 20 24 23 52 20 25 413 22 21 21 1667 5737 48
leaf_count=2687 900 2763 2731 32 57297 43 4719 6566 20 76 21 1511 28 43 24 22 57 20 24 23 52 20 25 413 22 21 21 1667 5737 48
internal_value=-0.000137107 -0.000256511 -0.000297936 -0.00129366 -0.000251416 0.00433333 0.00021739 -2.8776e-05 0.000391565 0.000347431 0.00136507 0.000776761 0.00380759 0.00306451 0.00462264 0.00371369 0.00276256 0.00465909 0.00760504 0.0147674 0.00355263 0.000583727 0.000348869 -0.00180365 0.00153912 0.00709677 0.0116667 0.00133511 0.000489902 0.000704407
internal_weight=87633 65553 62866 2806 60060 75 22080 13206 6640 6620 1901 1532 369 341 265 241 219 176 119 43 76 8874 7123 438 1751 62 42 1689 6685 5785
internal_count=87633 65553 62866 2806 60060 75 22080 13206 6640 6620 1901 1532 369 341 265 241 219 176 119 43 76 8874 7123 438 1751 62 42 1689 6685 5785
is_linear=0
shrinkage=0.05


Tree=67
num_leaves=31
num_cat=0
split_feature=17 36 25 11 9 35 36 20 17 39 0 17 36 13 28 38 13 2 38 41 11 31 9 19 13 18 11 15 42 25
split_gain=1.40924 0.844808 1.71272 1.35609 1.59471 1.02038 1.09444 1.07095 1.02202 1.21678 1.56801 1.06673 1.01531 1.92167 2.66672 1.92027 1.13947 0.981661 0.985433 2.41106 1.05388 0.912343 0.909643 0.879589 1.70479 0.919745 1.33056 1.32117 1.01837 0.970702
threshold=0.0011386246337442361 370.26680442193907 -0.010848714703434089 0.0013631332844315834 0.0036942518917928882 82865.661625000022 -237.86093604345658 131.94000000000236 0.0011038325586862079 131.56142857142814 82998.880000000019 0.00087833835287917292 426.42378709021438 -0.0011696616925400073 -35.235604404922917 40.097016727406221 -0.0014707156314452974 104818.65500000001 31.377330674296704 78.435062659642242 -0.00067774920206143264 104572.14090000001 0.0019639952840002513 40.004999999997388 0.0025476810743740612 3.6949999999997094 -0.00264906966022709 0.001404355770810894 -10.653616362335892 0.32808317017025979
decision_type=2 2 2 2 2 2 2 2 2 2 2 2 2 2 2 2 2 2 2 2 2 2 2 2 2 2 2 2 2 2
left_child=1 3 12 4 5 8 -7 -8 9 10 11 -1 13 14 -3 -16 -17 21 19 20 -19 -14 -15 24 -4 26 27 29 -27 -25
right_child=-2 2 23 -5 -6 6 7 -9 -10 -11 -12 -13 17 22 15 16 -18 18 -20 -21 -22 -23 -24 25 -26 28 -28 -29 -30 -31
leaf_value=2.2428158986452034e-05 9.8798577225497382e-07 4.7376613975094158e-06 5.7671471540238168e-06 -5.65641996194348e-06 3.2639381347973128e-05 2.6679596930916668e-07 -1.7049381076216458e-06 2.1128364407798328e-05 -1.2686577030982636e-05 -7.2280685820960781e-06 -1.8216002329318045e-06 2.0791558889208782e-05 1.0685032505600077e-06 -8.9327549453080191e-07 4.3971195474682586e-05 4.0285426099610236e-06 3.5689510759289507e-05 -8.650563623755603e-06 -4.8558416733321013e-06 2.0462264092333229e-05 8.7568007116879622e-06 2.0094847544677237e-05 2.0361061289670849e-05 1.9087347696331733e-05 1.7638331936606632e-05 -4.2871054466028381e-06 -1.611212893521392e-06 5.806385426562449e-05 7.4119029054447423e-06 -3.8282034021630533e-06
leaf_weight=28 33120 160 73 6173 22 12076 22365 105 36 56 62 80 1944 921 21 26 21 114 4858 25 54 28 24 35 22 438 2011 25 2629 81
leaf_count=28 33120 160 73 6173 22 12076 22365 105 36 56 62 80 1944 921 21 26 21 114 4858 25 54 28 24 35 22 438 2011 25 2629 81
internal_value=-0.000127408 -0.000283695 5.92142e-05 -0.000396679 -0.000275626 -0.000284131 -0.000307707 -0.00051402 0.00282443 0.0040708 0.00617647 0.00981481 -0.000394096 0.000967603 0.00508772 0.0133824 0.00776596 -0.00062153 -0.000990894 0.00251295 0.000357142 0.000324542 -2.64562e-05 0.000758373 0.00552631 0.000671583 -0.000120819 0.00457447 0.00122758 0.00232759
internal_weight=87633 54513 13510 41003 34830 34808 34546 22470 262 226 170 108 8196 1173 228 68 47 7023 5051 193 168 1972 945 5314 95 5219 2152 141 3067 116
internal_count=87633 54513 13510 41003 34830 34808 34546 22470 262 226 170 108 8196 1173 228 68 47 7023 5051 193 168 1972 945 5314 95 5219 2152 141 3067 116
is_linear=0
shrinkage=0.05


Tree=68
num_leaves=31
num_cat=0
split_feature=32 39 21 0 18 40 5 7 25 11 16 28 36 23 5 18 25 3 15 9 39 30 13 38 16 20 4 32 15 5
split_gain=1.34705 1.17451 1.14733 1.06073 1.09249 0.999628 1.00722 0.917149 0.908453 1.0838 1.28219 0.905514 0.865443 1.14926 1.53243 1.02763 0.928766 0.874492 1.04208 0.851722 0.857592 0.837611 0.826339 2.24924 1.21316 0.806253 0.784424 0.907844 1.01132 1.06451
threshold=-387.47010075298743 72.816428571427565 32.66500000000088 104976.22500000002 43.544999999998261 -121.72637477075476 -0.00057078264173595391 0.0014563310928240845 0.65630920836917095 -0.0066557142960679081 0.0012033981540899633 -466.63944926511607 -387.59057360051514 0.21022866197901971 -0.0011222184459750597 349.31499999999511 0.61092793938067602 80623.530000000013 0.0029382039524471272 -0.0030317650724079755 25.541785714285137 80771.345758113821 -0.0075376701293280324 37.072852197427423 0.0011467355045766518 325.810000000005 28.302370000000003 -445.40707872212801 0.00095432649393124456 -0.0019159240793373393
decision_type=2 2 2 2 2 2 2 2 2 2 2 2 2 2 2 2 2 2 2 2 2 2 2 2 2 2 2 2 2 2
left_child=1 -1 3 -2 -5 8 26 -8 11 10 -10 12 15 14 -14 16 17 21 22 -6 -21 -3 23 24 -19 -12 -7 28 29 -28
right_child=2 5 -4 4 19 6 7 -9 9 -11 25 -13 13 -15 -16 -17 -18 18 -20 20 -22 -23 -24 -25 -26 -27 27 -29 -30 -31
leaf_value=1.6408994174389764e-05 -3.5357829187836286e-07 4.7087067614219282e-05 4.1383213608232267e-07 -2.6666077461870943e-06 4.698945295010961e-05 2.9849197340053778e-05 1.0344113412552612e-05 6.4791309015379281e-05 2.2596294788358219e-05 -5.7335421227602489e-06 -3.0333621988144214e-07 7.4422751136432026e-07 5.6104829038988437e-05 -4.9577356927018272e-06 2.5327140340512389e-06 8.0231259851443028e-05 4.6312152804516619e-05 3.069408186806366e-05 -2.2198898693752255e-05 1.3387645153988842e-05 -6.9751737891705423e-07 0.0001107271644806005 -8.1334534137777859e-06 9.3812969123089262e-05 6.7844165906047214e-06 0.00010811917622379901 4.9292477380199161e-05 -3.8214990052406567e-06 5.6409895407953204e-06 2.5358365994210806e-05
leaf_weight=20 23329 66 24988 19846 30 29 547 22 47 1797 828 4574 41 34 42 29 41 22 266 30 8705 37 352 25 540 41 22 480 685 118
leaf_count=20 23329 66 24988 19846 30 29 547 22 47 1797 828 4574 41 34 42 29 41 22 266 30 8705 37 352 25 540 41 22 480 685 118
internal_value=-0.000130831 0.000394674 -0.000203958 -0.000337891 -0.000541926 0.000372016 0.00141093 0.00317223 0.00014689 -0.000613713 0.000786025 0.000486899 0.00155518 0.00568376 0.00885542 0.00120464 0.00100445 0.00077217 0.00039419 -7.7012e-05 -0.000105897 0.00519417 0.00117678 0.00232538 0.0016726 0.000350977 0.000659669 0.000478926 0.00148485 0.00535714
internal_weight=87633 10705 76928 51940 28611 10685 1903 569 8782 2713 916 6069 1495 117 83 1378 1349 1308 1205 8765 8735 103 939 587 562 869 1334 1305 825 140
internal_count=87633 10705 76928 51940 28611 10685 1903 569 8782 2713 916 6069 1495 117 83 1378 1349 1308 1205 8765 8735 103 939 587 562 869 1334 1305 825 140
is_linear=0
shrinkage=0.05


Tree=69
num_leaves=31
num_cat=0
split_feature=17 24 22 16 42 26 2 38 19 24 39 24 42 25 7 36 34 13 13 19 19 5 4 40 20 9 24 22 13 17
split_gain=1.27618 0.828436 0.880453 1.57465 0.77455 0.75733 1.29573 0.871773 1.43406 1.34831 2.93555 1.11502 0.815423 0.805917 0.75285 1.42526 0.889558 0.998666 2.01893 0.910956 0.977988 0.844855 1.66929 0.710602 1.75225 0.777018 0.933987 1.17925 0.747117 1.01719
threshold=0.0011386246337442361 12.915821299999999 11.33975249999998 0.00042309054328838459 -12.499823085162484 110855.24759525542 110246.72500000002 46.855929489365643 35.894999999996806 38.918813600000014 123.11499999999849 45.582046500000011 -43.375247127035756 -1.4445443163981577 0.0033689990481379408 -27.537715648679292 78014.668900055331 0.0023079663311600398 0.0018856239353491795 295.7050000000018 355.65499999999162 -0.00019723234933213257 141.37316500000003 504.57354412486899 92.10499999999594 0.0036942518917928882 136.52081020000003 188.75358900000001 0.013985258823124869 0.0016923249393518774
decision_type=2 2 2 2 2 2 2 2 2 2 2 2 2 2 2 2 2 2 2 2 2 2 2 2 2 2 2 2 2 2
left_child=1 2 3 4 -1 7 -7 8 -2 10 -10 -11 -9 -8 -14 -16 -17 18 19 -18 -21 22 -19 25 -25 -23 27 28 29 -27
right_child=5 -3 -4 -5 -6 6 13 12 9 11 -12 -13 14 -15 15 16 17 21 -20 20 -22 23 -24 24 -26 26 -28 -29 -30 -31
leaf_value=1.7923029963449478e-05 2.090325985792752e-05 -8.6505568284608432e-07 -8.3259526866893884e-06 1.8239739860914249e-05 -3.5698743445621051e-06 8.1285609127515129e-05 6.7233404905279551e-05 -9.6900176924836039e-06 -1.6477772640175149e-05 -1.1004518870049652e-05 4.9326689385085708e-05 4.7740545665133751e-06 -2.9266308252142129e-07 -2.0620780510496724e-06 -7.8321995189034186e-06 0.00012474021328346319 -2.153327685729029e-05 9.6667589391025285e-05 9.354729927305949e-05 3.1813459970812708e-05 4.0602120451830004e-05 -1.7321559474497098e-05 2.1625657356486133e-05 -6.1175968307208825e-05 0.00017196752858044903 1.0798991635029338e-05 -3.4618455773745574e-05 0.00014042011970671734 -1.9358938343456376e-05 5.8805255648709955e-05
leaf_weight=23 26 53475 435 23 557 30 32 645 30 169 32 10605 13533 6446 580 37 40 25 22 22 25 140 49 25 27 213 153 21 59 134
leaf_count=23 26 53475 435 23 557 30 32 645 30 169 32 10605 13533 6446 580 37 40 25 22 22 25 140 49 25 27 213 153 21 59 134
internal_value=-0.000128549 -0.000277275 -0.0016763 -0.000439471 -0.000948277 0.000116243 -0.000367242 0.000234479 0.000579082 0.00055094 0.00790322 0.000508631 -3.1758e-06 -0.000415253 7.11673e-05 0.00110687 0.00225806 0.00196335 0.00646789 0.00304598 0.00776596 0.00138298 0.00648649 0.000893781 0.00653846 0.00048611 0.0012931 0.00249414 0.00189655 0.00278098
internal_weight=87633 54513 1038 603 580 33120 6508 26612 10862 10836 62 10774 15750 6478 15105 1572 992 955 109 87 47 846 74 772 52 720 580 427 406 347
internal_count=87633 54513 1038 603 580 33120 6508 26612 10862 10836 62 10774 15750 6478 15105 1572 992 955 109 87 47 846 74 772 52 720 580 427 406 347
is_linear=0
shrinkage=0.05


Tree=70
num_leaves=31
num_cat=0
split_feature=1 19 21 25 5 23 9 42 25 27 22 34 9 16 13 42 25 15 36 35 19 20 20 22 5 20 13 9 22 36
split_gain=1.17436 1.19577 1.03488 1.22021 1.32389 1.10201 1.09091 1.15227 1.08426 1.05743 1.4114 0.977324 0.826061 0.792867 1.38301 1.2575 1.37723 0.759306 1.06646 0.714583 0.852179 1.8387 0.741435 1.29282 0.70126 0.81804 1.24706 1.87329 1.6194 1.57854
threshold=101865.81000000001 78.224999999998559 140.05500000000032 -0.6799178253212298 9.7629568646425544e-05 -0.68782539092928896 -0.0010596342948328132 22.30636371446062 0.030313828708626801 101939.73475000002 188.75358900000001 79283.900651835967 -0.0028151599236128613 0.00037174884588120767 -0.0021401409196090339 6.1899464251539849 -0.19457309751982718 0.00031499006376457751 240.94030044077229 83312.666775000005 231.97499999999857 14.7699999999968 100.47499999999856 108.30833650000002 -0.00052447433700239315 9.9850000000005839 -0.0031316777457900424 -0.0010596342948328132 43.244048250000013 -117.76909533481374
decision_type=2 2 2 2 2 2 2 2 2 2 2 2 2 2 2 2 2 2 2 2 2 2 2 2 2 2 2 2 2 2
left_child=2 12 9 4 5 -4 -6 -8 -5 -1 -11 -10 -2 14 -3 -16 -17 -18 -19 -13 21 -21 -22 -24 -14 26 27 -26 29 -29
right_child=1 13 3 8 6 -7 7 -9 11 10 -12 19 24 -15 15 16 17 18 -20 20 22 -23 23 -25 25 -27 -28 28 -30 -31
leaf_value=8.2227949482103943e-08 2.699250824473176e-05 2.8991098608485439e-05 -1.3832673018989117e-05 -8.0179439239144476e-06 6.4983817530334619e-05 3.7078988535848488e-05 -5.0008461511328868e-05 7.3265255464653105e-05 0.00011326869373728309 4.9104193820305877e-05 -3.003338147343714e-05 -3.8181545885712805e-05 -5.7339161628855181e-06 -5.30640147701025e-07 -2.016301553862341e-06 3.2608130320314304e-05 1.5306814569132891e-05 -1.3097396277433089e-05 1.8573721611761745e-05 -4.9802539791237723e-06 1.4826103709626719e-05 5.5579619554088091e-05 0.00010842624149256288 6.1142912540771509e-05 -1.2196508651001903e-05 -3.484546276352901e-06 -1.1476402026747204e-06 1.7914400514917667e-05 7.5579165208417118e-06 1.52228803592198e-05
leaf_weight=32426 21 20 58 512 22 27 20 24 42 41 25 160 611 36563 216 20 21 47 36 35 549 23 33 200 52 6185 9522 28 69 25
leaf_count=32426 21 20 58 512 22 27 20 24 42 41 25 160 611 36563 216 20 21 47 36 35 549 23 33 200 52 6185 9522 28 69 25
internal_value=-0.000124555 -0.00027098 0.000104248 0.00130498 0.00559603 0.00147059 0.0109091 0.00636364 0.00088803 4.12397e-05 0.00636364 0.00181382 -0.000624661 -0.000112804 0.00222222 0.00147059 0.00548387 0.00317308 0.0010241 0.0015 0.00208333 0.00793103 0.00164962 0.00401287 -0.00063728 -0.000573328 -0.000286717 0.00390804 0.00729508 0.0138679
internal_weight=87633 53436 34197 1705 151 85 66 44 1554 32492 66 1042 16513 36923 360 340 124 104 83 1000 840 58 782 233 16492 15881 9696 174 122 53
internal_count=87633 53436 34197 1705 151 85 66 44 1554 32492 66 1042 16513 36923 360 340 124 104 83 1000 840 58 782 233 16492 15881 9696 174 122 53
is_linear=0
shrinkage=0.05


Tree=71
num_leaves=31
num_cat=0
split_feature=1 19 21 25 5 42 3 35 4 27 24 16 13 42 16 25 20 20 5 19 11 25 11 35 15 18 24 36 5 17
split_gain=1.04144 1.12173 0.964721 1.25765 1.04676 1.27276 0.922673 0.801473 1.44299 0.751863 1.47059 0.696172 1.41324 1.12155 1.19213 2.21659 0.667856 0.661849 0.705261 0.742605 0.749732 1.38022 2.29206 1.294 0.917217 0.868917 0.866887 0.710524 1.55711 0.679864
threshold=101865.81000000001 78.224999999998559 155.15999999999624 -0.70293946117392836 0.00016194567828030151 -14.86515264661679 77358.890000000014 95671.296850000013 120.28296000000002 101939.73475000002 100.36774560000002 0.00037174884588120767 -0.0021401409196090339 8.2363715737189818 0.00034580827510101447 0.58808434472200821 102.2150000000038 33.66500000000088 -0.00052447433700239315 51.065000000002335 -0.0014533960144336351 -1.114933152339334 -0.0017759817624999439 104197.471125 0.00055682591074386069 -15.299999999995633 17.107166000000003 -339.71536768945947 -0.00028227004511795711 0.0012762724400148273
decision_type=2 2 2 2 2 2 2 2 2 2 2 2 2 2 2 2 2 2 2 2 2 2 2 2 2 2 2 2 2 2
left_child=2 17 9 4 5 -4 -5 -8 -9 -1 -11 12 -3 -14 -15 -16 -10 18 -2 20 21 22 -20 -23 25 27 -25 28 -22 -21
right_child=1 11 3 6 -6 -7 7 8 16 10 -12 -13 13 14 15 -17 -18 -19 19 29 24 23 -24 26 -26 -27 -28 -29 -30 -31
leaf_value=1.0522540956085766e-07 -5.3437350406484497e-06 2.7541543678061168e-05 6.5575779821843813e-05 7.5945011789696232e-05 6.4577559921787933e-05 -2.1662745669099201e-05 7.8205698470015286e-06 7.6613824116363862e-05 -7.0711370529257173e-06 4.4251142782456709e-05 -1.5716871570785399e-05 -5.0410814031597437e-07 -1.2270629090021014e-06 -1.1413786215136688e-07 3.2566933705857036e-05 -8.2744974792139436e-06 9.1279534884498975e-05 -5.2791678420602658e-06 -1.6941769099355023e-05 -5.9615381996726566e-07 3.5714811641090827e-05 8.4238023227230522e-06 1.676901875079566e-05 8.0714217200151334e-06 -7.1744121119928021e-06 -4.6795169672908331e-07 -2.0127732271402746e-06 -5.304743418668209e-06 -7.4286517924462112e-06 9.3134841385271168e-06
leaf_weight=32796 616 20 20 31 38 33 1072 21 89 34 34 36563 237 54 27 22 29 1450 21 5969 29 34 24 26 1917 4264 431 1402 53 277
leaf_count=32796 616 20 20 31 38 33 1072 21 89 34 34 36563 237 54 27 22 29 1450 21 5969 29 34 24 26 1917 4264 431 1402 53 277
internal_value=-0.00011999 -0.00025788 9.5475e-05 0.0014141 0.00708791 0.00254717 0.000998389 0.000780346 0.00435252 4.199e-05 0.00529412 -0.000104678 0.00208333 0.00132353 0.00567961 0.0113265 0.00220339 -0.000600437 -0.000502225 -0.000431579 -0.000744423 0.00106343 0.00944444 0.000295314 -0.000870843 -0.000554977 -0.000404815 -0.00159704 0.00292683 -2.08145e-05
internal_weight=87633 53436 34197 1333 91 53 1242 1211 139 32864 68 36923 360 340 103 49 118 16513 15063 14447 8201 536 45 491 7665 5748 457 1484 82 6246
internal_count=87633 53436 34197 1333 91 53 1242 1211 139 32864 68 36923 360 340 103 49 118 16513 15063 14447 8201 536 45 491 7665 5748 457 1484 82 6246
is_linear=0
shrinkage=0.05


Tree=72
num_leaves=31
num_cat=0
split_feature=39 24 40 22 36 9 16 11 11 21 36 38 19 21 28 20 36 25 7 35 30 16 11 0 15 5 42 22 39 22
split_gain=0.945678 0.701954 1.0855 1.14462 0.684641 1.25553 1.05992 0.680263 1.20787 0.779225 0.828398 1.54275 1.15273 0.679647 0.662225 1.225 0.641477 0.622455 1.1506 0.650124 0.834471 0.747463 1.31308 1.85485 1.26654 1.2436 1.11609 1.36459 0.935536 1.35001
threshold=184.27249999999967 14.769227300000003 -40.093388535155093 12.067724999999998 1208.7942457290339 0.0026569369571438728 0.0051829917889883032 -0.0011682138680015085 -0.0013618029809100722 14.6449999999968 -105.63152392245682 56.876910292357223 52.644999999996806 17.555000000000295 -653.12927366931387 15.760000000002039 181.98867921422791 -1.4445443163981577 4.6148490450828292e-05 103803.48990000003 104266.16896114247 0.0010706887679127395 -0.0022221992565527779 111459.99500000001 0.0010279797756203057 0.0017791155279205555 -37.697934705205626 66.256701250000006 189.60464285714315 52.469427499999981
decision_type=2 2 2 2 2 2 2 2 2 2 2 2 2 2 2 2 2 2 2 2 2 2 2 2 2 2 2 2 2 2
left_child=1 2 3 -1 17 -6 -7 8 -4 -9 11 12 -11 -5 15 -3 -12 18 -2 20 -19 22 23 24 -21 28 27 -25 29 -24
right_child=4 14 7 13 5 6 -8 9 -10 10 16 -13 -14 -15 -16 -17 -18 19 -20 21 -22 -23 25 26 -26 -27 -28 -29 -30 -31
leaf_value=1.8787576506566455e-05 6.5193164537331226e-05 -2.232660760755572e-05 -5.2646737659587382e-06 -1.6441006148926842e-06 -6.8339731610009407e-06 1.1292171260255549e-05 0.0001503458493252984 -4.8365867796259997e-06 8.099173471248674e-06 2.1247052305602929e-05 -3.9095697980939162e-06 -1.3994015337367617e-05 6.4734580910933554e-06 4.2556066523969658e-06 -6.7521139612575067e-07 2.9339598589234049e-05 7.7341193495002068e-06 5.7641488421619073e-06 -7.2117882149480339e-06 5.0803020452484698e-05 3.9078025406011036e-05 -1.2216808969124777e-06 5.8577635745022427e-05 4.7428516050901082e-05 1.0222130518236059e-05 3.1870952341864634e-05 -1.5056929949134754e-05 5.8901830441674083e-06 -6.9384169276635432e-06 4.7668281537560597e-06
leaf_weight=21 24 20 66 83 2459 927 34 1576 32 23 169 22 20 21 61720 20 40 10731 27 22 39 8756 23 24 27 20 58 71 453 105
leaf_count=21 24 20 66 83 2459 927 34 1576 32 23 169 22 20 21 61720 20 40 10731 27 22 39 8756 23 24 27 20 58 71 453 105
internal_value=-0.000111432 -0.000211726 -0.00111674 0.0034 0.000157562 -0.000497077 0.00103538 -0.00140657 0.00265306 -0.00162162 0.000839415 0.00576923 0.0112791 0.00125 -0.000181348 0.00625 -0.000693781 0.000267418 0.00578431 0.000253577 0.000519962 -4.65542e-05 0.00141345 0.00490099 0.0133673 0.000241263 0.00218954 0.00552631 -0.000180724 0.00359375
internal_weight=87633 63833 2073 125 23800 3420 961 1948 98 1850 274 65 43 104 61760 40 209 20380 51 20329 10770 9559 803 202 49 601 153 95 581 128
internal_count=87633 63833 2073 125 23800 3420 961 1948 98 1850 274 65 43 104 61760 40 209 20380 51 20329 10770 9559 803 202 49 601 153 95 581 128
is_linear=0
shrinkage=0.05


Tree=73
num_leaves=31
num_cat=0
split_feature=32 21 9 19 7 39 13 32 31 23 23 36 35 23 15 34 28 11 19 22 20 39 40 17 7 32 5 17 9 24
split_gain=0.923774 1.15786 0.96508 1.46792 1.25054 0.964048 1.35945 1.2459 1.25263 1.06651 0.967888 1.08671 0.964355 1.12325 0.933652 3.11895 1.31644 1.07529 1.19971 1.21527 0.867683 1.13293 1.01333 0.911571 0.867163 0.938345 1.13778 0.820449 0.810147 0.773672
threshold=-163.28287673681913 0.01000000000203727 0.0021577104234262092 51.86499999999797 -0.0029179898890074065 82.05071428571371 0.00052120421452216267 -352.57432387310831 96160.542300000016 -1.269792671399516 1.3913124465895585 -463.70200495263265 77701.018975000028 1.0000000180025095e-35 0.00066850375222166742 110220.60757168733 -86.05426758099928 -0.0014533960144336351 119.8400000000038 23.920296249999982 46.29000000000088 88.794285714287469 -73.019041481522422 0.00068457502506624475 0.00075298978387283689 -1359.6161292021204 0.0013280330669569191 0.00031462982808675842 0.00051800866945113638 28.8797186
decision_type=2 2 2 2 2 2 2 2 2 2 2 2 2 2 2 2 2 2 2 2 2 2 2 2 2 2 2 2 2 2
left_child=5 -2 27 -4 -5 6 7 8 -1 -9 11 -10 13 -7 16 17 28 18 19 -16 24 22 -22 -23 29 26 -26 -3 -11 -14
right_child=1 2 3 4 -6 12 -8 9 10 14 -12 -13 20 -15 15 -17 -18 -19 -20 -21 21 23 -24 -25 25 -27 -28 -29 -30 -31
leaf_value=4.0178769343657941e-05 -2.0485325936947838e-06 -6.0346701559655814e-06 5.0953635339121833e-05 6.9025688040510495e-05 3.4848085855609465e-06 8.0448324648871811e-06 1.4903802486293612e-05 1.4340012607091049e-05 3.2857780237354882e-05 -1.14546747462622e-06 -1.5544954003844637e-05 3.777074878987889e-06 -4.9804194925900006e-06 0.00010046994982434181 2.8917361591116916e-06 2.368982811837886e-05 6.6233122196521613e-06 -5.9535983320790946e-06 -7.229339217998633e-06 1.842220239510109e-05 1.319746085460362e-06 -7.2555652235476638e-06 4.1145049323552302e-05 4.3795341153922384e-06 0.000146021876414432 -6.0104336531447606e-06 -2.3321982317410224e-05 -5.8502094579745301e-07 1.075435935604283e-05 2.9602995214786159e-07
leaf_weight=23 16452 524 35 33 5991 28 34 25 21 1210 31 25 696 22 25 20 181 82 42 37 34 297 33 7576 20 2406 25 40783 21 10901
leaf_count=23 16452 524 35 33 5991 28 34 25 21 1210 31 25 696 22 25 20 181 82 42 37 34 297 33 7576 20 2406 25 40783 21 10901
internal_value=-0.000111432 -0.0002106 -8.50833e-05 0.000504207 0.000444886 0.000154313 0.00127462 0.00108147 0.0065 0.000751673 0.00344156 0.00804348 6.39792e-05 0.007 0.000593324 0.00373786 0.00013456 0.00172043 0.00509615 0.00951613 4.82069e-05 0.000465994 0.0069403 0.000410897 -0.000187928 -0.00104243 0.00611111 -0.000171522 -0.000450854 -7.33067e-06
internal_weight=87633 63818 47366 6059 6024 23815 1777 1743 100 1643 77 46 22038 50 1618 206 1412 186 104 62 21988 7940 67 7873 14048 2451 45 41307 1231 11597
internal_count=87633 63818 47366 6059 6024 23815 1777 1743 100 1643 77 46 22038 50 1618 206 1412 186 104 62 21988 7940 67 7873 14048 2451 45 41307 1231 11597
is_linear=0
shrinkage=0.05


Tree=74
num_leaves=31
num_cat=0
split_feature=17 24 22 39 21 22 32 22 9 40 38 7 36 19 11 11 9 28 15 4 4 28 28 41 19 4 42 15 40 1
split_gain=0.887409 0.799412 0.911081 2.02511 0.693599 0.955766 0.934561 0.804256 1.11758 0.937746 0.776699 1.25963 0.940982 2.11779 1.45541 0.818182 0.752268 1.43541 1.06616 1.04941 1.59386 0.97571 1.94594 1.04568 1.20417 1.225 1.214 0.963229 0.968822 0.925641
threshold=0.0022421844933460605 12.915821299999999 11.33975249999998 51.472142857142387 14.425000000002912 84.634483250000002 -1795.1765573171431 126.28834199999996 0.0011318488743393247 -238.62907813065974 48.692373229384771 0.00073617780304976392 -230.63513490869806 183.52500000000148 -0.00088243670065104988 0.0014815100024021459 0.0020534950902779325 152.57539958666169 0.0013365401431029817 67.330635000000015 57.002215000000007 41.980572487751495 61.194770453104873 204.2924215307556 229.53500000000352 83.154050000000012 22.769687714746976 0.0026877050830305684 504.57354412486899 86355.130000000019
decision_type=2 2 2 2 2 2 2 2 2 2 2 2 2 2 2 2 2 2 2 2 2 2 2 2 2 2 2 2 2 2
left_child=1 2 3 -1 6 -6 -2 8 9 -7 -11 12 -12 -14 -15 -13 17 21 -18 20 -20 -9 -23 24 25 -24 -26 -21 -29 -30
right_child=4 -3 -4 -5 5 7 -8 16 -10 10 11 15 13 14 -16 -17 18 -19 19 27 -22 22 23 -25 26 -27 -28 28 29 -31
leaf_value=-2.6773260233317111e-06 7.2321392342115354e-05 -5.2003953439534389e-07 -7.6760676812606075e-06 8.1542145065886562e-06 -7.9271945217610498e-06 4.3562057019772226e-05 -4.8967453458274874e-06 6.9163790499658074e-06 -5.6797267874253015e-07 7.2451954613293519e-06 -1.6430321116525613e-06 5.8135094654442607e-05 -1.1584233246467011e-05 5.2480118123740856e-05 4.3486180835257626e-05 4.5059472152117679e-05 6.0681499919569368e-05 -1.5028408126943795e-05 -4.3765836121027832e-06 -1.0605238106582307e-05 5.7314299783585014e-05 4.9142288634516249e-05 5.6360830517099946e-06 -2.9993582868450539e-05 3.8226475594149664e-05 6.2471409158238613e-05 -3.4868842066216898e-05 2.8098669776286517e-05 3.4792133987844564e-05 0.0001152904988401439
leaf_weight=575 25 80385 435 28 483 24 1251 1729 245 185 82 22 38 20 22 22 23 680 28 375 24 39 20 42 29 20 51 666 26 39
leaf_count=575 25 80385 435 28 483 24 1251 1729 245 185 82 22 38 20 22 22 23 680 28 375 24 39 20 42 29 20 51 666 26 39
internal_value=-0.00010915 -0.000153091 -0.00153179 -0.000273633 0.000466988 0.00073571 -0.000572102 0.000964951 0.00257576 0.00415663 0.00356777 0.00567961 0.00364197 0.0075 0.0152381 0.0131818 0.000684515 0.000210727 0.00173158 0.00151986 0.00846154 0.000906735 0.00420398 0.00179012 0.00416667 0.01125 0.000624999 0.00119349 0.00225034 0.00807692
internal_weight=87633 81423 1038 603 6210 4934 1276 4451 660 415 391 206 162 80 42 44 3791 2610 1181 1158 52 1930 201 162 120 40 80 1106 731 65
internal_count=87633 81423 1038 603 6210 4934 1276 4451 660 415 391 206 162 80 42 44 3791 2610 1181 1158 52 1930 201 162 120 40 80 1106 731 65
is_linear=0
shrinkage=0.05


Tree=75
num_leaves=31
num_cat=0
split_feature=32 11 35 23 41 2 21 24 15 17 4 11 22 17 24 28 25 21 19 4 23 32 39 5 36 36 21 17 16 3
split_gain=0.822025 1.13185 0.942123 1.12325 0.939064 1.03248 1.04578 1.7055 0.87652 1.48897 0.85786 0.793715 0.878947 1.78513 0.833763 1.248 0.823322 1.01142 0.776037 0.775727 1.30206 0.930271 1.5444 1.57575 1.49589 0.772125 0.752553 0.820797 0.74617 0.738978
threshold=-163.28287673681913 0.0029495325093576706 77701.018975000028 1.0000000180025095e-35 8.9242432922627035 82000.310000000012 20.315000000002332 102.91398790000001 0.00058312971702822211 0.00056126537679982542 24.293935000000001 0.00015080304060828017 30.443872499999994 0.00072592935136613545 350.37066820000007 -60.091270666896882 -0.76194198842649297 197.9150000000009 47.594999999993895 30.117165000000004 -1.4577038731991587 -369.17571462210611 220.66035714285735 -0.00081005066549965504 -511.70867387852917 -1256.33755405026 0.01000000000203727 0.00031462982808675842 0.0018396293339199927 95336.765000000014
decision_type=2 2 2 2 2 2 2 2 2 2 2 2 2 2 2 2 2 2 2 2 2 2 2 2 2 2 2 2 2 2
left_child=2 26 3 -1 5 6 -3 -8 9 -6 29 14 13 -13 19 16 -16 -18 -10 21 -21 22 23 24 -12 -9 -2 -28 -14 -4
right_child=1 4 10 -5 8 -7 7 25 18 -11 11 12 28 -15 15 -17 17 -19 -20 20 -22 -23 -24 -25 -26 -27 27 -29 -30 -31
leaf_value=7.7102316232205313e-06 -2.1017559789315759e-06 -1.7470066743751805e-05 6.0931732851131356e-06 9.5098989290338021e-05 5.6333820979456825e-05 -3.7807125288625876e-06 5.9563203916379129e-05 0.00011427831738907717 5.8512902359935727e-05 1.1661847243449865e-05 2.869963385503589e-05 2.0009483477905942e-05 -5.6784589314912733e-06 -1.5351153906592731e-05 6.4307984829545896e-05 4.9700292107885598e-05 -1.7447128440880159e-05 0.00012405367491612985 4.812343742678709e-06 4.0273482867423386e-05 8.2607180784828913e-07 -4.7248844818997262e-06 2.4749264470243299e-05 -6.9651194072313241e-06 -1.1731480443022636e-05 -1.5592775597073954e-05 -5.6072457243638241e-06 -5.3423752393312417e-07 2.7077015763528669e-06 1.2885799275748173e-06
leaf_weight=28 14878 54 629 22 20 2930 34 24 29 88 29 24 2698 26 26 20 167 43 5365 38 15326 999 20 173 25 53 524 39819 1481 2041
leaf_count=28 14878 54 629 22 20 2930 34 24 29 88 29 24 2698 26 26 20 167 43 5365 38 15326 999 20 173 25 53 524 39819 1481 2041
internal_value=-0.000106867 -0.000200415 0.000143816 0.007 0.000333255 -0.000363491 0.00348485 0.00626126 0.00072519 0.00518518 0.000129391 2.2516e-05 -0.000589975 0.006 0.000176093 0.00300781 0.00199152 0.00095238 0.000635891 0.000132449 0.000229757 -0.00106742 0.00168016 0.000506607 0.00796296 0.00214286 -0.000283498 -0.000171406 -0.000668821 0.000973782
internal_weight=87633 63818 23815 50 8597 3095 165 111 5502 108 23765 21095 4229 50 16866 256 236 210 5394 16610 15364 1246 247 227 54 77 55221 40343 4179 2670
internal_count=87633 63818 23815 50 8597 3095 165 111 5502 108 23765 21095 4229 50 16866 256 236 210 5394 16610 15364 1246 247 227 54 77 55221 40343 4179 2670
is_linear=0
shrinkage=0.05


Tree=76
num_leaves=31
num_cat=0
split_feature=1 19 27 16 5 39 40 25 20 41 15 22 20 13 25 22 17 9 0 5 24 13 32 41 38 20 42 13 25 19
split_gain=0.811678 0.884122 0.877969 1.14574 1.04177 1.00387 1.34392 0.702036 0.676519 0.930108 0.904743 1.0254 0.657865 1.40434 1.79921 1.46037 1.10454 1.40407 1.65288 0.975926 0.771379 1.16237 1.1631 2.06127 1.00755 1.07143 0.768653 1.77337 0.776232 1.24758
threshold=101865.81000000001 78.924999999995649 98344.83600000001 0.00065448850517212153 -0.0041507023845241374 91.579642857144293 63.001168387585501 -0.44620980752096145 0.54000000000087323 94.893172926582253 0.0031950776817317099 168.73179250000004 10.534999999996218 -0.0029917568815740416 -0.55495778010298924 29.635098999999993 0.0007713676754561086 -0.00042767270555844195 110328.63000000002 -0.00013226371820035041 87.879607400000012 -0.0014707156314452974 537.57105822927417 72.764858432731486 57.400860447701142 32.955000000001753 -15.915300170743008 -0.00026725992608316772 -0.33465411393300654 74.480000000003216
decision_type=2 2 2 2 2 2 2 2 2 2 2 2 2 2 2 2 2 2 2 2 2 2 2 2 2 2 2 2 2 2
left_child=2 12 8 5 -5 7 -7 -4 9 10 -1 -12 13 14 15 -2 -17 -18 -19 26 -14 -22 23 24 25 -23 27 28 -15 -30
right_child=1 -3 3 4 -6 6 -8 -9 -10 -11 11 -13 20 19 -16 16 17 18 -20 -21 21 22 -24 -25 -26 -27 -28 -29 29 -31
leaf_value=-1.1324033628193266e-06 1.4001906785990537e-05 -3.326068050954746e-07 8.5128016061525864e-06 0.00010982187349742803 5.1315332158459333e-06 1.5900866444515178e-05 9.6241158520103865e-06 -1.5062020151123228e-05 7.4067645529792435e-07 -1.3669460139564329e-05 5.3561110630652708e-05 3.250716024626269e-05 -3.3094347704040196e-06 -3.3195265428885906e-06 -1.7232766738932207e-06 -2.0782008791689929e-05 2.019661522883862e-07 4.7100631829859104e-06 4.9590831221066022e-05 -7.6758353554311587e-09 -1.3713768127006968e-05 2.7080860111865193e-05 -8.4885665797048673e-06 6.6841380537630303e-05 -9.8789632362704439e-06 -2.0695431500425226e-06 -4.1071251933786291e-06 1.4717565742897694e-05 1.1582932178251954e-06 3.8821848944903985e-05
leaf_weight=6263 20 36704 31 25 1282 21 23 37 25636 800 24 55 5904 396 130 21 41 22 23 6559 58 32 29 25 51 28 3108 80 179 26
leaf_count=6263 20 36704 31 25 1282 21 23 37 25636 800 24 55 5904 396 130 21 41 22 23 6559 58 32 29 25 51 28 3108 80 179 26
internal_value=-0.000100591 -0.000222323 8.96266e-05 0.00130726 0.000891353 0.00616071 0.0120455 0.00235294 3.69138e-05 -0.000393448 -0.000190793 0.00512658 -0.000523549 -0.000285244 0.00336576 0.00759842 0.00528037 0.0077907 0.0138889 -0.000375919 -0.000936022 0.00195067 0.00409091 0.00602941 0.00310811 0.0075 -0.00101478 0.000506607 -0.000424294 0.00207317
internal_weight=87633 53436 34197 1419 1307 112 44 68 32778 7142 6342 79 16732 10605 257 127 107 86 45 10348 6127 223 165 136 111 60 3789 681 601 205
internal_count=87633 53436 34197 1419 1307 112 44 68 32778 7142 6342 79 16732 10605 257 127 107 86 45 10348 6127 223 165 136 111 60 3789 681 601 205
is_linear=0
shrinkage=0.05


Tree=77
num_leaves=31
num_cat=0
split_feature=1 19 21 25 42 13 30 15 7 7 4 17 31 1 38 36 32 20 11 25 41 2 4 26 24 39 11 28 28 16
split_gain=0.766667 0.955681 0.80659 1.36604 0.988921 0.994039 1.38435 0.823514 1.44278 0.98263 1.25759 0.763081 1.14859 0.886779 0.86887 1.06517 2.00669 0.877922 0.882436 0.810476 0.813821 1.45833 1.00833 0.718219 1.61333 0.708073 0.669762 0.803105 2.2924 0.757423
threshold=101865.81000000001 78.924999999995649 117.36999999999536 -0.69719933760129171 -13.151909492910063 0.00074591037634158433 84161.579667005644 0.0028470984670103104 0.00020047331956030425 -0.00015302901012367948 77.125445000000013 0.001763040768441329 99442.266900000017 81959.915000000023 62.914548978952048 127.08019933776815 426.53030639177456 64.120000000002634 0.0060945729549487185 -0.50121347979662489 -124.35185022079442 79597.795000000013 326.74586000000005 101942.96641568486 133.97977560000001 364.0221428571412 -0.0090314107964082398 -28.252048530142925 -101.60736959258792 0.0038032939362425819
decision_type=2 2 2 2 2 2 2 2 2 2 2 2 2 2 2 2 2 2 2 2 2 2 2 2 2 2 2 2 2 2
left_child=2 -2 23 4 5 6 -4 9 -9 10 -6 12 14 19 -5 -16 -17 18 -18 -13 -21 22 -22 -1 -25 -15 -27 28 29 -28
right_child=1 -3 3 11 7 -7 -8 8 -10 -11 -12 13 -14 25 15 16 17 -19 -20 20 21 -23 -24 24 -26 26 27 -29 -30 -31
leaf_value=2.2770890281795511e-08 -1.6375181132439118e-06 -3.1597646484070369e-07 5.9736218588828629e-05 5.9918888930715967e-06 1.4196418095335348e-05 9.9618444290552869e-05 -6.688574919956312e-06 -6.5993554705253581e-06 4.8707696359382951e-05 -2.5964382231201372e-05 -3.1571141291253958e-05 -5.3902665998319522e-05 4.0696668772903177e-05 -1.2302740304989408e-05 -5.2001816322880575e-05 0.00010971032216228572 8.6442202766712651e-05 -2.5701383985544241e-05 -1.8615184561113415e-05 1.7010750265149925e-05 -1.7455890640500422e-05 0.00012397957317440711 0.00013398501837369044 4.5423486237454646e-05 -3.0020843299315545e-05 -2.4856574727836259e-05 3.8519308423490457e-05 -5.7263592689837779e-06 9.7643118675993037e-05 -2.7925036107355889e-05
leaf_weight=31613 16732 36704 29 555 24 22 42 21 31 76 37 44 35 588 21 24 32 22 23 163 40 24 20 30 20 144 168 248 31 70
leaf_count=31613 16732 36704 29 555 24 22 42 21 31 76 37 44 35 588 21 24 32 22 23 163 40 24 20 30 20 144 168 248 31 70
internal_value=-0.000104015 -0.000222323 8.08539e-05 0.000939225 0.00421986 0.00844086 0.00556338 0.00214286 0.0075 0.000109488 0.00483606 0.000528418 0.00188202 -9.74038e-05 0.00142541 0.0052459 0.00737624 0.00344156 0.00681818 0.00238831 0.00350202 0.0075 0.00333333 1.21581e-05 0.006 -0.000676542 0.000446292 0.00128627 0.00317844 0.0015126
internal_weight=87633 53436 34197 2534 282 93 71 189 52 137 61 2252 712 1540 677 122 101 77 55 291 247 84 60 31663 50 1249 661 517 269 238
internal_count=87633 53436 34197 2534 282 93 71 189 52 137 61 2252 712 1540 677 122 101 77 55 291 247 84 60 31663 50 1249 661 517 269 238
is_linear=0
shrinkage=0.05


Tree=78
num_leaves=31
num_cat=0
split_feature=0 1 13 22 30 32 16 11 26 36 20 7 21 15 42 22 24 9 9 28 38 28 5 21 21 20 40 38 13 32
split_gain=0.723345 0.830622 0.867733 0.811383 1.2992 1.46071 1.40953 0.94517 1.3548 0.892494 1.27147 0.831055 1.2 0.81154 0.750459 0.934073 1.60044 1.23767 1.1164 0.995387 0.994104 2.23655 1.30451 0.866285 0.88362 0.860067 1.07461 1.27693 0.854716 0.845789
threshold=115528.84500000002 115680.49000000001 0.0029350568810301955 16.893267999999981 112070.56360704372 -133.89706259138617 0.00030131448225215846 -0.0011420470394943965 84570.13128937564 -230.63513490869806 15.760000000002039 0.000514632341658097 0.48000000000320148 0.00033985248965162434 22.769687714746976 100.16191299999998 53.410191200000007 -0.0032672785517165459 0.00023983248837094597 -323.6281107447939 74.302939063471399 152.57539958666169 0.00023708151747556816 1.0000000180025095e-35 1.6449999999967988 66.385000000002051 -14.582176958276248 42.868554071891921 0.0039314460273985226 250.67521757630314
decision_type=2 2 2 2 2 2 2 2 2 2 2 2 2 2 2 2 2 2 2 2 2 2 2 2 2 2 2 2 2 2
left_child=3 2 -2 4 7 -6 -7 8 -1 10 -10 -8 -13 -11 15 16 17 19 23 -3 25 22 -22 -19 29 -20 27 -27 -18 -25
right_child=1 14 -4 -5 5 6 11 -9 9 13 -12 12 -14 -15 -16 -17 28 18 20 -21 21 -23 -24 24 -26 26 -28 -29 -30 -31
leaf_value=9.4436622896015575e-06 -8.3574342748112698e-06 9.1550326350918687e-06 2.8206264599984522e-05 2.9042946532880693e-08 1.7203316990738452e-05 6.1464050335092727e-06 -6.1378686676748202e-06 -2.8843447222600013e-06 -1.0294278013297584e-05 5.346840300760912e-06 2.878501857805145e-05 -1.7079266114938332e-06 1.4271555344722471e-05 -4.3752123000775816e-06 -5.0758475525346128e-06 -6.9083756722823174e-06 5.0829665865531481e-06 -6.1019851166737952e-06 -6.3895298699455376e-08 3.0344660401363125e-05 2.0710763885450005e-05 -3.301721601801781e-06 1.1636625118638646e-05 1.2839587261006736e-06 -2.863338365403221e-06 3.0410387563697669e-05 -7.8746622816463378e-06 3.224697541893598e-05 -2.6542865595707302e-05 1.1071264451430451e-05
leaf_weight=39 385 58 20 69063 40 31 198 3463 51 33 31 40 20 153 3120 1147 2739 1011 2127 27 22 70 24 933 2584 37 57 24 58 28
leaf_count=39 385 58 20 69063 40 31 198 3463 51 33 31 40 20 153 3120 1147 2739 1011 2127 27 22 70 24 933 2584 37 57 24 58 28
internal_value=-9.88795e-05 -0.000421879 -0.00265432 -3.4992e-05 -0.000718469 0.00229483 0.00105536 -0.000981434 0.00167752 0.000410447 0.0047561 -0.00015504 0.005 -0.00150538 -0.000357601 -0.000162618 -4.5935e-06 -0.000408456 -0.000482147 0.00558823 0.000400253 0.00491379 0.0134783 -0.000939422 -0.000571228 0.000167037 0.00432203 0.00893443 0.00100643 0.000723204
internal_weight=87633 14471 405 73162 4099 329 289 3770 307 268 82 258 60 186 14066 10946 9799 7002 6917 85 2361 116 46 4556 3545 2245 118 61 2797 961
internal_count=87633 14471 405 73162 4099 329 289 3770 307 268 82 258 60 186 14066 10946 9799 7002 6917 85 2361 116 46 4556 3545 2245 118 61 2797 961
is_linear=0
shrinkage=0.05


Tree=79
num_leaves=31
num_cat=0
split_feature=24 36 11 22 17 41 13 11 22 42 25 28 19 26 13 21 9 36 31 3 35 5 13 38 31 9 9 21 35 23
split_gain=0.743457 0.906745 1.30211 1.225 0.854623 1.30433 1.72646 0.795397 0.988261 0.739606 0.8976 0.892747 1.23766 0.86201 1.37963 0.859091 0.783685 1.70812 0.765608 1.77011 1.0678 1.0233 1.14361 0.840457 2.02445 0.840137 1.17974 0.696577 0.875721 0.757931
threshold=30.922627600000002 -718.3099184216552 -0.0013046155481047728 35.303216999999997 0.00043534935053607344 -33.373933416522952 -0.00029357928399137922 0.00015080304060828017 41.15238274999998 -17.660848806398345 -1.2484505521883418 57.513872516057752 17.180000000000295 118449.9396885983 -0.0019275150996909459 19.590000000003787 -0.0023623512277981813 -50.315069942509574 115784.49830000002 115336.38500000001 109411.13870000002 -0.0013656315599513834 -0.0019684780146764845 40.480823194651627 111109.61260000001 -0.00050566591040962473 1.0000000180025095e-35 8.8249999999970914 118019.99052500002 -0.76672470155056682
decision_type=2 2 2 2 2 2 2 2 2 2 2 2 2 2 2 2 2 2 2 2 2 2 2 2 2 2 2 2 2 2
left_child=1 2 3 -1 5 -2 -7 -8 -9 10 -3 16 -13 18 15 -15 17 -11 19 20 -12 -22 -23 24 -24 -26 -27 -14 29 -29
right_child=4 9 -4 -5 -6 6 7 8 -10 11 13 12 27 14 -16 -17 -18 -19 -20 -21 21 22 23 -25 25 26 -28 28 -30 -31
leaf_value=4.2210972057086825e-05 -8.0239159543863423e-06 7.8008664997548807e-06 -9.1137640321944371e-06 4.7831246971877238e-06 -1.3629571068040611e-07 9.7285363888114317e-06 -8.2193704876492184e-06 1.896291521163736e-05 -1.2312712151346608e-05 -1.4631575164276499e-05 -7.1174852680134458e-07 1.0263391173384137e-05 -1.7661083040521531e-06 1.4558118797778681e-05 2.3660036398761169e-05 -1.581004781122664e-05 -2.1022297911586481e-06 2.4680396507763727e-05 -3.6083438674874008e-06 1.743433214985911e-05 2.2807664495777454e-05 -1.1643109419920643e-06 1.7965171945637119e-05 4.1429769419798292e-06 -1.8548501947386907e-05 1.5884367970329279e-05 4.3451822512448321e-07 -8.1642383206360072e-06 -1.1124851459690525e-05 3.9754063750788707e-06
leaf_weight=20 51 28 34 20 69527 33 24 34 21 49 1404 226 2587 28 21 27 10353 34 412 32 27 272 37 113 48 32 36 229 116 1758
leaf_count=20 51 28 34 20 69527 33 24 34 21 49 1404 226 2587 28 21 27 10353 34 412 32 27 272 37 113 48 32 36 229 116 1758
internal_value=-0.000101162 -0.000388175 0.00513513 0.01125 -2.72648e-05 0.00358896 0.00660714 0.00259494 0.00590909 -0.000411048 0.000383392 -0.000541299 1.4238e-05 0.000283245 0.00552631 0.00136364 -0.000802991 0.00403614 0.000118109 0.000522238 0.000332655 0.00216814 0.00169145 0.00402256 0.00643791 0.00318965 0.0067647 -0.000159916 0.000515928 0.000762455
internal_weight=87633 17943 74 40 69690 163 112 79 55 17869 2517 15352 4916 2489 76 55 10436 83 2413 2001 1969 565 538 266 153 116 68 4690 2103 1987
internal_count=87633 17943 74 40 69690 163 112 79 55 17869 2517 15352 4916 2489 76 55 10436 83 2413 2001 1969 565 538 266 153 116 68 4690 2103 1987
is_linear=0
shrinkage=0.05


Tree=80
num_leaves=31
num_cat=0
split_feature=15 36 22 7 9 21 5 39 3 42 5 21 16 18 27 25 16 36 39 9 15 32 36 7 18 38 42 21 17 18
split_gain=0.724789 0.753621 1.23044 0.779834 0.742157 0.907355 0.711929 1.66937 1.09968 1.26042 0.955631 1.12955 1.00204 1.06348 1.12265 0.946562 0.955325 1.42515 0.950738 2.13178 1.38826 0.934596 0.925878 0.879841 1.67804 0.849639 0.907947 0.879069 0.798649 0.78264
threshold=0.0013159796592293867 -1041.9851450259082 100.16191299999998 -0.0041525846981051049 0.0038765931153501554 45.280000000006119 0.00066095708617018285 170.5003571428575 84217.275000000009 -3.1721407570842888 0.0015237414607164911 3.2549999999973811 0.00050353089110326992 85.019999999996813 111031.74600000001 0.77845138759321497 0.0012254429657585881 -667.22068364689756 201.20178571428451 -8.0906285285212257e-05 0.0011367373314324991 -336.64443930334522 1701.7411023114912 0.00014472204085134543 177.97500000000585 31.668133191409641 -103.27131392141253 235.22500000000585 0.00029990831197208861 1.0000000180025095e-35
decision_type=2 2 2 2 2 2 2 2 2 2 2 2 2 2 2 2 2 2 2 2 2 2 2 2 2 2 2 2 2 2
left_child=1 3 6 -1 -4 -6 25 10 9 -9 11 28 13 14 -13 16 17 -10 -19 -20 -21 -18 23 24 -12 26 -3 -27 -8 -28
right_child=-2 2 4 -5 5 -7 7 8 15 -11 22 12 -14 -15 -16 -17 21 18 19 20 -22 -23 -24 -25 -26 27 29 -29 -30 -31
leaf_value=2.5845571884518071e-05 1.1741478866962439e-06 1.898692127812273e-05 -5.8987501559403293e-06 3.0617737798214635e-06 -8.8421091039384313e-06 8.4233302656502878e-05 1.2758449156889999e-05 3.0859215691621516e-05 -8.0016943107044077e-06 4.4509940263375125e-05 -3.5205095222530848e-05 2.0450873128541489e-05 2.6899105775148698e-06 1.7449795254098402e-06 3.2872420425459251e-05 -1.3955821160706562e-05 3.6055924789286355e-05 2.1659190488126904e-05 3.0117945251776994e-05 5.3174267681198135e-06 5.6966988108431912e-05 -3.806980620969638e-07 4.8219145631454202e-05 -6.2929741078700044e-06 9.1547884883598073e-05 -1.0093353516807151e-06 -2.5248524947942507e-07 2.9892476839281362e-05 -2.1884739262895171e-06 3.3943916976831841e-06
leaf_weight=29 22080 28 2731 2658 41 34 21 22 86 53 27 54 3560 92 21 247 28 446 22 58 37 471 27 1402 22 43491 4518 42 3683 1602
leaf_count=29 22080 28 2731 2658 41 34 21 22 86 53 27 54 3560 92 21 247 28 446 22 58 37 471 27 1402 22 43491 4518 42 3683 1602
internal_value=-9.83089e-05 -0.000181763 -0.000216812 0.000638257 -0.0012402 0.00366667 -0.000168999 0.00020763 0.00176871 0.00766667 -4.99507e-05 0.000180997 0.000795545 0.00458084 0.009 0.00145161 0.00205575 0.00332049 0.00423623 0.00824786 0.005 0.00041082 -0.0012111 -0.00138181 0.00520408 -0.000247681 0.000302536 -0.000325387 -0.000437366 0.000261437
internal_weight=87633 65553 62866 2687 2806 75 60060 10379 1470 75 8909 7431 3727 167 75 1395 1148 649 563 117 95 499 1478 1451 49 49681 6148 43533 3704 6120
internal_count=87633 65553 62866 2687 2806 75 60060 10379 1470 75 8909 7431 3727 167 75 1395 1148 649 563 117 95 499 1478 1451 49 49681 6148 43533 3704 6120
is_linear=0
shrinkage=0.05


Tree=81
num_leaves=31
num_cat=0
split_feature=21 42 21 15 25 11 9 9 42 16 41 39 22 13 30 18 41 25 32 41 22 9 18 20 19 11 26 24 15 24
split_gain=0.689674 0.888009 1.12106 1.11193 1.28926 0.983873 1.83234 1.5128 1.01524 0.784616 1.85138 0.988371 0.867828 0.85027 1.38286 1.54286 0.897699 0.93033 1.52028 0.86854 0.807153 1.01065 0.941651 0.8655 0.963168 1.26042 1.03755 0.912205 0.856085 1.10337
threshold=32.66500000000088 -14.130799794821954 30.930000000000295 0.00022648702410518005 -0.36458176070616227 0.0024002200349324911 -0.00047281026758207108 0.0038765931153501554 -25.925808852896054 0.00057209400201937034 141.86617542216078 125.09428571428676 78.538635749999983 0.0019634408548295152 108806.93646348405 29.014999999999421 24.602662035173235 -0.70888704875971464 24.509769203345062 -8.5113037857315614 109.77909350000002 0.0071509450013237628 -9.5250000000014534 136.1849999999977 242.23500000000061 -0.0037221809273473047 102503.89255142627 79.973537000000007 0.001368495467396132 260.00818480000004
decision_type=2 2 2 2 2 2 2 2 2 2 2 2 2 2 2 2 2 2 2 2 2 2 2 2 2 2 2 2 2 2
left_child=1 2 3 4 -1 -5 -7 -8 -9 10 11 13 -11 16 15 -15 17 18 19 -2 21 23 28 -14 -25 27 -27 -26 29 -22
right_child=9 -3 -4 5 -6 6 7 8 -10 12 -12 -13 20 14 -16 -17 -18 -19 -20 -21 22 -23 -24 24 25 26 -28 -29 -30 -31
leaf_value=-1.1796428991830009e-05 1.0351292815957662e-05 -1.267006408956087e-06 -1.12186603201785e-05 2.5586806247583191e-07 1.0984342749985393e-05 9.1101123491858633e-05 -3.7601485910250955e-06 6.761827710395036e-06 0.00016056864610797294 -8.0985351833846221e-07 3.1229293713239353e-05 1.9662187554848309e-05 3.2753975721388673e-06 6.6111752238426749e-06 -7.1090129259300932e-07 4.3842955599641888e-05 -2.5882948512155029e-06 2.6543095123662062e-06 -9.2075798727499507e-06 4.0597666326564093e-05 -7.9651426264077147e-06 0.00012106582034575719 -3.2353651795742536e-06 4.4288957147498453e-05 1.0198605722531018e-05 5.4800446100473067e-05 -2.2570918702118959e-05 0.0001106520593691502 9.9900589131290724e-06 3.8609678403108506e-05
leaf_weight=21 51 40625 425 15064 20 23 177 25 22 15634 22 21 4639 70 120 35 551 1188 26 32 745 40 4224 21 21 63 83 26 3595 24
leaf_count=21 51 40625 425 15064 20 23 177 25 22 15634 22 21 4639 70 120 35 551 1188 26 32 745 40 4224 21 21 63 83 26 3595 24
internal_value=-9.26033e-05 -0.00019698 0.000121378 0.000191505 0.00841463 0.000169485 0.00329959 0.00191964 0.00989362 9.58971e-05 0.00102552 0.000873924 2.83347e-05 0.000764591 0.00366667 0.00785714 0.000411254 0.00112953 0.00555046 0.00885542 0.000322304 0.000834865 3.02736e-05 0.000769626 0.0038785 0.00277202 0.000479451 0.00989362 0.00054537 -0.000968792
internal_weight=87633 56402 15777 15352 41 15311 247 224 47 31231 2116 2094 29115 2073 225 105 1848 1297 109 83 13481 4893 8588 4853 214 193 146 47 4364 769
internal_count=87633 56402 15777 15352 41 15311 247 224 47 31231 2116 2094 29115 2073 225 105 1848 1297 109 83 13481 4893 8588 4853 214 193 146 47 4364 769
is_linear=0
shrinkage=0.05


Tree=82
num_leaves=31
num_cat=0
split_feature=24 38 36 0 16 16 5 4 17 25 24 19 25 38 9 25 21 24 40 42 35 39 39 11 41 36 11 9 39 5
split_gain=0.612073 0.834119 1.50818 0.941368 0.804599 0.80219 1.2187 1.22369 1.20301 0.915751 0.889291 0.910763 0.690087 1.11201 1.12106 1.49537 2.09735 0.964841 1.44468 1.12787 1.21259 0.909241 0.825909 1.04585 0.670038 0.797311 1.01445 0.773043 1.60319 0.964784
threshold=30.922627600000002 29.547117195330049 288.83699341146718 83122.645000000004 0.00028701812116237218 0.00079407096236524426 -0.0010244751469867172 68.088115000000016 0.00062858623256819462 1.4303237025516919 30.043375300000001 63.599999999998552 -0.26078407719836599 24.600663114830976 -0.0011481816363477944 -0.44006362772846686 0.01000000000203727 17.107166000000003 -58.811857175816833 -16.232728958375855 108024.28140000002 77.922142857144692 63.85714285714598 -0.00047081021715018076 45.12426435339745 -267.50404381055699 -0.0004909557876794623 0.0014057109418646363 64.724285714284647 -6.0502775780990545e-05
decision_type=2 2 2 2 2 2 2 2 2 2 2 2 2 2 2 2 2 2 2 2 2 2 2 2 2 2 2 2 2 2
left_child=1 2 3 -1 -2 6 7 8 9 -5 12 -12 13 21 -15 22 -17 18 -14 20 -20 -8 -16 -24 -3 26 -26 -27 -29 -30
right_child=4 24 -4 5 -6 -7 10 -9 -10 -11 11 -13 17 14 15 16 -18 -19 19 -21 -22 -23 23 -25 25 27 -28 28 29 -31
leaf_value=1.1199100246582722e-05 1.4506206296086494e-05 -1.5223187622167357e-06 1.6322343726112e-05 -5.9548760369796057e-06 -1.1656508565380785e-07 -8.8113490965806979e-06 -6.0724924053864835e-06 -1.5554400569619567e-06 2.0785399479026625e-05 2.8123433699313826e-05 2.6570473282223506e-05 3.4047971096093258e-06 1.2425580049486703e-05 3.3110488923108596e-05 -3.4047871068155678e-06 2.8168143980413138e-05 2.0517146041378468e-06 -3.9742648639938775e-06 -5.926864395963154e-06 -4.6185740848267839e-07 4.6541381010618725e-06 9.7456295447576133e-06 -7.4649979124315224e-06 2.2994191469082777e-05 -7.1044108714935215e-06 -5.3225249579814667e-07 2.5437623617449788e-05 2.3496370419827248e-05 2.0239163756798361e-05 -1.707938324745012e-07
leaf_weight=27 20 13575 21 26 69670 153 149 54 20 30 20 37 24 20 121 29 44 590 30 101 22 24 32 21 25 2413 28 38 42 227
leaf_count=27 20 13575 21 26 69670 153 149 54 20 30 20 37 24 20 121 29 44 590 30 101 22 24 32 21 25 2413 28 38 42 227
internal_value=-9.4315e-05 -0.000354736 0.000736676 0.000559084 -2.72648e-05 0.000397542 0.000774748 0.00538461 0.00947368 0.00571428 0.000300632 0.00640351 1.24263e-05 0.00159091 0.00361423 0.00269231 0.00869863 -0.000893091 0.00234463 0.000555554 0.00653846 -0.00153179 0.000172413 0.00537736 -0.00046122 0.000247024 0.00632075 0.000128675 0.00249186 0.00113383
internal_weight=87633 17943 1595 1574 69690 1547 1394 130 76 56 1264 57 1207 440 267 247 73 767 177 153 52 173 174 53 16348 2773 53 2720 307 269
internal_count=87633 17943 1595 1574 69690 1547 1394 130 76 56 1264 57 1207 440 267 247 73 767 177 153 52 173 174 53 16348 2773 53 2720 307 269
is_linear=0
shrinkage=0.05


Tree=83
num_leaves=31
num_cat=0
split_feature=24 16 42 26 42 7 28 19 19 4 42 13 31 3 15 35 23 24 9 2 18 9 15 24 36 40 42 22 20 20
split_gain=0.657225 0.804484 0.700833 1.08178 1.17228 1.58527 0.896413 1.20376 0.901331 1.56245 3.00695 0.95907 0.776342 1.55126 0.8954 0.847091 1.20663 1.04548 0.857662 0.817634 0.955512 1.14987 1.20029 1.52382 0.921264 0.785714 0.858516 0.738045 0.735564 0.83092
threshold=30.922627600000002 0.00028701812116237218 -17.660848806398345 118230.78829538285 -39.439929560973091 -0.00052526580669559066 57.513872516057752 17.180000000000295 173.36499999999799 44.73326500000001 -10.060477989708003 -0.00084334068957053439 115784.49830000002 115336.38500000001 0.00027089167342635927 109411.13870000002 -0.97876786270252059 23.735886000000004 0.0005820012941306677 109906.71000000001 -156.98500000000783 -0.00050566591040962473 0.00071061184984050677 28.556523400000007 -178.94584927512184 -46.555067748857248 -24.965149665810618 21.956184999999991 34.355000000003209 17.040000000000877
decision_type=2 2 2 2 2 2 2 2 2 2 2 2 2 2 2 2 2 2 2 2 2 2 2 2 2 2 2 2 2 2
left_child=2 -2 3 12 -5 -6 8 -8 28 10 -10 -12 13 14 -1 17 -17 -16 -19 27 -21 -22 23 24 -23 -26 -27 -18 29 -4
right_child=1 -3 6 4 5 -7 7 -9 9 -11 11 -13 -14 -15 15 16 19 18 -20 20 21 22 -24 -25 25 26 -28 -29 -30 -31
leaf_value=3.660540330594667e-06 1.3780895981282169e-05 -1.1073683137112241e-07 -1.9852783083047298e-06 -1.7470423246552366e-05 2.2432540424664239e-05 6.4012156673991312e-06 9.9401546408576055e-06 -3.7392436110270141e-07 3.0847011715701988e-05 -1.6491976818764309e-06 1.9403887183423918e-05 -7.3319008624284183e-06 -3.2779664572120581e-06 1.5170449087790939e-05 -4.307498775508474e-06 1.2160045656883792e-05 1.0090052439653624e-05 2.8870060592914502e-06 -1.4027930048014979e-05 2.105407898503954e-05 -2.4673206774862054e-06 1.5024634704127576e-05 -4.3126650930561792e-06 2.4812636720400436e-05 -1.1261111460797609e-05 -9.7690035146070836e-06 8.7944841114205077e-06 6.093858373440036e-06 -6.826230925186605e-06 1.711529214801824e-06
leaf_weight=28 20 69670 7682 21 32 47 226 4691 30 151 27 68 395 34 583 30 24 744 89 22 253 23 73 22 33 24 39 29 1019 1504
leaf_count=28 20 69670 7682 21 32 47 226 4691 30 151 27 68 395 34 583 30 24 744 89 22 253 23 73 22 33 24 39 29 1019 1504
internal_value=-9.60267e-05 -2.65473e-05 -0.000365882 0.000402749 0.0055 0.00829114 -0.000492922 6.40623e-05 -0.000754223 0.00206522 0.0062 0.0018421 0.000194273 0.000585365 0.000406745 0.000281689 0.00190559 -0.000374295 0.000762304 0.00136531 0.00072597 0.000246251 0.00294392 0.0056383 0.00340336 0.00125 0.00452381 0.00726415 -0.000830476 -0.000689093
internal_weight=87633 69690 17943 2545 100 79 15398 4917 10481 276 125 95 2445 2050 2016 1988 572 1416 833 542 489 467 214 141 119 96 63 53 10205 9186
internal_count=87633 69690 17943 2545 100 79 15398 4917 10481 276 125 95 2445 2050 2016 1988 572 1416 833 542 489 467 214 141 119 96 63 53 10205 9186
is_linear=0
shrinkage=0.05


Tree=84
num_leaves=31
num_cat=0
split_feature=19 4 35 25 17 7 22 22 9 24 17 42 25 25 4 7 39 38 36 13 4 16 20 13 21 21 21 15 13 21
split_gain=0.618728 1.06144 0.706639 0.694947 0.738702 0.677464 1.32498 1.58738 1.27547 1.27143 1.63773 1.74673 0.883242 1.89901 0.841558 0.812971 1.03883 1.59246 2.22896 1.74259 1.60053 1.14603 1.28444 1.02037 1.48106 0.726884 0.739221 0.639163 1.21644 1.88024
threshold=310.93999999999511 42.79388500000001 90864.44527500002 0.9275743430301665 0.003124742238146854 0.0033689990481379408 101.46725475000001 84.634483250000002 0.0050332016592481285 168.33637187000002 0.003124742238146854 13.789740198148936 1.149013467962088 2.6167813787994905 231.65627000000003 0.0017807844825987091 315.17071428571381 59.196593281333492 -1546.5499065757101 -0.0031316777457900424 303.51580000000007 0.0020116149966142275 70.349999999998559 0.0037523025771163533 61.144999999996806 19.590000000003787 22.980000000003205 0.0018805698404887859 -0.0079682208927132989 59.795000000005537
decision_type=2 2 2 2 2 2 2 2 2 2 2 2 2 2 2 2 2 2 2 2 2 2 2 2 2 2 2 2 2 2
left_child=-1 -2 5 -4 27 15 7 12 9 -8 11 -11 -7 -14 -9 16 17 18 19 21 23 22 -3 -19 -25 -18 -27 28 29 -5
right_child=1 2 3 4 -6 6 8 14 -10 10 -12 -13 13 -15 -16 -17 25 20 -20 -21 -22 -23 -24 24 -26 26 -28 -29 -30 -31
leaf_value=-4.3799457850314911e-07 4.2719128893951646e-05 9.0820503177792203e-06 -4.7287753120585373e-06 5.5580165244748819e-05 0.00028925972024693917 -4.2794199707574449e-05 -2.5904139318553182e-05 0.00019836946809078759 -4.2043389118123291e-06 7.7547690408707507e-05 3.1449970523484125e-05 0.00011366724336211419 7.1343328264985328e-05 -3.5355717313847084e-05 9.1052086834872472e-05 -1.7283692743477217e-05 -3.3023165342786038e-05 0.00011612510431115641 -4.0223872246338526e-06 3.6243448660037668e-05 -3.748145270257828e-05 -1.7385127894098907e-05 7.1183951735987179e-05 -5.6962109568358133e-06 0.000144108126468884 7.9776593260806708e-05 6.3914918083414996e-06 -3.4816983334431467e-06 3.2038656882944939e-06 4.1115951147386233e-06
leaf_weight=79441 36 25 2687 80 30 28 83 35 434 38 91 22 27 28 20 387 176 22 456 22 20 60 20 36 35 20 918 930 1285 141
leaf_count=79441 36 25 2687 80 30 28 83 35 434 38 91 22 27 28 20 387 176 22 456 22 20 60 20 36 35 20 918 930 1285 141
internal_value=-9.14622e-05 0.000322264 0.000284452 -7.08337e-05 0.000535279 0.000894105 0.00213399 0.0065942 0.00121257 0.00418803 0.00692053 0.0133333 0.00222891 0.00590909 0.0131818 0.000439234 0.000883977 0.00239942 0.00134648 0.00720472 0.00783186 0.00452381 0.0105556 0.0105914 0.00767606 -6.28378e-05 0.000490404 0.000439243 0.0010757 0.00450226
internal_weight=87633 8192 8156 5153 2466 3003 806 138 668 234 151 60 83 55 55 2197 1810 696 583 127 113 105 45 93 71 1114 938 2436 1506 221
internal_count=87633 8192 8156 5153 2466 3003 806 138 668 234 151 60 83 55 55 2197 1810 696 583 127 113 105 45 93 71 1114 938 2436 1506 221
is_linear=0
shrinkage=0.05


Tree=85
num_leaves=31
num_cat=0
split_feature=3 24 16 9 21 35 15 40 32 9 4 21 24 38 21 31 7 41 38 25 36 15 28 22 41 25 21 9 0 4
split_gain=0.640409 0.84524 0.794964 0.791048 0.68043 0.679314 0.648249 1.04785 3.15964 0.664224 1.51667 0.920059 0.803598 0.797781 1.32651 2.19326 1.72279 0.966289 1.39275 1.00833 0.770111 1.32158 1.03361 0.754792 1.05116 0.795165 0.568075 1.08777 0.561294 0.731425
threshold=82353.150000000009 45.582046500000011 0.0011137449162442593 0.00010207493156130398 333.64499999999686 80103.720475000024 0.0010472087786467011 40.318123462770025 -274.70573704959673 0.0021577104234262092 41.650985000000006 18.030000000006115 74.177518600000013 44.45493669989375 2.7300000000032019 79729.430800000016 -0.0011447592787917902 67.639063735654929 39.900469400413954 -0.72083207610302791 1110.7516496967439 0.0015954463076699251 -335.05631145511137 148.03827525 -13.787613705530189 2.2511740758619028 42.105000000003209 0.0035152315854930097 115528.84500000002 4.2700850000000008
decision_type=2 2 2 2 2 2 2 2 2 2 2 2 2 2 2 2 2 2 2 2 2 2 2 2 2 2 2 2 2 2
left_child=1 3 -3 -1 6 -2 7 8 -4 13 -11 -12 -13 14 15 -8 -17 23 19 -19 21 -14 -23 25 -25 -16 27 -24 29 -7
right_child=5 2 4 -5 -6 28 9 -9 -10 10 11 12 20 -15 17 16 -18 18 -20 -21 -22 22 26 24 -26 -27 -28 -29 -30 -31
leaf_value=4.8800907731568853e-06 -1.9484649812765058e-05 -5.8113012452016048e-06 -5.0119903837021319e-06 3.4919673328496965e-05 0.0001252483441619854 -4.1692825570070077e-06 -3.7436367127243928e-05 -1.3377867130513826e-05 6.5881611998326665e-05 4.4239774546997023e-05 -1.419424616703327e-05 3.7156730825164479e-05 6.5622177146855916e-05 -7.2764064836001222e-06 -1.2320076769366848e-05 3.5524500990660552e-05 0.00018160124943845851 4.9818186559925233e-05 6.7941138850558823e-05 -9.5318680975223559e-06 0.00010166839009904286 7.7626550803196285e-05 8.4606579161840634e-05 1.1802771662970479e-05 9.2309038189153296e-05 2.1931541877206497e-05 -2.081310548944861e-05 -1.2910978481167407e-05 -1.1734277912666546e-06 -1.1454754072977166e-07
leaf_weight=46 71 260 38 33 25 301 28 51 29 23 156 20 35 880 262 21 22 20 32 40 35 27 23 350 20 27 213 48 14471 70026
leaf_count=46 71 260 38 33 25 301 28 51 29 23 156 20 35 880 262 21 22 20 32 40 35 27 23 350 20 27 213 48 14471 70026
internal_value=-8.68977e-05 0.000662083 0.000512103 0.00575949 0.000793813 -0.00011129 0.000708332 0.00432203 0.00843283 0.000521471 0.00198276 0.00146319 0.00273067 2.35006e-05 0.00114355 0.00767606 0.0147674 0.000525964 0.00532609 0.000833332 0.00221785 0.00150289 0.000466237 -0.000144159 0.00135135 -0.00205882 -0.000422536 0.0034507 -0.000107197 -4.88445e-05
internal_weight=87633 2764 2685 79 2425 84869 2400 118 67 2282 580 557 401 1702 822 71 43 751 92 60 381 346 311 659 370 289 284 71 84798 70327
internal_count=87633 2764 2685 79 2425 84869 2400 118 67 2282 580 557 401 1702 822 71 43 751 92 60 381 346 311 659 370 289 284 71 84798 70327
is_linear=0
shrinkage=0.05


Tree=86
num_leaves=31
num_cat=0
split_feature=3 21 35 24 20 11 11 22 38 13 4 21 35 7 17 2 9 5 20 20 7 2 18 38 5 16 21 25 21 9
split_gain=0.630689 0.701554 0.680952 0.670848 0.969639 0.706522 0.59008 1.98961 0.653318 1.68243 0.748223 0.730352 1.93921 1.62909 0.730201 0.891035 1.15481 0.92872 0.812452 1.2879 0.740299 0.704868 0.755516 1.17163 1.57871 1.20281 0.965035 0.816711 1.45885 1.39563
threshold=82353.150000000009 333.64499999999686 80103.720475000024 45.582046500000011 32.644999999996806 0.00036139933605100987 0.0076809669386181207 159.56273175000004 44.45493669989375 0.0015507333725988213 148.09624000000002 2.7300000000032019 81458.719050000014 -0.0011219943963782857 0.0026714165272898817 79597.795000000013 -0.0029171321844578975 -0.00017369632109724033 140.86499999999799 73.944999999999723 0.0038182284963771164 82249.99500000001 111.00499999999739 53.72973939807811 0.0017791155279205555 0.0016172760755132404 27.434999999997675 -0.70293946117392836 23.83499999999913 -0.00056836501977602959
decision_type=2 2 2 2 2 2 2 2 2 2 2 2 2 2 2 2 2 2 2 2 2 2 2 2 2 2 2 2 2 2
left_child=1 3 -2 4 5 -1 8 -8 9 11 21 12 -5 -14 20 17 -17 18 19 -16 -13 22 27 24 -24 -25 -27 -10 -29 -30
right_child=2 -3 -4 6 -6 -7 7 -9 10 -11 -12 14 13 -15 15 16 -18 -19 -20 -21 -22 -23 23 25 -26 26 -28 28 29 -31
leaf_value=-2.1443127294723276e-05 -1.8510417322126807e-05 0.00011898592695388615 -3.4712477174961997e-07 -1.2220154683734202e-05 2.9102650892323164e-05 3.9023354756754425e-05 0.00010782830533529501 2.674356003315828e-05 -1.4539286289448112e-05 3.687537534506597e-05 -2.2345381561861978e-05 -1.4190916075342045e-06 1.2929075346082442e-05 0.00010546581089065248 2.7811955309591078e-05 3.263292233121173e-06 6.1540147379431071e-05 -3.9781245393519372e-05 -1.5249858250394064e-05 0.00014662250438545702 5.0095020827229509e-05 3.0784440189792706e-05 6.6705798031727837e-05 -1.6390335424055079e-05 9.5796424300115651e-06 5.3737662090880443e-05 -2.0833060598343667e-05 -1.3792172076630881e-05 -1.0748711157631066e-05 3.8260878468671805e-05
leaf_weight=26 71 25 84798 57 33 20 30 131 355 23 352 672 22 28 63 29 38 80 29 20 22 21 30 64 39 36 46 172 129 172
leaf_count=26 71 25 84798 57 33 20 30 131 355 23 352 672 22 28 63 29 38 80 29 20 22 21 30 64 39 36 46 172 129 172
internal_value=-8.11921e-05 0.000662083 -0.000105399 0.000585979 0.00512658 0.000434781 0.000451127 0.00338509 0.000262104 0.00118652 -0.000444916 0.000896225 0.00481308 0.012 0.000456452 0.00272201 0.00768657 0.000989582 0.00392857 0.00644578 -0.00038905 0.000216164 3.35559e-05 0.00267442 0.00804348 0.000136985 0.00414634 -0.000652175 0.000708244 0.00280731
internal_weight=87633 2764 84869 2739 79 46 2660 161 2499 1083 1416 1060 107 50 953 259 67 192 112 83 694 1064 1043 215 69 146 82 828 473 301
internal_count=87633 2764 84869 2739 79 46 2660 161 2499 1083 1416 1060 107 50 953 259 67 192 112 83 694 1064 1043 215 69 146 82 828 473 301
is_linear=0
shrinkage=0.05


Tree=87
num_leaves=31
num_cat=0
split_feature=21 39 7 39 21 42 21 15 25 11 9 19 9 4 16 32 0 7 35 39 17 0 16 20 5 25 13 18 15 5
split_gain=0.565472 0.780411 1.41702 0.965128 1.35982 0.773284 1.01935 0.807335 0.951452 0.745818 1.9444 1.08482 0.879487 0.725478 1.57295 0.936209 0.723214 0.715025 1.04099 1.11466 0.713283 0.974333 1.09594 1.75809 0.940083 1.47 0.914535 2.64171 0.888942 0.709429
threshold=32.66500000000088 77.922142857144692 -0.0019610183762560096 77.224285714283084 40.434999999997679 -14.130799794821954 30.930000000000295 0.00022648702410518005 -0.36458176070616227 0.0024002200349324911 -0.00047281026758207108 295.7050000000018 0.0035152315854930097 10.746010000000002 0.00040876415500095108 2.8602765562973222 113849.97500000002 -0.0045234860724532667 88509.363900000011 309.72571428571456 0.001763040768441329 83369.575000000012 0.0007770399564187377 7.4800000000032023 0.0012600702935590537 0.29663342392658704 0.0026545249809995152 -24.59000000000378 0.00069337348232065277 0.00024509958267997814
decision_type=2 2 2 2 2 2 2 2 2 2 2 2 2 2 2 2 2 2 2 2 2 2 2 2 2 2 2 2 2 2
left_child=5 2 -2 13 -5 6 7 8 -1 20 -11 16 -13 14 -4 -16 -12 18 19 -7 21 22 23 -9 -24 -26 -23 -28 -25 -19
right_child=1 -3 3 4 -6 17 -8 9 -10 10 11 12 -14 -15 15 -17 -18 29 -20 -21 -22 26 24 28 25 -27 27 -29 -30 -31
leaf_value=-1.0641157484791289e-05 2.0114315441615209e-05 1.4063015217830295e-07 -1.1971214745412063e-05 1.4075590693355716e-05 1.812131863044997e-06 9.3057626203156115e-05 -1.058020072355021e-05 -1.4592542954551771e-06 1.0449215210783669e-05 8.6774046874478074e-05 -1.0971644153408335e-05 1.2273102006627667e-06 0.00015516520624269184 1.5943460866523147e-06 3.9589898040551628e-05 1.1534412621044098e-05 2.5328175291246367e-05 -1.5686903514453311e-06 -2.7243444943713496e-06 3.2586037710436346e-05 -3.5983657375659216e-06 2.4408480399271648e-07 1.5559534365352917e-06 2.1197250463311912e-05 6.9063143921520703e-06 8.6768153258026597e-05 6.3564207821061754e-05 1.6237846036091155e-06 3.2508024186567376e-06 -3.0544675498473499e-07
leaf_weight=21 21 29562 23 23 39 26 425 31 20 23 144 26 30 1516 21 26 24 23807 76 29 1674 12782 344 32 50 30 25 76 20 16687
leaf_count=21 21 29562 23 23 39 26 425 31 20 23 144 26 30 1516 21 26 24 23807 76 29 1674 12782 344 32 50 30 25 76 20 16687
internal_value=-8.11921e-05 8.94932e-05 0.0011414 0.000976941 0.00709677 -0.000175704 0.000121378 0.000188248 0.00719512 0.000169485 0.00289474 0.00147321 0.0075 0.000737704 0.00571428 0.0109574 -0.000535715 -0.000291078 0.00339695 0.00863636 0.0001248 0.000246451 0.00239645 0.0076506 0.00136792 0.00625 0.00016184 0.00490099 0.0132692 -0.000303009
internal_weight=87633 31231 1669 1648 62 56402 15777 15352 41 15311 247 224 56 1586 70 47 168 40625 131 55 15064 13390 507 83 424 80 12883 101 52 40494
internal_count=87633 31231 1669 1648 62 56402 15777 15352 41 15311 247 224 56 1586 70 47 168 40625 131 55 15064 13390 507 83 424 80 12883 101 52 40494
is_linear=0
shrinkage=0.05


Tree=88
num_leaves=31
num_cat=0
split_feature=21 39 7 39 21 4 16 32 21 42 15 25 42 5 35 34 7 25 16 7 31 20 17 23 9 22 38 39 20 41
split_gain=0.566206 0.782789 1.41702 0.965128 1.35982 0.725478 1.57295 0.936209 0.712527 0.77729 0.769064 1.00087 0.748734 0.723198 0.700596 0.928644 2.95575 1.41231 0.916122 0.745564 0.740762 1.19502 1.03044 0.809592 0.69839 0.691848 0.864304 0.755017 0.745153 0.743956
threshold=32.66500000000088 77.922142857144692 -0.0019610183762560096 77.224285714283084 40.434999999997679 10.746010000000002 0.00040876415500095108 2.8602765562973222 31.290000000000877 -14.130799794821954 0.00022648702410518005 -0.35889957014499413 6.4842073559314271 0.0052928230010336691 118087.00900000002 118471.07432445338 0.00083820804704885148 0.83381037612465514 0.0010406386506830873 0.0033689990481379408 116512.18190000001 75.834999999999141 0.00097614873640217506 1.2254324621736934 -0.0071800569093788472 78.538635749999983 52.221334844505343 95.577142857142476 12.224999999998547 71.45695762607788
decision_type=2 2 2 2 2 2 2 2 2 2 2 2 2 2 2 2 2 2 2 2 2 2 2 2 2 2 2 2 2 2
left_child=8 2 -2 5 -5 6 -4 -8 9 10 11 -1 -10 14 19 16 17 -16 -18 20 23 -22 -23 -12 -11 26 28 -27 -3 -28
right_child=1 25 3 4 -6 -7 7 -9 12 24 13 -13 -14 -15 15 -17 18 -19 -20 -21 21 22 -24 -25 -26 27 29 -29 -30 -31
leaf_value=-6.9553587406807258e-06 1.9108599669534448e-05 -3.6323255399077461e-06 -1.1372654008141462e-05 1.3371811158687933e-05 1.7215252698927459e-06 1.5146287823196978e-06 3.7610403138524042e-05 1.0957691989991892e-05 -9.0236884222914846e-06 5.1642081420510794e-05 7.9154007034433482e-07 9.9267544502444852e-06 1.5085638912272302e-07 0.00011679332852482053 -5.2157508156061832e-07 1.6928389420958877e-06 2.6320338267978609e-05 2.6725008178064643e-05 1.382586363419877e-05 -1.2789258845344993e-05 -4.0472269611702806e-06 -6.3779324563065365e-06 3.2632672044825648e-05 -3.8657876841356338e-06 -9.9951784955216063e-07 1.4630645791433073e-05 2.9621252988505202e-06 2.1432075659619756e-06 -1.6234540075016376e-07 -1.3665612406301368e-06
leaf_weight=22 21 4248 23 23 39 1516 21 26 606 22 11487 20 418 26 215 1125 27 35 24 187 849 34 29 1353 39923 20 4345 13471 4827 2651
leaf_count=22 21 4248 23 23 39 1516 21 26 606 22 11487 20 418 26 215 1125 27 35 24 187 849 34 29 1353 39923 20 4345 13471 4827 2651
internal_value=-8.29038e-05 8.78922e-05 0.0011414 0.000976941 0.00709677 0.000737704 0.00571428 0.0109574 -0.000177477 -0.000153311 0.000148058 0.00690476 -0.00148438 0.00012962 0.000115521 0.00117111 0.00363787 0.0014 0.0146078 7.53163e-06 5.01733e-05 -0.00132676 0.00531746 0.000147974 -0.000269747 2.84137e-05 -0.000193206 0.000292416 -0.000515153 0.000224413
internal_weight=87633 31231 1669 1648 62 1586 70 47 56402 55378 15433 42 1024 15391 15365 1426 301 250 51 13939 13752 912 63 12840 39945 29562 16071 13491 9075 6996
internal_count=87633 31231 1669 1648 62 1586 70 47 56402 55378 15433 42 1024 15391 15365 1426 301 250 51 13939 13752 912 63 12840 39945 29562 16071 13491 9075 6996
is_linear=0
shrinkage=0.05


Tree=89
num_leaves=31
num_cat=0
split_feature=0 35 4 25 25 22 31 7 39 38 5 21 21 15 41 19 22 4 7 7 3 35 7 42 11 16 20 9 17 39
split_gain=0.573826 0.775294 1.34215 1.40246 2.00379 1.30806 1.52352 1.04046 0.876088 0.845746 1.73479 0.836265 0.807498 0.767045 0.672003 0.782609 0.642568 1.11012 0.935263 1.3273 1.62738 2.65112 0.942857 0.893519 0.869305 1.66715 0.770844 1.49148 1.2115 1.17103
threshold=115528.84500000002 115287.21792500002 25.007245000000005 -0.3829656992103278 -0.20871591850532858 194.89829775000001 115407.18890000002 0.0010921026943721743 34.290357142858362 26.527924979871425 -0.00014848655749149004 29.95999999999913 71.10999999999332 0.00027089167342635927 -18.02517596141919 59.819999999999716 100.16191299999998 34.541300000000007 0.0010477986650809532 0.00080209775841341929 116790.62000000001 115984.78322500002 0.00087494538781168198 -1.0586325865054886 0.0065167503623274206 0.0012033981540899633 5.4899999999979636 0.00080643614359410601 0.00072136063147256997 110.68535714285984
decision_type=2 2 2 2 2 2 2 2 2 2 2 2 2 2 2 2 2 2 2 2 2 2 2 2 2 2 2 2 2 2
left_child=1 8 3 11 -5 9 12 -8 -1 10 -4 13 -7 -3 15 -6 17 18 19 -2 21 22 -21 -22 26 -26 27 -19 -28 -29
right_child=16 2 5 4 14 6 7 -9 -10 -11 -12 -13 -14 -15 -16 -17 -18 24 -20 20 23 -23 -24 -25 25 -27 28 29 -30 -31
leaf_value=-2.6367884576444784e-06 -1.623777178577289e-06 1.0819345805058643e-05 -5.4457157283806419e-06 1.0946630266640273e-05 6.4688549105641741e-06 -3.9287734501019636e-05 9.5978328456259825e-05 2.2966560012096591e-05 -7.8967354307498379e-08 -5.8273712799398127e-06 3.1040505451166904e-05 2.3885332265306739e-05 4.3704324279020005e-05 7.3582681226011373e-07 1.0147793017564276e-05 -9.5957773923320655e-06 -6.0940604728484632e-06 1.1492441277213757e-07 -9.9686909080600644e-06 2.4923488526636714e-05 1.1820403515375136e-05 3.2776293048615314e-05 -1.1538054743282658e-05 -2.531110831137234e-06 -2.4291655811709861e-05 7.1429636027535716e-05 -6.0971215489585917e-06 2.1114318751267664e-05 1.4016817306340555e-06 1.1565484068469794e-05
leaf_weight=1214 5941 24 67 22 23 35 25 22 70656 680 38 35 38 240 20 23 1812 1318 523 20 128 23 22 162 28 23 905 145 3005 416
leaf_count=1214 5941 24 67 22 23 35 25 22 70656 680 38 35 38 240 20 23 1812 1318 523 20 128 23 22 162 28 23 905 145 3005 416
internal_value=-7.89098e-05 -2.20072e-05 0.00119195 0.00365633 0.00920454 0.00013812 0.005 0.0120213 -4.38303e-05 -0.000605097 0.00357143 0.00202341 0.000479451 0.0010606 0.00484848 0.00152174 -0.000366596 -0.000240542 -0.000673854 -0.000505084 0.00246479 0.00961538 0.00214286 0.000862068 0.00026541 0.0067647 0.000208152 0.00104045 -0.000191817 0.00319964
internal_weight=87633 73162 1292 387 88 905 120 47 71870 785 105 299 73 264 66 46 14471 12659 6819 6296 355 65 42 290 5840 51 5789 1879 3910 561
internal_count=87633 73162 1292 387 88 905 120 47 71870 785 105 299 73 264 66 46 14471 12659 6819 6296 355 65 42 290 5840 51 5789 1879 3910 561
is_linear=0
shrinkage=0.05


Tree=90
num_leaves=31
num_cat=0
split_feature=0 42 1 4 22 24 9 15 42 20 9 0 11 20 13 27 11 7 4 7 21 11 16 38 9 9 19 17 25 5
split_gain=0.576231 0.699948 0.953719 0.938318 0.895998 1.12496 0.963459 1.16167 1.82659 2.08807 1.10101 1.28489 0.884358 0.832455 0.824463 0.853099 0.80447 0.989499 1.60631 0.728139 0.716829 0.9118 0.966544 0.978249 1.00984 1.71364 1.28546 0.894888 0.999841 1.15837
threshold=115528.84500000002 22.769687714746976 115680.49000000001 24.534420000000004 100.16191299999998 53.410191200000007 0.00019730301873439223 0.00027089167342635927 1.6578584609424214 1.0000000180025095e-35 -0.0033981590331435903 118685.75000000001 0.00076850067032699365 104.02500000000147 0.0039314460273985226 115708.09275000001 -0.00063479882402401819 -0.00025804248566943939 13.386910000000002 0.00045940786217958435 1.0000000180025095e-35 0.00063795211467327403 0.00068507807677329767 31.092629218218025 -0.00055424686912478982 -0.00066642397526015754 33.599999999998552 0.00080542010586652989 -0.72660828397716104 -0.00011690797505558369
decision_type=2 2 2 2 2 2 2 2 2 2 2 2 2 2 2 2 2 2 2 2 2 2 2 2 2 2 2 2 2 2
left_child=-1 2 -2 -3 5 6 10 8 -8 -10 11 -4 -11 16 15 19 -9 18 -18 -7 -12 22 23 24 25 -22 -26 -23 -29 -30
right_child=1 3 4 -5 -6 14 7 13 9 12 20 -13 -14 -15 -16 -17 17 -19 -20 -21 21 27 -24 -25 26 -27 -28 28 29 -31
leaf_value=-9.561491414303916e-08 -6.1399429197080863e-06 -9.9229706679240165e-06 9.9991322447109056e-07 -3.1529536484784018e-06 -6.3434257727914388e-06 1.8647327467227519e-06 -1.1207318216535042e-06 -7.4911754878945804e-06 2.1232552708213699e-05 2.3245130954720102e-05 -5.026707739736329e-06 2.5790390777015709e-05 -1.3137421932333229e-05 2.6013938871537057e-05 -2.4912365625848589e-05 3.882268634085062e-06 9.1762893932848094e-06 3.2746903649372137e-07 1.0395073848061744e-05 2.3806417104293038e-05 4.2143986052662984e-06 1.5762799773821018e-06 -4.8158768158970716e-06 -1.9351826320696767e-06 1.3688243859955268e-05 1.3379909270935728e-05 -5.432913925028244e-06 3.0856778220826564e-05 -8.3233061393678435e-06 1.420114350652279e-05
leaf_weight=73162 354 518 53 2653 1147 22 79 336 30 34 975 26 32 35 58 2697 23 1832 99 20 188 222 1171 1611 37 22 109 29 27 32
leaf_count=73162 354 518 53 2653 1147 22 79 336 30 34 975 26 32 35 58 2697 23 1832 99 20 188 222 1171 1611 37 22 109 29 27 32
internal_value=-8.17626e-05 -0.000370052 -0.000185842 -0.00102649 -0.000103235 5.15347e-05 -0.000287062 0.000499999 0.00442857 0.0090625 -0.000724124 0.00512658 0.00409091 0.0002043 0.000899176 0.0010241 8.73351e-05 0.000475946 0.00483606 0.00809524 -0.000828624 -0.00049014 -0.000745699 -6.86336e-05 0.00230337 0.00452381 -0.000890412 0.00209677 0.00636364 0.00262712
internal_weight=87633 14471 11300 3171 10946 9799 7002 2500 175 96 4502 79 66 2325 2797 2739 2290 1954 122 42 4423 3448 3138 1967 356 210 146 310 88 59
internal_count=87633 14471 11300 3171 10946 9799 7002 2500 175 96 4502 79 66 2325 2797 2739 2290 1954 122 42 4423 3448 3138 1967 356 210 146 310 88 59
is_linear=0
shrinkage=0.05


Tree=91
num_leaves=31
num_cat=0
split_feature=21 35 25 22 39 36 17 40 7 2 31 28 9 5 23 23 38 40 39 41 32 16 24 5 25 15 25 42 15 39
split_gain=0.549886 0.759619 1.47283 1.28577 1.62338 0.65676 1.47748 0.728139 0.643267 0.643325 1.55974 1.08079 0.724441 0.746153 0.625594 1.03763 0.821001 0.720607 2.46392 1.1277 1.1504 0.868531 0.602791 1.32732 0.782175 0.740638 0.610299 1.09125 1.21401 1.14441
threshold=119.98500000000787 81458.719050000014 2.4903160815612719 173.29215174999999 276.793571428571 1915.7527786997309 0.0010715719143461473 117.69794701284265 -0.0050444583175174177 99307.485000000015 104454.75530000002 -719.36410732453794 -0.0090781227113223509 -0.0025597514505375204 -0.011465017736669888 1.797103461761701 19.431885990939211 -143.56487427544195 407.90785714285875 109.18153641978761 -470.94856238460483 0.0020116149966142275 309.90815310000011 -0.0035793132699333354 -0.84105262352908239 0.0039044610329373179 -0.057895645037034392 -82.959117651509885 0.0031950776817317099 440.49464285714311
decision_type=2 2 2 2 2 2 2 2 2 2 2 2 2 2 2 2 2 2 2 2 2 2 2 2 2 2 2 2 2 2
left_child=5 2 3 4 -2 8 7 -7 9 14 11 -11 -12 -14 -1 17 -17 21 19 20 -19 -16 25 -24 -25 26 -3 -28 -29 -30
right_child=1 22 -4 -5 -6 6 -8 -9 -10 10 12 -13 13 -15 15 16 -18 18 -20 -21 -22 -23 23 24 -26 -27 27 28 29 -31
leaf_value=-1.1328775750125248e-05 4.9128845789772496e-06 -2.933267312777688e-06 0.00011420381468679714 -3.4944568714538454e-06 8.6375906516860396e-05 1.2229662633420398e-06 -8.4253757427344319e-06 6.0816601857339298e-05 -3.2991328347524426e-07 4.2098720562299927e-06 2.8724192942758167e-05 0.00010808314233615002 -1.5361134365026102e-05 2.0993672193224846e-05 1.9800817507971149e-05 7.5034742834711887e-05 -2.8691224225030463e-05 -1.812244115714472e-05 0.00012689110739818934 -3.6874464216498771e-05 0.00012422839951511659 -1.9636865496660858e-05 0.00024391049468958518 5.2964513227536868e-05 9.7343682040999412e-06 -1.9646033517120955e-05 -1.0993300884549971e-05 8.103037112296443e-06 4.9036861313334453e-05 0.00015849697771883888
leaf_weight=126 35 1269 22 183 20 22 1438 20 80745 25 25 32 100 37 20 36 104 24 20 29 29 76 28 28 230 256 403 2163 54 34
leaf_count=126 35 1269 22 183 20 22 1438 20 80745 25 25 32 100 37 20 36 104 24 20 29 29 76 28 28 230 256 403 2163 54 34
internal_value=-7.49159e-05 0.000449734 0.00307692 0.00193277 0.00863636 -0.000104816 -0.00114865 0.00809524 -8.58439e-05 0.00144217 0.0036758 0.0107895 0.00117284 -0.000255476 0.00038793 0.00150887 -0.00178572 0.00383838 0.0067647 0.00292683 0.00726415 0.000729165 0.000296751 0.00251748 0.00139535 0.00014477 0.000314809 0.000746043 0.00117503 0.00693182
internal_weight=87633 4725 260 238 55 82908 1480 42 81428 683 219 57 162 137 464 338 140 198 102 82 53 96 4465 286 258 4179 3923 2654 2251 88
internal_count=87633 4725 260 238 55 82908 1480 42 81428 683 219 57 162 137 464 338 140 198 102 82 53 96 4465 286 258 4179 3923 2654 2251 88
is_linear=0
shrinkage=0.05


Tree=92
num_leaves=31
num_cat=0
split_feature=34 38 5 19 15 21 0 18 36 19 9 25 7 17 25 23 18 1 18 40 41 35 4 9 5 34 41 11 28 31
split_gain=0.512173 0.677316 0.680677 0.858359 0.828963 0.790264 0.817177 1.10765 1.29774 0.82462 1.21529 1.03545 1.78766 1.13011 0.985089 0.841762 1.28284 0.766912 0.77891 0.620011 1.14121 0.61641 1.12539 0.729189 0.742251 0.698511 1.63713 0.724766 0.805667 0.692064
threshold=105025.84897878319 22.064923495157746 -0.00050101178850206647 92.855000000003216 0.00075104086624047976 0.014999999999417925 89431.690000000017 -57.364999999997956 -2683.5393103999445 134.05500000000032 -0.0037081017899297584 1.4303237025516919 -0.0018624824542373874 0.0012598792363636699 -0.010848714703434089 1.6279309198973653 -227.46499999999648 88180.440000000017 -479.18499999999761 -73.019041481522422 -27.745277075985666 105463.50412500001 17.900120000000005 0.0012232973000976678 -0.00081005066549965504 105252.28070011646 -28.664161288848913 -0.00023476290073875364 -11.627077505050691 105659.61090000001
decision_type=2 2 2 2 2 2 2 2 2 2 2 2 2 2 2 2 2 2 2 2 2 2 2 2 2 2 2 2 2 2
left_child=1 2 5 4 19 -1 17 8 -8 -10 15 13 -13 -12 -15 16 -11 18 -7 -4 -21 22 23 24 -2 26 -26 28 -28 -23
right_child=21 -3 3 -5 -6 6 7 -9 9 10 11 12 -14 14 -16 -17 -18 -19 -20 20 -22 29 -24 -25 25 -27 27 -29 -30 -31
leaf_value=-8.0620228444913777e-06 2.5848518607426497e-05 5.0005711117194766e-08 -7.4372900107442674e-06 -7.1974786790563526e-06 1.3848946105264753e-05 0.00011431624748646496 0.00013190136621620073 3.7953161363160702e-05 -1.125837124797017e-05 5.4806212913150615e-05 -2.392074030735122e-05 8.2659344577890644e-06 6.1599972294035693e-05 4.8824693558631701e-05 4.6943574404736169e-06 -3.0754080155038454e-05 -1.9853841610671881e-05 -3.0894465714956893e-05 9.6029053066831215e-06 1.0296990104304634e-05 -3.1298596225743995e-06 4.9119179324635343e-06 -6.4601896930966678e-06 2.5148325436501217e-05 3.1326401705931842e-05 -7.5914534372687191e-06 -9.8340490457432114e-06 -5.3361008680588051e-06 1.052166469754578e-05 -5.9019917301188996e-07
leaf_weight=83 20 40646 55 419 34 22 26 26 32 30 35 31 21 21 33 72 28 47 331 35 66 1101 1300 24 27 167 52 101 34 42714
leaf_count=83 20 40646 55 419 34 22 26 26 32 30 35 31 21 21 33 72 28 47 331 35 66 1101 1300 24 27 167 52 101 34 42714
internal_value=-7.26336e-05 5.30955e-05 0.0011161 -0.000155995 0.00263158 0.00204057 0.00254967 0.00429577 0.00351064 0.00259076 0.00348708 0.00670213 0.0123077 0.00342697 0.00796296 -1.19209e-09 0.00448276 0.000999999 0.00179887 0.00108974 0.00341584 -0.000188846 -0.00111594 0.00111765 0.000610971 0.000118109 0.00200934 0.000347592 0.00372093 -0.000152346
internal_weight=87633 42093 1447 609 190 838 755 355 329 303 271 141 52 89 54 130 58 400 353 156 101 45540 1725 425 401 381 214 187 86 43815
internal_count=87633 42093 1447 609 190 838 755 355 329 303 271 141 52 89 54 130 58 400 353 156 101 45540 1725 425 401 381 214 187 86 43815
is_linear=0
shrinkage=0.05


Tree=93
num_leaves=31
num_cat=0
split_feature=36 17 16 9 32 11 19 40 11 42 34 19 20 7 11 9 32 15 40 13 0 21 42 36 7 41 39 1 17 15
split_gain=0.501143 0.913411 0.735403 0.786835 0.679177 0.661308 0.678254 0.606466 0.598173 1.2912 1.15329 1.25926 0.648248 0.914473 1.51701 1.2235 1.18018 0.804049 0.587778 0.575396 0.567735 0.49911 0.784864 1.28388 1.09541 0.829127 1.45333 1.04035 1.69362 0.854398
threshold=1915.7527786997309 0.0010715719143461473 0.0051829917889883032 0.0029128495858923706 797.00568057114299 -0.0031507248864821656 78.224999999998559 376.25345822540845 0.00095472170146433742 -9.4580315647797946 90405.968073177457 211.13500000000207 15.004999999997382 0.0017807844825987091 0.0051867300372716377 0.0033635573436442702 899.13248836394644 0.0025406574233327065 127.90749932011387 0.0042271970882861356 85021.180000000008 25.319999999999713 41.128935513907699 826.05405572793836 -0.0050444583175174177 152.5007509434744 231.34535714285659 93376.005000000019 0.0015314409120033995 0.0012321810152890083
decision_type=2 2 2 2 2 2 2 2 2 2 2 2 2 2 2 2 2 2 2 2 2 2 2 2 2 2 2 2 2 2
left_child=4 18 -3 -4 7 -6 -7 21 -8 10 -10 -12 13 20 15 -15 -16 -18 -2 -14 -11 22 -1 24 -24 27 29 28 -25 -27
right_child=1 2 3 -5 5 6 8 -9 9 12 11 -13 19 14 16 -17 17 -19 -20 -21 -22 -23 23 25 -26 26 -28 -29 -30 -31
leaf_value=-3.6650511971984337e-07 -3.6690254422794727e-06 -7.1966371363894783e-06 -2.2521650808299724e-05 0.00014815514182623247 2.9484721258633613e-05 1.2978812329531183e-05 -1.6962693559195448e-05 7.0580998641726528e-05 -6.1494988917403605e-05 8.0547622102606557e-05 5.2029602360928606e-05 0.00012547727465486499 -3.1459472510207161e-05 0.00013053449054464017 7.5338686708749316e-05 2.0158123609357263e-05 -3.3677411046518528e-05 2.6889245659353482e-05 5.7805281723122925e-05 2.0801302314384889e-06 -9.4639054926774385e-06 2.3139477199341983e-07 6.4673573490979961e-05 4.8917743183255428e-05 -7.5271050041972624e-06 1.637324999382546e-05 -1.0665364581043146e-05 -5.6705083252855422e-06 -4.2810210374669676e-05 8.054374723857194e-05
leaf_weight=45387 25 1619 21 30 20 20 203 23 20 20 27 24 52 29 28 23 67 25 20 925 118 35128 30 54 3372 23 24 231 25 20
leaf_count=45387 25 1619 21 30 20 20 203 23 20 20 27 24 52 29 28 23 67 25 20 925 118 35128 30 54 3372 23 24 231 25 20
internal_value=-7.20631e-05 -0.000918369 -0.00110779 0.00480392 -5.51701e-05 0.000965021 0.000850726 -7.45413e-05 0.000733503 0.00111193 0.00767606 0.0116667 0.000749805 0.00274193 0.00517442 0.0123077 0.00208333 -0.000652175 0.00611111 0.000117706 -0.000289856 -7.67564e-05 -0.000179597 -0.000871925 -0.00117872 0.00189655 0.0069403 0.00080645 0.00575949 0.0124419
internal_weight=87633 1715 1670 51 85918 1601 1581 84317 1561 1358 71 51 1287 310 172 52 120 92 45 977 138 84294 49166 3779 3402 377 67 310 79 43
internal_count=87633 1715 1670 51 85918 1601 1581 84317 1561 1358 71 51 1287 310 172 52 120 92 45 977 138 84294 49166 3779 3402 377 67 310 79 43
is_linear=0
shrinkage=0.05


Tree=94
num_leaves=31
num_cat=0
split_feature=22 25 23 23 1 39 11 9 36 17 32 19 40 42 19 23 13 4 13 20 18 39 32 9 0 18 5 22 23 24
split_gain=0.490986 0.601493 1.48492 1.00962 0.820513 0.625744 0.559244 1.13706 0.534459 0.927784 0.635389 0.666442 0.587778 0.57682 1.40045 1.42389 0.642967 0.511251 0.501125 0.483535 0.870743 0.862928 0.969794 1.43733 1.63043 0.526757 0.506814 0.809677 0.484132 0.478203
threshold=477.27365674999993 0.10763787995317053 -0.12990735921116223 -0.38503340408499998 89741.125000000015 422.279285714286 -0.0014533960144336351 -0.0011263538100579706 1915.7527786997309 0.0010715719143461473 797.00568057114299 78.224999999998559 127.90749932011387 -11.246593891307921 127.65499999999885 -0.43683165632984089 0.0034440312431169725 120.28296000000002 -0.0075376701293280324 15.004999999997382 -156.98500000000783 373.90785714285818 899.13248836394644 0.001589056809962253 105317.25000000001 -289.28500000000344 0.0019149107106869003 88.164110750000006 0.39575698475660509 12.915821299999999
decision_type=2 2 2 2 2 2 2 2 2 2 2 2 2 2 2 2 2 2 2 2 2 2 2 2 2 2 2 2 2 2
left_child=8 5 3 -3 -4 -2 7 -7 10 12 29 -12 -10 14 -13 17 -15 -16 -11 20 -18 22 23 -22 -25 -21 27 -24 -29 -1
right_child=1 2 4 -5 -6 6 -8 -9 9 18 11 13 -14 16 15 -17 19 -19 -20 25 21 -23 26 24 -26 -27 -28 28 -30 -31
leaf_value=-2.9703528475442027e-06 0.00010123293698220853 5.791213558077203e-05 -2.0726275037653501e-05 0.00011407947599092969 0.00071524524251426734 -2.0541593137865015e-05 -2.9494352848869974e-05 5.2906133569198478e-05 -3.4855741701654948e-06 3.1825366413310678e-05 1.2329871713054623e-05 4.84071480708413e-05 5.4915017636966782e-05 -2.9790913280599805e-05 -3.5067191025764734e-05 6.717184883455535e-05 -2.6512961713872861e-05 9.5587655870602923e-05 -7.6276590569151043e-06 3.249371618898264e-05 -2.9911988216590853e-05 6.9724733427492769e-05 3.7623983831630484e-05 0.00012286893172427262 3.7821937006562851e-05 -1.0138793507578628e-07 -4.0163726259740601e-05 -6.7635936306608592e-06 4.7736118495493133e-05 -2.2898612020994426e-07
leaf_weight=1038 24 23 78 26 26 37 111 20 25 29 20 22 20 51 62 37 36 20 1576 24 28 31 22 23 46 1009 75 57 22 83015
leaf_count=1038 24 23 78 26 26 37 111 20 25 29 20 22 20 51 62 37 36 20 1576 24 28 31 22 23 46 1009 75 57 22 83015
internal_value=-7.0922e-05 0.00181159 0.00415033 0.0113265 0.00076923 -5.20845e-05 -0.00113095 0.00289474 -7.83625e-05 -0.000969698 -6.1189e-05 0.000930598 0.00611111 0.000814695 0.00386525 0.00172269 0.000512639 -0.00195122 -0.00116823 0.000717406 0.00235294 0.00322368 0.00232601 0.0063402 0.0102174 0.000179089 0.000113635 0.00242574 6.32899e-05 -7.98913e-05
internal_weight=87633 345 153 49 104 192 168 57 87288 1650 85638 1585 45 1565 141 119 1424 82 1605 1373 340 304 273 97 69 1033 176 101 79 84053
internal_count=87633 345 153 49 104 192 168 57 87288 1650 85638 1585 45 1565 141 119 1424 82 1605 1373 340 304 273 97 69 1033 176 101 79 84053
is_linear=0
shrinkage=0.05


Tree=95
num_leaves=31
num_cat=0
split_feature=31 31 24 17 16 17 15 25 20 22 7 19 21 39 42 11 39 42 38 38 22 36 38 15 20 15 24 15 28 42
split_gain=0.463591 1.09316 1.07111 1.25844 1.17425 1.20295 1.97195 1.20695 1.41352 1.27927 1.16313 1.13811 1.17807 0.962791 0.874681 0.822161 0.725158 1.03053 0.76689 1.23758 0.70936 1.05982 0.83319 2.52503 1.15714 0.706883 0.706838 1.32825 1.2011 1.70089
threshold=116663.54230000002 116307.46960000003 58.697082400000006 0.00093095892261379945 0.00087600506818085063 0.00086444663563902161 0.00083214423407834898 -0.33465411393300654 8.7150000000037853 26.989714249999995 -0.0010102259138353108 91.269999999996813 0.48000000000320148 87.436428571428095 22.769687714746976 0.0015660188329452271 40.312142857141488 -20.829874605257483 42.325215943276071 42.868554071891921 93.917089499999989 -700.9380406186973 49.019656306601917 0.0010472087786467011 20.504999999997384 0.0012864502113430893 15.902266400000002 0.00029530826073100952 53.875651628302883 12.085309002022415
decision_type=2 2 2 2 2 2 2 2 2 2 2 2 2 2 2 2 2 2 2 2 2 2 2 2 2 2 2 2 2 2
left_child=1 16 4 -4 5 7 15 -3 11 -10 -5 12 -9 -13 20 -7 17 -1 -19 -20 21 22 -2 24 -24 -16 -21 28 -28 -30
right_child=14 2 3 10 -6 6 -8 8 9 -11 -12 13 -14 -15 25 -17 -18 18 19 26 -22 -23 23 -25 -26 -27 27 -29 29 -31
leaf_value=6.7275700681305185e-06 6.6211269553883981e-06 -2.1321084046024525e-06 2.7831036997355373e-05 3.2884352069614943e-05 -1.1000922096588353e-05 2.2671572118903749e-05 -1.9006996791790148e-05 2.5934216053043267e-05 1.3172655435040196e-05 -8.0386244195213057e-06 -3.2657336270261729e-06 -1.543173170112926e-05 1.4103880955082616e-05 1.7860713082240139e-05 -7.1883299091560644e-06 2.7925722706295834e-05 -5.6515668011436442e-08 -3.5647244217990281e-06 1.760772240015577e-05 -3.5459550200918551e-06 -5.6180184096030811e-06 -3.9731035436628062e-07 -2.0244337142544596e-05 3.8325180408470298e-05 1.4611076310572918e-05 2.3214451997604857e-06 1.871501661247849e-06 -2.5447717377040034e-06 1.2694423018083868e-05 1.1880314893136892e-06
leaf_weight=30 500 158 37 23 142 39 22 20 25 67 60 23 33 20 1976 21 72702 803 31 957 1147 7398 36 30 20 623 235 355 46 54
leaf_count=30 500 158 37 23 142 39 22 20 25 67 60 23 33 20 1976 21 72702 803 31 957 1147 7398 36 30 20 623 235 355 46 54
internal_value=-6.97808e-05 -2.4572e-05 0.00195652 0.00625 0.00105263 0.00235981 0.00780488 0.00106936 0.00377659 -0.000652175 0.00283132 0.00802083 0.0129245 0.00197674 -0.00036232 0.0125 -4.27465e-05 -0.000878137 -0.000989522 -0.000381408 -0.000131969 3.50689e-05 0.00208191 0.00662791 0.000357142 -0.00117161 -0.0005677 0.000652173 0.00291045 0.0075
internal_weight=87633 75903 690 120 570 428 82 346 188 92 83 96 53 43 11730 60 75213 2511 2481 1678 9131 7984 586 86 56 2599 1647 690 335 100
internal_count=87633 75903 690 120 570 428 82 346 188 92 83 96 53 43 11730 60 75213 2511 2481 1678 9131 7984 586 86 56 2599 1647 690 335 100
is_linear=0
shrinkage=0.05


Tree=96
num_leaves=31
num_cat=0
split_feature=0 4 19 11 11 5 38 9 5 24 41 9 13 36 9 9 25 13 39 17 16 13 38 41 21 13 40 32 22 5
split_gain=0.498101 0.658669 0.750226 0.865058 1.2803 1.34392 1.04762 1.00605 0.746298 1.47417 1.57453 0.748337 0.664866 0.649468 0.752088 0.865653 0.645107 0.853398 0.633725 0.715074 1.6575 2.09917 1.16267 0.913538 0.642857 0.609383 0.726362 0.703247 0.564621 0.891017
threshold=115528.84500000002 6.1086550000000006 21.165000000000877 -0.0011954803088391546 -0.0014860233054789544 -1.257886533173249e-05 32.812029520919374 0.00039739239878559162 1.0000000180025095e-35 24.437272800000006 6.2299912980985761 0.00080643614359410601 -4.9770289663135206e-05 -430.83048668498662 0.00064908580907502148 0.00078648288311264814 -0.70888704875971464 -0.0019275150996909459 29.135714285714393 0.00054050996523375024 0.00059020879168834536 0.00057502333325530109 43.223150189116843 -12.895132986206184 0.01000000000203727 0.0021353762347672309 -5.4929146941940408 -29.53441417989961 100.16191299999998 0.0019908910390939844
decision_type=2 2 2 2 2 2 2 2 2 2 2 2 2 2 2 2 2 2 2 2 2 2 2 2 2 2 2 2 2 2
left_child=1 13 3 4 6 -6 -3 16 9 10 -9 12 -11 -1 -15 -16 18 -18 -5 23 21 22 -21 24 -20 26 27 -10 29 -2
right_child=28 2 -4 7 5 -7 -8 8 25 11 -12 -13 -14 14 15 -17 17 -19 19 20 -22 -23 -24 -25 -26 -27 -28 -29 -30 -31
leaf_value=8.3658451540475919e-06 -6.704059219172333e-07 1.087115417648401e-05 -9.6900244700932124e-08 1.4098341059485732e-05 1.3982870122581161e-05 5.0629216760528656e-06 -1.5376507940993245e-05 2.0674014719805973e-05 -6.3210329531186497e-07 -2.6774411024483043e-06 5.3677202527877005e-06 -2.5413047295048763e-05 2.6443044453296032e-05 -5.1062371264380597e-06 2.6492254963549811e-05 -7.1576754602121415e-07 1.4971392060187512e-05 -4.4579317051742841e-06 -9.8665969157806049e-06 1.0436258998030128e-05 -8.1925633643574485e-06 1.4760206961823104e-05 -1.6361481201271509e-05 -1.2642899625671105e-05 2.8269121367060983e-05 2.3149632986564397e-05 -4.539840128974093e-06 1.7823145220121497e-05 -5.3417446011941174e-06 1.7329167840312632e-05
leaf_weight=20 12454 21 71040 24 21 23 33 21 22 21 25 25 20 746 31 51 22 543 28 27 69 20 35 102 28 21 103 20 1812 205
leaf_count=20 12454 21 71040 24 21 23 33 21 22 21 25 25 20 746 31 51 22 543 28 27 69 20 35 102 28 21 103 20 1812 205
internal_value=-7.0922e-05 -1.79067e-05 -1.66062e-06 0.00120094 0.00571428 0.0120455 0.000555554 0.000824829 0.00345324 0.00660714 0.0134783 0.00181818 0.00597561 -0.0014033 -0.00161836 0.00292683 1.11347e-05 -0.0010177 0.00175676 0.00114887 0.00360927 0.00841463 0.00387097 -0.00120253 0.00392857 0.0013253 0.000172413 0.00571428 -0.000338955 -0.000220793
internal_weight=87633 73162 72314 1274 98 44 54 1176 278 112 46 66 41 848 828 82 898 565 333 309 151 82 62 158 56 166 145 42 14471 12659
internal_count=87633 73162 72314 1274 98 44 54 1176 278 112 46 66 41 848 828 82 898 565 333 309 151 82 62 158 56 166 145 42 14471 12659
is_linear=0
shrinkage=0.05


Tree=97
num_leaves=31
num_cat=0
split_feature=20 24 4 42 25 21 25 7 25 25 36 20 19 5 20 15 9 22 40 13 9 22 9 41 11 23 20 17 28 5
split_gain=0.43143 1.11575 0.698465 0.622992 0.875022 0.740284 1.2043 1.61044 0.818162 0.823529 0.667902 0.93035 0.76066 2.76594 1.42316 0.935334 0.86137 0.721125 0.604492 0.899196 1.07289 1.36514 0.958613 0.853712 1.23599 0.889751 0.865522 0.775255 0.789739 1.25952
threshold=22.665000000000877 14.769227300000003 15.699295000000001 40.207845535295114 -1.3520362054315342 175.98499999999333 -0.42343830915464142 0.00058395088018822771 0.50567745606974557 0.80560934892750047 1245.9627991189629 23.485000000000586 106.19499999999972 0.0004786829367832725 47.254999999997388 0.001095164034529861 0.00014222786531323597 60.502994249999986 180.74661570477477 0.0099018199684971012 0.00018330290070729777 33.310690750000006 1.3362447784846109e-05 32.234171706434573 0.0057370663048559156 0.18184602274283065 128.19499999999974 0.0011515360906003368 295.5420867043286 -0.0010244751469867172
decision_type=2 2 2 2 2 2 2 2 2 2 2 2 2 2 2 2 2 2 2 2 2 2 2 2 2 2 2 2 2 2
left_child=-1 -2 -3 10 -5 18 7 -7 -8 -10 -4 -12 13 14 -13 16 -16 -14 19 20 21 -6 -21 25 -25 26 -24 -20 29 -29
right_child=1 2 3 4 5 6 8 -9 9 -11 11 12 17 -15 15 -17 -18 -19 27 22 -22 -23 23 24 -26 -27 -28 28 -30 -31
leaf_value=-4.5143709174537344e-07 -8.0213485706556107e-06 -3.2689697927318022e-06 1.1465978595126478e-06 3.6978299870238142e-05 1.9479579087781126e-05 -4.1835124192656669e-05 -4.8961544214754222e-05 6.9547855174515813e-05 8.8894891872729254e-05 8.5944485444589141e-06 3.7714014037470071e-05 -1.4271663607095217e-05 -1.5362461052352742e-05 0.00012436963271945941 3.5756725299532857e-05 -6.5153368580831666e-06 2.0383474091524947e-05 -4.2879171365929091e-06 1.3216188990377161e-05 -5.4907088179070472e-05 -8.0423977204621247e-06 9.3316686070081037e-07 1.8012767536799667e-05 -3.8692340035619021e-05 4.9830420848250321e-05 -2.1855763732218516e-05 9.0820095481308069e-05 9.6667008585067053e-05 -4.6233764504263443e-06 -2.1560932939919376e-05
leaf_weight=48462 195 1451 28773 25 23 21 93 23 24 102 25 202 153 24 26 29 29 1907 285 42 3059 1140 76 21 29 78 34 42 1212 28
leaf_count=48462 195 1451 28773 25 23 21 93 23 24 102 25 202 153 24 26 29 29 1907 285 42 3059 1140 76 21 29 78 34 42 1212 28
internal_value=-6.86397e-05 5.47587e-05 7.36339e-05 0.000115255 -0.000335851 -0.000372711 0.00222433 0.00977273 0.000707761 0.00333333 0.000207263 -0.000594991 -0.000696204 0.0016129 0.000244754 0.00571428 0.00954545 -0.00104369 -0.000485254 -0.000779655 -0.000961631 0.000331039 0.00196428 0.00319328 0.009 0.00164893 0.00454545 0.00036056 -0.000163808 0.005
internal_weight=87633 39171 38976 37525 6357 6332 263 44 219 126 31168 2395 2370 310 286 84 55 2060 6069 4502 4222 1163 280 238 50 188 110 1567 1282 70
internal_count=87633 39171 38976 37525 6357 6332 263 44 219 126 31168 2395 2370 310 286 84 55 2060 6069 4502 4222 1163 280 238 50 188 110 1567 1282 70
is_linear=0
shrinkage=0.05


Tree=98
num_leaves=31
num_cat=0
split_feature=19 18 4 28 25 36 23 16 42 42 27 22 39 39 22 36 20 24 36 13 38 20 41 18 15 17 16 9 11 16
split_gain=0.415204 1.08623 1.39265 1.19191 1.16741 1.28132 1.08482 0.995383 0.899366 1.26759 1.08187 1.03529 1.89804 0.740014 1.00321 1.04197 1.40817 0.601525 0.582616 0.67087 0.848169 0.660427 0.553294 0.540443 0.568643 0.487343 0.624385 1.18777 1.19 1.18699
threshold=11.739999999997965 1.0000000180025095e-35 10.048955000000001 79.951640135412177 -0.32162580433598847 127.08019933776815 -0.54857829019802373 0.00054421623751931523 -10.945911355911379 -15.240809489320498 107233.53475000002 19.130133499999989 25.541785714285137 34.290357142858362 16.02377925 260.79333890854474 0.01000000000203727 24.437272800000006 -166.95842739492943 -7.768866394438678e-05 54.588075177427406 7.2600000000020382 -26.853099014869375 61.209999999999134 0.00044652324001675739 0.00031462982808675842 0.00037960798280198754 -0.0012224921679111255 -0.0017041760824107164 0.00035569861651992544
decision_type=2 2 2 2 2 2 2 2 2 2 2 2 2 2 2 2 2 2 2 2 2 2 2 2 2 2 2 2 2 2
left_child=1 2 3 -1 5 6 -4 8 9 -3 11 12 -10 14 23 17 -17 18 -16 -20 -21 -22 -12 24 -2 -15 27 29 -29 -27
right_child=13 7 4 -5 -6 -7 -8 -9 10 -11 22 -13 -14 25 15 16 -18 -19 19 20 21 -23 -24 -25 -26 26 -28 28 -30 -31
leaf_value=-5.6704645803132946e-06 -4.7544186728366192e-06 3.8806494346929891e-06 1.1511669709038834e-05 8.4695921712513179e-06 -1.141793042658851e-06 -5.5055700817940591e-06 2.4096662226223847e-05 -9.0647904063548062e-06 4.2565101624644169e-05 1.2111107839012432e-05 9.3879305891608535e-06 3.5498202713299039e-05 -4.6735162478297177e-07 -4.7529019310179022e-06 7.8006030339663922e-07 1.8616402441347526e-05 -3.8028968594190236e-06 -1.4188689875898782e-05 -3.0463930104437627e-06 5.7565839105440318e-06 -2.9442523172421782e-06 9.090360076673923e-06 -1.8501882144065365e-07 8.0006042335882293e-06 8.9724969291484936e-06 1.62308653284908e-06 -2.3632794644636147e-07 1.3056029394088051e-05 8.5939910793711905e-07 2.3740386981745408e-05
leaf_weight=419 831 24 32 20 98 27 24 57 20 30 28 20 48 442 22 23 29 53 88 36 76 25 191 33 25 25 82620 24 2220 23
leaf_count=419 831 24 32 20 98 27 24 57 20 30 28 20 48 442 22 23 29 53 88 36 76 25 191 33 25 25 82620 24 2220 23
internal_value=-6.92103e-05 0.000924854 -0.000403227 -0.00192483 0.00328729 0.0076506 0.0119643 0.00289474 0.00386426 0.00981481 0.00281759 0.0075 0.00455882 -8.1126e-05 -0.00129331 0.000965908 0.0075 -0.000166668 0.000870444 0.00011111 0.00229927 -4.95061e-05 0.000936072 -0.00218785 -0.00242991 -6.35014e-05 -5.48815e-05 0.000759161 0.00059269 0.00854167
internal_weight=87633 1038 620 439 181 83 56 418 361 54 307 88 68 86595 1241 352 52 300 247 225 137 101 219 889 856 85354 84912 2292 2244 48
internal_count=87633 1038 620 439 181 83 56 418 361 54 307 88 68 86595 1241 352 52 300 247 225 137 101 219 889 856 85354 84912 2292 2244 48
is_linear=0
shrinkage=0.05


Tree=99
num_leaves=31
num_cat=0
split_feature=24 16 22 18 22 16 42 25 21 21 28 32 11 19 23 9 13 22 22 16 7 22 0 38 0 35 25 19 21 18
split_gain=0.488097 0.936146 0.896251 0.971966 0.867279 0.485519 0.594233 1.48867 0.528261 0.562351 0.445979 0.715981 1.2 0.426285 0.752692 1.28745 0.730881 0.64333 0.912417 1.45037 1.08358 0.556544 0.755201 0.507674 0.466663 0.968988 1.8691 0.876042 0.916395 0.524779
threshold=12.915821299999999 0.0004158522024150728 11.33975249999998 -16.904999999998832 11.33975249999998 0.00038696699619135969 -8.2706131234012421 -0.57114095016634359 14.6449999999968 0.01000000000203727 -20.210827404604057 -10.793034113004977 -1.0000000180025095e-35 7.8499999999985457 -0.54857829019802373 0.00029717803676779914 -0.00042975891736594528 11.33975249999998 15.273066749999989 0.00028701812116237218 -0.00024593453776276147 13.58556125 115723.18000000001 32.812029520919374 115239.99500000001 116887.78785000001 0.52580382920737534 461.02000000000413 54.61499999999797 1.0000000180025095e-35
decision_type=2 2 2 2 2 2 2 2 2 2 2 2 2 2 2 2 2 2 2 2 2 2 2 2 2 2 2 2 2 2
left_child=1 4 -3 -4 5 6 7 -1 9 10 -8 12 -12 14 16 21 23 -18 -19 -20 -21 -16 -23 -2 25 -15 27 28 -27 -26
right_child=13 2 3 -5 -6 -7 8 -9 -10 -11 11 -13 -14 24 15 -17 17 18 19 20 -22 22 -24 -25 29 26 -28 -29 -30 -31
leaf_value=1.9516568354707465e-05 5.7276282455464022e-06 1.1907070082120374e-05 3.211755466379206e-06 -1.0660488925960613e-05 -7.1521617503566985e-06 5.8816358698013052e-06 -5.1225636525708152e-06 -2.5779804069070728e-06 2.1028573537901639e-05 -6.4919312826818347e-06 1.7814388465531856e-05 -3.0600368535328393e-06 -8.3053270818686384e-06 -8.1883925156579003e-08 -1.1458098525713924e-05 2.5260551155900814e-05 7.4049170512326428e-06 -3.0193504440892278e-06 1.1301006066249295e-05 1.755133228135865e-05 -6.4389364938099172e-06 1.3259349531126972e-05 -8.5208928428639e-06 -1.2899207640220813e-05 -1.7479970121605197e-06 -3.0591726471301047e-07 0.00055553959005080961 -6.3738308030424076e-05 6.2037338322517966e-05 -9.5338386096340509e-08
leaf_weight=20 35 29 37 70 328 21 70 43 30 131 20 199 40 70767 32 29 24 62 27 27 110 39 29 86 7692 31 22 33 22 7528
leaf_count=20 35 29 37 70 328 21 70 43 30 131 20 199 40 70767 32 29 24 62 27 27 110 39 29 86 7692 31 22 33 22 7528
internal_value=-6.86397e-05 -0.00114644 0.00272059 0.000607475 -0.00172949 -0.000557492 -0.000840869 0.00373016 -0.00142857 -0.00184783 -0.000744682 0.000212354 0.005 -5.57203e-05 0.0014 0.00468992 0.000256063 0.0018 0.00097345 0.00292683 0.000839415 0.002 0.00455882 -0.00293389 -6.41745e-05 -1.02305e-05 0.00472222 0.00139535 0.00537736 -0.000315376
internal_weight=87633 1038 136 107 902 574 553 63 490 460 329 259 60 86595 500 129 371 250 226 164 137 100 68 121 86095 70875 108 86 53 15220
internal_count=87633 1038 136 107 902 574 553 63 490 460 329 259 60 86595 500 129 371 250 226 164 137 100 68 121 86095 70875 108 86 53 15220
is_linear=0
shrinkage=0.05


Tree=100
num_leaves=31
num_cat=0
split_feature=24 16 20 19 23 22 16 42 21 21 41 40 25 40 7 9 36 20 15 40 11 18 22 11 13 36 39 22 35 0
split_gain=0.446431 0.745644 0.74988 0.71995 1.01074 0.71096 0.485519 0.548757 0.576097 0.548541 0.424346 1.08313 0.964405 0.6 0.402694 1.75814 0.754046 0.642204 1.46203 1.34251 0.964732 0.8706 0.689194 0.846354 1.0413 0.602463 0.873363 0.625 0.581254 0.738038
threshold=12.915821299999999 0.0004158522024150728 8.3199999999997107 87.70500000000176 -0.44992762523509877 11.33975249999998 0.00038696699619135969 -11.851325654699453 14.6449999999968 0.01000000000203727 -19.727309600293587 -0.9236890847023459 -0.12058326286055059 -8.2981021964296797 0.0050162965624946871 0.00063160600186571651 -1144.1773763833478 90.60499999999594 0.0018805698404887859 504.57354412486899 -0.00057098661120702759 268.57500000000442 95.055474499999988 0.0033548686829722256 0.0099018199684971012 1915.7527786997309 125.09428571428676 59.588514500000009 84873.415525000033 89651.115000000005
decision_type=2 2 2 2 2 2 2 2 2 2 2 2 2 2 2 2 2 2 2 2 2 2 2 2 2 2 2 2 2 2
left_child=1 5 3 4 -3 6 7 -1 9 10 -9 12 13 -12 25 -16 -17 22 21 20 -20 -19 23 -18 -25 -2 27 -27 -28 -30
right_child=14 2 -4 -5 -6 -7 -8 8 -10 -11 11 -13 -14 -15 15 16 17 18 19 -21 -22 -23 -24 24 -26 26 28 -29 29 -31
leaf_value=1.324645401014754e-05 -1.7219063541416246e-07 -6.1573975323864296e-06 -6.1343437949654813e-06 -6.9099653323659478e-06 1.187439520683279e-05 -6.7945536628388633e-06 5.5875540763112392e-06 -8.1888880470654443e-06 1.9197484859803117e-05 -6.2881361645434422e-06 -7.6666156952737588e-06 -3.0955980180862642e-06 1.3353581069530283e-05 1.2880327358049361e-05 0.00013582260172012201 -2.2492344461946174e-05 8.114995398019755e-05 3.2676794787918872e-05 6.7838217537404767e-05 0.00015152255019952121 -4.5885908517066274e-06 4.8655298522281236e-05 -6.3234524704485398e-06 -1.6624832610996776e-05 7.2581630821929349e-05 -1.8766236740249403e-06 -3.4819729960312749e-05 5.5614540117345373e-05 6.8687735231666918e-05 -4.4450754976421598e-06
leaf_weight=27 84012 22 54 21 39 328 21 65 35 140 40 193 29 24 27 239 24 21 23 30 224 25 312 82 22 20 218 20 23 1273
leaf_count=27 84012 22 54 21 39 328 21 65 35 140 40 193 29 24 27 239 24 21 23 30 224 25 312 82 22 20 218 20 23 1273
internal_value=-6.74986e-05 -0.00109827 0.00235294 0.00536585 0.00811475 -0.00161863 -0.000557492 -0.000840869 -0.00119772 -0.00163951 -0.000584047 0.000244754 0.00467742 0.00125 -5.51429e-05 0.000928084 0.000588821 0.00135649 0.00304953 0.0016787 0.000465586 0.0113043 0.000113635 0.00320312 0.00125 -6.6967e-05 -0.00104247 0.00625 -0.00123514 -0.000833335
internal_weight=87633 1038 136 82 61 902 574 553 526 491 351 286 93 64 86595 1029 1002 763 323 277 247 46 440 128 104 85566 1554 40 1514 1296
internal_count=87633 1038 136 82 61 902 574 553 526 491 351 286 93 64 86595 1029 1002 763 323 277 247 46 440 128 104 85566 1554 40 1514 1296
is_linear=0
shrinkage=0.05


Tree=101
num_leaves=31
num_cat=0
split_feature=38 36 9 15 42 1 15 22 23 25 4 0 39 11 9 36 39 22 24 18 38 21 5 18 42 1 41 13 15 21
split_gain=0.427828 0.662336 0.976014 1.12627 1.68961 0.696921 0.640874 0.421232 0.526612 1.06547 1.10771 0.765044 0.621924 0.578597 1.14583 0.400063 0.826246 0.625 0.50293 0.735229 0.744121 0.960692 1.08171 1.84557 0.848381 0.785873 0.576858 0.644137 0.625834 0.521911
threshold=10.29761642883898 -123.9205351359269 -0.0029171321844578975 0.0011840492763834057 -63.515845344531911 115874.09000000001 0.0024763623206002215 477.27365674999993 0.84994205792051725 0.10763787995317053 459.23774000000009 86264.220000000016 422.279285714286 -0.0014533960144336351 -0.0023010036851710018 1915.7527786997309 125.09428571428676 59.588514500000009 110.44749340000003 -148.30499999999299 62.302662246880637 34.420000000005537 0.0017791155279205555 61.209999999999134 70.035832898618295 91681.295000000027 138.73046969467245 -0.0052550812303451761 0.00075956090497767564 20.315000000002332
decision_type=2 2 2 2 2 2 2 2 2 2 2 2 2 2 2 2 2 2 2 2 2 2 2 2 2 2 2 2 2 2
left_child=1 2 3 4 -1 -4 -5 15 9 12 -11 -12 -9 14 -14 -2 17 -17 19 -18 -21 25 23 24 -23 -22 -20 -28 -29 -30
right_child=7 -3 5 6 -6 -7 -8 8 -10 10 11 -13 13 -15 -16 16 18 -19 26 20 21 22 -24 -25 -26 -27 27 28 29 -31
leaf_value=7.5958934379642717e-05 -1.8147037043358199e-07 6.810223524779852e-06 -7.642200432626431e-06 -2.7851482256616211e-05 -1.7625536130877969e-06 1.4799570203298589e-05 9.3097346055008074e-05 9.7007257680623436e-05 -7.3765749709452975e-05 0.00013999907251907345 -1.4089175164138231e-05 0.00019155407812268508 -1.9731214454508925e-05 -2.7585316106833598e-05 5.9056261137201955e-05 -1.7827924903236896e-06 6.2750148258219524e-05 5.2833813111478112e-05 -2.1862010796415206e-05 -1.2270694430506491e-05 3.4158244946148617e-05 -5.0187196814212867e-06 -9.8925955202080863e-05 5.6327043473513294e-05 8.0298201854618384e-05 -2.0466777095597306e-05 3.4490200061674302e-05 3.8788154072758677e-05 7.4928295907826678e-07 -1.1801029296708491e-05
leaf_weight=25 85295 39 119 83 21 31 34 24 27 21 53 44 31 111 25 20 20 20 175 58 20 41 24 36 20 114 32 20 337 713
leaf_count=25 85295 39 119 83 21 31 34 24 27 21 53 44 31 111 25 20 20 20 175 58 20 41 24 36 20 114 32 20 337 713
internal_value=-6.35047e-05 0.00167614 0.000910542 0.00358896 0.0102174 -0.002 0.000982905 -7.05205e-05 0.00169643 0.00228155 0.00601695 0.00376289 -2.61792e-05 -0.00110779 0.00303571 -7.73489e-05 -0.000848486 0.00625 -0.00102485 0.000705705 0.00011182 0.00127451 0.00450413 0.00685567 0.00155738 -0.00164179 -0.00147612 -0.00105263 -0.00126168 -0.00142857
internal_weight=87633 352 313 163 46 150 117 87281 336 309 118 97 191 167 56 86945 1650 40 1610 333 313 255 121 97 61 134 1277 1102 1070 1050
internal_count=87633 352 313 163 46 150 117 87281 336 309 118 97 191 167 56 86945 1650 40 1610 333 313 255 121 97 61 134 1277 1102 1070 1050
is_linear=0
shrinkage=0.05


Tree=102
num_leaves=31
num_cat=0
split_feature=36 16 7 20 41 21 22 17 21 15 19 34 16 38 4 35 38 36 4 1 13 9 31 32 36 23 20 42 25 21
split_gain=0.471788 0.808858 0.607404 0.861201 0.903922 1.25477 1.06206 0.489241 0.727006 1.07155 1.30349 1.60932 0.905571 0.838887 1.28926 0.778393 1.79551 1.03945 0.884927 0.829718 0.771834 0.68105 1.02667 1.83179 0.902136 0.633622 0.616284 1.05896 0.499601 0.584401
threshold=1915.7527786997309 0.00072775488400715724 0.0035844069666684671 83.894999999996813 176.55159300626465 13.995000000002621 230.8376055 0.0029806971072652644 4.5199999999967995 0.0021311556234499987 316.20000000000442 86098.818794130522 0.002460957554900649 67.814018919707493 80.100530000000006 92633.612949999995 27.780207670901778 1001.1411239504451 115.98500000000001 83723.355000000025 -0.0062986768581376239 -0.0071800569093788472 81902.662400000016 -1229.9497690938076 514.73798786249256 0.6081585451125564 32.955000000001753 47.234261650505815 0.83381037612465514 98.555000000000305
decision_type=2 2 2 2 2 2 2 2 2 2 2 2 2 2 2 2 2 2 2 2 2 2 2 2 2 2 2 2 2 2
left_child=7 -2 -3 -4 -5 -6 -7 21 25 10 13 -12 -13 20 -15 17 -17 28 -18 -19 -10 22 23 -1 -24 -9 -22 -28 29 -11
right_child=1 2 3 4 5 6 -8 8 9 15 11 12 -14 14 -16 16 18 19 -20 -21 26 -23 24 -25 -26 -27 27 -29 -30 -31
leaf_value=-5.7308275653471675e-05 2.2649051464984746e-05 -6.2952092489397966e-06 -8.3106257095394029e-06 -3.2090761155887498e-05 -5.4742350450810636e-05 0.00014519125230098729 6.4080220878609792e-05 -3.2603791917385528e-05 2.2691369407674938e-05 -6.7518223134059975e-06 0.00012519913058277307 -5.8111242611526056e-05 0.00010934981078070891 5.6530561796230307e-05 -4.6943654595703164e-05 0.00018932111022942666 2.8075030371780806e-05 9.3572600212289136e-05 1.5513152024562759e-06 2.1166781962238329e-05 -3.1693339922942045e-05 -2.1571028465178845e-07 5.5070813896535845e-06 8.7135043473989828e-05 8.9446523677413184e-05 5.8511907620017137e-05 -8.2762356872195092e-07 1.8032455898114917e-05 -5.6122350550373427e-05 2.1729407098880249e-05
leaf_weight=24 22 1436 132 22 38 32 33 172 31 627 30 25 22 20 21 20 26 21 173 60 95 83355 408 23 22 24 68 20 138 493
leaf_count=24 22 1436 132 22 38 32 33 172 31 627 30 25 22 20 21 20 26 21 173 60 95 83355 408 23 22 24 68 20 138 493
internal_value=-6.80692e-05 -0.000889214 -0.001013 0.00122568 0.0042 0.00616505 0.0103846 -5.16784e-05 0.000704697 0.00100529 0.00358434 0.00928571 0.00351064 0.00186274 0.00841463 0.000455711 0.00321918 3.73294e-06 0.00178392 0.00549383 0.000607475 -7.04993e-05 0.00181342 0.00882979 0.00104651 -0.00219388 -0.000628416 0.00238636 -0.000349763 -1.19209e-09
internal_weight=87633 1715 1693 257 125 103 65 85918 2086 1890 332 77 47 255 41 1558 219 1339 199 81 214 83832 477 47 430 196 183 88 1258 1120
internal_count=87633 1715 1693 257 125 103 65 85918 2086 1890 332 77 47 255 41 1558 219 1339 199 81 214 83832 477 47 430 196 183 88 1258 1120
is_linear=0
shrinkage=0.05


Tree=103
num_leaves=31
num_cat=0
split_feature=36 16 9 24 18 24 21 0 4 15 4 42 7 17 15 5 5 42 42 40 39 23 34 15 16 36 20 21 15 11
split_gain=0.38016 0.794073 0.559007 1.05307 0.993702 0.983179 0.88332 1.00833 0.714327 1.01308 0.625 0.449394 0.85982 1.06522 0.707204 1.17404 0.680541 1.69739 1.22544 1.07654 1.06531 1.01358 0.977119 1.0019 1.5 0.976182 1.10392 1.23743 1.12181 1.09529
threshold=1915.7527786997309 0.00072775488400715724 0.002324543451631507 233.44938120000003 48.075000000004373 144.66000680000002 95.170000000005544 92080.170000000013 231.65627000000003 0.0043649083500650046 242.98661000000001 -15.563507124693382 0.0073794308974403167 0.0034029040581870155 0.00027089167342635927 -1.0000000180025095e-35 0.00021179180733490403 -5.942221965762946 -2.3724433349329082 71.137605637624816 309.72571428571456 3.1701420054664418 107026.2562961653 0.00020156790629902922 0.000243547540037346 187.87359338423997 2.7949999999982542 55.909999999996224 0.00024372037112565845 0.0013631332844315834
decision_type=2 2 2 2 2 2 2 2 2 2 2 2 2 2 2 2 2 2 2 2 2 2 2 2 2 2 2 2 2 2
left_child=11 -2 -3 5 -5 6 -4 -8 -6 -10 -9 12 14 -14 15 -1 18 19 -13 -18 -21 22 23 24 -20 29 27 28 -27 -19
right_child=1 2 3 4 8 -7 7 10 9 -11 -12 16 13 -15 -16 -17 17 25 21 20 -22 -23 -24 -25 -26 26 -28 -29 -30 -31
leaf_value=2.4747129240703401e-07 2.1516598891735509e-05 -7.5719569794378809e-06 -1.3703977846220337e-06 -1.4589664528129356e-05 4.8637734717686208e-05 -3.2086310273726753e-05 -2.0727282927681141e-05 1.6912265209149621e-05 -1.070991626117674e-05 0.00013796744450584935 8.9776703148811246e-05 -1.991509302204306e-06 0.00013940877549869219 -5.9670712037682738e-05 2.8781023685561783e-07 7.0939182192962888e-06 4.8994844186542545e-06 2.2462518826018307e-07 -4.7702295999093034e-06 -4.8125733073810337e-06 7.6596514942871313e-05 -8.5987495764818438e-06 -9.9877660187760131e-07 8.7187855790389851e-07 2.0727726860312448e-05 2.5494885670620048e-05 -2.6457048286587466e-07 3.1053734124294662e-05 2.8846320495674015e-06 -5.5927337530653746e-06
leaf_weight=103 22 1123 191 36 22 205 20 20 34 22 20 9985 23 23 25170 28 3005 6485 27 636 24 208 12170 13419 27 20 6531 387 2124 5523
leaf_count=103 22 1123 191 36 22 205 20 20 34 22 20 9985 23 23 25170 28 3005 6485 27 636 24 208 12170 13419 27 20 6531 387 2124 5523
internal_value=-6.46458e-05 -0.00080175 -0.000924396 0.000350876 0.00464912 -0.000723685 0.0013745 0.00666667 0.00782051 0.00482143 0.01125 -4.99325e-05 0.000126838 0.00695652 0.000114421 0.00377862 -0.000123905 7.78238e-05 -0.000263144 0.00107094 -0.000757577 -8.14294e-05 -5.32321e-05 0.000240109 0.00703704 -9.49229e-05 0.000296843 0.00118333 0.000713618 -0.000390574
internal_weight=87633 1715 1693 570 114 456 251 60 78 56 40 85918 25347 46 25301 131 60571 24735 35836 3665 660 25851 25643 13473 54 21070 9062 2531 2144 12008
internal_count=87633 1715 1693 570 114 456 251 60 78 56 40 85918 25347 46 25301 131 60571 24735 35836 3665 660 25851 25643 13473 54 21070 9062 2531 2144 12008
is_linear=0
shrinkage=0.05


Tree=104
num_leaves=31
num_cat=0
split_feature=36 16 38 28 17 0 0 24 21 24 39 26 20 9 20 20 7 20 18 7 19 21 39 0 25 16 41 18 42 42
split_gain=0.408994 0.798986 0.522383 0.78755 0.66468 0.56574 0.796224 0.434612 0.831628 1.22058 0.725926 0.71243 0.568528 0.625 0.479352 1.42332 0.445596 0.422974 1.28991 0.52049 0.730446 1.07381 0.400283 0.991053 1.19481 0.802747 0.792698 0.575862 0.512635 0.720099
threshold=1915.7527786997309 0.00072775488400715724 62.302662246880637 174.13160973804773 0.0034029040581870155 85841.240000000005 93253.980000000025 144.66000680000002 55.909999999996224 129.14396790000004 220.66035714285735 110487.62717606455 74.874999999992738 0.0032329481997699825 40.455000000001753 31.995000000002623 -0.0012385616300675678 41.775000000001462 153.44000000000236 -0.0011447592787917902 305.21499999999656 37.735000000000589 34.290357142858362 117388.31000000001 -0.44620980752096145 0.00042998248833162604 -38.523514864164987 76.594999999993902 -2.6261690085004044 -10.653616362335892
decision_type=2 2 2 2 2 2 2 2 2 2 2 2 2 2 2 2 2 2 2 2 2 2 2 2 2 2 2 2 2 2
left_child=22 -2 17 -4 7 -6 -7 8 -5 10 11 -10 -12 -14 15 16 -9 -3 19 20 21 -19 23 25 -25 26 -1 28 29 -28
right_child=1 2 3 4 5 6 -8 14 9 -11 12 -13 13 -15 -16 -17 -18 18 -20 -21 -22 -23 -24 24 -26 -27 27 -29 -30 -31
leaf_value=7.3483695635298026e-06 2.044076894714873e-05 -1.4125370025021541e-05 5.2269034566437979e-05 -9.738998219125752e-06 -3.7516602489400425e-06 0.00014035865151248541 -5.2757766685541756e-06 1.2152827227897727e-05 0.00010820886122199487 7.3868265086817506e-05 -1.8202846145399386e-05 -1.3877693297804232e-06 -4.6177752575258231e-05 9.4558839266515075e-05 -2.9187573530027005e-05 4.9290649338420528e-05 -3.3014382932498115e-05 -8.8057963801681704e-06 5.3224132382553369e-05 -1.2115116776679501e-05 -2.0314161177111058e-05 8.4324148206225153e-05 -1.0348536330510422e-07 -3.9532184320728182e-06 1.5209100981652473e-05 1.456836551224934e-05 -4.9344340674946388e-07 8.9712837683067695e-06 -7.8148384928801219e-07 -6.886908795884481e-06
leaf_weight=36 22 360 32 302 37 24 25 20 27 25 74 22 20 20 238 20 107 26 39 216 38 21 84190 40 37 35 179 28 937 436
leaf_count=36 22 360 32 302 37 24 25 20 27 25 74 22 20 20 238 20 107 26 39 216 38 21 84190 40 37 35 179 28 937 436
internal_value=-6.63575e-05 -0.000830905 -0.000953929 -0.000216517 -0.000473466 0.00372093 0.0072449 -0.000885715 0.00010204 0.00271276 0.00113497 0.00622449 -0.00105263 0.00375 -0.00214286 0.00010204 -0.00185039 -0.002 -0.000735295 -0.00184386 0.00147059 0.0056383 -5.10964e-05 -0.000804399 0.00474026 -0.00106299 -0.00122525 -0.00139241 -0.00152062 -0.00264228
internal_weight=87633 1715 1693 993 961 86 49 875 490 188 163 49 114 40 385 147 127 700 340 301 85 47 85918 1728 77 1651 1616 1580 1552 615
internal_count=87633 1715 1693 993 961 86 49 875 490 188 163 49 114 40 385 147 127 700 340 301 85 47 85918 1728 77 1651 1616 1580 1552 615
is_linear=0
shrinkage=0.05


Tree=105
num_leaves=31
num_cat=0
split_feature=36 19 38 28 17 21 9 24 21 20 25 25 24 39 0 13 16 16 7 5 5 0 25 36 41 39 22 13 27 9
split_gain=0.505206 0.573641 0.62153 0.685406 0.653066 0.500153 0.535714 0.489743 1.10863 1.30598 0.893319 1.06778 0.810632 0.46348 0.790888 1.28612 0.53105 0.659169 0.742241 0.981836 0.714329 0.745921 0.661552 0.598005 0.93434 0.632071 0.594905 0.691429 0.550217 0.512253
threshold=1915.7527786997309 63.599999999998552 62.302662246880637 174.13160973804773 0.003634419563675551 155.15999999999624 0.002324543451631507 144.66000680000002 55.909999999996224 74.874999999992738 -0.048882853893503123 -0.23986652669675385 120.70044410000001 34.290357142858362 117388.31000000001 0.00052120421452216267 0.00042998248833162604 0.00030131448225215846 5.684886891579831e-05 9.7629568646425544e-05 5.7696465471415343e-05 108167.04500000001 1.7225512638059985 -16.324532040089249 27.915882554228531 25.541785714285137 15.654890499999988 0.00085602617228301627 115899.87925000001 -0.00093806644122812152
decision_type=2 2 2 2 2 2 2 2 2 2 2 2 2 2 2 2 2 2 2 2 2 2 2 2 2 2 2 2 2 2
left_child=13 -2 -3 -4 7 6 -6 8 -5 10 11 -10 -11 14 16 -16 17 18 28 20 23 -22 26 25 -25 -20 -21 -28 -1 -19
right_child=1 2 3 4 5 -7 -8 -9 9 12 -12 -13 -14 -15 15 -17 -18 29 19 22 21 -23 -24 24 -26 -27 27 -29 -30 -31
leaf_value=-3.1408245671755056e-06 2.6262318703894479e-05 -7.3226474080357084e-06 4.5167037462511517e-05 -9.7435921544944685e-06 -4.3277217796252136e-05 5.2724314029314927e-05 9.6912358046638328e-05 -1.7835163208905752e-05 -1.4549804157703222e-05 4.7879798113157405e-05 -1.0026291211659857e-05 4.8858567863451722e-05 0.00016468167219190131 -9.8311095139849308e-08 -8.9499800682275844e-08 1.5600873327846065e-05 1.3839947236636873e-05 2.5516973188565175e-06 2.4663220332424613e-06 -6.6545959516193937e-06 1.1082243536447312e-05 8.1968173734081753e-06 1.2373976233467566e-05 -3.486800389333597e-06 9.222497320381024e-06 1.526377110059832e-05 -1.6769285698586834e-07 1.5795258852305869e-05 7.024122837574229e-06 -5.0538091988015163e-06
leaf_weight=618 20 703 34 299 20 23 28 400 20 36 84 25 23 84190 57 20 35 20 31 197 22 30 26 95 21 23 50 20 23 440
leaf_count=618 20 703 34 299 20 23 28 400 20 36 84 25 23 84190 57 20 35 20 31 197 22 30 26 95 21 23 50 20 23 440
internal_value=-6.86397e-05 -0.000918369 -0.0010177 -0.000211695 -0.000459291 0.00415493 0.00125 -0.000828637 0.000236138 0.00324468 0.000426355 0.00611111 0.00940678 -5.16784e-05 -0.00086227 0.00409091 -0.00109328 -0.00122525 -0.000588236 0.000825242 0.00333333 0.00846154 -0.00107509 0.0017647 -0.000258622 0.00611111 -0.00181648 0.00214286 -0.00172387 -0.00282609
internal_weight=87633 1715 1695 992 958 71 48 887 487 188 129 45 59 85918 1728 77 1651 1616 1156 515 222 52 293 170 116 54 267 70 641 460
internal_count=87633 1715 1695 992 958 71 48 887 487 188 129 45 59 85918 1728 77 1651 1616 1156 515 222 52 293 170 116 54 267 70 641 460
is_linear=0
shrinkage=0.05


Tree=106
num_leaves=31
num_cat=0
split_feature=36 19 9 16 4 11 19 39 19 22 39 15 41 38 38 16 39 28 15 32 17 36 4 42 36 42 28 16 11 7
split_gain=0.577645 0.581615 0.609844 0.826756 0.472427 0.760991 0.951452 0.444787 0.947736 1.19704 0.773652 1.11935 0.599498 0.709825 1.70677 0.440119 0.432909 0.886554 1.25954 0.900577 0.667063 0.607698 0.551616 0.480616 0.998893 0.708725 0.695022 0.559071 0.664866 0.538681
threshold=1915.7527786997309 63.599999999998552 0.002324543451631507 0.0051829917889883032 356.95968000000005 0.010170421243826102 381.83499999999918 289.01535714285541 259.75999999999482 106.79688425000002 252.97285714285633 0.0017761295134001555 297.99040123088599 65.557260026322112 69.260763804608501 0.0010349527923038978 34.290357142858362 65.070407929706576 0.00024372037112565845 109.80521130967828 0.00027876170114349757 240.94030044077229 26.236540000000002 -12.499823085162484 66.528930615648292 -2.6261690085004044 31.736229061440103 0.00036378153495094696 1.0000000180025095e-35 -7.447783793573863e-05
decision_type=2 2 2 2 2 2 2 2 2 2 2 2 2 2 2 2 2 2 2 2 2 2 2 2 2 2 2 2 2 2
left_child=16 -2 7 4 5 15 -7 8 12 -10 -11 -12 -3 -14 -15 -4 17 23 19 -19 -21 22 -20 24 29 -25 27 -27 -29 -1
right_child=1 2 3 -5 -6 6 -8 -9 9 10 11 -13 13 14 -16 -17 -18 18 21 20 -22 -23 -24 25 -26 26 -28 28 -30 -31
leaf_value=-2.5286730123188863e-06 2.4949202768699761e-05 -8.4695844906389903e-06 5.7411887320278529e-05 9.9461505170135217e-05 -3.7752221397553774e-05 4.6524787114147417e-05 -2.6790573353552906e-07 -1.9613052549293574e-05 6.9954950496994685e-05 -2.4781789054688794e-05 0.00010907148737255894 -3.092169029161045e-05 -5.5669649388651382e-06 4.3924027291051582e-05 -3.5527796048187351e-06 -2.5351860748563477e-06 -9.3395540382853873e-08 1.7486025301731405e-05 -4.7894509414161332e-06 -8.5067890288163111e-06 3.6457119147382329e-05 1.4600981913018352e-06 7.94440001811395e-06 -4.9077312045496877e-06 7.086872443389741e-06 -6.6000713042740132e-08 -4.1646560826062408e-06 -4.8901126597315816e-07 1.5537926490564353e-05 8.0267714765793149e-06
leaf_weight=68 20 398 27 30 159 20 21 429 21 35 22 30 114 21 54 314 84190 21 112 21 24 32 25 539 21 529 266 21 20 29
leaf_count=68 20 398 27 30 159 20 21 429 21 35 22 30 114 21 54 314 84190 21 112 21 24 32 25 539 21 529 266 21 20 29
internal_value=-6.80692e-05 -0.000976678 -0.0010767 0.000253939 -0.000194086 0.000759161 0.00719512 -0.00175267 -0.000971224 0.00333333 0.000747125 0.00461538 -0.0017632 0.000555554 0.00433333 -1.46639e-05 -4.99325e-05 -0.000833335 0.00202128 0.00787879 0.00388889 -0.000266273 -0.00171533 -0.00128265 0.00177966 -0.00154546 -0.000633972 0.000350876 0.00597561 -0.000360826
internal_weight=87633 1715 1695 571 541 382 41 1124 695 108 87 52 587 189 75 341 85918 1728 235 66 45 169 137 1493 118 1375 836 570 41 97
internal_count=87633 1715 1695 571 541 382 41 1124 695 108 87 52 587 189 75 341 85918 1728 235 66 45 169 137 1493 118 1375 836 570 41 97
is_linear=0
shrinkage=0.05


Tree=107
num_leaves=31
num_cat=0
split_feature=36 39 38 28 0 16 5 39 27 40 25 9 16 16 7 25 25 24 40 42 22 5 39 42 4 4 18 27 20 32
split_gain=0.579824 0.855552 0.636191 1.06688 0.625 0.563288 0.462615 0.434841 0.859234 1.43478 0.57463 0.839566 0.545615 0.651206 1.30097 0.547352 0.898978 0.607048 0.458701 0.446714 0.436573 0.793797 0.972473 1.10405 0.670145 0.617095 0.615899 0.66398 0.515143 0.827727
threshold=1915.7527786997309 125.09428571428676 62.302662246880637 174.13160973804773 116950.23500000002 0.0051829917889883032 0.00094048203518930392 34.290357142858362 115899.87925000001 16.091799326284676 -0.58177778940731917 1.0000000180025095e-35 0.00042998248833162604 0.00030131448225215846 0.00075298978387283689 -0.74991140922347932 -0.79375783693303659 17.107166000000003 -37.068907909393594 -2.3724433349329082 11.33975249999998 0.00015306368356693664 48.961071428572602 -2.8972065320415736 10.048955000000001 4.2700850000000008 6.0349999999962174 96213.958750000005 0.01000000000203727 10.717281790552081
decision_type=2 2 2 2 2 2 2 2 2 2 2 2 2 2 2 2 2 2 2 2 2 2 2 2 2 2 2 2 2 2
left_child=7 4 -3 -4 -2 -5 -7 8 12 10 -10 -12 13 14 15 16 17 -1 -15 -19 21 22 26 -24 -25 -22 27 -9 29 -23
right_child=1 2 3 5 -6 6 -8 20 9 -11 11 -13 -14 18 -16 -17 -18 19 -20 -21 25 28 23 24 -26 -27 -28 -29 -30 -31
leaf_value=-1.9824582498621098e-06 2.2828944846921791e-05 -6.6682738061775553e-06 5.7088953954326292e-05 -3.3310330938670585e-06 -8.0677335358940846e-07 -2.9157588241113916e-05 0.0001100025647555367 9.0033061558526346e-06 -9.1775681879559799e-06 1.3416061474414313e-05 -5.6490020235361539e-06 6.6799088649368254e-06 1.233209149509477e-05 4.2301920225926383e-06 6.2573178543431627e-06 -2.174976790025263e-06 6.7174765206767438e-06 -7.4393854866120486e-06 -4.1349861152593894e-06 1.2894539828231082e-05 -6.9803670388974257e-06 1.8904479224986629e-05 1.2046809878490845e-05 1.3634443133023897e-05 -1.1422988768288049e-05 -9.3805025251813786e-08 8.4560488451206633e-06 -2.2004110100904568e-06 -6.3178419395815547e-06 -5.7609118496093245e-06
leaf_weight=148 20 689 28 912 20 22 24 36 48 32 35 32 35 22 26 869 22 20 416 23 146 20 29 25 23 83652 21 119 58 61
leaf_count=148 20 689 28 912 20 22 24 36 48 32 35 32 35 22 26 869 22 20 416 23 146 20 29 25 23 83652 21 119 58 61
internal_value=-6.63575e-05 -0.000976678 -0.00114925 -0.000334687 0.00625 -0.000615868 0.00478261 -4.81867e-05 -0.000833335 0.00282313 0.00021739 0.00320895 -0.00117331 -0.00131307 -0.000667871 -0.000933458 0.00133803 0.000235601 -0.00294521 0.00546512 -3.20715e-05 0.00163265 0.00330039 0.00798701 0.00333333 -3.98589e-05 0.00125 0.000161289 -0.00140288 0.00117284
internal_weight=87633 1715 1675 986 40 958 46 85918 1728 147 115 67 1581 1546 1108 1082 213 191 438 43 84190 392 253 77 48 83798 176 155 139 81
internal_count=87633 1715 1675 986 40 958 46 85918 1728 147 115 67 1581 1546 1108 1082 213 191 438 43 84190 392 253 77 48 83798 176 155 139 81
is_linear=0
shrinkage=0.05


Tree=108
num_leaves=31
num_cat=0
split_feature=36 19 42 4 16 24 17 0 41 15 5 42 21 25 36 41 39 38 21 25 0 20 20 19 3 38 38 36 20 31
split_gain=0.383699 0.730959 0.481752 0.957224 1.46667 0.793148 0.633665 0.622241 0.508159 0.825547 0.55115 0.402824 0.651707 0.658985 0.665001 1.1601 1.16102 1.18314 1.26778 1.12203 0.9516 0.926383 0.922359 2.25817 0.894683 1.11773 0.872312 0.852327 0.823765 1.31191
threshold=1915.7527786997309 68.680000000000305 55.256531349028158 127.36865500000002 0.0018945294076738865 282.39112910000006 0.0011591472638141662 84360.050000000003 141.86617542216078 0.00074144899061439576 0.004152977761708713 -15.563507124693382 23.254999999997384 -1.181363893201097 38.094820307982452 75.505311242809597 151.5925000000025 48.857574047388901 23.83499999999913 -0.93748586004635903 79018.700000000026 61.075000000004373 73.015000000006708 180.54499999999101 118340.70500000002 44.289855106423637 32.812029520919374 931.81151001036062 17.305000000000295 87295.597900000022
decision_type=2 2 2 2 2 2 2 2 2 2 2 2 2 2 2 2 2 2 2 2 2 2 2 2 2 2 2 2 2 2
left_child=11 -2 8 4 -4 6 -5 -7 -3 -10 -11 -1 -13 -14 19 16 27 24 -19 22 21 -17 26 -24 -18 -26 -15 -16 29 -20
right_child=1 2 3 5 -6 7 -8 -9 9 10 -12 12 13 14 15 20 17 18 28 -21 -22 -23 23 -25 25 -27 -28 -29 -30 -31
leaf_value=3.4340962531790152e-07 1.967614332611661e-05 -1.6048938680141458e-05 8.4578439742903158e-05 2.1697784530367935e-05 -8.9301538460851015e-06 7.2828852831545389e-06 -8.1417549555356737e-06 7.2831844598014148e-05 2.7722306397804667e-05 -6.6661824023005774e-06 8.8636604613426189e-05 -7.4120263530041561e-07 -4.7525479552215595e-06 1.5920765657573144e-05 2.8079319981165831e-06 -1.8114017094853663e-05 -6.0017442637386972e-06 7.0837040016508525e-05 8.7949193433415777e-05 -1.1885926081261709e-06 -1.3315094879694333e-06 0.00013038731139603508 5.2282243330360593e-05 4.8816788365073624e-07 6.1969248234739272e-05 -3.2987415469062116e-05 3.0448341313384535e-06 -7.4878341809787936e-06 1.1382504703949913e-05 1.9579251382596115e-05
leaf_weight=25347 29 218 20 20 24 26 316 20 28 986 28 35872 454 22 4167 22 417 24 110 11859 4788 24 28 53 34 24 707 328 1169 469
leaf_count=25347 29 218 20 20 24 26 316 20 28 986 28 35872 454 22 4167 22 417 24 110 11859 4788 24 28 53 34 24 707 328 1169 469
internal_value=-6.12224e-05 -0.00080175 -0.00093713 0.000516431 0.0075 -0.000287959 -0.00113095 0.00586956 -0.00142857 -0.000969291 -0.00120316 -4.64408e-05 -0.000116476 8.11762e-05 0.000116518 0.000390462 0.000814297 0.00174232 0.00233634 -0.000133792 -0.000200663 0.00695652 0.00166667 0.00672839 -0.000473685 0.00534483 0.00110425 0.000350388 0.00217963 0.00372193
internal_weight=87633 1715 1686 426 44 382 336 46 1260 1042 1014 85918 60571 24699 24245 11576 6742 2247 1772 12669 4834 46 810 81 475 58 729 4495 1748 579
internal_count=87633 1715 1686 426 44 382 336 46 1260 1042 1014 85918 60571 24699 24245 11576 6742 2247 1772 12669 4834 46 810 81 475 58 729 4495 1748 579
is_linear=0
shrinkage=0.05


Tree=109
num_leaves=31
num_cat=0
split_feature=36 17 24 17 15 42 20 4 3 23 9 2 16 36 7 36 0 35 38 19 9 21 19 4 21 35 7 34 32 20
split_gain=0.418819 0.480769 0.575513 0.417287 0.86731 1.53892 1.56323 1.34223 1.00367 1.33636 0.599658 0.783943 2.08944 0.927756 0.5625 0.544596 1.11855 0.79286 1.18975 1.18288 0.609524 0.526094 0.952194 1.11111 0.790931 0.477525 0.460213 0.503798 1.27084 1.19688
threshold=1915.7527786997309 0.0010819515839452147 92.190128500000014 0.0029806971072652644 0.0018559078443529848 35.182044816797941 9.3750000000000018 66.550110000000004 84430.050000000003 -0.42419255779162685 -0.0071800569093788472 81362.705000000002 0.0030176269963245001 514.73798786249256 0.0004725794459523685 1001.1411239504451 83497.470000000016 92633.612949999995 28.160539975283637 220.00499999999741 0.0020534950902779325 64.819999999999723 391.96500000000384 168.44771000000003 46.200000000004373 90730.534250000012 -0.0074553399763684575 89248.063341230663 -245.79227005539721 71.334999999999141
decision_type=2 2 2 2 2 2 2 2 2 2 2 2 2 2 2 2 2 2 2 2 2 2 2 2 2 2 2 2 2 2
left_child=3 2 -2 10 5 8 -7 -8 9 -5 11 12 -1 21 -10 17 -17 25 -19 -20 -18 22 23 -13 -24 26 -6 -28 29 -29
right_child=1 -3 -4 4 15 6 7 -9 14 -11 -12 13 -14 -15 -16 16 20 18 19 -21 -22 -23 24 -25 -26 -27 27 28 -30 -31
leaf_value=2.3880210355044796e-07 2.0047271629578459e-05 -3.4331174177065451e-06 -9.301432072294945e-07 -5.4834350906711875e-07 -5.8219640372251326e-05 -3.9492535270384292e-05 4.9808896617779434e-05 8.6135394136655727e-05 -4.1789238383407377e-05 0.00014127068311346408 -1.8896056071488356e-07 -4.2930938158858268e-06 0.00014464953437695949 8.4962086351637853e-05 4.9522448876085219e-05 8.8044814849471019e-05 -1.7228621288857155e-05 0.00017815296407754005 1.3945651972791402e-05 2.1291433335149148e-06 2.7447528852752708e-05 -1.1436073477499515e-05 -1.7818977859620003e-05 7.6084445938831026e-05 4.1548511241939444e-05 -3.1324978549622782e-05 -4.8902584109644987e-07 0.00012902859917917394 -8.3178174923449717e-05 2.5271340628620493e-05
leaf_weight=40 24 1665 26 33 95 22 24 41 80 22 83355 24 23 22 20 25 54 21 23 211 30 216 93 36 23 152 1149 22 34 28
leaf_count=40 24 1665 26 33 95 22 24 41 80 22 83355 24 23 22 20 25 54 21 23 211 30 216 93 36 23 152 1149 22 34 28
internal_value=-5.72285e-05 -0.000830905 0.004 -4.17852e-05 0.000656758 0.00347107 0.0087931 0.0126923 0.00048387 0.00590909 -5.91671e-05 0.00170859 0.00690476 0.000917873 -0.0025 0.000287417 0.0037156 7.20449e-05 0.00264706 0.00162393 0.00095238 0.000357142 0.00238636 0.0075 -0.000258622 -0.000371623 -6.77723e-05 0.000190591 0.00392857 0.009
internal_weight=87633 1715 50 85918 2086 242 87 65 155 55 83832 477 63 414 100 1844 109 1735 255 234 84 392 176 60 116 1480 1328 1233 84 50
internal_count=87633 1715 50 85918 2086 242 87 65 155 55 83832 477 63 414 100 1844 109 1735 255 234 84 392 176 60 116 1480 1328 1233 84 50
is_linear=0
shrinkage=0.05


Tree=110
num_leaves=31
num_cat=0
split_feature=36 16 40 15 25 25 40 13 16 16 25 9 19 40 16 5 4 4 32 19 40 4 4 28 13 42 22 20 18 32
split_gain=0.415121 0.798986 0.609674 0.644557 0.491227 0.655311 1.87567 0.507937 0.478239 0.50209 0.605815 0.650031 0.920253 0.466071 0.447033 0.753463 0.47801 0.798092 0.409001 0.693697 0.604341 0.569935 1.61419 0.596374 0.541112 0.998158 1.27811 0.555557 0.867395 0.92392
threshold=1915.7527786997309 0.00072775488400715724 115.21514858882439 0.00074144899061439576 -0.13798160179298061 1.0000000180025095e-35 343.25707038350816 -0.0052550812303451761 0.0017915556116211268 0.0011401991923665632 -0.24718496535597365 0.00068137265815814676 141.9150000000009 261.29475799976359 0.0051829917889883032 0.00094048203518930392 130.01986500000001 113.865835 797.00568057114299 78.224999999998559 376.25345822540845 66.550110000000004 70.254830000000013 331.04569296173582 0.002090984184200206 -11.246593891307921 139.47232500000001 14.324999999997091 -156.98500000000783 841.78357829302706
decision_type=2 2 2 2 2 2 2 2 2 2 2 2 2 2 2 2 2 2 2 2 2 2 2 2 2 2 2 2 2 2
left_child=18 -2 -3 -4 7 6 -6 -5 9 -9 11 -11 -13 -14 16 -16 17 -7 20 -20 -1 23 -23 -21 -24 26 -26 28 -27 -30
right_child=1 2 3 4 5 14 -8 8 -10 10 -12 12 13 -15 15 -17 -18 -19 19 21 -22 22 24 -25 25 27 -28 -29 29 -31
leaf_value=-1.7689359286507305e-07 1.8427227604786975e-05 -1.0985513085773095e-05 3.6954909625186384e-05 2.6244135990979889e-05 5.8218984388765303e-05 -1.5285428373109842e-05 -1.3615259581798491e-05 -1.1576176314184685e-05 -2.8351450287986853e-05 -1.3375216631471115e-05 3.2029041455625236e-05 1.8046396172632582e-05 1.9215483913754368e-06 -9.2476781426629008e-06 -2.439972477502821e-05 0.00010653162487757093 -7.5542382382156398e-06 7.1294415176917624e-05 1.1990989183496661e-05 7.510559522354413e-06 5.8774777238100706e-05 4.592166600287804e-05 -3.2181185795045218e-05 -1.9744513657424211e-05 7.2511672194397066e-05 -2.4368534285057824e-05 6.8405699208195369e-06 -4.5045979800622768e-09 5.7020194666782151e-05 2.1193482829677676e-05
leaf_weight=84294 22 220 30 24 36 26 73 87 329 115 28 25 35 29 20 22 561 33 20 33 23 28 40 150 20 34 42 975 34 225
leaf_count=84294 22 220 30 24 36 26 73 87 329 115 28 25 35 29 20 22 561 33 20 33 23 28 40 150 20 34 42 975 34 225
internal_value=-6.06519e-05 -0.000830905 -0.000953929 -0.000587238 -0.000738047 0.000123215 0.0037156 -0.00172619 -0.00199074 -0.000611286 0.000603447 -0.000343138 0.00286517 -0.000312501 -0.000468279 0.00452381 -0.000806453 0.00347458 -4.52769e-05 0.000746407 -6.03093e-05 0.000629347 0.000972817 -0.00199454 0.000729926 0.000902254 0.00709677 0.000599368 0.00250853 0.00349421
internal_weight=87633 1715 1693 1473 1443 771 109 672 648 319 232 204 89 64 662 42 620 59 85918 1601 84317 1581 1398 183 1370 1330 62 1268 293 259
internal_count=87633 1715 1693 1473 1443 771 109 672 648 319 232 204 89 64 662 42 620 59 85918 1601 84317 1581 1398 183 1370 1330 62 1268 293 259
is_linear=0
shrinkage=0.05


Tree=111
num_leaves=31
num_cat=0
split_feature=36 19 42 4 16 24 17 7 32 19 15 7 19 40 19 28 18 18 32 19 40 3 0 40 40 41 2 13 42 19
split_gain=0.517492 0.75278 0.563591 0.957224 1.46667 0.537842 0.612003 0.543478 0.461598 0.922269 0.839986 0.622241 0.507586 0.64 0.439783 0.806238 0.984413 0.481791 0.373337 0.698388 0.603634 0.494167 0.668815 0.617969 0.484348 0.912374 0.445388 0.425337 0.796277 1.52778
threshold=1915.7527786997309 68.680000000000305 55.256531349028158 127.36865500000002 0.0018945294076738865 282.39112910000006 0.0011591472638141662 0.0041285539525326405 590.98150450400146 103.90499999999157 0.00074665258439743094 0.00054287447536661754 270.98500000000064 51.014650856028318 443.30500000000035 1019.9402711017175 62.450000000004373 171.86000000000061 797.00568057114299 78.224999999998559 376.25345822540845 116095.43500000001 114886.87000000001 207.66489858808202 276.767070648828 325.44577508553431 118021.86000000002 0.00060295362423067728 -11.246593891307921 130.33499999999916
decision_type=2 2 2 2 2 2 2 2 2 2 2 2 2 2 2 2 2 2 2 2 2 2 2 2 2 2 2 2 2 2
left_child=18 -2 8 4 -4 6 -5 -7 12 11 -11 -10 -3 -14 15 17 -17 -8 20 -20 24 22 27 -23 25 -1 -26 -21 29 -29
right_child=1 2 3 5 -6 7 14 -9 9 10 -12 -13 13 -15 -16 16 -18 -19 19 21 -22 23 -24 -25 26 -27 -28 28 -30 -31
leaf_value=-1.5575639407745037e-07 1.8242663688174831e-05 -1.2424352279717004e-05 8.0724428361024896e-05 2.0766802563879003e-05 -8.3891084825737021e-06 -5.4110008336886466e-06 -2.160690137730317e-05 7.7936730669318798e-05 -9.9817139511259601e-07 6.1741513434865428e-05 -6.2183591306708012e-06 1.9994980249276693e-05 -3.5230782267175393e-05 3.7916489477009605e-05 -3.6636105095954691e-05 8.3111958816329268e-05 -7.5412720251928404e-07 3.7074384921728614e-06 1.1391439724321825e-05 -2.7450357586202283e-05 5.5836038376195666e-05 5.7056814515558696e-05 2.5592495287850726e-05 -1.6030136466393701e-05 -1.5544038481804917e-05 2.065807582947063e-05 1.6644060761004123e-05 4.5764668936267108e-05 5.2363332242818616e-06 2.1339882139798789e-05
leaf_weight=83862 29 269 20 20 24 23 88 23 26 23 877 20 20 25 126 32 47 23 20 31 23 23 20 165 357 40 35 20 1232 90
leaf_count=83862 29 269 20 20 24 23 88 23 26 23 877 20 20 25 126 32 47 23 20 31 23 23 20 165 357 40 35 20 1232 90
internal_value=-5.83696e-05 -0.000918369 -0.00105575 0.000516431 0.0075 -0.000287959 -0.000982144 0.00478261 -0.0015873 -0.00103594 -0.00138889 0.00586956 -0.00324841 0.00166667 -0.00151899 -1.19209e-09 0.00386076 -0.00274775 -4.12033e-05 0.000715177 -5.55653e-05 0.000597722 0.000922468 -0.00180851 -5.77752e-05 -4.95828e-05 -0.00181123 0.000790239 0.000923993 0.005
internal_weight=87633 1715 1686 426 44 382 336 46 1260 946 900 46 314 45 316 190 79 111 85918 1601 84317 1581 1393 188 84294 83902 392 1373 1342 110
internal_count=87633 1715 1686 426 44 382 336 46 1260 946 900 46 314 45 316 190 79 111 85918 1601 84317 1581 1393 188 84294 83902 392 1373 1342 110
is_linear=0
shrinkage=0.05


Tree=112
num_leaves=31
num_cat=0
split_feature=36 17 40 39 7 16 4 19 19 17 19 17 7 20 28 23 21 21 9 20 21 5 32 11 39 21 38 38 24 23
split_gain=0.590777 0.43761 1.06778 0.414616 0.375599 0.787821 0.487929 0.409723 0.581258 0.65562 0.500388 0.757423 0.859524 0.427927 0.77346 0.944908 0.564116 1.12758 0.404743 0.383904 0.723123 1.03534 0.366607 0.524503 0.38301 0.479541 0.824727 1.56735 0.805139 0.489796
threshold=1915.7527786997309 0.0010715719143461473 127.90749932011387 125.09428571428676 0.0035844069666684671 0.0051829917889883032 144.56071500000004 391.96500000000384 250.00499999999741 0.0013264547636425467 103.10500000000322 0.0014360253550159891 0.00050060427261499057 32.955000000001753 815.78276933572499 0.094467584523239126 24.724999999998548 13.754999999997382 0.0015243206963288798 90.60499999999594 53.444999999999716 0.0006466115182166514 523.03875348147278 -0.0032321816366764453 265.86571428571659 48.644999999996806 62.302662246880637 69.848384111028892 233.44938120000003 -0.19937040852059101
decision_type=2 2 2 2 2 2 2 2 2 2 2 2 2 2 2 2 2 2 2 2 2 2 2 2 2 2 2 2 2 2
left_child=-1 2 -2 -3 7 6 -6 8 10 -10 11 -5 -13 14 15 -11 17 18 -15 -8 -21 -22 -12 -24 25 28 -27 -28 -25 -29
right_child=1 3 -4 4 5 -7 19 -9 9 13 22 12 -14 16 -16 -17 -18 -19 -20 20 21 -23 23 24 -26 26 27 29 -30 -31
leaf_value=-1.0793673181781828e-07 -4.7454503538023777e-06 3.3009156556482786e-05 3.4718184406767439e-05 -9.9644076319548832e-06 1.0454409861445075e-05 9.053437430241656e-05 -4.0601000686103382e-05 -1.7766045756480584e-05 4.7031094778157562e-05 -2.8280913765220411e-05 -1.2252847021827599e-05 -1.0799490024811341e-06 2.3752300141386966e-05 -4.099198799998223e-05 4.1123198213686518e-05 3.8090848137800134e-05 -2.5463080986814667e-05 8.7195347624681774e-05 1.7940430159360917e-06 -3.844261708309052e-05 -2.6038888461282962e-05 0.00012567278500314781 1.616187899867905e-05 -1.2402929813954417e-05 -1.4595418536448885e-05 -2.8335163844190648e-05 4.654236861885334e-05 5.0235447902961447e-05 2.1613367783982148e-05 -2.196086257832891e-05
leaf_weight=85918 25 24 20 32 21 25 108 170 27 55 142 42 28 32 22 21 166 20 23 50 21 26 24 213 232 55 21 25 21 24
leaf_count=85918 25 24 20 32 21 25 108 170 27 55 142 42 28 32 22 21 166 20 23 50 21 26 24 213 232 55 21 25 21 24
internal_value=-5.77991e-05 -0.000976678 0.00388889 -0.00110779 -0.00120292 0.000577688 -0.000353983 -0.0015233 -0.00120408 0.00046448 -0.00191502 0.00137255 0.00428571 -0.000132745 0.00265306 0.000263157 -0.00126556 0.00233333 -0.00136364 -0.00109756 0.00118557 0.0056383 -0.00235799 -0.00182927 -0.00212352 -0.00110028 0.0014 0.005 -0.0024359 0.00010204
internal_weight=87633 1715 45 1670 1646 251 226 1395 1225 366 859 102 70 339 98 76 241 75 55 205 97 47 757 615 591 359 125 70 234 49
internal_count=87633 1715 45 1670 1646 251 226 1395 1225 366 859 102 70 339 98 76 241 75 55 205 97 47 757 615 591 359 125 70 234 49
is_linear=0
shrinkage=0.05


Tree=113
num_leaves=31
num_cat=0
split_feature=36 9 16 16 7 16 40 23 41 7 36 27 15 36 42 25 20 13 7 36 18 9 41 34 36 19 42 9 19 22
split_gain=0.667354 0.641665 0.810745 0.692053 0.577176 0.647769 0.625681 0.904274 0.495009 0.593966 0.940802 0.595238 0.413892 0.554147 0.366616 0.957625 1.2956 1.25595 1.7042 1.00612 1.95442 1.41677 0.995375 2.14313 0.876511 0.904174 0.857143 0.794291 0.787256 0.782808
threshold=1915.7527786997309 0.002324543451631507 0.0051829917889883032 0.00072775488400715724 0.0010064697276565028 0.0010349527923038978 261.29475799976359 -0.35770888853479349 152.5007509434744 0.0035844069666684671 2201.3649319239853 91024.867750000019 0.0028470984670103104 2992.9235850042392 -13.805648452778412 -1.0810074269072361 17.549999999995638 -0.0040670558721697227 0.00018921054217669646 -154.66696394085008 4.4250000000029113 0.00014222786531323597 67.639063735654929 110452.3296935026 701.15992676270992 149.12000000000265 -31.800110668040787 -0.0013264031865738706 69.430000000000305 86.315340249999963
decision_type=2 2 2 2 2 2 2 2 2 2 2 2 2 2 2 2 2 2 2 2 2 2 2 2 2 2 2 2 2 2
left_child=14 3 4 -2 6 -6 -3 -8 -7 -10 11 -11 -12 -14 15 16 17 18 -1 20 -19 -22 -21 27 -18 29 -25 -24 -29 -26
right_child=1 2 -4 -5 5 8 7 -9 9 10 12 -13 13 -15 -16 -17 24 19 -20 22 21 -23 23 26 25 -27 -28 28 -30 -31
leaf_value=3.1214281047740361e-05 2.0385182701883193e-05 3.8401214818444283e-05 7.4717934257612594e-05 -4.2877339188091952e-06 5.1072148263225497e-05 -5.7004199061464725e-05 8.0919450348129382e-05 -2.268745974727372e-05 -8.1294876376102294e-06 9.9733883833789079e-07 -4.6701907171265258e-05 6.5115110197519637e-05 0.00014949039226851794 -3.6572024263547512e-05 -3.5276457390759703e-07 1.5045066366093965e-07 -3.8809443877231668e-06 -4.7177016959016511e-08 -3.657302191126255e-06 -3.6535532369127104e-06 5.4915574791273401e-05 1.0769560604567288e-05 2.0521037467470087e-05 1.959672349548467e-06 6.9950049908092964e-06 -3.021799959227955e-05 3.1714961172262937e-05 4.7882813758621428e-05 -1.2523660306020795e-05 4.7015412301436695e-05
leaf_weight=30 20 22 30 1123 25 74 20 45 181 21 84 21 27 22 58852 26080 321 63 21 245 26 28 26 21 40 31 21 21 65 27
leaf_count=30 20 22 30 1123 25 74 20 45 181 21 84 21 27 22 58852 26080 321 63 21 245 26 28 26 21 40 31 21 21 65 27
internal_value=-5.83696e-05 -0.00103499 0.000332167 -0.00171916 -0.000110702 -0.000824177 0.00362069 0.00115384 -0.00127907 -0.000505619 0.00157143 0.00809524 -0.000488723 0.00316326 -3.88755e-05 0.000113425 0.001643 0.00320106 0.0106863 0.00246124 0.00653846 0.0135185 0.00126566 0.00441558 -0.000465395 0.00367347 0.0140476 0.00080357 -0.00151163 0.0069403
internal_weight=87633 1715 572 1143 542 455 87 65 430 356 175 42 133 49 85918 27066 986 567 51 516 117 54 399 154 419 98 42 112 86 67
internal_count=87633 1715 572 1143 542 455 87 65 430 356 175 42 133 49 85918 27066 986 567 51 516 117 54 399 154 419 98 42 112 86 67
is_linear=0
shrinkage=0.05


Tree=114
num_leaves=31
num_cat=0
split_feature=36 42 16 17 23 32 28 18 42 4 4 21 0 7 21 19 18 4 28 41 25 36 36 17 38 23 9 39 1 32
split_gain=0.633411 0.593709 0.599667 0.743014 0.623077 0.618419 0.537789 1.12164 0.457845 0.579123 0.933739 0.770393 0.762406 0.501035 0.441708 0.349616 0.885736 1.33245 1.3599 1.09455 0.929703 0.861147 0.886767 0.839683 0.793981 0.755346 0.888942 0.733284 0.822586 0.724892
threshold=1915.7527786997309 56.800257203510469 0.0014864801166184331 0.0034029040581870155 -0.022623735861089712 1044.1717574630386 1019.9402711017175 -108.13500000000202 -74.43871045138529 115.98500000000001 63.087275000000012 41.275000000001462 87672.675000000003 -0.00021080404553781458 19.344999999993892 11.739999999997965 1.0000000180025095e-35 10.048955000000001 61.194770453104873 -28.664161288848913 -0.19457309751982718 302.76633254159248 55.144919228267106 0.00031462982808675842 35.53961466279182 -0.72644637259613143 0.00023983248837094597 34.290357142858362 117740.08500000001 70.091444830599372
decision_type=2 2 2 2 2 2 2 2 2 2 2 2 2 2 2 2 2 2 2 2 2 2 2 2 2 2 2 2 2 2
left_child=15 8 -3 5 -5 -4 -7 -8 9 10 -2 13 -11 -12 -10 16 17 18 -1 -19 21 22 24 -22 -18 29 -27 28 -17 -24
right_child=1 2 3 4 -6 6 7 -9 14 12 11 -13 -14 -15 -16 27 20 19 -20 -21 23 -23 25 -25 -26 26 -28 -29 -30 -31
leaf_value=-4.9804359597921083e-06 -1.8257772653839948e-05 2.9869165007484576e-05 4.3541768475233557e-05 7.0982042928089325e-05 -1.5817777003159552e-06 -2.1411469144692565e-05 7.5060560126795169e-05 -5.0386969206054452e-06 -8.5815345009533357e-07 3.5945045755018381e-05 7.8455379959167096e-05 -1.8115428195363185e-05 -1.1244604894077122e-05 1.5246682850788588e-06 -1.0073750249497342e-05 -1.9790361311282835e-06 5.6763072949372324e-06 2.0289055675236304e-05 9.9581864341765076e-06 9.5068027057379564e-07 1.1688822889718247e-05 -1.0986480730615911e-05 2.227402677136366e-05 3.509652260028587e-07 -2.5818452412974319e-06 -2.8910643086885728e-06 1.6256768562500857e-05 -9.0928777084128972e-08 9.1950975736557888e-06 5.4984862709927721e-06
leaf_weight=403 24 39 26 20 32 133 22 145 373 28 25 24 105 21 698 1212 48 25 36 156 24 41 29 21 168 32 20 83639 29 35
leaf_count=403 24 39 26 20 32 133 22 145 373 28 25 24 105 21 698 1212 48 25 36 156 24 41 29 21 168 32 20 83639 29 35
internal_value=-5.43757e-05 -0.00100583 0.00063549 2.64538e-05 0.00557692 -0.000858897 -0.0015 0.00038922 -0.00153313 0.000506607 0.00351064 0.00642857 -0.00161654 0.0102174 -0.00196545 -3.53838e-05 0.000876685 -0.000322582 -0.00181094 0.00328729 0.0026555 0.00183646 0.00268072 0.00944444 0.000787036 0.0062069 0.00173077 -4.65375e-05 -0.00125302 0.00984375
internal_weight=87633 1715 417 378 52 326 300 167 1298 227 94 70 133 46 1071 85918 1038 620 439 181 418 373 332 45 216 116 52 84880 1241 64
internal_count=87633 1715 417 378 52 326 300 167 1298 227 94 70 133 46 1071 85918 1038 620 439 181 418 373 332 45 216 116 52 84880 1241 64
is_linear=0
shrinkage=0.05


Tree=115
num_leaves=31
num_cat=0
split_feature=36 7 17 24 25 35 25 0 19 42 40 4 7 19 9 19 25 42 42 38 42 23 23 21 22 7 21 4 16 18
split_gain=0.491662 0.41312 0.876188 0.571963 0.722717 0.515996 0.446553 0.432133 0.376176 0.627714 0.75585 0.636842 0.449603 1.10515 0.395593 0.41957 0.388235 0.428571 0.362543 0.825638 0.42671 0.421905 0.365133 0.377459 0.90197 0.625 0.469677 0.356879 0.363772 0.344978
threshold=1915.7527786997309 0.0050162965624946871 0.0034029040581870155 139.44375870000002 2.4903160815612719 84873.415525000033 -1.0972089716495488 89651.115000000005 391.96500000000384 56.800257203510469 261.29475799976359 242.98661000000001 -0.0018206282145283095 270.98500000000064 0.00086463688729556678 253.15999999999624 1.2321975320357719 133.95024927074812 7.0778106786080199 75.702309436201773 3.3300950607801103 -1.1864577582050229 1.5767162525444238 16.555000000000295 194.89829775000001 0.00065294831253614029 10.280000000006114 204.75578500000003 0.0010074481269258106 -479.18499999999761
decision_type=2 2 2 2 2 2 2 2 2 2 2 2 2 2 2 2 2 2 2 2 2 2 2 2 2 2 2 2 2 2
left_child=29 5 3 4 -3 -2 -7 -8 9 12 -11 14 13 -9 15 -12 -10 -18 19 20 21 -14 23 24 26 -26 -23 28 -20 -1
right_child=1 2 -4 -5 -6 6 7 8 16 10 11 -13 18 -15 -16 -17 17 -19 27 -21 -22 22 -24 -25 25 -27 -28 -29 -30 -31
leaf_value=1.7436361403169398e-05 -3.0443366122993237e-05 6.1434664916835765e-05 7.194881854684338e-05 -5.5412008989577905e-05 -3.0425929582986569e-05 1.086651535485137e-06 4.3234866248617365e-05 -4.4582100685598401e-06 -1.6101126330250349e-05 4.4904111722027418e-05 -1.4450003072692783e-05 2.016020879232219e-05 1.1712715237685332e-05 2.6860565226447688e-05 -2.2455844652865054e-05 2.8956672042370855e-05 5.722102230878599e-05 -2.6260164627953437e-05 9.4043629451498527e-06 2.8696290495587066e-05 1.7104056695082806e-05 -6.1156489410893738e-06 1.0852558603958196e-07 -1.497921591232802e-05 4.1058774861662144e-05 -2.0639199684281561e-05 2.1089688789220959e-05 1.029029724661015e-06 -1.1985721023325118e-05 -1.3112529831986923e-07
leaf_weight=335 218 24 38 58 41 36 23 61 110 27 21 35 34 30 57 20 35 25 34 22 32 110 21 313 20 20 21 40 189 85583
leaf_count=335 218 24 38 58 41 36 23 61 110 27 21 35 34 30 57 20 35 25 34 22 32 110 21 313 20 20 21 40 189 85583
internal_value=-5.09523e-05 -0.000889214 0.00152174 -0.000528456 0.00269231 -0.001139 -0.000770959 -0.000923078 -0.00104542 -0.000709125 0.0021875 0.000639097 -0.00119852 0.00214286 -0.00142857 0.00231707 -0.0032353 -1.19209e-09 -0.00155374 -0.000868467 -0.00123468 -0.00156772 -0.00193069 -0.00221074 -0.000321639 0.00625 -0.00232825 -0.00309886 -0.00387892 -3.42199e-05
internal_weight=87633 1715 161 123 65 1554 1336 1300 1277 1107 160 133 947 91 98 41 170 60 856 593 571 539 505 484 171 40 131 263 223 85918
internal_count=87633 1715 161 123 65 1554 1336 1300 1277 1107 160 133 947 91 98 41 170 60 856 593 571 539 505 484 171 40 131 263 223 85918
is_linear=0
shrinkage=0.05


Tree=116
num_leaves=31
num_cat=0
split_feature=36 19 9 24 4 15 17 21 23 22 25 19 41 39 38 11 38 13 19 25 42 25 40 22 16 11 19 9 21 28
split_gain=0.525764 0.75278 0.450381 0.96886 0.940402 1.38331 0.772212 0.910084 0.627291 0.625 0.602949 0.400095 0.44471 0.558484 0.82322 0.659984 0.974848 0.848381 0.481408 0.373095 0.36659 0.344236 1.57907 0.94988 1.68693 1.11942 1.57342 0.894075 0.8239 1.15537
threshold=1915.7527786997309 68.680000000000305 0.002324543451631507 233.44938120000003 231.65627000000003 0.0043649083500650046 0.0014921632841607762 95.170000000005544 1.4374006163601372 104.21225925 0.70641962686771864 391.96500000000384 234.56870083570013 202.59964285714267 39.121542357742122 0.0018460966235119558 60.71764559023346 -0.0003749661825288698 363.82500000000442 0.65630920836917095 44.974984483132822 -0.92838341615393838 -191.10135243431429 213.80648175000002 0.0017491905511401666 -0.0014533960144336351 141.9150000000009 -0.0024312384192977164 80.019999999996813 146.74660909375237
decision_type=2 2 2 2 2 2 2 2 2 2 2 2 2 2 2 2 2 2 2 2 2 2 2 2 2 2 2 2 2 2
left_child=21 -2 8 6 -5 -6 7 10 11 -10 -4 12 20 15 -15 16 17 -14 19 -16 -3 22 23 24 25 -1 -27 -24 -29 -30
right_child=1 2 3 4 5 -7 -8 -9 9 -11 -12 -13 13 14 18 -17 -18 -19 -20 -21 -22 -23 27 -25 -26 26 -28 28 29 -31
leaf_value=-1.1481878634588259e-07 1.4704268458096653e-05 -7.5838518030536647e-06 6.6665950812759607e-05 3.0042599066390141e-05 -1.1828386293562956e-05 6.157756446975857e-05 -7.8695258128091433e-06 3.5868034099562254e-05 5.7215965973461498e-05 -9.2457682892961254e-06 -4.5425492452200477e-05 -2.7432775925245921e-05 4.0216470290546234e-05 6.1794257603548815e-05 -1.9311147171897829e-05 -3.1285035674505446e-05 5.2296675689611185e-05 -3.1972891448037897e-06 3.4651025192338366e-05 1.6497631336173551e-05 2.0803382689249847e-07 -2.1804599166506278e-07 -1.8990745810815767e-05 5.9002390467573099e-05 -2.2005369024629871e-05 6.2891467496937332e-06 7.0650933779465734e-05 3.3379458729338743e-07 2.1278167420499758e-05 -1.4255518735246557e-05
leaf_weight=24 29 328 28 34 49 31 336 35 24 36 57 96 20 24 408 34 21 41 26 32 26 77727 261 34 49 27 22 7428 225 121
leaf_count=24 29 328 28 34 49 31 336 35 24 36 57 96 20 24 408 34 21 41 26 32 26 77727 261 34 49 27 22 7428 225 121
internal_value=-5.15229e-05 -0.000918369 -0.00105575 8.77181e-05 0.00421053 0.00125 -0.000942984 0.0025 -0.00163979 0.00333333 -0.000294119 -0.00192235 -0.00161458 -0.00079208 -0.00153061 0.00232759 0.0047561 0.00155738 -0.00199571 -0.00238636 -0.0030226 -3.42199e-05 0.00027408 0.00525641 0.00319672 0.0080137 0.0123469 0.000177348 0.000273989 0.00265896
internal_weight=87633 1715 1686 570 114 80 456 120 1116 60 85 1056 960 606 490 116 82 61 466 440 354 85918 8191 156 122 73 49 8035 7774 346
internal_count=87633 1715 1686 570 114 80 456 120 1116 60 85 1056 960 606 490 116 82 61 466 440 354 85918 8191 156 122 73 49 8035 7774 346
is_linear=0
shrinkage=0.05


Tree=117
num_leaves=31
num_cat=0
split_feature=36 17 40 16 38 21 42 36 25 7 5 5 28 22 39 16 18 35 19 35 19 4 40 39 32 18 28 41 22 42
split_gain=0.795642 0.540549 0.98 0.357118 0.951995 0.342457 0.653911 1.16604 1.06934 1.00577 0.699548 1.09005 1.41758 1.12398 0.900849 0.9 0.885277 0.809558 1.22532 1.26018 1.6225 1.34206 1.40644 1.42726 2.57662 1.25754 1.14337 1.09696 0.976819 0.956781
threshold=1915.7527786997309 0.0010819515839452147 127.90749932011387 0.0051829917889883032 75.702309436201773 27.760000000002041 41.128935513907699 826.05405572793836 -0.75640630072246962 -0.0050444583175174177 0.00024509958267997814 0.00026235402100892026 85.821861159915002 17.311592499999993 55.721071428571513 0.00033514491403131841 22.78499999999622 95913.798350000012 98.654999999991574 94517.573825000014 33.599999999998552 28.809565000000003 56.738925814126567 90.193928571428856 -10.793034113004977 -43.564999999995045 20.143518367127403 -15.487019657248947 34.43739824999998 -22.611536614733566
decision_type=2 2 2 2 2 2 2 2 2 2 2 2 2 2 2 2 2 2 2 2 2 2 2 2 2 2 2 2 2 2
left_child=5 2 -2 -3 -5 6 10 9 -9 -8 17 12 13 15 -15 -12 -16 18 19 -1 -21 22 23 25 -25 -22 27 -27 -23 -19
right_child=1 3 -4 4 -6 -7 7 8 -10 -11 11 -13 -14 14 16 -17 -18 29 -20 20 21 28 -24 24 -26 26 -28 -29 -30 -31
leaf_value=1.0890598320486699e-06 -3.5676415675468505e-06 -3.0600910941436922e-06 1.9060671630081717e-05 -1.6825732753172984e-05 6.301456051343401e-05 3.2715246215757645e-07 5.6368807994968973e-05 4.195361316651305e-05 3.7693072560907813e-06 -6.6027303299822716e-06 2.037360672577321e-06 3.9339257403759881e-07 -8.7396502149112003e-06 1.0177172147220137e-05 2.7480985846708306e-05 1.6739150913673607e-05 1.3476868989391623e-06 7.5325088680272855e-07 -2.0042965298340984e-06 -6.8462826749551631e-06 -7.3183544857510803e-06 1.7676793476396186e-05 -9.9725842751563198e-06 1.700823084196563e-05 2.4272913542313883e-05 2.2794133251387269e-05 -7.4049799394421508e-06 1.6253549723729477e-05 -1.8581577355401861e-06 -1.5714426526703099e-06
leaf_weight=4405 25 1614 25 22 29 34058 31 20 735 3641 20 17488 122 39 35 20 163 4172 3863 62 35 26 27 33 29 25 21 23 153 16672
leaf_count=4405 25 1614 25 22 29 34058 31 20 735 3641 20 17488 122 39 35 20 163 4172 3863 62 35 26 27 33 29 25 21 23 153 16672
internal_value=-5.60874e-05 -0.00112245 0.004 -0.00127628 0.00284314 -3.48018e-05 -0.000115697 -0.000696861 0.00109271 -0.00106482 -6.14563e-05 0.000185329 0.00276942 0.00474729 0.00343882 0.0125 0.00207071 -0.000210859 0.000194207 0.000724322 0.00329493 0.00454301 0.00743523 0.00915663 0.0151613 0.00557692 0.00949275 0.01375 0.00142458 -0.000379967
internal_weight=87633 1715 50 1665 51 85918 51860 4427 755 3672 47433 17887 399 277 237 40 198 29546 8702 4839 434 372 193 166 62 104 69 48 179 20844
internal_count=87633 1715 50 1665 51 85918 51860 4427 755 3672 47433 17887 399 277 237 40 198 29546 8702 4839 434 372 193 166 62 104 69 48 179 20844
is_linear=0
shrinkage=0.05


Tree=118
num_leaves=31
num_cat=0
split_feature=36 42 4 41 24 19 4 21 17 9 0 25 36 19 39 9 17 28 18 38 11 21 41 11 22 17 17 15 25 19
split_gain=0.834503 0.545151 0.98967 1.11364 0.565968 0.471208 0.878799 0.969236 0.711154 0.528218 0.385284 0.362062 1.28185 1.39096 1.25892 0.904065 0.782529 0.655195 1.53413 1.47017 1.33296 1.13486 1.28749 1.05543 1.02472 1.00498 1.18699 1.13755 0.897988 0.850536
threshold=1915.7527786997309 55.256531349028158 127.36865500000002 297.99040123088599 282.39112910000006 443.30500000000035 242.98661000000001 104.01000000000205 0.0022421844933460605 0.00048541255905367944 84360.050000000003 -0.93748586004635903 -2683.5393103999445 253.15999999999624 495.76785714285717 -0.0024961825338525802 0.00053545287603139061 125.30225905911358 111.00499999999739 63.998092792264728 -0.0012759350863690566 86.544999999998268 -176.21321503996441 0.00177102987671373 50.290562250000001 0.0012291391683053592 0.0014695580025717106 0.00036793477716536021 -0.96759138430071834 55.900000000001462
decision_type=2 2 2 2 2 2 2 2 2 2 2 2 2 2 2 2 2 2 2 2 2 2 2 2 2 2 2 2 2 2
left_child=11 -2 3 -3 5 6 9 8 -8 -4 -6 12 13 -1 15 -14 -17 19 -19 21 -21 29 -23 25 -20 27 -27 -22 -24 -18
right_child=1 2 4 -5 10 -7 7 -9 -10 -11 -12 -13 14 -15 -16 16 17 18 24 20 23 22 28 -25 -26 26 -28 -29 -30 -31
leaf_value=6.0012668021778025e-05 -3.5619939904053988e-06 4.4450355391822853e-05 1.3828586396992521e-05 -2.2363472623482792e-05 -5.3188845731453151e-06 -3.4779278249217924e-05 -4.8219799217773918e-05 5.5864447513152416e-05 3.2121886326652012e-05 -2.0346588776843064e-05 4.5350317038739707e-05 -1.9786019157298095e-07 -1.6755548301927713e-05 -5.5956645348176751e-05 6.2294285571853935e-05 -3.1493297030582745e-06 3.643909387673837e-06 -5.7779668701246416e-06 1.4155227752024087e-05 2.3351623048977005e-05 1.3584215855393276e-05 -2.3474065232721076e-05 2.3547038301657578e-05 2.5873507546465662e-05 8.6886443723230496e-06 3.236888529125917e-05 3.5896507925343786e-06 -3.6187579003485422e-07 4.0266819772810341e-05 -2.8910060746761586e-07
leaf_weight=34 1289 22 33 22 26 131 40 31 25 76 20 78067 234 20 24 832 1389 1086 34 33 30 30 120 43 199 23 25 274 25 3396
leaf_count=34 1289 22 33 22 26 131 40 31 25 76 20 78067 234 20 24 832 1389 1086 34 33 30 30 120 43 199 23 25 274 25 3396
internal_value=-5.95107e-05 -0.0011516 0.00039906 0.0075 -0.000418849 -0.00113095 0.000365852 0.00385417 0.000384614 -0.00270642 0.00478261 -3.77116e-05 0.00028595 0.00796296 0.000232781 0.000197477 0.000292478 0.000471894 -0.000526916 0.000716406 0.00352804 0.000473789 0.00442857 0.00272152 0.00315451 0.00181818 0.00854167 0.000756578 0.00637931 0.000329152
internal_weight=87633 1715 426 44 382 336 205 96 65 109 46 85918 7851 54 7797 7773 7539 6707 1319 5388 428 4960 175 395 233 352 48 304 145 4785
internal_count=87633 1715 426 44 382 336 205 96 65 109 46 85918 7851 54 7797 7773 7539 6707 1319 5388 428 4960 175 395 233 352 48 304 145 4785
is_linear=0
shrinkage=0.05


Tree=119
num_leaves=31
num_cat=0
split_feature=36 19 9 7 21 1 38 16 25 34 16 21 11 15 11 16 19 9 24 23 32 21 21 42 36 7 7 5 7 4
split_gain=0.750248 0.597728 0.484418 0.610758 0.603922 0.602295 0.880476 0.607303 0.534552 0.390419 0.725002 0.684327 0.729167 0.879487 0.597673 0.469491 0.703084 0.692953 0.380175 0.432743 0.823532 0.65744 0.355523 0.620261 0.908471 0.993591 0.819083 0.620844 0.793286 1.14516
threshold=1915.7527786997309 63.599999999998552 0.002324543451631507 0.00043313392699863247 37.735000000000589 117224.53000000001 78.949122757949439 0.0051829917889883032 1.5992691763318478 87597.847062781031 0.0024055500114665046 106.05500000000031 0.0011021027578888125 0.0021702556478801868 -0.0034143735859463301 0.0017915556116211268 259.75999999999482 0.00035221022477370626 87.879607400000012 -0.73999918076892157 659.09719894905732 32.334999999999134 27.760000000002041 41.128935513907699 826.05405572793836 -0.0050444583175174177 -0.0020083019100616251 0.00024509958267997814 0.00075298978387283689 32.982805000000006
decision_type=2 2 2 2 2 2 2 2 2 2 2 2 2 2 2 2 2 2 2 2 2 2 2 2 2 2 2 2 2 2
left_child=22 -2 8 4 -4 7 -7 -5 9 -3 15 12 14 -14 -12 16 18 -18 -11 20 -20 -22 23 27 25 -25 -26 -1 29 -29
right_child=1 2 3 5 -6 6 -8 -9 -10 10 11 -13 13 -15 -16 -17 17 -19 19 -21 21 -23 -24 24 26 -27 -28 28 -30 -31
leaf_value=-4.560269076240107e-07 2.1415338885876572e-05 -2.4183899798156288e-05 4.1811177394953636e-05 -4.6159581015321034e-06 1.3511633435826297e-05 -2.2992905637724074e-05 2.3320517754570896e-05 6.3632282786517378e-05 7.1618741286679492e-05 3.8432293437250925e-06 2.0292253771890561e-05 -9.986673676565637e-06 0.00010333525691819711 8.0552987873871492e-07 -1.7881672839477815e-05 -2.2489595379459619e-05 4.1156280441212479e-05 -1.4237020113914826e-05 -6.6873722138951516e-06 -6.507461764397863e-06 4.4045818762215439e-05 -1.2717597395323081e-06 3.2068784862834733e-07 5.356026060479917e-05 6.6734604692876313e-05 -6.2627008039045107e-06 2.0670415218464998e-06 1.3492052544906142e-07 -5.8802314244087674e-07 6.2511617718609352e-06
leaf_weight=29546 20 198 21 429 34 25 35 27 31 39 22 31 26 30 42 244 33 31 59 278 32 28 34058 31 28 3641 727 5301 9036 3550
leaf_count=29546 20 198 21 429 34 25 35 27 31 39 22 31 26 30 42 244 33 31 59 278 32 28 34058 31 28 3641 727 5301 9036 3550
internal_value=-5.77991e-05 -0.0010933 -0.00119469 -8.75776e-06 0.005 -0.000542637 0.00416667 -0.00116228 -0.00179715 -0.00198079 -0.00153631 0.00162252 0.00333333 0.0075 -0.000312501 -0.00217742 -0.0013 0.00359375 -0.00201835 -0.00248111 4.20156e-05 0.00416667 -3.71296e-05 -0.000119554 -0.000685567 -0.00101035 0.000894039 -6.67269e-05 0.000165762 0.000502202
internal_weight=87633 1715 1695 571 55 516 60 456 1124 1093 895 151 120 56 64 744 500 64 436 397 119 60 85918 51860 4427 3672 755 47433 17887 8851
internal_count=87633 1715 1695 571 55 516 60 456 1124 1093 895 151 120 56 64 744 500 64 436 397 119 60 85918 51860 4427 3672 755 47433 17887 8851
is_linear=0
shrinkage=0.05


end of trees

feature_importances:
atr=233
candle_range=184
log_return_3=175
vol_std_50=168
lower_wick=167
volume=151
price_minus_ema_200=143
volume_zscore_50=142
log_return_2=138
upper_wick=131
vol_std_10=125
vol_std_20=123
macd_hist=121
log_return_6=120
rsi=117
volume_mean_20=114
price_minus_ema_50=111
volume_mean_50=107
price_minus_ema_20=102
log_return_12=100
log_return_1=90
volume_zscore_20=89
macd_signal=87
candle_body=76
sma_200=71
macd=67
open=60
ema_200=55
close=44
high=43
low=41
sma_50=36
sma_20=30
ema_50=25
ema_20=14

parameters:
[boosting: gbdt]
[objective: quantile]
[metric: quantile]
[tree_learner: serial]
[device_type: cpu]
[data_sample_strategy: bagging]
[data: ]
[valid: ]
[num_iterations: 120]
[learning_rate: 0.05]
[num_leaves: 31]
[num_threads: 0]
[seed: 42]
[deterministic: 0]
[force_col_wise: 0]
[force_row_wise: 0]
[histogram_pool_size: -1]
[max_depth: -1]
[min_data_in_leaf: 20]
[min_sum_hessian_in_leaf: 0.001]
[bagging_fraction: 1]
[pos_bagging_fraction: 1]
[neg_bagging_fraction: 1]
[bagging_freq: 0]
[bagging_seed: 400]
[bagging_by_query: 0]
[feature_fraction: 1]
[feature_fraction_bynode: 1]
[feature_fraction_seed: 30056]
[extra_trees: 0]
[extra_seed: 12879]
[early_stopping_round: 0]
[early_stopping_min_delta: 0]
[first_metric_only: 0]
[max_delta_step: 0]
[lambda_l1: 0]
[lambda_l2: 0]
[linear_lambda: 0]
[min_gain_to_split: 0]
[drop_rate: 0.1]
[max_drop: 50]
[skip_drop: 0.5]
[xgboost_dart_mode: 0]
[uniform_drop: 0]
[drop_seed: 17869]
[top_rate: 0.2]
[other_rate: 0.1]
[min_data_per_group: 100]
[max_cat_threshold: 32]
[cat_l2: 10]
[cat_smooth: 10]
[max_cat_to_onehot: 4]
[top_k: 20]
[monotone_constraints: ]
[monotone_constraints_method: basic]
[monotone_penalty: 0]
[feature_contri: ]
[forcedsplits_filename: ]
[refit_decay_rate: 0.9]
[cegb_tradeoff: 1]
[cegb_penalty_split: 0]
[cegb_penalty_feature_lazy: ]
[cegb_penalty_feature_coupled: ]
[path_smooth: 0]
[interaction_constraints: ]
[verbosity: -1]
[saved_feature_importance_type: 0]
[use_quantized_grad: 0]
[num_grad_quant_bins: 4]
[quant_train_renew_leaf: 0]
[stochastic_rounding: 1]
[linear_tree: 0]
[max_bin: 255]
[max_bin_by_feature: ]
[min_data_in_bin: 3]
[bin_construct_sample_cnt: 200000]
[data_random_seed: 175]
[is_enable_sparse: 1]
[enable_bundle: 1]
[use_missing: 1]
[zero_as_missing: 0]
[feature_pre_filter: 1]
[pre_partition: 0]
[two_round: 0]
[header: 0]
[label_column: ]
[weight_column: ]
[group_column: ]
[ignore_column: ]
[categorical_feature: ]
[forcedbins_filename: ]
[precise_float_parser: 0]
[parser_config_file: ]
[objective_seed: 16083]
[num_class: 1]
[is_unbalance: 0]
[scale_pos_weight: 1]
[sigmoid: 1]
[boost_from_average: 1]
[reg_sqrt: 0]
[alpha: 0.9]
[fair_c: 1]
[poisson_max_delta_step: 0.7]
[tweedie_variance_power: 1.5]
[lambdarank_truncation_level: 30]
[lambdarank_norm: 1]
[label_gain: ]
[lambdarank_position_bias_regularization: 0]
[eval_at: ]
[multi_error_top_k: 1]
[auc_mu_weights: ]
[num_machines: 1]
[local_listen_port: 12400]
[time_out: 120]
[machine_list_filename: ]
[machines: ]
[gpu_platform_id: -1]
[gpu_device_id: -1]
[gpu_use_dp: 0]
[num_gpu: 1]

end of parameters

pandas_categorical:[]
