tree
version=v4
num_class=1
num_tree_per_iteration=1
label_index=0
max_feature_idx=42
objective=quantile
feature_names=open high low close volume log_return_1 return_1 log_return_2 return_2 log_return_3 return_3 log_return_6 return_6 log_return_12 return_12 vol_std_10 vol_std_20 vol_std_50 candle_body candle_range upper_wick lower_wick volume_mean_20 volume_zscore_20 volume_mean_50 volume_zscore_50 ema_20 sma_20 price_minus_ema_20 slope_ema_20 ema_50 sma_50 price_minus_ema_50 slope_ema_50 ema_200 sma_200 price_minus_ema_200 slope_ema_200 rsi atr macd macd_signal macd_hist
feature_infos=[74690.580000000002:126011.17999999999] [75285.039999999994:126199.63] [74508:125648.00999999999] [74690.570000000007:126011.17999999999] [3.9853800000000001:10067.89134] [-0.035890133218213119:0.029861157113717788] [-0.035253718770090314:0.030311472603595346] [-0.052412161538236926:0.045254527572378862] [-0.051062329379604754:0.046294136726498625] [-0.076345624613142066:0.047335711001676224] [-0.07350406858278935:0.048473934238471239] [-0.073152500713729862:0.072296241937359049] [-0.070540923955203727:0.074973749205081708] [-0.081269203324683043:0.10367694423068342] [-0.078054532750242211:0.10924204998249354] [0.00016322146999923581:0.018949945307924917] [0.00027346878892856166:0.014069470977955002] [0.0004120618436617639:0.0093579639131313973] [-3777.2700000000041:2712.8999999999942] [0.0099999999947613105:10510.919999999998] [0:1851.5899999999965] [0:6432.0899999999965] [19.673050499999999:2336.9502454999997] [-2.5403325619437807:4.2393819048503429] [24.762274399999995:1310.0853185999999] [-1.8819750271047107:6.8353700211107622] [75872.833931118483:125289.02922206475] [75857.793999999994:125354.46099999998] [-7696.4656071529607:5711.525555911212] [-810.15427443715453:601.21321641170653] [76607.616053510661:124904.07037472917] [76438.480800000005:125067.561] [-9885.1445516932872:7314.6442610844679] [-403.47528782421432:298.55690861570474] [77866.045862397325:124022.47513872001] [77963.056649999999:124079.62860000001] [-12301.299950189394:8874.7619754131301] [-123.63115527828631:89.193587692599976] [0:97.230330818552233] [26.204285714284715:2956.1150000000011] [-2065.4581696820533:2080.7388784828217] [-1669.0290810108961:1753.0197651514145] [-665.32502812986513:810.29312952900113]
tree_sizes=3017 3005 2988 3030 2985 3002 2980 3008 3000 2982 2990 3002 3024 2944 2989 2922 2971 2985 3004 2964 2967 2963 2988 2946 2982 2973 2986 2964 2963 2945 2980 2943 2961 2949 2976 2950 2955 2962 2963 2952 2941 2930 2909 2886 2906 2917 2939 2926 2949 2937 2928 2931 2902 2954 2983 2920 2960 2977 2912 2911 2888 2898 2875 2919 2879 2877 2888 2928 2960 2941 2885 2882 2833 2907 2917 2957 2875 2917 2890 2920 2968 2949 2950 2935 2933 2931 2918 2901 2890 2912 2929 2881 2875 2883 2922 2893 2893 2874 2906 2915 2921 2915 2874 2878 2965 2974 2936 2910 2982 2969 2893 2938 2923 2883 2917 2902 2916 2940 2853 2922

Tree=0
num_leaves=31
num_cat=0
split_feature=9 5 13 39 23 7 15 16 19 36 13 4 9 24 38 36 15 13 13 28 18 3 40 11 23 23 34 9 19 19
split_gain=16.5909 8.76734 4.19413 2.95793 4.21832 3.33057 3.04134 2.92729 2.70327 2.69136 2.67825 3.17785 3.57599 2.63913 2.64865 2.59264 2.54464 2.49468 4.0492 3.69839 3.03643 2.69083 2.61536 2.49752 2.49299 2.35522 2.35487 2.73568 2.73271 2.63926
threshold=-0.0016446363779166987 0.00078008669051725344 0.00040309177523982276 202.03000000000043 -0.25021046712900374 -0.001139772246451777 0.00097677816685155078 0.0010622574741973089 153.97499999999857 988.09753183324949 -0.0023213380317880904 37.657140000000005 0.0004284930059142384 694.17274710000004 38.957584640109275 1077.5788533122543 0.0010594500578622243 -0.012328542830820285 -0.0008972122146489388 -114.01634177033701 -144.33999999999648 92984.320000000022 1.0000000180025095e-35 -0.0031244294105331328 -0.71025313663306811 -0.51756032152546194 83445.162870944594 0.00072641669938082487 103.195000000007 322.30499999999307
decision_type=2 2 2 2 2 2 2 2 2 2 2 2 2 2 2 2 2 2 2 2 2 2 2 2 2 2 2 2 2 2
left_child=3 9 13 4 25 15 -7 -5 -9 10 11 12 -2 -3 -15 -6 -11 23 -19 20 22 24 -20 -10 -21 -1 -4 28 -28 -29
right_child=1 2 26 7 5 6 -8 8 17 16 -12 -13 -14 14 -16 -17 -18 18 19 21 -22 -23 -24 -25 -26 -27 27 29 -30 -31
leaf_value=9.2459583811432822e-06 1.7781519591153484e-05 -7.9171488778229104e-06 -2.2027025352144845e-06 -3.8705506858605078e-05 7.1495781867270139e-06 5.2065409818169442e-06 -2.3834108696974001e-05 -1.8267244422531802e-05 -8.7066700871218588e-08 -1.3168128907636855e-05 -4.4371901481099482e-06 2.7104524178866997e-06 -2.1370142030718855e-05 -8.6743712472525665e-06 7.6996698362563626e-05 3.7497087350857332e-05 -5.9498221617104722e-06 1.6643817389194737e-05 2.1613660237562726e-05 -9.0101241312368074e-06 -3.7466842013600401e-05 -1.6866676105564692e-06 -2.6171143372266672e-05 -5.0111092832594295e-05 3.2964903539323132e-05 2.3673093846809937e-05 1.6154002105395195e-05 -1.9297940571050277e-05 -9.1450047420948983e-06 -1.7226664613190224e-05
leaf_weight=282 87 2851 356 77 690 68 134 293 930 658 8274 2601 21 37 37 43 2269 2789 160 156 194 819 131 92 334 168 20 1870 882 1757
leaf_count=282 87 2851 356 77 690 68 134 293 930 658 8274 2601 21 37 37 43 2269 2789 160 156 194 819 131 92 334 168 20 1870 882 1757
internal_value=-4.35737e-06 -0.000699569 -0.00204021 0.00204727 0.00412922 0.00221489 -0.0034697 0.00156468 0.00169113 5.31552e-05 0.000412195 0.00177674 0.0101808 -0.000542819 0.00877943 0.00378145 -0.00129407 0.00193587 0.002434 0.000580927 -0.00314869 0.00196279 8.15533e-05 -0.000297899 0.0048936 0.00810675 -0.0029368 -0.00324459 -0.000780411 -0.0038574
internal_weight=29080 21720 7810 7360 1385 935 202 5975 5898 13910 10983 2709 108 2925 74 733 2927 5605 4583 1794 485 1309 291 1022 490 450 4885 4529 902 3627
internal_count=29080 21720 7810 7360 1385 935 202 5975 5898 13910 10983 2709 108 2925 74 733 2927 5605 4583 1794 485 1309 291 1022 490 450 4885 4529 902 3627
is_linear=0
shrinkage=1


Tree=1
num_leaves=31
num_cat=0
split_feature=9 5 13 13 13 23 15 30 23 28 4 36 36 16 7 11 39 23 36 13 4 9 16 21 3 19 25 13 4 34
split_gain=14.7507 7.98141 3.58435 2.78475 3.36865 3.27701 2.8877 3.86966 3.66893 3.32528 2.95418 2.99745 2.69614 2.81296 2.67345 2.59823 2.57 2.53158 2.42528 2.46437 2.89037 3.39943 2.3253 2.3235 4.46857 4.273 2.29455 2.61999 2.26654 2.22323
threshold=-0.0016446363779166987 0.00078008669051725344 0.00040309177523982276 -0.011735016792162056 -0.00095248880250158659 0.85716736644115843 0.001127219146531849 103823.6161242715 -0.71025313663306811 -85.055725756807064 357.93187000000006 1861.0760137053151 2301.6187650614306 0.0026130360680478963 -0.00075711867208003039 -0.0041409493610308741 613.41071428571274 -0.37489799371223614 988.09753183324949 -0.0023213380317880904 37.657140000000005 0.0004284930059142384 0.0015659727413331597 40.54000000000088 121897.99500000001 193.00499999999741 -0.94947486160024674 -0.0049458766222335018 191.06349000000003 83502.877906715803
decision_type=2 2 2 2 2 2 2 2 2 2 2 2 2 2 2 2 2 2 2 2 2 2 2 2 2 2 2 2 2 2
left_child=3 18 23 15 14 6 -6 8 10 -10 11 16 -9 -14 -5 -1 -8 26 19 20 21 -2 -19 24 -3 -25 -16 -28 -24 -4
right_child=1 2 29 4 5 -7 7 12 9 -11 -12 -13 13 -15 17 -17 -18 22 -20 -21 -22 -23 28 25 -26 -27 27 -29 -30 -31
leaf_value=4.7793376711524618e-06 2.1031945127560903e-05 2.7764427272813919e-06 1.4749412025594212e-06 1.9028402787171219e-05 1.3291671095885249e-05 -1.8411182261388606e-05 4.3012922219531902e-06 -6.8365480433385527e-06 -1.1576281774523523e-05 3.246570513738334e-05 0.00010676206758716944 -5.1525093283544265e-05 -1.0035586153662735e-05 6.4884145770065517e-05 -2.4029852299918277e-05 -3.9734024846893595e-05 -8.3727404842193209e-05 -1.8422452901631916e-05 -3.8519031181749597e-06 -7.5829124739357229e-08 6.7144313129574595e-06 -1.6162133413217819e-05 3.513522211733289e-05 -2.9468856280345793e-05 -4.3262664746634982e-05 -7.2670050371925759e-06 -3.7282993957887812e-06 2.9273901293436212e-05 -9.4799411613166753e-06 -1.1004784480519448e-05
leaf_weight=979 87 1511 374 3188 226 273 281 801 159 449 26 37 44 35 42 126 29 178 2927 8274 2601 21 61 100 33 1281 102 176 148 4511
leaf_count=979 87 1511 374 3188 226 273 281 801 159 449 26 37 44 35 42 126 29 178 2927 8274 2601 21 61 100 33 1281 102 176 148 4511
internal_value=-5.15818e-06 -0.000660681 -0.00193982 0.00192935 0.00233813 0.000847458 0.00152132 0.000873186 0.00303262 0.00542763 -0.000871314 -0.00208934 -0.00153409 0.00727848 0.00324134 -0.000384615 -0.000483871 0.000459689 5.75126e-05 0.000398343 0.00170727 0.00972222 -0.00226098 -0.000555556 0.000777202 -0.00204562 0.00375 0.00539568 0.00131579 -0.00276868
internal_weight=29080 21720 7810 7360 6255 2360 2087 1861 981 608 373 347 880 79 3895 1105 310 707 13910 10983 2709 108 387 2925 1544 1381 320 278 209 4885
internal_count=29080 21720 7810 7360 6255 2360 2087 1861 981 608 373 347 880 79 3895 1105 310 707 13910 10983 2709 108 387 2925 1544 1381 320 278 209 4885
is_linear=0
shrinkage=0.05


Tree=2
num_leaves=31
num_cat=0
split_feature=7 5 38 16 18 34 9 30 38 38 21 4 7 39 3 32 23 16 19 26 19 13 36 42 24 15 39 25 23 19
split_gain=13.9324 5.41247 5.0483 3.8271 4.08527 3.3757 3.28096 3.8105 2.76866 2.83069 2.54517 3.46818 3.11813 3.39071 2.86908 2.70009 2.68436 2.51384 2.48915 2.51304 2.31546 2.37782 3.15393 2.54281 2.19607 2.43624 2.14919 2.50186 2.10116 2.09102
threshold=-0.001139772246451777 0.00069519119898896816 60.442308474770783 0.0016372950292679008 -16.065000000002325 118160.70673361454 0.00082461129757564007 84252.843666573768 19.728491322239517 53.394395234706494 38.655000000006119 855.36614500000007 0.0017599228711675699 300.9160714285718 121897.99500000001 -718.10579637277249 2.3710812016656764 0.0025696280216459554 195.43499999999042 84847.428073963194 184.52999999999159 0.0062030141397986819 -1438.7224431389839 59.872495868299346 140.91032830000003 0.00093811788876271124 245.22571428571663 -0.92938070219152991 -1.2729123971418763 266.44999999999715
decision_type=2 2 2 2 2 2 2 2 2 2 2 2 2 2 2 2 2 2 2 2 2 2 2 2 2 2 2 2 2 2
left_child=3 -2 10 4 8 -6 -4 -8 -1 -10 11 12 13 14 15 -3 -14 -15 -9 -20 21 22 23 -5 25 -12 27 -24 -28 -19
right_child=1 2 6 20 5 -7 7 18 9 -11 24 -13 16 17 -16 -17 -18 29 19 -21 -22 -23 26 -25 -26 -27 28 -29 -30 -31
leaf_value=-7.0602531765189275e-06 -5.9436560732706366e-08 3.9275359185353409e-05 -6.6262458005894579e-07 3.730418622251364e-05 1.0775450012658893e-06 -3.396960818703576e-05 5.6375152120153876e-06 -1.8758846037286505e-05 1.522249647348417e-05 4.2572665355180565e-06 -2.6886788661272478e-05 0.00011218212274741291 -4.4689096199590496e-06 3.0328717118550233e-05 -1.7290016916490458e-05 1.0580158090078839e-06 -4.2976718098202581e-05 -2.2270268891020352e-05 -5.0902754148978612e-05 -1.5420209158605757e-05 8.5609554620305062e-06 1.5886414709370912e-05 -2.8901582376306579e-05 -2.4590082843246823e-05 -6.4917575151639538e-06 -7.7174089007030489e-06 2.4983826232642065e-05 1.0330826960270658e-05 -2.8252372825704699e-05 4.8756062923871468e-05
leaf_weight=175 12104 25 629 34 481 48 293 389 1832 558 90 31 1102 183 27 1240 42 44 47 1778 4787 50 22 21 2133 445 22 128 224 96
leaf_count=175 12104 25 629 34 481 48 293 389 1832 558 90 31 1102 183 27 1240 42 44 47 1778 4787 50 22 21 2133 445 22 128 224 96
internal_value=-1.37552e-05 -0.000710214 -0.00166977 0.00170604 0.00310278 -0.000897921 -0.00326849 -0.00407858 0.00392788 0.00437238 -0.000751191 0.000304659 0.000117796 0.00153251 0.000386997 0.000731225 -0.00187937 0.00611455 -0.00478771 -0.0040137 0.000888805 -0.00234531 -0.00349224 0.00772727 -0.00185532 -0.00471963 -0.00505051 -0.000333333 -0.00792683 0.00107143
internal_weight=29080 20698 8594 8382 3094 529 3136 2507 2565 2390 5458 2790 2759 1615 1292 1265 1144 323 2214 1825 5288 501 451 55 2668 535 396 150 246 140
internal_count=29080 20698 8594 8382 3094 529 3136 2507 2565 2390 5458 2790 2759 1615 1292 1265 1144 323 2214 1825 5288 501 451 55 2668 535 396 150 246 140
is_linear=0
shrinkage=0.05


Tree=3
num_leaves=31
num_cat=0
split_feature=9 5 13 13 38 7 28 11 40 36 32 2 41 20 23 18 34 25 23 17 15 39 1 4 11 7 16 42 9 28
split_gain=13.0186 6.63675 2.86236 2.39611 2.9389 2.66678 3.07064 2.37604 2.36266 2.34653 3.38136 3.19242 3.03443 2.74124 3.01474 2.67916 2.60489 2.58323 3.27724 2.61034 3.27351 2.83314 2.45946 2.34113 2.33493 2.31159 2.37421 3.73437 3.3608 2.4665
threshold=-0.0016446363779166987 0.00078008669051725344 0.00040309177523982276 -0.011735016792162056 41.436500501884417 -0.00040053230028750666 -28.43664650006394 -0.0030520334835761331 18.643386270450723 -317.81154228247755 -529.18330546864297 115045.73000000001 -316.36273396018635 27.70999999999913 -1.412017805793633 -41.779999999998829 118266.81912798314 0.18238936720258361 -0.25933474713103549 0.0020877473128135446 0.0017812674875033469 199.48249999999931 118140.00500000002 84.928545000000014 -0.0041409493610308741 0.00035025967111848263 0.0014300191259006055 -17.141931304305231 0.0012906832064551812 -12.066509542863058
decision_type=2 2 2 2 2 2 2 2 2 2 2 2 2 2 2 2 2 2 2 2 2 2 2 2 2 2 2 2 2 2
left_child=3 9 -3 24 5 6 8 -7 -5 11 -11 15 -13 14 -12 17 22 19 -19 -2 21 -21 25 -9 -1 -16 27 -27 29 -29
right_child=1 2 -4 4 -6 7 -8 23 -10 10 13 12 -14 -15 16 -17 -18 18 -20 20 -22 -23 -24 -25 -26 26 -28 28 -30 -31
leaf_value=4.1123230144933131e-06 1.5985608313554423e-05 -2.2211529766025251e-06 -9.4082386955562934e-06 1.4871567584629021e-05 5.9196680542584092e-06 1.8281701834899879e-05 -4.3670194903955212e-05 2.8927255515424834e-05 3.1663446209273616e-05 2.1767097162961592e-05 1.4289961671079966e-05 -2.3155419797876319e-05 1.1233210222909663e-05 5.2356255171801538e-07 -1.6448084380890295e-06 -3.0872356575336823e-06 -1.8637355630079003e-05 -6.4544922445437442e-05 -1.1927244192143861e-06 2.3180012629223515e-05 1.6639868678664274e-05 -1.940863143559781e-05 7.2670785974203507e-06 -2.9442610380913694e-05 -3.7849624750600703e-05 -1.6860868967926733e-05 -3.9794167118358815e-07 -2.0704494984033061e-05 -1.6546647550216421e-05 1.0138710334622659e-06
leaf_weight=979 753 2925 4885 1929 3634 171 23 30 358 127 120 88 592 5342 2199 1923 242 32 380 29 608 168 170 110 126 143 348 73 221 352
leaf_count=979 753 2925 4885 1929 3634 171 23 30 358 127 120 88 592 5342 2199 1923 242 32 380 29 608 168 170 110 126 143 348 73 221 352
internal_value=-1.03164e-05 -0.000626151 -0.00179257 0.00180707 0.00218625 0.00346242 0.00404762 -0.000884244 0.00423043 2.87563e-05 -0.000425726 0.000956702 0.00411765 -0.000537459 -0.00155119 0.000404572 -0.00180096 0.00170051 -0.00182039 0.00263158 0.000652174 -0.00494924 -0.00145465 -0.00571429 -0.000339367 -0.0017536 -0.00358399 -0.00510139 -0.00348297 -0.000882353
internal_weight=29080 21720 7810 7360 6255 2621 2310 311 2287 13910 9337 4573 680 9210 3868 3893 3748 1970 412 1558 805 197 3506 140 1105 3336 1137 789 646 425
internal_count=29080 21720 7810 7360 6255 2621 2310 311 2287 13910 9337 4573 680 9210 3868 3893 3748 1970 412 1558 805 197 3506 140 1105 3336 1137 789 646 425
is_linear=0
shrinkage=0.05


Tree=4
num_leaves=31
num_cat=0
split_feature=7 5 9 2 16 18 20 23 2 38 24 7 18 19 38 38 17 32 13 42 24 20 21 17 16 21 5 16 13 35
split_gain=12.013 4.6056 4.42664 3.99482 3.97409 3.92192 3.65362 3.70618 3.17768 3.59043 3.39943 3.0976 3.01658 2.70426 2.68047 2.96778 2.62029 2.59512 2.51595 2.35688 2.34903 2.34129 2.34896 2.29879 3.32548 2.52534 2.37008 2.28126 2.25063 2.16251
threshold=-0.001139772246451777 0.00069519119898896816 0.0016854531464424248 84462.330000000016 0.0016372950292679008 -16.065000000002325 81.345000000001178 -0.78713570069005445 110870.13500000002 36.704122524677437 112.36463190000002 0.00172160791872993 103.99500000000263 156.51999999999683 19.728491322239517 53.394395234706494 0.0020795573392269266 145.98128804862793 0.0027753748168469006 34.019739092922975 214.80993990000005 23.275000000001459 28.310000000004951 0.0016057485589222994 0.0010463959365143753 5.8050000000002919 0.0019142589320479205 0.0040832260370530929 -0.0013920075338436815 103738.39095000002
decision_type=2 2 2 2 2 2 2 2 2 2 2 2 2 2 2 2 2 2 2 2 2 2 2 2 2 2 2 2 2 2
left_child=4 -2 23 21 5 14 12 -8 10 -10 -7 -9 17 -6 -1 -16 -12 29 -13 -11 -19 22 -4 25 -25 -3 -27 -23 -18 -5
right_child=1 2 3 6 13 8 7 11 9 19 16 18 -14 -15 15 -17 28 20 -20 -21 -22 27 -24 24 -26 26 -28 -29 -30 -31
leaf_value=-7.5065209333707019e-06 -2.6947624693356431e-08 1.0558377020022471e-06 -3.9208375323852355e-05 -2.4814525589015696e-05 -1.2364604899791835e-05 -1.3820136542003676e-05 -4.2452461036064908e-05 1.6429397767878129e-05 2.5421024492361541e-05 -3.3507073455352413e-05 2.5502960604429711e-05 4.0648844330448246e-06 -1.3310623504172271e-05 7.0994395528989964e-06 1.4133828883500694e-05 4.0724343559014289e-06 1.7980582834339883e-05 -2.9484589718122172e-05 -1.7960059200832747e-05 1.3265410180971421e-05 -1.7033010420536244e-05 2.3162066471967084e-05 6.1201132497359367e-07 2.4103792976710282e-05 1.7612110878823729e-06 -8.5008857833010169e-06 1.0349594534903873e-05 -1.9658507214317924e-05 -4.8667035450231462e-05 6.3724042958125259e-06
leaf_weight=175 12104 564 48 63 264 121 91 195 47 117 173 346 2280 5024 1832 558 27 128 622 24 67 327 85 51 2457 932 128 144 20 66
leaf_count=175 12104 564 48 63 264 121 91 195 47 117 173 346 2280 5024 1832 558 27 128 622 24 67 327 85 51 2457 932 128 144 20 66
internal_value=1.71939e-06 -0.00064499 -0.00153014 -0.00262214 0.00159866 0.00302198 -0.0032141 -0.00099681 -0.000897921 -0.00611702 0.00197947 -0.000236457 -0.00428187 0.000765885 0.00383041 0.00426778 0.00568182 -0.0087963 -0.00139463 -0.0101064 -0.0124359 0.00115894 -0.00469925 -0.00035092 0.000598086 -0.0018165 -0.00325472 0.00281316 -0.00478723 -0.00329457
internal_weight=29080 20698 8594 4462 8382 3094 3858 1254 529 188 341 1163 2604 5288 2565 2390 220 324 968 141 195 604 133 4132 2508 1624 1060 471 47 129
internal_count=29080 20698 8594 4462 8382 3094 3858 1254 529 188 341 1163 2604 5288 2565 2390 220 324 968 141 195 604 133 4132 2508 1624 1060 471 47 129
is_linear=0
shrinkage=0.05


Tree=5
num_leaves=31
num_cat=0
split_feature=9 5 38 36 15 23 27 7 25 20 18 9 22 22 20 34 24 15 25 23 7 17 17 21 18 21 21 11 17 16
split_gain=11.2915 5.90853 2.56802 2.37024 2.45773 2.3173 2.30855 2.8079 2.2116 2.19637 2.60689 2.32789 2.19526 2.408 2.18876 2.17872 2.17429 2.10408 2.08718 2.05972 2.096 3.52875 2.64753 3.02608 2.44273 2.34029 2.28272 2.27109 2.1625 2.57937
threshold=-0.0014997041942562705 0.00078008669051725344 60.442308474770783 988.09753183324949 0.0010594500578622243 -0.94949148311778575 84994.165250000005 0.00067761143633468491 4.8096567391556677 12.305000000000293 83.839999999996522 0.0016150489017786255 60.307239000000003 76.051347500000006 171.63500000000207 104897.44174031082 76.930767100000011 0.0032589440273380755 -0.92938070219152991 -1.5178463200561023 -0.00071314866226192286 0.0014321398883969515 0.0015765172805312663 121.44499999999972 -1.4149999999935969 93.745000000002634 9.4399999999950541 0.0035291598608784224 0.0016661320768444987 0.0012490464183407214
decision_type=2 2 2 2 2 2 2 2 2 2 2 2 2 2 2 2 2 2 2 2 2 2 2 2 2 2 2 2 2 2
left_child=8 3 9 -2 5 15 -6 -8 19 10 -3 12 -12 -14 -4 -5 -13 -15 -7 -1 21 24 23 -22 25 -21 -26 28 -24 -30
right_child=1 2 14 4 6 18 7 -9 -10 -11 11 16 13 17 -16 -17 -18 -19 -20 20 22 -23 27 -25 26 -27 -28 -29 29 -31
leaf_value=2.4144188757238157e-05 9.0739877875335576e-07 -3.5250570190641891e-05 -1.1379373153746074e-05 2.1144617513543832e-05 -2.1996066233425615e-05 -3.0181528544728744e-05 -6.1244807411480968e-06 8.2574280995845538e-06 -6.9148458163844519e-05 -1.2068384551242132e-06 -1.1972619159888133e-05 9.8320718244356813e-06 1.6600317794757002e-05 -5.6474906624354663e-06 5.9074321866156515e-06 -9.5158439549696583e-06 -1.923646204706252e-05 5.1513725574872597e-05 -8.3953360253713126e-06 1.6770169834682112e-05 -4.4509147157668733e-06 8.2572870990747968e-06 2.4881005713259541e-05 -5.1849023952817077e-05 3.7408111332456632e-05 1.1650001654817728e-06 -7.1432151759677311e-06 4.2487273855467676e-05 -2.3661620829910825e-05 2.3540111556138695e-06
leaf_weight=44 10681 47 2632 31 185 26 1185 835 99 3549 54 21 62 557 327 88 462 23 495 856 312 4953 69 65 27 193 135 97 32 938
leaf_count=44 10681 47 2632 31 185 26 1185 835 99 3549 54 21 62 557 327 88 462 23 495 856 312 4953 69 65 27 193 135 97 32 938
internal_value=-6.87758e-06 -0.000604421 -0.00170675 2.58761e-05 -0.00125659 -0.00398438 -0.000464853 2.47525e-05 0.00161765 -0.000989529 -0.00281403 -0.00235369 -0.000502874 0.000311526 -0.00286414 0.00231092 -0.0050207 -0.000689655 -0.00542226 0.00171286 0.00165104 0.00206035 -1.65235e-05 -0.00364721 0.00447977 0.00536225 -0.00123457 0.00118838 0.000505294 -0.000103093
internal_weight=29080 21260 7734 13526 2845 640 2205 2020 7820 4775 1226 1179 696 642 2959 119 483 580 521 7721 7677 6164 1513 377 1211 1049 162 1136 1039 970
internal_count=29080 21260 7734 13526 2845 640 2205 2020 7820 4775 1226 1179 696 642 2959 119 483 580 521 7721 7677 6164 1513 377 1211 1049 162 1136 1039 970
is_linear=0
shrinkage=0.05


Tree=6
num_leaves=31
num_cat=0
split_feature=9 5 20 9 0 20 38 23 7 18 36 31 7 19 41 25 23 36 15 27 7 20 30 38 21 7 17 19 21 0
split_gain=10.2373 5.14151 2.42453 2.50912 3.17537 2.32006 2.64549 2.44448 3.3564 3.64229 2.68585 2.59775 2.41534 2.3153 2.26215 2.17368 2.08452 2.05655 2.33606 2.13719 2.5381 2.02156 3.08516 2.24221 2.13333 2.01612 3.38195 2.44738 2.57857 3.49045
threshold=-0.0014997041942562705 0.00078008669051725344 264.46500000000384 0.00201666611879591 123334.57000000002 1.3949999999967988 41.436500501884417 -0.57317264520131739 0.0016828350868768067 101.65000000000147 -1773.2299270360161 83019.764500000019 0.0042067463447172859 329.50999999999482 12.014148944657689 4.8096567391556677 -1.5178463200561023 988.09753183324949 0.0010594500578622243 84994.165250000005 0.00067761143633468491 59.060000000004955 91147.05358025241 71.895459121092628 97.899999999994193 -0.00071314866226192286 0.0014321398883969515 131.08499999999916 26.235000000007862 106746.85500000001
decision_type=2 2 2 2 2 2 2 2 2 2 2 2 2 2 2 2 2 2 2 2 2 2 2 2 2 2 2 2 2 2
left_child=15 17 3 -3 5 6 -5 -7 9 -9 12 13 -10 -12 -8 16 -1 -2 -19 -20 -21 22 -11 24 -24 26 -18 28 29 -27
right_child=1 2 -4 4 -6 7 14 8 10 21 11 -13 -14 -15 -16 -17 25 18 19 20 -22 -23 23 -25 -26 27 -28 -29 -30 -31
leaf_value=2.2936979319376246e-05 8.6202883981568804e-07 -2.9127780139910396e-06 2.0718043157284252e-05 -6.398877270845462e-05 -4.7757008512961126e-05 -1.7279177410906141e-05 -3.5410375503883825e-07 -4.2598702654393567e-05 4.611226874632704e-05 3.5796495673502095e-05 3.3638902763024253e-05 -1.4832631128323873e-05 -1.2784914647827176e-05 -1.8122912721637971e-05 -2.7689107469332884e-05 -6.5691035255652298e-05 1.2756502097171377e-05 -8.0017750498898375e-06 -2.0896262921754336e-05 -5.8182567040906913e-06 7.8445566946053254e-06 3.7365672545956296e-05 1.1139765458273538e-05 -3.1532393037290921e-05 -3.9314824187092113e-05 -2.8825494712338216e-05 7.8444227441210572e-06 2.9734557344585118e-06 -2.1865053994164017e-05 2.4602019525784194e-05
leaf_weight=44 10681 3775 310 31 24 701 161 59 68 39 46 1771 114 85 221 99 1211 640 185 1185 835 177 96 32 24 50 4953 1369 60 34
leaf_count=44 10681 3775 310 31 24 701 161 59 68 39 46 1771 114 85 221 99 1211 640 185 1185 835 177 96 32 24 50 4953 1369 60 34
internal_value=6.87758e-06 -0.000562088 -0.00159038 -0.00177128 -0.00270622 -0.00258621 -0.0061138 -0.00213263 -0.00140382 0.00263466 -0.00223129 -0.00278654 0.00357143 0.00400763 -0.00497382 0.00155371 0.0016481 2.58761e-05 -0.00116872 -0.000396825 7.42574e-05 0.0044837 0.00091623 -0.00230263 0.000833333 0.00158591 0.00198735 -4.95704e-05 -0.00625 -0.000595238
internal_weight=29080 21260 7734 7424 3649 3625 413 3212 2511 427 2084 1902 182 131 382 7820 7721 13526 2845 2205 2020 368 191 152 120 7677 6164 1513 144 84
internal_count=29080 21260 7734 7424 3649 3625 413 3212 2511 427 2084 1902 182 131 382 7820 7721 13526 2845 2205 2020 368 191 152 120 7677 6164 1513 144 84
is_linear=0
shrinkage=0.05


Tree=7
num_leaves=31
num_cat=0
split_feature=5 9 20 30 28 9 13 27 7 21 42 39 18 19 22 5 41 4 32 28 15 38 23 25 7 4 38 11 15 16
split_gain=9.38017 4.26598 3.98415 3.5534 4.06493 2.94393 2.71236 3.581 2.68723 2.66184 3.0673 2.93208 2.93109 3.40975 2.57516 3.47007 2.50272 2.47274 2.92397 2.62694 2.42914 2.78178 2.3288 2.29708 2.28027 3.90596 2.54869 2.87391 2.37501 2.84335
threshold=-0.00041826921869977311 0.0016854531464424248 59.060000000004955 118516.97984329514 -224.27399614907333 -0.005093780221147569 -0.0008972122146489388 82886.141500000012 0.0019065754913470533 5.8050000000002919 97.604368970999545 329.11285714285731 95.360000000000596 142.14499999999683 275.43913400000008 -0.00018527180089374012 326.89252627066639 386.18837500000006 -186.1507884151433 60.942027129909555 0.0012848489872156364 71.895459121092628 -1.0238412558829009 4.8096567391556677 -0.0012156047248508227 84.160325000000014 25.32313280136702 -0.0041409493610308741 0.0041239049631587111 0.0039423099177122202
decision_type=2 2 2 2 2 2 2 2 2 2 2 2 2 2 2 2 2 2 2 2 2 2 2 2 2 2 2 2 2 2
left_child=6 3 -3 4 -2 -5 7 -1 -4 10 -6 12 -11 -14 15 -13 -17 18 19 -16 21 -7 -22 24 25 -9 27 -27 -28 -30
right_child=1 2 8 5 9 20 -8 23 -10 11 -12 14 13 -15 17 16 -18 -19 -20 -21 22 -23 -24 -25 -26 26 28 -29 29 -31
leaf_value=-3.1619145018983079e-05 1.2668584613912809e-05 -1.0685783687999402e-05 6.8113669944341493e-06 -0.00015237680497756314 3.0627323002096417e-06 -2.1076807330930159e-05 1.3237620313048465e-06 1.927543788768734e-05 -6.7760768861929588e-06 -1.3255238051690105e-06 -5.1566536656299593e-05 -1.9065818239275246e-05 -2.1523624002851578e-05 -7.7296513545978014e-06 -4.659074318967015e-05 3.1289093693612864e-05 -3.3795564143488242e-05 -3.5344518593476741e-05 1.4540354206706952e-05 4.3352584438573824e-05 2.2385934531696139e-05 1.9328086668439724e-05 -1.3811158738309386e-05 -6.2406483492869681e-05 4.3641896820669606e-06 1.0478277179676244e-05 1.6994187710568589e-05 -1.3253160321284958e-05 -6.1939949297253901e-05 3.3985103677352159e-05
leaf_weight=285 1941 3268 979 20 1952 234 5340 374 1899 4566 45 44 60 1259 85 402 32 140 413 22 51 25 373 93 2072 566 2189 165 68 118
leaf_count=285 1941 3268 979 20 1952 234 5340 374 1899 4566 45 44 60 1259 85 402 32 140 413 22 51 25 373 93 2072 566 2189 165 68 118
internal_value=6.87758e-06 -0.000707468 -0.00177351 -0.000145748 7.52669e-05 -0.00359175 0.00113576 0.00187184 -0.000416956 -0.000371397 0.00123936 -0.000829418 -0.00127867 -0.00335481 0.00149385 0.0042887 0.00564516 -0.000530303 0.00105769 -0.00630841 -0.00303807 -0.00685328 -0.000707547 0.00214792 0.00227846 0.00306034 0.00247907 -0.000102599 0.00327368 -0.00215054
internal_weight=29080 17810 6146 11664 10961 703 11270 5930 2878 9020 1997 7023 5885 1319 1138 478 434 660 520 107 683 259 424 5645 5552 3480 3106 731 2375 186
internal_count=29080 17810 6146 11664 10961 703 11270 5930 2878 9020 1997 7023 5885 1319 1138 478 434 660 520 107 683 259 424 5645 5552 3480 3106 731 2375 186
is_linear=0
shrinkage=0.05


Tree=8
num_leaves=31
num_cat=0
split_feature=9 18 22 32 5 23 40 20 31 13 39 35 15 20 17 11 42 28 36 35 28 4 34 36 25 4 25 35 25 11
split_gain=8.90304 4.1574 2.84401 2.82147 2.42019 2.40823 2.21292 2.17535 2.69873 2.80153 2.61579 2.543 2.88432 3.76741 3.27631 2.54811 2.93779 2.72073 2.75891 2.55223 2.53778 3.27652 2.60924 2.45818 2.39256 2.33402 2.31294 2.31268 4.01068 2.29841
threshold=-0.0016446363779166987 -49.165000000008142 50.225507250000014 505.36727908184554 -0.0003324508277767299 -1.5178463200561023 947.64763549363136 30.785000000003496 118099.62240000001 0.0042487734364813753 343.5589285714305 103361.48510000002 0.0017719318005239881 0.01000000000203727 0.0022264902652896386 0.0030196643384530469 -9.6685946080682452 187.12692195444836 -44.701287038369621 109343.86770000002 410.12184360055841 855.36614500000007 116709.43121282708 593.63508669981104 -0.85556647897929494 73.440885000000009 -1.0978834256774381 88524.718275000021 -0.60650336316702547 -0.00047304864562612228
decision_type=2 2 2 2 2 2 2 2 2 2 2 2 2 2 2 2 2 2 2 2 2 2 2 2 2 2 2 2 2 2
left_child=5 2 -2 7 -5 -1 -7 8 11 10 24 27 13 -13 -14 16 23 18 26 -17 21 22 -9 -15 -10 -20 -18 -3 29 -29
right_child=1 3 -4 4 -6 6 -8 20 9 -11 -12 12 14 15 -16 19 17 -19 25 -21 -22 -23 -24 -25 -26 -27 -28 28 -30 -31
leaf_value=3.1531879658971167e-05 8.5834383167457637e-06 -2.2000337557045555e-06 1.6062754306396119e-06 -2.6577740184138374e-05 -8.5657388687976136e-06 6.8876881810763595e-06 4.689943671250966e-05 -5.0057762206845683e-07 -2.7147768648975692e-05 9.3713567756188026e-06 1.3640053420463343e-05 5.6874180318542902e-06 2.4776188036145849e-05 -3.472826752584089e-06 -1.329932957549373e-05 -3.895883042292923e-06 -1.3569692527892345e-05 -1.1344115938944641e-05 2.0648309552518507e-06 -2.5296708392446194e-05 -2.5869052560021188e-05 8.9517386037208334e-05 7.4265959946011171e-06 -1.8958965648955885e-05 -1.8585752536463072e-05 2.5893213850481625e-05 2.8617264792738283e-08 1.2772960311936114e-05 -1.4970863752650669e-05 -6.6401326793355824e-06
leaf_weight=40 186 878 5710 130 3478 7290 30 5685 62 45 45 799 265 494 151 97 40 230 276 91 271 71 795 193 200 115 441 123 514 335
leaf_count=40 186 878 5710 130 3478 7290 30 5685 62 45 45 799 265 494 151 97 40 230 276 91 271 71 795 193 200 115 441 123 514 335
internal_value=1.20358e-05 -0.000497238 0.000636024 -0.000919489 -0.002148 0.00151495 0.00144809 -0.000556647 -0.00130701 -0.00553977 -0.00724756 -0.0010115 -0.000156642 -0.000738473 0.00372596 -0.00190946 -0.00132756 0.000272232 0.00154817 -0.00744681 3.66461e-05 0.000232789 0.000115741 -0.00389374 -0.00916031 0.00466752 -0.000987526 -0.00248649 -0.00416667 -0.000764192
internal_weight=29080 21720 5896 15824 3608 7360 7320 12216 5394 352 307 5042 3192 2776 416 1977 1789 1102 872 188 6822 6551 6480 687 262 391 481 1850 972 458
internal_count=29080 21720 5896 15824 3608 7360 7320 12216 5394 352 307 5042 3192 2776 416 1977 1789 1102 872 188 6822 6551 6480 687 262 391 481 1850 972 458
is_linear=0
shrinkage=0.05


Tree=9
num_leaves=31
num_cat=0
split_feature=9 5 11 19 34 9 28 25 1 5 36 19 23 21 16 20 30 15 24 22 15 22 4 22 34 25 18 15 15 11
split_gain=8.15816 3.91709 2.00486 2.726 3.20978 3.06411 2.59414 2.34409 2.42282 2.8458 2.22232 3.20574 2.58773 2.24961 2.86247 2.53099 2.65049 2.31748 2.44535 2.22822 2.19601 2.75712 2.07592 2.66304 2.33419 2.05227 2.04801 2.57287 2.07147 2.31622
threshold=-0.0016446363779166987 0.00078008669051725344 0.0030862676598489248 337.70499999999453 83903.710665494335 0.0028471172980818588 504.50856183849834 -0.43721535678675133 87438.615000000005 0.0024737143701942777 -1731.319253991205 679.54499999999837 0.83011198519070484 36.004999999997388 0.0017940312810200579 148.59999999999857 113560.66893364809 0.00093064986535267718 149.58660490000003 109.73114000000002 0.0017161713090620885 277.78871600000008 222.04641000000001 206.91112775000002 112619.57622291039 -0.60650336316702547 406.25499999999744 0.0015406851621796122 0.0014648139582041115 -0.00081513548411882395
decision_type=2 2 2 2 2 2 2 2 2 2 2 2 2 2 2 2 2 2 2 2 2 2 2 2 2 2 2 2 2 2
left_child=-1 -2 10 4 -4 25 7 8 9 -5 12 13 -3 14 22 16 19 18 -15 -16 -7 -22 -12 24 -24 -6 27 28 29 -19
right_child=1 2 3 6 5 20 -8 -9 -10 -11 11 -13 -14 17 15 -17 -18 26 -20 -21 21 -23 23 -25 -26 -27 -28 -29 -30 -31
leaf_value=6.948594925396297e-06 6.2370149437415181e-09 9.1370037411756626e-06 1.7070609723174413e-05 -2.7330716605999664e-06 -1.9905726967994689e-05 -2.9953891590039766e-05 -1.7156180289217467e-05 1.7728650052266309e-05 3.2639677457050566e-07 -8.0599153361926327e-05 -3.394750413555334e-06 -6.611563822180101e-05 6.0767989540016364e-05 -2.4488552162313627e-05 5.0948470674212618e-05 5.1369803152495189e-05 1.913636946113113e-05 -1.5011373388121831e-05 9.3100791240181325e-06 -1.0553225928543495e-06 -5.2721176174889393e-06 -5.0437769669879003e-05 3.0103477975719367e-05 -3.0661312535924756e-05 -6.0847835776146857e-06 -2.6385667060089389e-06 5.0633144825174647e-05 -1.5214602869274971e-05 2.1121083241469198e-05 4.7154201086669066e-06
leaf_weight=7360 13910 456 128 24 217 282 982 538 113 29 1536 110 42 116 22 74 106 147 33 523 199 93 68 23 24 471 39 945 82 388
leaf_count=7360 13910 456 128 24 217 282 982 538 113 29 1536 110 42 116 22 74 106 147 33 523 199 93 68 23 24 471 39 945 82 388
internal_value=-1.20358e-05 -0.00049954 -0.00139565 -0.00238947 -0.00402878 -0.00479398 -0.00103796 0.00127841 -0.00391566 -0.0127358 -0.000749894 -0.00112134 0.00240964 -0.000896752 0.000105219 0.00272414 0.00172811 -0.00225714 -0.00822148 0.000321101 -0.00749129 -0.00445205 -0.00104482 0.00543478 0.00923913 -0.0025436 -0.00170206 -0.00198464 0.000526742 -0.000607477
internal_weight=29080 21720 7810 3076 1390 1262 1686 704 166 53 4734 4236 498 4126 2376 725 651 1750 149 545 574 292 1651 115 92 688 1601 1562 617 535
internal_count=29080 21720 7810 3076 1390 1262 1686 704 166 53 4734 4236 498 4126 2376 725 651 1750 149 545 574 292 1651 115 92 688 1601 1562 617 535
is_linear=0
shrinkage=0.05


Tree=10
num_leaves=31
num_cat=0
split_feature=5 9 30 28 20 3 35 13 27 25 32 13 11 21 42 21 9 22 25 27 7 4 21 42 39 28 25 28 22 5
split_gain=7.32392 3.23133 3.28306 3.14666 2.97204 2.59516 3.44052 2.55562 3.29492 2.59988 3.57426 2.35726 2.34018 2.35763 2.57123 2.422 3.53117 2.30501 2.3857 2.28655 2.26526 2.23007 2.19063 3.02364 2.31118 2.5088 2.48292 2.94413 2.43635 3.31528
threshold=-0.00041826921869977311 0.0016854531464424248 118516.97984329514 -229.47739096374423 59.060000000004955 114949.55000000002 111551.47475000001 -0.0010515451471918046 82886.141500000012 -0.51665510831183326 -1727.5205264238537 0.0042487734364813753 0.0037553932272630939 119.99500000000263 -36.388043881717444 29.215000000003787 -0.0014290250002059292 90.565516500000015 -1.0042655763759367 114975.29650000001 0.0019427331998643992 154.08002000000002 5.8050000000002919 97.604368970999545 329.11285714285731 -210.95212985025134 1.4160400407128917 -25.512068017211273 275.43913400000008 -0.00018527180089374012
decision_type=2 2 2 2 2 2 2 2 2 2 2 2 2 2 2 2 2 2 2 2 2 2 2 2 2 2 2 2 2 2
left_child=7 2 3 -2 -3 6 20 8 -1 10 -10 -4 13 15 -15 16 17 -12 -19 -7 -6 -13 23 -5 26 -26 -24 -28 29 -27
right_child=1 4 11 22 5 19 -8 -9 9 -11 12 21 -14 14 -16 -17 -18 18 -20 -21 -22 -23 24 -25 25 28 27 -29 -30 -31
leaf_value=-3.0173651757618009e-05 1.2327670549509323e-05 -9.4239989759706482e-06 -1.6234869711161749e-05 2.9002046948048728e-06 1.202395947284184e-05 4.6595875008114912e-05 -2.2142588582079189e-05 9.8120246052713534e-07 8.2326340844572006e-05 6.2599722793437795e-06 3.1637205052391105e-05 2.9343922416354077e-05 8.2262119378317554e-05 2.0350199998633072e-05 -4.3080723167725634e-05 1.9444820999676974e-05 -1.8667397471676218e-06 -2.8383781217819949e-05 2.3677967078673368e-05 4.3132604047039485e-06 -7.5041799580348389e-06 -8.5026080182169791e-06 -2.275209724558431e-06 -4.8963492793128378e-05 -4.3365057305544752e-05 -1.5399279258252908e-05 -3.5547236324958115e-05 -4.9895097847159183e-06 -7.7135269267658435e-07 2.714782713804276e-05
leaf_weight=284 1890 3268 581 1959 729 42 238 5451 24 4032 53 57 41 40 53 596 465 20 211 387 1482 65 5706 45 37 43 87 121 650 423
leaf_count=284 1890 3268 581 1959 729 42 238 5451 24 4032 53 57 41 40 53 596 465 20 211 387 1482 65 5706 45 37 43 87 121 650 423
internal_value=5.15818e-06 -0.000626053 -0.000137174 7.52669e-05 -0.00155386 -0.00038221 -0.00101062 0.00100266 0.0017314 0.0020009 0.00377578 -0.0034495 0.00346518 0.00312935 -0.00456989 0.00366171 0.00176903 0.00616197 0.00400433 0.00320513 -0.000395749 0.00286885 -0.000311432 0.0011477 -0.000725202 0.00132264 -0.00112445 -0.00649038 0.00174731 0.00450644
internal_weight=29080 17810 11664 10961 6146 2878 2449 11270 5819 5535 1503 703 1479 1438 93 1345 749 284 231 429 2211 122 9071 2004 7067 1153 5914 208 1116 466
internal_count=29080 17810 11664 10961 6146 2878 2449 11270 5819 5535 1503 703 1479 1438 93 1345 749 284 231 429 2211 122 9071 2004 7067 1153 5914 208 1116 466
is_linear=0
shrinkage=0.05


Tree=11
num_leaves=31
num_cat=0
split_feature=9 5 20 7 23 42 38 36 1 42 42 4 9 23 13 15 4 25 22 25 40 23 11 32 4 20 23 34 38 0
split_gain=6.93246 3.00056 1.94308 2.42184 2.2508 1.88521 2.32535 1.86353 3.0017 2.37237 2.33186 2.14423 3.28612 2.76862 3.02294 2.31881 2.28783 3.20507 2.25812 2.6549 2.6633 2.19423 2.09659 2.08767 2.00999 1.96857 2.86273 2.50192 2.19836 2.49389
threshold=-0.0016446363779166987 0.00079990725950754131 264.46500000000384 0.0043735435874901153 -0.83332167641911126 -215.01641705598851 14.890841170376442 -317.81154228247755 117817.40500000001 152.48168027144655 -37.07405717352944 242.65301500000001 -0.0011601176752249053 0.26319853970715795 -0.0046179317016156194 0.0043023543904044973 35.563020000000002 -1.1966277990956751 77.124343750000008 0.19550241486829498 21.302944148956161 -0.88454027517696432 -0.0031910362506351033 -529.18330546864297 620.91677000000016 27.70999999999913 -1.412017805793633 118364.17837798667 77.076420660642952 105428.17500000002
decision_type=2 2 2 2 2 2 2 2 2 2 2 2 2 2 2 2 2 2 2 2 2 2 2 2 2 2 2 2 2 2
left_child=-1 5 3 -3 -5 -2 -7 8 11 23 -10 13 -13 14 -8 16 17 -16 -15 -20 22 -14 -21 -9 25 26 -25 28 -28 -30
right_child=1 2 -4 4 -6 6 7 9 10 -11 -12 12 21 18 15 -17 -18 -19 19 20 -22 -23 -24 24 -26 -27 27 -29 29 -31
leaf_value=6.5029281644013294e-06 3.7058286331769835e-05 -3.3658344065041617e-06 1.6695834612789591e-05 -5.0183305969228093e-05 -1.7973371585286164e-05 -2.555059905168657e-05 1.9859483696067514e-05 1.7661820153611098e-05 -3.9409532914700516e-05 5.0371965753877567e-05 1.891409921591458e-05 -5.8029277038314459e-05 -8.0967297827301692e-05 1.3536670652194143e-05 -6.1364333623176432e-06 6.4204004902466871e-05 -2.5561530340783131e-06 1.1646067055317423e-05 2.6157533878470885e-05 1.9723459872165139e-05 2.3169359723619115e-05 -1.5805669820762502e-06 -2.0716596173033984e-05 1.4422956890634063e-05 -5.1373232373725633e-05 3.2007437124202326e-07 -2.0240894316575726e-06 -1.8039700287947396e-05 -3.4014235657251623e-05 -4.2645414486658628e-06
leaf_weight=7360 34 6219 313 87 1088 52 473 119 38 149 214 68 42 176 45 25 2393 242 111 28 32 547 110 120 91 5159 3396 229 45 75
leaf_count=7360 34 6219 313 87 1088 52 473 119 38 149 214 68 42 176 45 25 2393 242 111 28 32 547 110 120 91 5159 3396 229 45 75
internal_value=1.89133e-05 -0.000430479 -0.00122291 -0.00138626 -0.00346809 5.35217e-06 -2.32492e-05 1.61557e-05 0.000847271 -0.000386337 0.00615079 0.000535881 -0.00209285 0.001011 0.000487728 -0.000157116 -0.000298507 0.00391986 0.00464989 0.00186833 -0.00205882 -0.000891341 -0.00507246 -0.000487329 -0.000573231 -0.00049867 -0.00135188 -0.00159546 -0.00126564 -0.00791667
internal_weight=29080 21720 7707 7394 1175 14013 13979 13927 4544 9383 252 4292 657 3635 3178 2705 2680 287 457 281 170 589 138 9234 9115 9024 3865 3745 3516 120
internal_count=29080 21720 7707 7394 1175 14013 13979 13927 4544 9383 252 4292 657 3635 3178 2705 2680 287 457 281 170 589 138 9234 9115 9024 3865 3745 3516 120
is_linear=0
shrinkage=0.05


Tree=12
num_leaves=31
num_cat=0
split_feature=7 28 20 11 5 5 23 21 36 9 34 0 23 24 34 42 23 39 19 13 16 42 15 39 4 19 11 39 13 19
split_gain=6.1692 2.59054 2.30853 2.78746 4.02598 3.16068 4.02094 2.71711 3.23285 3.12651 2.41173 3.26697 3.19432 2.7294 2.71788 2.5992 2.28827 2.27251 3.30377 2.19821 3.00672 2.75929 2.49609 2.25783 2.94578 3.02276 2.82482 2.55936 2.7595 2.71769
threshold=-0.001139772246451777 484.25485894554737 30.785000000003496 0.0023571160377545328 -0.0014733837314515649 -0.001967168046970134 0.19364121941494952 4.1200000000026202 -727.33506165229471 0.0012009906576705136 116709.43121282708 109476.29500000001 -0.11614223762907952 110.71193760000001 117253.75956918231 -122.98514596909445 -1.3693211965706495 202.03000000000043 155.31999999999974 -0.00052513128122504084 0.00095843090038392868 -76.487809465260639 0.0020237040848308705 327.16821428571512 120.44711000000002 379.94000000000239 0.002033370847468725 280.01857142857267 -0.0048367357613965647 398.46499999999656
decision_type=2 2 2 2 2 2 2 2 2 2 2 2 2 2 2 2 2 2 2 2 2 2 2 2 2 2 2 2 2 2
left_child=17 2 3 7 5 6 -5 9 -9 -2 11 -4 13 -13 -12 -15 -3 -1 -19 20 -20 -21 -23 26 -25 -26 27 28 -22 -29
right_child=1 16 10 4 -6 -7 -8 8 -10 -11 14 12 -14 15 -16 -17 -18 18 19 21 23 22 -24 24 25 -27 -28 29 -30 -31
leaf_value=8.2735396063545421e-06 4.840982964444015e-06 -6.9478925080525205e-05 2.1044514037078078e-06 -2.6225058425233131e-05 -9.261694963010672e-06 2.7110892615219525e-05 2.1328667921167054e-05 7.6127669780576572e-06 -3.7613379303661974e-06 -7.7274166912385215e-06 2.0644098068091612e-05 7.6820638281843967e-06 -1.2095345444049336e-05 4.5598806353904437e-05 4.467285398223472e-06 -3.7478944561997773e-06 -1.0930022863508071e-05 -9.821814357219894e-06 -5.6757310614677492e-05 -4.3134349847555809e-05 -1.8660118152731713e-06 -5.2347739277765575e-06 6.9339404418597353e-06 3.3144086491310445e-05 -1.4064635410793251e-05 1.0933321472981258e-05 -3.160931248566699e-05 3.0691794339026618e-05 1.6262765887817411e-05 1.0165895630881244e-05
leaf_weight=1811 1118 25 6565 45 1500 52 20 913 4048 292 114 252 919 30 1169 1106 2530 420 23 47 572 894 1273 151 559 1407 33 366 600 226
leaf_count=1811 1118 25 6565 45 1500 52 20 913 4048 292 114 252 919 30 1169 1106 2530 420 23 47 572 894 1273 151 559 1407 33 366 600 226
internal_value=6.87758e-06 -0.000456566 -0.000246652 -0.000882574 -0.00273655 0.00619658 -0.00115385 -0.000412023 -0.000962508 0.00152482 0.00025357 -3.945e-05 -0.001658 -0.000144092 0.00227981 -0.00118838 -0.00194716 0.00115128 0.000719069 0.00101203 0.00172085 -0.000248419 1.15367e-05 0.00182678 0.000720359 0.000203459 0.00313022 0.00340136 0.00204778 0.00608108
internal_weight=29080 20698 18143 7988 1617 117 65 6371 4961 1410 10155 8872 2307 1388 1283 1136 2555 8382 6571 6151 3937 2214 2167 3914 2117 1966 1797 1764 1172 592
internal_count=29080 20698 18143 7988 1617 117 65 6371 4961 1410 10155 8872 2307 1388 1283 1136 2555 8382 6571 6151 3937 2214 2167 3914 2117 1966 1797 1764 1172 592
is_linear=0
shrinkage=0.05


Tree=13
num_leaves=31
num_cat=0
split_feature=7 7 39 5 18 11 16 22 21 17 15 20 36 17 19 19 20 15 38 40 34 19 41 18 15 20 34 20 36 38
split_gain=5.82001 2.41769 2.06158 2.59161 2.21589 2.6521 2.25972 3.09043 2.32917 2.18776 2.26595 2.02936 1.73042 1.94776 1.71604 2.3975 1.675 2.41485 2.39749 2.88444 2.71537 1.91423 2.73626 2.80424 2.27268 1.96873 1.90079 2.22816 2.24 2.95472
threshold=-0.0013626543296831326 0.0043735435874901153 208.24249999999876 0.00047342727553296901 -295.48499999999325 0.0062388159257674393 0.0016060918801315894 142.65400950000006 53.214999999996515 0.001689809388949935 0.0017812674875033469 198.11499999999799 341.42900600074796 0.0020167735792971726 679.54499999999837 942.87499999999284 26.954999999994474 0.005448214425181193 67.465508426545526 442.24855233878048 103641.6945405888 139.85500000000323 39.365245492943004 48.79000000000088 0.0016335524118647727 14.629999999997382 114501.84400959891 4.415000000000874 1240.4478575133837 71.088603608108642
decision_type=2 2 2 2 2 2 2 2 2 2 2 2 2 2 2 2 2 2 2 2 2 2 2 2 2 2 2 2 2 2
left_child=2 16 3 12 5 6 8 -8 -4 10 -9 -3 -1 -14 -13 -16 17 18 19 -2 21 22 25 -24 -23 -20 -22 28 29 -28
right_child=1 11 4 -5 -6 -7 7 9 -10 -11 -12 14 13 -15 15 -17 -18 -19 20 -21 26 24 23 -25 -26 -27 27 -29 -30 -31
leaf_value=6.8611006503960293e-06 -1.3516047569243319e-06 -1.9714462590415658e-05 3.7419407574767253e-05 -1.8008504255140991e-05 5.8862313280263838e-07 7.6707135281623925e-05 -2.5660757696622724e-05 -2.4227765798902841e-05 9.1441788323740895e-06 1.0437651602210572e-05 6.3528774624753195e-05 2.4164357839384444e-05 1.22565265452213e-05 3.2331986546988395e-05 -4.7433736181089835e-05 1.9171251527631222e-05 3.1092542520914643e-07 5.4068643835576431e-05 -6.1549594687568276e-06 3.2290065774309187e-05 1.5213136388545934e-06 -3.5192319569364316e-05 2.3949358207154274e-05 -3.3363997482282867e-05 -1.880728463293022e-05 -2.6933565039585821e-05 -1.437283001157172e-05 -1.7405220793932711e-05 -3.9572564121634076e-05 1.2366107728305636e-05
leaf_weight=1085 6760 1222 65 79 4418 58 80 24 64 1114 74 159 345 64 105 110 12022 30 39 46 512 125 49 27 120 20 43 136 28 57
leaf_count=1085 6760 1222 65 79 4418 58 80 24 64 1114 74 159 345 64 105 110 12022 30 39 46 512 125 49 27 120 20 43 136 28 57
internal_value=1.71939e-06 -0.00041416 0.00120482 0.0028131 0.000775818 0.00245098 0.00202322 0.00139319 0.00833333 0.00202145 0.00918367 -0.00228697 0.00327979 0.00605134 0.000935829 -0.00197674 -0.000264815 -0.000825826 -0.000879176 -0.000521599 -0.00298443 -0.00644737 -0.00166667 0.00460526 -0.00908163 -0.00974576 -0.00128866 -0.00473485 0 0.0035
internal_weight=29080 21610 7470 1573 5897 1479 1421 1292 129 1212 98 1596 1494 409 374 215 20014 7992 7962 6806 1156 380 135 76 245 59 776 264 128 100
internal_count=29080 21610 7470 1573 5897 1479 1421 1292 129 1212 98 1596 1494 409 374 215 20014 7992 7962 6806 1156 380 135 76 245 59 776 264 128 100
is_linear=0
shrinkage=0.05


Tree=14
num_leaves=31
num_cat=0
split_feature=5 7 20 38 15 41 7 17 0 21 16 30 32 23 25 23 30 7 28 16 21 17 42 23 21 5 19 42 40 0
split_gain=5.43092 2.39465 3.02562 2.12606 2.52217 2.42605 2.44461 2.73787 2.10382 2.12836 2.20045 3.2629 2.41404 2.1012 2.04624 2.36335 2.70721 3.46953 2.43122 2.42341 2.11951 2.19549 2.07448 2.02905 3.2679 3.0525 2.96669 3.45421 2.55194 2.45098
threshold=-0.00041826921869977311 0.0013017695948262626 117.41999999999827 64.178738354423899 0.0041239049631587111 547.9251409862959 0.0020182897154453136 0.001446682519073997 84149.570000000022 1.2300000000032016 0.0014950373327434895 123116.35518879611 505.36727908184554 1.9179325824094142 -0.58458473384910359 -0.49414733899954338 111895.84676239397 -0.0015701236722403869 69.185245376400431 0.0010875519075909418 50.635000000002044 0.0019943696997302535 36.951397075800671 -0.3404437651179732 19.960000000006406 0.0012284848901117633 196.7900000000009 13.422433875002058 179.59272312993565 115665.57000000002
decision_type=2 2 2 2 2 2 2 2 2 2 2 2 2 2 2 2 2 2 2 2 2 2 2 2 2 2 2 2 2 2
left_child=-1 8 3 -3 5 6 -5 -8 -2 13 12 -12 14 -10 15 16 17 -11 -17 -19 -21 -22 -18 24 -16 26 27 -26 -25 -28
right_child=1 2 -4 4 -6 -7 7 -9 9 10 11 -13 -14 -15 23 18 22 19 -20 20 21 -23 -24 28 25 -27 29 -29 -30 -31
leaf_value=3.5882025507486919e-06 1.3105755220799669e-05 -3.8647224703829589e-06 3.2481639864703998e-06 -1.5574452659576452e-05 3.7820053792113532e-05 -8.1158961078955092e-05 3.9950090803974081e-06 -1.2651098016860083e-05 2.372244688679424e-06 2.7376954909235103e-05 1.8906533686311837e-06 -3.4694793692190621e-05 -1.3871672773562002e-05 1.1529075325163966e-05 -5.9840083878125721e-06 -2.0606589765742677e-05 -1.182138369306922e-05 4.2497868225769355e-06 2.591832082597397e-07 -1.1271330853233591e-05 1.0440748236374967e-05 -2.8446685741733185e-05 1.6151517935169446e-06 -3.0082546842596948e-06 2.3707864654473839e-06 -1.9447877821058337e-05 4.3299616803010529e-05 1.6748925996546155e-05 2.9836234118886113e-05 -1.9555492728503429e-06
leaf_weight=11270 723 3601 1616 502 79 29 264 781 1623 27 3944 32 300 32 185 167 394 492 79 278 130 36 88 1842 322 32 48 122 22 20
leaf_count=11270 723 3601 1616 502 79 29 264 781 1623 27 3944 32 300 32 185 167 394 492 79 278 130 36 88 1842 322 32 48 122 22 20
internal_value=1.71939e-06 -0.00054183 -0.00127328 -0.00185502 -0.00333837 -0.00377538 -0.00350679 -0.00212919 -8.2282e-05 -0.000266765 -0.000584112 0.00027666 -0.00133072 0.00137462 -0.00102708 -0.00238025 -0.001609 -7.78816e-05 -0.00691057 -0.000587607 -0.00326577 0.00120482 -0.00466805 -0.00014462 0.00209191 0.00404412 0.00498047 0.00349099 -0.00101931 0.0147059
internal_weight=29080 17810 6872 5256 1655 1576 1547 1045 10938 10215 8560 3976 4584 1655 4284 1691 1445 963 246 936 444 166 482 2593 729 544 512 444 1864 68
internal_count=29080 17810 6872 5256 1655 1576 1547 1045 10938 10215 8560 3976 4584 1655 4284 1691 1445 963 246 936 444 166 482 2593 729 544 512 444 1864 68
is_linear=0
shrinkage=0.05


Tree=15
num_leaves=31
num_cat=0
split_feature=9 28 4 0 13 19 23 31 5 4 23 5 30 17 39 15 39 15 18 1 39 21 15 38 41 13 34 17 15 17
split_gain=5.157 2.66943 2.14211 4.61685 2.49539 2.34606 1.886 1.87458 2.36715 2.74531 2.14096 1.8894 1.82974 1.94678 2.07255 1.79488 2.82157 2.10202 2.11871 1.87262 2.12279 1.77641 2.8061 2.20842 2.70031 2.40603 2.39455 2.25027 2.13701 3.1132
threshold=-0.0016766856912560398 430.03724373264419 98.195765000000009 116405.44000000002 0.023129206007920854 237.46500000000381 -1.1884950126117069 118617.99570000001 -0.00039127766379613675 85.58111000000001 -0.55506063316335841 0.00018962952182301779 118611.71646910098 0.0018170003064977495 269.89821428571361 0.001204418621477197 199.48249999999931 0.00093811788876271124 143.80499999999304 115419.06000000001 179.51250000000076 32.08500000000641 0.001022150153107293 44.229622162579396 12.014148944657689 -0.0015449971233590651 86342.512082994959 0.0023036352115543579 0.0011663573042083068 0.0011896911594467721
decision_type=2 2 2 2 2 2 2 2 2 2 2 2 2 2 2 2 2 2 2 2 2 2 2 2 2 2 2 2 2 2
left_child=7 -2 3 5 6 -3 -4 21 9 -9 11 -10 -11 14 -14 17 19 18 -8 20 -17 22 -1 24 28 -25 27 -26 -24 -30
right_child=1 2 4 -5 -6 -7 15 8 10 12 -12 -13 13 -15 -16 16 -18 -19 -20 -21 -22 -23 23 25 26 -27 -28 -29 29 -31
leaf_value=1.3561917961874538e-05 -4.5910506499079787e-07 2.8459976384719501e-05 -4.8436671376324498e-05 -3.4300312772010813e-05 2.4000077898476471e-05 -7.5267808080196524e-06 -1.5284531717862727e-05 -3.4414556915563246e-05 -3.1083258628751242e-05 -4.2888912749915031e-05 -3.6052388514389517e-05 4.8709566710356272e-05 1.2667539571162645e-05 -7.2412164745626946e-06 3.7937647260232106e-05 -1.9520785773568896e-05 -1.1727838125885171e-05 -2.9766061083096751e-05 3.7959922561692141e-05 4.3175939368608729e-05 3.1856763752615826e-05 4.4277195527532331e-06 -2.025980169207313e-05 -1.4765296597989506e-05 3.3946080466302753e-05 5.7107908450887718e-06 2.931902484875709e-05 -5.1499590269358581e-05 3.0107510802781395e-05 1.0620268539831837e-05
leaf_weight=315 18625 88 61 25 191 23 39 20 22 23 99 25 56 195 36 35 2506 151 22 20 49 4629 68 222 21 662 217 31 43 561
leaf_count=315 18625 88 61 25 191 23 39 20 22 23 99 25 56 195 36 35 2506 151 22 20 49 4629 68 222 21 662 217 31 43 561
internal_value=-1.37552e-05 -0.000397298 -0.00172897 0.00441176 -0.00200065 0.00878378 -0.00236733 0.00114217 -0.00189076 0.000454545 -0.00719178 0.00159574 0.0016129 0.00270035 0.00869565 -0.00217931 -0.00181992 -0.00660377 0.00122951 0.00625 0.00297619 0.00135544 0.00254673 0.00179452 0.00348034 0 0.00771375 -0.00192308 0.00178571 0.00273179
internal_weight=29080 21835 3210 136 3074 111 2883 7245 476 330 146 47 310 287 92 2822 2610 212 61 104 84 6769 2140 1825 941 884 269 52 672 604
internal_count=29080 21835 3210 136 3074 111 2883 7245 476 330 146 47 310 287 92 2822 2610 212 61 104 84 6769 2140 1825 941 884 269 52 672 604
is_linear=0
shrinkage=0.05


Tree=16
num_leaves=31
num_cat=0
split_feature=5 7 9 19 36 15 40 7 7 35 36 41 36 11 16 22 27 22 9 5 9 32 22 41 15 1 9 38 7 4
split_gain=5.12493 2.89483 2.76369 2.62531 2.91498 2.69924 2.39823 2.2478 3.5904 2.23719 3.15209 3.04929 2.26839 2.23158 2.57627 3.23291 2.59758 2.47686 2.44245 2.28287 2.21239 2.78744 2.09697 2.79202 2.86547 2.13523 2.13384 2.04895 2.04607 2.02855
threshold=-0.0012540060093501738 0.0013017695948262626 -0.0018183318184248471 290.87999999999744 3150.1466007826025 0.00084545777546593157 169.11447889609556 -0.0012444638265834507 0.0025210387496587788 91864.906625000018 -289.36170615475561 -225.14561549586264 -1773.2299270360161 0.0062388159257674393 0.0016372950292679008 208.28458350000002 85646.191500000001 168.48244150000002 -0.00078168241265223781 -0.002690367417185402 -0.0022361809795694407 -272.66481407744863 270.23171775000009 68.826208808850339 0.0015993072363766955 87569.410000000018 -0.0026897611562742541 42.150641964637337 -0.0052112057076556424 131.18947000000003
decision_type=2 2 2 2 2 2 2 2 2 2 2 2 2 2 2 2 2 2 2 2 2 2 2 2 2 2 2 2 2 2
left_child=3 -2 6 4 -1 -5 20 13 9 10 11 -9 -11 14 18 17 -17 -16 -7 28 21 -3 23 24 -18 26 -24 -26 -19 -25
right_child=1 2 -4 5 -6 7 -8 8 -10 12 -12 -13 -14 -15 15 16 22 19 -20 -21 -22 -23 25 29 27 -27 -28 -29 -30 -31
leaf_value=9.3146886220249006e-06 7.1254934507927142e-08 1.9801475562015032e-05 -4.9724091018512748e-06 -7.3546892186122985e-05 -5.2595233723726408e-05 1.4243302687308166e-05 4.9689873795601411e-05 -1.7787623487061799e-06 3.6539259680324943e-05 -3.8910615410130826e-05 -1.5106073586886558e-05 7.0254132666556298e-05 -1.1108154646743619e-05 4.9959154881215567e-05 1.9802683610680297e-06 -1.1667528585315253e-05 -4.5372496437615583e-05 -4.9385815623628954e-05 2.9811003323404299e-05 -3.6329950437717966e-05 5.1391026545939109e-05 -3.3553406412611161e-05 4.410159730510575e-05 -2.3697516082068475e-05 4.9648367855786288e-05 3.0851869694095491e-06 7.3104365926624054e-05 -1.6099966529929608e-05 1.5615093624032814e-05 5.0135072173786458e-05
leaf_weight=2029 15618 93 7168 29 24 514 32 81 181 107 151 65 485 106 322 355 26 66 49 116 40 34 90 21 137 816 20 83 91 131
leaf_count=2029 15618 93 7168 29 24 514 32 81 181 107 151 65 485 106 322 355 26 66 49 116 40 34 90 21 137 816 20 83 91 131
internal_value=-5.15818e-06 -0.000346965 -0.00116397 0.00128384 0.00273989 0.000544285 0.00464824 0.000654124 -0.00130841 -0.0026153 0.000925926 0.00616438 -0.00439189 0.00136765 0.00110152 0.000351803 0.00147409 -0.00281513 0.00412966 -0.00631868 0.00224551 -0.000984252 0.00249245 0.00552764 0.00223577 0.0011879 0.00772727 0.00409091 -0.00238854 0.0108553
internal_weight=29080 22985 7367 6095 2053 4042 199 4013 1070 889 297 146 592 2943 2837 2274 1679 595 563 273 167 127 1324 398 246 926 110 220 157 152
internal_count=29080 22985 7367 6095 2053 4042 199 4013 1070 889 297 146 592 2943 2837 2274 1679 595 563 273 167 127 1324 398 246 926 110 220 157 152
is_linear=0
shrinkage=0.05


Tree=17
num_leaves=31
num_cat=0
split_feature=5 9 19 5 18 36 16 20 15 34 7 7 3 26 27 5 11 16 22 35 35 17 11 5 39 38 36 19 17 36
split_gain=4.5646 2.65571 2.51192 2.33155 2.59825 2.22726 2.22574 2.13645 2.10605 2.07602 2.06773 3.81766 2.33983 3.6624 2.88658 2.41305 2.11402 2.44603 2.81011 2.20835 2.42491 2.36549 2.84025 2.15979 2.05931 2.99008 2.04495 2.36466 2.71798 2.49049
threshold=-0.0012540060093501738 0.0035177146501842835 290.87999999999744 0.0054428833253403362 462.73500000000064 3150.1466007826025 0.0063868549538499582 37.259999999994768 0.00084545777546593157 123401.8451157121 -0.00099291615866521437 0.0025210387496587788 111324.76500000001 117874.77750828132 109967.89925000003 -0.0014181311262771985 0.0062388159257674393 0.0016372950292679008 208.28458350000002 84197.403875000018 83661.230800000005 0.003318541573785091 -0.002565627975136459 -0.0017332284373105279 169.41464285714289 35.555808957040718 578.21879396802262 441.30000000000297 0.0039861271520056371 2598.5592261214993
decision_type=2 2 2 2 2 2 2 2 2 2 2 2 2 2 2 2 2 2 2 2 2 2 2 2 2 2 2 2 2 2
left_child=2 3 5 4 26 -1 -3 -5 -4 10 16 12 14 -14 15 -12 17 24 -19 20 21 -20 -23 -21 25 -10 -2 -28 29 -29
right_child=1 6 8 7 -6 -7 -8 -9 9 -11 11 -13 13 -15 -16 -17 -18 18 19 23 -22 22 -24 -25 -26 -27 27 28 -30 -31
leaf_value=8.8489541909236542e-06 5.2711918818679029e-07 -1.0566105190746748e-05 -6.9869547576816848e-05 8.2662555592014861e-05 -3.2014975960870485e-05 -4.9965472037540085e-05 7.7944772542021021e-05 4.5939999733645147e-05 2.8421746923766253e-05 2.4373426804845249e-05 -7.6473397596374638e-06 3.4002688193868433e-05 -3.3770776749153099e-05 1.1915313524952337e-06 4.4861510475240295e-05 -3.5110057150326763e-05 3.5258468837609862e-05 -1.3152882567655611e-05 -5.5482722877877452e-05 9.1986183136762713e-06 -6.0946456839176686e-05 8.0190232829047671e-05 -7.8128402749937304e-05 4.078877256814809e-05 1.8073577012468372e-05 -2.5737712611752469e-05 -3.1497238163428049e-06 1.1473882897681843e-05 -4.9075693647986218e-05 4.6990010590326693e-05
leaf_weight=2029 13542 2894 29 37 84 24 107 77 30 22 481 180 114 81 38 44 116 624 98 1340 36 65 32 147 519 46 5913 245 36 50
leaf_count=2029 13542 2894 29 37 84 24 107 77 30 22 481 180 114 81 38 44 116 624 98 1340 36 65 32 147 519 46 5913 245 36 50
internal_value=1.71939e-06 -0.000320861 0.00121821 -0.00011259 -0.000153498 0.00264247 -0.00170776 0.00701754 0.000494805 0.000591827 0.000507392 -0.00154584 -0.00310026 -0.00782051 -0.00146536 -0.00242857 0.00113822 0.000876745 0.000149445 0.00119325 -0.00335498 -0.00115385 0.00438144 0.0018998 0.0037395 -0.00394737 -0.000116244 -0.00086483 0.00324773 0.00483051
internal_weight=29080 22985 6095 19984 19870 2053 3001 114 4042 4013 3991 938 758 195 563 525 3053 2937 2342 1718 231 195 97 1487 595 76 19786 6244 331 295
internal_count=29080 22985 6095 19984 19870 2053 3001 114 4042 4013 3991 938 758 195 563 525 3053 2937 2342 1718 231 195 97 1487 595 76 19786 6244 331 295
is_linear=0
shrinkage=0.05


Tree=18
num_leaves=31
num_cat=0
split_feature=7 20 7 13 13 28 36 36 11 7 18 1 18 30 11 2 25 41 19 15 36 7 36 22 21 42 20 40 25 20
split_gain=3.93806 3.06758 2.35543 2.03178 1.86727 2.65017 2.68357 3.45149 2.54027 2.52219 2.45455 2.29885 2.93393 2.3898 2.28187 2.25572 2.3814 3.73652 2.64791 2.85205 2.68923 2.3718 2.20218 3.38846 3.71979 4.64801 3.31464 3.24736 2.51973 2.44084
threshold=0.00046766644847411992 117.41999999999827 0.0005495761461872102 -0.0011940308737601695 -0.00052513128122504084 16.478053387421827 578.21879396802262 443.82174796261103 -0.0041409493610308741 0.00042704950453241063 -492.12499999999994 84934.190000000017 14.929999999993017 84156.653586136788 -0.0030520334835761331 121727.05500000001 -0.7309654684400152 -260.27340551445616 132.33499999999916 0.00098542623601440655 -932.22767329993064 0.00019268861853946831 -1379.7251585882038 135.24552450000002 13.915000000000875 11.815951122081318 50.720000000001171 -21.559556472006076 -0.32640355566547635 36.845000000001171
decision_type=2 2 2 2 2 2 2 2 2 2 2 2 2 2 2 2 2 2 2 2 2 2 2 2 2 2 2 2 2 2
left_child=4 2 -2 -3 15 11 7 8 -7 14 -8 12 -6 -14 -10 16 17 -1 19 20 -18 -22 28 24 25 29 27 -27 -16 -24
right_child=1 3 -4 -5 5 6 10 -9 9 -11 -12 -13 13 -15 22 -17 18 -19 -20 -21 21 -23 23 -25 -26 26 -28 -29 -30 -31
leaf_value=4.7645385399016813e-05 -8.3368419162845467e-06 1.6502685859851442e-05 -2.9191523701866379e-06 -4.7778990089669438e-07 1.4105679359917493e-05 7.0993309466084516e-05 4.8732382252056133e-05 1.5844353670077494e-05 -6.2561471262925045e-05 2.0684811920766656e-05 -2.8790186271078101e-06 -5.0018049813680742e-06 -4.8408041874298301e-05 6.1055757891240046e-06 -5.1849455389910878e-06 -1.9603259114279548e-05 4.4116867659286361e-05 5.7794957113612948e-06 5.4347451124026862e-06 -1.2341589883706203e-05 1.0870626895895512e-06 -1.6850840219784691e-05 1.4596746427451629e-05 1.2420868184598246e-05 -5.3198238877931144e-06 -2.4077844305875624e-05 1.6335025339089071e-05 -6.2753451274749235e-06 -5.935535660798275e-05 1.6174180021553448e-06
leaf_weight=104 400 770 8991 1727 209 45 33 288 35 68 2443 2248 38 37 212 166 24 1410 6515 359 636 86 135 897 814 26 91 164 52 57
leaf_count=104 400 770 8991 1727 209 45 33 288 35 68 2443 2248 38 37 212 166 24 1410 6515 359 636 86 135 897 814 26 91 164 52 57
internal_value=-6.87758e-06 -0.000706595 -0.00112075 0.000851021 0.000476966 -8.86974e-05 0.000541045 0.00157767 0.00100154 0.000793806 -0.000666397 -0.0014218 0.0028169 -0.00566667 0.000533629 0.000956989 0.00106197 0.00287318 0.0007021 -0.00156109 0.000201072 -0.00034626 0.000714869 0.00123626 -0.000407925 0.00311839 -0.000978648 -0.00473684 -0.00359848 0.00911458
internal_weight=29080 11888 9391 2497 17192 7892 5360 2884 2596 2551 2476 2532 284 75 2483 9300 9134 1514 7620 1105 746 722 2448 2184 1287 473 281 190 264 192
internal_count=29080 11888 9391 2497 17192 7892 5360 2884 2596 2551 2476 2532 284 75 2483 9300 9134 1514 7620 1105 746 722 2448 2184 1287 473 281 190 264 192
is_linear=0
shrinkage=0.05


Tree=19
num_leaves=31
num_cat=0
split_feature=18 28 20 11 21 36 9 9 15 24 0 17 40 42 42 39 24 13 30 35 35 15 25 7 4 4 36 39 4 13
split_gain=3.98162 2.42184 2.24409 2.47757 2.99088 2.95403 2.89093 2.88609 2.18917 3.01864 2.8319 2.68441 2.2297 2.15085 2.33659 2.13822 2.11514 2.27077 3.15273 2.21566 2.04223 2.12227 2.03969 3.33287 2.00668 2.61222 2.58129 2.29297 2.06875 2.06577
threshold=-49.165000000008142 430.03724373264419 30.785000000003496 0.0023571160377545328 4.1200000000026202 -756.70149298060994 0.0004284930059142384 0.0049514955067554156 0.0017235883376750946 209.38901630000004 92077.955000000016 0.0018786978130176373 -49.301960907840105 -29.839919438806859 9.1777986699570491 255.6878571428575 361.8479809000001 0.0045301166143837529 112775.16045857224 104445.05220000002 88524.718275000021 0.0023787949545679256 -0.59611811942796811 0.00078380678404589544 921.84040000000016 323.50236000000001 1452.8314098610138 292.86821428571426 35.563020000000002 0.0070251291898230451
decision_type=2 2 2 2 2 2 2 2 2 2 2 2 2 2 2 2 2 2 2 2 2 2 2 2 2 2 2 2 2 2
left_child=-1 2 3 4 6 -6 -2 -7 16 10 15 12 -12 -11 -15 -10 17 18 19 -5 21 -16 23 -21 25 27 29 28 -4 -27
right_child=1 -3 24 8 5 7 -8 -9 9 13 11 -13 -14 14 20 -17 -18 -19 -20 22 -22 -23 -24 -25 -26 26 -28 -29 -30 -31
leaf_value=3.1119313436560995e-06 9.122433464638061e-06 -8.6569047348270138e-06 8.2139921536638734e-06 -1.6686942313920218e-05 8.5438499915218469e-06 -4.1167826540143675e-06 -1.5149275747807136e-06 5.0332107116285153e-05 -3.5272092072430575e-05 3.5223022901037991e-05 -8.6564123241264358e-06 3.8221150683280258e-05 3.398870355998577e-05 -4.9211360650291722e-05 4.6890902311384281e-05 1.1757488067998813e-05 -7.3739499745805414e-05 9.3737057128258236e-07 -2.1640701535608918e-05 -2.5200925223282652e-05 -2.3045954999090964e-05 -1.4941700280473574e-05 7.5251033201464684e-06 1.3107104902496705e-06 7.8628544474755192e-05 -1.5683423315383864e-05 1.44081878074217e-05 7.4635609368300082e-06 -5.6213706872897199e-07 -5.628747024917153e-05
leaf_weight=10821 549 2714 197 209 668 3283 489 28 26 37 40 38 58 44 26 33 21 203 150 25 127 27 119 47 134 938 115 2557 5299 58
leaf_count=10821 549 2714 197 209 668 3283 489 28 26 37 40 38 58 44 26 33 21 203 150 25 127 27 119 47 134 938 115 2557 5299 58
internal_value=-1.37552e-05 -0.000464155 -0.000223545 -0.000956459 -0.000463424 -0.00108696 0.00192678 -0.00169888 -0.00296748 -0.000219298 0.00448718 0.00845588 0.00408163 -0.00373563 -0.00558036 -0.00466102 -0.00458656 -0.00415007 -0.00581818 -0.0035 -0.00305556 0.00518868 0.00039267 -0.00625 0.000268875 0.000180052 -0.00209271 0.000493605 -8.18777e-05 -0.00291165
internal_weight=29080 18259 15545 6247 5017 3979 1038 3311 1230 456 195 136 98 261 224 59 774 753 550 400 180 53 191 72 9298 9164 1111 8053 5496 996
internal_count=29080 18259 15545 6247 5017 3979 1038 3311 1230 456 195 136 98 261 224 59 774 753 550 400 180 53 191 72 9298 9164 1111 8053 5496 996
is_linear=0
shrinkage=0.05


Tree=20
num_leaves=31
num_cat=0
split_feature=5 7 31 19 23 24 20 11 21 34 36 9 7 11 21 23 38 15 34 2 41 9 16 19 18 31 39 31 39 23
split_gain=3.48625 2.69126 2.17302 2.25458 2.13712 3.3951 2.09087 2.82866 2.28067 3.02107 2.71982 3.07559 2.35432 2.37379 2.34747 2.7763 2.30736 2.17863 2.66374 2.83476 2.2242 2.34176 2.1637 3.07384 2.90909 2.44459 2.28459 2.00378 3.16694 3.08694
threshold=-0.0012540060093501738 0.0043735435874901153 123886.16620000002 290.87999999999744 -0.65836898527461396 840.12361410000005 30.785000000003496 0.0023571160377545328 4.1200000000026202 83692.337512901766 -773.53938539275975 0.0051125719404104602 0.0025210387496587788 0.00044976412120462632 35.584999999999134 -0.82593665899766411 14.890841170376442 0.0012767288529714482 118160.70673361454 106752.23000000003 -220.30554889279833 -0.0004624677885698573 0.0020664507549651317 183.26999999999683 106.00499999999739 112288.01600000002 280.01857142857267 110161.98340000001 297.65499999999889 -0.73615482751392636
decision_type=2 2 2 2 2 2 2 2 2 2 2 2 2 2 2 2 2 2 2 2 2 2 2 2 2 2 2 2 2 2
left_child=2 6 3 -1 5 -3 7 8 9 -2 14 16 -11 -14 15 -10 -12 -9 19 -19 -21 -22 23 24 -23 -25 -27 -16 29 -29
right_child=1 4 -4 -5 -6 -7 -8 17 10 12 11 -13 13 -15 27 -17 -18 18 -20 20 21 22 -24 25 -26 26 -28 28 -30 -31
leaf_value=7.2833806475943768e-06 -3.8564788250519909e-05 -3.598478216913858e-05 3.1810091999584629e-05 1.8932396260102221e-06 -1.0055987667639383e-05 7.1511670522074889e-05 8.5725547901195238e-07 -1.0390896204041846e-05 -3.2099243560021796e-06 3.3545759321245371e-06 -1.8428207428619403e-05 5.0334572290054989e-05 -3.9943737670601835e-05 1.367668989841781e-06 -6.5619807679938104e-06 2.5764853534173196e-05 -2.7839276114439923e-06 -1.0336177501179811e-05 -1.9942894341675424e-05 -2.3662320531480333e-05 -2.2611525439696524e-05 6.8598873233208129e-06 3.3601577035328136e-05 -1.9693189807140158e-05 2.3519969876207439e-05 3.8758432816092201e-05 -1.0924328193177485e-05 -1.0158732254133144e-05 -8.4447666800023847e-06 3.725260013613545e-05
leaf_weight=2050 26 177 20 4025 1325 22 12753 590 60 1328 21 21 26 35 451 143 4557 675 113 51 34 75 87 89 24 61 32 30 100 79
leaf_count=2050 26 177 20 4025 1325 22 12753 590 60 1328 21 21 26 35 451 143 4557 675 113 51 34 75 87 89 24 61 32 30 100 79
internal_value=-1.71939e-05 -0.000299108 0.00104594 0.00099177 -0.0023294 -0.0071608 -0.000154932 -0.000752182 -0.000287189 0.00150177 -0.000750641 -0.00123396 0.00181785 -0.00778689 0.00182503 0.00652709 -0.00132154 -0.00249863 -0.00130943 -0.000576241 0.00248344 0.00373134 0.0048913 0.00275801 0.00984848 -0.0010989 0.00456989 0.000378788 0.00442584 0.0103211
internal_weight=29080 22985 6095 6075 1524 199 21461 8708 6877 1415 5462 4599 1389 61 863 203 4578 1831 1241 1128 453 402 368 281 99 182 93 660 209 109
internal_count=29080 22985 6095 6075 1524 199 21461 8708 6877 1415 5462 4599 1389 61 863 203 4578 1831 1241 1128 453 402 368 281 99 182 93 660 209 109
is_linear=0
shrinkage=0.05


Tree=21
num_leaves=31
num_cat=0
split_feature=5 7 31 7 7 28 7 41 15 41 20 17 19 19 23 24 5 42 15 5 16 39 15 9 11 16 19 13 32 11
split_gain=3.23328 2.54248 2.18387 2.1474 2.41238 2.46396 2.26139 1.9945 3.21256 2.79492 2.21984 2.17717 2.10331 3.11961 1.97605 3.30363 1.9704 1.93888 1.893 1.96599 1.88402 2.74843 2.35861 2.32198 2.68784 1.99216 1.99189 1.87736 2.86748 2.49943
threshold=-0.0012540060093501738 0.0043735435874901153 123886.16620000002 0.0032585548037646706 -0.00032027601093293536 532.99045343107002 0.0043735435874901153 -138.49742946523506 0.0037067704961506504 -125.30994917333005 24.495000000002623 0.0040619476366767805 317.39499999999686 209.40499999999886 -0.65836898527461396 840.12361410000005 -0.0017332284373105279 144.94587462028559 0.0019729659749147584 -0.0022745562607516256 0.0016372950292679008 175.33107142857006 0.0018680985485930478 -9.5343644975495211e-05 -0.0065114752291693407 0.0016701568745145098 550.75000000000011 -0.0028103294413401167 -219.62631954965761 0.000384715498296407
decision_type=2 2 2 2 2 2 2 2 2 2 2 2 2 2 2 2 2 2 2 2 2 2 2 2 2 2 2 2 2 2
left_child=2 -2 3 4 16 7 -5 10 9 -9 18 -12 13 -11 15 -3 20 -7 -6 -20 21 27 23 24 -22 -24 -26 28 -1 -29
right_child=1 14 -4 6 5 17 -8 8 -10 12 11 -13 -14 -15 -16 -17 -18 -19 19 -21 22 -23 25 -25 26 -27 -28 29 -30 -31
leaf_value=-8.2373912207756586e-06 -3.2257217834687214e-07 -3.4185543060681648e-05 3.0219587399605393e-05 5.7802431608505934e-05 -2.9211694954752638e-05 -3.6159667550655226e-05 2.2407474215029316e-05 7.2372794527172127e-05 6.9519482249420461e-05 -1.5415074054781425e-05 -4.2891830880310511e-05 4.0288223754542771e-05 -2.2852985368141761e-05 9.1390503435940397e-06 -9.5531882842574139e-06 6.7936086995971145e-05 1.1202211509683173e-05 1.3190236820153734e-05 1.8076734124806703e-07 4.4359249138705238e-05 -3.574224173282308e-05 1.65032461766274e-05 -4.3263925572961111e-05 -3.1524521569123094e-05 -6.0679114007598722e-06 6.2074259350626049e-06 7.5321197321539959e-05 -1.9898586649489581e-05 3.0461704034381472e-05 8.8095375030252597e-06
leaf_weight=79 21461 177 20 58 33 67 72 21 42 110 137 35 192 246 1325 22 1352 35 28 21 94 659 20 45 357 2201 23 105 23 20
leaf_count=79 21461 177 20 58 33 67 72 21 42 110 137 35 192 246 1325 22 1352 35 28 21 94 659 20 45 357 2201 23 105 23 20
internal_value=-1.89133e-05 -0.000290407 0.00100492 0.000950617 0.000811606 -0.00147363 0.00730769 -0.000606936 0.00094108 -4.39367e-05 -0.00433071 -0.00755814 -0.000729927 0.00154494 -0.00226378 -0.00690955 0.00125552 -0.00882353 0.00243902 0.00867347 0.000648097 0.00265237 0 -0.00303468 -0.00200422 0.00070914 -0.000131579 -0.00209251 0.00294118 -0.0062
internal_weight=29080 22985 6095 6075 5945 967 130 865 611 569 254 172 548 356 1524 199 4978 102 82 49 3626 886 2740 519 474 2221 380 227 102 125
internal_count=29080 22985 6095 6075 5945 967 130 865 611 569 254 172 548 356 1524 199 4978 102 82 49 3626 886 2740 519 474 2221 380 227 102 125
is_linear=0
shrinkage=0.05


Tree=22
num_leaves=31
num_cat=0
split_feature=5 7 31 7 19 7 11 35 13 42 7 39 35 17 36 13 23 24 20 18 11 25 21 34 36 9 38 22 27 9
split_gain=3.26095 2.32189 2.17952 2.13629 2.27395 2.80592 2.758 2.58738 3.36911 2.40347 2.26139 2.22851 2.10692 2.6048 2.09384 2.06589 2.06066 3.30363 1.84236 2.60191 2.61273 2.23409 2.06346 2.21575 1.90751 3.58301 2.33876 1.93179 3.24189 2.53376
threshold=-0.0012540060093501738 0.0043735435874901153 123886.16620000002 0.0032585548037646706 290.87999999999744 -0.0010411202351149501 0.0070581055785463396 108572.28640000003 0.0073600291953944599 185.29053297943702 0.0043735435874901153 370.25428571428512 118149.78157500002 0.0018255598943483998 3150.1466007826025 0.0017533132005695758 -0.65836898527461396 840.12361410000005 30.785000000003496 542.61499999999808 0.0023571160377545328 3.719682864637305 4.5650000000023292 83692.337512901766 -756.70149298060994 0.0051125719404104602 14.890841170376442 171.85928850000005 108145.29075000001 -0.00057029385289419042
decision_type=2 2 2 2 2 2 2 2 2 2 2 2 2 2 2 2 2 2 2 2 2 2 2 2 2 2 2 2 2 2
left_child=2 18 3 4 14 6 9 8 15 -6 -5 -10 -9 -14 -1 -7 17 -3 19 20 21 22 23 -2 27 26 -26 28 -24 -29
right_child=1 16 -4 10 5 7 -8 12 11 -11 -12 -13 13 -15 -16 -17 -18 -19 -20 -21 -22 -23 24 -25 25 -27 -28 29 -30 -31
leaf_value=6.8530404460014915e-06 -3.6620420229076565e-05 -3.2476265907647564e-05 2.870860802962513e-05 5.4912310028080633e-05 4.4223963382200942e-06 -4.5056273174267856e-06 5.9480062618442014e-05 -2.5060285106745149e-05 -4.303680769910916e-05 -7.3899505423525181e-05 2.1287100504277848e-05 -3.3093307641675667e-05 4.0125050251851494e-05 -1.8938438402543611e-05 -4.8127635670928826e-05 4.1187148205905506e-05 -9.0755288700445417e-06 6.453928264617258e-05 8.3052131397869707e-07 5.7828561242775327e-05 -6.8691799370242131e-06 -2.7950925028622367e-05 2.4110531848818131e-06 2.5231254523361057e-06 -1.749066844827109e-05 4.850769530725455e-05 -2.5658638509922506e-06 -3.3204968897454654e-05 2.4267910758493365e-05 1.517414162485692e-05
leaf_weight=2016 28 177 20 58 2946 304 95 218 25 22 72 99 24 51 24 121 1325 22 12753 39 1816 31 297 1408 21 20 4483 156 175 234
leaf_count=2016 28 177 20 58 2946 304 95 218 25 22 72 99 24 51 24 121 1325 22 12753 39 1816 31 297 1408 21 20 4483 156 175 234
internal_value=-6.87758e-06 -0.00027953 0.00102133 0.000967078 0.000828427 0.000121639 0.000824355 -0.00243468 -0.000409836 0.00055593 0.00730769 -0.00766129 -0.00622867 0.001 0.00218137 0.00170588 -0.00216535 -0.00690955 -0.000145613 -0.000706247 -0.000764217 -0.000317379 -0.000256523 0.00142758 -0.000705533 -0.00111627 -0.00121004 0.00145012 0.00360169 -0.00115385
internal_weight=29080 22985 6095 6075 5945 3905 3063 842 549 2968 130 124 293 75 2040 425 1524 199 21461 8708 8669 6853 6822 1436 5386 4524 4504 862 472 390
internal_count=29080 22985 6095 6075 5945 3905 3063 842 549 2968 130 124 293 75 2040 425 1524 199 21461 8708 8669 6853 6822 1436 5386 4524 4504 862 472 390
is_linear=0
shrinkage=0.05


Tree=23
num_leaves=31
num_cat=0
split_feature=9 7 23 36 2 27 36 20 31 19 25 39 28 42 15 28 17 22 39 20 23 20 25 13 28 18 34 13 7 25
split_gain=3.15469 2.0201 2.64492 2.16425 2.08059 3.04859 2.11195 1.92969 1.69641 1.81355 3.75167 3.0731 2.3599 2.48764 2.23581 2.77914 3.15207 2.28244 1.87319 1.83814 1.77304 1.77351 1.68914 1.86155 3.06573 3.14044 3.01017 2.74999 2.74047 2.42266
threshold=-0.0016766856912560398 0.0043735435874901153 -0.65836898527461396 -2276.1051255976995 82156.710000000006 82751.40125000001 443.82174796261103 120.15999999999623 83635.071300000011 679.54499999999837 3.4906983203058046 516.2357142857162 -169.63404163302764 -18.738212211121581 0.0027053417052640386 224.9049906038272 0.0027998367296486197 303.97876475000004 459.04892857142846 198.11499999999799 -0.16705265053601678 117.41999999999827 4.8096567391556677 -0.00095248880250158659 -131.59252433769868 -144.33999999999648 114339.55383026275 -0.011735016792162056 -0.0052112057076556424 1.4680509075243193
decision_type=2 2 2 2 2 2 2 2 2 2 2 2 2 2 2 2 2 2 2 2 2 2 2 2 2 2 2 2 2 2
left_child=22 -2 3 7 6 -6 -4 -3 -7 11 18 12 -10 -14 17 -16 -17 -15 -11 -13 -20 -22 23 27 25 26 28 -1 -25 -26
right_child=1 2 4 -5 5 8 -8 -9 9 10 -12 19 13 14 15 16 -18 -19 20 -21 21 -23 -24 24 29 -27 -28 -29 -30 -31
leaf_value=-6.0610356647977838e-06 -3.7796555765192512e-07 -3.0968887126423759e-05 7.0974087010924445e-06 -3.746043501860968e-05 -8.5748403637157843e-05 4.1219433602757201e-05 9.8812504611738085e-05 0.00012312914636057034 -6.3912876541024504e-05 -4.4832149465592837e-05 2.3530564965551186e-05 1.739102188982531e-05 3.4265998956743068e-05 -1.415338454435474e-05 6.0826567576924658e-05 2.3270563996914261e-05 -5.8841562111799139e-05 -6.4970927553940864e-05 -0.00013220699765214232 6.8274129361895901e-05 -7.2149814018539671e-05 1.5790090761926826e-05 -6.3140301742862218e-05 -6.2545529979166393e-05 4.111042669314515e-06 -2.366302902711634e-05 -3.9563916331106981e-05 8.7471341524286011e-06 2.5700054458508766e-05 -3.296129451141007e-05
leaf_weight=1046 20268 30 110 148 35 49 23 21 34 89 102 92 65 356 20 103 48 25 22 38 52 105 98 58 1685 245 60 3799 178 76
leaf_count=1046 20268 30 110 148 35 49 23 21 34 89 102 92 65 356 20 103 48 25 22 38 52 105 98 58 1685 245 60 3799 178 76
internal_value=3.43879e-06 -0.000296542 -0.00202616 -0.00741206 -0.00124269 -0.00188259 0.00469925 0.00147059 -0.00145833 -0.00184622 -0.00472973 -0.000480154 -0.00188172 -0.00117504 -0.00226449 0.00248538 0.000165563 -0.00439633 -0.00783582 0.00653846 -0.00488827 -0.00302548 0.000907522 0.000996922 -0.000173762 -0.0034658 0 0.00155315 0.00254237 0.000837592
internal_weight=29080 21835 1567 199 1368 1235 133 51 1200 1151 370 781 651 617 552 171 151 381 268 130 179 157 7245 7147 2302 541 296 4845 236 1761
internal_count=29080 21835 1567 199 1368 1235 133 51 1200 1151 370 781 651 617 552 171 151 381 268 130 179 157 7245 7147 2302 541 296 4845 236 1761
is_linear=0
shrinkage=0.05


Tree=24
num_leaves=31
num_cat=0
split_feature=13 42 1 25 23 21 18 23 2 20 9 23 32 19 23 20 25 25 5 20 5 18 16 7 27 38 23 23 23 7
split_gain=2.98836 2.64607 2.61287 2.50098 3.06065 3.23986 3.1007 2.84183 2.27542 2.26865 2.25266 2.21469 2.0547 2.04848 2.03628 2.02899 2.18077 1.99767 3.30303 2.99271 2.60701 2.37887 2.32288 2.27918 3.11791 4.10845 2.59243 3.88245 2.59147 2.90563
threshold=-0.00095248880250158659 -76.487809465260639 83159.945000000022 -0.80590803215093187 0.97007421870894928 10.464999999996509 44.219999999993895 -0.49414733899954338 121727.05500000001 27.70999999999913 -0.0002175129279672564 -0.69065834317856611 13.930134643400381 191.86499999999799 -0.62892568375133762 255.53999999999363 3.719682864637305 -0.5258765433644661 -0.0010318642392687482 185.98500000000789 -0.0018012695036920029 336.73499999999336 0.0031036519494392497 -0.0021080360030644187 113328.59000000001 34.12207313799906 -1.1164818116838287 -0.86048818872355126 1.6453423725020435 -0.0025772788002310942
decision_type=2 2 2 2 2 2 2 2 2 2 2 2 2 2 2 2 2 2 2 2 2 2 2 2 2 2 2 2 2 2
left_child=8 -2 -3 7 -5 6 10 -4 17 11 13 -10 -9 -6 -11 -7 -17 18 19 20 -1 -20 -23 24 -19 28 -25 -28 29 -26
right_child=1 2 3 4 5 15 -8 12 9 14 -12 -13 -14 -15 -16 16 -18 23 21 -21 -22 22 -24 26 25 -27 27 -29 -30 -31
leaf_value=1.5401788868036136e-06 -2.1610033677095287e-05 1.4898526367040449e-05 -3.7158459518119844e-06 3.1604983435449913e-07 2.2366843351647817e-05 -1.1973833110197351e-05 -1.9549474434554436e-06 2.0512172395906461e-06 -2.2714653910416551e-05 9.8375613678598009e-06 1.9742474512897343e-05 1.2847965754917842e-05 -2.9019751919535178e-05 -1.5190419399721249e-05 -3.7857053071586636e-05 -7.2750050210358101e-06 4.8571249775724185e-05 3.6347515770440935e-06 2.415867457601897e-06 7.6686566455314286e-05 2.3867848863689732e-05 4.8915323739379714e-05 3.3521664597768874e-06 4.6670633483410475e-05 2.6259523341051143e-05 2.9776351788527617e-05 -2.7443389914045019e-05 -5.3509659667037661e-07 -2.5526807951886353e-05 -3.378357009416423e-05
leaf_weight=331 155 647 2621 11319 22 1470 495 22 23 32 91 66 63 33 85 130 52 2291 2754 26 461 20 21 37 117 244 179 5123 109 41
leaf_count=331 155 647 2621 11319 22 1470 495 22 23 32 91 66 63 33 85 130 52 2291 2754 26 461 20 21 37 117 244 179 5123 109 41
internal_value=-8.59697e-06 -0.000432243 -0.000372826 -0.000496384 -0.000220394 -0.00188618 0.00113105 -0.0018847 0.000597826 -0.00461165 0.00753425 0.00140449 -0.0108824 -0.000454545 -0.00918803 -0.0030569 0.00192308 0.000689127 0.00166759 0.0044621 0.00391414 0.000849732 0.0128049 0.000254883 0.00140971 0.00494129 -0.000351189 -0.000443229 0.000655431 0.00474684
internal_weight=29080 17120 16965 16318 13612 2293 641 2706 11960 206 146 89 85 55 117 1652 182 11754 3613 818 792 2795 41 8141 2802 511 5339 5302 267 158
internal_count=29080 17120 16965 16318 13612 2293 641 2706 11960 206 146 89 85 55 117 1652 182 11754 3613 818 792 2795 41 8141 2802 511 5339 5302 267 158
is_linear=0
shrinkage=0.05


Tree=25
num_leaves=31
num_cat=0
split_feature=7 19 20 9 39 17 22 9 21 11 42 5 20 21 19 24 22 23 25 23 9 11 16 2 40 25 9 35 40 41
split_gain=2.81969 2.57545 2.26089 2.0452 2.46138 2.61847 2.55758 2.31125 1.89905 3.01855 4.9072 2.47757 2.43043 1.96076 2.61412 2.30986 4.38152 2.01808 2.93057 2.68367 3.74697 2.17759 3.1194 2.07636 2.35419 2.06026 2.04537 2.02766 2.78241 2.18312
threshold=0.00046766644847411992 52.824999999997097 117.41999999999827 0.0037793218642274552 738.66214285714489 0.0043473120676899612 683.25068625000006 -0.005272280579458553 33.769999999996806 0.003398161465687857 30.372466808851481 0.00060025659726470175 111.7350000000006 28.310000000004951 313.3300000000018 81.017015600000008 88.027806500000011 -1.2729123971418763 -0.83382873168248151 -1.0904758114993185 0.00088117114988124135 0.00044976412120462632 0.00059028463139023345 118953.01500000001 58.238959120099032 -0.55658256124551431 0.0012285588761194678 88524.718275000021 -29.25209628219454 -53.449517359620003
decision_type=2 2 2 2 2 2 2 2 2 2 2 2 2 2 2 2 2 2 2 2 2 2 2 2 2 2 2 2 2 2
left_child=-1 -2 8 4 5 6 7 -4 9 13 -11 -12 -10 17 15 -15 -17 18 -3 20 -19 23 26 24 27 -24 -23 28 29 -21
right_child=1 2 3 -5 -6 -7 -8 -9 12 10 11 -13 -14 14 -16 16 -18 19 -20 21 -22 22 25 -25 -26 -27 -28 -29 -30 -31
leaf_value=1.1581249483930348e-06 -9.7256931529005752e-06 6.3419396465249845e-06 0.00010462196155123622 -4.5291173388166469e-06 -7.583840688644793e-05 8.6901327249912959e-05 -0.00018140712959774748 8.776492235606615e-06 -4.5326726704875386e-06 -2.1139604354115325e-05 1.6571881258098313e-05 -3.6048948162946436e-06 -3.6432304151680241e-05 1.8726362139183004e-05 6.9954106776342747e-05 -2.8698703863914936e-05 1.1580448477774739e-05 3.2586719378095555e-06 3.9610041650949185e-05 3.3068744019226839e-05 -2.5201718291718254e-05 1.7750245928083583e-05 8.0506251039082207e-06 1.7447944975654063e-05 -1.3015536651045122e-05 -1.1022258953269882e-06 1.7438149097612599e-07 -2.7780681840137388e-06 2.5051945531154862e-05 -3.5609005301572201e-05
leaf_weight=17192 115 79 22 980 59 85 21 1330 5121 273 120 655 91 41 27 30 194 69 27 55 75 45 530 42 257 861 27 589 46 22
leaf_count=17192 115 79 22 980 59 85 21 1330 5121 273 120 655 91 41 27 30 194 69 27 55 75 45 530 42 257 861 27 589 46 22
internal_value=-5.15818e-06 -0.000597241 -0.000524505 0.000810973 0.00196111 0.00236626 0.00183904 0.00210799 -0.000884002 -7.38189e-05 -0.0023855 -0.000354839 -0.00151573 0.000729443 0.00462329 0.00311321 0.00111607 0.000312041 0.00707547 3.81971e-05 -0.00659722 0.000424414 0.00165755 -0.00136004 -0.00183179 0.00113228 0.0118056 -0.000351124 0.0054878 -0.000324675
internal_weight=29080 11888 11773 2497 1517 1458 1373 1352 9276 4064 1048 775 5212 3016 292 265 224 2724 106 2618 144 2474 1463 1011 969 1391 72 712 123 77
internal_count=29080 11888 11773 2497 1517 1458 1373 1352 9276 4064 1048 775 5212 3016 292 265 224 2724 106 2618 144 2474 1463 1011 969 1391 72 712 123 77
is_linear=0
shrinkage=0.05


Tree=26
num_leaves=31
num_cat=0
split_feature=7 19 20 28 32 38 9 0 5 34 11 38 18 20 31 38 11 42 15 31 23 9 38 38 42 24 9 15 18 19
split_gain=2.83988 2.2698 1.88925 1.78509 3.47816 3.26797 1.84585 1.78356 1.80026 2.025 1.76867 2.62909 3.31573 2.43444 3.0936 2.71071 2.48462 2.80443 3.80077 2.59187 2.60358 2.79625 2.42746 2.42231 2.42079 2.58365 2.25694 2.15401 3.15163 2.77145
threshold=0.00046766644847411992 52.824999999997097 117.41999999999827 493.62645053336752 1120.9698976725633 63.479362047607246 -0.00043767989562174225 115174.45000000003 9.9499043929981605e-05 105029.46724237641 -0.0031244294105331328 38.5120213368997 116.08000000000176 97.384999999994776 79972.594200000007 76.464063538137864 0.0034537207914564706 47.101539893691644 0.0016792098061174723 96654.735800000009 -0.7735236679354166 -0.00050841316755444101 67.204173383064898 32.715906261891618 -39.665294039287353 229.50125901000004 -0.00064160886305953747 0.0011493928556549947 -5.7149999999965067 278.95499999999453
decision_type=2 2 2 2 2 2 2 2 2 2 2 2 2 2 2 2 2 2 2 2 2 2 2 2 2 2 2 2 2 2
left_child=-1 7 10 -4 -5 -6 -7 8 -2 -10 11 12 26 14 -12 -15 19 18 -18 22 21 -21 23 -16 -20 -26 -3 28 -23 -29
right_child=1 2 3 4 5 6 -8 -9 9 -11 13 -13 -14 15 16 -17 17 -19 24 20 -22 27 -24 -25 25 -27 -28 29 -30 -31
leaf_value=1.1002187009733829e-06 3.6872208951096778e-06 4.8658274292651981e-05 9.025633199056306e-06 -2.7754136497279024e-05 -5.003129878037503e-05 4.2917877199592189e-05 1.7868051052945063e-05 -1.2377697681211257e-05 -2.1860706656067576e-05 -6.1511124213597913e-07 4.197674952904646e-05 -2.2302470870135564e-05 -3.4768171788448013e-05 -5.8901302645384786e-06 -3.9531400929521155e-05 -5.3800882862924464e-05 -1.893597780384065e-05 -1.3565095393722704e-06 3.5447706558035537e-05 1.8527377200236504e-05 3.4962661047507733e-06 -2.699051636302493e-05 -1.9922763206103351e-05 -8.0703926802341093e-07 5.7462397528307559e-06 -3.6364208227111944e-05 -9.2782181348593186e-06 4.5585765349275278e-06 -8.3774071756330706e-06 -2.7114067961022235e-05
leaf_weight=17192 42 68 1726 363 48 21 339 33 20 20 65 288 151 509 70 50 402 1467 64 100 2876 66 205 1462 265 231 80 429 306 122
leaf_count=17192 42 68 1726 363 48 21 339 33 20 20 65 288 151 509 70 50 402 1467 64 100 2876 66 205 1462 265 231 80 429 306 122
internal_value=-2.40715e-05 -0.000618271 -0.000549987 0.000670805 -0.00132944 0.00183824 0.00347222 -0.0076087 -0.00365854 -0.01125 -0.000878611 -0.00353492 -0.000250836 -0.00069916 -0.000479705 -0.00389088 -0.000567266 -0.00190408 -0.00400208 8.87154e-06 0.000724545 -0.00144184 -0.00159758 -0.000913838 -0.00133929 -0.00252016 0.00506757 -0.00230228 -0.00524194 -0.000317604
internal_weight=29080 11888 11773 2497 771 408 360 115 82 40 9276 587 299 8689 8130 559 8065 2429 962 5636 3899 1023 1737 1532 560 496 148 923 372 551
internal_count=29080 11888 11773 2497 771 408 360 115 82 40 9276 587 299 8689 8130 559 8065 2429 962 5636 3899 1023 1737 1532 560 496 148 923 372 551
is_linear=0
shrinkage=0.05


Tree=27
num_leaves=31
num_cat=0
split_feature=7 18 18 20 5 23 36 27 20 4 9 20 30 0 21 13 2 27 36 30 7 7 13 9 9 41 25 36 24 39
split_gain=2.76796 2.28407 2.3268 2.79755 2.46709 2.17937 2.43538 2.12638 2.02121 1.97004 1.90163 2.02158 1.95964 2.38689 1.79026 1.84125 1.73066 2.4866 1.8688 1.82203 1.69326 2.51695 2.29251 2.61145 1.78326 2.42662 2.45091 1.71822 1.7624 1.76397
threshold=0.0043735435874901153 -295.48499999999325 -236.52999999999881 0.01000000000203727 -0.0012540060093501738 -0.65836898527461396 -2276.1051255976995 94668.688000000024 264.46500000000384 357.93187000000006 -0.0036266933627167701 129.31500000000236 84095.066135185843 85644.12000000001 15.450000000004367 0.01136003037533919 82156.710000000006 82886.141500000012 443.82174796261103 83119.622623690753 0.0032585548037646706 -0.00032027601093293536 0.0090322681732944235 0.00067245868698436243 0.0004284930059142384 -31.471145593531066 -0.73622814783717494 -4336.6218348575412 65.856970300000015 177.37071428571397
decision_type=2 2 2 2 2 2 2 2 2 2 2 2 2 2 2 2 2 2 2 2 2 2 2 2 2 2 2 2 2 2
left_child=1 8 3 7 20 6 -2 -3 -1 10 -5 12 -12 -14 -8 -16 18 -18 -7 -19 21 27 23 24 25 26 -23 -4 -29 -30
right_child=5 2 4 9 -6 16 14 -9 -10 -11 11 -13 13 -15 15 -17 17 19 -20 -21 -22 22 -24 -25 -26 -27 -28 28 29 -31
leaf_value=8.1233168914332618e-06 1.6982241667656706e-05 -1.2194919147210965e-05 0.00010521578752766518 1.3145853797844255e-05 -3.1425002594216881e-07 3.3841238469944953e-06 7.0470944330150275e-06 1.36609492808912e-05 9.3053717270172746e-05 -5.1554241743580166e-05 -6.5534631937867987e-05 2.9679290101638321e-05 4.5673272119179025e-05 -1.8743557656460377e-05 -5.3532511212792267e-05 1.1199023072039442e-06 -8.098313797982244e-05 5.7264186261794683e-05 8.4856759749700356e-05 -8.3902249314745109e-06 3.4476386607273152e-05 4.0927174916347956e-05 -3.4837545989690402e-05 1.0685161636096804e-05 -2.1230876220792942e-05 4.5081030672876849e-06 -3.2690391364261643e-05 2.5518374330711361e-05 -4.0660047020177538e-06 8.4467252707900551e-06
leaf_weight=1726 53 52 25 165 21461 114 34 140 86 158 29 42 22 303 95 22 41 21 24 1192 38 21 85 286 33 172 109 53 365 2113
leaf_count=1726 53 52 25 165 21461 114 34 140 86 158 29 42 22 303 95 22 41 21 24 1192 38 21 85 286 33 172 109 53 365 2113
internal_value=-1.20358e-05 0.000105516 -1.55812e-05 -0.00249726 7.57239e-05 -0.00203634 -0.00686275 0.00286458 0.00182119 -0.00392907 -0.00254011 -0.00441919 -0.00564972 -0.00453846 -0.0100993 -0.0130342 -0.00132902 -0.00191388 0.00398551 -0.00150453 0.00134848 0.00122624 -0.00141643 -0.000362319 -0.00335821 -0.00215232 -0.00730769 0.00195618 0.00182734 0.00163438
internal_weight=29080 27484 25672 911 24761 1596 204 192 1812 719 561 396 354 325 151 117 1392 1254 138 1213 3300 3262 706 621 335 302 130 2556 2531 2478
internal_count=29080 27484 25672 911 24761 1596 204 192 1812 719 561 396 354 325 151 117 1392 1254 138 1213 3300 3262 706 621 335 302 130 2556 2531 2478
is_linear=0
shrinkage=0.05


Tree=28
num_leaves=31
num_cat=0
split_feature=13 25 5 20 5 31 22 17 4 42 38 18 22 20 2 22 31 17 28 11 5 11 28 21 39 4 32 20 28 17
split_gain=2.54556 2.05544 3.25918 3.07198 2.4995 2.33062 2.25957 2.25353 2.26491 2.19144 2.45187 2.35236 2.23541 2.19332 2.04703 2.61319 2.6849 2.30864 2.04586 2.02343 3.64897 2.34646 2.22008 2.37006 2.25153 2.69459 2.23499 2.10681 2.03079 2.28517
threshold=-0.00095248880250158659 -0.5258765433644661 -0.0010123751836917238 185.98500000000789 0.0015802853643469199 84195.289900000018 519.70208542500006 0.0018870670773815693 72.662175000000005 58.637537646175808 31.145843643292107 -118.13499999999475 93.120533500000008 0.014999999999417925 85821.010000000009 394.90984325000005 87403.860600000029 0.0013978129382412937 -205.89203437780085 -0.00047304864562612228 0.00069519119898896816 -0.00028965737958886655 122.91312963308157 54.879999999997388 193.25071428571445 52.058665000000012 442.56704045424709 153.20500000000177 852.59478773210151 0.0029418234771673292
decision_type=2 2 2 2 2 2 2 2 2 2 2 2 2 2 2 2 2 2 2 2 2 2 2 2 2 2 2 2 2 2
left_child=1 2 3 5 -4 -1 7 8 -6 10 13 12 -12 -7 -14 16 -16 -18 -13 22 28 -22 24 -24 -2 -26 -25 -28 29 -21
right_child=19 -3 4 -5 6 9 -8 -9 -10 -11 11 18 14 -15 15 -17 17 -19 -20 20 21 -23 23 26 25 -27 27 -29 -30 -31
leaf_value=-1.5493491899045983e-05 -6.1605377286945395e-07 3.5948759792975754e-07 5.0893492008931523e-07 7.2669184827378586e-05 3.2250114025149577e-05 -4.2125523783622494e-05 -1.7298540287580594e-05 2.7233163073328294e-05 -2.4094793670817581e-05 7.2552034829988644e-05 1.7540048274118408e-05 6.1697414666612871e-05 3.9625281118154092e-05 3.6300180342384907e-05 -5.3347498266322356e-05 -8.57115865778092e-05 -3.5023960213887569e-05 7.853757798572073e-06 1.3176484191299053e-05 1.5742797901916356e-06 1.5400130402000272e-05 -3.5712185079200202e-06 1.2479456405848011e-05 1.3564459952907686e-05 -1.9590636511715135e-05 -1.0342621270616072e-05 -2.0003152159019764e-05 4.6387529620878208e-05 2.8775020360332962e-05 -1.0994245783489056e-05
leaf_weight=92 1177 8260 2507 26 20 23 30 235 51 36 51 32 37 95 20 30 40 319 56 6588 91 5351 506 128 106 1787 260 36 275 815
leaf_count=92 1177 8260 2507 26 20 23 30 235 51 36 51 32 37 95 20 30 40 319 56 6588 91 5351 506 128 106 1787 260 36 275 815
internal_value=-1.20358e-05 0.000547659 0.00152703 0.00422987 0.000712276 0.00370036 0.0047619 0.00604575 -0.00176056 0.00463464 0.00401849 0.00269231 0.00135815 0.0105932 0.000224215 -0.000794621 0.000329815 0.00132312 0.0102273 -0.000403037 -0.000102896 -0.00109335 -0.0013875 0.000752688 -0.00203583 -0.00310354 -0.00200472 -0.00439189 0.000599114 0.000442388
internal_weight=29080 11960 3700 857 2843 831 336 306 71 739 703 585 497 118 446 409 379 359 88 17120 13120 5442 4000 930 3070 1893 424 296 7678 7403
internal_count=29080 11960 3700 857 2843 831 336 306 71 739 703 585 497 118 446 409 379 359 88 17120 13120 5442 4000 930 3070 1893 424 296 7678 7403
is_linear=0
shrinkage=0.05


Tree=29
num_leaves=31
num_cat=0
split_feature=7 18 18 20 13 13 36 5 20 4 21 42 42 11 34 24 9 25 7 7 13 26 41 9 19 13 30 39 20 7
split_gain=2.52139 2.22073 2.12203 3.08368 2.26632 2.95274 2.0877 2.04086 2.03614 2.013 2.60823 3.68905 4.02866 1.84469 2.17281 1.75923 2.0655 2.17778 1.73261 1.91912 2.07425 2.74572 2.27869 2.09502 1.8239 2.42118 1.77356 1.71584 1.66065 1.6432
threshold=0.0043735435874901153 -295.48499999999325 -236.52999999999881 16.055000000000295 -0.013637332470218047 -0.0012361168832522261 1132.5902025124235 -0.0012540060093501738 264.46500000000384 179.91112000000004 104.3449999999939 84.073753302817593 15.102524150179848 -0.0076131295495586214 118533.1040516268 388.58049990000012 -0.0034383170646019776 0.47092653942657042 0.0032585548037646706 -0.00032027601093293536 0.0090322681732944235 82753.365109054968 -138.49742946523506 -0.00055014575179516934 209.40499999999886 -0.0047323345737587353 108835.36030870576 380.93071428571426 255.53999999999363 0.0023253149627048678
decision_type=2 2 2 2 2 2 2 2 2 2 2 2 2 2 2 2 2 2 2 2 2 2 2 2 2 2 2 2 2 2
left_child=1 8 3 13 -5 6 -6 18 29 -7 11 12 -11 -3 15 16 17 -15 19 -4 21 -21 23 -23 -24 -26 -25 -22 -2 -1
right_child=28 2 7 4 5 9 -8 -9 -10 10 -12 -13 -14 14 -16 -17 -18 -19 -20 20 27 22 24 26 25 -27 -28 -29 -30 -31
leaf_value=6.9529423661475088e-06 -1.3331304809081473e-05 -3.8390214758755203e-05 6.3353029294451117e-06 -9.1876103172469184e-05 -2.2718244624433426e-06 -3.0063722730892209e-05 4.3257372895800307e-05 -2.7779705192662885e-07 8.8525856352326124e-05 -1.990792880781111e-05 -4.4091165807738099e-05 -5.1150908369328829e-05 6.5030784733891345e-05 3.3394888757389182e-05 3.6832633929604383e-05 -5.9370092533016239e-05 -5.2083359502720859e-08 -2.2585045341395281e-06 3.2988066426741938e-05 6.2611768151678822e-05 -4.2148380080051962e-05 -4.7262834824233094e-05 -1.374252628072535e-05 -3.6776765921449028e-05 3.6007400681054731e-05 1.9420984667524949e-06 1.7392062136857521e-05 -3.04393298491585e-05 1.5029549504633227e-05 6.337538589224128e-05
leaf_weight=1691 1346 26 2556 62 219 93 21 21461 86 36 54 34 40 40 21 28 205 32 38 32 26 43 107 59 38 301 41 59 250 35
leaf_count=1691 1346 26 2556 62 219 93 21 21461 86 36 54 34 40 40 21 28 205 32 38 32 26 43 107 59 38 301 41 59 250 35
internal_value=-1.03164e-05 0.000101877 -1.75288e-05 -0.00238749 -0.00469589 -0.00357143 0.000416667 6.9666e-05 0.0017936 -0.00729572 -0.00396341 0.000454545 0.00657895 0.00127841 0.00230061 0.00122951 0.00243682 0.00972222 0.00122727 0.00110362 -0.00120397 -0.000201288 -0.000976231 -0.00646853 0.000784753 0.00258112 -0.0025 -0.00852941 -0.00194236 0.00141947
internal_weight=29080 27484 25672 911 559 497 240 24761 1812 257 164 110 76 352 326 305 277 72 3300 3262 706 621 589 143 446 339 100 85 1596 1726
internal_count=29080 27484 25672 911 559 497 240 24761 1812 257 164 110 76 352 326 305 277 72 3300 3262 706 621 589 143 446 339 100 85 1596 1726
is_linear=0
shrinkage=0.05


Tree=30
num_leaves=31
num_cat=0
split_feature=9 24 42 39 11 15 0 28 13 20 21 16 9 42 42 32 35 5 36 21 41 17 15 28 15 17 35 17 5 7
split_gain=2.32653 1.92596 2.19902 2.23914 3.35816 3.17484 2.16682 2.14865 2.18943 2.12738 3.13148 2.02649 1.96015 2.07171 1.89965 1.89221 1.8752 2 1.87512 2.47257 3.11227 2.0361 2.09351 1.9952 1.9491 1.9291 3.89027 3.54667 4.31408 2.20129
threshold=-0.0016766856912560398 208.01707700000003 49.113208490503702 253.22178571428597 0.0034537207914564706 0.0017329771361616622 84659.795000000013 532.99045343107002 0.023129206007920854 264.46500000000384 214.65499999999886 0.0015909273225810578 0.00015101196129880198 1.0000000180025095e-35 38.563277713361749 1204.1233373371726 106450.94972500003 0.00026321757053751079 1077.5788533122543 66.480000000003216 293.22306391664409 0.00090836938804428238 0.0012993704918704591 348.59841848590446 0.00061419204272411716 0.0023036352115543579 86847.101200000019 0.0020541805907273668 -0.00065761297897825655 0.0032585548037646706
decision_type=2 2 2 2 2 2 2 2 2 2 2 2 2 2 2 2 2 2 2 2 2 2 2 2 2 2 2 2 2 2
left_child=-1 2 3 4 18 6 -6 9 -9 -3 12 14 13 -11 -8 -5 -14 -18 23 20 21 -20 24 25 -23 27 -27 29 -29 -2
right_child=1 7 -4 15 5 -7 11 8 -10 10 -12 -13 16 -15 -16 -17 17 -19 19 -21 -22 22 -24 -25 -26 26 -28 28 -30 -31
leaf_value=3.5359479875250715e-06 -1.6783073946123448e-07 -1.9415044830606241e-06 3.5247117657231536e-06 4.9763809399508494e-06 5.3520530475569534e-06 8.7312983890941745e-06 -1.9787770243226455e-05 -1.6803239688936571e-05 1.6727761488918458e-05 1.6454124203510756e-05 -7.5421926874878669e-05 -4.9088138806568698e-05 5.8854432869877925e-05 -6.3127184066128327e-05 -4.8123632327235393e-06 -4.1247774335323028e-05 -2.357488094296537e-05 7.5261260133373863e-05 -2.5645435488335093e-05 5.3328749402329073e-06 -2.6259650932220201e-05 -1.8468806786802574e-05 -1.3581414902284998e-05 2.4881317267692601e-05 2.7938772047057906e-07 2.1422847599416814e-05 -3.0221809890159291e-05 -1.8751426190675122e-05 2.7573759257980843e-05 -2.3240399875769207e-05
leaf_weight=7245 7453 5991 2327 2462 58 106 218 1225 170 30 30 39 164 21 104 32 25 25 49 223 53 21 128 74 444 31 90 32 136 74
leaf_count=7245 7453 5991 2327 2462 58 106 218 1225 170 30 30 39 164 21 104 32 25 25 49 223 53 21 128 74 444 31 90 32 136 74
internal_value=0 -0.000257614 8.83143e-05 -0.000188129 -0.000543769 -0.00442857 -0.00638425 -0.000895066 -0.00267025 -0.000501114 0.00364407 -0.00782548 0.00537736 -0.00343137 -0.00652174 0.00114274 0.00747664 -0.001 -0.000312216 -0.00245098 -0.00392086 -0.0029595 -0.00215008 -6.33714e-05 -0.000591398 -0.000140737 -0.00640496 -4.22352e-05 0.00714286 -0.000202604
internal_weight=29080 21835 14154 11827 9333 525 419 7681 1395 6286 295 361 265 51 322 2494 214 50 8808 918 695 642 593 7890 465 7816 121 7695 168 7527
internal_count=29080 21835 14154 11827 9333 525 419 7681 1395 6286 295 361 265 51 322 2494 214 50 8808 918 695 642 593 7890 465 7816 121 7695 168 7527
is_linear=0
shrinkage=0.05


Tree=31
num_leaves=31
num_cat=0
split_feature=7 18 0 20 19 15 15 28 40 38 36 1 23 30 19 22 21 21 3 36 26 13 32 38 5 7 9 5 4 13
split_gain=2.13737 1.70136 1.80534 1.65817 1.70967 1.80752 2.04938 1.56807 2.44259 2.14194 1.98793 1.86244 1.50816 2.79894 1.76241 1.7042 1.65964 3.67925 2.20441 1.9747 1.93755 1.94005 1.93371 2.34516 1.70718 2.29548 1.89706 1.71198 1.63987 3.55153
threshold=0.0043735435874901153 -317.01000000000198 122680.93500000001 264.46500000000384 415.50500000000471 0.0032114353455459988 0.0015838720666246197 1700.0155956013989 423.6297623247811 83.454320960529301 2688.9997450123706 112192.93000000001 3.5853845118921148 111621.92722444805 1098.9600000000066 715.70749750000016 119.99500000000263 114.16500000000089 83248.065000000017 2441.8690223794915 83115.772779687395 -0.027854194874451461 352.16317631208955 45.983064320127902 0.00045757597002206229 0.0005282833977961858 -0.0008362480927872404 -0.00060856819801568347 108.20977000000001 0.0053889272710857744
decision_type=2 2 2 2 2 2 2 2 2 2 2 2 2 2 2 2 2 2 2 2 2 2 2 2 2 2 2 2 2 2
left_child=1 2 3 4 5 6 -1 8 -2 10 -10 -9 14 -14 16 -16 17 18 -3 28 -20 -22 -21 -24 26 -26 -25 -28 29 -18
right_child=7 12 -4 -5 -6 -7 -8 11 9 -11 -12 -13 13 -15 15 -17 19 -19 20 22 21 -23 23 24 25 -27 27 -29 -30 -31
leaf_value=2.7766058013825329e-05 -7.5784220810484504e-06 1.3447675749301081e-05 2.3554609461429686e-05 8.6231888586301553e-05 4.5004443760221975e-06 7.04125845749904e-05 4.8331652668576765e-06 2.561812638858498e-06 -8.0621732183234858e-05 7.4341778830984024e-05 -1.7097973697649272e-05 8.0953253138487218e-05 -3.1978084757232013e-05 1.5011674063837551e-05 3.8344088459235844e-05 0.00020165159599852948 8.3528720472504363e-06 2.1867678582918625e-05 -3.880550207177236e-05 6.8602267208935322e-05 -9.4774575511421286e-05 1.0109457753055033e-07 -5.6041341509747992e-05 4.2714235813470792e-05 -2.7628896128620318e-05 2.8049687165810512e-05 -2.6224364361983447e-05 3.592947088751997e-05 -6.9853464437144899e-06 -2.7225091742685122e-05
leaf_weight=34 1417 884 22 79 1321 20 111 57 44 20 37 21 108 42 30 21 396 334 57 21 42 20391 36 35 42 44 23 55 3291 45
leaf_count=34 1417 884 22 79 1321 20 111 57 44 20 37 21 108 42 30 21 396 334 57 21 42 20391 36 35 42 44 23 55 3291 45
internal_value=-6.87758e-06 9.64197e-05 0.00168557 0.00148562 0.00111036 0.00590909 0.00396552 -0.00178571 -0.00214097 -0.00965347 -0.0132716 0.00512821 -9.65363e-07 -0.005 2.81586e-05 0.00931373 9.72914e-06 0.000181961 0.00010059 -0.000927783 -4.88043e-06 2.07997e-05 0.00332031 0.00202128 0.00414573 -0.00116279 0.00818584 0.00384615 -0.00121919 0.00164399
internal_weight=29080 27484 1587 1565 1486 165 145 1596 1518 101 81 78 25897 150 25747 51 25696 21708 21374 3988 20490 20433 256 235 199 86 113 78 3732 441
internal_count=29080 27484 1587 1565 1486 165 145 1596 1518 101 81 78 25897 150 25747 51 25696 21708 21374 3988 20490 20433 256 235 199 86 113 78 3732 441
is_linear=0
shrinkage=0.05


Tree=32
num_leaves=31
num_cat=0
split_feature=9 25 36 9 25 42 39 28 41 17 17 17 9 24 21 24 31 26 13 15 16 11 4 13 20 23 11 36 24 23
split_gain=2.05582 1.64992 4.99668 3.36742 2.33764 3.03677 2.63164 2.39881 2.34138 2.30608 2.57947 2.70476 2.6522 2.46139 2.97765 2.42673 2.84338 3.68002 2.97827 2.30459 2.3006 2.22258 2.16045 2.14775 2.12441 2.10566 2.09936 2.05766 1.96264 1.94751
threshold=-0.0016766856912560398 -1.0042655763759367 940.1854911932752 -0.0021102236881678951 -0.51665510831183326 -45.554875775257749 202.03000000000043 -604.07358570236818 191.08456501988263 0.0012788008286108664 0.0016198995926931948 0.0020988375850302561 -0.002970467211444902 113.36764900000001 77.170000000005544 109.67857820000002 109461.37240000001 108704.36688502667 -0.0028693796644337724 0.0011809882668469586 0.0015028835367260607 -0.0033234738003290556 74.252765000000025 0.0029619328096427136 9.9899999999979645 -0.67849850286519986 -0.0011887626375473492 -114.78962164395487 204.09897800000002 -0.63403455720681068
decision_type=2 2 2 2 2 2 2 2 2 2 2 2 2 2 2 2 2 2 2 2 2 2 2 2 2 2 2 2 2 2
left_child=1 2 3 27 5 29 -7 -8 9 13 23 12 -12 14 15 16 17 -6 -18 -14 -10 -21 -20 25 -15 -11 -23 -1 -27 -3
right_child=-2 4 -4 -5 8 6 7 -9 20 10 11 -13 19 24 -16 -17 18 -19 22 21 -22 26 -24 -25 -26 28 -28 -29 -30 -31
leaf_value=2.697446384486149e-06 -5.2397702816494821e-07 9.7917959299448042e-06 -3.6682830958203436e-05 2.5869493961910592e-05 6.723456169318524e-06 1.1290152159313969e-05 5.6729747845577096e-05 -2.0873592698134524e-06 -1.9850378080884391e-05 2.8045906647378654e-05 1.7214552928199407e-05 -6.1040147849728112e-06 -2.9866911027347438e-05 3.4864596585496726e-05 -1.7446938718156964e-05 -3.6570368657248057e-05 2.8480578838208734e-05 -4.8759309809853023e-05 1.5755391427693617e-05 1.87086459689756e-05 1.6027204164960448e-05 -2.4945588490550771e-05 -1.9175485088455037e-06 -3.2434106191953432e-05 1.2941817963944972e-05 -6.8038052813390469e-06 4.621711452260293e-06 -1.9383142165734629e-05 -3.8265176635835787e-05 2.7987702726987388e-05
leaf_weight=61 21835 232 60 52 208 272 28 850 87 21 686 1898 70 54 141 24 65 26 23 154 749 93 64 29 141 752 122 46 37 200
leaf_count=61 21835 232 60 52 208 272 28 850 87 21 686 1898 70 54 141 24 65 26 23 154 749 93 64 29 141 752 122 46 37 200
internal_value=5.15818e-06 0.00073499 -0.00353881 0.00110063 0.000868204 0.00256005 0.00121739 -0.000113895 0.000376561 -6.51042e-05 -0.000556706 0.000124049 0.00206667 0.00247989 0.000771325 0.00292683 0.00388601 0.00042735 0.00921053 -0.000968109 0.002811 0.000609756 0.00316092 -0.00300954 0.00730769 -0.00253086 -0.00267442 -0.00397196 -0.00294677 0.00613426
internal_weight=29080 7245 219 159 7026 1582 1150 878 5444 4608 3862 3023 1125 746 551 410 386 234 152 439 836 369 87 839 195 810 215 107 789 432
internal_count=29080 7245 219 159 7026 1582 1150 878 5444 4608 3862 3023 1125 746 551 410 386 234 152 439 836 369 87 839 195 810 215 107 789 432
is_linear=0
shrinkage=0.05


Tree=33
num_leaves=31
num_cat=0
split_feature=9 24 42 39 11 0 18 20 30 31 7 19 23 42 41 11 20 20 7 41 38 9 39 11 25 24 39 24 7 25
split_gain=2.05609 1.5981 2.18921 2.43474 3.42942 2.90527 2.81526 2.42631 2.37549 2.81676 2.22873 2.07266 1.96698 2.39615 1.95456 1.91685 1.88516 1.85851 1.83073 2.52243 2.88848 2.51394 2.53188 2.37597 2.17053 2.1185 2.24143 1.92704 2.67 2.09816
threshold=-0.0016766856912560398 208.01707700000003 54.2777706201854 253.22178571428597 0.003398161465687857 84659.795000000013 431.72500000000588 92.32500000000438 119043.57306778349 118223.66370000002 0.00012185946153299991 589.24500000000273 0.77681128356403906 257.92816330456088 -138.49742946523506 0.0041073466786992578 288.16999999999831 264.46500000000384 0.0012753206922135308 -275.29085089768608 61.786349823927537 0.00017527347778911276 393.22642857142802 0.00048655030119073591 0.056402741168962225 146.36220590000002 258.38571428571186 176.03397840000005 0.0005282833977961858 1.4680509075243193
decision_type=2 2 2 2 2 2 2 2 2 2 2 2 2 2 2 2 2 2 2 2 2 2 2 2 2 2 2 2 2 2
left_child=-1 2 3 4 -2 -6 7 -7 9 -4 -11 16 17 14 -14 -13 18 -3 21 -20 25 27 -23 24 -24 26 -21 28 29 -5
right_child=1 12 8 11 5 6 -8 -9 -10 10 -12 15 13 -15 -16 -17 -18 -19 19 20 -22 22 23 -25 -26 -27 -28 -29 -30 -31
leaf_value=2.9044790218176412e-06 -5.5587517538245252e-07 -1.9923116427416219e-06 3.1076763281791051e-06 -8.124075806834709e-06 9.8252839587745305e-06 -1.855825947771143e-05 6.1865750326708553e-05 4.928033805429963e-06 1.8628808797807457e-05 1.3446655290485697e-05 -4.331622597760277e-05 -3.9952353924594377e-05 7.8348390135313733e-06 6.8444179358410296e-05 -2.2016862770890552e-05 2.8532050088337074e-05 5.9987461654361549e-05 1.9464430168457972e-05 -2.8652500906474278e-05 1.3667692087868317e-05 -1.5179745439609005e-05 2.1728480385483138e-05 -4.7003124373782273e-05 2.6815937422629152e-05 2.9868368093799781e-06 1.163691330540565e-05 -1.19501245849386e-05 1.2598120790445849e-05 2.1028793629407386e-05 -5.1546280776229006e-05
leaf_weight=7245 8898 6440 1816 379 95 424 27 81 128 27 64 100 183 29 731 49 34 298 73 21 134 634 28 31 23 531 203 269 60 25
leaf_count=7245 8898 6440 1816 379 95 424 27 81 128 27 64 100 183 29 731 49 34 298 73 21 134 634 28 31 23 531 203 269 60 25
internal_value=1.89133e-05 -0.000223265 9.18468e-05 -0.000162967 -0.000532808 -0.00410686 -0.00554511 -0.00638614 0.00160934 0.00116675 -0.00741758 0.00119507 -0.000803932 -0.00294274 -0.00339168 -0.0045302 0.00154397 -0.000504601 0.0013791 -0.00031185 0.000421822 0.00250173 0.00460894 -0.00365854 -0.0102941 0.00162252 -0.00245536 0.000443383 -0.00150862 -0.0029703
internal_weight=29080 21835 14154 12119 9525 627 532 505 2035 1907 91 2594 7681 943 914 149 2445 6738 2411 962 889 1449 716 82 51 755 224 733 464 404
internal_count=29080 21835 14154 12119 9525 627 532 505 2035 1907 91 2594 7681 943 914 149 2445 6738 2411 962 889 1449 716 82 51 755 224 733 464 404
is_linear=0
shrinkage=0.05


Tree=34
num_leaves=31
num_cat=0
split_feature=13 2 21 25 42 25 42 15 19 21 9 23 23 35 23 23 38 11 15 21 18 23 41 34 35 41 13 35 16 38
split_gain=1.83604 2.22151 2.28885 2.00574 2.59037 2.58252 2.3234 3.88167 2.32237 2.67901 2.79573 2.29276 3.50284 2.09587 2.49599 2.55125 2.47628 2.269 3.81769 3.81739 2.52259 2.33391 2.45437 2.07864 2.06254 2.32943 2.21845 2.05817 2.19366 2.10486
threshold=-0.00052513128122504084 121727.05500000001 30.374999999992728 -0.49172496581289665 2.1453462573798441 -0.47584577286175256 15.725411637146644 0.00071874410147291384 221.09999999999857 119.99500000000263 -0.005897423490036414 -1.0787843904899861 -0.86048818872355126 109343.86770000002 -0.72295256665411467 -0.18784987957862806 22.200937485317599 -0.0037817628221027411 0.0020099369991409097 140.86000000000061 16.419999999990981 -0.23540423730530471 202.89855546313387 83806.305911344156 111030.14970000002 239.86045086417553 -0.0031538196066661192 107673.80400000002 0.0010533305529545646 51.065399182627722
decision_type=2 2 2 2 2 2 2 2 2 2 2 2 2 2 2 2 2 2 2 2 2 2 2 2 2 2 2 2 2 2
left_child=1 3 -3 8 5 -5 7 -6 -1 10 -10 -7 -13 14 -14 17 -15 18 -16 -20 -21 22 23 -19 -18 -26 -27 29 -29 -9
right_child=-2 2 -4 4 6 11 -8 27 9 -11 -12 12 13 16 15 -17 24 21 19 20 -22 -23 -24 -25 25 26 -28 28 -30 -31
leaf_value=1.6122646471826736e-06 -8.6011705298441465e-07 -3.458616331952841e-05 -8.312603347172155e-07 -2.9374412231673117e-05 2.1151747581536502e-05 6.5771891450908836e-05 -1.3974947576284419e-07 -2.7377159847948357e-05 9.8918221010385209e-05 -4.1698595651354493e-06 1.4199671105377166e-05 -2.8702263599108094e-05 3.2283860646970272e-05 -8.0311860754969397e-06 2.2761060597774694e-05 1.7072610577424157e-06 1.4013748538139039e-05 -5.3503857875913068e-05 6.8327752369739782e-06 -3.9308422316070037e-05 -0.00010364712934542717 -2.7074053959548854e-05 -3.8406309208286279e-05 -3.8773358480379536e-06 5.1127741003286963e-06 3.5508293022985711e-05 3.2220990496825174e-06 -2.4888037820235614e-05 1.7229455298926793e-06 2.0912421280189962e-05
leaf_weight=2870 16092 93 129 137 24 23 576 202 28 326 1202 118 92 379 108 3352 283 47 209 47 44 69 46 548 1750 36 29 32 154 35
leaf_count=2870 16092 93 129 137 24 23 576 202 28 326 1202 118 92 379 108 3352 283 47 209 47 44 69 46 548 1750 36 29 32 154 35
internal_value=1.20358e-05 0.000454265 -0.0045045 0.000540498 8.39329e-05 0.000413421 -0.00227273 -0.00497763 0.00140081 0.0029563 0.00402439 0.000543175 0.000492525 0.000635744 0 -0.000167785 0.00180662 -0.00223614 0.000735294 -0.00216667 -0.0107143 -0.00394366 -0.00300312 -0.00214286 0.00247855 0.0018595 0.0111538 -0.00608747 -0.00215054 -0.00917722
internal_weight=29080 12988 222 12766 8340 7317 1023 447 4426 1556 1230 7180 7157 7039 4562 4470 2477 1118 408 300 91 710 641 595 2098 1815 65 423 186 237
internal_count=29080 12988 222 12766 8340 7317 1023 447 4426 1556 1230 7180 7157 7039 4562 4470 2477 1118 408 300 91 710 641 595 2098 1815 65 423 186 237
is_linear=0
shrinkage=0.05


Tree=35
num_leaves=31
num_cat=0
split_feature=9 34 15 15 13 19 25 36 23 19 21 0 21 24 42 39 11 0 19 30 31 19 7 11 15 1 20 7 36 36
split_gain=1.72091 1.65825 3.148 2.13716 1.67944 1.9893 1.66425 3.72663 2.02609 1.97068 1.51626 2.45466 1.5013 1.46178 2.18921 2.29847 3.28824 2.73753 2.6283 2.10237 2.48385 2.04485 2.03007 1.91685 1.89964 2.24924 1.89837 1.82142 1.81091 2.49953
threshold=-0.0016766856912560398 118418.63328382977 0.00089476172628367697 0.00067521149903986401 -0.027854194874451461 822.15499999999895 -1.0300991671716282 -114.78962164395487 -0.97653387641998346 191.86499999999799 140.86000000000061 87026.785000000018 53.745000000002626 208.01707700000003 54.2777706201854 253.22178571428597 0.0034537207914564706 84659.795000000013 340.02000000000413 119043.57306778349 118223.66370000002 589.24500000000273 0.00012185946153299991 0.0041073466786992578 0.0019030074192681733 114770.26000000002 288.16999999999831 -0.0034438678738253205 1153.8211398768765 2181.0024910696379
decision_type=2 2 2 2 2 2 2 2 2 2 2 2 2 2 2 2 2 2 2 2 2 2 2 2 2 2 2 2 2 2
left_child=1 3 -3 12 5 -5 7 -6 9 -9 -7 -12 -1 14 15 16 28 -18 -19 20 -16 26 -22 -23 25 -20 27 -17 -2 -30
right_child=13 2 -4 4 6 10 -8 8 -10 -11 11 -13 -14 -15 19 21 17 18 24 -21 22 23 -24 -25 -26 -27 -28 -29 29 -31
leaf_value=1.7333477234425956e-05 -6.7739273915704257e-08 -3.5139417641491361e-05 -5.5425614719917237e-06 -5.9922081474381596e-05 1.4760896301035891e-05 -9.3458748525126022e-05 4.2907186770799118e-06 1.9190277153863445e-06 -3.6879322579574459e-05 -3.3176989354884275e-05 0.00018736325805342578 -4.6516551040127556e-05 -1.1532268732867486e-05 -2.6697523610507853e-06 2.9952983644193706e-06 4.9951996761968831e-05 1.1419138586645344e-05 -1.7103157166544192e-05 -2.985412032563002e-05 1.7740374210566305e-05 1.2817328378610631e-05 -3.7912451793672114e-05 -4.1107408826073416e-05 2.7148453436569445e-05 6.6888966555780116e-05 5.4106556956138212e-05 5.7061048871022688e-05 3.9971486869322631e-06 -8.652443273595892e-06 7.8627236603562671e-06
leaf_weight=45 8144 32 513 96 70 22 6289 44 28 31 29 25 21 7681 1816 36 92 396 63 128 27 100 64 49 23 20 34 2375 696 91
leaf_count=45 8144 32 513 96 70 22 6289 44 28 31 29 25 21 7681 1816 36 92 396 63 128 27 100 64 49 23 20 34 2375 696 91
internal_value=1.20358e-05 0.000679779 -0.00197248 0.000895522 0.000806452 -0.00406977 0.000936243 -0.00390173 -0.00995146 -0.00566667 0.00197368 0.00648148 0.00984848 -0.000209526 9.18468e-05 -0.000162967 -0.00052231 -0.00412458 -0.00557769 0.00160934 0.00119297 0.00115652 -0.00686813 -0.0045302 0.00141509 -0.00210843 0.00150307 0.00133762 -0.000282723 -0.00257306
internal_weight=29080 7245 545 6700 6634 172 6462 173 103 75 76 54 66 21835 14154 12119 9525 594 502 2035 1907 2594 91 149 106 83 2445 2411 8931 787
internal_count=29080 7245 545 6700 6634 172 6462 173 103 75 76 54 66 21835 14154 12119 9525 594 502 2035 1907 2594 91 149 106 83 2445 2411 8931 787
is_linear=0
shrinkage=0.05


Tree=36
num_leaves=31
num_cat=0
split_feature=9 15 7 15 13 21 13 18 11 21 13 28 5 34 15 13 9 42 42 21 41 35 35 40 28 18 13 25 32 15
split_gain=1.75679 1.52198 1.79919 1.54834 1.98353 2.14238 2.17391 1.84447 1.72443 1.6842 1.40412 2.66606 2.89028 2.79717 2.60313 3.22171 2.30793 2.18173 2.04326 1.98947 1.96833 1.81456 2.10555 1.7937 3.12559 2.71381 2.54806 2.19048 2.42819 2.18891
threshold=-0.0016766856912560398 0.00067521149903986401 -0.0016296010889211671 0.0073271824733885044 -0.027854194874451461 73.560000000004962 -0.032850095411418187 -869.0500000000028 -0.012118174053025701 572.61000000000797 -0.00095248880250158659 -131.59252433769868 -0.0012780214686579929 114339.55383026275 0.0014921096445818193 0.00053688734726495095 -0.0023668522391087775 29.711649035405955 -16.132952224120782 65.044999999998268 -379.8001005424166 83724.655075000017 84005.359925000012 18.643386270450723 -91.524427269643624 56.595000000001171 -0.0017450756855814052 0.20804963669802543 -352.51294457363105 0.00083660535386639596
decision_type=2 2 2 2 2 2 2 2 2 2 2 2 2 2 2 2 2 2 2 2 2 2 2 2 2 2 2 2 2 2
left_child=1 2 -1 4 5 6 -3 -5 -7 10 23 12 13 17 16 -16 -14 -12 -17 -19 -20 -13 -23 26 -25 -26 29 -28 -29 -6
right_child=-2 3 -4 7 9 8 -8 -9 -10 -11 11 21 14 -15 15 18 -18 19 20 -21 -22 22 -24 24 25 -27 27 28 -30 -31
leaf_value=-1.031707293422887e-05 -4.3859777897053973e-07 -3.1020015839486357e-05 1.5309678111012243e-05 -0.00013045264271907255 -2.4617216970233289e-05 1.52215359962405e-05 -0.00013457498610360742 8.2383187742311606e-05 -8.2183911505472076e-05 -7.5788940038596674e-05 -1.2133213067220772e-05 3.4958914463605215e-05 2.5836726935396414e-05 -3.8414207522907192e-05 -5.9460205891925501e-05 6.2418331547417393e-05 -1.2350681379109182e-05 4.0506255968290592e-05 2.6613388020451921e-05 1.3729799376955156e-05 -3.6885990144140422e-05 -4.0467055869222928e-05 9.750911252582526e-07 1.7927393654710604e-05 -9.6800131712870884e-06 2.5110895972862893e-05 2.0177460795519004e-05 1.8343039131578929e-05 -2.2497745076262381e-05 2.4962798431874433e-06
leaf_weight=25 21835 23 48 21 111 83 23 71 22 44 149 172 27 55 61 21 32 55 23 46 59 24 1537 737 230 48 147 31 26 3294
leaf_count=25 21835 23 48 21 111 83 23 71 22 44 149 172 27 55 61 21 32 55 23 46 59 24 1537 737 230 48 147 31 26 3294
internal_value=1.89133e-05 0.000693582 0.00787671 0.000620468 0.000536723 -0.00513245 -0.0141304 0.00706522 -0.00119048 0.000660268 0.000722585 -0.00029854 -0.00340909 -0.000245902 -0.00773543 -0.0109756 0.00127119 0.002 -0.00558252 0.00767327 -0.00914634 0.000649163 0.000112108 0.00122189 0.00307882 -0.00143885 0.00069964 0.00612745 -0.00219298 0.000374449
internal_weight=29080 7245 73 7172 7080 151 46 92 105 6929 6885 2261 528 305 223 164 59 250 103 101 82 1733 1561 4624 1015 278 3609 204 57 3405
internal_count=29080 7245 73 7172 7080 151 46 92 105 6929 6885 2261 528 305 223 164 59 250 103 101 82 1733 1561 4624 1015 278 3609 204 57 3405
is_linear=0
shrinkage=0.05


Tree=37
num_leaves=31
num_cat=0
split_feature=13 2 21 42 40 20 15 22 5 25 19 21 32 7 38 5 21 18 19 42 5 9 26 11 42 32 5 24 17 13
split_gain=1.79346 2.22151 2.28885 2.04008 2.58055 3.13916 2.09369 2.09267 2.0001 2.15641 1.9613 3.29034 2.06337 2.16 2.13001 2.68894 2.21565 3.56159 2.53152 2.26032 2.29271 2.14582 2.05321 2.39557 2.18237 1.99312 2.32788 1.96298 1.99242 2.27209
threshold=-0.00052513128122504084 121727.05500000001 30.374999999992728 -0.49875640381479153 6.5873192314902562 41.874999999992731 0.0040427849241501147 447.95392600000008 0.0003081146917374295 -0.57976672995929535 139.85500000000323 86.784999999996231 731.06970689699676 0.0012529978611625231 45.676005984150926 0.0001153311716872082 4.5650000000023292 91.215000000003798 62.355000000003209 30.956073604327813 0.00069519119898896816 0.0013904413705687682 84281.823814134652 0.0048740766026928182 43.549351994826004 488.01335448310425 0.00029404469388493484 102.09808350000002 0.0010482434902712755 0.0030290744665019925
decision_type=2 2 2 2 2 2 2 2 2 2 2 2 2 2 2 2 2 2 2 2 2 2 2 2 2 2 2 2 2 2
left_child=1 -1 -3 4 5 -2 -6 -8 9 -7 11 12 14 -14 15 -5 19 18 -18 21 -21 27 24 25 -20 -24 -27 28 29 -16
right_child=3 2 -4 10 6 8 7 -9 -10 -11 -12 -13 13 -15 16 -17 17 -19 22 20 -22 -23 23 -25 -26 26 -28 -29 -30 -31
leaf_value=1.6248481164918862e-06 -1.1028912736722383e-05 -3.2831538300907678e-05 -6.3427981098028842e-07 1.7571127669388914e-05 -1.889831244600991e-06 1.8244949160808937e-05 5.4536090459255816e-05 -6.9821519873137209e-08 1.2134953868534197e-05 -2.6715387974108133e-05 -1.1237446527906374e-06 2.1371693663360878e-05 2.9254206306814556e-05 -2.8968844460258384e-05 5.1251267198450614e-06 -3.3684468483923185e-06 -6.7940007468848433e-06 -2.3776645785480288e-05 1.8669293120696932e-05 1.4784561414344356e-05 -2.1912780849197954e-06 -8.2085488786722662e-06 4.3638147542424402e-08 1.8152090410984436e-05 -1.4459919421463929e-05 -2.4796336506256692e-05 1.0254054674959661e-05 -5.6687063925701259e-06 1.2736856133915295e-05 -1.7903411136904284e-05
leaf_weight=12766 352 93 129 91 3022 39 32 33 116 65 9504 82 50 25 284 64 226 44 65 164 60 82 1288 44 34 68 31 141 62 24
leaf_count=12766 352 93 129 91 3022 39 32 33 116 65 9504 82 50 25 284 64 226 44 65 164 60 82 1288 44 34 68 31 141 62 24
internal_value=1.71939e-05 0.000454265 -0.0045045 -0.00033557 -0.00137333 -0.00445804 -0.000801749 0.00807692 0.000227273 -0.00480769 -3.01617e-05 0.00110106 0.000816649 0.009 0.000595238 0.00629032 0.000257929 -0.000722222 -0.000370159 0.00241738 0.00669643 0.000801012 0.000359477 -0.000122292 0.00732323 -0.000486662 -0.00732323 0.00200587 0.00391892 0.00227273
internal_weight=29080 12988 222 16092 3659 572 3087 65 220 104 12433 2929 2847 75 2772 155 2617 1800 1756 817 224 593 1530 1431 99 1387 99 511 370 308
internal_count=29080 12988 222 16092 3659 572 3087 65 220 104 12433 2929 2847 75 2772 155 2617 1800 1756 817 224 593 1530 1431 99 1387 99 511 370 308
is_linear=0
shrinkage=0.05


Tree=38
num_leaves=31
num_cat=0
split_feature=13 42 40 20 38 5 36 35 9 36 11 28 18 21 21 42 36 16 21 11 9 18 24 36 20 36 42 28 41 9
split_gain=1.70382 1.96313 2.85333 2.9721 2.31034 1.82645 3.54555 2.2562 2.82966 2.04736 2.38454 2.94359 2.4753 2.40047 2.14462 2.0769 1.96701 2.48829 2.43955 2.57786 2.2729 1.95246 2.64457 2.46157 1.90768 2.19066 2.23492 2.82006 2.35539 2.09637
threshold=-0.00052513128122504084 -2.0578544511189292 6.5873192314902562 42.325000000004373 53.394395234706494 0.00069519119898896816 -1618.6364117321862 87728.374775000018 -0.00071412210871831764 -317.81154228247755 -0.00041721172770589491 69.185245376400431 -492.12499999999994 13.075000000004367 277.2400000000053 52.183395261827428 -470.05235524442099 0.00068413804422943721 155.63500000000207 -0.0006723446041545896 -0.00052914886669583783 -236.52999999999881 201.52864980000001 459.3810767115429 44.370000000002626 -1857.7867886349266 185.29053297943702 97.716073994561171 -67.690338436584184 -0.0037317699777196737
decision_type=2 2 2 2 2 2 2 2 2 2 2 2 2 2 2 2 2 2 2 2 2 2 2 2 2 2 2 2 2 2
left_child=-1 2 3 4 -2 6 7 8 -3 14 11 15 -12 -13 16 -11 18 -18 -8 -20 -19 22 23 -14 -9 26 27 29 -29 -26
right_child=1 5 -4 -5 -6 -7 9 24 -10 10 12 13 21 -15 -16 -17 17 20 19 -21 -22 -23 -24 -25 25 -27 -28 28 -30 -31
leaf_value=1.1824555025553113e-06 -1.0107607944378743e-05 -2.2559686940515696e-05 -1.3371544455442107e-06 -1.5340921942154095e-08 -4.5098006193529157e-05 -2.7836960389570282e-06 2.1964936553253119e-06 -1.4088967973268996e-06 5.4401859002874775e-05 -9.6915880205576533e-06 5.4894250177037222e-05 1.3792022339108212e-05 -2.8880537719761934e-05 -1.28110521865146e-06 -3.8093081229110816e-05 -6.322013635537165e-05 -3.941518113934857e-06 1.6571429345483904e-06 6.0772420562573936e-05 1.1804979563774495e-05 2.5750850883102159e-05 1.8713552245420951e-06 -2.275621481093064e-05 1.6214094169526771e-05 6.6815155228183392e-05 -4.0772362318853002e-05 -0.00010675501758682879 4.4439918643892922e-05 -1.9185443125937338e-05 -4.1666458629463275e-05
leaf_weight=12988 278 47 2943 205 37 4807 1364 181 59 446 44 75 30 348 34 21 57 109 20 88 201 4140 168 87 21 63 42 24 27 126
leaf_count=12988 278 47 2943 205 37 4807 1364 181 59 446 44 75 30 348 34 21 57 109 20 88 201 4140 168 87 21 63 42 24 27 126
internal_value=5.15818e-06 -0.000338678 -0.0013933 -0.00480769 -0.00785714 -4.94893e-05 0.000421887 -0.00330508 0.00330189 0.00072594 0.000228587 -0.00213483 0.000699262 0.000886525 0.00214896 -0.00487152 0.00237901 0.00565395 0.0015625 0.0087963 0.00741935 0.000581921 -0.00342105 0.00235043 -0.00475207 -0.00717822 -0.005 -0.00277778 0.00735294 -0.00629252
internal_weight=29080 16092 3463 520 315 12629 7822 590 106 7232 5359 890 4469 423 1873 467 1839 367 1472 108 310 4425 285 117 484 303 240 198 51 147
internal_count=29080 16092 3463 520 315 12629 7822 590 106 7232 5359 890 4469 423 1873 467 1839 367 1472 108 310 4425 285 117 484 303 240 198 51 147
is_linear=0
shrinkage=0.05


Tree=39
num_leaves=31
num_cat=0
split_feature=9 17 15 9 26 36 7 15 24 21 17 15 17 13 25 4 15 25 36 23 9 41 24 9 25 38 15 7 23 17
split_gain=1.66815 1.43691 2.46948 2.8457 2.42912 2.4164 2.22167 2.08436 1.93398 2.17063 1.93391 3.54186 1.75601 3.61495 3.54642 2.85066 2.53653 1.97044 4.7193 2.87557 2.42585 2.38595 2.14594 1.84256 3.07926 2.37736 1.8208 1.82819 1.74054 1.79301
threshold=-0.0016766856912560398 0.00130575772972778 0.00087785185022341004 -0.0028492084291926196 111136.19079057766 1038.9279526976754 -0.00073616721123330746 0.00099277695841311939 162.38203570000002 77.170000000005544 0.0011608668095694804 0.0014921096445818193 0.0015765172805312663 0.0029619328096427136 -0.51665510831183326 194.46898500000003 0.001507854843628875 -0.92938070219152991 24.290745873739073 -0.84716523062143145 -0.0020582374222381009 -150.17749524233258 280.55926430000005 -0.0023182936503736377 0.16931184590108414 29.320609031381547 0.0019030074192681733 -0.00094652679305393952 -0.66554084194932306 0.0015428348028032328
decision_type=2 2 2 2 2 2 2 2 2 2 2 2 2 2 2 2 2 2 2 2 2 2 2 2 2 2 2 2 2 2
left_child=1 5 3 -3 -5 6 8 -8 9 -1 -11 -12 13 14 16 -15 -4 18 20 22 -14 23 -20 -19 25 -25 27 -27 -16 -30
right_child=-2 2 12 4 -6 -7 7 -9 -10 10 11 -13 17 15 28 -17 -18 21 19 -21 -22 -23 -24 24 -26 26 -28 -29 29 -31
leaf_value=8.8253643998074218e-06 -4.8072334602928362e-07 1.9850298359126669e-05 1.9704852775194742e-05 -1.774721355429868e-05 -3.0309766880057342e-05 1.3990270296884869e-05 8.5745758091186285e-06 -1.7130177559669645e-05 4.3386099637881673e-05 -1.9653893415165761e-05 3.6234111352278552e-05 -4.4838583918959036e-05 -1.4033856772714698e-06 -4.7552343963479303e-05 2.8244541936559525e-05 4.2788174914244038e-06 -4.5750994266088802e-06 1.5898748032208689e-06 -2.4392900193892453e-05 -3.9996818933006946e-05 2.3277637525974348e-05 8.5698705268530502e-06 1.1970393831117814e-05 -5.0668919158866204e-05 2.5613576089900288e-05 -7.0212524710047884e-06 -8.6229488813563149e-08 -4.0445237649995193e-05 -3.7831191680888122e-06 -3.1484137145445844e-05
leaf_weight=543 21835 34 77 52 41 59 37 99 21 129 34 33 92 43 20 20 35 1393 85 29 38 3369 40 45 62 38 105 26 563 83
leaf_count=543 21835 34 77 52 41 59 37 99 21 129 34 33 92 43 20 20 35 1393 85 29 38 3369 40 45 62 38 105 26 563 83
internal_value=2.23521e-05 0.000679779 0.000405405 -0.00649606 -0.0110215 0.00248691 0.00184152 -0.00404412 0.00289474 0.00246955 -0.00204082 0.00485075 0.000547623 -0.00157551 -0.000642674 -0.0130952 0.00758929 0.000883127 -0.00316901 -0.00909091 0.00384615 0.00111155 -0.0058 -0.000434392 -0.00416667 -0.00700935 -0.00428994 -0.0109375 -0.00202703 -0.00247678
internal_weight=29080 7245 6290 127 93 955 896 136 760 739 196 67 6163 841 778 63 112 5322 284 154 130 5038 125 1669 276 214 169 64 666 646
internal_count=29080 7245 6290 127 93 955 896 136 760 739 196 67 6163 841 778 63 112 5322 284 154 130 5038 125 1669 276 214 169 64 666 646
is_linear=0
shrinkage=0.05


Tree=40
num_leaves=31
num_cat=0
split_feature=32 7 40 25 40 19 17 40 18 7 24 20 23 28 7 22 24 2 20 35 41 17 30 22 17 13 24 11 24 16
split_gain=1.64283 3.10075 2.87195 2.45798 2.33348 2.27222 2.53994 2.18093 2.1448 2.12612 2.09342 2.28672 3.81911 2.09524 2.05891 1.99275 1.97635 2.74054 1.97279 2.03167 1.79744 4.10645 2.57378 2.28949 1.69244 1.68901 1.68703 1.85486 1.64545 1.63198
threshold=470.55905339138559 -0.0065887684580804087 154.16023752562617 -0.87957428404292115 142.76107320718441 82.970000000001178 0.0010482434902712755 187.60157458407051 -538.35499999999581 -0.0058335736603875223 246.06779690000005 11.245000000002621 -0.85414238055896652 116.81811631708116 -0.00056453301725825362 333.80584275000007 931.30062170000008 82156.710000000006 54.944999999999716 113865.94782500001 150.05937839048286 0.0013357921968826974 118856.88400797267 89.811183750000012 0.0043473120676899612 0.010871254512491694 164.18253070000006 0.0001949432789865651 401.71478700000006 0.0015746709304058392
decision_type=2 2 2 2 2 2 2 2 2 2 2 2 2 2 2 2 2 2 2 2 2 2 2 2 2 2 2 2 2 2
left_child=2 28 25 18 14 -6 -7 -5 -8 -10 11 13 -13 -9 -3 -12 20 -18 19 -4 21 -11 -23 -22 -16 -1 -14 -28 -2 -25
right_child=1 4 3 7 5 6 8 10 9 16 15 12 26 -15 24 -17 17 -19 -20 -21 23 22 -24 29 -26 -27 27 -29 -30 -31
leaf_value=2.7026071901034222e-07 1.7790032994531116e-05 -2.9791560970483129e-05 -4.6200523223193916e-05 2.2267751109967052e-05 1.8031325386553365e-05 -1.6696531314403966e-05 5.1947308988664762e-05 -3.8481219071142499e-05 -7.9061806304172105e-05 3.8371217934108208e-05 4.1339313078668857e-05 -3.3592628709694697e-05 2.3135307420598345e-05 7.9107186188936163e-06 -1.3068965908428088e-05 -3.8948604187277376e-06 8.8265671651620114e-05 -6.6014399034094933e-05 1.4271328683921681e-05 1.5920523767615308e-05 -3.855984073211129e-05 -8.1859774425341019e-07 2.0604577160352833e-05 -7.2098591507082115e-06 3.2919649302191943e-05 -2.6477028188575833e-05 -1.7103770647125418e-05 2.3927886511387621e-05 0.00014985358901185356 -2.1654142486856644e-07
leaf_weight=21895 23 56 74 450 48 133 24 44 22 92 96 30 71 33 772 88 24 39 60 25 20 597 27 783 31 213 73 21 21 3195
leaf_count=21895 23 56 74 450 48 133 24 44 22 92 96 30 71 33 772 88 24 39 60 25 20 597 27 783 31 213 73 21 21 3195
internal_value=2.06327e-05 -0.000723718 0.000210374 0.00274648 -0.000822958 -0.000409672 -0.000514528 0.00375276 -0.00032656 -0.000401125 0.00131579 -0.00147059 0.00141026 -0.00876623 -0.0032305 0.00543478 -0.000329705 -0.00912698 -0.00298742 -0.00732323 -0.000212134 0.00209497 0.000641026 -0.000625313 -0.00258406 8.82034e-05 0.00439394 0 0.0125 -0.000540473
internal_weight=29080 5907 23173 1065 5863 5004 4956 906 4823 4799 456 272 195 77 859 184 4777 63 159 99 4714 716 624 3998 803 22108 165 94 44 3978
internal_count=29080 5907 23173 1065 5863 5004 4956 906 4823 4799 456 272 195 77 859 184 4777 63 159 99 4714 716 624 3998 803 22108 165 94 44 3978
is_linear=0
shrinkage=0.05


Tree=41
num_leaves=31
num_cat=0
split_feature=5 24 31 19 7 1 35 28 1 20 17 11 22 11 28 20 36 9 40 7 25 34 21 36 22 40 7 5 7 0
split_gain=1.61874 2.54997 1.65682 1.61896 2.18618 2.66376 2.82083 3.19557 2.35972 2.1008 2.13029 1.99015 1.89493 1.77087 2.53075 1.92453 1.72925 1.8026 2.79561 1.78336 2.32548 1.97878 1.76087 1.66576 2.46318 1.65119 1.64685 2.33278 2.12479 2.99003
threshold=-0.0012540060093501738 68.763335700000013 123886.16620000002 292.86000000000064 -0.0022033548796348587 111659.27500000001 118149.78157500002 -509.68256317931076 110960.66500000002 58.48999999999797 0.0020795573392269266 0.0019494280246558247 112.29756150000001 0.0029564842769334364 963.01409371839702 120.15999999999623 2441.8690223794915 0.00059765088110144704 271.26247349350166 -0.0010925768027002611 -0.64370478245059448 107636.6159963575 65.65499999999885 103.09009107459134 140.03597550000003 -91.645217237855817 -0.0032660326501490829 -0.0015688958204619797 -0.0029461437511561299 87155.285000000018
decision_type=2 2 2 2 2 2 2 2 2 2 2 2 2 2 2 2 2 2 2 2 2 2 2 2 2 2 2 2 2 2
left_child=1 -1 3 9 -5 8 7 -7 12 26 -11 25 -6 16 15 -15 17 19 -19 -14 22 -22 -21 24 -9 -8 27 -3 29 -28
right_child=-2 2 -4 4 5 6 11 23 -10 10 -12 -13 13 14 -16 -17 -18 18 -20 20 21 -23 -24 -25 -26 -27 28 -29 -30 -31
leaf_value=1.7445846475095899e-05 -3.7907651046983162e-07 1.0555806113424362e-05 2.1973540501623481e-05 4.3679609411126486e-06 -3.1847588974841149e-05 -7.27222153830617e-05 3.2170741751296609e-06 1.3047043463406809e-05 2.2278995299061165e-05 2.5172104879548936e-05 4.1362621053410508e-06 3.0885566647478485e-05 1.0136576384047183e-05 -7.9401833204834477e-06 3.3383332808907124e-05 -4.1132864421855383e-05 -3.7971523278730757e-05 4.3430031599163352e-05 -2.2387823496722596e-05 -6.5685740669637988e-06 8.0500525595041555e-06 -2.2472120047506676e-05 -7.5573749709165899e-05 -2.3011516956818367e-05 -1.0649161443807954e-05 -3.3814980745885883e-05 1.8973492490464642e-05 4.1236021838476343e-05 1.4992514155403645e-06 -4.4218453793086017e-05
leaf_weight=91 22985 143 20 2417 63 30 57 29 51 179 150 38 240 154 37 106 26 177 24 23 181 39 23 139 69 51 20 46 1403 69
leaf_count=91 22985 143 20 2417 63 30 57 29 51 179 150 38 240 154 37 106 26 177 24 23 181 39 23 139 69 51 20 46 1403 69
internal_value=3.43879e-05 0.000758819 0.000632911 0.000584893 0 -0.00146114 -0.00490315 -0.0079588 -0.000218531 0.00174129 0.00539514 0.000684932 -0.000709058 -0.000194175 -0.00345118 -0.00519231 0.00112551 0.00159123 0.00559701 0 -0.00281955 -0.000681818 -0.0130435 -0.00601266 -0.00102041 -0.00277778 0.00102617 0.00542328 0.000469169 -0.00702247
internal_weight=29080 6095 6004 5984 3974 1557 413 267 1144 2010 329 146 1093 1030 297 260 733 707 201 506 266 220 46 237 98 108 1681 189 1492 89
internal_count=29080 6095 6004 5984 3974 1557 413 267 1144 2010 329 146 1093 1030 297 260 733 707 201 506 266 220 46 237 98 108 1681 189 1492 89
is_linear=0
shrinkage=0.05


Tree=42
num_leaves=31
num_cat=0
split_feature=9 31 1 38 41 21 16 21 19 25 35 31 25 11 9 16 17 41 23 39 24 26 17 15 13 11 25 41 26 23
split_gain=1.61632 1.60642 1.75692 2.62034 2.00521 1.74211 2.3127 2.17778 2.12371 2.50762 1.84635 2.20096 1.91962 2.77038 1.83825 1.86768 1.79241 1.7412 1.67519 2.48093 2.23706 1.66256 1.63831 1.6284 1.62116 2.42065 1.88999 2.24429 1.95134 2.21564
threshold=-0.0016766856912560398 118423.25010000002 116680.65500000001 61.596764087771213 84.100811113972597 32.08500000000641 0.00092448688088741149 37.325000000004373 117.81000000000496 1.0000000180025095e-35 113093.45810000002 110689.49450000002 0.5911964074540822 -0.0050252584815138257 -0.0023182936503736377 0.0016060918801315894 0.0027497836621178727 112.18061182416301 -0.72295256665411467 315.50535714285803 105.02618640000001 105656.72590333949 0.0017087576609764136 0.00089476172628367697 0.0067320823405634935 -0.0059246422583593625 0.86567263988197174 -154.49900522113083 104574.46502221955 -0.90064474538900441
decision_type=2 2 2 2 2 2 2 2 2 2 2 2 2 2 2 2 2 2 2 2 2 2 2 2 2 2 2 2 2 2
left_child=1 2 5 4 18 6 8 14 21 -10 11 -8 -12 -14 15 -7 17 -17 -4 20 -20 -1 -5 -3 -9 -26 27 -27 29 -29
right_child=-2 23 3 22 -6 7 10 24 9 -11 12 -13 13 -15 -16 16 -18 -19 19 -21 -22 -23 -24 -25 25 26 -28 28 -30 -31
leaf_value=-1.6026041735886369e-05 -4.2768272758526427e-07 -3.1706149901646683e-05 -1.9827601643366703e-05 -5.0388581584635885e-05 1.9394448017906696e-05 -2.7303545759987708e-05 4.5276994165589904e-06 6.38023292829976e-07 2.9153250595502584e-05 2.2364187678365258e-05 -1.575377820159078e-05 1.845603796350189e-05 -1.2529641654557514e-05 3.4660820236374471e-05 3.6972791926705528e-06 -1.0653971111540716e-05 -5.0344279196059641e-05 4.8592564894283014e-05 1.7272670949598696e-06 -1.3898415690525257e-05 4.3103106948979577e-05 1.3957216581462373e-05 8.7172895514049167e-06 -4.8648519599485555e-06 7.4825632203788224e-05 -7.1204328242098437e-05 -2.4043636180460132e-05 -2.1947253957089948e-05 -3.2136601420925467e-06 4.9692936980316114e-05
leaf_weight=21 21835 27 31 20 88 45 1486 3870 34 53 183 139 24 26 76 48 51 21 54 55 52 29 22 521 25 30 31 24 50 109
leaf_count=21 21835 27 31 20 88 45 1486 3870 34 53 183 139 24 26 76 48 51 21 54 55 52 29 22 521 25 30 31 24 50 109
internal_value=3.95461e-05 0.00068668 0.000899657 0.00450311 0.00625 0.000717647 0.00194236 0.000159817 0.00821168 0.012931 0.00148009 0.00207692 -0.0026824 0.006 -0.00446058 -0.00742424 -0.00416667 0.00108696 0.00338542 0.00543478 0.00990566 0 -0.00714286 -0.00191606 0.000428848 0.00418216 0.00266393 0.00434272 0.00642077 0.00958647
internal_weight=29080 7245 6697 322 280 6375 1995 4380 137 87 1858 1625 233 50 241 165 120 69 192 161 106 50 42 548 4139 269 244 213 183 133
internal_count=29080 7245 6697 322 280 6375 1995 4380 137 87 1858 1625 233 50 241 165 120 69 192 161 106 50 42 548 4139 269 244 213 183 133
is_linear=0
shrinkage=0.05


Tree=43
num_leaves=31
num_cat=0
split_feature=7 15 28 1 34 25 5 22 9 19 36 22 27 4 7 22 3 2 31 41 36 23 40 25 11 0 36 20 39 39
split_gain=1.59096 1.95571 1.44278 1.86244 1.7148 1.80821 1.41648 1.46908 1.77539 2.39398 1.41142 1.94518 2.59692 2.17101 1.78349 1.8718 1.71961 2.51066 2.11456 1.7035 2.86469 1.79695 2.43477 2.12634 2.16964 1.8095 1.94291 1.7362 1.62882 1.92539
threshold=0.0043735435874901153 0.0073271824733885044 1700.0155956013989 112192.93000000001 118452.7672204954 1.5715822459259077 0.0029399247750405409 683.25068625000006 -0.0083327233880148757 579.75499999999749 -4069.6745789004849 370.22807725000001 111280.86425000001 231.72581 0.0054307824957243378 388.53622325000009 82110.435000000012 82822.940000000017 83635.071300000011 -131.37867188940427 -695.25535082416161 0.29743599129673332 24.521695508505221 0.92598118957288367 0.0042851931119028226 87383.800000000017 593.63508669981104 148.59999999999857 294.41607142857282 345.91000000000093
decision_type=2 2 2 2 2 2 2 2 2 2 2 2 2 2 2 2 2 2 2 2 2 2 2 2 2 2 2 2 2 2
left_child=1 -1 4 -4 10 -6 7 -3 -9 -10 -2 16 13 -13 -15 -16 -12 -18 -19 20 -20 28 27 24 -24 -25 -27 -23 -21 -30
right_child=2 6 3 -5 5 -7 -8 8 9 -11 11 12 -14 14 15 -17 17 18 19 21 -22 22 23 25 -26 26 -28 -29 29 -31
leaf_value=2.0462295356972668e-07 4.7319403029299372e-05 -8.7598656524993303e-05 2.9035097988297039e-06 7.6427564419233524e-05 -5.2049072292771191e-05 1.0521816719040457e-05 0.00018566154826140502 0.00016599508093295833 7.141114694294029e-05 -5.555328057550934e-05 8.7579981462984949e-05 -5.7593509867751341e-05 -6.9370361217898347e-05 1.0914401985132434e-05 -4.8460453363193849e-05 -2.6810090321357963e-05 -5.1176412974814555e-05 4.1452127250824816e-05 -1.4406194395658137e-05 -1.0288120432517976e-05 2.8469254295445227e-05 -5.1676797844759597e-05 4.8434000505381026e-05 -2.7124138453923697e-05 -4.338393335514495e-05 6.0060356571508151e-05 8.193789052367263e-07 -3.6932203181602342e-07 4.7610198401634538e-05 2.2066798998921019e-06
leaf_weight=27333 45 43 57 21 43 20 31 24 21 32 32 45 27 92 22 287 33 29 101 34 70 66 25 46 80 42 209 31 35 104
leaf_count=27333 45 43 57 21 43 20 31 24 21 32 32 45 27 92 22 287 33 29 101 34 70 66 25 46 80 42 209 31 35 104
internal_value=3.09491e-05 0.00012007 -0.00150376 0.00512821 -0.00184453 -0.00992063 0.0057947 0.00333333 0.00746753 0.00235849 -0.00149485 -0.00177305 -0.00438689 -0.00347534 -0.00230673 -0.00412621 -0.000453575 -0.000856354 -0.000344037 -0.000800712 0.00365497 -0.00193452 -0.00345691 -0.00174129 -0.00785714 0.000420875 0.00209163 -0.010567 0.00245665 0.00485612
internal_weight=29080 27484 1596 78 1518 63 151 120 77 53 1455 1410 473 446 401 309 937 905 872 843 171 672 499 402 105 297 251 97 173 139
internal_count=29080 27484 1596 78 1518 63 151 120 77 53 1455 1410 473 446 401 309 937 905 872 843 171 672 499 402 105 297 251 97 173 139
is_linear=0
shrinkage=0.05


Tree=44
num_leaves=31
num_cat=0
split_feature=18 0 32 19 40 24 1 17 34 20 32 20 40 42 25 25 22 34 5 36 36 36 11 21 39 13 20 22 38 25
split_gain=1.5424 1.84304 1.60413 2.14178 2.1005 2.85362 2.73606 2.02103 1.90367 2.29721 2.2362 1.95157 1.89479 2.28606 2.58265 2.59691 1.73361 1.73012 1.71753 1.70696 1.83084 1.83159 2.28481 1.73422 1.65859 1.61091 2.03078 2.12623 1.86154 1.55274
threshold=-317.01000000000198 122680.93500000001 470.55905339138559 82.970000000001178 154.16023752562617 158.63325920000003 116541.145 0.0010482434902712755 83306.798649065357 98.304999999993029 352.16317631208955 75.260000000002051 142.76107320718441 26.976455355403321 -0.73622814783717494 -0.93895349872544542 93.944070000000011 106158.18330468009 0.0010895404386355443 -756.70149298060994 -56.844347018624823 772.08752107941848 0.0060662605090288759 59.144999999996806 367.64892857142803 0.010871254512491694 20.325000000004369 533.21307900000022 60.845093985943656 -0.65782917854571543
decision_type=2 2 2 2 2 2 2 2 2 2 2 2 2 2 2 2 2 2 2 2 2 2 2 2 2 2 2 2 2 2
left_child=1 -1 4 -4 25 -6 8 16 11 -10 17 -7 13 14 15 -9 -5 -11 -17 -15 -21 22 -22 -24 -25 -2 -27 28 -28 -16
right_child=2 -3 3 7 5 6 -8 12 9 10 -12 -13 -14 19 29 18 -18 -19 -20 20 21 -23 23 24 -26 26 27 -29 -30 -31
leaf_value=8.3103867890882815e-06 1.4175924211389025e-07 2.0312453355930082e-05 1.7159865931449964e-05 -2.1765726457843684e-06 1.5257308003316611e-05 5.3154221070651585e-05 2.2037334720572134e-05 3.9526511273768826e-05 -1.2251333476233535e-05 2.0990844772379139e-05 -1.1725186602383048e-05 -1.0162873453332132e-05 -8.3745507697799643e-07 3.6927612538271645e-05 3.4087267351268017e-05 -4.783889496055684e-05 -2.3263896506749023e-05 8.341154936490634e-05 -1.255125818276047e-05 -4.9126596966878372e-05 2.150862513592367e-05 -2.9956391193362513e-05 8.2248729058063356e-06 -5.2764430102870913e-05 -2.0709946675088646e-05 9.5550105825932759e-06 5.7000351948621698e-05 -7.6527923279994282e-05 -2.6055424307381155e-05 2.4038610711270142e-06
leaf_weight=1589 20631 22 56 80 339 40 95 21 305 57 52 26 4674 21 26 28 100 22 22 44 50 219 39 21 20 33 26 72 64 286
leaf_count=1589 20631 22 56 80 339 40 95 21 305 57 52 26 4674 21 26 28 100 22 22 44 50 219 39 21 20 33 26 72 64 286
internal_value=3.26685e-05 0.00153631 -5.55171e-05 -0.000801647 0.000140153 0.00245726 0.000376884 -0.000898071 -0.00109562 -0.00229358 0.00324427 0.00681818 -0.000726558 -0.00297992 -0.000195822 -0.00880282 -0.00611111 0.0085443 -0.015 -0.00555556 -0.00629771 -0.00508596 -0.000384615 -0.005625 -0.0128049 3.60127e-05 -0.00448718 -0.00679012 -0.00166667 0.00176282
internal_weight=29080 1611 27469 5707 21762 936 597 5651 502 436 131 66 5471 797 383 71 180 79 50 414 393 349 130 80 41 20826 195 162 90 312
internal_count=29080 1611 27469 5707 21762 936 597 5651 502 436 131 66 5471 797 383 71 180 79 50 414 393 349 130 80 41 20826 195 162 90 312
is_linear=0
shrinkage=0.05


Tree=45
num_leaves=31
num_cat=0
split_feature=32 40 7 23 18 22 19 40 9 5 4 23 38 36 22 11 32 25 24 11 36 36 4 39 17 27 17 11 15 13
split_gain=1.46849 3.10885 3.08093 2.71537 2.27531 2.25486 2.15975 2.03382 2.43144 1.91789 1.81369 2.36004 1.75428 2.78218 1.7503 2.38187 1.85028 1.96075 2.09575 2.08885 2.26301 2.0553 1.70667 1.92 1.69921 1.87489 1.8207 1.78571 1.68221 1.67868
threshold=470.55905339138559 154.16023752562617 -0.0065887684580804087 -0.61089200919913622 -538.35499999999581 329.96369475 82.970000000001178 157.09727876444961 -0.00057029385289419042 -0.004740828248732184 59.118660000000013 -1.0787843904899861 50.419655424295136 158.49248575167442 118.19269775000002 -0.00010010028017436306 434.86037169307389 -0.44914440411772372 300.47566670000003 0.000384715498296407 940.1854911932752 -1044.7886269632797 123.13127500000002 226.5799999999997 0.0048659243590224643 82886.141500000012 0.0034444654257587224 0.011364748085650028 0.0012474745819160595 0.010871254512491694
decision_type=2 2 2 2 2 2 2 2 2 2 2 2 2 2 2 2 2 2 2 2 2 2 2 2 2 2 2 2 2 2
left_child=1 29 -2 14 -4 -5 -6 8 -8 -9 11 -11 -7 -14 15 -3 17 18 19 20 28 -20 23 -18 25 -10 -27 -28 -16 -1
right_child=2 3 4 5 6 12 7 9 24 10 -12 -13 13 -15 16 -17 22 -19 21 -21 -22 -23 -24 -25 -26 26 27 -29 -30 -31
leaf_value=2.768953080977903e-07 4.9700424740587416e-05 2.5375394159197445e-05 5.191157825032843e-05 1.8939398912856567e-05 1.6301872634877466e-05 4.2579507902860442e-05 -3.6615319493827296e-05 -0.00011286979013914393 -7.3230355535029696e-05 1.7501731943829708e-05 -6.2509793758706613e-07 -2.3300864537207127e-05 1.2856050474406557e-07 -9.2490788137885579e-05 3.5825419955311713e-05 -7.2422702164409184e-06 -2.8037981385994428e-05 2.7222563335924025e-05 -6.1362982388220512e-06 -4.7845227381085477e-05 -2.995025875867424e-05 5.02543083214818e-05 -4.4431010459382731e-05 2.14353705920835e-05 3.0560325249258148e-05 -1.0579849565900839e-05 4.4161490692463014e-05 -3.764585632898567e-05 -1.0499659889606321e-05 -2.1826977689016186e-05
leaf_weight=21895 44 26 24 521 56 45 46 24 36 26 4567 72 25 24 30 28 20 39 76 33 31 39 25 30 22 927 42 21 73 213
leaf_count=21895 44 26 24 521 56 45 46 24 36 26 4567 72 25 24 30 28 20 39 76 33 31 39 25 30 22 927 42 21 73 213
internal_value=2.23521e-05 0.000201743 -0.000681395 0.00284038 -0.000780317 0.005 -0.000843466 -0.000938094 -0.00287934 -0.000485178 -0.000412647 -0.00714286 -0.00212766 -0.00867347 -0.000111111 0.00833333 -0.00126263 0.000389408 -0.00106383 -0.00464072 -0.00186567 0.00413043 -0.00833333 -0.003 -0.0023855 -0.00268031 -0.00227273 0.00595238 0.00169903 7.46336e-05
internal_weight=29080 23173 5907 1065 5863 615 5839 5783 1094 4689 4665 98 94 49 450 54 396 321 282 167 134 115 75 50 1048 1026 990 63 103 22108
internal_count=29080 23173 5907 1065 5863 615 5839 5783 1094 4689 4665 98 94 49 450 54 396 321 282 167 134 115 75 50 1048 1026 990 63 103 22108
is_linear=0
shrinkage=0.05


Tree=46
num_leaves=31
num_cat=0
split_feature=9 24 24 32 41 20 42 9 13 35 13 4 30 21 41 39 4 23 15 19 22 28 40 9 19 16 42 18 16 22
split_gain=1.29674 1.33379 2.73422 2.53534 3.02971 2.22604 1.89589 2.04314 1.8921 1.78807 1.67356 1.63622 1.89581 1.68991 1.62884 2.08713 1.62705 1.54147 2.50984 1.79479 2.04979 2.01861 3.00179 2.51177 2.30697 2.43443 2.36715 2.15938 2.05001 1.91839
threshold=-0.00185855059203177 232.29945530000001 236.20228703000001 233.77630069292357 156.11931942809011 264.46500000000384 5.1692072118264827 -0.0004624677885698573 0.018586111885715923 81968.382800000021 0.0022916320059074382 472.69450500000005 107961.81428809671 104.3449999999939 -487.59477933634435 396.2089285714278 276.46200000000005 0.77681128356403906 0.0010746239485301954 182.03499999999624 108.81511025000002 116.81811631708116 36.839385705679895 -0.00086232603844608243 150.14499999999683 0.0016289682428798969 -28.096088244193393 93.190000000002343 0.0020417611578568621 292.38144825000001
decision_type=2 2 2 2 2 2 2 2 2 2 2 2 2 2 2 2 2 2 2 2 2 2 2 2 2 2 2 2 2 2
left_child=-1 8 3 -3 10 17 16 -8 14 -9 -5 13 -13 -11 15 -2 -7 19 -19 21 -21 22 23 -4 26 -26 -23 28 -28 -27
right_child=1 2 5 4 -6 6 7 9 -10 11 -12 12 -14 -15 -16 -17 -18 18 -20 20 -22 24 -24 -25 25 29 27 -29 -30 -31
leaf_value=1.6633042021952204e-06 6.8953069305687524e-06 -3.1030144896183782e-05 1.4763422186036589e-05 4.1112147691127817e-05 -3.2596359186998752e-05 7.0099751857004207e-05 -4.6772169959288246e-05 0.0001331647295915387 3.8760142258006849e-05 7.3283273747420127e-05 2.7273988706035091e-06 -4.1252214016438832e-05 3.7733920612557459e-05 -1.3342728663966507e-05 1.2990599682981934e-07 -6.4326739030172529e-05 3.3629446638949606e-05 -1.8680054212163192e-05 -1.5521074473867041e-05 2.917542042011775e-05 -8.2879880800995288e-07 3.228355678452673e-05 -3.2768772750284648e-05 -1.7273538850036984e-05 1.3403823776516973e-05 -4.6479833381972481e-05 2.3063226923815943e-05 -3.9174945522598403e-05 -3.2477610793885387e-05 -7.4978805035866202e-06
leaf_weight=6670 23 150 86 20 49 21 20 24 81 49 32 113 32 30 15918 22 137 21 552 32 4190 45 144 274 33 83 94 22 46 67
leaf_count=6670 23 150 86 20 49 21 20 24 81 49 32 113 32 30 15918 22 137 21 552 32 4190 45 144 274 33 83 94 22 46 67
internal_value=3.26685e-05 -0.000149487 -0.00076186 -0.00587649 0.000247525 -0.000551922 0.00293427 0.000373134 9.34929e-05 0.0016129 0.00865385 0.000223214 -0.00293103 0.00601266 5.48143e-05 -0.00944444 0.00727848 -0.000812972 -0.00327225 -0.000537529 -0.000106585 -0.00257271 -0.0046627 -0.00222222 0.000128205 -0.00396175 0.00374396 0.000925926 0.00321429 -0.00666667
internal_weight=29080 22410 6366 251 101 6115 426 268 16044 248 52 224 145 79 15963 45 158 5689 573 5116 4222 894 504 360 390 183 207 162 140 150
internal_count=29080 22410 6366 251 101 6115 426 268 16044 248 52 224 145 79 15963 45 158 5689 573 5116 4222 894 504 360 390 183 207 162 140 150
is_linear=0
shrinkage=0.05


Tree=47
num_leaves=31
num_cat=0
split_feature=13 2 20 21 36 39 42 38 18 7 19 24 18 18 5 7 22 25 42 35 42 40 24 24 39 15 39 9 17 19
split_gain=1.35441 1.86587 2.03222 1.91958 1.95885 2.06512 1.82134 2.64029 2.55112 2.90221 2.43285 2.48909 3.46154 1.987 2.83985 2.69631 1.97938 1.96036 1.90623 1.87344 1.8815 1.84381 1.84029 2.35175 2.30368 1.98135 2.07375 1.98017 2.26873 2.38717
threshold=-0.00074900901188643002 121727.05500000001 144.20500000000905 91.635000000002051 403.37240243243292 211.79464285714394 -2.0578544511189292 50.419655424295136 36.520000000004082 0.00040761662476774147 302.07500000000442 217.38151700000003 197.70999999999916 -120.20999999999911 -0.00091277556401533975 0.00027274869259545425 47.460166000000008 0.28467506258939551 -12.076909612655191 118959.68987500001 -21.71553964291137 15.830206001017361 68.763335700000013 75.925049900000019 176.30428571428743 0.00058407076174895266 110.37750000000078 0.0011188336774566516 0.00084957435868947035 110.9850000000006
decision_type=2 2 2 2 2 2 2 2 2 2 2 2 2 2 2 2 2 2 2 2 2 2 2 2 2 2 2 2 2 2
left_child=1 -1 3 4 -3 -6 7 8 9 13 16 12 -12 -2 -15 17 -10 -16 -11 -9 -21 -13 24 25 27 -24 -27 -8 29 -29
right_child=6 2 -4 -5 5 -7 22 19 10 18 11 21 -14 14 15 -17 -18 -19 -20 20 -22 -23 23 -25 -26 26 -28 28 -30 -31
leaf_value=1.3978044921173119e-06 -2.3368180644184477e-05 7.9319473455162161e-06 -3.9969045683625268e-05 1.4054909537271211e-05 1.5826924017910601e-06 -4.5531621441946549e-05 4.0367584850305712e-06 -9.1651060909868514e-07 -1.5659928053296481e-05 -1.3800649399976654e-05 -4.5044755527967294e-05 -5.3708726079024644e-05 2.3085436018968398e-05 2.2358673350250356e-05 -1.001559570733558e-05 1.810826808542496e-05 2.9738801739245665e-06 1.9421053900938332e-05 -2.6172398364725789e-05 -5.8714335522976736e-06 2.3292126832559341e-05 -1.6888146065415193e-05 3.7690660109395728e-06 -8.5961599400202567e-08 2.0718674409077531e-05 -1.4771495945227283e-05 -9.3515191239485543e-06 -2.147439710587053e-05 5.9733662837017906e-06 -3.35476470113851e-06
leaf_weight=12204 224 42 26 50 33 63 641 2212 24 129 26 35 64 64 340 30 433 30 67 40 51 40 63 11636 22 38 219 52 81 101
leaf_count=12204 224 42 26 50 33 63 641 2212 24 129 26 35 64 64 340 30 433 30 67 40 51 40 63 11636 22 38 219 52 81 101
internal_value=2.75103e-05 0.000422773 -0.00420561 -0.00239362 -0.00543478 -0.009375 -0.000267075 -0.00122736 -0.00285525 -0.00458145 -0.000401929 -0.00560606 0 -0.00305233 -0.00118534 -0.00275 0.00147702 -0.00391892 -0.00994898 -0.000162831 0.00686813 -0.0123333 1.75056e-05 -0.00014637 0.00220178 -0.004375 -0.00632296 0.0018 -0.00213675 -0.00571895
internal_weight=29080 12418 214 188 138 96 16662 3809 1506 884 622 165 90 688 464 400 457 370 196 2303 91 75 12853 11956 897 320 257 875 234 153
internal_count=29080 12418 214 188 138 96 16662 3809 1506 884 622 165 90 688 464 400 457 370 196 2303 91 75 12853 11956 897 320 257 875 234 153
is_linear=0
shrinkage=0.05


Tree=48
num_leaves=31
num_cat=0
split_feature=5 19 42 15 42 20 23 40 24 17 36 41 42 11 13 23 24 0 38 41 5 38 31 17 38 9 7 39 32 35
split_gain=1.37125 1.56681 1.88115 1.86681 2.13737 1.37283 1.60995 3.40905 2.21603 2.82344 2.01381 3.1151 2.20472 2.47938 2.07845 2.72212 1.75191 1.70034 2.0902 1.72044 1.6957 2.62873 1.92372 2.32053 2.80315 2.24518 2.65074 2.55162 2.7739 2.6848
threshold=-0.00041826921869977311 73.210000000006417 18.212232997341324 0.00082855887742896582 5.674378975878712 117.41999999999827 1.2163191280021286 -218.77529079826488 322.37487390000007 0.003911772223671151 -1577.8499579207271 -41.473634235665664 -80.340706012111852 -0.0027368619157837272 -0.00061777383470531958 1.6453423725020435 56.050211400000002 97290.285000000018 64.618627393576276 56.624373613931589 -0.00021318488309049019 80.085199911473438 83142.386400000018 0.002552514326478648 54.104437474667485 0.0019425085692076547 -0.00094652679305393952 271.13178571428745 202.87112912072192 115639.1922
decision_type=2 2 2 2 2 2 2 2 2 2 2 2 2 2 2 2 2 2 2 2 2 2 2 2 2 2 2 2 2 2
left_child=1 2 3 4 -1 6 20 -8 10 -10 -9 -12 -13 -14 -15 16 -16 -18 19 -19 21 22 -2 25 -25 26 27 28 29 -24
right_child=5 -3 -4 -5 -6 -7 7 8 9 -11 11 12 13 14 15 -17 17 18 -20 -21 -22 -23 23 24 -26 -27 -28 -29 -30 -31
leaf_value=-3.0406966578824347e-06 3.5719944456283588e-05 7.8704913870042149e-07 -1.0152885820016907e-05 1.1718851257700718e-05 1.6455471870695473e-05 2.1614405583927553e-06 4.1823768500548289e-05 4.4426403488600385e-05 -6.4033088090136058e-05 1.1339367636831232e-05 -2.3864736355158415e-05 4.4999631021701262e-05 -3.2738947072893149e-05 8.8316278098000529e-06 -1.1778820328872374e-05 5.7663463087425866e-07 -3.0219609365011162e-05 1.8693608510157473e-05 -1.7502815457900132e-05 -2.7396521073176472e-05 -2.4959116481689518e-07 2.01885056288025e-05 -4.6215238124482322e-06 -4.0297053211961466e-05 -5.1704175174947515e-06 6.1371336237161712e-06 -7.1843347901542754e-06 -2.0038135851341587e-05 3.1094337570662278e-05 2.1216900184923833e-05
leaf_weight=66 23 11121 21 38 24 3289 77 26 40 27 268 23 51 121 25 512 61 35 70 31 11918 21 134 70 53 84 717 64 46 24
leaf_count=66 23 11121 21 38 24 3289 77 26 40 27 268 23 51 121 25 512 61 35 70 31 11918 21 134 70 53 84 717 64 46 24
internal_value=1.20358e-05 0.000443656 0.00553691 0.0078125 0.00388889 -0.000261089 -0.000470009 -0.00210315 -0.00271318 -0.0115672 -0.00222813 -0.00252715 -0.00115716 -0.00154525 -0.000906433 -0.00190736 -0.00653153 -0.00494924 -0.00183824 0.00454545 -0.000300289 -0.00206311 -0.00236626 -0.00264262 -0.00914634 -0.00189429 -0.00256345 0.0016791 0.00441176 0.00126582
internal_weight=29080 11270 149 128 90 17810 14521 1367 1290 67 1223 1197 929 906 855 734 222 197 136 66 13154 1236 1215 1192 123 1069 985 268 204 158
internal_count=29080 11270 149 128 90 17810 14521 1367 1290 67 1223 1197 929 906 855 734 222 197 136 66 13154 1236 1215 1192 123 1069 985 268 204 158
is_linear=0
shrinkage=0.05


Tree=49
num_leaves=31
num_cat=0
split_feature=18 17 9 23 35 25 7 25 19 23 5 13 13 9 28 38 36 13 36 15 4 38 5 36 40 24 16 4 28 15
split_gain=1.27391 1.5031 2.3047 3.61099 3.45988 2.78834 2.50476 2.57394 2.01567 1.91283 2.36478 2.58552 2.7295 2.23695 2.19974 2.48737 2.65989 2.14654 1.95682 2.79496 2.50149 1.90847 1.85724 1.84194 1.82149 2.01993 1.80922 1.79582 1.91696 1.75148
threshold=-49.165000000008142 0.001446682519073997 -0.00086232603844608243 0.1399886877364718 117917.586425 -1.0775377759339906 0.00036952481743579552 -0.1948781513046407 121.86499999999798 0.75330426852329035 -0.0034599927283592382 -0.0021536680669619569 0.0028359439526606683 -0.0054716921534179001 -700.64330007984233 39.159263715810219 -149.60096923469243 0.010871254512491694 3150.1466007826025 0.0022114988112394399 213.22366500000001 61.987139489719794 -0.0015688958204619797 2181.0024910696379 -137.15801112526239 431.26353325000008 0.0009832413038023814 41.378460000000011 -124.28058321675051 0.0022114988112394399
decision_type=2 2 2 2 2 2 2 2 2 2 2 2 2 2 2 2 2 2 2 2 2 2 2 2 2 2 2 2 2 2
left_child=1 2 5 6 22 -1 27 8 -8 13 11 14 -13 17 -11 -16 -17 21 -15 20 -20 24 -5 26 -3 -26 -12 28 -4 -7
right_child=-2 9 3 4 -6 29 7 -9 -10 10 23 12 -14 18 15 16 -18 -19 19 -21 -22 -23 -24 -25 25 -27 -28 -29 -30 -31
leaf_value=3.8151106812626047e-05 -5.1298095731146466e-07 5.9272410199212165e-06 2.3889159529303543e-05 1.090005768363764e-05 5.0728003804355349e-05 4.7236827530797945e-06 8.0610029044285322e-08 -1.563405445570747e-05 2.0785938698286434e-05 1.4017747918494288e-06 -5.1379411669748973e-05 -6.4549980248492506e-05 2.7444119643293953e-05 6.9203448465593061e-07 6.5784892931975463e-05 1.6898782910286954e-05 -4.8375575097680093e-05 7.8704715987492084e-05 -3.9649626525122328e-06 1.880409379173674e-06 -8.1031282498351864e-05 -5.6269540667087537e-05 7.4456511031765567e-07 3.1154877097828557e-05 1.958166317134181e-05 9.8227144869693017e-05 -9.1834528189039908e-06 -1.0082439785344415e-05 -1.740612960295359e-06 6.9971030702823122e-05
leaf_weight=22 18259 265 21 87 30 1451 54 44 70 346 34 77 57 5631 88 52 29 33 24 79 32 27 327 51 183 42 944 551 144 26
leaf_count=22 18259 265 21 87 30 1451 54 44 70 346 34 77 57 5631 88 52 29 33 24 79 32 27 327 51 183 42 944 551 144 26
internal_value=2.06327e-05 0.000450513 0.00144146 -7.53012e-05 0.0036036 0.00278519 -0.00192308 0.00357143 0.00725806 0.000100075 -0.00140048 0.00096302 -0.00522388 0.000498733 0.00257282 0.00724852 0.000925926 0.00354545 0.000208117 -0.00574074 -0.0142857 0.00275629 0.00241546 -0.00289116 0.00346939 0.00677778 -0.00337423 -0.00321229 0.00136364 0.002522
internal_weight=29080 10821 2827 1328 444 1499 884 168 124 7994 1678 649 134 6316 515 169 81 550 5766 135 56 517 414 1029 490 225 978 716 165 1477
internal_count=29080 10821 2827 1328 444 1499 884 168 124 7994 1678 649 134 6316 515 169 81 550 5766 135 56 517 414 1029 490 225 978 716 165 1477
is_linear=0
shrinkage=0.05


Tree=50
num_leaves=31
num_cat=0
split_feature=13 2 20 21 36 20 28 5 11 15 25 38 23 22 36 21 15 25 34 34 0 9 13 36 9 18 23 4 20 23
split_gain=1.34102 2.18715 1.93093 2.32712 1.95702 1.85714 1.67958 2.48932 2.44573 2.56782 2.71316 2.51776 3.27547 2.95051 2.50557 2.43324 1.91625 1.84497 1.82332 3.12663 3.67745 2.62615 2.10143 1.80227 2.25895 1.77134 2.37599 2.22145 2.15848 2.11853
threshold=-0.00052513128122504084 121727.05500000001 144.20500000000905 81.784999999996231 403.37240243243292 57.340000000003791 -81.767251611890956 -0.0062348814660390392 0.0025481270535704674 0.0015583470447756477 -0.47584577286175256 52.143662350803716 0.097588823570881528 79.874880250000018 -33.15494209059397 0.014999999999417925 0.001204418621477197 -0.85556647897929494 87211.556094773419 90484.535905658719 93518.150000000009 0.00012429634530251223 4.7279155365897284e-05 -3082.4225430467409 0.00090626096628644061 -125.44999999999708 0.67913520466811772 299.99194500000004 32.874999999992731 -0.51756032152546194
decision_type=2 2 2 2 2 2 2 2 2 2 2 2 2 2 2 2 2 2 2 2 2 2 2 2 2 2 2 2 2 2
left_child=1 -1 3 4 -3 -6 8 -8 9 10 15 12 -12 -14 -15 -2 -13 -11 21 -20 -21 -19 -22 -10 -25 26 27 28 29 -24
right_child=6 2 -4 -5 5 -7 7 -9 23 17 11 16 13 14 -16 -17 -18 18 19 20 22 -23 25 24 -26 -27 -28 -29 -30 -31
leaf_value=1.1339895762023165e-06 -1.3391258257950716e-05 8.1283826763392242e-06 -3.804878198005494e-05 1.0551967826632418e-05 -1.0684638218043509e-05 -5.0146417532437306e-05 0.00011343251402251033 -3.5684573632695346e-07 6.5198505572215475e-05 -3.9635817718949223e-05 -2.888384359420747e-05 3.5386914114742224e-05 -1.8027204555998922e-05 2.7799783352930898e-05 -1.9549296265637164e-05 1.6443040107957254e-05 -2.1088407604276874e-05 -1.0293391828607784e-05 -7.6923554465493818e-05 3.6105032401093257e-05 -4.3189449557015565e-05 6.1228398980120281e-05 -9.5279937168684491e-06 -3.7960211991737447e-05 4.7080010043820949e-05 -2.64266064263586e-05 -2.2118913940748318e-05 7.0131405291612916e-05 -1.9737445378724519e-05 4.693170395932123e-05
leaf_weight=12766 40 39 26 57 65 35 37 14743 29 73 84 34 33 42 31 215 25 103 72 68 71 24 20 28 26 160 38 22 53 21
leaf_count=12766 40 39 26 57 65 35 37 14743 29 73 84 34 33 42 31 215 25 103 72 68 71 24 20 28 26 160 38 22 53 21
internal_value=3.78267e-05 0.000415768 -0.0045045 -0.00280612 -0.00629496 -0.01 -0.000267214 -0.00011502 -0.00198171 -0.00254272 0.000198413 -0.00351406 -0.00631579 -0.000471698 0.00513699 0.00382353 0.00550847 -0.00444828 -0.00360429 -0.00490476 -0.00336645 0.00177165 -0.00525974 0.0063253 0.000925926 -0.00350318 0.000324675 0.00387931 0.000531915 0.00914634
internal_weight=29080 12988 222 196 139 100 16092 14780 1312 1229 504 249 190 106 73 255 59 725 652 525 453 127 385 83 54 314 154 116 94 41
internal_count=29080 12988 222 196 139 100 16092 14780 1312 1229 504 249 190 106 73 255 59 725 652 525 453 127 385 83 54 314 154 116 94 41
is_linear=0
shrinkage=0.05


Tree=51
num_leaves=31
num_cat=0
split_feature=13 28 35 18 41 21 32 39 11 20 34 9 42 28 41 23 41 21 40 22 39 19 23 18 21 17 25 36 4 40
split_gain=1.37492 1.82925 2.64539 2.91081 2.95699 2.17598 1.93358 2.86085 2.00522 1.96909 1.91928 1.86923 1.83492 1.90556 1.78687 2.86864 3.2136 2.60602 2.16348 2.26923 2.85268 2.03478 1.99843 1.99475 1.83146 2.80944 2.19653 1.66257 2.35493 1.74517
threshold=-0.00052513128122504084 -94.869209423173729 114608.96540000002 136.50499999999741 -366.65165289905127 241.74000000000527 -214.260352997524 203.13535714285644 0.0018657250968207994 53.724999999998552 121176.85378112418 0.00090626096628644061 -26.196138061344001 -124.28058321675051 -292.49635269116328 -0.44548431676422334 -344.99735912973375 1.2300000000032016 -105.81828075907832 280.61107825000005 283.93928571428432 390.50500000000471 -0.17737618821887444 -605.46500000000367 98.805000000000305 0.0041815334918259917 -0.55155403887842624 -1618.6364117321862 333.90800000000007 -323.0976926136936
decision_type=2 2 2 2 2 2 2 2 2 2 2 2 2 2 2 2 2 2 2 2 2 2 2 2 2 2 2 2 2 2
left_child=-1 2 3 5 -5 6 7 -2 27 -8 -4 -10 -11 -14 15 17 22 -3 19 20 21 -16 -17 -20 -19 26 -26 28 -9 -29
right_child=1 14 10 4 -6 -7 9 8 11 12 -12 -13 13 -15 18 16 -18 24 23 -21 -22 -23 -24 -25 25 -27 -28 29 -30 -31
leaf_value=8.1758414160044501e-07 2.4573325866670694e-05 4.878114010090844e-05 -2.1984964994696877e-05 1.7171162592412104e-05 -6.2968691085370975e-05 -3.0846714909909933e-05 -1.35237620189824e-05 -3.5090476908881755e-05 2.3320317889577821e-05 5.2676152760260003e-05 1.0944036927708316e-05 5.4967694047368789e-05 2.4193071810342707e-05 -4.6617416759508229e-05 4.6164535253188313e-06 4.9172011346929035e-05 -4.7035133460082835e-05 -4.8121967088468818e-05 0.00010984718608489683 -1.0595326997537262e-05 2.7421473610539557e-05 -1.6002921587199837e-05 3.3019579051599852e-05 -4.0453465939917539e-07 8.2926151729468615e-05 -6.9304819612124439e-05 -4.9845263169731227e-05 3.7106828883416365e-05 6.4306529127601452e-05 1.753747542421125e-06
leaf_weight=12988 79 27 202 44 49 43 179 117 39 42 26 26 35 28 263 31 40 148 29 104 214 27 51 13901 30 30 31 27 25 205
leaf_count=12988 79 27 202 44 49 43 179 117 39 42 26 26 35 28 263 31 40 148 29 104 214 27 51 13901 30 30 31 27 25 205
internal_value=2.92297e-05 -0.000279642 -0.00218696 -0.00101279 -0.0094086 -8.87574e-05 0.000498753 0.0023166 0.000740319 -0.0028169 -0.00701754 0.00884615 0.00261905 -0.00277778 -0.000130645 -0.00347938 0.00286885 -0.00639098 -4.12712e-05 0.00287829 0.00426587 0.00103448 0.00853659 -0.000168701 -0.00805439 -0.00247253 0.00368852 -0.000668449 -0.00492958 0.00193966
internal_weight=29080 16092 1166 938 93 845 802 518 439 284 228 65 105 63 14926 388 122 266 14538 608 504 290 82 13930 239 91 61 374 142 232
internal_count=29080 16092 1166 938 93 845 802 518 439 284 228 65 105 63 14926 388 122 266 14538 608 504 290 82 13930 239 91 61 374 142 232
is_linear=0
shrinkage=0.05


Tree=52
num_leaves=31
num_cat=0
split_feature=28 23 40 17 39 17 24 24 36 19 36 13 5 38 20 21 40 32 21 20 5 7 34 20 21 21 13 24 24 4
split_gain=1.31513 3.91922 1.83628 2.50897 1.64427 2.43 1.67388 1.54075 1.52754 2.04625 2.22174 1.77155 1.63023 1.54885 2.19573 2.49057 1.72988 1.48222 1.46667 1.43936 1.8035 2.2449 1.90368 1.69322 1.67854 3.4102 2.02403 1.73894 1.9773 2.9304
threshold=547.4718306342985 -1.412017805793633 323.65570319179102 0.001671755182044532 259.7503571428586 0.0015834621158349342 107.01375760000002 95.927001700000019 2301.6187650614306 942.87499999999284 1153.8211398768765 0.0045301166143837529 0.0046787543106239929 72.689835996359008 26.954999999994474 29.215000000003787 -32.241642839842818 801.01964013669215 6.1850000000049485 264.46500000000384 -0.0041245160366086093 -0.0058335736603875223 119510.75223244476 396.65499999999889 119.99500000000263 111.49500000000263 -0.027854194874451461 72.557487399999999 104.05547940000001 200.24554500000002
decision_type=2 2 2 2 2 2 2 2 2 2 2 2 2 2 2 2 2 2 2 2 2 2 2 2 2 2 2 2 2 2
left_child=19 -2 3 4 6 -6 7 -3 9 11 -11 -5 -10 16 17 18 -13 -15 -16 24 23 -22 -23 -21 25 26 -1 -26 29 -29
right_child=1 2 -4 8 5 -7 -8 -9 12 10 -12 13 -14 14 15 -17 -18 -19 -20 20 21 22 -24 -25 27 -27 -28 28 -30 -31
leaf_value=-7.4876037633109824e-05 -6.2617020167504358e-05 2.6445610599117554e-05 1.1700411915913133e-06 -3.5650683277626718e-05 -3.4120392082493356e-05 3.3691247710670084e-05 4.0868108006630816e-05 -4.7158461740847826e-05 -2.6447726922772216e-05 -6.5236468110279718e-06 0.00010572767494285516 -4.148165468237887e-05 -0.00011698536374810686 -3.3566048340906145e-05 -2.0307830279111242e-05 -4.3514734707289748e-05 -2.688516276318234e-06 3.7539590122852854e-05 5.0603014250716773e-05 0.00016924822872241304 -5.5456286386021017e-05 1.8459128207697155e-05 -6.74811940229375e-05 4.029650993702979e-06 1.1146346073663702e-05 1.8299870343685535e-05 3.0894640514030339e-07 -5.1211017305759037e-06 -2.5464838292505411e-06 -4.0448618652025533e-05
leaf_weight=62 21 38 1229 41 48 27 81 22 41 43 25 38 21 21 24 106 403 31 20 28 80 580 20 26 51 516 21278 117 3970 72
leaf_count=62 21 38 1229 41 48 27 81 22 41 43 25 38 21 21 24 106 403 31 20 28 80 580 20 26 51 516 21278 117 3970 72
internal_value=3.43879e-05 -0.00111842 -0.000918548 -0.00247573 0.00231481 -0.00366667 0.00549645 -0.000833333 -0.00374693 -0.003125 0.00514706 -0.00394737 -0.0112903 -0.00330482 -0.00693069 -0.01 -0.00164399 0.00192308 0 0.000132463 0.00231608 0.00161765 0.00266667 0.0111111 7.09737e-05 0.000247072 0.000149953 -0.00084323 -0.000955759 -0.00595238
internal_weight=29080 2280 2259 1030 216 75 141 60 814 752 68 684 62 643 202 150 441 52 44 26800 734 680 600 54 26066 21856 21340 4210 4159 189
internal_count=29080 2280 2259 1030 216 75 141 60 814 752 68 684 62 643 202 150 441 52 44 26800 734 680 600 54 26066 21856 21340 4210 4159 189
is_linear=0
shrinkage=0.05


Tree=53
num_leaves=31
num_cat=0
split_feature=5 19 42 15 42 0 7 15 24 17 19 20 18 31 13 20 21 39 19 34 23 9 32 40 42 20 21 7 32 1
split_gain=1.27911 1.56955 1.88115 1.86681 2.13737 1.43732 2.15791 2.14103 1.97898 2.30641 1.93109 1.78028 2.17179 1.72867 2.30517 1.65304 2.97923 2.64604 2.00259 1.87206 2.27735 1.6063 2.32361 2.15979 1.58431 1.52584 1.85876 2.8188 3.50019 2.51348
threshold=-0.00041826921869977311 73.210000000006417 18.212232997341324 0.00082855887742896582 5.674378975878712 84149.570000000022 0.010062467450458001 0.00070842821828243541 101.22761430000001 0.00095004625664929651 1098.9600000000066 302.22500000000588 845.75500000000477 83758.733200000032 0.0099056920452276608 13.114999999997965 12.704999999994472 202.03000000000043 131.08499999999916 83502.877906715803 -0.71588555531958586 -0.0035212759772320808 -828.11666042629065 43.163005635273301 -215.01641705598851 117.41999999999827 0.014999999999417925 0.0018316469592474555 -738.32957891625836 90973.505000000019
decision_type=2 2 2 2 2 2 2 2 2 2 2 2 2 2 2 2 2 2 2 2 2 2 2 2 2 2 2 2 2 2
left_child=1 2 3 4 -1 7 10 -2 9 -9 13 12 -8 14 -7 16 -10 -17 -19 -18 -21 22 -20 -24 -15 26 27 28 -26 -29
right_child=5 -3 -4 -5 -6 6 11 8 15 -11 -12 -13 -14 24 -16 17 19 18 21 20 -22 -23 23 -25 25 -27 -28 29 -30 -31
leaf_value=-3.1903926330464685e-06 1.7061402869649856e-05 6.4689738742498189e-07 -9.5969707816211983e-06 1.1136214281502467e-05 1.5703444729519591e-05 -5.6140195615481808e-05 -7.4195408450465931e-05 2.7336631551543112e-05 -4.2897269930933697e-05 -2.0799430325454807e-05 7.3376131305733386e-05 1.518174887906598e-05 8.6362139258415635e-07 -5.1863514208933145e-05 -1.4901765295627298e-06 2.4213619713094606e-05 1.772051100726384e-05 -2.815785119154741e-05 4.3264056918443904e-06 3.9420653891112974e-05 -4.5943099606045129e-05 5.4690448637374754e-06 0.00010997009403763835 2.0985372866413699e-05 5.6505849016706293e-05 2.6523898491763397e-06 -1.7199317106239305e-06 -2.9837122519906847e-05 1.9936006181856685e-06 -1.6066116588083364e-06
leaf_weight=66 20 11121 21 38 24 24 78 26 31 86 68 37 42 112 35 136 95 27 54 20 45 881 31 26 24 2620 11007 94 1641 550
leaf_count=66 20 11121 21 38 24 24 78 26 31 86 68 37 42 112 35 136 95 27 54 20 45 881 31 26 24 2620 11007 94 1641 550
internal_value=2.23521e-05 0.000439219 0.00553691 0.0078125 0.00388889 -0.000241437 -0.000376561 0.00125169 0.00102881 -0.00535714 -0.000319938 -0.00621019 -0.00916667 -0.000355436 -0.00889831 0.00156018 -0.00274869 0.00227273 0.00139843 0 -0.00653846 0.00176411 0.00743243 0.0144737 -0.000324028 -0.00028238 -0.000499399 0.000790385 0.00187688 -0.00201863
internal_weight=29080 11270 149 128 90 17810 16332 1478 1458 112 16175 157 120 16107 59 1346 191 1155 1019 160 65 992 111 57 16048 15936 13316 2309 1665 644
internal_count=29080 11270 149 128 90 17810 16332 1478 1458 112 16175 157 120 16107 59 1346 191 1155 1019 160 65 992 111 57 16048 15936 13316 2309 1665 644
is_linear=0
shrinkage=0.05


Tree=54
num_leaves=31
num_cat=0
split_feature=18 22 21 24 36 24 5 26 23 9 17 22 21 21 9 9 16 19 23 25 20 7 7 36 20 23 7 36 16 18
split_gain=1.21911 1.59993 2.98069 1.76192 1.67303 1.51091 2.17658 1.42491 1.39619 1.36713 1.32768 1.34758 1.73611 1.53575 1.29863 2.13695 1.77107 2.12581 2.98203 1.87768 1.75383 2.26038 2.24476 3.59064 2.24997 2.16218 3.02961 2.87026 2.7278 2.40684
threshold=-49.165000000008142 50.225507250000014 1.0000000180025095e-35 54.325938600000008 -620.56918435422983 65.856970300000015 -0.00071357636599751187 124049.4508891656 -0.10620894156144035 -0.0017482856810679362 0.0010207425737707113 45.507284500000004 21.440000000002332 17.494999999995347 0.0015427974402316047 -9.5343644975495211e-05 0.0017569528799388744 156.51999999999683 -1.1708098756832743 -0.3388086982034601 92.32500000000438 0.00071749404469559992 -0.0022033548796348587 353.80314207180351 35.465000000003791 -0.25021046712900374 -0.00078320879246075519 328.36167616854078 0.0013657958564715089 -95.004999999997366
decision_type=2 2 2 2 2 2 2 2 2 2 2 2 2 2 2 2 2 2 2 2 2 2 2 2 2 2 2 2 2 2
left_child=1 2 -1 8 -4 6 9 -2 -3 -5 11 12 -6 -13 15 16 20 18 -18 -20 21 22 23 -7 25 27 -27 29 -29 -24
right_child=7 3 4 5 10 14 -8 -9 -10 -11 -12 13 -14 -15 -16 -17 17 -19 19 -21 -22 -23 24 -25 -26 26 -28 28 -30 -31
leaf_value=1.6149439093499005e-05 -4.4618289722366685e-07 -2.0135415492967542e-05 9.8710546309453339e-06 3.0359849143609731e-05 6.0576621174937551e-06 7.6832862872620098e-06 -5.3856307087570312e-06 -1.2402739340136699e-05 -6.4011999932580199e-06 3.8504393515138133e-06 -6.9009208889093608e-06 -1.5977383011451644e-06 -1.2798106877068083e-05 1.8498740231651191e-05 8.1474940373817253e-06 -4.5194612101784514e-06 3.354425050033068e-05 -7.5006387235346944e-08 -3.7841770855345355e-05 5.8249748660601336e-06 -6.8095571942337874e-06 2.8475322421531193e-05 2.1084593155552527e-06 2.3962436001276361e-05 7.3720641897226289e-06 -1.3287267285780261e-06 -2.1554288379281535e-05 2.1169266113507026e-06 -1.2726079158397014e-05 1.3688828344762217e-05
leaf_weight=32 18193 22 24 26 60 686 43 66 40 79 24 22 36 23 1264 1787 21 3713 88 21 457 48 251 244 650 492 139 220 133 176
leaf_count=32 18193 22 24 26 60 686 43 66 40 79 24 22 36 23 1264 1787 21 3713 88 21 457 48 251 244 650 492 139 220 133 176
internal_value=6.87758e-06 0.00042741 0.00463801 0.000339623 0.00224868 0.000389068 0.00540541 -0.000242346 -0.00806452 0.00928571 0.000454545 0.00230496 -0.00104167 0.00944444 0.000317613 0.000109577 0.000487124 -0.000253708 -0.00653846 -0.00986239 0.00130149 0.00173577 0.00156302 0.00360215 0.000642892 -0.000478384 -0.00265452 0.00128205 -0.00205382 0.00403981
internal_weight=29080 10821 221 10600 189 10538 148 18259 62 105 165 141 96 45 10390 9126 7339 3843 130 109 3496 3039 2991 930 2061 1411 631 780 353 427
internal_count=29080 10821 221 10600 189 10538 148 18259 62 105 165 141 96 45 10390 9126 7339 3843 130 109 3496 3039 2991 930 2061 1411 631 780 353 427
is_linear=0
shrinkage=0.05


Tree=55
num_leaves=31
num_cat=0
split_feature=28 23 40 4 21 20 5 36 23 13 13 26 26 25 19 19 23 5 19 21 18 40 9 23 38 9 40 41 17 40
split_gain=1.17957 2.58464 1.81038 2.07683 1.66847 1.60477 1.88431 2.10727 2.15997 1.60245 1.58025 1.57268 2.01308 2.02402 1.88592 3.1238 2.27838 2.22873 1.9068 2.17014 1.85629 2.80748 2.17718 2.82787 2.46461 2.12078 1.82983 2.23556 2.34505 1.92531
threshold=563.9733586411968 -1.3693211965706495 145.643954194602 371.92412500000006 63.129999999997388 275.48999999999802 -0.0041245160366086093 -90.084421448125781 2.2812853519200549 0.023129206007920854 0.0083189588228073548 81535.113992502782 90190.512760575526 2.0889771064352138 348.62999999999744 441.30000000000297 0.33108315267841776 0.0035471995856858466 322.30499999999307 10.799999999995636 58.194999999999716 195.42347327376049 0.0042728121482366625 -0.25021046712900374 65.75670782006803 0.0045199031756004851 631.35729669337172 215.53118011639083 0.0029625294420521082 297.66468357767741
decision_type=2 2 2 2 2 2 2 2 2 2 2 2 2 2 2 2 2 2 2 2 2 2 2 2 2 2 2 2 2 2
left_child=5 -2 3 -3 10 -1 -7 8 -8 11 -5 -4 13 14 18 -16 17 -17 19 -13 22 25 23 -14 -24 -22 27 28 -23 -29
right_child=1 2 9 4 -6 6 7 -9 -10 -11 -12 12 20 -15 15 16 -18 -19 -20 -21 21 26 24 -25 -26 -27 -28 29 -30 -31
leaf_value=4.2217818348365086e-08 -4.4649060514994375e-05 3.9938548490670632e-07 3.654644783724795e-05 5.7543999301238588e-05 -6.4935402660360147e-05 0.00012180890846187217 6.3827301730240049e-06 2.6145550312332516e-05 -7.9884541822727631e-05 1.7466833717994922e-05 -6.6307655700377743e-05 -6.7698401232504037e-05 1.7657860547324159e-05 2.493850490876115e-05 3.7480667536699555e-05 -3.0117687511906289e-05 -0.00010138079302433996 5.4337092826890629e-05 -6.3632203721874592e-05 -1.177064658856656e-05 3.882472825743763e-05 -1.5948202633270393e-05 -4.8255281422526522e-05 -1.3026328962745013e-05 5.636762741883211e-05 1.4523694075835071e-05 -3.2217812697447567e-05 6.66365212700428e-05 -7.1803631021264162e-05 -1.7590443301181597e-06
leaf_weight=26243 22 123 70 27 79 55 378 188 50 205 54 24 165 57 57 28 49 26 26 72 25 208 24 190 94 60 53 31 24 373
leaf_count=26243 22 123 70 27 79 55 378 188 50 205 54 24 165 57 57 28 49 26 26 72 25 208 24 190 94 60 53 31 24 373
internal_value=-8.59697e-06 -0.00113112 -0.000956157 -0.00468198 -0.0084375 8.17418e-05 0.00249627 0.00170455 -0.000233645 -0.000389575 -0.00339506 -0.000905797 -0.00122951 -0.00464602 -0.00638298 -0.0028125 -0.00800971 -0.000925926 -0.0110656 -0.0078125 -0.000300722 -0.00180879 0.00216702 0.000211268 0.00805085 0.00676471 -0.00286647 -0.00212264 -0.00603448 0.000123762
internal_weight=29080 2166 2144 283 160 26914 671 616 428 1861 81 1656 1586 339 282 160 103 54 122 96 1247 774 473 355 118 85 689 636 232 404
internal_count=29080 2166 2144 283 160 26914 671 616 428 1861 81 1656 1586 339 282 160 103 54 122 96 1247 774 473 355 118 85 689 636 232 404
is_linear=0
shrinkage=0.05


Tree=56
num_leaves=31
num_cat=0
split_feature=28 23 40 36 1 20 13 20 21 38 4 18 35 42 34 35 21 13 36 20 15 20 31 35 3 40 40 9 15 11
split_gain=1.1638 3.92722 1.99344 2.15579 1.71241 1.87464 2.81583 1.51931 2.34184 3.14189 2.48756 3.26274 2.67897 2.886 2.35232 2.34338 2.08024 2.01698 2.16436 1.93149 2.34492 1.86639 2.03798 1.85063 2.36625 3.13846 1.79032 1.78974 2.81557 2.26795
threshold=547.4718306342985 -1.412017805793633 145.643954194602 1452.8314098610138 86286.545000000013 62.224999999998552 0.0081135060923570989 30.785000000003496 34.670000000005537 70.097482470865543 192.79290000000003 -538.35499999999581 83724.655075000017 16.273328784476096 84577.950430984158 103993.06815000001 28.730000000003205 0.0033695181516444363 -1471.7385274398837 8.900000000001457 0.001507854843628875 13.114999999997965 84252.835400000011 89082.791575000025 88225.195000000022 -357.43871868363925 80.748520150955315 0.0012616076593510983 0.0018447706237181456 0.00025863312010430153
decision_type=2 2 2 2 2 2 2 2 2 2 2 2 2 2 2 2 2 2 2 2 2 2 2 2 2 2 2 2 2 2
left_child=7 -2 3 4 -3 -6 -7 8 9 10 12 -12 13 -1 19 -11 17 18 -13 -14 21 -21 -23 -9 25 -25 -20 29 -29 -16
right_child=1 2 -4 -5 5 6 -8 23 -10 15 11 16 14 -15 27 -17 -18 -19 26 20 -22 22 -24 24 -26 -27 -28 28 -30 -31
leaf_value=-2.0679914878786542e-05 -5.7693435704619754e-05 -7.0159029590660438e-05 -5.8477136311276241e-07 -6.3300203128304508e-05 -2.8181429982108817e-05 4.0275429260077729e-05 -1.0886458710659272e-05 7.9402833381807106e-06 -2.2758043975451632e-06 -1.3770583228644437e-05 -4.6758745154711205e-05 4.8853310718633631e-05 1.3313297359346062e-05 6.3597643067364735e-06 -1.7807041813500582e-07 -2.1002699794033047e-06 4.721787171518069e-05 3.4808821456189233e-05 -8.0438248626435186e-06 -2.8306914299080557e-05 3.8537579168075045e-05 6.2823031505194122e-06 -1.0969514742859423e-05 -4.4675124147839666e-06 5.3977911210399133e-07 -5.68759888822118e-05 2.3298233575402092e-05 -6.2353228884868655e-06 1.2282679123372683e-05 3.6724521259313664e-06
leaf_weight=140 21 59 1952 38 89 43 78 3535 6086 119 50 65 99 36 2127 227 63 74 183 22 32 30 23 208 11620 100 58 610 156 1137
leaf_count=140 21 59 1952 38 89 43 78 3535 6086 119 50 65 99 36 2127 227 63 74 183 22 32 30 23 208 11620 100 58 610 156 1137
internal_value=-1.20358e-05 -0.00109649 -0.000896414 -0.00464169 -0.00306691 -0.000952381 0.00309917 8.02239e-05 -0.000359443 0.000414207 0.000739042 0.00410751 0.000362647 -0.00568182 0.000613787 -0.00419075 0.00547404 0.00407895 0.00228758 0.00582524 0.00116822 -0.00366667 0.00141509 0.000402574 0.000104795 -0.00422078 0.000103734 0.000347395 -0.00182768 0.000857843
internal_weight=29080 2280 2259 307 269 210 121 26800 11337 5251 4905 493 4412 176 4236 346 443 380 306 206 107 75 53 15463 11928 308 241 4030 766 3264
internal_count=29080 2280 2259 307 269 210 121 26800 11337 5251 4905 493 4412 176 4236 346 443 380 306 206 107 75 53 15463 11928 308 241 4030 766 3264
is_linear=0
shrinkage=0.05


Tree=57
num_leaves=31
num_cat=0
split_feature=18 21 0 31 36 32 38 0 39 20 21 16 13 20 5 16 17 7 22 38 11 28 4 19 5 9 20 5 36 11
split_gain=1.20248 1.43165 2.58873 2.94427 2.42123 2.53559 2.86291 2.38826 2.31982 3.41737 2.10413 1.94407 2.03482 1.81272 2.92596 2.61655 2.18581 2.03165 2.48501 1.97075 2.80308 2.15507 2.26339 2.10853 2.06128 2.8555 2.30305 1.97005 2.08836 1.81516
threshold=-317.01000000000198 119.99500000000263 82111.200000000026 81489.059900000007 2522.1954349557495 352.16317631208955 45.983064320127902 122247.82500000001 713.01928571428505 70.019999999996813 114.16500000000089 0.0024738691577637123 0.0059561555590532224 22.025000000001459 -0.0026140879864326888 0.00083197818730552876 0.00091775753569135396 0.0070901925409763032 550.70619400000021 61.421653561044756 0.011364748085650028 963.01409371839702 703.90098500000011 1098.9600000000066 0.00063142755338113892 0.0019770915668806568 115.93999999999507 -0.00020017525354778834 1696.8388070639123 0.0043784334864629968
decision_type=2 2 2 2 2 2 2 2 2 2 2 2 2 2 2 2 2 2 2 2 2 2 2 2 2 2 2 2 2 2
left_child=-1 2 -2 -4 13 -6 -7 11 10 -10 -5 -8 -13 16 -15 -16 -3 18 -18 23 24 -22 -23 -17 26 29 27 -21 -29 -26
right_child=1 4 3 8 5 6 7 -9 9 -11 -12 12 -14 14 15 19 17 -19 -20 20 21 22 -24 -25 25 -27 -28 28 -30 -31
leaf_value=6.8788940695535376e-06 2.3951020346598133e-05 2.5310328887351652e-05 -5.3861161542039807e-05 1.7236800086952782e-08 6.580061969122966e-05 -4.97693331360063e-05 -7.9492686577584405e-06 -4.0260471807965449e-05 2.9107911840869308e-05 -7.4352894180109225e-05 1.7705577288835175e-05 5.2350014913810359e-05 2.536527619332144e-05 -5.4676148506235334e-05 -4.1869748659908686e-05 1.0677193777847094e-06 -1.0202340366918926e-05 -9.9959879727503162e-05 3.9989909180978414e-05 -2.7431677736946105e-05 -1.7655290147911912e-05 9.4198412792874625e-05 1.5817878844972045e-05 0.00010381315325288131 -1.5214970354063731e-05 -6.0550070208117546e-05 3.9287399276137921e-05 1.4017274629788362e-05 -6.0148792012667317e-05 3.1683574361222186e-05
leaf_weight=1611 451 33 45 21936 21 31 75 20 31 127 340 27 119 112 27 2209 1079 32 61 114 30 32 24 62 52 108 109 117 23 22
leaf_count=1611 451 33 45 21936 21 31 75 20 31 127 340 27 119 112 27 2209 1079 32 61 114 30 32 24 62 52 108 109 117 23 22
internal_value=-8.59697e-06 -8.64611e-05 7.41387e-05 -1.11215e-06 -0.000897775 0.00349829 0.00220588 0.00404564 2.45164e-05 -0.00601266 6.7337e-05 0.00554299 0.00890411 -0.00120113 -0.000550806 -0.000247525 -0.00284232 -0.00319966 -0.00285088 -0.000103377 -0.00257528 0.00581395 0.0116071 0.000583443 -0.00389908 -0.00824176 -0.00172176 -0.00433071 -0.000357143 -0.000675676
internal_weight=29080 27469 22930 22479 4539 293 272 241 22434 158 22276 221 146 4246 3041 2929 1205 1172 1140 2902 631 86 56 2271 545 182 363 254 140 74
internal_count=29080 27469 22930 22479 4539 293 272 241 22434 158 22276 221 146 4246 3041 2929 1205 1172 1140 2902 631 86 56 2271 545 182 363 254 140 74
is_linear=0
shrinkage=0.05


Tree=58
num_leaves=31
num_cat=0
split_feature=15 20 9 20 9 23 40 42 24 38 15 11 25 36 23 19 34 9 28 25 5 22 16 0 24 41 38 7 20 36
split_gain=1.36582 1.67497 2.27493 2.23037 1.07116 2.31816 2.00607 1.94247 1.6 1.47377 2.25353 1.41924 1.36373 3.10803 2.89698 2.71046 1.94476 2.31176 1.64269 1.59446 1.82319 2.11415 2.09183 1.96 2.15225 1.83453 1.59904 1.57914 2.97319 2.01694
threshold=0.00034445426385271708 1.0000000180025095e-35 -0.00031788026337937635 18.069999999999713 -0.0016446363779166987 -1.5178463200561023 947.64763549363136 200.85927364430202 252.00976323 14.890841170376442 0.0011493928556549947 0.0081804173800157538 -0.92938070219152991 24.290745873739073 -0.84716523062143145 277.38500000000209 114068.02933921538 -0.0020582374222381009 122.91312963308157 -0.81180795339275036 -0.00065761297897825655 217.28492750000004 0.0027104374654982021 104899.12000000001 163.27668410000004 -167.23905811126846 42.150641964637337 -0.00032027601093293536 1.0000000180025095e-35 -1018.9321222325015
decision_type=2 2 2 2 2 2 2 2 2 2 2 2 2 2 2 2 2 2 2 2 2 2 2 2 2 2 2 2 2 2
left_child=1 -1 -3 -4 5 8 7 11 -2 10 -6 12 13 16 15 18 17 -7 -15 20 21 23 -23 -14 -25 -22 -27 -21 -29 -30
right_child=4 2 3 -5 9 6 -8 -9 -10 -11 -12 -13 19 14 -16 -17 -18 -19 -20 27 25 22 -24 24 -26 26 -28 28 29 -31
leaf_value=1.5511798764931789e-05 4.7545538336672352e-05 1.550389049527052e-05 -7.862930018347148e-06 7.1078825280750898e-06 -1.7449436505268812e-05 3.6737739553748362e-07 1.8244906611584712e-05 -0.00011638331438637112 3.7021712733206314e-06 -3.1621395144062853e-07 2.9981734673862749e-06 6.112111874962824e-05 2.8859132558532618e-05 -2.5866004807995049e-05 -3.6192138119044368e-05 4.1988138729238944e-05 -5.6617482102893436e-06 2.3596102241921851e-05 9.5177156413709367e-06 1.8414804391201323e-06 -9.4264185018523855e-06 5.1084040565518976e-05 -1.133076562990673e-05 2.6007890348391842e-07 -2.9014966245037171e-05 4.3605298968813465e-05 2.0236999614106595e-05 -3.8708959031686594e-05 1.3288803635398054e-05 -7.6200638813360542e-06
leaf_weight=28 20 22 44 21 35 81 30 23 20 21534 36 52 50 90 30 20 31 40 24 5774 22 37 36 21 29 33 73 34 290 500
leaf_count=28 20 22 44 21 35 81 30 23 20 21534 36 52 50 90 30 20 31 40 24 5774 22 37 36 21 29 33 73 34 290 500
internal_value=-3.43879e-06 0.00543478 0.00201149 -0.00269231 -2.50302e-05 0.000495924 0.000430328 0.000377229 0.0125 -0.000202499 -0.00739437 0.000423146 0.000363825 -0.0028481 -0.00762195 -0.00447761 0.00230263 0.00516529 -0.00745614 0.000510944 0.00406977 0.000722543 0.00719178 -0.004 -0.011 0.00859375 0.0113208 0.00034859 -0.00169903 -0.00107595
internal_weight=29080 115 87 65 28965 7360 7320 7290 40 21605 71 7267 7215 316 164 134 152 121 114 6899 301 173 73 100 50 128 106 6598 824 790
internal_count=29080 115 87 65 28965 7360 7320 7290 40 21605 71 7267 7215 316 164 134 152 121 114 6899 301 173 73 100 50 128 106 6598 824 790
is_linear=0
shrinkage=0.05


Tree=59
num_leaves=31
num_cat=0
split_feature=28 23 13 25 39 20 40 36 40 26 32 25 36 15 16 16 35 21 21 18 5 9 19 7 25 26 38 4 20 24
split_gain=1.21511 2.37543 1.77142 1.9717 1.7729 1.70375 1.56305 1.73647 1.5727 1.71001 2.04491 1.782 1.69173 1.46714 1.45774 2.38228 1.65791 2.01856 2.1862 2.01381 1.69412 1.77607 1.82908 3.40974 1.64571 1.62579 1.51007 1.47081 1.5969 1.4658
threshold=547.4718306342985 -1.412017805793633 0.023129206007920854 -0.31933526832812403 187.73142857142898 31.655000000006115 145.643954194602 1452.8314098610138 191.72700355324926 81535.113992502782 801.01964013669215 0.73614910706932679 -444.19826475298754 0.0016155131488882909 0.0013497544840050941 0.0015267464519085141 86932.449575000021 1.0000000180025095e-35 11.944999999999711 44.219999999993895 -4.1812694211692396e-05 0.0055256162043108839 256.44999999999715 -0.00028183496959328962 0.1583048003726307 108916.12150394449 67.762556287567207 394.28782000000007 194.01000000000207 141.80485180000002
decision_type=2 2 2 2 2 2 2 2 2 2 2 2 2 2 2 2 2 2 2 2 2 2 2 2 2 2 2 2 2 2
left_child=-1 -2 4 -4 5 -3 7 -6 13 -10 11 12 -11 -8 -12 29 17 -17 -19 20 21 22 23 -18 -22 -25 -23 -20 -29 -16
right_child=1 2 3 -5 6 -7 8 -9 9 10 14 -13 -14 -15 15 16 19 18 27 -21 24 26 -24 25 -26 -27 -28 28 -30 -31
leaf_value=1.7070407038427037e-07 -5.342136933496943e-05 -1.6598547817344258e-05 -2.6143219553700033e-05 1.969609994307884e-05 -1.8155809064551488e-05 3.6451442257630603e-05 4.6245384966483972e-05 -6.3746791613419491e-05 3.29644357847076e-05 -1.7067011548571535e-05 -2.268852708638255e-05 1.1337598020951053e-05 -5.3333124705593927e-05 4.3323294238972337e-06 3.8569543829133754e-05 9.1950343107772864e-05 4.2075935764308197e-05 -6.2044571798759184e-05 -1.3242750400990464e-06 -8.5905962429174511e-06 4.1208478583148848e-05 -3.1223293078196547e-05 -1.2330825088884441e-05 4.2287422603888512e-05 -9.6530817584832785e-07 -3.714731584531632e-05 6.1151278920376282e-05 -6.6219706091765769e-05 -1.7449575178572702e-06 1.6155950103535625e-05
leaf_weight=26800 21 24 26 193 244 28 22 33 69 44 62 20 45 112 20 20 36 28 110 652 45 20 176 22 25 29 38 51 31 34
leaf_count=26800 21 24 26 193 244 28 22 33 69 44 62 20 45 112 20 20 36 28 110 652 45 20 176 22 25 29 38 51 31 34
internal_value=-1.03164e-05 -0.00111842 -0.000962815 0.0033105 -0.00142157 0.00769231 -0.00165996 -0.0051444 -0.00109585 -0.00153773 -0.00188992 -0.00848624 -0.0115169 0.00410448 -0.00137598 -0.00102842 -0.00146142 -0.00520833 -0.00659091 -0.000599233 0.00223785 0.000700935 -0.00104563 0.00488506 0.00928571 -0.00343137 0.00862069 -0.0046875 -0.0097561 0.00925926
internal_weight=29080 2280 2259 219 2040 52 1988 277 1711 1577 1508 109 89 134 1399 1337 1283 240 220 1043 391 321 263 87 70 51 58 192 82 54
internal_count=29080 2280 2259 219 2040 52 1988 277 1711 1577 1508 109 89 134 1399 1337 1283 240 220 1043 391 321 263 87 70 51 58 192 82 54
is_linear=0
shrinkage=0.05


Tree=60
num_leaves=31
num_cat=0
split_feature=13 38 38 17 28 26 18 35 40 9 4 15 23 15 4 22 21 34 25 23 24 15 21 0 40 26 21 20 9 21
split_gain=1.13168 1.80763 1.67922 2.22568 1.51197 1.76886 2.28928 1.79684 1.79177 1.80014 2.84735 1.79844 1.98405 2.04765 1.889 2.65485 1.9202 1.95387 1.83595 1.78878 1.76793 2.7357 1.82295 2.29632 1.80512 2.41829 2.32088 1.62084 1.78265 2.04089
threshold=0.023129206007920854 65.75670782006803 84.76341623309348 0.003026106874241982 563.9733586411968 90190.512760575526 56.595000000001171 91473.979575000019 631.35729669337172 0.0021000481489241518 296.04081000000008 0.0020484556336143362 -0.79430154095431715 0.0022114988112394399 181.51997000000003 170.59166600000003 140.86000000000061 117466.11043665592 -0.43153443136550551 -0.64660619492691296 201.52864980000001 0.0020848289389755197 63.129999999997388 86104.810000000012 119.07939637223173 81535.113992502782 179.51000000000934 275.48999999999802 0.00045210673162718594 209.94999999999712
decision_type=2 2 2 2 2 2 2 2 2 2 2 2 2 2 2 2 2 2 2 2 2 2 2 2 2 2 2 2 2 2
left_child=4 -2 -3 -4 27 20 7 -7 9 10 19 14 -13 -14 15 -11 17 -16 -15 -8 22 -22 23 -6 -23 -26 -27 -1 -29 -30
right_child=1 2 3 -5 5 6 8 -9 -10 11 -12 12 13 18 16 -17 -18 -19 -20 -21 21 24 -24 -25 25 26 -28 28 29 -31
leaf_value=2.6594453712076526e-08 -6.7383566706077331e-05 3.7208293439976989e-05 2.4452655236737632e-05 -0.0001337318460615816 2.6465594146689061e-05 2.5439540794603172e-05 3.1945095975445764e-05 3.5091932319152465e-06 -2.9479479186526498e-05 -5.0150702332999422e-05 6.2638309857411138e-05 -4.4435480480412744e-05 -3.5509067065200962e-05 1.8256461171513642e-05 9.4719518381811389e-06 1.0818781326324951e-05 -5.6272963557437235e-05 3.5805672886544708e-05 -8.8388452178042468e-06 -1.9461847121820193e-05 -4.8150672008202934e-05 -7.4447520722345438e-05 4.0399168568936415e-05 -7.2104239855401274e-05 3.7608467709755301e-05 -3.1926145932192205e-05 3.7194187685929437e-05 3.4677640745660653e-06 3.8012406355645484e-05 -4.640254849107511e-05
leaf_weight=26232 23 146 29 30 20 56 33 437 53 26 37 27 56 20 194 20 20 31 340 96 37 61 43 22 70 212 38 400 245 26
leaf_count=26232 23 146 29 30 20 56 33 437 53 26 37 27 56 20 194 20 20 31 340 96 37 61 43 22 70 212 38 400 245 26
internal_value=0 0.00350877 0.005 -0.00211864 -2.77277e-05 -0.0013725 -0.000484094 0.00228195 -0.00191501 -0.00138889 0.00331325 -0.00245232 -0.00445824 -0.00360577 0.000601375 -0.00869565 0.00234694 0.00366667 -0.00222222 -0.000193798 -0.00392644 -0.00526316 0.00264706 -0.0047619 -0.00400262 -0.0025 -0.0048 6.96948e-05 0.00249627 0.00562731
internal_weight=29080 228 205 59 28852 1949 1446 493 953 900 166 734 443 416 291 46 245 225 360 129 503 418 85 42 381 320 250 26903 671 271
internal_count=29080 228 205 59 28852 1949 1446 493 953 900 166 734 443 416 291 46 245 225 360 129 503 418 85 42 381 320 250 26903 671 271
is_linear=0
shrinkage=0.05


Tree=61
num_leaves=31
num_cat=0
split_feature=28 23 32 30 19 23 25 38 21 35 23 41 11 19 9 38 42 25 19 41 30 19 5 5 19 21 36 36 16 36
split_gain=1.18141 2.37543 1.77234 2.10495 2.04368 1.98548 3.3654 4.01813 1.97009 1.87975 1.83439 1.72846 2.30256 2.21437 2.33764 1.98337 1.81688 2.90967 2.36381 1.65344 1.61216 1.63548 1.57371 2.3728 1.76691 1.53938 1.53914 2.79677 2.05722 2.47893
threshold=547.4718306342985 -1.412017805793633 1165.0329901282023 95378.966393589639 133.42500000000294 1.0000000180025095e-35 1.1910877772397617 68.023066986291539 16.170000000005533 106655.07420000002 3.2534839846215813 385.84047633799565 0.0056240265448637278 390.50500000000471 -0.0016766856912560398 65.967413016776021 62.258386737086809 -0.13981111845540364 498.40499999999889 239.86045086417553 113560.66893364809 383.82000000000704 0.00036794612960438952 -0.0007633777574386258 520.05000000000302 0.01000000000203727 -204.1123005555273 -1117.6075296445849 0.0028169960379569614 1427.4500096874474
decision_type=2 2 2 2 2 2 2 2 2 2 2 2 2 2 2 2 2 2 2 2 2 2 2 2 2 2 2 2 2 2
left_child=-1 -2 3 -3 -5 8 20 -8 25 26 -11 12 -10 14 -13 -14 -15 -18 -19 -17 22 -22 23 24 -7 -4 27 -6 29 -28
right_child=1 2 5 4 9 6 7 -9 11 10 -12 13 15 16 -16 19 17 18 -20 -21 21 -23 -24 -25 -26 -27 28 -29 -30 -31
leaf_value=1.535924790011781e-07 -5.0925760529816713e-05 -2.3581414992032979e-05 3.5275169970233936e-06 3.8762692206268751e-05 3.0777040905955598e-05 -4.382664357193819e-05 -4.9632647556448122e-05 2.0879799473612821e-05 3.9656600709342039e-05 -1.6787196221568721e-05 2.1030011121019592e-05 3.0080764498216045e-05 -5.0439042732293916e-05 2.2089714433018535e-05 -6.3667466088022885e-06 0.00010653541661446666 -6.4115667144004041e-05 4.4122310008099366e-05 -1.1142606473676959e-05 3.8986642561549371e-06 -1.6895239031902487e-05 4.4900694973885298e-05 -4.3250173269246648e-05 5.0181840855845997e-05 8.8872938873365719e-06 -3.63951309011937e-05 3.7968268348295773e-05 -4.7719370591502081e-05 8.8972707193873111e-05 -3.1832247006019489e-05
leaf_weight=26800 21 390 56 20 32 32 53 283 43 378 37 33 26 46 200 21 21 23 22 54 32 30 146 27 26 48 88 30 24 38
leaf_count=26800 21 390 56 20 32 32 53 283 43 378 37 33 26 46 200 21 21 23 22 54 32 30 146 27 26 48 88 30 24 38
internal_value=-2.57909e-05 -0.00111842 -0.000962815 -0.00248312 -0.000734158 0.000327332 -0.00162957 0.00178571 0.00240304 -0.00123604 -0.00319277 0.00373211 0.00833333 0.00181159 -0.000965665 0.00420792 0.00758929 0.00227273 0.00944444 0.00833333 -0.00554608 0.0016129 -0.00746753 -0.00205882 -0.00775862 -0.00384615 0.00259434 -0.00403226 0.00533333 0.00277778
internal_weight=29080 2280 2259 1037 647 1222 629 336 593 627 415 489 144 345 233 101 112 66 45 75 293 62 231 85 58 104 212 62 150 126
internal_count=29080 2280 2259 1037 647 1222 629 336 593 627 415 489 144 345 233 101 112 66 45 75 293 62 231 85 58 104 212 62 150 126
is_linear=0
shrinkage=0.05


Tree=62
num_leaves=31
num_cat=0
split_feature=11 7 35 20 38 25 32 39 24 24 27 13 19 20 13 7 36 2 21 21 41 20 20 35 20 24 4 30 16 20
split_gain=1.0671 1.07112 2.49667 1.70271 1.72093 2.26974 1.2 1.0248 2.8 1.72414 0.995772 2.16011 1.53797 2.01608 1.6089 1.47988 2.64416 1.40996 0.989271 2.31857 1.9817 1.67856 2.08646 1.74244 1.86502 1.59632 1.57855 1.54042 1.60771 2.01497
threshold=0.020824600386578782 0.010062467450458001 82601.358950000009 48.894999999996806 61.022506256555388 2.5302503375556058 151.38070991860153 674.05499999999927 287.32510590000004 653.90810540000007 123245.8895 0.0059561555590532224 169.99500000000265 150.64000000000672 0.0020615630687732165 0.0002941679767071814 802.72766682988743 123961.12000000001 119.99500000000263 114.16500000000089 39.365245492943004 215.82499999999712 237.05499999999304 113093.45810000002 245.37500000000003 274.51490610000008 299.99194500000004 118409.82138428435 0.0019268209519357315 23.684999999997675
decision_type=2 2 2 2 2 2 2 2 2 2 2 2 2 2 2 2 2 2 2 2 2 2 2 2 2 2 2 2 2 2
left_child=1 10 -3 -4 6 -6 -5 8 -2 -9 18 12 -12 14 15 16 -14 -18 19 -1 27 -20 26 24 -24 -22 -23 28 -21 -30
right_child=7 2 3 4 5 -7 -8 9 -10 -11 11 -13 13 -15 -16 -17 17 -19 21 20 25 22 23 -25 -26 -27 -28 -29 29 -31
leaf_value=1.9891790835305476e-07 5.6035035892790179e-05 7.5304590214129573e-05 -8.7077009266353384e-05 -4.9893798733809583e-06 -0.00013159063089788871 -1.5534669472673561e-05 0.00013146169904193315 9.9584704992162915e-05 -8.866951355976618e-05 2.3051872341800907e-07 -1.7880436046250104e-05 -2.8372703347017467e-05 1.2775185524880756e-05 -2.3229317909229273e-05 2.3112080040976961e-05 1.3268301959102547e-05 -5.3023723669624087e-05 -2.0262716590983132e-06 -2.5330701184069771e-06 3.246294668973076e-05 -1.3642234089528388e-05 6.4383210317671831e-05 -0.00017049767360491301 5.0307242778543842e-05 7.7124682926703343e-06 3.4389004078781589e-05 3.0540629989430261e-05 -2.1749156440690278e-05 5.7455860780666849e-05 3.7815399880274556e-06
leaf_weight=23295 36 27 34 40 25 36 20 29 20 29 41 22 39 22 32 29 23 20 4430 102 110 23 26 46 290 48 58 21 21 86
leaf_count=23295 36 27 34 40 25 36 20 29 20 29 41 22 39 22 32 29 23 20 4430 102 110 23 26 46 290 48 58 21 21 86
internal_value=-3.43879e-06 -2.24401e-05 -0.00384615 -0.00629032 -0.0035124 -0.00942623 0.0025 0.00482456 0 0.00948276 1.73708e-06 -0.00328947 -0.00169903 0.000454545 0.00262238 -0.000225225 -0.00365854 -0.0122093 2.80151e-05 0.000161508 0.00399485 -0.000620767 0.00231377 0.000690608 -0.000632911 -0.000316456 0.0095679 0.00695652 0.00825359 0.00397196
internal_weight=29080 28966 182 155 121 61 60 114 56 58 28784 228 206 165 143 111 82 43 28556 23683 388 4873 443 362 316 158 81 230 209 107
internal_count=29080 28966 182 155 121 61 60 114 56 58 28784 228 206 165 143 111 82 43 28556 23683 388 4873 443 362 316 158 81 230 209 107
is_linear=0
shrinkage=0.05


Tree=63
num_leaves=31
num_cat=0
split_feature=11 21 36 19 27 11 42 41 31 2 16 7 7 0 5 21 11 21 21 34 17 20 4 7 25 18 23 7 42 36
split_gain=1.05951 1.06522 2.40046 1.42459 2.13272 2.10019 2.90167 1.68332 1.3851 1.55726 1.38547 1.3 1.24498 2.58139 1.67045 1.07239 1.05392 2.03719 2.63342 1.97455 3.17674 3.46336 2.71065 2.56906 3.34279 2.73455 2.46458 3.025 2.42423 2.29201
threshold=0.020824600386578782 572.61000000000797 -2427.5273577826297 1098.9600000000066 114599.66300000002 -0.013339698603621676 -242.94181549504782 258.50682960310093 91402.459100000007 83088.565000000017 0.003137931377810248 -0.0018313404442425274 0.010062467450458001 84149.570000000022 0.0029399247750405409 72.709999999999141 -0.0038743261932743293 31.70500000000175 37.764999999992149 103921.40660291981 0.0024081996219099074 22.025000000001459 176.57489000000001 -0.0034438678738253205 -0.14820571031033905 -605.46500000000367 0.59252476072640725 -0.0045861793790463439 -15.625664348262701 1.0000000180025095e-35
decision_type=2 2 2 2 2 2 2 2 2 2 2 2 2 2 2 2 2 2 2 2 2 2 2 2 2 2 2 2 2 2
left_child=1 3 -3 12 5 6 -5 8 9 -7 -10 -4 16 -14 -15 -16 17 -1 -19 20 21 -20 -22 24 -24 -26 27 -27 -23 -28
right_child=-2 2 11 4 -6 7 -8 -9 10 -11 -12 -13 13 14 15 -17 -18 18 19 -21 22 28 23 -25 25 26 29 -29 -30 -31
leaf_value=9.3567223239800598e-06 3.5263201833352533e-05 5.670418804386566e-05 -0.00016443469808586264 0.0001299715598602847 9.2851596198984505e-05 6.2231998703076978e-05 -0.00023220488323367016 -4.7077599686858545e-05 8.2783259311407196e-05 0.00017036253293832329 -6.0081363257378174e-05 -3.4364029642386376e-05 4.5015843195329837e-05 1.5868616387587914e-05 -6.519222347330885e-05 -9.8471657680352601e-05 -2.4392876142171324e-07 -1.9754126073329572e-05 -3.4369467085387766e-06 -3.5479897050626686e-06 2.683056632616877e-05 3.1547555118769536e-05 6.2950836865837748e-05 -2.3757410585823187e-05 0.00012634177196466949 -9.0736516870943737e-06 -5.0626267937615819e-05 0.00012949549162632562 -3.6811397438253366e-05 1.6216712524787549e-05
leaf_weight=1129 114 42 32 27 26 20 47 32 29 38 35 20 37 22 39 27 24211 164 191 1378 128 392 86 452 48 90 129 30 34 31
leaf_count=1129 114 42 32 27 26 20 47 32 29 38 35 20 37 22 39 27 24211 164 191 1378 128 392 86 452 48 90 129 30 34 31
internal_value=1.37552e-05 -5.17849e-06 -0.00531915 1.21225e-05 0.00374016 0.00219298 -0.00472973 0.00551948 0.00819672 0.0137931 0.003125 -0.0125 -2.09658e-05 -0.005 -0.00965909 -0.0136364 8.77408e-07 0.000723961 7.13606e-05 0.000409836 0.00159839 0.00441653 -0.000150905 -0.00115473 0.00169082 -0.000609756 -0.0025 0.00291667 0.00692488 -0.0065625
internal_weight=29080 28966 94 28872 254 228 74 154 122 58 64 52 28618 125 88 66 28493 4282 3153 2989 1611 617 994 866 414 328 280 120 426 160
internal_count=29080 28966 94 28872 254 228 74 154 122 58 64 52 28618 125 88 66 28493 4282 3153 2989 1611 617 994 866 414 328 280 120 426 160
is_linear=0
shrinkage=0.05


Tree=64
num_leaves=31
num_cat=0
split_feature=18 20 19 40 32 13 13 35 0 30 34 23 20 13 21 0 42 20 20 9 15 16 0 39 38 41 24 13 18 0
split_gain=1.00527 1.5699 1.35104 1.37705 2.96724 2.07936 2.66089 2.6154 2.00443 1.71682 2 1.82392 1.70537 2.81829 1.69446 3.0375 1.53303 1.8091 2.09802 2.45699 1.88316 1.85473 1.81894 1.45073 1.42478 1.31994 1.30252 1.26785 2.04321 2.43455
threshold=-317.01000000000198 264.46500000000384 1434.9599999999994 162.99336213857171 115.66729501278316 -0.0029366215217936013 -0.0042037988038976697 87362.033025000026 101992.73500000002 105519.90322795116 102883.42687834766 0.83011198519070484 99.15499999999885 -0.0108002506737578 47.605000000003209 85644.12000000001 -36.388043881717444 12.305000000000293 29.060000000004951 -0.0011306353837888642 0.0026830365913930007 0.0041753954993430775 106164.37500000001 536.81500000000085 62.380447112062633 -11.950894406930868 278.40845040000005 -0.012963336309292727 -256.19000000000227 98495.685000000012
decision_type=2 2 2 2 2 2 2 2 2 2 2 2 2 2 2 2 2 2 2 2 2 2 2 2 2 2 2 2 2 2
left_child=1 2 3 5 -5 6 12 -7 -8 10 14 24 -1 -14 -6 -16 -9 -18 20 21 -19 25 -21 -17 -11 -20 -15 28 29 -2
right_child=27 -3 -4 4 9 7 8 16 -10 11 -12 -13 13 26 15 23 17 18 19 22 -22 -23 -24 -25 -26 -27 -28 -29 -30 -31
leaf_value=1.0955608207901149e-05 -1.9042316518872552e-05 5.7438372713440719e-05 -0.00017351483564124949 8.213813365405445e-05 4.2574173400229135e-05 3.6785052088920512e-05 -3.9119146737699792e-06 -5.2202479438971433e-05 3.0210810122723567e-05 2.3530908037036411e-05 -5.473091863425013e-05 -5.6581701996471877e-05 7.3591467349942802e-06 -3.8401096309149837e-05 -0.00010735072499323162 -7.3577246083804806e-06 -3.2792050703224409e-05 -9.3828499074460053e-06 6.458361082641148e-05 -5.8022947900409899e-06 6.3992450532941269e-05 -7.5884810626689628e-05 -7.8772768351950272e-05 7.8107844931791745e-05 1.2929714584510461e-05 -1.1005458771063901e-05 -8.6402414780460281e-05 1.4977400471469418e-08 -4.8942875028088534e-06 -7.9906653719386176e-05
leaf_weight=617 58 87 39 35 44 49 20 21 51 43 21 21 119 33 20 39 88 20 34 20 23 20 24 21 40 33 29 26504 862 45
leaf_count=617 58 87 39 35 44 49 20 21 51 43 21 21 119 33 20 39 88 20 34 20 23 20 24 21 40 33 29 26504 862 45
internal_value=1.20358e-05 0.00122595 0.000853018 0.00109428 0.00422535 0.000353872 0.00163982 -0.00301205 0.0109155 0.00230924 -0.0012069 0.00721154 0.000814536 -0.00345304 0.00120968 -0.003125 -0.00485866 -0.00381679 -0.000862069 -0.00400763 0.00872093 0.000862069 -0.0136364 0.0025 0.0105422 0.00485075 -0.0120968 -5.91576e-05 -0.00183938 -0.00849515
internal_weight=29080 1611 1524 1485 284 1201 869 332 71 249 145 104 798 181 124 80 283 262 174 131 43 87 44 60 83 67 62 27469 965 103
internal_count=29080 1611 1524 1485 284 1201 869 332 71 249 145 104 798 181 124 80 283 262 174 131 43 87 44 60 83 67 62 27469 965 103
is_linear=0
shrinkage=0.05


Tree=65
num_leaves=31
num_cat=0
split_feature=18 19 9 15 20 19 27 27 25 35 30 22 15 20 25 41 4 31 21 24 39 17 13 13 20 11 11 17 22 2
split_gain=1.30795 1.57457 1.65649 1.66273 1.50821 1.44422 1.44943 2.42368 2.2266 2.94674 2.22585 2.15514 3.10899 1.86021 1.78571 1.72909 1.83529 1.68411 1.57694 1.33528 1.9996 2.7636 1.6944 5.3041 1.88366 1.58667 3.2188 1.57792 1.45541 1.43024
threshold=-317.01000000000198 415.50500000000471 -0.0056695107290832157 0.0015838720666246197 222.62500000000003 1434.9599999999994 85131.127750000014 90390.47825 -0.26831003858421015 113312.79025000002 91380.103349183541 286.08504750000009 0.0045145969501739327 81.345000000001178 -0.58458473384910359 326.89252627066639 429.67555500000003 84350.180000000008 105.63500000000205 422.70119682000012 433.48714285714289 0.0022264902652896386 -0.0029366215217936013 -0.0054225032719310345 26.105000000003205 0.0022173852494660859 -0.0046380278595977787 0.0019595527938714012 164.2998795 94197.570000000022
decision_type=2 2 2 2 2 2 2 2 2 2 2 2 2 2 2 2 2 2 2 2 2 2 2 2 2 2 2 2 2 2
left_child=1 2 -1 -4 5 6 17 11 9 13 -10 -8 -13 14 -9 19 -17 18 -3 20 22 -22 23 29 27 26 -23 28 -24 -12
right_child=-2 4 3 -5 -6 -7 7 8 10 -11 15 12 -14 -15 -16 16 -18 -19 -20 -21 21 25 24 -25 -26 -27 -28 -29 -30 -31
leaf_value=7.1273115857424925e-05 -1.011850243066742e-07 -8.4800755011816442e-05 1.8894304886220182e-05 1.172673535424278e-06 4.0855285144152513e-05 -0.00017259831819257162 4.8818670750326462e-05 2.1980450982287294e-05 -5.180674689169286e-05 -7.9874621123674901e-05 4.4934613410208533e-05 -4.8642734951130085e-05 6.25083990236613e-05 6.0412285085908517e-05 -4.1167080320930632e-05 -8.3088867957167921e-06 5.8638997448323118e-05 -6.0131319911576007e-05 4.3740823588079867e-05 -2.5185411845658519e-05 4.4913762123242304e-05 2.1351024769838229e-05 -3.660572536757651e-05 3.4060713052631767e-05 7.9182354875581794e-07 6.5247468415818375e-05 -9.9063496745955808e-05 -6.215511662345768e-05 2.1466765249360147e-05 -1.1074201931957981e-05
leaf_weight=23 27469 92 32 111 120 38 58 25 28 29 28 53 67 24 45 26 34 37 75 56 41 86 22 78 88 24 28 24 20 199
leaf_count=23 27469 92 32 111 120 38 58 25 28 29 28 53 67 24 45 26 34 37 75 56 41 86 22 78 88 24 28 24 20 199
internal_value=2.75103e-05 0.00141217 0.0060241 0.00402098 0.000882353 0.000396226 0.000679876 0.00140813 0.000359116 -0.00589431 0.00134271 0.00674157 0.00291667 -0.00159574 -0.00571429 0.00185676 0.01 -0.00318627 -0.0010479 0.00115274 0.00180251 0.00628492 5.44662e-05 0.00221311 -0.00422078 0.00289855 0.000438596 -0.0106061 -0.0047619 -0.00165198
internal_weight=29080 1611 166 143 1445 1325 1287 1083 905 123 782 178 120 94 70 754 60 204 167 694 638 179 459 305 154 138 114 66 42 227
internal_count=29080 1611 166 143 1445 1325 1287 1083 905 123 782 178 120 94 70 754 60 204 167 694 638 179 459 305 154 138 114 66 42 227
is_linear=0
shrinkage=0.05


Tree=66
num_leaves=31
num_cat=0
split_feature=18 19 9 15 11 17 22 13 38 22 22 24 22 5 7 39 16 22 5 23 24 39 39 41 39 24 23 9 19 21
split_gain=1.04568 1.68231 1.65649 1.66273 1.46021 1.6834 2.45088 2.1275 3.70653 1.8226 1.70413 1.56271 2.09788 2.06847 1.72654 1.50533 1.70246 1.34462 1.62875 2.13628 1.94034 1.7061 1.44295 1.29181 2.10208 1.28596 1.31488 1.26776 1.48179 1.43728
threshold=-317.01000000000198 415.50500000000471 -0.0056695107290832157 0.0015838720666246197 0.0059125166401183997 0.0019420986238965088 211.30965225000003 -0.0027531299059557926 25.32313280136702 260.29580000000004 227.87415900000002 125.42288430000001 136.38170350000004 -0.0030880192568591984 -0.0037229530048062402 359.47642857142904 0.0020081111660790662 140.88791550000005 -0.004740828248732184 2.0573189063861212 212.18741020000004 337.26892857142963 362.13428571428767 -185.54998844969228 437.03499999999991 236.20228703000001 -0.15884800874966024 -0.010010803487237043 1434.9599999999994 241.74000000000527
decision_type=2 2 2 2 2 2 2 2 2 2 2 2 2 2 2 2 2 2 2 2 2 2 2 2 2 2 2 2 2 2
left_child=1 2 -1 -4 5 11 7 8 -7 10 -8 12 14 17 -3 16 -10 -13 21 20 22 -19 -20 -6 -25 -5 -27 28 29 -11
right_child=-2 4 3 25 23 6 9 -9 15 27 -12 13 -14 -15 -16 -17 -18 18 19 -21 -22 -23 -24 24 -26 26 -28 -29 -30 -31
leaf_value=6.7709460064553672e-05 -9.6125773091340506e-08 -2.904952996012762e-05 1.7949589641909172e-05 -8.8892934071613082e-06 -1.8240178915049569e-05 -7.9608570375607816e-05 -2.6624442588145547e-06 -3.7573525407065431e-05 2.6427450838053304e-05 1.6344347992540106e-05 4.5436625109857462e-05 -2.6094960522773492e-05 -8.3623004896129396e-05 -2.1426959088742766e-05 1.8127728679094075e-05 6.628355872752852e-05 -2.9998385951591432e-05 4.2115110055439411e-05 -1.9718767843340713e-06 5.8193287602451887e-05 5.7149412895831611e-05 -1.6247988176538547e-05 3.9935876353147585e-05 -8.6406723525230121e-06 4.7875444660364734e-05 3.0466806520243273e-05 -3.6045423476705557e-05 -1.4177271240143562e-05 -0.00014123561677714092 0.00017465767328164261
leaf_weight=23 27469 40 32 63 24 26 57 44 28 167 66 33 27 22 25 22 30 37 46 31 23 24 20 22 68 28 20 492 34 37
leaf_count=23 27469 40 32 63 24 26 57 44 28 167 66 33 27 22 25 22 30 37 46 31 23 24 20 22 68 28 20 492 34 37
internal_value=1.89133e-05 0.00125698 0.0060241 0.00402098 0.000709343 0.000244177 -0.000772682 -0.00666667 -0.00283019 0.000263775 0.00589431 0.00335366 -0.00217391 0.00550847 0.00269231 0.0025 -0.00172414 0.00700935 0.00870166 0.0120833 0.00814607 0.00204918 0.00378788 0.00614035 0.00888889 0.00112613 0.00729167 -0.000684932 0.00231092 0.00392157
internal_weight=29080 1611 166 143 1445 1331 1003 150 106 853 123 328 92 236 65 80 58 214 181 120 89 61 66 114 90 111 48 730 238 204
internal_count=29080 1611 166 143 1445 1331 1003 150 106 853 123 328 92 236 65 80 58 214 181 120 89 61 66 114 90 111 48 730 238 204
is_linear=0
shrinkage=0.05


Tree=67
num_leaves=31
num_cat=0
split_feature=15 32 22 11 27 20 17 39 42 13 13 9 7 17 21 39 5 7 9 21 20 21 16 22 21 40 19 32 7 4
split_gain=0.958157 1.40634 1.58424 0.946941 0.862091 2.15443 2.04963 2.36364 1.61751 1.44228 1.86246 1.45385 1.03682 1.82898 2.55813 2.04641 1.92224 1.92068 2.00976 1.42984 2.16579 2.43868 2.84582 3.03418 2.01594 2.01613 2.00277 2.52957 2.3542 3.54048
threshold=0.00034445426385271708 51.027736348012702 48.838828500000012 0.00096495675209626417 123245.8895 150.64000000000672 0.00174558208799235 329.11285714285731 -62.874977419195595 0.0039919121000994229 0.001803751803603265 -0.00048192655975276452 -0.001139772246451777 0.00095928643622807455 99.934999999997686 168.20142857142756 -0.00014400565449517697 -0.0026300910674349125 -0.00029277160855950194 38.655000000006119 107.40499999999885 20.305000000000295 0.0011578769547259712 127.91896250000001 43.819999999999716 -852.68866284128296 383.82000000000704 687.651517061866 0.0054307824957243378 703.90098500000011
decision_type=2 2 2 2 2 2 2 2 2 2 2 2 2 2 2 2 2 2 2 2 2 2 2 2 2 2 2 2 2 2
left_child=1 2 -1 -3 12 6 9 -8 -9 10 11 -6 13 14 15 16 17 -2 -19 20 -14 26 -23 -24 -21 -26 27 -22 -28 -30
right_child=4 3 -4 -5 5 -7 7 8 -10 -11 -12 -13 19 -15 -16 -17 -18 18 -20 24 21 22 23 -25 25 -27 28 -29 29 -31
leaf_value=6.6723335916260878e-06 -2.399987291818835e-05 7.1016894947867186e-06 2.1237630819447165e-05 -4.5664051544912781e-06 -1.6799898088838136e-05 -3.1534482565325522e-05 -3.4018182531964029e-05 2.198974483265578e-05 -8.5660592011511265e-06 -1.28292822545287e-05 2.1271369269200674e-05 1.2670035486337956e-05 -9.0583487729764152e-08 8.7032412803965831e-07 -2.9054747986342891e-05 3.3549445673734307e-05 -9.9469281865373644e-06 1.0025100883960087e-05 -1.7104059995708889e-05 -6.7128436179077276e-06 2.0858955430117727e-06 -6.3135746737961279e-06 4.9626406553819949e-05 1.7171933354748604e-05 -5.9611642313564474e-05 -8.1548355672615597e-07 2.6383928751342036e-05 -3.0770813571881398e-05 -6.466911737533314e-05 4.124461299582302e-05
leaf_weight=40 22 33 22 20 35 31 36 31 21 21 23 30 8329 7927 41 52 30 209 27 802 628 47 45 413 95 9551 283 134 44 58
leaf_count=40 22 33 22 20 35 31 36 31 21 21 23 30 8329 7927 41 52 30 209 27 802 628 47 45 413 95 9551 283 134 44 58
internal_value=1.03164e-05 0.00456522 0.00967742 -0.00141509 -7.768e-06 -0.00307018 -0.00114213 -0.00681818 0 0.00344037 0.00625 0.00192308 1.65292e-05 0.000487482 0.00387139 0.00529412 0.00364583 0.00503876 0.00635593 -0.000174996 0.000252981 0.00190678 0.00480198 0.00600437 -0.000583844 -0.000383579 0.000632084 -0.000853018 0.00357143 -0.00294118
internal_weight=29080 115 62 53 28965 228 197 88 52 109 88 65 28737 8308 381 340 288 258 236 20429 9981 1652 505 458 10448 9646 1147 762 385 102
internal_count=29080 115 62 53 28965 228 197 88 52 109 88 65 28737 8308 381 340 288 258 236 20429 9981 1652 505 458 10448 9646 1147 762 385 102
is_linear=0
shrinkage=0.05


Tree=68
num_leaves=31
num_cat=0
split_feature=27 20 20 38 5 16 39 15 32 22 4 7 17 18 23 9 39 15 42 5 7 17 21 34 21 40 17 2 16 13
split_gain=1.12836 2.00295 2.31475 1.53213 2.74694 1.17009 1.40216 0.953056 1.40634 1.58424 1.20308 0.959456 1.58641 2.1477 1.83837 1.45397 1.25104 2.44437 2.35919 2.03672 2.64444 2.00578 3.15541 3.13983 2.1335 2.07057 1.97066 2.79459 1.9117 2.45082
threshold=123245.8895 150.64000000000672 118.7150000000038 68.297219569588222 0.0013522858064276609 0.00130992470503177 341.6407142857139 0.00034445426385271708 51.027736348012702 48.838828500000012 40.463390000000011 -0.001139772246451777 0.00095928643622807455 -17.455000000001743 3.2534839846215813 -0.00029277160855950194 170.586428571428 0.00097677816685155078 72.666283506012448 0.0018758549049830461 0.0024563574350505682 0.0010881681291531153 56.525000000001462 118533.1040516268 134.73000000000323 -113.22777501564268 0.00130575772972778 85139.890000000014 0.00081211455295337966 0.0006771692193908767
decision_type=2 2 2 2 2 2 2 2 2 2 2 2 2 2 2 2 2 2 2 2 2 2 2 2 2 2 2 2 2 2
left_child=7 2 3 4 5 -2 -7 8 9 -1 -10 12 13 14 15 -9 17 19 -19 20 21 24 23 25 28 -23 27 -18 -13 -30
right_child=1 -3 -4 -5 -6 6 -8 11 10 -11 -12 16 -14 -15 -16 -17 26 18 -20 -21 -22 22 -24 -25 -26 -27 -28 -29 29 -31
leaf_value=6.338716912044783e-06 5.9133909407239611e-07 -2.9957758437059244e-05 9.1215194814540093e-06 -1.1398235204140578e-05 2.366780116027099e-05 -2.3587719141920458e-05 -1.0085901423815674e-06 9.2845070549410216e-06 9.1472171317074477e-06 2.0175749278474805e-05 -7.5199051302758155e-06 -5.4844890318378927e-07 8.2680792163767542e-07 -1.316900256852471e-05 -2.707637893562677e-05 -5.6830291253442208e-06 2.8711753230113248e-05 -5.004704846137009e-06 1.6580846673270862e-05 2.5069116455248941e-05 -1.2699372544649638e-05 1.8303499459649611e-05 -1.3217112994442095e-05 1.8073538448128506e-05 1.998158925367608e-05 -1.7400428824561067e-06 -3.1627161295726935e-07 2.5752996218335765e-06 7.2100731886521353e-06 -8.1349508678729879e-07
leaf_weight=40 40 31 22 22 23 51 39 276 32 22 21 1684 7927 46 24 35 48 1405 22 37 33 50 271 25 31 999 13432 1667 429 296
leaf_count=40 40 31 22 22 23 51 39 276 32 22 21 1684 7927 46 24 35 48 1405 22 37 33 50 271 25 31 999 13432 1667 429 296
internal_value=-5.15818e-06 -0.00350877 -0.00164975 -0.00357143 -0.00179739 -0.00461538 -0.00777778 2.25288e-05 0.00456522 0.00967742 -0.00141509 4.34979e-06 0.00045739 0.00360892 0.005 0.00602894 -0.000179891 -0.000842484 -0.00261037 -0.000188067 -0.000301205 -0.000178336 -0.00172862 -0.000512104 0.00067623 -0.000929457 5.11652e-05 0.00164723 0.00050851 0.00265517
internal_weight=29080 228 197 175 153 130 90 28852 115 62 53 28737 8308 381 335 311 20429 5282 1427 3855 3818 3785 1345 1074 2440 1049 15147 1715 2409 725
internal_count=29080 228 197 175 153 130 90 28852 115 62 53 28737 8308 381 335 311 20429 5282 1427 3855 3818 3785 1345 1074 2440 1049 15147 1715 2409 725
is_linear=0
shrinkage=0.05


Tree=69
num_leaves=31
num_cat=0
split_feature=27 13 17 39 28 22 7 15 17 9 38 15 13 11 25 7 7 39 18 22 35 7 25 15 9 19 28 13 0 15
split_gain=1.11621 2.09696 1.61802 1.91827 1.17121 1.74222 0.979792 0.936144 0.914502 0.870087 1.49347 2.25353 1.3681 1.77945 1.59697 1.62207 2.19595 1.87755 1.77935 1.55808 1.55751 1.48419 1.84209 1.45383 1.45947 1.99638 1.77793 1.75506 1.44211 1.49207
threshold=123245.8895 0.0059561555590532224 0.0017758789185786164 294.41607142857282 194.79149188889281 152.35501400000001 -0.0010637590284559213 0.0012613858215064111 0.00128713171227011 -0.0016766856912560398 14.890841170376442 0.0011493928556549947 -0.012963336309292727 -0.0031244294105331328 4.8096567391556677 -0.0065887684580804087 -0.0058335736603875223 523.23357142857128 -115.65000000000144 208.28458350000002 116078.88782500001 -0.0055122834021029245 0.66021788987602814 0.00067521149903986401 -0.0071986037209378646 498.40499999999889 -940.69923162424664 -0.0029366215217936013 113354.63000000002 0.0039411762772094744
decision_type=2 2 2 2 2 2 2 2 2 2 2 2 2 2 2 2 2 2 2 2 2 2 2 2 2 2 2 2 2 2
left_child=9 2 4 -4 5 7 -5 -2 -6 12 11 -11 13 20 15 18 17 19 28 -17 -1 22 -18 -23 25 27 -26 -25 29 -14
right_child=1 -3 3 6 8 -7 -8 -9 -10 10 -12 -13 14 -15 -16 16 21 -19 -20 -21 -22 23 -24 24 26 -27 -28 -29 -30 -31
leaf_value=1.3066567231780393e-06 -1.4780517227300206e-05 -2.4896341686557273e-05 -3.5869539273103249e-05 -5.988402330961262e-06 -3.8536172078887503e-06 2.7178703186045694e-05 5.9608121110253476e-06 1.59991259705664e-05 2.5712405041003467e-06 -1.655119039811481e-05 -2.1918240778976026e-07 1.6618024582212594e-05 3.1039605665149529e-05 -4.2690161839503922e-05 -6.8362508642678629e-05 -2.3158761748682874e-05 6.666086972212276e-05 -0.00011175293731035423 4.5254197583948359e-05 9.1696757942743003e-06 -4.307110425064232e-05 8.9731394173465862e-06 -1.2921932068187003e-06 5.9123501034555902e-05 5.1676926688124577e-05 2.5188853316492654e-08 6.0747426455528657e-07 1.8868441077711618e-06 7.6017852653452781e-05 -1.7057787320474616e-05
leaf_weight=764 23 22 28 28 20 30 33 22 22 35 21601 36 142 86 48 59 46 23 35 68 109 70 39 52 42 84 5365 24 30 94
leaf_count=764 23 22 28 28 20 30 33 22 22 35 21601 36 142 86 48 59 46 23 35 68 109 70 39 52 42 84 5365 24 30 94
internal_value=-2.40715e-05 -0.00350877 -0.00194175 -0.00702247 0.00192308 0.00566667 -0.00204918 -0.000555556 -0.0047619 3.46596e-06 -0.000154577 -0.00739437 0.000480501 -0.00127737 0.000751487 0.000822129 0.000638624 -0.00533333 0.00440199 -0.00295276 -0.000601375 0.000795177 0.00735294 0.000696292 0.000606251 0.0053125 0.000466987 0.0111842 0.00300752 0.00169492
internal_weight=29080 228 206 89 117 75 61 45 42 28852 21672 71 7180 959 6221 6173 5872 150 301 127 873 5722 85 5637 5567 160 5407 76 266 236
internal_count=29080 228 206 89 117 75 61 45 42 28852 21672 71 7180 959 6221 6173 5872 150 301 127 873 5722 85 5637 5567 160 5407 76 266 236
is_linear=0
shrinkage=0.05


Tree=70
num_leaves=31
num_cat=0
split_feature=27 20 20 38 5 19 7 18 17 24 21 39 22 19 39 22 17 15 36 13 13 39 13 36 13 2 24 16 16 16
split_gain=1.11841 2.00295 2.31475 1.53213 2.74694 1.01958 1.0582 0.87242 1.42892 2.2834 1.53194 1.32749 2.86914 2.05189 2.04678 1.70113 2.09948 1.46509 1.48846 1.46165 1.44676 1.25353 1.25175 2.52111 1.91178 1.71351 1.59615 1.55422 1.56888 1.87746
threshold=123245.8895 150.64000000000672 118.7150000000038 68.297219569588222 0.0013522858064276609 143.4349999999977 -0.00087787100805046016 -317.01000000000198 0.0019420986238965088 205.27093410000001 163.96999999999392 243.95035714285771 211.30965225000003 415.50500000000471 373.37357142857172 275.43913400000008 0.002502895554014149 0.0022266220787638736 -365.64740918524325 -0.001800151791940425 -0.0055492671886352499 331.39821428571412 -0.0026264426848643485 1003.0687944877283 -0.0056784425918339236 112615.95000000001 142.71506510000003 0.0021492339394717209 0.0016372950292679008 0.0018774981442365966
decision_type=2 2 2 2 2 2 2 2 2 2 2 2 2 2 2 2 2 2 2 2 2 2 2 2 2 2 2 2 2 2
left_child=7 2 3 4 5 -2 -7 8 9 10 22 -10 13 -13 19 16 17 -14 -19 20 -15 -11 24 26 27 -26 -24 28 -1 -30
right_child=1 -3 -4 -5 -6 6 -8 -9 11 21 -12 12 15 14 -16 -17 -18 18 -20 -21 -22 -23 23 -25 25 -27 -28 -29 29 -31
leaf_value=1.4367464957068283e-05 -2.6027582110488931e-05 -2.7215053430878418e-05 9.3841924797424602e-06 -1.0270195914372126e-05 2.1125475942955157e-05 -1.3526744383797568e-05 5.5009732932526317e-07 -9.5329039254152992e-08 1.4955231710932092e-05 6.1170773381186321e-05 2.9662353263764786e-05 2.6664528693757743e-05 -2.8720183097611897e-05 -7.419231891529803e-05 1.8804912353824188e-05 4.1036923536473796e-07 4.1598364781353267e-05 -1.839776146741572e-05 4.1091366724073089e-05 -4.9252310315049416e-05 3.5386942346504126e-06 4.6516657682840337e-05 -3.0934180306507178e-05 2.4663205113768788e-05 1.8033361481750872e-06 3.2296955424948586e-05 -1.0210633529644903e-05 1.817541110317984e-05 -7.7202808188659127e-05 2.9235571614305809e-06
leaf_weight=36 20 31 22 22 23 57 53 27255 31 26 35 25 24 48 33 819 86 40 31 29 27 29 42 27 45 28 43 25 33 35
leaf_count=36 20 31 22 22 23 57 53 27255 31 26 35 25 24 48 33 819 86 40 31 29 27 29 42 27 45 28 43 25 33 35
internal_value=-2.06327e-05 -0.00350877 -0.00164975 -0.00357143 -0.00179739 -0.00461538 -0.00272727 6.93193e-06 0.00114277 0.00371287 0.00222063 0.000272422 0 -0.00617284 -0.00857664 0.001 0.00538674 0.000263158 0.00387324 -0.0120192 -0.00833333 0.0131818 0.00111465 -0.003125 0.00346535 0.00993151 -0.00735294 -0.000193798 -0.00288462 -0.00735294
internal_weight=29080 228 197 175 153 130 110 28852 1597 404 349 1193 1162 162 137 1000 181 95 71 104 75 55 314 112 202 73 85 129 104 68
internal_count=29080 228 197 175 153 130 110 28852 1597 404 349 1193 1162 162 137 1000 181 95 71 104 75 55 314 112 202 73 85 129 104 68
is_linear=0
shrinkage=0.05


Tree=71
num_leaves=31
num_cat=0
split_feature=18 17 18 28 28 42 23 20 27 41 39 24 4 20 23 21 21 25 40 39 17 11 24 21 41 4 36 39 23 7
split_gain=1.02818 1.70556 1.15887 1.97623 2.77042 1.70455 1.6836 1.84143 1.64727 1.79584 1.48846 2.07483 1.29514 3.04316 2.5451 2.45345 3.15044 1.97145 1.78705 1.78311 2.66694 2.07509 2.0004 1.70313 1.52614 1.60602 1.48607 1.35122 2.17051 1.24774
threshold=-317.01000000000198 0.0011797153529623753 -242.45999999999182 -546.26854540935153 -394.81165457960736 -54.447184118450295 -0.076249533410600492 30.394999999996802 82555.146500000017 453.94350639897681 294.41607142857282 460.97721650000005 176.57489000000001 13.114999999997965 -0.88454027517696432 31.70500000000175 19.960000000006406 -0.54654073069079045 -91.645217237855817 399.23464285714368 0.0019343728970135636 -0.0014557750120319424 272.38130510000008 105.63500000000205 8.7685173968799806 219.92347500000002 -535.43359288687486 193.25071428571445 -0.4811868017043423 -0.0010925768027002611
decision_type=2 2 2 2 2 2 2 2 2 2 2 2 2 2 2 2 2 2 2 2 2 2 2 2 2 2 2 2 2 2
left_child=1 -1 3 6 5 -5 7 -2 -6 12 -8 -12 13 14 -10 16 24 -17 -16 20 23 -21 -23 -19 -14 -26 -20 -28 -29 -15
right_child=2 -3 -4 4 8 -7 10 -9 9 -11 11 -13 15 29 18 17 -18 19 26 21 -22 22 -24 -25 25 -27 27 28 -30 -31
leaf_value=2.0273147955113849e-05 3.8356341294409146e-05 2.8917426734753387e-06 -1.2924052748364477e-08 2.7560694429567196e-06 -5.3646814323507118e-05 3.3555969815957393e-05 -5.2475127570639507e-06 -6.6729363168050107e-05 3.5695359178724411e-05 2.6553820192005528e-05 -9.0354702491292617e-05 1.4173179376462302e-05 5.1912373127393783e-05 -2.3920960364566613e-05 -2.1673321935765698e-05 -3.2543604490651115e-05 6.0394502385961274e-05 2.9329706429984415e-05 2.4447658338854343e-05 6.5015193739095594e-05 -3.7416793221063502e-05 -1.1878614595967086e-05 2.7976911406219857e-05 -6.8260628990866912e-06 -6.1230344740913057e-05 1.9120032667136879e-05 -2.7122984407014453e-05 -2.178790764640156e-05 2.500075859583186e-05 -5.8679223291020228e-05
leaf_weight=35 34 1576 26434 50 38 60 39 46 23 36 88 20 25 115 26 20 31 36 26 22 59 24 21 34 20 26 21 21 33 41
leaf_count=35 34 1576 26434 50 38 60 39 46 23 36 88 20 25 115 26 20 31 36 26 22 59 24 21 34 20 26 21 21 33 41
internal_value=-1.71939e-06 0.00122595 -7.37195e-05 -0.00171498 -0.000556931 0.00681818 -0.005837 0 -0.0017192 -0.00113636 -0.00901361 -0.012037 -0.00176282 -0.00408497 0.001 0.000471698 0.00686275 -0.0025463 -0.00177165 -0.00102041 -0.00445736 0.00559701 -0.000555556 0.00214286 0.00105634 -0.00434783 0.00123762 -0.00233333 0.00185185 -0.00897436
internal_weight=29080 1611 27469 1035 808 110 227 80 698 660 147 108 624 306 150 318 102 216 127 196 129 67 45 70 71 46 101 75 54 156
internal_count=29080 1611 27469 1035 808 110 227 80 698 660 147 108 624 306 150 318 102 216 127 196 129 67 45 70 71 46 101 75 54 156
is_linear=0
shrinkage=0.05


Tree=72
num_leaves=31
num_cat=0
split_feature=18 19 16 7 4 21 40 32 35 20 23 23 9 13 20 40 40 36 40 38 39 40 41 16 38 22 11 20 23 34
split_gain=0.924099 1.19655 1.04507 1.97158 1.5127 1.47 1.27833 2.47462 2.19271 1.80329 2.56549 1.98861 1.66398 2.06229 1.51112 1.55571 2.71821 1.96649 2.22309 1.85405 1.60932 1.59146 1.5111 1.47599 1.44837 1.65682 2.43203 1.44659 1.20615 1.15531
threshold=-317.01000000000198 1434.9599999999994 0.001413555215847191 -0.0037229530048062402 112.01599 28.310000000004951 137.43810084115105 115.66729501278316 111953.3766 57.949999999997097 -0.076249533410600492 0.55174767154434923 -0.0032700650312469872 0.0053889272710857744 264.46500000000384 53.346836788943627 39.744935572620314 146.54332760174296 -67.949226429445829 54.284503828793177 272.38964285714252 -89.067637313877626 22.331605078741173 0.003300198115857991 43.881075111193923 225.91354050000004 -0.0024013003807821505 16.055000000000295 -0.086034792484335751 89734.190529264743
decision_type=2 2 2 2 2 2 2 2 2 2 2 2 2 2 2 2 2 2 2 2 2 2 2 2 2 2 2 2 2 2
left_child=1 2 3 -1 -4 -5 14 -8 9 12 -11 -12 -9 -14 15 16 17 18 19 21 -19 -6 -20 -13 -17 -26 -27 -24 -10 -16
right_child=-2 -3 4 5 6 -7 7 8 28 10 11 23 13 -15 29 24 -18 20 22 -21 -22 -23 27 -25 25 26 -28 -29 -30 -31
leaf_value=-7.4705204212503365e-06 -1.0119128133536001e-07 -0.00015361576849350192 -6.2056545190524868e-06 3.5580383973714433e-06 3.288730797803923e-06 2.7493439161468085e-05 5.0334800374311332e-05 -4.4685312532923312e-05 2.3285457724406586e-05 -2.8791484287861701e-05 8.6255678256115626e-05 -1.7026068086071672e-05 4.2696020250596358e-05 -7.2421225459841907e-05 0.00014719401117263412 3.9786014152644649e-06 5.8817031484126825e-05 1.0559470727691156e-05 5.1591013562817611e-05 -6.7562229404858622e-05 -4.765597858595711e-05 -7.4126010251899388e-05 3.3713913738256764e-05 8.695411694326938e-05 -3.2480930029549874e-05 -0.00010107256529823212 4.90298916731988e-05 -3.1185185959962788e-05 6.8988928562710112e-06 1.6865436648366199e-05
leaf_weight=28 27469 51 30 20 645 30 45 58 25 21 28 29 22 32 21 40 22 23 86 20 78 21 24 21 37 20 22 38 40 34
leaf_count=28 27469 51 30 20 645 30 45 58 25 21 28 29 22 32 21 40 22 23 86 20 78 21 24 21 37 20 22 38 40 34
internal_value=0 0.00116387 0.00141026 0.00705128 0.00111336 0.013 0.00134298 0.00412773 0.00235507 -0.000118483 0.00479798 0.00897436 -0.00446429 0.00185185 0.000552608 0.000139405 0.000809822 0.00040107 0.00119904 0 -0.00618812 0.00045045 0.00675676 0.003 -0.0052521 -0.00917722 -0.00238095 0.000806452 0.0103846 0.00863636
internal_weight=29080 1611 1560 78 1482 50 1452 321 276 211 99 78 112 54 1131 1076 957 935 834 686 101 666 148 50 119 79 42 62 65 55
internal_count=29080 1611 1560 78 1482 50 1452 321 276 211 99 78 112 54 1131 1076 957 935 834 686 101 666 148 50 119 79 42 62 65 55
is_linear=0
shrinkage=0.05


Tree=73
num_leaves=31
num_cat=0
split_feature=11 7 2 0 21 21 35 38 24 35 2 31 3 24 24 7 23 7 41 25 23 24 18 25 13 38 34 16 20 13
split_gain=0.911727 1.83331 1.79811 2.25882 1.54618 1.95042 2.16504 2.48761 2.33654 1.93425 2.17226 2.06795 2.50981 2.09877 2.51571 2.54447 2.06614 2.05671 1.83511 2.442 1.74767 2.16874 2.01245 1.75285 2.09572 1.86154 1.51825 3.40029 2.74768 2.83862
threshold=-0.0038743261932743293 0.0076411748655783101 121727.05500000001 123334.57000000002 31.70500000000175 37.764999999992149 103307.23090000001 30.072052062887767 185.59030320000005 113093.45810000002 112615.95000000001 83443.813700000013 83486.22500000002 225.42423490000002 188.69992900000003 -0.0058335736603875223 -0.64090079081129159 -0.0080227799902220735 42.424143754705135 -0.0099010515747104157 -0.12545748982394547 147.15940540000003 -256.19000000000227 0.2204691586402335 -0.0082369701962985275 34.829328735305758 103921.40660291981 0.0033812324728574776 22.819999999999713 -0.0035334279654944179
decision_type=2 2 2 2 2 2 2 2 2 2 2 2 2 2 2 2 2 2 2 2 2 2 2 2 2 2 2 2 2 2
left_child=1 2 4 -4 9 6 -6 -8 -9 11 -11 -1 -13 14 15 -14 -12 -15 20 -20 -17 23 -23 -22 -25 -26 27 28 -7 -30
right_child=-2 -3 3 -5 5 26 7 8 -10 10 16 12 13 17 -16 18 -18 -19 19 -21 21 22 -24 24 25 -27 -28 -29 29 -31
leaf_value=-1.5132561245912306e-05 -1.8838246085165224e-07 -0.0001374880971973429 -5.3693005900413542e-05 5.8604463297856191e-07 -3.7718703165138157e-05 -6.3032928803608717e-07 5.1348984262581246e-05 -5.924865760666455e-05 9.2185703900267778e-06 -2.9784182301842497e-05 -1.1157119784718367e-05 7.8073170913272572e-05 -6.4749351636445777e-05 -6.2249270745724946e-05 -2.4144971451723444e-05 2.7314605053422681e-05 8.5621352983820937e-06 2.8463549124135684e-05 3.6679513706786604e-06 4.883512446300938e-05 -5.0372456958794857e-05 4.6460003999909032e-05 -2.3750057095426025e-06 -4.6229231648445279e-05 1.6643109804410684e-05 -2.3251376969010218e-05 -2.2584873477587573e-06 -4.5425277955732196e-06 2.9229964704626076e-05 1.3652572611537655e-07
leaf_weight=103 24595 30 34 20 91 290 24 26 24 42 32 23 24 31 68 75 159 329 45 39 21 20 27 21 45 20 1400 697 525 200
leaf_count=103 24595 30 34 20 91 290 24 26 24 42 32 23 24 31 68 75 159 329 45 39 21 20 27 21 45 20 1400 697 525 200
internal_value=-3.43879e-06 0.000652174 0.000735129 -0.00833333 0.000846399 0.000297528 -0.005 0.00135135 -0.005 0.00244662 -0.00160944 0.0035073 0.00437817 0.00388889 0.00141975 0.00318991 0.00065445 0.00666667 0.00439297 0.0107143 0.00207424 -0.000974026 0.00797872 -0.00490654 -0.00174419 0.00269231 0.000578406 0.0015771 0.00342365 0.00506897
internal_weight=29080 4485 4455 54 4401 3277 165 74 50 1124 233 891 788 765 405 337 191 360 313 84 229 154 47 107 86 65 3112 1712 1015 725
internal_count=29080 4485 4455 54 4401 3277 165 74 50 1124 233 891 788 765 405 337 191 360 313 84 229 154 47 107 86 65 3112 1712 1015 725
is_linear=0
shrinkage=0.05


Tree=74
num_leaves=31
num_cat=0
split_feature=32 19 17 40 24 40 5 34 11 34 25 39 35 41 23 36 22 32 34 27 1 38 32 4 17 41 26 17 16 21
split_gain=0.916664 2.03728 1.99294 1.96015 2.59688 1.7887 1.82293 2.55494 1.84032 2.21525 2.26509 2.12764 1.89715 1.81085 1.7748 2.51322 2.73958 2.10406 2.61801 1.97712 1.91241 1.9253 1.74486 1.58021 1.57092 2.93315 3.14219 2.87318 1.87398 2.31345
threshold=470.55905339138559 82.970000000001178 0.0010482434902712755 154.16023752562617 158.63325920000003 142.76107320718441 0.0003081146917374295 85498.800245252729 0.0073195345506672461 87008.509426850491 -0.3059331990935602 357.27892857142905 114744.92542500001 65.230803418415462 -0.56109062140074306 -953.56519075231324 407.9944460000001 156.90167431029843 83152.806261954582 95838.00175000001 115583.23500000002 50.912104264956248 766.11363646852999 48.681910000000009 0.00130575772972778 147.0474228121202 111198.90375500939 0.0012085860506193607 0.0015746709304058392 134.73000000000323
decision_type=2 2 2 2 2 2 2 2 2 2 2 2 2 2 2 2 2 2 2 2 2 2 2 2 2 2 2 2 2 2
left_child=3 -2 -3 -1 -5 6 7 -4 9 10 -8 -10 -11 -12 17 -16 20 -6 -19 -20 -17 -22 -13 -7 25 -25 27 -27 29 -26
right_child=1 2 5 4 14 23 8 -9 11 12 13 22 -14 -15 15 16 -18 18 19 -21 21 -23 -24 24 28 26 -28 -29 -30 -31
leaf_value=4.9580100677617573e-08 1.4916851336353196e-05 -1.2328500863338313e-05 -5.2777877073044535e-05 1.4103386451299804e-05 3.7720552429038866e-05 -1.7784178526820254e-05 -2.2315906547461901e-05 -1.0437261719193557e-05 -3.8702203249100082e-05 -1.0715730806709305e-05 1.8274831349026951e-05 1.6929715715329667e-05 1.7200711987821044e-05 5.6140673106426162e-05 4.3886175771434489e-05 2.633453590702302e-06 -5.6373385419172811e-05 2.9995827579573003e-05 -3.3320676941199648e-05 -2.57813581764291e-06 4.3618287814440068e-05 1.4134681888890747e-05 -4.0713308219862015e-05 3.5492861620439051e-05 -3.4631595733215726e-06 -1.1683603307428339e-06 -1.8770471114367154e-05 3.6631681667746503e-05 3.9434625112101299e-07 -3.2159591909588463e-05
leaf_weight=22108 56 180 27 353 44 35 35 152 52 322 21 60 73 27 59 224 35 28 102 153 21 46 35 87 694 61 92 38 3799 61
leaf_count=22108 56 180 27 353 44 35 35 152 52 322 21 60 73 27 59 224 35 28 102 153 21 46 35 87 694 61 92 38 3799 61
internal_value=-6.87758e-06 -0.000562891 -0.000653734 0.000134855 0.00223005 -0.000489332 -0.00267413 -0.00712291 -0.0014 0.000104603 0.00753012 -0.00629252 -0.0014557 0.0145833 0.000491573 0.00279221 0.00107362 -0.00221713 -0.00379859 -0.00539216 0.00266323 0.0100746 -0.00184211 -0.000128416 -5.17384e-05 0.00359712 0.00013089 0.00631313 -0.000274484 -0.00254967
internal_weight=29080 5907 5851 23173 1065 5671 804 179 625 478 83 147 395 48 712 385 326 327 283 255 291 67 95 4867 4832 278 191 99 4554 755
internal_count=29080 5907 5851 23173 1065 5671 804 179 625 478 83 147 395 48 712 385 326 327 283 255 291 67 95 4867 4832 278 191 99 4554 755
is_linear=0
shrinkage=0.05


Tree=75
num_leaves=31
num_cat=0
split_feature=20 36 28 38 21 32 11 19 16 7 26 15 0 24 38 4 4 31 34 4 0 32 32 40 11 22 4 16 23 0
split_gain=0.860939 2.11659 2.42309 2.64318 1.92161 2.35511 2.61572 2.10305 2.39731 2.79443 2.18219 2.08369 2.3596 2.05504 1.90292 1.87929 1.86643 2.45705 2.21026 2.52198 2.06625 2.32526 2.59958 2.51779 2.19736 2.05946 2.68712 3.06731 4.60198 2.54171
threshold=26.954999999994474 -727.33506165229471 -670.69107730103849 16.532776783180392 118.29499999999827 75.972130356916765 0.0032724704513482123 472.66500000000093 0.0030388023781122643 0.0027630909355845861 114159.96507523449 0.00232755991148797 87278.47500000002 535.60791180000012 28.140667784635898 109.11212500000001 78.30061000000002 106824.83780000001 82952.266239374541 77.469505000000012 118175.27500000001 -105.26318495754821 -53.792293596401571 -36.99320445978082 -0.0015360933667331854 250.52957700000005 80.50946500000002 0.00177611238745173 -0.71025313663306811 119289.95000000003
decision_type=2 2 2 2 2 2 2 2 2 2 2 2 2 2 2 2 2 2 2 2 2 2 2 2 2 2 2 2 2 2
left_child=1 4 -3 -4 5 6 -1 8 9 14 -9 15 -13 -10 -6 -8 18 -18 -5 20 21 -20 -23 -24 -22 26 -19 29 -29 -28
right_child=-2 2 3 16 7 -7 11 10 13 -11 -12 12 -14 -15 -16 -17 17 25 19 -21 24 22 23 -25 -26 -27 27 28 -30 -31
leaf_value=5.5884253722370895e-06 4.6124683713363739e-07 4.1078416018366093e-05 -1.4437238983043083e-05 3.5589069342962945e-05 -5.07611671818616e-05 2.012021647394946e-05 -9.791667936300919e-06 2.0656374296216451e-05 -7.3949914351466198e-05 4.0432995453606354e-05 -5.7162852943043078e-05 -4.0530962123341887e-05 3.880832338531407e-05 6.267436378199721e-06 -3.1463708649845837e-06 -3.7323520554433904e-05 -6.3574935895565744e-06 -2.3310989569078368e-05 4.6680277382782373e-06 2.4714217464459947e-05 1.23295275572958e-05 -4.6720346023349408e-06 5.9917675950154874e-06 -3.5077598580913126e-07 -1.2381912900772162e-05 1.0741819231337322e-05 -3.0056026824010822e-07 1.8395312617215686e-05 -2.0045074717297056e-05 1.2807701032009313e-05
leaf_weight=1374 18073 77 34 22 44 185 55 188 61 27 30 25 52 30 235 44 2512 56 707 40 33 336 104 2288 172 321 1384 96 311 164
leaf_count=1374 18073 77 34 22 44 185 55 188 61 27 30 25 52 30 235 44 2512 56 707 40 33 336 104 2288 172 321 1384 96 311 164
internal_value=-3.43879e-06 -0.000352049 -0.000713296 -0.000792541 0.000978723 0.00182997 0.00119355 -0.00142276 -0.00358942 -0.00147059 0.00252294 -0.00454545 0.00162338 -0.0107143 -0.00295699 -0.00934343 -0.000737187 -0.00138315 0.00010805 1.3587e-05 -0.000123626 0.000167394 -0.000494868 8.3612e-05 -0.005 -0.000214408 -0.000808056 -0.000498721 -0.00436118 0.000516796
internal_weight=29080 11007 8657 8580 2350 1735 1550 615 397 306 218 176 77 91 279 99 8546 4844 3702 3680 3640 3435 2728 2392 205 2332 2011 1955 407 1548
internal_count=29080 11007 8657 8580 2350 1735 1550 615 397 306 218 176 77 91 279 99 8546 4844 3702 3680 3640 3435 2728 2392 205 2332 2011 1955 407 1548
is_linear=0
shrinkage=0.05


Tree=76
num_leaves=31
num_cat=0
split_feature=4 40 38 32 36 9 21 21 19 41 16 40 21 23 22 19 4 17 15 22 19 22 19 38 38 13 9 11 19 16
split_gain=0.920236 2.4739 1.82432 2.73373 1.57423 2.31328 1.95361 1.87154 2.05714 1.72403 2.62629 2.03444 2.0326 1.85053 1.87354 1.79073 1.78434 2.09388 1.54832 2.37576 1.47143 1.44327 1.44032 2.29642 1.47019 2.21289 2.82198 1.56247 1.63638 1.4521
threshold=35.563020000000002 -105.81828075907832 33.578263948022219 -176.01425555053717 368.22469645010284 0.00054730994689713563 16.170000000005533 1.2300000000032016 82.970000000001178 20.823078375861691 0.00059028463139023345 38.181363112249535 11.1449999999968 -0.50588160471242549 88.933622750000012 70.125000000000014 28.734260000000003 0.00074689851238125902 0.00088608841593538384 60.307239000000003 75.214999999996522 30.8221135 62.355000000003209 39.159263715810219 42.825872013198946 -0.0010515451471918046 -0.0008362480927872404 0.00092828462787749113 112.3449999999939 0.00080062288363318287
decision_type=2 2 2 2 2 2 2 2 2 2 2 2 2 2 2 2 2 2 2 2 2 2 2 2 2 2 2 2 2 2
left_child=1 -1 3 -3 9 6 7 8 -6 13 12 -12 -11 14 21 -13 -15 -18 19 -17 -7 -4 -23 -24 -25 -26 -27 28 -28 -29
right_child=-2 2 4 -5 5 20 -8 -9 -10 10 11 15 -14 16 -16 18 17 -19 -20 -21 -22 22 23 24 25 26 27 29 -30 -31
leaf_value=1.8956594407756088e-05 -1.1461965180014015e-07 -5.6505092102127201e-06 8.9483801776141515e-06 1.1047718080366517e-05 6.3357936887185045e-07 -1.6061637732096519e-05 -1.891756338125686e-05 2.0737515642253906e-05 -1.9824500827837219e-05 6.8605040045034411e-06 1.4203091367878186e-05 8.807797519141251e-06 -1.1995934031200382e-05 -3.8302199203542813e-06 1.3597126032402998e-05 -1.4537397418358935e-05 1.4155574119432068e-05 2.9288320451621527e-07 -7.5938180901513176e-06 2.260411312774888e-05 1.5694628935358216e-05 -7.6971449151477555e-06 -1.7778787153409106e-05 1.2510795079579486e-05 -6.7596881553095924e-06 2.0132285553808788e-05 -1.772685904022245e-05 1.2962314814287414e-05 4.6375394727818115e-06 -1.6161383912977402e-06
leaf_weight=28 27930 20 23 36 36 23 64 30 20 34 57 64 23 28 61 22 32 25 46 33 41 171 22 32 27 25 55 21 21 30
leaf_count=28 27930 20 23 36 36 23 64 30 20 34 57 64 23 28 61 22 32 25 46 33 41 171 22 32 27 25 55 21 21 30
internal_value=5.15818e-06 0.0013913 0.00102496 0.00982143 0.000562852 -0.00327103 -0.00666667 -0.00174419 -0.00714286 0.00152582 0.0047491 0.00720721 -0.00482456 -4.363e-05 -0.00122951 0.00439394 0.00676471 0.0118421 0.000247525 0.00590909 0.0046875 -0.00240047 -0.00309406 -0.000536481 0.00106635 -0.000698324 0.00164474 -0.00137795 -0.00592105 0.00539216
internal_weight=29080 1150 1122 56 1066 214 150 86 56 852 279 222 57 573 488 165 85 57 101 55 64 427 404 233 211 179 152 127 76 51
internal_count=29080 1150 1122 56 1066 214 150 86 56 852 279 222 57 573 488 165 85 57 101 55 64 427 404 233 211 179 152 127 76 51
is_linear=0
shrinkage=0.05


Tree=77
num_leaves=31
num_cat=0
split_feature=21 22 19 4 22 17 25 39 39 11 7 28 4 3 25 21 15 39 42 42 25 15 18 15 28 15 32 24 11 34
split_gain=0.845303 2.06773 1.28347 1.81716 1.1078 2.06177 3.21001 1.42586 2.26244 1.52791 1.05452 0.946475 1.94144 3.47222 2.35153 2.04807 1.81593 2.04302 2.16577 2.11653 2.11176 1.79019 2.14673 1.61279 1.57862 2.48433 2.4408 2.29163 1.86687 1.74267
threshold=572.61000000000797 683.25068625000006 1098.9600000000066 732.54819000000009 1052.6137037500002 0.0040619476366767805 1.107344162275296 508.99714285714236 459.04892857142846 0.0038392415388747974 -0.00246498150333677 430.03724373264419 99.099210000000014 116829.41500000002 -1.1186385706365243 69.794999999998268 0.001204418621477197 199.48249999999931 -31.911170799065719 -25.621925664450419 -0.5258765433644661 0.00094476510394330391 143.80499999999304 0.0012767288529714482 355.62159984842589 0.0024942523281425736 305.45736375674466 422.70119682000012 0.0056240265448637278 118418.63328382977
decision_type=2 2 2 2 2 2 2 2 2 2 2 2 2 2 2 2 2 2 2 2 2 2 2 2 2 2 2 2 2 2
left_child=2 10 11 -4 5 7 -7 8 9 -5 -2 24 13 15 -14 -13 21 23 20 -20 -19 22 -16 -18 -1 26 -26 29 -27 -28
right_child=1 -3 3 4 -6 6 -8 -9 -10 -11 -12 12 14 -15 16 -17 17 18 19 -21 -22 -23 -24 -25 25 28 27 -29 -30 -31
leaf_value=4.7963690423562644e-09 -0.00015320550466326572 5.0710035946278568e-05 9.580493571024741e-05 -6.232093320709767e-05 0.0001010380698837463 0.00011201291628103868 -0.00021018210847195641 9.4586098288554601e-05 -0.00011050911586057062 8.4428878951794349e-05 -3.2569083634138148e-05 2.4068860661562446e-05 -5.027141276814736e-05 -2.9653924254437384e-05 -1.0371518411345637e-05 -6.3237852526476725e-06 -3.0388562788269805e-05 -2.5365890157323403e-05 -6.5416409692849604e-05 -2.3821386914269159e-06 2.7542256920567206e-05 -2.36277609114489e-05 3.7303795551519029e-05 2.9309111747849255e-05 -2.2576485459820308e-05 1.3933184849180149e-05 7.602430239944653e-06 -3.2685201427196438e-05 5.423873969541901e-05 -3.8113697204624904e-05
leaf_weight=24376 37 35 33 29 34 22 46 62 20 36 24 87 24 24 39 33 23 35 26 2668 93 148 25 81 94 168 623 20 72 43
leaf_count=24376 37 35 33 29 34 22 46 62 20 36 24 87 24 24 39 33 23 35 26 2668 93 148 25 81 94 168 623 20 72 43
internal_value=-3.43879e-06 -0.0046875 1.20756e-05 0.00336879 0.00190763 0.000581395 -0.00661765 0.00391156 -0.000294118 0.00423077 -0.0102459 -2.09045e-05 -0.000816697 0.00486111 -0.00107527 0.00833333 -0.000956023 -0.000632262 -0.000885897 -0.00118782 0.00546875 -0.00542453 0.0015625 0.00625 8.26902e-05 0.0020098 0.000641026 0.00167638 0.00645833 0.00217718
internal_weight=29080 96 28984 282 249 215 68 147 85 65 61 28702 3306 144 3162 120 3138 2926 2822 2694 128 212 64 104 25396 1020 780 686 240 666
internal_count=29080 96 28984 282 249 215 68 147 85 65 61 28702 3306 144 3162 120 3138 2926 2822 2694 128 212 64 104 25396 1020 780 686 240 666
is_linear=0
shrinkage=0.05


Tree=78
num_leaves=31
num_cat=0
split_feature=32 40 24 38 38 21 20 25 3 16 35 42 36 39 25 41 21 23 38 25 25 25 18 7 41 38 38 9 23 18
split_gain=0.917579 2.38005 2.30986 1.86113 2.27261 2.22016 1.74897 2.04331 2.13319 1.75683 2.44577 1.72911 1.68083 2.4175 1.62992 2.25 2.45003 2.32097 2.22414 2.70541 1.98057 2.08213 1.86182 1.70769 1.68345 1.96474 2.02694 1.63989 1.92857 1.57826
threshold=374.12376066255098 157.09727876444961 93.590625800000012 68.868152864598713 53.064046802211237 124.50499999999739 46.91500000000088 -0.59611811942796811 112328.41500000002 0.0029671407863777559 87495.221849999987 -30.532291914795007 2181.0024910696379 468.59607142857209 -0.77009090371626676 219.77046852310039 75.649999999994193 -0.96702026055626666 56.656147476404904 -0.78720006354299243 -0.89556275529555684 -0.81910982117637265 -115.65000000000144 0.0019427331998643992 117.17227171482547 65.092862030637988 70.748402466165359 -0.00026967702758688776 -1.0904758114993185 177.66999999999828
decision_type=2 2 2 2 2 2 2 2 2 2 2 2 2 2 2 2 2 2 2 2 2 2 2 2 2 2 2 2 2 2
left_child=1 12 -3 4 6 11 7 -4 -9 -8 -11 -6 -1 -14 15 18 17 -17 -2 24 22 -22 -19 -18 25 -20 -27 28 -26 -29
right_child=14 2 3 -5 5 -7 9 8 -10 10 -12 -13 13 -15 -16 16 23 20 19 -21 21 -23 -24 -25 27 26 -28 29 -30 -31
leaf_value=2.7158938509222273e-08 -1.9097538291305735e-05 2.9679607248526618e-05 -7.9069450113936335e-06 4.3238330045102137e-05 -4.9311243062455643e-05 -1.221283351968481e-05 4.7747820540567894e-05 3.8820648000720481e-07 3.1573931911612221e-05 -7.14094605673291e-05 7.200863027815659e-05 6.7162153211427142e-06 9.9267497649364829e-06 5.6418425617298737e-05 -3.3996986593403062e-07 1.7302270926868869e-05 -3.5107173462704312e-05 -6.100141490707666e-05 1.8747353234761064e-05 -4.5109981802051955e-05 3.3623193419660733e-05 -2.023980472735124e-05 -6.2654394764101908e-06 1.3411647738833225e-05 4.2826340032757159e-05 -2.0162665936131937e-05 1.4919156002125001e-05 -2.5616822941190528e-05 -1.8134932928762803e-05 5.013971441669061e-06
leaf_weight=21043 178 20 39 47 28 52 75 57 23 21 27 194 150 29 6312 187 109 22 38 20 40 46 50 28 21 33 32 115 21 23
leaf_count=21043 178 20 39 47 28 52 75 57 23 21 27 194 150 29 6312 187 109 22 38 20 40 46 50 28 21 33 32 115 21 23
internal_value=-1.20358e-05 0.000150195 0.00330189 0.0027087 0.00184109 -0.00127737 0.0053719 0.00105042 0.005625 0.00955285 0.00208333 0.000900901 6.36132e-05 0.00488827 -0.000498282 -0.00241433 0 0.00224638 -0.00483368 -0.00222772 -0.00221519 0.00290698 -0.00833333 -0.00565693 -0.000971731 0.00412621 -0.00115385 -0.00388889 0.0047619 -0.00652174
internal_weight=29080 21805 583 563 516 274 242 119 80 123 48 222 21222 179 7275 963 482 345 481 303 158 86 72 137 283 103 65 180 42 138
internal_count=29080 21805 583 563 516 274 242 119 80 123 48 222 21222 179 7275 963 482 345 481 303 158 86 72 137 283 103 65 180 42 138
is_linear=0
shrinkage=0.05


Tree=79
num_leaves=31
num_cat=0
split_feature=32 19 40 23 13 13 36 42 17 17 11 5 20 21 21 23 17 40 25 11 4 40 20 11 36 20 39 28 7 42
split_gain=0.91372 2.34974 1.87125 2.53728 2.29218 2.42661 2.1534 1.74034 2.10854 1.99192 2.34295 1.86272 1.77651 3.02002 2.31191 2.00009 1.7225 1.71354 2.44378 1.84429 3.21259 2.6672 1.815 2.26714 1.76703 2.15657 2.51949 1.84861 2.44396 2.12743
threshold=479.30558121365908 82.970000000001178 157.09727876444961 -0.65836898527461396 0.0006771692193908767 0.0058548654258618214 1556.154373462836 24.229925630803375 0.0012085860506193607 0.0018601031029194107 0.0026036334327134447 -0.00027318675865423261 59.060000000004955 24.515000000006697 9.4399999999950541 0.1399886877364718 0.0013357921968826974 154.16023752562617 -0.43153443136550551 -0.0067609959609873736 703.90098500000011 217.40190371924839 21.620000000002623 -0.0033974937403069018 622.48307040661905 48.894999999996806 343.5589285714305 194.79149188889281 -0.0016884178114623275 24.229925630803375
decision_type=2 2 2 2 2 2 2 2 2 2 2 2 2 2 2 2 2 2 2 2 2 2 2 2 2 2 2 2 2 2
left_child=17 -2 3 4 6 -6 -3 8 -5 -10 11 -11 13 14 16 -14 -9 -1 24 -20 21 -21 -23 -24 27 -26 -27 28 -19 -29
right_child=1 2 -4 7 5 -7 -8 12 9 10 -12 -13 15 -15 -16 -17 -18 18 19 20 -22 22 23 -25 25 26 -28 29 -30 -31
leaf_value=3.656458289334977e-08 1.4404311727442666e-05 4.3828274453396276e-05 -4.1988889693616686e-07 -2.54735955034962e-05 -3.5936526932022731e-05 -1.1213143599643215e-05 -1.6247208159691282e-05 1.306542936913717e-05 2.4019096388829449e-05 -3.2580489158930161e-05 1.8556642071191797e-05 -7.7558896471478131e-06 2.7319558331009532e-05 -3.6002477261172536e-05 4.7033318147698868e-05 -5.9626107676542678e-06 -2.9206722610839988e-05 -9.1203768815718161e-07 2.2973126990744267e-05 1.8647486415021352e-05 -8.7398065457735402e-05 -6.0663906121850098e-05 -3.0332964407919166e-05 5.5968598163592521e-05 -1.6949231426935947e-05 1.6225522033054938e-05 -3.3076094803716499e-05 -1.0715858591066979e-05 2.166508865994934e-05 3.0087954771625341e-06
leaf_weight=22172 53 25 4713 27 71 43 38 28 111 20 107 67 58 156 26 211 39 101 78 347 24 40 25 35 82 41 20 60 121 141
leaf_count=22172 53 25 4713 27 71 43 38 28 111 20 107 67 58 156 26 211 39 101 78 347 24 40 25 35 82 41 20 60 121 141
internal_value=-1.20358e-05 -0.000573969 -0.000670732 -0.00260467 -0.00805085 -0.0122807 -0.000396825 -0.00147059 0.00135542 0.00254098 -0.000515464 -0.0066092 -0.00328185 -0.0063253 0.000806452 -0.000464684 -0.00410448 0.000127754 0.00204036 0.00441712 0.00323779 0.00419463 -0.003 0.0025 -0.000265018 -0.00506993 0.00204918 0.00135934 0.0045045 -0.00211443
internal_weight=29080 5793 5740 1027 177 114 63 850 332 305 194 87 518 249 93 269 67 23287 1115 549 471 447 100 60 566 143 61 423 222 201
internal_count=29080 5793 5740 1027 177 114 63 850 332 305 194 87 518 249 93 269 67 23287 1115 549 471 447 100 60 566 143 61 423 222 201
is_linear=0
shrinkage=0.05


Tree=80
num_leaves=31
num_cat=0
split_feature=28 11 23 39 40 17 36 22 28 23 32 39 11 16 22 25 1 5 13 35 42 36 36 5 28 35 5 40 7 5
split_gain=0.811101 1.82019 2.30021 2.09065 2.85826 2.47231 2.06324 3.5926 2.73941 2.0519 2.35186 2.716 2.27433 2.02851 2.1098 1.90918 2.09944 2.88702 3.75626 2.37818 2.80499 2.5027 3.28734 2.36636 2.28259 2.45783 2.1339 2.11792 2.44197 1.94834
threshold=-210.95212985025134 -0.00075026409400746777 -1.5178463200561023 375.93035714285782 -52.929683747810479 0.0022385241109730927 -352.94363942428021 113.08108700000001 -169.63404163302764 -1.0238412558829009 208.43369124805034 174.01071428571387 -0.0055826559095908503 0.0024102768348666639 250.52957700000005 -0.69166634652539993 115855.66500000002 -0.00018527180089374012 0.0033695181516444363 84128.935375000015 7.1522019007524529 -829.41983495951706 -1290.3081606409394 0.0019142589320479205 -66.30464557188678 113755.30870000001 6.5783226380795664e-05 -40.14534962839388 -0.0015116724939330448 -0.00027318675865423261
decision_type=2 2 2 2 2 2 2 2 2 2 2 2 2 2 2 2 2 2 2 2 2 2 2 2 2 2 2 2 2 2
left_child=-1 2 -2 5 -5 13 7 -7 -8 -10 11 -11 -12 15 -15 -4 17 18 24 23 21 22 -21 -19 27 29 -22 28 -17 -26
right_child=1 -3 3 4 -6 6 8 -9 9 10 12 -13 -14 14 -16 16 -18 19 -20 20 26 -23 -24 -25 25 -27 -28 -29 -30 -31
leaf_value=1.3115229796768717e-06 1.8501026878110795e-05 2.0388182219838498e-07 1.0523376687454347e-06 -2.1423739738824613e-05 1.0926996585721819e-05 3.0283428800853787e-05 1.1581288600132914e-05 -5.5768557813936886e-06 1.0647968944000957e-06 1.7176985263338898e-05 -6.6057347302031976e-05 -4.4437394002599842e-05 -9.0541062718680553e-06 -2.553150754084e-05 6.3023372469469082e-05 8.6153962006656844e-06 2.5040506900696515e-06 -4.4023813053942879e-05 -2.984044768733351e-05 -3.2241832666616787e-05 -2.7973625895455772e-05 -1.1440091749097524e-05 2.6402238704030198e-05 -1.9673547181058146e-06 -5.6803209623866918e-06 -2.5725827688293543e-05 1.4182491905635403e-05 7.9195800551379263e-06 -4.5591910394396259e-06 1.6614763900308705e-05
leaf_weight=7015 59 16325 1036 143 660 37 73 302 86 20 26 158 273 33 43 35 493 39 77 32 21 809 56 20 341 27 94 552 167 28
leaf_count=7015 59 16325 1036 143 660 37 73 302 86 20 26 158 273 33 43 35 493 39 77 32 21 809 56 20 341 27 94 552 167 28
internal_value=-8.59697e-06 -0.000157489 -0.000923345 -0.00102535 0.00133873 -0.00141451 -0.00366667 -0.000516224 -0.00534591 -0.00652753 -0.00780922 -0.0123596 -0.00510033 -0.000851909 0.00723684 -0.00101254 -0.00169294 -0.00232811 -0.000672372 -0.00422502 -0.00365613 -0.00459866 0.00340909 -0.0139831 4.34783e-05 -0.0030303 0.00369565 0.00165782 -0.00272277 -0.00196477
internal_weight=29080 22065 5740 5681 803 4878 975 339 636 563 477 178 299 3903 76 3827 2791 2298 1227 1071 1012 897 88 59 1150 396 115 754 202 369
internal_count=29080 22065 5740 5681 803 4878 975 339 636 563 477 178 299 3903 76 3827 2791 2298 1227 1071 1012 897 88 59 1150 396 115 754 202 369
is_linear=0
shrinkage=0.05


Tree=81
num_leaves=31
num_cat=0
split_feature=35 31 20 7 36 18 4 36 4 21 23 17 21 28 17 17 41 25 21 9 26 21 36 4 4 20 4 22 39 7
split_gain=0.888768 1.80361 1.77027 1.6494 2.1029 2.86371 3.11039 2.45325 2.25331 1.95932 3.86749 2.30145 2.06796 1.92537 1.8966 1.93544 2.13908 1.99442 4.19762 2.06759 3.17957 2.16131 2.1028 1.99217 1.99062 1.89797 3.00833 1.89486 2.151 2.14295
threshold=89496.096675000023 86876.997500000012 6.7450000000026202 0.0014672711580981576 608.14886653351289 147.06999999999974 386.18837500000006 470.78734539666044 351.97773000000001 33.769999999996806 -0.57317264520131739 0.0021091755952004848 1.0000000180025095e-35 484.25485894554737 0.00174558208799235 0.0022129562361644628 103.01434523890116 0.55107998005115644 277.2400000000053 0.0032575925759617342 83621.837868519317 52.105000000003209 -1175.5295476689205 139.11813500000002 196.02835000000002 15.295000000005532 174.82300000000004 631.58303975000001 226.5799999999997 1.0000000180025095e-35
decision_type=2 2 2 2 2 2 2 2 2 2 2 2 2 2 2 2 2 2 2 2 2 2 2 2 2 2 2 2 2 2
left_child=2 -2 -1 4 5 6 7 8 27 10 -5 12 -12 -13 -11 16 25 18 19 20 -17 -22 -23 -21 -25 -16 -27 28 -4 -30
right_child=1 -3 3 9 -6 -7 -8 -9 -10 14 11 13 -14 -15 15 17 -18 -19 -20 23 21 22 -24 24 -26 26 -28 -29 29 -31
leaf_value=-4.0219799182835909e-06 -8.9615037007420513e-05 -1.9963670317035689e-07 3.5213890840876226e-07 -1.197426005378458e-05 -9.6373384524294666e-07 3.9140803517893987e-05 -1.9063521430091389e-05 2.5267430722301427e-05 6.5942465206566343e-05 -2.7780707468365312e-05 -2.8128701205646887e-05 4.1429568374806732e-05 9.3999384407930931e-06 9.1693411727822589e-06 -1.6058979232195765e-05 -3.8343129793847255e-05 4.0191036634463551e-05 -5.6961768248805147e-05 7.2194396779867609e-05 -3.2356358152847122e-05 -3.601679311059276e-05 -4.8261560895414767e-05 1.5444816436713551e-05 3.0667996430634228e-05 -5.4874379759006198e-07 3.2559964679363319e-05 -1.4652774979076765e-05 -5.7851224613618001e-05 2.3957445976562271e-05 -2.3967163791361725e-06
leaf_weight=985 39 22486 828 165 1207 210 406 130 46 113 45 163 138 116 20 96 91 164 45 30 38 28 115 65 252 48 80 38 658 235
leaf_count=985 39 22486 828 165 1207 210 406 130 46 113 45 163 138 116 20 96 91 164 45 30 38 28 115 65 252 48 80 38 658 235
internal_value=-5.15818e-06 -0.000154273 0.000507246 0.000852783 0.00145024 0.00226382 0.00176207 0.0025969 0.00211911 -0.000386313 0.001874 0.00422078 -0.000136612 0.00707885 -0.00158228 -0.000932836 0.00303347 -0.00207083 -0.000859492 -0.00192308 -0.0051444 -0.00124309 0.00157343 0.000648415 0.00181388 -0.000675676 0.0015625 0.00183343 0.00207728 0.0037794
internal_weight=29080 22525 6555 5570 3758 2551 2341 1935 1805 1812 627 462 183 279 1185 1072 239 833 669 624 277 181 143 347 317 148 128 1759 1721 893
internal_count=29080 22525 6555 5570 3758 2551 2341 1935 1805 1812 627 462 183 279 1185 1072 239 833 669 624 277 181 143 347 317 148 128 1759 1721 893
is_linear=0
shrinkage=0.05


Tree=82
num_leaves=31
num_cat=0
split_feature=20 36 39 21 21 21 32 42 28 19 16 41 2 23 23 25 25 19 11 13 13 38 25 11 11 5 19 24 25 2
split_gain=0.820537 2.74894 2.09956 2.21716 2.54764 1.96008 2.54383 2.22378 2.75116 3.00634 1.95515 1.9041 2.82834 1.97559 1.82872 2.00437 2.21488 1.80082 2.19141 2.0001 2.25013 1.95746 1.76874 2.15641 2.816 1.76283 3.09183 1.72242 1.70743 2.66837
threshold=30.785000000003496 -727.33506165229471 75.281071428571792 257.97000000000122 308.17499999999569 118.29499999999827 55.661092507594738 -16.7039411160181 -526.06269224444247 327.00999999999482 0.00070086190503531763 -2.8438313953351289 113518.78500000002 0.097588823570881528 -1.412017805793633 -0.9206174183892436 -0.77009090371626676 485.03999999999365 -0.0041409493610308741 0.0058548654258618214 0.0006771692193908767 67.465508426545526 -0.7309654684400152 0.0023158768907415319 0.0035291598608784224 0.0018363344249120678 370.04500000000559 232.29945530000001 -0.80590803215093187 116586.69000000002
decision_type=2 2 2 2 2 2 2 2 2 2 2 2 2 2 2 2 2 2 2 2 2 2 2 2 2 2 2 2 2 2
left_child=1 5 10 14 -5 6 7 8 -1 -10 -3 13 -13 22 15 -4 -17 18 -7 20 -19 -20 23 -9 -25 -8 -27 -15 29 -16
right_child=-2 2 3 4 -6 17 25 11 9 -11 -12 12 -14 27 28 16 -18 19 21 -21 -22 -23 -24 24 -26 26 -28 -29 -30 -31
leaf_value=-1.9133095246721314e-06 4.2532962792200657e-07 1.4444841365116771e-06 1.2746041810575824e-05 3.2987885962026285e-05 -3.0480484893114378e-06 -4.3377554606196215e-05 2.6812474721502458e-05 2.0675049283290744e-05 1.0484460504849443e-05 5.2556845330301515e-05 1.1985866503586739e-05 -4.7750839117812287e-06 -3.2175121499627873e-05 2.3184754353317943e-05 -3.4687466547249086e-06 -1.6109343414185362e-05 7.3226234664810963e-06 1.567112324202107e-05 3.0773775535563661e-07 5.27301312130884e-05 -5.372866201729964e-05 -4.5622431094617704e-05 -3.9319645727949078e-06 -2.056635957171543e-05 1.4300442762346964e-05 -2.9125574493315861e-05 4.5248785668068511e-05 -3.336434202964691e-06 -9.7459141527494652e-07 -1.1578163692782109e-05
leaf_weight=215 17178 373 154 75 89 113 163 209 279 64 24 89 25 89 1254 28 20 190 300 20 20 27 548 37 48 32 27 54 7060 276
leaf_count=215 17178 373 154 75 89 113 163 209 279 64 24 89 25 89 1254 28 20 190 300 20 20 27 548 37 48 32 27 54 7060 276
internal_value=-8.59697e-06 -0.000327676 -0.000724367 -0.00088209 0.00487805 0.00112789 0.00195583 0.00128244 0.00385305 0.00663265 0.00283375 -2.2748e-05 -0.00614035 0.000685279 -0.000989536 0.00371287 -0.00520833 -0.00119403 -0.00306818 0.0023913 0.000952381 -0.000993884 -0.00023753 0.00289116 -0.00382353 0.00698198 -0.000423729 0.00611888 -0.00110012 -0.00261438
internal_weight=29080 11902 9353 8956 164 2549 1879 1657 558 343 397 1099 114 985 8792 202 48 670 440 230 210 327 842 294 85 222 59 143 8590 1530
internal_count=29080 11902 9353 8956 164 2549 1879 1657 558 343 397 1099 114 985 8792 202 48 670 440 230 210 327 842 294 85 222 59 143 8590 1530
is_linear=0
shrinkage=0.05


Tree=83
num_leaves=31
num_cat=0
split_feature=17 39 2 16 36 42 21 42 19 23 28 9 20 42 20 25 20 34 16 1 32 41 17 22 34 36 4 20 19 38
split_gain=0.873548 2.29346 2.68359 1.40527 2.68652 2.59721 2.15026 2.08753 2.07477 2.04762 3.16885 1.91785 2.88093 3.33067 2.65103 2.29765 2.23311 2.36372 2.16466 2.06894 3.07363 2.57104 1.91667 2.65781 1.81875 2.19094 1.92306 1.81101 1.77207 1.78484
threshold=0.00130575772972778 266.20892857142883 105203.24500000001 0.0014693846009424586 -1068.1548872847268 -36.388043881717444 105.63500000000205 -139.94158457024676 210.71499999999654 -0.86048818872355126 -63.735617518999781 -0.00012131685623105596 47.385000000002044 21.010433195567789 42.325000000004373 2.6426201594920236 53.724999999998552 103444.45700716939 0.001257987962703606 117632.86500000002 70.023414797564342 -19.514705169387828 0.0019502395419929628 175.21759525000002 96053.271143526552 854.4288552203144 206.54655500000004 71.480000000003216 101.76499999999943 41.088451622831251
decision_type=2 2 2 2 2 2 2 2 2 2 2 2 2 2 2 2 2 2 2 2 2 2 2 2 2 2 2 2 2 2
left_child=1 -1 -3 4 5 6 8 -6 -2 10 -7 12 14 16 15 28 -14 24 -19 -13 -21 -22 23 -11 25 26 27 -18 -9 -30
right_child=3 2 -4 -5 7 9 -8 11 -10 22 -12 19 13 -15 -16 -17 17 18 -20 20 21 -23 -24 -25 -26 -27 -28 -29 29 -31
leaf_value=3.7658735531077819e-07 2.1543760518019539e-05 6.0284472655581524e-05 1.0082587153355003e-05 1.1789672017251314e-07 -5.7296746511290922e-05 1.7819383740745469e-05 3.012697150875722e-05 1.0889274468280803e-05 -3.5714840530209647e-05 2.06816284999322e-05 -2.5293577605828886e-05 -6.6227411052302808e-06 -2.4076755630184754e-05 1.0259446016001033e-05 2.1531214789482476e-05 1.8637757461069444e-05 -1.0906040746777013e-05 -1.8011723903846431e-05 -7.9583715044545775e-07 -1.8034019274705699e-05 2.7034405734267444e-05 8.1185553180183226e-06 -8.972128340072265e-07 4.1483149653499563e-05 2.0093052422130126e-05 -1.5012503524253091e-05 -5.4532027874302542e-05 2.6667924739320133e-05 8.3380345404616185e-06 -3.9274543520075459e-06
leaf_weight=6725 20 20 270 17050 23 23 29 252 39 220 33 2070 71 110 88 20 28 208 169 101 23 200 86 31 47 47 23 51 349 654
leaf_count=6725 20 20 270 17050 23 23 29 252 39 220 33 2070 71 110 88 20 28 208 169 101 23 200 86 31 47 47 23 51 349 654
internal_value=-1.20358e-05 0.000473984 0.00482759 -0.000166553 -0.000902293 0.00265073 -0.00511364 -0.00127922 -0.0105932 0.00438931 -0.00446429 -0.00120262 -0.000106282 -0.00258621 0.00126559 0.000686275 -0.00395963 -0.00292321 -0.00523873 -0.0021721 0.00154321 0.00482063 0.00586053 0.00806773 0.00153061 -0.0011745 0.00294118 0.00664557 0.000418327 -0.00052343
internal_weight=29080 7015 290 22065 5015 481 88 4534 59 393 56 4511 2117 754 1363 1275 644 573 377 2394 324 223 337 251 196 149 102 79 1255 1003
internal_count=29080 7015 290 22065 5015 481 88 4534 59 393 56 4511 2117 754 1363 1275 644 573 377 2394 324 223 337 251 196 149 102 79 1255 1003
is_linear=0
shrinkage=0.05


Tree=84
num_leaves=31
num_cat=0
split_feature=20 36 32 23 17 28 38 39 40 9 23 25 11 23 15 28 25 36 11 17 28 38 16 42 19 39 41 42 0 34
split_gain=0.846262 2.02147 2.14328 2.49898 1.88257 1.98653 2.19495 1.71782 1.87268 1.9233 1.79185 2.35399 1.70261 2.77692 1.84808 1.67227 3.27115 1.63916 1.62033 2.40279 1.73033 3.24605 3.1025 1.55307 2.73425 3.88803 2.73024 2.00969 2.25975 2.17012
threshold=30.785000000003496 -727.33506165229471 81.414147357267225 -1.065410411211533 0.0046635007358403185 -670.69107730103849 16.532776783180392 75.281071428571792 31.949448260093053 0.0011487937334934324 -1.412017805793633 -0.9206174183892436 0.0005887947091647571 0.7251594281055509 0.00053588728483995368 -43.006884603571955 -0.71305006928960768 742.17277032407594 0.0030196643384530469 0.0059847861477359933 253.94803550434884 54.909959918504548 0.0027104374654982021 -82.470494736743447 253.38999999999945 280.01857142857267 -167.23905811126846 -16.7039411160181 82540.030000000013 86911.068843639237
decision_type=2 2 2 2 2 2 2 2 2 2 2 2 2 2 2 2 2 2 2 2 2 2 2 2 2 2 2 2 2 2
left_child=1 2 18 -4 5 -3 -7 8 9 12 11 -9 15 14 -14 -8 -17 -6 19 23 21 -20 -22 24 -1 -26 -27 28 -25 -30
right_child=-2 4 3 -5 17 6 7 10 -10 -11 -12 -13 13 -15 -16 16 -18 -19 20 -21 22 -23 -24 27 25 26 -28 -29 29 -31
leaf_value=2.579139846674133e-05 4.2243165233611365e-07 3.586820556457923e-05 -4.0555063696174685e-05 2.1905452842730136e-05 -7.609675491131171e-05 -1.246978659815989e-05 5.1456254002098085e-06 1.2459646980842373e-05 7.3415034972075191e-06 -1.2586544585991007e-05 -1.2877887263972478e-06 -7.3670471154146276e-06 1.9600581841956575e-05 -2.9075953698652619e-06 1.0959765040903767e-05 8.9529812586110107e-06 -9.7198647497359427e-06 3.3592075435816824e-07 -6.9466105505056686e-06 0.00010088161232404531 -6.3189383324140224e-06 -3.8987607700149138e-05 3.4685419609820202e-05 0.00012380707721987172 -6.4548083766470681e-05 -4.2002448476812269e-05 3.1601069006863338e-05 2.2015803361161649e-07 -2.831509705728712e-05 1.2260842295080998e-05
leaf_weight=25 17178 79 30 228 41 37 98 152 100 22 8577 45 32 20 20 40 65 25 174 24 34 63 29 24 29 145 73 1126 56 489
leaf_count=25 17178 79 30 228 41 37 98 152 100 22 8577 45 32 20 20 40 65 25 174 24 34 63 29 24 29 145 73 1126 56 489
internal_value=-1.20358e-05 -0.000336078 0.000912122 0.00523256 -0.000676254 -0.000616453 -0.000684188 -0.000635154 0.00258186 0.000589226 -0.000780716 0.00393401 0.00172727 0.00833333 0.0144231 -0.000615764 -0.005 -0.00909091 0.000425578 0.000941738 -0.003 -0.00495781 0.00436508 0.000749873 -0.00275735 -0.00435223 -0.00206422 0.00131268 0.00373462 0.00307339
internal_weight=29080 11902 2549 258 9353 9287 9208 9171 397 297 8774 197 275 72 52 203 105 66 2291 1991 300 237 63 1967 272 247 218 1695 569 545
internal_count=29080 11902 2549 258 9353 9287 9208 9171 397 297 8774 197 275 72 52 203 105 66 2291 1991 300 237 63 1967 272 247 218 1695 569 545
is_linear=0
shrinkage=0.05


Tree=85
num_leaves=31
num_cat=0
split_feature=13 13 19 41 38 39 38 21 24 19 7 24 20 16 20 11 28 11 32 20 28 7 9 42 21 25 7 21 15 15
split_gain=0.811842 2.4735 2.92159 2.4053 2.16843 2.25074 1.98253 2.02018 1.90217 1.8874 2.87668 1.99308 1.7956 1.77921 1.63593 2.04248 3.60158 1.7071 1.61379 1.56784 1.87388 2.80532 1.58874 1.49259 3.30383 2.37084 2.62024 2.73091 3.45386 3.30678
threshold=0.0083189588228073548 0.0095568582033549159 125.93499999999041 -158.782330755885 57.833469358301564 220.84964285714162 66.466554304159501 60.754999999997388 501.82007420000008 219.92499999999566 0.0026324787499356329 210.81022470000002 72.174999999995649 0.0013414651484570303 24.075000000004369 0.0046694919104304415 86.169743916354506 0.0089765732461488962 847.22481611766864 5.9349999999976726 519.57573332577169 0.0001385815772240471 -0.0011045535534550254 49.113208490503702 121.44499999999972 -0.63787959843732478 0.0014112505976814729 56.525000000001462 0.0021958002058810717 0.00077285204652637366
decision_type=2 2 2 2 2 2 2 2 2 2 2 2 2 2 2 2 2 2 2 2 2 2 2 2 2 2 2 2 2 2
left_child=23 2 -2 14 8 -6 19 9 -5 -8 -11 -12 -9 -7 -3 16 -16 -17 -14 -4 21 22 -21 -1 25 26 27 28 29 -25
right_child=1 3 6 4 5 13 7 12 -10 10 11 -13 18 -15 15 17 -18 -19 -20 20 -22 -23 -24 24 -26 -27 -28 -29 -30 -31
leaf_value=-1.3628015617155666e-07 2.5262451267588581e-05 6.4799726810145047e-06 3.8879396679302922e-05 9.0128834553898903e-05 2.9975342446814104e-05 -2.0080660731947485e-05 -3.1273921201391973e-05 -3.6920868934568063e-05 -1.4798905660505144e-07 5.2748898783106958e-05 8.2942366095793928e-06 -4.4472294222292889e-05 3.0499468398263715e-05 1.0327841278697448e-08 -6.9925914173778525e-05 -7.8703959939593047e-05 7.6040021004770389e-05 -3.7246759939079684e-05 -2.898891296777069e-05 4.3598923160803547e-06 -2.7130582118073531e-05 3.7709247699968231e-05 -6.7723068280096558e-05 -1.5713330185130309e-05 -7.7632387872129405e-06 7.4370001220582322e-06 -1.6454772165098319e-05 2.1699998931475837e-05 -3.2839863611695986e-05 4.3556210188479622e-06
leaf_weight=22832 20 36 25 40 64 20 57 94 27 59 37 30 27 1712 27 35 24 67 25 36 59 66 35 24 672 1992 234 208 110 386
leaf_count=22832 20 36 25 40 64 20 57 94 27 59 37 30 27 1712 27 35 24 67 25 36 59 66 35 24 672 1992 234 208 110 386
internal_value=-1.89133e-05 -0.000858124 -0.00377193 -4.87329e-05 0.000496511 0.000167038 -0.00445455 -0.00691489 0.00932836 -0.0034153 0 -0.00708955 -0.0113014 -0.00017321 -0.00542328 -0.00767974 0.000490196 -0.0117647 -0.00384615 -0.000791855 -0.00229592 0.000912409 -0.00598592 6.42528e-05 0.00100662 0.00172647 -0.00031185 0.00116758 -0.000769231 0.00134146
internal_weight=29080 2622 570 2052 1863 1796 550 329 67 183 126 67 146 1732 189 153 51 102 52 221 196 137 71 26458 3626 2954 962 728 520 410
internal_count=29080 2622 570 2052 1863 1796 550 329 67 183 126 67 146 1732 189 153 51 102 52 221 196 137 71 26458 3626 2954 962 728 520 410
is_linear=0
shrinkage=0.05


Tree=86
num_leaves=31
num_cat=0
split_feature=20 36 38 32 42 21 32 42 28 19 41 9 7 21 0 38 41 21 22 24 19 7 23 4 9 7 38 13 22 15
split_gain=0.954213 1.79233 1.97074 1.75955 1.71738 1.69204 2.48857 2.31428 2.16836 3.1847 1.98908 1.69018 3.22492 1.82315 1.60784 1.56732 1.73571 1.5443 1.5404 3.09468 1.52541 2.00325 1.63409 1.531 2.08333 1.58196 2.20805 2.89716 2.26006 2.17713
threshold=30.785000000003496 -727.33506165229471 14.890841170376442 -634.08995406142628 -156.48316757188178 118.29499999999827 81.414147357267225 -16.7039411160181 -645.86595759885665 327.00999999999482 29.78712190205048 -0.0014290250002059292 -0.0005999380292377864 104.3449999999939 81492.035000000018 59.275756551653622 -18.038906909232676 63.680000000000298 172.78843200000003 253.54876270000003 485.03999999999365 -0.004244011965870138 2.5625540075988487 101.41689000000001 0.0004284930059142384 0.0027630909355845861 67.465508426545526 -0.0016382501199664829 172.78843200000003 0.0025382040257574553
decision_type=2 2 2 2 2 2 2 2 2 2 2 2 2 2 2 2 2 2 2 2 2 2 2 2 2 2 2 2 2 2
left_child=1 5 -3 18 -5 6 7 8 -1 17 11 12 -9 -13 -6 -8 -17 -10 -4 -20 21 -7 -22 24 -23 26 27 -25 -29 -27
right_child=-2 2 3 4 14 20 15 10 9 -11 -12 13 -14 -15 -16 16 -18 -19 19 -21 22 23 -24 25 -26 29 -28 28 -30 -31
leaf_value=-5.364480484720022e-06 4.1777353314914277e-07 -1.183948326044332e-05 -2.5228932545828289e-06 -4.4054002021412221e-05 -5.531178341853418e-05 -5.4506367809607955e-05 2.4701998113163479e-05 3.0996633277657743e-06 1.2562428315139382e-05 4.7287698403501735e-05 -1.8764658376932628e-05 -3.5411617674689708e-06 5.2906106526373332e-05 1.5904760671086418e-05 -7.7759464343213146e-07 2.8495651256224517e-05 -9.4234490430857771e-07 -8.1528457317203982e-06 5.3410292440597622e-05 -4.8236039278686833e-07 1.9537537618476152e-05 1.5988718631767585e-05 -3.5037781007845463e-05 -3.5551605228877946e-05 -8.8667164737250052e-06 3.7090671693758542e-05 -6.8587446940140753e-05 3.7861179980780471e-05 -4.8946718518721106e-06 -3.8434535658743149e-05
leaf_weight=177 17178 33 67 37 44 31 96 236 214 81 65 744 41 34 9054 21 84 86 62 56 182 24 48 170 24 23 21 29 91 27
leaf_count=177 17178 33 67 37 44 31 96 236 214 81 65 744 41 34 9054 21 84 86 62 56 182 24 48 170 24 23 21 29 91 27
internal_value=-1.71939e-05 -0.000361284 -0.000681599 -0.000638412 -0.00073618 0.000814045 0.00158329 0.000953516 0.00358423 0.00570866 -0.000357143 0.000165877 0.00351986 -0.00102828 -0.00069246 0.0068408 0.00261905 0.00333333 0.00418919 0.00762712 -0.00134328 -0.00306818 0.00195652 -0.00213936 0.00625 -0.00325485 -0.00458199 -0.00344828 0.0025 0.005
internal_weight=29080 11902 9353 9320 9135 2549 1879 1678 558 381 1120 1055 277 778 9098 201 105 300 185 118 670 440 230 409 48 361 311 290 120 50
internal_count=29080 11902 9353 9320 9135 2549 1879 1678 558 381 1120 1055 277 778 9098 201 105 300 185 118 670 440 230 409 48 361 311 290 120 50
is_linear=0
shrinkage=0.05


Tree=87
num_leaves=31
num_cat=0
split_feature=15 7 36 5 9 13 28 21 25 40 31 34 19 9 9 26 4 5 42 9 5 22 19 24 36 40 3 40 20 5
split_gain=0.861597 2.33522 2.50169 1.73089 1.27664 1.20813 1.67385 2.48188 2.17532 1.173 2.20953 1.50846 1.771 1.33203 2.27925 1.45819 1.30399 1.45125 1.133 1.1318 1.19997 1.69677 1.56877 1.1085 1.05599 2.23628 1.8231 2.16441 1.92601 1.99228
threshold=0.0073271824733885044 0.00092823104204459107 2873.2505980443534 0.0026863995120758152 0.0046707085002604528 -0.027854194874451461 -1634.4711546564138 77.844999999993902 1.8322388780345291 631.35729669337172 88778.808000000005 87451.50547533411 393.93000000000035 -0.001571380391804939 0.0014156007632824088 114813.8253831926 599.4339050000001 0.00074432174942051278 72.666283506012448 -0.016981963017049368 -0.0072689026797196554 311.36340825000008 899.22499999999866 257.11269470000008 2441.8690223794915 -80.651267255743718 123334.57500000001 344.67344774852978 39.564999999995059 -0.001599801603209963
decision_type=2 2 2 2 2 2 2 2 2 2 2 2 2 2 2 2 2 2 2 2 2 2 2 2 2 2 2 2 2 2
left_child=5 3 4 -2 -3 23 7 -7 -9 19 11 12 -11 15 18 -12 17 -16 -15 -8 21 -21 -23 -1 -22 -26 27 -27 29 -29
right_child=1 2 -4 -5 -6 6 9 8 -10 10 13 -13 -14 14 16 -17 -18 -19 -20 20 24 22 -24 -25 25 26 -28 28 -30 -31
leaf_value=-6.7601101104900553e-05 1.5375061576351231e-05 -0.00012528853156517714 7.6940008987005413e-05 0.00019635226339079573 -1.3500061102524778e-06 0.00011628354983492145 -0.00011189797175998033 -4.0872388926086877e-05 7.8409690924848111e-05 -3.4757861878029747e-05 -7.9893423185365127e-06 2.4992768377076667e-05 2.1571025032816969e-05 -1.5738230595616933e-05 3.2307307867254267e-05 2.6299638018363754e-05 -4.3187411106406111e-05 -9.941826795051936e-06 -4.9733414404268435e-05 9.3053893639730837e-05 -7.5334052289498982e-08 7.8181183522141754e-05 -5.9470246993962688e-05 -2.5337418206627472e-05 3.2357822151761406e-05 -1.5890511721804636e-06 -1.5166215013571689e-05 -2.1286621764143758e-05 6.20930042411893e-06 3.6924914688587026e-05
leaf_weight=32 96 32 21 26 53 20 32 27 32 23 41 26 43 35 24 21 30 27 23 63 27044 23 43 154 30 550 29 37 310 133
leaf_count=32 96 32 21 26 53 20 32 27 32 23 41 26 43 35 24 21 30 27 23 63 27044 23 43 154 30 550 29 37 310 133
internal_value=8.59697e-06 0.00307018 -0.00235849 0.00778689 -0.00617647 -1.55968e-05 1.04654e-05 0.00727848 0.00211864 -9.61976e-06 -0.003157 0.00326087 -0.000757576 -0.00609453 -0.00881295 0 -0.00339506 0.00147059 -0.0163793 2.29731e-05 3.3614e-05 0.00484496 -0.000757576 -0.00403226 1.15523e-05 0.00153811 0.00115675 0.00150485 0.00395833 0.00823529
internal_weight=29080 228 106 122 85 28852 28666 79 59 28587 293 92 66 201 139 62 81 51 58 28294 28262 129 66 186 28133 1089 1059 1030 480 170
internal_count=29080 228 106 122 85 28852 28666 79 59 28587 293 92 66 201 139 62 81 51 58 28294 28262 129 66 186 28133 1089 1059 1030 480 170
is_linear=0
shrinkage=0.05


Tree=88
num_leaves=31
num_cat=0
split_feature=15 7 36 5 19 20 9 9 9 0 42 0 22 15 20 40 25 20 13 21 26 26 22 0 23 25 3 16 5 15
split_gain=0.978073 1.91234 2.2881 1.55038 1.67902 1.18431 2.45578 1.00774 1.90967 1.99069 2.61415 2.82873 2.16834 3.19061 2.63636 2.32002 2.20042 2.01042 1.75231 1.68596 1.61708 4.45003 1.82399 1.98406 1.87826 2.62261 1.45732 1.75032 1.86154 1.80209
threshold=0.0073271824733885044 0.0010052901641417803 2873.2505980443534 -0.0072689026797196554 899.22499999999866 71.480000000003216 -0.005897423490036414 0.0035177146501842835 0.00312466097205583 110594.15500000001 64.636976362262573 117693.50500000002 155.31077325000004 0.0012684360868790206 22.025000000001459 -91.645217237855817 -0.5761952799964275 73.810000000004962 0.023129206007920854 103.19499999999972 105910.69309554127 103087.71130258024 175.21759525000002 95340.775000000009 -0.55506063316335841 -0.11230620069911208 82110.435000000012 0.0040832260370530929 0.00045757597002206229 0.0022748672523128224
decision_type=2 2 2 2 2 2 2 2 2 2 2 2 2 2 2 2 2 2 2 2 2 2 2 2 2 2 2 2 2 2
left_child=7 3 -3 -2 5 -5 -7 8 -1 12 11 19 13 14 -10 -14 -15 -12 26 -11 21 22 -17 24 -24 -26 27 29 -29 -9
right_child=1 2 -4 4 -6 6 -8 18 9 10 17 -13 15 16 -16 20 -18 -19 -20 -21 -22 -23 23 -25 25 -27 -28 28 -30 -31
leaf_value=5.9231360189091938e-08 -1.9676862969468969e-05 -6.3050374900644086e-05 7.3093008537655147e-05 8.9903612542242944e-05 0.00019305672455153134 4.5385120020766444e-05 -6.5635199487588087e-05 -1.4445231590057357e-05 -2.2562168272297197e-05 7.5362096830968485e-06 -4.64053284406968e-05 2.3440237576718439e-05 3.9423987736243726e-05 -7.9443791154737102e-06 7.3952449331449614e-06 -4.3333954483896875e-05 4.4746564486607822e-05 3.3018310820629862e-05 4.1611640474197852e-05 -3.7241599652987508e-05 3.4123203277869843e-05 -4.2776808992689724e-05 -1.2773628712770343e-05 3.6652108410038509e-05 6.1786437852055497e-05 -8.9148116685310195e-06 -3.6744492856182721e-06 8.2275841849560691e-05 -6.3195099928945578e-05 4.4831808958240277e-05
leaf_weight=24963 29 84 21 23 22 21 28 22 22 76 41 37 107 20 36 26 78 22 103 20 30 27 46 23 27 42 2947 20 45 72
leaf_count=24963 29 84 21 23 22 21 28 22 22 76 41 37 107 20 36 26 78 22 103 20 30 27 46 23 27 42 2947 20 45 72
internal_value=2.75103e-05 0.00328947 -0.00166667 0.00752033 0.0106383 0.00694444 0.00255102 1.73298e-06 0.000106267 0.00272059 -0.00153061 0.00244361 0.00444215 0.00929487 0 0.00213415 0.0147959 -0.00992063 -0.000833593 -0.00208333 -0.000791855 -0.00248691 0.000609756 0.00289855 0.000217391 0.00543478 -0.00104636 0.00361635 -0.00269231 0.00797872
internal_weight=29080 228 105 123 94 72 49 28852 25643 680 196 133 484 156 58 328 98 63 3209 96 221 191 164 138 115 69 3106 159 65 94
internal_count=29080 228 105 123 94 72 49 28852 25643 680 196 133 484 156 58 328 98 63 3209 96 221 191 164 138 115 69 3106 159 65 94
is_linear=0
shrinkage=0.05


Tree=89
num_leaves=31
num_cat=0
split_feature=11 16 24 42 20 0 27 9 5 20 18 24 24 22 17 25 39 16 19 19 19 13 18 7 26 19 21 41 21 41
split_gain=1.05649 1.21637 1.35417 1.15042 1.39342 0.876642 2.31822 1.53072 2.19913 2.89491 2.5617 1.90781 2.08817 2.03955 2.71358 2.9917 3.22352 2.79179 2.38975 2.15678 1.98892 1.89655 1.65113 1.72468 1.5956 1.62976 1.59101 1.53453 1.53345 1.46276
threshold=0.020824600386578782 0.0042590674310905696 653.90810540000007 257.92816330456088 73.810000000004962 84060.860000000015 83893.689500000022 0.0035177146501842835 0.0054428833253403362 37.259999999994768 462.73500000000064 167.13318950000004 169.84228190000002 150.35510225000004 0.0012963992728397447 1.2342007766515277 271.13178571428745 0.0012490464183407214 250.00499999999741 317.39499999999686 313.3300000000018 0.010170936363340878 325.31999999999977 -0.0013959569484398439 86964.131872881422 168.84000000000381 36.48999999999797 -2.8438313953351289 65.65499999999885 309.35426692236695
decision_type=2 2 2 2 2 2 2 2 2 2 2 2 2 2 2 2 2 2 2 2 2 2 2 2 2 2 2 2 2 2
left_child=3 -2 -3 5 -5 6 29 8 10 -10 22 13 -13 14 17 16 19 27 26 24 -20 -17 -7 -24 -16 -26 -15 -9 -11 -1
right_child=1 2 -4 4 -6 7 -8 11 9 28 -12 12 -14 18 15 21 -18 -19 20 -21 -22 -23 23 -25 25 -27 -28 -29 -30 -31
leaf_value=2.5915485157438368e-06 -1.4063757799845595e-05 7.7453826006798989e-05 -2.7667092008331107e-06 1.0533953352928647e-05 -7.0855206625197893e-05 1.4059275105273166e-08 2.0683368444502062e-05 -1.5895358534755439e-05 6.9095301605218653e-05 -2.9664065114072499e-05 -2.8495383086238273e-05 -1.8780569209657185e-05 -5.780359732866412e-06 3.9159941365463915e-05 1.3933057131138513e-05 -3.3463695408146047e-05 2.9200619633043112e-05 3.6695426410021706e-05 -3.0947275509645114e-05 5.4608576363526529e-05 1.7831624078733237e-05 3.1885964391267362e-08 -3.9266025482630959e-05 1.7397448637162718e-05 -2.4205244786268264e-05 -3.9362810526581433e-05 3.3275086383112783e-05 9.7634167268393083e-06 0.00013107003084355574 -3.0592420399808296e-05
leaf_weight=1901 36 48 30 20 29 23267 314 24 24 25 83 36 2012 24 21 58 43 62 37 24 194 22 34 336 30 40 41 68 27 170
leaf_count=1901 36 48 30 20 29 23267 314 24 24 25 83 36 2012 24 21 58 43 62 37 24 194 22 34 336 30 40 41 68 27 170
internal_value=2.06327e-05 0.00482456 0.00833333 1.72616e-06 -0.00765306 1.46972e-05 0.000932914 -6.78426e-05 6.09346e-05 0.00855263 3.37268e-05 -0.00118787 -0.00195312 0.00109012 -0.00127551 -0.00462185 -0.000632911 0.0038961 0.00422297 -0.005 0.00183983 -0.0125 6.45175e-05 0.00337838 -0.00851648 -0.0121429 0.0126923 -0.00163043 0.00192308 0.00032593
internal_weight=29080 114 78 28966 49 28917 2385 26532 23796 76 23720 2736 2048 688 392 238 158 154 296 115 231 80 23637 370 91 70 65 92 52 2071
internal_count=29080 114 78 28966 49 28917 2385 26532 23796 76 23720 2736 2048 688 392 238 158 154 296 115 231 80 23637 370 91 70 65 92 52 2071
is_linear=0
shrinkage=0.05


Tree=90
num_leaves=31
num_cat=0
split_feature=0 27 34 19 21 24 39 42 42 13 30 1 17 13 13 40 18 17 7 5 11 4 24 21 4 5 13 9 21 16
split_gain=0.861178 2.32727 1.51393 3.01255 2.69542 2.20565 1.91871 1.66846 1.96 1.62563 1.53845 1.87995 1.53409 1.43029 1.36802 2.38136 1.60145 1.57341 1.55294 3.09156 1.52735 2.6023 1.83333 1.70385 1.76175 1.64137 1.50613 1.47231 2.26001 2.14601
threshold=84060.860000000015 83893.689500000022 84161.863824316606 106.67499999999565 104.3449999999939 138.48176670000001 312.01964285714354 -57.791691677346002 -76.487809465260639 0.013451650647478585 84252.843666573768 84335.705000000016 0.0033885410428133931 0.0020120782200614595 0.0015792844549671295 258.25713213624118 167.40000000000148 0.0048659243590224643 0.0045084448560676086 0.0054428833253403362 0.0062388159257674393 579.08775000000014 441.09507200000002 0.71500000000378361 198.10408500000003 0.00071024939836066578 0.001803751803603265 -0.0029092944934625904 176.3950000000041 0.0017664486765784908
decision_type=2 2 2 2 2 2 2 2 2 2 2 2 2 2 2 2 2 2 2 2 2 2 2 2 2 2 2 2 2 2
left_child=1 14 3 -2 5 -5 -6 8 -7 12 -4 -12 -8 -3 15 16 27 -17 -18 -20 23 -22 -23 24 25 -16 -25 29 -29 -1
right_child=2 13 10 4 6 7 9 -9 -10 -11 11 -13 -14 -15 20 17 18 -19 19 -21 21 22 -24 26 -26 -27 -28 28 -30 -31
leaf_value=3.388719749052681e-05 -1.9502824059951259e-05 1.8578017484157508e-05 6.8039744950521551e-06 1.8183748025462361e-05 -4.9005351868218809e-05 -1.2442558059344911e-05 6.4624451054502637e-05 -5.5759879413126397e-06 8.4280916312401592e-05 -7.4713692198582972e-05 -2.1134495282658014e-05 -1.8439382238236818e-08 -3.0788152041921673e-05 5.9833856396920049e-05 2.042384063172378e-06 -9.7679021852018809e-05 2.9954185685751536e-05 -2.681908554701602e-05 -7.3231286784613138e-05 9.5457892073839837e-05 -2.6143336570096534e-05 -8.0911038773966851e-05 5.170676506686397e-05 4.6517811326348629e-05 5.2407801954639511e-05 -2.9883388287467505e-05 1.0139170531974127e-05 -7.363610428121015e-06 -8.9573097072528812e-05 -3.1486819454932572e-07
leaf_weight=45 54 290 179 33 39 25 20 302 20 23 76 25870 24 24 23 20 132 26 35 20 183 22 66 20 23 30 552 555 66 283
leaf_count=45 54 290 179 33 39 25 20 302 20 23 76 25870 24 24 23 20 132 26 35 20 183 22 66 20 23 30 552 555 66 283
internal_value=1.71939e-05 0.000921325 -6.46915e-05 -0.00268519 -0.00144033 0.000526316 -0.00849057 -0.000648415 0.00833333 -0.00335821 -1.05263e-05 -4.23957e-05 0.00227273 0.00493631 0.000321276 -0.000803723 -0.000352113 -0.0119565 0.00387701 -0.00318182 0.00176823 -0.00138376 0.00568182 0.00308642 -0.00394737 -0.00896226 0.00402098 -0.00118546 -0.00261675 0.00152439
internal_weight=29080 2415 26665 540 486 380 106 347 45 67 26125 25946 44 314 2101 1182 1136 46 187 55 919 271 88 648 76 53 572 949 621 328
internal_count=29080 2415 26665 540 486 380 106 347 45 67 26125 25946 44 314 2101 1182 1136 46 187 55 919 271 88 648 76 53 572 949 621 328
is_linear=0
shrinkage=0.05


Tree=91
num_leaves=31
num_cat=0
split_feature=35 34 20 27 20 38 38 20 39 32 19 38 42 35 22 25 18 23 25 25 21 35 36 40 42 21 17 23 35 36
split_gain=0.872789 1.87092 2.02939 2.06098 1.72011 1.63071 3.42167 1.80325 1.54466 1.52381 1.5004 1.47368 2.24695 1.9461 2.17026 1.77372 1.47212 1.36838 1.61879 2.42926 1.81619 3.16084 1.5697 2.2095 1.72448 2.07879 1.59396 1.55562 1.47173 1.39652
threshold=89496.096675000023 89532.869465618583 171.63500000000207 87819.776500000022 6.7450000000026202 69.168552463382824 64.618627393576276 3.0099999999947618 981.5282142857136 325.2202717520268 52.824999999997097 32.162814627399683 -49.375885684742293 83037.054025000019 187.53707350000002 0.71146515679574163 156.01499999999217 -1.0530100441514356 0.34806708298068928 0.10723106743952268 7.0550000000002919 84812.910375000021 126.30852812850937 -27.92037802845152 -15.625664348262701 44.745000000002626 0.0019036467915810129 1.5970806461111065 84464.172124999997 470.78734539666044
decision_type=2 2 2 2 2 2 2 2 2 2 2 2 2 2 2 2 2 2 2 2 2 2 2 2 2 2 2 2 2 2
left_child=4 2 3 -2 5 6 9 -8 10 11 -6 12 -1 14 -13 -14 -10 28 19 20 21 -19 24 -24 25 -22 29 -20 -15 -25
right_child=1 -3 -4 -5 8 -7 7 -9 16 -11 -12 13 15 17 -16 -17 -18 18 27 -21 22 -23 23 26 -26 -27 -28 -29 -30 -31
leaf_value=2.6776800092426398e-06 -4.2468936087471277e-05 -1.3143532583483459e-07 -8.264634607752541e-05 4.7573142568514835e-05 -7.8890343817959114e-06 -1.6525208414393445e-05 2.1742208753497428e-05 -1.8520124965435981e-05 1.9604381446447985e-06 -2.6989307124603739e-05 2.0858467128430456e-06 2.9512962458367749e-05 -4.4924878478444996e-05 -3.8258922840108992e-06 -8.9040560969345814e-07 -1.3940292597674988e-05 0.000138600153246848 1.4213335456882285e-05 1.4939653169710158e-05 -5.2588289013191795e-05 3.9900356431913024e-05 -7.7359503700398837e-06 1.455582853872265e-05 -1.9457203218562241e-05 -6.2327893914367717e-06 -1.139040307019935e-05 -6.0528861673227901e-05 -1.5695337456712884e-05 3.3682169905284205e-05 9.527174182918906e-06
leaf_weight=70 41 22393 50 41 33 78 47 20 34 140 5473 27 43 24 25 20 30 29 44 23 20 32 30 25 153 22 30 32 29 22
leaf_count=70 41 22393 50 41 33 78 47 20 34 140 5473 27 43 24 25 20 30 29 44 23 20 32 30 25 153 22 30 32 29 22
internal_value=2.23521e-05 -0.000125416 -0.00606061 -0.00121951 0.00053013 -0.00139594 -0.000799338 0.0100746 0.000870736 -0.00166667 0.000780966 -0.000714286 -0.00545113 0.000396825 0.00961538 -0.0123016 0.00859375 -0.000533981 -0.00140693 -0.00272021 -0.00172176 0.00614754 -0.00331126 -0.00817757 -0.000641026 0.00833333 -0.0126623 0.00526316 0.00707547 -0.00691489
internal_weight=29080 22525 132 82 6555 985 907 67 5570 840 5506 700 133 567 52 63 64 515 462 386 363 61 302 107 195 42 77 76 53 47
internal_count=29080 22525 132 82 6555 985 907 67 5570 840 5506 700 133 567 52 63 64 515 462 386 363 61 302 107 195 42 77 76 53 47
is_linear=0
shrinkage=0.05


Tree=92
num_leaves=31
num_cat=0
split_feature=35 2 40 11 42 20 39 18 38 38 20 17 39 36 13 22 36 16 30 2 40 38 34 35 32 41 7 38 21 25
split_gain=0.748991 1.48239 2.12043 1.60417 1.48736 1.40911 1.5699 1.47212 1.40903 3.35264 1.80325 1.61719 1.65424 2.0636 2.59601 1.96414 1.8882 2.00789 1.8045 1.92707 2.05444 1.74785 1.68007 2.51398 1.59439 1.72406 2.07982 1.92 1.76334 1.57315
threshold=89496.096675000023 88251.640000000014 -357.43871868363925 -0.0053123631002916297 6.6204896331830829 6.7450000000026202 981.5282142857136 156.01499999999217 69.168552463382824 64.618627393576276 3.0099999999947618 0.0059847861477359933 208.24249999999876 637.15282874678098 0.00053688734726495095 123.93168075 -183.24514578961677 0.0019577396270113591 84820.538477136593 85953.675000000017 -6.5877472270440185 37.671207758451558 87172.838941259644 85523.016400000008 -266.05415437903133 -49.753035980441929 0.00031283843027592135 53.73051807935385 8.650000000001457 0.14622910435266753
decision_type=2 2 2 2 2 2 2 2 2 2 2 2 2 2 2 2 2 2 2 2 2 2 2 2 2 2 2 2 2 2
left_child=5 2 4 -4 -2 8 -7 -8 9 11 -11 12 13 18 -15 -14 22 21 24 -20 -21 -18 23 29 -1 -26 28 -28 -27 -17
right_child=1 -3 3 -5 -6 6 7 -9 -10 10 -12 -13 15 14 -16 16 17 -19 19 20 -22 -23 -24 -25 25 26 27 -29 -30 -31
leaf_value=-2.5149109948595688e-05 -2.103813977660183e-05 -1.110645605368612e-07 -8.0173259599172799e-05 -1.3605097233870086e-05 5.8397461984996662e-05 1.8511485224002946e-06 1.8624162374125598e-06 0.00013167014558450562 -1.5698947993673773e-05 2.0655098315822556e-05 -1.7594118717164183e-05 7.9019032424199132e-05 -4.5943806746817967e-05 2.256670041344749e-05 -8.905482601740358e-06 2.8068947370685877e-05 -3.7753563207538857e-05 -3.7753534952078636e-05 -2.1509491212946265e-05 1.0452957151301179e-05 -1.6259077507577591e-05 1.074716449651447e-05 4.0273290152000996e-05 -6.6113342833249117e-05 3.2821977434229776e-05 1.3551960604116751e-05 -1.7494147433524498e-05 1.5812553919844221e-05 2.0267785489378907e-06 -3.6870090060054159e-05
leaf_weight=49 110 22241 48 84 42 5506 34 30 78 47 20 20 26 35 27 68 21 159 49 20 25 44 44 43 32 25 30 20 68 35
leaf_count=49 110 22241 48 84 42 5506 34 30 78 47 20 20 26 35 27 68 21 159 49 20 25 44 44 43 32 25 30 20 68 35
internal_value=2.92297e-05 -0.000107658 -0.00369718 -0.00833333 0.000328947 0.000499619 0.000807899 0.00859375 -0.00124365 -0.000689085 0.0100746 -0.00154762 -0.00189024 0.000526316 0.00887097 -0.00397727 -0.0031401 -0.00625 -0.00110063 -0.00691489 0.000555556 0.00115385 0.000526316 -0.00205479 0.00133929 0.00357143 0.00122378 -0.007 0.00564516 0.00218447
internal_weight=29080 22525 284 132 152 6555 5570 64 985 907 67 840 820 380 62 440 414 224 318 94 45 65 190 146 224 175 143 50 93 103
internal_count=29080 22525 284 132 152 6555 5570 64 985 907 67 840 820 380 62 440 414 224 318 94 45 65 190 146 224 175 143 50 93 103
is_linear=0
shrinkage=0.05


Tree=93
num_leaves=31
num_cat=0
split_feature=5 15 15 21 16 36 9 19 16 0 26 31 20 0 7 9 13 15 18 41 20 20 19 31 18 7 36 28 36 1
split_gain=0.728995 2.4429 1.95274 2.12929 2.14937 2.05818 1.9308 1.91628 1.85404 1.61445 1.56315 1.51893 1.57563 1.875 1.44213 1.57577 1.91746 2.47977 2.16 2.03493 1.77572 1.39528 1.36951 1.53822 2.22893 1.71847 1.53123 2.36135 1.83549 1.63448
threshold=-0.0034599927283592382 0.0015912300078135238 0.0019030074192681733 19.125000000000004 0.0036352334807130057 -1690.3191821109938 -0.00257591684544814 428.41999999999831 0.001897241401831583 79719.955000000016 84847.428073963194 86705.081700000024 26.954999999994474 108842.99500000001 -0.0058335736603875223 -0.005897423490036414 -0.011735016792162056 0.0025820100049312759 -214.43000000000026 -407.82416643694967 245.37500000000003 85.780000000006126 1434.9599999999994 84776.433100000024 -329.06999999999965 -0.0080227799902220735 -2933.7068648984855 -1212.7689405095223 -2595.9864705478899 90398.000000000015
decision_type=2 2 2 2 2 2 2 2 2 2 2 2 2 2 2 2 2 2 2 2 2 2 2 2 2 2 2 2 2 2
left_child=1 -1 5 4 8 -3 -7 -5 -4 -9 -6 -10 -13 -14 15 16 19 -18 -19 -2 21 -21 23 25 26 -11 27 -25 -28 -30
right_child=14 2 3 7 10 6 -8 9 11 22 -12 12 13 -15 -16 -17 17 18 -20 20 -22 -23 -24 24 -26 -27 28 -29 29 -31
leaf_value=-4.1248070644398733e-05 3.3681353543125153e-05 -2.2149263686560076e-05 3.5139595040123752e-05 5.1446787729266326e-05 -7.4847859493175359e-05 4.9860828288403672e-05 -5.6701623419666205e-06 9.2302695053756749e-05 -7.6883353561033304e-05 6.6780909022218251e-05 5.7628201387207411e-05 -4.9861746798715562e-05 3.5845478380306166e-05 -3.7582455740766448e-05 3.9869885799999575e-08 -2.960009967774362e-05 3.0114163231161013e-05 -6.978501294430002e-05 3.8088392341443031e-05 -0.00015024630088063739 -0.00012319580663354209 1.7149114976548987e-05 -0.00014989982944750278 2.0151899433680683e-05 5.0949202791336732e-05 -4.1679840169952407e-05 6.9261867998351593e-05 -6.0497653877782696e-05 3.7486926917464963e-05 2.5826720876898134e-06
leaf_weight=42 33 23 24 54 22 65 23 53 31 50 45 51 30 24 27364 110 32 25 50 20 28 38 48 85 25 89 27 61 98 410
leaf_count=42 33 23 24 54 22 65 23 53 31 50 45 51 30 24 27364 110 32 25 50 20 28 38 48 85 25 89 27 61 98 410
internal_value=3.78267e-05 0.00115942 0.00153214 0.00095762 -0.0034141 0.00788288 0.0113636 0.00195 -0.0065625 0.00142706 0.00410448 -0.00882353 -0.00595238 0 -1.80505e-05 -0.00327381 -0.000884956 0.00397196 -0.001 -0.0052521 -0.00930233 -0.00431034 0.000923852 0.00139053 0.00233711 -0.00341727 0.00179883 -0.00273973 0.00303738 0.0023622
internal_weight=29080 1380 1338 1227 227 111 88 1000 160 946 67 136 105 54 27700 336 226 107 75 119 86 58 893 845 706 139 681 146 535 508
internal_count=29080 1380 1338 1227 227 111 88 1000 160 946 67 136 105 54 27700 336 226 107 75 119 86 58 893 845 706 139 681 146 535 508
is_linear=0
shrinkage=0.05


Tree=94
num_leaves=31
num_cat=0
split_feature=17 39 16 38 32 38 11 17 4 23 23 38 39 4 36 9 16 22 11 25 32 7 5 39 25 40 25 21 20 22
split_gain=0.773325 2.20835 3.20807 1.97439 1.80989 1.96154 2.02381 1.79437 1.61594 2.57375 2.96866 2.22935 2.16266 3.02094 3.09113 2.42972 1.98723 1.83052 1.85235 1.73363 1.728 2.16 1.69315 1.94349 2.38361 1.61571 1.59377 2.42017 2.20318 2.12462
threshold=0.00130575772972778 169.41464285714289 0.0011435593547998947 50.912104264956248 -219.62631954965761 34.34280626857791 -0.0027368619157837272 0.0012171109023993618 200.24554500000002 0.59252476072640725 1.1806884451492945 20.603250390035154 136.78321428571613 119.42490000000002 -245.47002458838685 0.0012285588761194678 0.00083197818730552876 147.54230275000003 -0.0035558664017906463 0.83153112001940732 70.023414797564342 0.0010996097406774047 0.00079990725950754131 83.343214285714836 0.2204691586402335 -42.102500031352967 2.0889771064352138 3.1750000000029108 38.140000000006701 72.952819250000019
decision_type=2 2 2 2 2 2 2 2 2 2 2 2 2 2 2 2 2 2 2 2 2 2 2 2 2 2 2 2 2 2
left_child=1 2 8 4 5 -4 -7 -3 9 11 22 -1 13 14 -12 25 -14 18 -13 -20 -16 -22 23 24 -11 -15 27 -18 29 -29
right_child=-2 7 3 -5 -6 6 -8 -9 -10 10 12 17 16 15 20 -17 26 -19 19 -21 21 -23 -24 -25 -26 -27 -28 28 -30 -31
leaf_value=-8.0398851219866778e-06 -1.7317302217080934e-07 1.3362669715985285e-06 2.8510928792202273e-05 -1.0934504569886298e-06 -2.1665741361155334e-05 -4.1661495860105634e-05 -7.9258969681832641e-07 1.1081940607708061e-05 -9.5453979459842783e-06 1.0060117498792685e-05 7.9536225827548151e-06 1.1626864777409206e-05 -3.4873280123289151e-05 1.1032158939445667e-05 -1.1349429562431555e-05 -2.936577097646416e-06 1.070485648233305e-05 1.4186029766391294e-05 -2.4426621225303852e-07 -1.380085043629382e-05 7.5290229921548374e-06 -2.0733075641489145e-05 -3.3686704829285416e-06 1.5425599943591414e-05 -2.4873589272489522e-06 2.297651705468264e-05 1.2599386558964111e-05 -1.2875031771108593e-05 -1.6353072887421719e-05 1.5181683161541734e-05
leaf_weight=44 22065 1677 27 172 105 21 30 724 210 21 66 41 29 30 50 38 21 56 3054 31 50 25 54 251 38 48 21 20 38 23
leaf_count=44 22065 1677 27 172 105 21 30 724 210 21 66 41 29 30 50 38 21 56 3054 31 50 25 54 251 38 48 21 20 38 23
internal_value=3.09491e-05 0.000488239 -0.000151712 -0.00471831 -0.00833333 -0.0025641 -0.00833333 0.00171803 0.000228927 0.000450729 0.00294654 -0.000185989 0.000272331 0.0026873 -0.00117801 0.00905172 -0.00460526 -3.14268e-05 -0.000191939 -0.000332253 -0.0058 -0.001 0.00631868 0.00774194 -0.000423729 0.0141026 -0.00182927 -0.00441176 -0.00833333 -0.000581395
internal_weight=29080 7015 4614 355 183 78 51 2401 4259 4049 823 3226 459 307 191 116 152 3182 3126 3085 125 75 364 310 59 78 123 102 81 43
internal_count=29080 7015 4614 355 183 78 51 2401 4259 4049 823 3226 459 307 191 116 152 3182 3126 3085 125 75 364 310 59 78 123 102 81 43
is_linear=0
shrinkage=0.05


Tree=95
num_leaves=31
num_cat=0
split_feature=4 40 25 20 32 23 16 9 40 23 39 16 40 9 9 16 23 7 7 13 7 38 28 40 11 19 25 7 9 4
split_gain=0.785034 2.31114 1.63487 1.73367 1.72329 2.41569 2.01872 1.96172 2.5231 2.10548 1.88348 2.08143 1.55906 2.02604 1.65762 1.56588 1.20566 1.19318 1.42773 1.18761 1.54627 1.51987 1.71799 1.65982 1.50959 1.40905 1.33487 3.11874 1.00609 1.59733
threshold=35.563020000000002 -103.11110453538275 -0.26047208119369664 12.305000000000293 -9.4131439512057096 -0.40497559831470137 0.0012750469036543653 -0.00038625132362700123 -3.3517374061993901 -0.86048818872355126 83.343214285714836 0.00047834880951072383 -21.559556472006076 0.00090626096628644061 -0.00071412210871831764 0.00082174873796963881 -0.62892568375133762 -0.00026295384799223591 0.00031283843027592135 -0.0023213380317880904 -0.0010637590284559213 66.698196590801174 47.815519967371081 43.163005635273301 0.0011140489899307 70.125000000000014 -0.7813028215836374 -0.00042335007499314111 2.3350445516067033e-05 25.042085000000004
decision_type=2 2 2 2 2 2 2 2 2 2 2 2 2 2 2 2 2 2 2 2 2 2 2 2 2 2 2 2 2 2
left_child=1 -1 3 4 5 12 7 9 -9 -6 11 -10 13 14 -3 16 -14 -16 -19 -5 -21 22 24 -24 26 -25 28 -28 29 -22
right_child=-2 2 -4 19 6 -7 -8 8 10 -11 -12 -13 15 -15 17 -17 -18 18 -20 20 21 -23 23 25 -26 -27 27 -29 -30 -31
leaf_value=1.8144648749599009e-05 -7.1905614137389616e-08 -1.4164292751940903e-05 1.4638504937392894e-05 1.5007506784721985e-05 2.0915110327255082e-05 2.6943199351329789e-06 3.4073035310508299e-05 1.6900894840486094e-05 -7.0185244238536144e-06 -1.344432676816828e-05 -6.1211311822540552e-06 5.3519123196552603e-06 -4.6178357013750246e-06 -1.4530213376734689e-05 1.2262515780820025e-05 -2.47639612242053e-05 -1.3129036468145024e-05 -9.433863614423829e-06 8.4944216823467541e-06 1.4040800050828866e-05 -5.1133695505782185e-06 -8.6151107029953458e-06 1.2455869388256537e-05 7.0405052086605748e-06 -1.6097789872798551e-05 -2.2342623961076916e-05 -4.8945288511921664e-06 1.2694061681033857e-05 -1.2179553290124162e-05 6.4802343048413851e-06
leaf_weight=30 27930 27 23 40 46 27 22 35 39 35 150 41 65 22 28 25 20 37 23 38 23 34 67 23 21 30 28 49 47 55
leaf_count=30 27930 27 23 40 46 27 22 35 39 35 150 41 65 22 28 25 20 37 23 38 23 34 67 23 21 30 28 49 47 55
internal_value=2.40715e-05 0.00130435 0.0009375 0.000660893 -0.00101246 -0.0040146 0.00122283 0.000289017 -0.00179245 0.00709877 -0.00369565 0.0025 -0.0055668 -0.0020073 0.000652174 -0.01 -0.00676471 0.00397727 0 0.00302198 0.00222892 0.00125995 0.00225948 0.00708333 -0.000336323 0.000471698 0.000990099 0.00616883 -0.0022 0.00128205
internal_weight=29080 1150 1120 1097 642 274 368 346 265 81 230 80 247 137 115 110 85 88 60 455 415 377 343 120 223 53 202 77 125 78
internal_count=29080 1150 1120 1097 642 274 368 346 265 81 230 80 247 137 115 110 85 88 60 455 415 377 343 120 223 53 202 77 125 78
is_linear=0
shrinkage=0.05


Tree=96
num_leaves=31
num_cat=0
split_feature=19 5 7 36 23 38 38 22 25 25 19 28 24 0 21 26 19 25 23 9 36 21 13 39 23 5 20 17 40 36
split_gain=0.783313 1.48037 1.87532 1.03214 0.898057 1.36512 1.44685 1.27813 1.0211 1.82635 1.70982 2.01844 1.77088 2.67505 2.63133 1.97551 1.71905 1.60078 2.29469 1.84001 1.96335 2.10351 2.35612 1.77858 1.46638 1.92932 1.57507 1.5637 2.29206 1.7819
threshold=27.529999999998839 -1.0000000180025095e-35 4.2858739598026081e-05 -68.007505266577922 -1.6334576959085729 51.687831485320082 44.743073756654731 138.37678150000002 -1.0166254693179215 -0.98029229491781755 216.22499999999857 122.91312963308157 101.22761430000001 107794.90500000001 53.214999999996515 87398.031461106046 86.675000000002925 -0.92938070219152991 -0.6851557751566314 0.00291362827984146 1779.6294884863967 80.879999999997395 0.0037452489575709809 282.49285714285833 -0.81957809650821833 -0.00052881085033246991 14.954999999994472 0.0007314566069446521 -10.051154588756615 -887.9934944725245
decision_type=2 2 2 2 2 2 2 2 2 2 2 2 2 2 2 2 2 2 2 2 2 2 2 2 2 2 2 2 2 2
left_child=1 2 3 -1 5 6 -2 -7 24 10 12 -12 16 15 -15 -14 -10 18 19 20 21 -11 -23 -20 27 26 -26 28 -6 -29
right_child=4 -3 -4 -5 8 7 -8 -9 9 17 11 -13 13 14 -16 -17 -18 -19 23 -21 -22 22 -24 -25 25 -27 -28 29 -30 -31
leaf_value=-2.8097076453452545e-06 1.6611558843486722e-05 6.98192745495846e-06 -7.8675648844261456e-06 1.2888177670940439e-05 -1.7093816797214951e-05 -8.2586500884484993e-06 3.9447756767104118e-05 1.3815380966969996e-05 7.7781785300876325e-06 -4.7319135233868353e-06 4.9610274118898947e-05 1.7261193524672348e-06 -1.8763427091358996e-05 -2.9558143742253618e-05 1.4976187405791779e-05 1.7480548349507767e-05 1.3206355992797273e-05 1.2436109499298287e-07 -3.3068163128444471e-05 3.3742889315944565e-05 3.1220199759622583e-05 -2.445350190971272e-05 3.9281109588204987e-06 -5.7028635473335835e-09 -2.3984136712236801e-06 -9.0303798066736264e-07 -4.8643958662847743e-05 -8.0485823678990115e-06 -1.3407610597913526e-06 6.7261817301611627e-07
leaf_weight=24 29 49 21 21 20 21 25 37 35 365 60 51 28 50 23 70 21 26559 38 33 30 47 22 20 21 107 29 219 36 969
leaf_count=24 29 49 21 21 20 21 25 37 35 365 60 51 28 50 23 70 21 26559 38 33 30 47 22 20 21 107 29 219 36 969
internal_value=1.20358e-05 0.00413043 -0.000757576 0.005 -4.31555e-06 0.00446429 0.0101852 -0.000862069 -2.16615e-05 4.5534e-05 0.00369822 0.00878378 0.00121145 -0.00131579 -0.00856164 0.00408163 0.00892857 0 -0.00265766 -0.00155936 -0.00237069 -0.00322581 -0.0112319 -0.012069 -0.00133833 -0.00589172 -0.014 -0.000763666 -0.00892857 -0.000378788
internal_weight=29080 115 66 45 28965 112 54 58 28853 27452 338 111 227 171 73 98 56 27114 555 497 464 434 69 58 1401 157 50 1244 56 1188
internal_count=29080 115 66 45 28965 112 54 58 28853 27452 338 111 227 171 73 98 56 27114 555 497 464 434 69 58 1401 157 50 1244 56 1188
is_linear=0
shrinkage=0.05


Tree=97
num_leaves=31
num_cat=0
split_feature=20 13 16 4 9 18 3 2 21 0 21 28 23 21 9 42 28 13 5 7 30 18 24 1 16 11 13 13 26 25
split_gain=0.726435 1.7518 1.8519 1.47649 1.50999 1.80749 1.61321 2.5115 2.39107 1.76587 2.15066 1.55312 1.46349 1.60433 1.7471 2.88889 1.71508 1.58816 1.46566 1.44817 1.44022 2.00966 1.39918 1.38626 1.33041 1.55977 3.22044 1.12201 1.0741 1.06859
threshold=275.48999999999802 0.015022457266511274 0.0042590674310905696 208.54709000000003 0.00045210673162718594 -343.60499999999587 102785.25500000002 94545.215000000011 214.65499999999886 105827.10500000003 13.915000000000875 563.9733586411968 2.4784166499911584 183.39000000000672 -0.0041635199769223053 3.7009851048655666 -731.05221012038953 -0.0038732586271388067 -0.00085288699031990688 0.00059170731656102025 83313.868404935682 -133.36500000000521 591.50359500000002 87697.290000000008 0.0055548126997169078 0.0060662605090288759 0.0041685906383415027 0.0020120782200614595 110758.2803650085 4.8096567391556677
decision_type=2 2 2 2 2 2 2 2 2 2 2 2 2 2 2 2 2 2 2 2 2 2 2 2 2 2 2 2 2 2
left_child=29 3 -3 -2 5 23 7 8 19 -8 28 27 13 14 20 16 -16 -18 -14 -6 -7 -22 -4 -5 25 26 -21 -12 -11 -1
right_child=1 2 22 4 6 12 9 -9 -10 10 11 -13 18 -15 15 -17 17 -19 -20 24 21 -23 -24 -25 -26 -27 -28 -29 -30 -31
leaf_value=-1.3814157152012284e-08 5.7709476598464794e-05 -5.5229655735712782e-05 5.1915105676504961e-05 0.00014210521997418308 0.00014573599708805023 2.4736612497243027e-05 -4.8475720662545142e-05 7.753665216953452e-05 -6.1565222158365215e-05 6.3095409503943633e-06 4.1589335836140023e-05 -1.6061786345582665e-06 -9.2663295210379542e-05 5.0563690379210448e-05 -1.5606684091785585e-05 -0.00010690666992888279 6.4005645953197935e-05 3.3321373761532895e-05 -3.3996804250003975e-06 6.327877164692023e-05 -8.5713966138727151e-07 -0.00011954528163684062 -2.3826408406963371e-05 1.1708182661418206e-05 -5.8375623201091402e-05 8.9806742277747365e-05 -7.7441586229645007e-05 7.1950492188132468e-05 -4.3357182789151781e-05 -2.1035764625166308e-05
leaf_weight=28041 38 49 22 21 26 23 24 38 24 21 21 31 24 60 29 39 22 27 23 43 26 46 26 39 24 42 22 20 20 169
leaf_count=28041 38 49 22 21 26 23 24 38 24 21 21 31 24 60 29 39 22 27 23 43 26 46 26 39 24 42 22 20 20 169
internal_value=1.37552e-05 0.00143678 -0.00489691 0.00223157 0.00173469 -0.000461741 0.00407303 0.00673516 0.00428177 -0.000182482 0.00243363 0.00763889 -0.00195925 -0.000551471 -0.00259434 0.00149573 0.00705128 0.0127551 -0.0101064 0.00652866 -0.00763158 -0.0111111 0.00208333 0.0075 0.00438931 0.0067757 0.00192308 0.0140244 -0.00670732 -3.01312e-05
internal_weight=29080 870 97 773 735 379 356 219 181 137 113 72 319 272 212 117 78 49 47 157 95 72 48 60 131 107 65 41 41 28210
internal_count=29080 870 97 773 735 379 356 219 181 137 113 72 319 272 212 117 78 49 47 157 95 72 48 60 131 107 65 41 41 28210
is_linear=0
shrinkage=0.05


Tree=98
num_leaves=31
num_cat=0
split_feature=19 19 24 24 20 32 9 7 32 4 23 40 40 15 21 21 41 24 24 24 4 17 20 13 13 32 25 4 15 39
split_gain=0.727006 1.5744 2.37772 1.66529 1.79272 1.38258 1.78093 1.69825 1.82716 2.15592 1.84885 1.32105 1.05836 1.0226 0.904296 2.72875 2.09549 2.13381 1.66361 1.60284 1.74949 1.79574 1.60952 1.54462 1.43491 2.91717 1.40695 2.25602 1.25604 2.16683
threshold=1022.5699999999925 1434.9599999999994 694.17274710000004 388.58049990000012 245.37500000000003 -2571.0791646492139 0.0093711781783455145 0.0061379811176828615 -1251.3006755123931 991.10944500000016 2.6546413208044384 21.302944148956161 -429.41143691095198 0.0043023543904044973 119.99500000000263 114.16500000000089 119.58656114337002 265.89021680000008 72.557487399999999 115.51258800000001 112.89193500000002 0.0011512881635837322 33.799999999995642 -0.0024358692263345039 0.023129206007920854 2144.4088558531735 0.6135909971029575 200.24554500000002 0.0073271824733885044 738.66214285714489
decision_type=2 2 2 2 2 2 2 2 2 2 2 2 2 2 2 2 2 2 2 2 2 2 2 2 2 2 2 2 2 2
left_child=14 5 3 4 -3 -2 7 8 9 -7 13 -12 -11 -10 15 28 -17 -18 23 20 21 -20 -23 -16 -21 -26 -22 -28 29 -1
right_child=1 2 -4 -5 -6 6 -8 -9 10 12 11 -13 -14 -15 18 16 17 -19 19 24 26 22 -24 -25 25 -27 27 -29 -30 -31
leaf_value=1.1123724855713913e-07 0.00015088773549481015 -5.9911225147072314e-05 0.00012955027366602824 -0.00019701098392994637 0.00010407482698956055 -9.2050726225144448e-05 3.9775745264162745e-05 -8.7803606295920166e-05 9.6320389985185963e-05 7.6458738227032705e-05 6.2420241511471983e-05 -8.2217578732100873e-05 -8.705330938907814e-05 1.7533223100831561e-05 -1.234430854033641e-05 1.9210561441482105e-05 -2.1870370896178528e-05 3.4206225967808068e-05 -1.4432760293757461e-05 -1.2162951394662763e-06 -5.0132950966006537e-05 4.5653822645794738e-05 -5.8738353029917934e-06 1.5620657475068288e-05 5.7835402153830525e-05 -2.3662752303976352e-06 3.6787202747682374e-06 -2.804962610567076e-05 4.1979307660599592e-05 -5.4639923428049091e-05
leaf_weight=23261 37 30 20 41 21 36 71 38 34 20 22 21 21 36 20 288 61 37 33 4344 43 28 20 31 30 36 73 120 64 143
leaf_count=23261 37 30 20 41 21 36 71 38 34 20 22 21 21 36 20 288 61 37 33 4344 43 28 20 31 30 36 73 120 64 143
internal_value=1.03164e-05 0.00200893 -0.003125 -0.00652174 -0.000490196 0.00372024 0.00259197 0.000438596 0.00236842 -0.00357143 0.00641593 -0.00174419 0.00426829 0.0114286 -2.09556e-05 0.000104804 0.00427461 -0.00204082 -0.000648807 -0.000745716 -0.00417981 0.00216049 0.00833333 0.00833333 -0.000498866 0.00681818 -0.00635593 -0.00453368 3.62195e-05 1.70911e-05
internal_weight=29080 448 112 92 51 336 299 228 190 77 113 43 41 70 28632 23854 386 98 4778 4727 317 81 48 51 4410 66 236 193 23468 23404
internal_count=29080 448 112 92 51 336 299 228 190 77 113 43 41 70 28632 23854 386 98 4778 4727 317 81 48 51 4410 66 236 193 23468 23404
is_linear=0
shrinkage=0.05


Tree=99
num_leaves=31
num_cat=0
split_feature=31 30 17 11 42 35 22 34 0 42 38 38 3 42 1 20 20 11 22 40 42 16 21 11 25 23 40 34 11 16
split_gain=0.773289 1.84067 2.93335 2.38372 2.14635 1.87511 1.85867 1.76792 2.11677 2.65994 2.41063 2.34488 2.15272 2.32403 1.7617 1.73106 2.93085 2.02014 1.99076 1.85447 2.2816 1.70477 1.69519 2.21592 2.04848 1.85336 1.9266 1.84277 1.75111 3.40572
threshold=118223.66370000002 117355.42574472424 0.0016436448026116628 0.0025481270535704674 82.127842102919374 118040.5162 75.053080500000007 117961.47989697613 120334.23000000001 -49.375885684742293 64.395826763670826 30.072052062887767 121599.97500000002 80.311833771014662 118055.12000000001 158.34499999999392 118.7150000000038 -0.0010872749302134632 142.65400950000006 44.916084513701215 5.674378975878712 0.0022293527122206822 127.695000000007 -0.0022862763517285845 0.56906392356427538 0.08482721070900219 71.389875441105701 118160.70673361454 0.0012439994404566544 0.0008502764206510927
decision_type=2 2 2 2 2 2 2 2 2 2 2 2 2 2 2 2 2 2 2 2 2 2 2 2 2 2 2 2 2 2
left_child=1 14 3 22 -4 -6 -5 -2 10 -10 -9 -11 13 -13 -1 16 17 -14 -19 -20 -21 -17 23 24 -3 26 28 -28 -25 -30
right_child=7 2 4 6 5 -7 -8 8 9 11 -12 12 15 -15 -16 21 -18 18 19 20 -22 -23 -24 25 -26 -27 27 -29 29 -31
leaf_value=7.1635887901653586e-09 1.5632462621881303e-05 2.5975849140327064e-05 1.4425356215730779e-05 -1.2618495147110801e-05 1.333884647942607e-05 -4.4976252934297324e-05 -2.4147440161127637e-06 -7.7186879953845971e-06 -9.4850502437518113e-06 5.4310856732898641e-05 -2.7580583107955313e-05 1.250292753947434e-05 -2.6801968383214163e-05 3.2280867014660156e-05 -2.7453950370097895e-05 -2.4181509164097563e-05 1.6485634983797516e-05 8.7018819920823388e-06 -1.5472196350958215e-05 2.6335896881014702e-05 -4.5006638471918612e-06 1.8612120384729994e-06 -3.5237558551274238e-05 2.4213794910167891e-06 -8.6443457934223223e-07 6.3366675530630897e-06 -2.302239142763981e-06 -4.3153015720762621e-05 3.9227382371431404e-06 -1.7651104916076987e-05
leaf_weight=25617 167 55 394 29 29 24 53 1037 232 22 74 119 75 32 41 38 46 130 43 32 91 28 45 262 33 170 87 21 21 33
leaf_count=25617 167 55 394 29 29 24 53 1037 232 22 74 119 75 32 41 38 46 130 43 32 91 28 45 262 33 170 87 21 21 33
internal_value=8.59697e-06 8.17418e-05 0.00195064 0.000154512 0.00520134 -0.00424528 -0.00792683 -0.000900277 -0.00131316 0.000506757 -0.00276778 0.00213415 0.00157729 0.00678808 -9.74355e-06 -5.17598e-05 0.00113909 -0.000336927 0.00152027 -0.00210843 0.00101626 -0.00757576 0.00106602 0.00168622 0.00909091 0.000589226 -0.00117925 -0.00694444 0.000791139 -0.00740741
internal_weight=29080 26914 1256 809 447 53 82 2166 1999 888 1111 656 634 151 25658 483 417 371 296 166 123 66 727 682 88 594 424 108 316 54
internal_count=29080 26914 1256 809 447 53 82 2166 1999 888 1111 656 634 151 25658 483 417 371 296 166 123 66 727 682 88 594 424 108 316 54
is_linear=0
shrinkage=0.05


Tree=100
num_leaves=31
num_cat=0
split_feature=20 36 38 17 21 21 15 9 9 11 38 41 22 24 24 41 11 22 16 21 41 5 21 22 16 38 42 38 40 32
split_gain=0.727176 2.23095 1.98458 1.59195 1.71668 1.69065 2.28092 1.67715 3.33492 2.4762 2.65786 2.22371 2.1949 1.98079 2.03034 2.0726 2.01616 1.90809 2.16311 1.80823 1.77658 2.36014 1.95473 2.38948 2.38714 2.30653 2.14339 1.75009 2.27385 2.18842
threshold=30.785000000003496 -727.33506165229471 14.890841170376442 0.0046635007358403185 257.97000000000122 308.17499999999569 0.001890946326661358 0.0055256162043108839 0.0034417036914662111 0.0047809619110691119 78.38207094283382 117.17227171482547 74.110199750000021 102.09808350000002 353.49151758000005 105.16039129033875 0.0041949091142498632 280.61107825000005 0.0023346898217033413 82.535000000003507 -237.90242566303434 0.0004272779249432078 121.44499999999972 95.738817250000011 0.002510141722011229 57.34408654359644 62.258386737086809 73.043587703096321 80.748520150955315 -469.62280166208069
decision_type=2 2 2 2 2 2 2 2 2 2 2 2 2 2 2 2 2 2 2 2 2 2 2 2 2 2 2 2 2 2
left_child=1 -1 -3 4 7 -6 -7 8 20 -9 11 -11 -10 -14 15 17 -17 18 19 -15 21 -4 -22 -24 26 -26 27 28 29 -25
right_child=-2 2 3 -5 5 6 -8 9 12 10 -12 -13 13 14 -16 16 -18 -19 -20 -21 22 -23 23 24 25 -27 -28 -29 -30 -31
leaf_value=2.2320828919509318e-06 4.2615432772300256e-07 -1.096256648877709e-05 3.6869504602550583e-05 -5.3608395552735097e-05 3.1920262482530692e-05 -4.4511070604683586e-05 1.4857730248951779e-05 4.7255446653660415e-05 2.0813725158055808e-05 -3.44469654380474e-05 4.3644301156758288e-05 1.6203168263658382e-05 -1.7487524660507694e-05 -8.630560013731621e-06 -4.6923043453962147e-05 4.2107828145816417e-05 -3.0306065507957248e-05 -6.4100493352046281e-05 2.6333650710455869e-05 -4.6982634715364948e-05 -4.3896135596258846e-07 -4.7470994013244955e-06 8.9422092978128322e-06 -3.4495165689868029e-05 -9.7254871557577459e-06 2.9463539812484208e-05 -2.7225963421610343e-05 8.2689873427457303e-06 -2.4591294812909547e-05 -4.7558036028950883e-07
leaf_weight=2549 17178 33 44 66 69 27 59 57 21 58 40 42 37 106 41 64 62 26 29 40 7597 52 109 42 76 60 58 20 162 256
leaf_count=2549 17178 33 44 66 69 27 59 57 21 58 40 42 37 106 41 64 62 26 29 40 7597 52 109 42 76 60 58 20 162 256
internal_value=1.89133e-05 -0.000281465 -0.000638832 -0.000595494 -0.000540307 0.00467742 0 -0.00062919 -0.000730173 0.00393401 0.000357143 -0.004 -0.00504695 -0.0058642 -0.00475543 -0.00344037 0.0015873 -0.00659204 -0.00471429 -0.00719178 -0.000513214 0.00625 -0.000590692 -0.00296935 -0.00408012 0.00183824 -0.00557621 -0.00447917 -0.0051087 -0.00251678
internal_weight=29080 11902 9353 9320 9254 155 86 9099 8902 197 140 100 426 405 368 327 126 201 175 146 8476 96 8380 783 674 136 538 480 460 298
internal_count=29080 11902 9353 9320 9254 155 86 9099 8902 197 140 100 426 405 368 327 126 201 175 146 8476 96 8380 783 674 136 538 480 460 298
is_linear=0
shrinkage=0.05


Tree=101
num_leaves=31
num_cat=0
split_feature=28 23 40 36 19 41 13 38 21 23 20 15 24 22 17 41 4 39 16 35 23 38 32 25 42 32 18 31 23 11
split_gain=0.753256 1.81237 1.52042 2.41512 1.47032 4.19274 1.39522 1.72775 2.15027 2.82357 1.40076 1.31494 1.20439 1.79677 1.76166 1.81867 1.46254 2.46316 2.83415 3.83333 1.69612 2.37501 2.33102 1.83484 2.40523 2.86815 2.63621 1.6548 2.35529 1.87891
threshold=547.4718306342985 -1.412017805793633 145.643954194602 1452.8314098610138 942.87499999999284 258.50682960310093 0.0081135060923570989 61.596764087771213 20.305000000000295 -0.30965544762559072 44.370000000002626 0.0035827855342408167 185.59030320000005 267.74273950000003 0.0019502395419929628 156.11931942809011 192.79290000000003 375.93035714285782 0.0027632428597170158 104165.97780000001 -0.022919379499738549 61.022506256555388 994.33211261091503 1.2342007766515277 49.113208490503702 1246.5672676964898 27.364999999997966 109053.39470000002 -0.15884800874966024 0.0042851931119028226
decision_type=2 2 2 2 2 2 2 2 2 2 2 2 2 2 2 2 2 2 2 2 2 2 2 2 2 2 2 2 2 2
left_child=-1 -2 3 6 12 -6 10 -8 -9 -10 -3 -12 13 -4 15 -14 17 18 19 -16 22 -22 -18 24 -23 26 -26 28 -24 -29
right_child=1 2 4 -5 5 -7 7 8 9 -11 11 -13 14 -15 16 -17 20 -19 -20 -21 21 23 27 -25 25 -27 -28 29 -30 -31
leaf_value=1.5742022007068301e-07 -4.3455069594183575e-05 -2.144155967745777e-05 8.4856975034295779e-07 -5.3721743004179798e-05 5.5236800355306123e-05 -2.1497843055000079e-05 1.431361919648264e-05 2.1029496384884139e-05 4.6507426471270672e-06 -5.2155536494361466e-05 5.7362965315456351e-05 -3.0582997845173068e-06 9.3771366028295476e-06 2.2634450892223163e-05 -3.8887516758426369e-05 -2.0729205574088918e-05 -2.2330597035763619e-05 -3.9415353815092074e-05 3.8498550911413036e-05 8.1397983889081498e-06 -7.2402436241399384e-05 2.0461548638237522e-05 1.2984740280633068e-05 1.7763424052329959e-05 4.0893896667707e-05 -4.4239316259279434e-05 -3.1010678500849556e-05 4.6567015663460542e-06 4.3227520075537782e-05 -1.4143899989759889e-05
leaf_weight=26800 21 33 456 38 63 49 39 33 29 80 35 20 20 41 23 126 84 108 26 46 28 64 265 155 44 149 69 54 35 47
leaf_count=26800 21 33 456 38 63 49 39 33 29 80 35 20 20 41 23 126 84 108 26 46 28 64 265 155 44 149 69 54 35 47
internal_value=1.71939e-05 -0.000855263 -0.000719345 -0.00399023 -0.000204918 0.00535714 -0.00232342 -0.00483425 -0.00739437 -0.0107798 0.00284091 0.00772727 -0.000543478 0.00155936 -0.00132167 -0.00650685 -0.000689223 -0.00455665 0.00131579 -0.00398551 0.000100604 -0.00191552 0.00221649 -0.00109148 -0.00322086 -0.00534351 0.000663717 0.00380299 0.00566667 -0.00173267
internal_weight=29080 2280 2259 307 1952 112 269 181 142 109 88 55 1840 497 1343 146 1197 203 95 69 994 509 485 481 326 262 113 401 300 101
internal_count=29080 2280 2259 307 1952 112 269 181 142 109 88 55 1840 497 1343 146 1197 203 95 69 994 509 485 481 326 262 113 401 300 101
is_linear=0
shrinkage=0.05


Tree=102
num_leaves=31
num_cat=0
split_feature=11 11 24 36 39 24 24 23 28 17 9 40 36 17 4 19 22 39 13 31 34 35 28 41 0 0 15 0 13 36
split_gain=0.867575 1.27565 2.28501 1.72774 1.22687 2.47659 1.72414 0.747641 1.95011 1.59947 1.59873 2.22215 2.05036 1.89263 1.30407 2.5055 1.90825 1.43438 1.29123 2.28561 1.88567 2.26281 1.7526 2.19095 1.82477 3.15413 1.87518 1.47273 1.63744 1.5391
threshold=0.020824600386578782 0.016418936894204064 225.42423490000002 1662.3878301827356 674.05499999999927 287.32510590000004 653.90810540000007 -1.2500151149099255 -427.31366611985862 0.00071444271077928214 0.0024756654752723056 -60.637731302609602 341.42900600074796 0.0031565793518633042 61.438760000000009 167.36000000000061 245.619899 277.43285714285861 0.001173887529151235 112474.96160000002 109505.51634914799 108621.56255000002 63.832058211606643 -28.39465999072511 89659.12000000001 83121.170000000013 0.00077285204652637366 84222.710000000006 0.00031508020070813736 -497.0614692930539
decision_type=2 2 2 2 2 2 2 2 2 2 2 2 2 2 2 2 2 2 2 2 2 2 2 2 2 2 2 2 2 2
left_child=1 7 -3 -4 5 -2 -6 8 -1 -10 11 14 13 -12 15 -11 17 -16 19 20 21 27 23 -20 25 -24 -26 -13 29 -29
right_child=4 2 3 -5 6 -7 -8 -9 9 10 12 18 -14 -15 16 -17 -18 -19 22 -21 -22 -23 24 -25 26 -27 -28 28 -30 -31
leaf_value=6.2468492943610869e-05 5.2383528144358789e-05 3.5204375572774727e-05 -4.2622291951587695e-05 -0.00010438295594767364 8.5638764989358964e-05 -8.4563517039165249e-05 8.4641881415996505e-07 -1.7347709394389344e-08 -6.6970993734160041e-06 -2.2124356998391524e-06 1.2606678733004459e-05 -1.1152466119739551e-05 -3.476226680400336e-05 -4.5228642961220664e-05 2.946548212989927e-06 -5.2866241017736264e-05 -1.8032876288179351e-05 4.1300698809044648e-05 1.0862927136856139e-05 -5.746188018304757e-06 3.1598723533083142e-05 -3.1622931380383066e-05 3.4325135993807958e-05 -4.1255536523382773e-05 -1.0720800276845642e-05 -4.4330963434119454e-05 1.2203110469641394e-05 -4.5185290534883647e-06 4.3576124112984603e-05 2.2452465031203386e-05
leaf_weight=31 36 28 51 35 29 20 29 27822 33 71 35 22 47 27 34 20 61 30 22 80 33 22 24 29 23 43 145 30 38 130
leaf_count=31 36 28 51 35 29 20 29 27822 33 71 35 22 47 27 34 20 61 30 22 80 33 22 24 29 23 43 145 30 38 130
internal_value=3.26685e-05 1.55355e-05 -0.00526316 -0.00930233 0.00438596 -0.000892857 0.00948276 3.63926e-05 0.00135922 0.000975976 0.00134576 0.00207118 -0.0043578 0.0016129 -0.00231481 -0.00686813 0.001 0.00703125 0.00354914 0.00556338 0.00772727 0.00619835 0.00104895 -0.00735294 0.00287234 -0.00410448 0.00565476 0.00772727 0.00909091 0.006875
internal_weight=29080 28966 114 86 114 56 58 28852 1030 999 966 857 109 62 216 91 125 64 641 355 275 242 286 51 235 67 168 220 198 160
internal_count=29080 28966 114 86 114 56 58 28852 1030 999 966 857 109 62 216 91 125 64 641 355 275 242 286 51 235 67 168 220 198 160
is_linear=0
shrinkage=0.05


Tree=103
num_leaves=31
num_cat=0
split_feature=19 19 24 24 20 32 42 24 13 32 20 20 23 20 30 30 13 38 38 11 9 9 23 28 41 16 17 17 22 20
split_gain=0.79339 1.6436 2.37772 1.66529 1.79272 1.33782 1.67765 2.43137 1.50502 2.28847 1.87208 2.08333 1.53669 1.54178 1.17205 1.29727 0.888259 1.49253 1.11092 1.75396 1.45031 0.972365 3.11233 2.16409 2.56441 2.12845 2.24775 1.70174 1.99722 1.58287
threshold=1022.5699999999925 1434.9599999999994 694.17274710000004 388.58049990000012 245.37500000000003 -2571.0791646492139 77.283618874077362 694.17274710000004 -0.0047323345737587353 -1020.1603446591979 51.815000000002335 148.59999999999857 3.4211808280991449 202.51500000000672 87492.059687101355 108471.14665067451 -0.027854194874451461 25.32313280136702 19.728491322239517 -0.011294920157365844 -0.0047262168901798934 -0.0054716921534179001 0.24799257700325564 71.879744458659857 309.35426692236695 0.0012930660734335954 0.00227869776592523 0.003615355981988515 407.9944460000001 64.294999999990992
decision_type=2 2 2 2 2 2 2 2 2 2 2 2 2 2 2 2 2 2 2 2 2 2 2 2 2 2 2 2 2 2
left_child=16 5 3 4 -3 -2 8 14 9 10 -7 -12 13 -10 -8 -16 17 18 19 20 -1 22 27 24 25 -24 -27 -18 -29 -30
right_child=1 2 -4 -5 -6 6 7 -9 12 -11 11 -13 -14 -15 15 -17 21 -19 -20 -21 -22 -23 23 -25 -26 26 -28 28 29 -31
leaf_value=-3.7410460528538707e-05 0.00014331467919871015 -5.6944333411078167e-05 0.0001227322295640413 -0.00018718910425480852 9.5995744689477148e-05 -0.0001267253949747527 0.00014381919433885423 -0.00013376291628584421 -7.4354879567505581e-05 5.9899531934282656e-05 8.8505976777210609e-05 -2.8014110068301634e-05 -6.3756036204796692e-05 7.6349683707973521e-05 1.7354786087566321e-06 7.8422534150450734e-05 1.1184683034168552e-05 4.0744511516969449e-05 -0.00011375271410260031 -7.3680221598289942e-05 4.6325076979530959e-05 -6.3416949498893411e-08 -2.3667912603738482e-05 -4.7236569007349247e-05 9.3896361963496052e-05 1.0430293558960784e-05 -2.1618150205405624e-05 9.2047376490853137e-05 0.00010354744567196827 1.6289091878069334e-05
leaf_weight=53 37 30 20 41 21 39 22 25 23 47 20 30 23 24 25 21 326 36 38 30 20 27140 22 25 26 403 353 39 31 90
leaf_count=53 37 30 20 41 21 39 22 25 23 47 20 30 23 24 25 21 326 36 38 30 20 27140 22 25 26 403 353 39 31 90
internal_value=3.26685e-05 0.00212054 -0.003125 -0.00652174 -0.000490196 0.00386905 0.0027592 0.00833333 0.000242718 0.00330882 -0.00140449 0.005 -0.00571429 -0.000531915 0.0132353 0.00869565 0 -0.00353107 -0.00585106 -0.00315534 0.0010274 2.19645e-05 0.00134981 -0.000512666 -6.21891e-05 -0.000578406 -0.000132275 0.00452675 0.00875 0.00557851
internal_weight=29080 448 112 92 51 336 299 93 206 136 89 50 70 47 68 46 28632 177 141 103 73 28455 1315 829 804 778 756 486 160 121
internal_count=29080 448 112 92 51 336 299 93 206 136 89 50 70 47 68 46 28632 177 141 103 73 28455 1315 829 804 778 756 486 160 121
is_linear=0
shrinkage=0.05


Tree=104
num_leaves=31
num_cat=0
split_feature=11 5 23 18 19 13 28 15 20 20 11 32 36 0 11 1 35 16 16 13 26 9 11 34 19 23 42 17 13 23
split_gain=0.704864 1.70991 2.07408 2.06898 2.01416 1.62738 2.18367 2.14911 2.93478 2.61988 2.55376 2.11268 3.32929 2.30591 2.66002 2.58918 2.52214 2.34776 2.34571 2.30922 2.19872 2.02565 1.93323 2.97619 1.99446 1.91376 1.94098 2.85158 2.22194 1.899
threshold=0.00044976412120462632 0.0054428833253403362 -0.066159276028498845 462.73500000000064 679.54499999999837 -0.0008972122146489388 31.847990044152542 0.00046862785478353274 32.459999999999134 3.0099999999947618 -0.00010010028017436306 442.56704045424709 2522.1954349557495 83248.060000000012 -0.00071119592117638308 85386.480000000025 89943.360550000012 0.0015517041396953624 0.0017317863278483159 0.0046209242900567731 81936.839828304903 0.00026267721482064874 -0.0033974937403069018 84952.336993841702 103.195000000007 -1.207863003427587 45.338670469248498 0.0021322152029148306 0.002232340973935164 -1.0429423654021643
decision_type=2 2 2 2 2 2 2 2 2 2 2 2 2 2 2 2 2 2 2 2 2 2 2 2 2 2 2 2 2 2
left_child=1 3 -3 5 -5 29 7 8 9 10 -7 13 21 14 20 -15 -17 19 -19 -18 -8 22 23 -13 -24 -20 28 -28 -27 -1
right_child=-2 2 -4 4 -6 6 11 -9 -10 -11 -12 12 -14 15 -16 16 17 18 25 -21 -22 -23 24 -25 -26 26 27 -29 -30 -31
leaf_value=8.4741231266118713e-06 4.2050459436596548e-07 -3.9089397616070966e-05 6.9465772439719216e-05 -1.1717113415236028e-05 -9.0232665387393024e-05 -1.14711311046908e-07 7.6314821829803471e-05 -3.9475782871322208e-06 1.5387980516125175e-05 -8.686447739965017e-06 1.0733181492306095e-05 -3.3722843655597226e-05 8.835001312304138e-06 -9.1135792205630574e-06 5.4756189666090832e-05 1.8472556386643628e-05 2.4204048151111878e-06 -2.3103557217949586e-05 3.3782679149750648e-05 2.0189271582792828e-05 -2.3102508593624098e-05 -1.7719058971722092e-05 1.1667723047599321e-05 2.9196252413606882e-05 -8.785863848993973e-06 -8.0331408438091674e-06 -6.0412886781209042e-05 -3.9048076733305932e-06 2.5298107464783414e-05 2.998582630869219e-08
leaf_weight=617 13110 30 76 27 24 38 28 3039 23 53 24 27 212 129 29 149 926 100 25 46 26 316 30 63 427 94 33 88 121 9150
leaf_count=617 13110 30 76 27 24 38 28 3039 23 53 24 27 212 129 29 149 926 100 25 46 26 316 30 63 427 94 33 88 121 9150
internal_value=2.57909e-05 -0.000197245 0.00613208 -0.000239536 -0.0102941 -0.000207108 -0.000851803 -0.0017548 0.00434783 0.00108696 0.00806452 0.000148135 -0.00160465 0.00119844 0.00933735 0.000803624 0.00135904 0.000715283 -0.00222343 0.00210905 0.00277778 -0.00298378 -0.0011426 0.00555556 -0.00246171 -0.00034626 -0.00133929 -0.00640496 0.00151163 0.000191973
internal_weight=29080 15970 106 15864 51 15813 6046 3177 138 115 62 2869 1075 1794 83 1711 1582 1433 461 972 54 863 547 90 457 361 336 121 215 9767
internal_count=29080 15970 106 15864 51 15813 6046 3177 138 115 62 2869 1075 1794 83 1711 1582 1433 461 972 54 863 547 90 457 361 336 121 215 9767
is_linear=0
shrinkage=0.05


Tree=105
num_leaves=31
num_cat=0
split_feature=20 36 38 32 23 25 9 24 17 21 9 11 2 15 36 40 42 1 13 38 32 40 36 40 19 42 9 19 20 13
split_gain=0.845337 2.18348 1.97765 1.88167 1.86055 1.59102 2.01667 1.61235 1.58313 1.34724 1.45648 2.14093 2.47116 2.35925 2.10411 2.03555 1.90161 1.81172 1.72428 2.60447 3.49068 2.34064 2.17637 2.04298 2.33624 1.85576 2.02104 1.61569 1.66181 1.99808
threshold=30.785000000003496 -727.33506165229471 14.890841170376442 81.414147357267225 -1.065410411211533 -1.1186385706365243 0.00019133144599771582 71.066130100000024 0.0046635007358403185 220.13000000000469 0.001325250771727718 9.6319201028099221e-05 118156.15500000001 0.00034445426385271708 -649.75840450483508 -268.48757335111435 -156.48316757188178 118140.00500000002 -0.0032335727479717046 45.983064320127902 -33.67127407172665 -87.029460464225835 -455.78281478760613 24.521695508505221 179.4150000000009 -48.424193232961478 0.00098499826897397889 48.584999999999134 15.655000000006114 0.00035741102682707319
decision_type=2 2 2 2 2 2 2 2 2 2 2 2 2 2 2 2 2 2 2 2 2 2 2 2 2 2 2 2 2 2
left_child=1 3 -3 5 -5 6 -1 -7 9 10 11 13 17 -4 -12 -15 -17 18 -13 25 21 -21 23 -22 -25 -20 -27 -23 -29 -30
right_child=-2 2 8 4 -6 7 -8 -9 -10 -11 14 12 -14 15 -16 16 -18 -19 19 20 22 27 -24 24 -26 26 -28 28 29 -31
leaf_value=2.6830747228064336e-06 4.2258523679577957e-07 -1.0419770233712541e-05 1.2423495834332557e-05 -3.7667389426223233e-05 1.9102183666056994e-05 7.9596780021849664e-06 -4.5697508964606083e-05 1.1026786382065761e-06 -4.9583215539313783e-05 1.2123986653043335e-05 -3.7396177999512237e-05 -1.5921056261936498e-05 -9.057869164484932e-06 3.6859348143555556e-05 -2.9932582550130829e-06 -3.7241278742558215e-05 -1.3142035336576985e-06 2.8959685311134448e-05 -1.8557834630514043e-05 3.5656452279514518e-06 8.834616927000239e-06 6.476007347620915e-06 2.5410876126120911e-06 -7.1726724975587364e-06 -3.1952389909171155e-05 1.0963486472469531e-05 -1.0838064034404749e-05 -1.1919284091865186e-05 1.7123814507328739e-05 -1.1159252832882203e-05
leaf_weight=30 17178 33 32 30 228 44 30 2187 66 238 47 108 224 45 2189 22 3959 33 24 64 25 25 1584 57 23 316 45 126 23 45
leaf_count=30 17178 33 32 30 228 44 30 2187 66 238 47 108 224 45 2189 22 3959 33 24 64 25 25 1584 57 23 316 45 126 23 45
internal_value=1.71939e-05 -0.000306671 -0.000660216 0.000990585 0.00503876 0.000534701 -0.0075 0.000750784 -0.000616953 -0.000561919 -0.000659938 -0.000294985 0.00078986 -0.00102267 -0.00176655 -0.00113015 -0.00124969 0.00124099 0.00108519 0.00136826 0.000633874 -0.0045053 0.00149497 -0.00547619 -0.009375 0.00512987 0.00602493 -0.00696347 -0.00850515 -0.00220588
internal_weight=29080 11902 9353 2549 258 2291 60 2231 9320 9254 9016 6780 2722 4058 2236 4026 3981 2498 2465 2357 1972 283 1689 105 80 385 361 219 194 68
internal_count=29080 11902 9353 2549 258 2291 60 2231 9320 9254 9016 6780 2722 4058 2236 4026 3981 2498 2465 2357 1972 283 1689 105 80 385 361 219 194 68
is_linear=0
shrinkage=0.05


Tree=106
num_leaves=31
num_cat=0
split_feature=15 20 9 20 20 36 18 22 22 23 39 7 17 22 23 13 22 24 20 35 39 9 15 9 9 5 21 17 11 41
split_gain=0.776787 1.52679 1.92204 1.72634 0.893633 2.10801 1.71101 2.28647 2.49345 2.16742 2.38159 2.19771 2.03463 2.04248 2.01394 1.87312 2.03925 1.86117 1.85863 1.72594 1.95768 4.51063 2.77779 1.80907 1.8439 1.79861 1.98357 2.51445 1.85363 1.78868
threshold=0.00034445426385271708 1.0000000180025095e-35 -0.00031788026337937635 18.069999999999713 30.785000000003496 -727.33506165229471 336.73499999999336 172.78843200000003 125.44659125 -0.13649599654888725 150.1085714285733 -0.001272058703325644 0.0027998367296486197 154.23093000000003 -0.35338147506678047 0.0021287846504766399 127.91896250000001 181.590431 1.0000000180025095e-35 115781.85772500001 266.20892857142883 0.00045210673162718594 0.0013910782836510497 -0.0031210891067615224 -0.00088731931438217114 0.0029399247750405409 78.569999999999723 0.0033556940639771294 0.0041949091142498632 -209.4856820665016
decision_type=2 2 2 2 2 2 2 2 2 2 2 2 2 2 2 2 2 2 2 2 2 2 2 2 2 2 2 2 2 2
left_child=1 -1 -3 -4 5 6 7 8 9 11 -11 -2 15 -14 -13 16 -10 -12 -8 20 21 23 -23 -9 -25 26 27 28 29 -22
right_child=4 2 3 -5 -6 -7 18 19 12 10 17 14 13 -15 -16 -17 -18 -19 -20 -21 25 22 -24 24 -26 -27 -28 -29 -30 -31
leaf_value=1.2728957661461808e-05 1.1257983110564557e-05 1.3407993392747689e-05 -7.477465690250326e-06 6.0755901693139969e-06 4.0292192413455627e-07 -7.3888667526841095e-07 -5.137018783275356e-05 -6.1205959207542111e-05 4.3048424018405923e-05 1.0866384809542625e-05 -3.8542368111682463e-06 -1.4497368720487531e-06 -2.1399618210450239e-05 1.9313597348658493e-05 -2.0803568969838079e-05 2.5378373117997216e-05 9.1580784673372127e-06 2.5006073576107488e-05 3.0033873801579977e-05 -1.7434195540212141e-05 -8.3883389989065002e-07 -2.2273503527436809e-05 3.5899343359168527e-05 -1.0807235586244104e-06 -4.3853661530531446e-05 -3.4255086279296258e-05 -2.3498782315846294e-06 3.1296812552879134e-05 -4.3763349314224093e-05 2.8693081326581013e-05
leaf_weight=28 57 22 44 21 17159 9257 24 30 20 73 177 246 36 32 42 93 293 23 113 178 156 37 47 42 40 39 518 94 30 109
leaf_count=28 57 22 44 21 17159 9257 24 30 20 73 177 246 36 32 42 93 293 23 113 178 156 37 47 42 40 39 518 94 30 109
internal_value=2.92297e-05 0.00413043 0.000862069 -0.00346154 1.29467e-05 -0.00032187 0.000951353 0.00064262 0.00233516 0.000242718 0.00357143 -0.0023913 0.00506329 -0.00294118 -0.00416667 0.00640394 0.00455272 0.00075 0.00638686 -0.000757576 -4.37828e-05 -0.00459184 0.00416667 -0.0111607 -0.00731707 0.00089852 0.00135061 0.00404884 0.00177966 0.00311321
internal_weight=29080 115 87 65 28965 11806 2549 2412 1092 618 273 345 474 68 288 406 313 200 137 1320 1142 196 84 112 82 946 907 389 295 265
internal_count=29080 115 87 65 28965 11806 2549 2412 1092 618 273 345 474 68 288 406 313 200 137 1320 1142 196 84 112 82 946 907 389 295 265
is_linear=0
shrinkage=0.05


Tree=107
num_leaves=31
num_cat=0
split_feature=20 28 7 42 24 38 22 25 19 41 7 17 39 36 39 28 21 24 28 22 36 41 11 17 39 34 31 42 38 7
split_gain=0.840348 1.73202 2.42683 1.90455 3.06199 2.03546 2.288 1.91706 2.77559 2.99268 2.5893 2.52186 1.96725 1.91693 2.2367 1.88478 1.80341 2.1125 1.76835 1.74339 1.7847 1.64075 1.51806 1.50677 1.78894 1.52804 1.94986 1.52381 1.4335 1.4361
threshold=30.785000000003496 -343.05935930351546 0.0045084448560676086 -42.849023303368035 197.63060480000004 39.543985006179177 139.19714350000001 -0.10322693298971586 376.89500000000413 7.222035527743814 -0.0049567024820005171 0.0014999603702135881 352.80285714285804 -1264.4763140655193 337.26892857142963 -670.69107730103849 119.99500000000263 105.02618640000001 -758.83399155289214 653.9422320000001 -3082.4225430467409 -59.841543192681357 0.0010406034044742709 0.0019420986238965088 299.40499999999992 87108.903852937932 89244.593100000013 -25.048050029252018 17.703608907690988 -0.0027558735778909888
decision_type=2 2 2 2 2 2 2 2 2 2 2 2 2 2 2 2 2 2 2 2 2 2 2 2 2 2 2 2 2 2
left_child=1 2 3 7 5 -5 -7 13 11 10 12 16 -10 18 -15 -16 17 -9 -1 20 22 -12 -3 24 -6 27 -27 -25 -22 -30
right_child=-2 19 -4 4 23 6 -8 8 9 -11 21 -13 -14 14 15 -17 -18 -19 -20 -21 28 -23 -24 25 -26 26 -28 -29 29 -31
leaf_value=1.8890260129117903e-05 3.8130987874926269e-07 -6.9885741573312644e-05 -6.2225257731959616e-05 3.0666640014741671e-05 8.6476704546284391e-06 -2.3770168852144426e-05 2.511279867442837e-05 -8.2894745534596927e-06 -6.1283370132381954e-05 4.8732206199498435e-05 3.0037200661097775e-05 -2.9271649440924451e-05 -1.1504771657830889e-05 2.4679681226009022e-05 2.4593177904865146e-05 -4.1776543036466428e-05 -3.3872834650325034e-05 2.4813733059646088e-05 8.3010401399096802e-05 3.3206469051928192e-05 -9.8618373882634932e-06 -4.0398955399848212e-05 -6.9776842469303801e-06 2.8902668208170899e-06 -3.8635268618171867e-05 0.00010273375315749266 1.169672248926983e-05 -0.00013706403412956693 -9.1853409492600046e-06 -3.781386450024254e-07
leaf_weight=24 17178 21 21 135 20 20 29 40 38 95 112 143 90 106 20 49 30 40 31 66 27 26 29 21 32 26 165 21 554 9871
leaf_count=24 17178 21 21 135 20 20 29 40 38 95 112 143 90 106 20 49 30 40 31 66 27 26 29 21 32 26 165 21 554 9871
internal_value=1.20358e-05 -0.000310872 0.00138681 0.00165651 0.00421109 0.00923913 0.000510204 0.000236967 -0.0012215 0.0015928 -0.00112782 -0.00523715 -0.00625 0.00413043 0.00157143 -0.00543478 0.000454545 0.004375 0.0122727 -0.00052517 -0.000576081 0.00362319 -0.01 0.000964912 -0.00673077 0.0026824 0.00458115 -0.00595238 -0.000530999 -0.000501199
internal_weight=29080 11902 1334 1313 469 184 49 844 614 361 266 253 128 230 175 69 110 80 55 10568 10502 138 50 285 52 233 191 42 10452 10425
internal_count=29080 11902 1334 1313 469 184 49 844 614 361 266 253 128 230 175 69 110 80 55 10568 10502 138 50 285 52 233 191 42 10452 10425
is_linear=0
shrinkage=0.05


Tree=108
num_leaves=31
num_cat=0
split_feature=35 31 38 21 23 11 25 21 39 11 35 42 23 16 25 38 25 11 25 11 23 11 5 24 38 7 11 9 35 4
split_gain=0.807225 1.81405 1.24425 1.24916 1.30399 2.99985 2.21411 1.83499 2.9531 2.69017 2.29425 1.90427 1.67708 1.92554 1.65934 1.56419 2.44537 1.52777 1.49095 1.41372 2.65866 2.34624 2.68076 3.05151 2.60516 2.30713 2.39696 2.73301 2.08213 2.06695
threshold=89496.096675000023 86876.997500000012 89.417165941628667 572.61000000000797 -0.62892568375133762 -0.0094934127018086126 -0.92938070219152991 0.01000000000203727 266.20892857142883 0.0013150544185331283 83724.655075000017 -18.738212211121581 -0.72957114260682132 0.0051581485794983698 -0.69651829002848709 70.097482470865543 -0.51152800478642813 0.0043784334864629968 -0.84027344380565983 -0.00098666182500858012 -0.60538819069184646 -0.0042442225260798062 0.0019142589320479205 370.39254900000003 25.32313280136702 -0.00030071369213478745 -0.0017760736305382269 -0.0011306353837888642 83724.655075000017 366.04356000000007
decision_type=2 2 2 2 2 2 2 2 2 2 2 2 2 2 2 2 2 2 2 2 2 2 2 2 2 2 2 2 2 2
left_child=2 -2 3 4 5 -1 -6 8 9 10 -7 -12 15 17 -8 -9 18 -14 -17 20 -16 -22 23 24 -23 -26 27 -27 -29 -21
right_child=1 -3 -4 -5 6 7 14 12 -10 -11 11 -13 13 -15 19 16 -18 -19 -20 29 21 22 -24 -25 25 26 -28 28 -30 -31
leaf_value=5.2393774395993156e-05 -7.5916705076723375e-05 -1.8162355909405089e-07 -3.4268094262908485e-05 -0.00014895625047674693 -1.9831546584775796e-05 -4.1127643771099432e-05 1.7004451174308578e-05 2.8500536599333589e-06 -3.6424387131716491e-05 1.421049972396968e-05 2.7103687997748498e-05 -1.582164689170368e-05 -1.052902095272994e-05 5.7202441683026801e-05 -5.5803400758279075e-05 -1.8154453731174187e-05 3.7338977843240909e-05 -4.667822953191444e-05 -5.6531521809309444e-05 7.8999932956693895e-06 9.3201890635216444e-06 -4.3236733689886884e-05 4.398148792238469e-05 -3.7610872720717078e-05 2.7451245946502891e-06 5.080754843422985e-05 -3.5806716616930715e-05 -3.1964531067611823e-05 -3.7193629215973911e-06 -1.1303021691024746e-06
leaf_weight=36 39 22486 22 27 26 20 256 1428 78 36 22 46 261 37 21 50 29 46 43 1719 918 50 92 59 366 28 73 26 61 679
leaf_count=36 39 22486 22 27 26 20 256 1428 78 36 22 46 261 37 21 50 29 46 43 1719 918 50 92 59 366 28 73 26 61 679
internal_value=1.89133e-05 -0.000123196 0.000507246 0.000547222 0.000591761 -0.000422139 0.00108596 -0.000667939 -0.00519802 -0.000403226 -0.00511364 -0.000735294 -0.000184794 -0.00334302 0.00117295 0.000516129 -0.00491803 -0.00464169 -0.00887097 0.000928641 -0.000177096 4.48296e-05 -0.00201987 -0.00312971 -0.00206954 -0.00108303 -0.00558511 -0.00108696 -0.00545977 0.00170976
internal_weight=29080 22525 6555 6533 6506 2132 4374 2096 202 124 88 68 1894 344 4348 1550 122 307 93 4092 1694 1673 755 663 604 554 188 115 87 2398
internal_count=29080 22525 6555 6533 6506 2132 4374 2096 202 124 88 68 1894 344 4348 1550 122 307 93 4092 1694 1673 755 663 604 554 188 115 87 2398
is_linear=0
shrinkage=0.05


Tree=109
num_leaves=31
num_cat=0
split_feature=13 28 42 32 36 11 30 40 19 13 35 11 9 20 20 23 9 34 31 24 25 36 41 20 11 39 40 36 40 9
split_gain=0.794986 1.79827 2.37786 1.94249 4.07832 2.78039 2.8431 2.51892 2.00765 3.46189 2.53041 1.96598 1.82391 1.79242 1.75121 1.68919 2.3943 2.12278 2.0026 2.06292 1.95202 1.7873 1.74128 1.90121 1.7864 2.26287 1.671 1.6448 1.94683 2.05752
threshold=-0.0022725801322643663 216.33794066503472 -12.591350610507517 366.60209398150624 2181.0024910696379 -0.0029236242484866198 111095.36472514487 56.592674419807743 390.50500000000471 -0.0030781246824267165 87561.858050000024 -0.0039640118614195016 -0.0045718155999337181 84.959999999999141 25.754999999997384 0.97007421870894928 -0.00073517430154747558 83152.806261954582 79972.594200000007 431.26353325000008 -0.27644138593917178 -1577.8499579207271 -268.52547361645162 396.65499999999889 0.020824600386578782 674.05499999999927 -357.43871868363925 92.217349532817039 51.831687559853897 -0.0071986037209378646
decision_type=2 2 2 2 2 2 2 2 2 2 2 2 2 2 2 2 2 2 2 2 2 2 2 2 2 2 2 2 2 2
left_child=1 3 -3 4 7 6 11 27 12 10 13 14 -9 -10 -5 22 17 -17 -18 20 -20 -22 26 24 -24 -26 -2 -1 29 -29
right_child=15 2 -4 5 -6 -7 -8 8 9 -11 -12 -13 -14 -15 -16 16 18 -19 19 -21 21 -23 23 -25 25 -27 -28 28 -30 -31
leaf_value=1.3441906761733665e-06 1.8765017233091147e-06 3.8218320328798249e-05 -6.3361925476243952e-06 -4.7421416823734374e-05 2.3028795891505421e-05 -1.595273643985707e-05 3.1963815261614455e-05 3.7358263979741634e-05 1.9282933719386629e-05 -3.727297749076943e-05 2.9595342004514993e-05 2.1212603897773184e-05 1.1397027067780376e-05 -0.00013712123550301006 -3.3974773703672498e-09 4.6542197860542162e-05 7.1541403894619774e-05 -1.0491268275962126e-05 -2.9954803652214575e-05 -4.246526398951179e-05 1.9531047077621261e-05 -7.2709770695095863e-07 1.9983062214532954e-07 -5.0207605792460705e-05 -2.5662248948793303e-06 5.9818958279388074e-05 -1.5718691117080622e-05 2.4621541725162609e-05 -1.5450260276970586e-05 -3.1578295208912358e-06
leaf_weight=6038 356 65 33 23 82 244 20 60 20 27 99 33 385 22 58 24 23 561 48 57 38 2032 16175 44 21 33 698 50 28 1683
leaf_count=6038 356 65 33 23 82 244 20 60 20 27 99 33 385 22 58 24 23 561 48 57 38 2032 16175 44 21 33 698 50 28 1683
internal_value=1.54746e-05 0.000406912 0.00714286 0.000332507 0.00048858 -0.0031746 0.00261194 0.000380409 0.00346656 -0.00119048 0.00195035 -0.000438596 0.00522472 -0.00833333 -0.00462963 -0.000159125 -0.00130255 -0.0041453 -0.000545951 -0.000701149 -0.000448536 -0.000217391 2.45282e-05 0.000152092 0.000180233 0.00925926 -0.00194497 0.000137838 -0.0012067 -0.000995384
internal_weight=29080 8970 98 8872 8494 378 134 8412 613 168 141 114 445 42 81 20110 2783 585 2198 2175 2118 2070 17327 16273 16229 54 1054 7799 1761 1733
internal_count=29080 8970 98 8872 8494 378 134 8412 613 168 141 114 445 42 81 20110 2783 585 2198 2175 2118 2070 17327 16273 16229 54 1054 7799 1761 1733
is_linear=0
shrinkage=0.05


Tree=110
num_leaves=31
num_cat=0
split_feature=20 28 7 42 42 34 22 36 16 16 13 39 4 7 21 42 38 38 34 22 35 16 23 21 13 40 38 20 4 16
split_gain=0.786528 1.38603 2.37319 1.71645 2.5652 2.88681 2.88222 2.48418 2.03677 1.86778 1.73622 1.67726 2.31935 3.09602 2.75435 2.44766 1.77418 1.76231 1.69618 2.08824 1.9499 1.62736 1.61621 1.59353 1.57809 1.55805 1.73727 1.5374 3.48456 1.52639
threshold=30.785000000003496 -343.05935930351546 0.0045084448560676086 -42.849023303368035 1.1290793060871052 87249.118022692433 180.01396125000005 -2108.4585506968501 0.0032271781502841669 0.0044444496607272928 -0.0073416831400762725 468.59607142857209 287.31136000000009 0.0026921203197118873 46.474999999998552 36.196025771399256 41.088451622831251 17.703608907690988 86755.167012709178 407.9944460000001 118040.5162 0.0010622574741973089 2.7526803274382368 53.214999999996515 -0.0044057754065630261 172.30882214154556 45.098051320168636 2.4650000000037839 299.99194500000004 0.001327441569562783
decision_type=2 2 2 2 2 2 2 2 2 2 2 2 2 2 2 2 2 2 2 2 2 2 2 2 2 2 2 2 2 2
left_child=1 2 3 21 5 -5 -7 8 -6 -10 -8 12 17 14 25 23 -13 -3 19 -18 27 -1 -17 -15 -16 26 -14 28 -20 -23
right_child=-2 11 -4 4 7 6 10 -9 9 -11 -12 16 13 15 24 22 18 -19 20 -21 -22 29 -24 -25 -26 -27 -28 -29 -30 -31
leaf_value=-1.4372003244105604e-05 3.8620462743572561e-07 -1.0280197724311458e-05 -5.9172123201215596e-05 -1.614383810613003e-05 5.3007945302284206e-05 2.9011087935937537e-05 2.7746373348303314e-05 -1.6789915352689108e-05 -5.3642015672800181e-05 5.217451535418018e-05 -1.6282305479649888e-05 -3.0284298118295444e-05 1.1802267199853899e-05 1.8301505222834678e-05 5.6322072170958116e-06 -2.835924334254653e-05 -4.8599518561086385e-05 -4.5737362129995928e-07 3.1125144304248995e-05 1.3420951558969038e-05 -1.2648935221797682e-05 1.0924084614651392e-05 5.596618823724411e-05 7.7239799505740783e-05 -4.2217242728284655e-05 3.2768899703300504e-05 -4.4393013372441426e-05 4.6645845108705643e-05 -5.3479843020997981e-05 -5.0938390668719085e-07
leaf_weight=37 17178 26 21 56 55 129 53 69 25 20 62 31 21 30 28 84 22 9612 54 63 34 81 39 29 222 39 29 172 33 726
leaf_count=37 17178 26 21 56 55 129 53 69 25 20 62 31 21 30 28 84 22 9612 54 63 34 81 39 29 222 39 29 172 33 726
internal_value=-6.87758e-06 -0.000319274 0.0011994 0.00146611 0.00389126 0.00666667 0.00901639 -0.0010355 0.004 -0.00388889 0.00326087 -0.000510977 -0.000637366 -0.00388676 -0.00671091 0.00137363 0.00262836 -0.000461714 0.00357143 -0.00264706 0.00537543 0.000118483 -0.00264228 0.00974576 -0.0094 0.000842697 -0.005 0.00685328 0.00143678 0.0005886
internal_weight=29080 11902 1334 1313 469 300 244 169 100 45 115 10568 10159 521 339 182 409 9638 378 85 293 844 123 59 250 89 50 259 87 807
internal_count=29080 11902 1334 1313 469 300 244 169 100 45 115 10568 10159 521 339 182 409 9638 378 85 293 844 123 59 250 89 50 259 87 807
is_linear=0
shrinkage=0.05


Tree=111
num_leaves=31
num_cat=0
split_feature=27 2 0 30 36 22 5 15 13 28 40 42 21 22 20 41 7 32 19 16 20 9 4 15 7 13 5 19 31 11
split_gain=0.806824 1.66576 1.58881 1.87732 3.2685 2.57651 2.169 3.51837 1.98736 2.08903 2.01177 1.98011 1.56531 1.59565 2.08511 1.56006 1.93595 2.71002 1.78537 2.81742 3.11569 2.02665 2.01502 2.44978 1.9308 2.44612 2.09981 1.87873 1.85916 1.91085
threshold=87216.127750000014 85668.780000000013 87878.695000000022 87784.594929197265 -4692.5281288530014 128.76721225000003 -0.0033216965933958744 0.0035827855342408167 -0.0075278693067499279 -177.69617852556982 226.4580472060625 -38.712939264738147 9.4399999999950541 272.59948425000005 50.720000000001171 337.43037710876172 -0.0038342604434873583 1053.2838093634857 183.26999999999683 0.001897241401831583 51.815000000002335 0.0036791528107567311 371.92412500000006 0.0020734942359512758 -0.0005842663653503169 -0.0017450756855814052 -0.00067737872514222791 649.84500000000128 86705.081700000024 -0.013339698603621676
decision_type=2 2 2 2 2 2 2 2 2 2 2 2 2 2 2 2 2 2 2 2 2 2 2 2 2 2 2 2 2 2
left_child=15 -2 3 5 -5 11 -7 8 -8 -10 12 -3 -11 14 -14 18 -17 -18 19 20 21 -1 27 -24 25 -21 -26 -20 -25 -30
right_child=1 2 -4 4 -6 6 7 -9 9 10 -12 -13 13 -15 -16 16 17 -19 22 24 -22 -23 23 28 26 -27 -28 -29 29 -31
leaf_value=-6.7394146276298766e-07 9.6239870791873706e-05 2.163830246699407e-05 -9.7117614756185659e-08 5.8130993989508792e-05 -8.2297958987277909e-05 4.0133401291927663e-05 3.9980854938038116e-05 -6.7160327837594217e-05 -4.8295755391430475e-05 -2.7944955463440329e-05 -2.851805385415999e-05 -2.7753374753764265e-05 3.0108288570923095e-05 6.352051431039267e-05 -1.0066402661365827e-05 3.8021816625188384e-05 -5.3457596012361487e-05 -7.1816440843413554e-06 6.3846977594293357e-06 -4.1952236581109528e-05 1.4340449024268121e-05 -2.5922628450898197e-05 -4.4350832260447801e-05 -1.3838509974225053e-06 1.6837300098049267e-05 1.525707771374136e-05 -3.5518556732285437e-05 7.6068350502515904e-05 -6.1174201913617507e-05 6.5034409521224672e-05
leaf_weight=908 22 22 23187 23 126 28 37 51 47 26 33 69 47 25 47 50 71 174 2517 38 261 22 114 753 29 84 160 38 20 51
leaf_count=908 22 22 23187 23 126 28 37 51 47 26 33 69 47 25 47 50 71 174 2517 38 261 22 114 753 29 84 160 38 20 51
internal_value=8.59697e-06 -0.000115595 -0.000128324 -0.00271084 -0.00755034 -0.00104167 0.000953079 -0.000239617 0.00209924 0.000333333 0.00280899 -0.00851648 0.00534483 0.00777311 0.00478723 0.000567108 -0.0029661 -0.00479592 0.000775776 -0.000665779 0.000440806 -0.000913978 0.00139565 -0.000586354 -0.00490354 0 -0.00806878 0.00212329 0.000364078 0.00809859
internal_weight=29080 23790 23768 581 149 432 341 313 262 225 178 91 145 119 94 5290 295 245 4995 1502 1191 930 3493 938 311 122 189 2555 824 71
internal_count=29080 23790 23768 581 149 432 341 313 262 225 178 91 145 119 94 5290 295 245 4995 1502 1191 930 3493 938 311 122 189 2555 824 71
is_linear=0
shrinkage=0.05


Tree=112
num_leaves=31
num_cat=0
split_feature=30 30 15 7 5 4 4 28 42 2 38 16 30 35 38 7 5 23 21 7 11 16 7 7 5 5 39 35 36 23
split_gain=0.745665 1.80107 2.44389 1.83472 2.2906 2.15028 1.75252 2.10766 3.98827 2.90412 2.28401 2.16459 2.78311 2.65839 2.52433 2.10378 1.94726 3.07328 2.59522 1.96795 1.93289 1.91377 2.07136 2.90625 2.39568 1.96733 1.7831 2.39743 2.33534 1.7206
threshold=87006.024585063307 86892.814417778121 0.0018785550637759425 0.0015224157994062923 0.0019142589320479205 139.11813500000002 394.28782000000007 -266.69538948513213 -74.569818725703598 82364.315000000017 31.145843643292107 0.0020081111660790662 85819.354443080112 87417.371100000004 59.846175801155745 -0.0013295939116090719 -0.0020153464250227487 1.9816627948950345 65.65499999999885 -0.0015963446537505964 -0.0011887626375473492 0.0039423099177122202 -4.0667177596533178e-05 -0.0015963446537505964 -0.0015368713161275414 0.00020362843949216339 402.29071428571643 83149.495950000011 -2352.8482278708684 -0.7670893024272758
decision_type=2 2 2 2 2 2 2 2 2 2 2 2 2 2 2 2 2 2 2 2 2 2 2 2 2 2 2 2 2 2
left_child=1 3 -3 4 6 -5 7 8 9 -1 15 16 -13 14 -14 -9 18 -18 19 -12 -10 22 23 24 26 -23 27 -8 -28 -6
right_child=-2 2 -4 5 29 -7 21 10 20 -11 11 12 13 -15 -16 -17 17 -19 -20 -21 -22 25 -24 -25 -26 -27 28 -29 -30 -31
leaf_value=1.0371210220595441e-05 -1.6677668146550196e-07 5.5649947892092965e-05 -1.9206607257799156e-06 -1.2802703082947721e-05 4.2052150275663485e-05 2.0413312464960152e-07 9.8764669265949455e-05 4.5936013733696352e-06 -3.1821506506907998e-07 6.2232488511760676e-05 4.4489102724463701e-05 -7.6466948023419756e-06 4.8229783533233035e-05 -4.0593716327691195e-06 8.5249540735733255e-06 -3.6974856260152472e-05 1.7348918136475164e-06 3.6405828395464389e-05 -1.5090707229762019e-05 7.339083600880525e-06 2.5408367186582339e-05 2.3714520972876605e-05 4.2215758829835002e-05 -0.00012368817653688087 2.0774924440180182e-05 -9.1273154563397812e-05 -4.6349405856351747e-05 -4.3961522863919765e-05 -8.1572906943896704e-05 2.760777567566972e-05
leaf_weight=40 24020 53 62 375 59 1112 21 20 299 77 47 669 34 66 28 47 1262 28 25 24 84 164 27 32 43 23 37 62 53 187
leaf_count=40 24020 53 62 375 59 1112 21 20 299 77 47 669 34 66 28 47 1262 28 25 24 84 164 27 32 43 23 37 62 53 187
internal_value=1.71939e-06 0.00055336 0.00673913 0.000409505 0.00104106 -0.00105918 0.000684932 0.00116364 0.0041 0.0121795 0.000511111 0.000790197 -0.00128607 0.00546875 0.0129032 -0.00858209 0.00198413 0.00147287 0.00885417 0.0137324 0.00163185 -0.0021645 -0.00481818 -0.00625 -0.00416667 0.00173797 -0.00679191 -0.00150602 -0.0116667 0.00569106
internal_weight=29080 5060 115 4945 3458 1487 3212 2750 500 117 2250 2183 797 128 62 67 1386 1290 96 71 383 462 275 248 216 187 173 83 90 246
internal_count=29080 5060 115 4945 3458 1487 3212 2750 500 117 2250 2183 797 128 62 67 1386 1290 96 71 383 462 275 248 216 187 173 83 90 246
is_linear=0
shrinkage=0.05


Tree=113
num_leaves=31
num_cat=0
split_feature=11 32 9 42 24 24 39 24 24 21 21 25 25 7 23 39 11 5 21 41 35 23 26 20 0 19 11 41 42 19
split_gain=0.715188 1.15593 2.84842 1.09347 1.52855 1.22439 1.03147 2.47659 2.08621 0.928601 1.78367 1.72078 2.34765 1.90267 1.84653 1.83275 1.58923 1.42352 1.40421 1.35346 1.3318 1.53125 1.25347 1.38002 1.25022 1.18699 1.03022 0.957395 0.914286 0.807012
threshold=0.020824600386578782 2144.4088558531735 -0.0027881008362590806 185.29053297943702 357.51233677000005 422.70119682000012 674.05499999999927 287.32510590000004 653.90810540000007 346.96999999999395 327.92500000000297 0.73614910706932679 4.4158494076169603 -0.0080227799902220735 0.77681128356403906 516.2357142857162 0.00096495675209626417 -0.0017332284373105279 368.37000000000268 -109.81216073868521 89496.096675000023 1.2900779359651586 102768.44319484453 72.174999999995649 84222.710000000006 822.15499999999895 -0.0094934127018086126 -171.62749453677912 -4.0852624541107243 942.87499999999284
decision_type=2 2 2 2 2 2 2 2 2 2 2 2 2 2 2 2 2 2 2 2 2 2 2 2 2 2 2 2 2 2
left_child=1 9 -3 4 -4 -6 7 -2 -8 10 29 14 13 -13 15 -11 26 -12 -15 -14 24 25 -23 -24 -20 -22 -17 -19 -29 -1
right_child=6 2 3 -5 5 -7 8 -9 -10 11 17 12 19 18 -16 16 -18 27 20 -21 21 22 23 -25 -26 -27 -28 28 -30 -31
leaf_value=-1.7298786576921879e-08 4.9772089604319065e-05 1.0098742515813731e-05 6.3341409681820642e-05 -6.931007534213486e-05 -3.1073470020574076e-05 -3.2878440110878163e-06 7.818897052947145e-05 -8.1351801191652235e-05 -1.3086092268058119e-06 1.6668253408741426e-05 -1.9303075829832019e-05 0.00011829070173417517 -2.71219592720147e-05 -5.7762984130998665e-05 -0.00011754538516767447 -4.4890726572280753e-05 3.2915768893818766e-06 1.7924158230138068e-05 7.9731191023384701e-06 -0.00013311346812931875 0.00010359593241788623 7.1892730667915748e-05 2.2485701589457841e-05 -4.6582787744066574e-05 -0.00015970692157459386 9.0124201320500767e-06 -0.00017401668264297246 8.3904580801856196e-05 5.2948875616849137e-05 1.8590077440125154e-05
leaf_weight=27917 36 23 28 31 29 46 29 20 29 30 27 36 23 37 25 21 37 22 22 27 25 24 43 29 20 23 39 21 24 337
leaf_count=27917 36 23 28 31 29 46 29 20 29 30 27 36 23 37 25 21 37 22 22 27 25 24 43 29 20 23 39 21 24 337
internal_value=-5.15818e-06 -2.07139e-05 -0.00429936 -0.00708955 -0.00461165 -0.00833333 0.00394737 -0.000892857 0.00862069 2.60335e-06 3.88034e-05 -0.00222343 -8.09061e-05 0.00183398 -0.00657895 -0.00413386 -0.00747423 0.00691489 0.000112108 -0.01 0.00188172 0.00416667 0.000520833 -0.00277778 -0.00595238 0.0114583 -0.0125 0.0108209 0.015 1.59269e-05
internal_weight=29080 28966 157 134 103 75 114 56 58 28809 28348 461 309 259 152 127 97 94 223 50 186 144 96 72 42 48 60 67 45 28254
internal_count=29080 28966 157 134 103 75 114 56 58 28809 28348 461 309 259 152 127 97 94 223 50 186 144 96 72 42 48 60 67 45 28254
is_linear=0
shrinkage=0.05


Tree=114
num_leaves=31
num_cat=0
split_feature=20 4 19 32 41 25 24 7 7 25 41 32 23 20 39 34 20 0 7 5 15 22 39 17 26 15 20 42 11 19
split_gain=0.657688 1.35097 1.74465 1.91484 2.17705 2.98487 2.14577 1.50019 1.79914 1.79505 1.7042 1.54298 1.47503 1.40226 3.24304 1.6067 1.33333 1.31614 1.21461 1.53348 1.41547 1.2085 2.19251 2.07694 2.31333 1.84188 2.46696 1.72343 1.7147 1.71157
threshold=30.785000000003496 35.563020000000002 77.275000000001469 -258.74157832679333 -9.2564929597828574 -0.70144262959914938 99.314539700000012 0.00023540215755436469 -0.00078320879246075519 -0.80590803215093187 12.014148944657689 96.202910358995737 -0.86048818872355126 31.254999999997384 325.0596428571439 104979.02425015483 37.755000000004664 111417.43000000001 0.010062467450458001 0.0054428833253403362 0.0030431417801374729 65.103085000000007 135.42214285714209 0.0012963992728397447 122526.4677729754 0.0014559933349957454 158.34499999999392 -34.011000684228726 -0.0020446867462802156 92.180000000000305
decision_type=2 2 2 2 2 2 2 2 2 2 2 2 2 2 2 2 2 2 2 2 2 2 2 2 2 2 2 2 2 2
left_child=18 7 3 -3 12 -6 -7 8 10 -9 -2 17 -5 14 15 -4 -14 -10 19 -1 -21 22 27 -23 -25 -26 -27 -15 -24 -29
right_child=1 2 13 4 5 6 -8 9 11 -11 -12 -13 16 21 -16 -17 -18 -19 -20 20 -22 23 28 24 25 26 -28 29 -30 -31
leaf_value=-3.5130073054839362e-07 5.0079637431004213e-07 1.3127862163461919e-05 1.373444911910193e-05 -2.556133810261297e-06 -2.6772311836340642e-05 1.3015867416088881e-05 -1.3684136646244765e-05 1.1732223988975705e-05 -6.1415765825670824e-06 2.1131032674064238e-05 2.4150060141900172e-05 -1.4398483310423924e-05 -1.3229281039641603e-05 -1.7915301527565117e-05 -7.2563017752469555e-05 3.1391083288429164e-05 -2.8223996490168715e-05 7.9839151879128796e-06 -4.0085768079163375e-05 -7.6189539890138938e-07 5.4921345485327356e-05 2.4429332339992957e-06 1.4347349839130977e-06 1.5258178239657232e-07 -2.9748013678620188e-05 4.1681132830999083e-06 -3.5110815569034535e-05 -1.6881239187835621e-05 -1.6068293358312949e-05 6.4378270248748946e-06
leaf_weight=11778 30 20 37 22 32 41 25 39 51 21 21 35 21 24 21 31 28 23 38 22 64 2234 31 13796 61 76 39 41 149 229
leaf_count=11778 30 20 37 22 32 41 25 39 51 21 21 35 21 24 21 31 28 23 38 22 64 2234 31 13796 61 76 39 41 149 229
internal_value=0 0.000197928 0.000147423 -0.00462963 -0.00636095 -0.00153061 0.00454545 0.00409091 0.0015625 0.0108333 0.00931373 -0.00206422 -0.0130282 0.000201264 0.00646067 0.0117647 -0.0178571 0.00202703 -0.000285666 -0.00025708 0.00639535 0.000167866 -0.00232068 0.000240652 1.43143e-05 -0.00568182 -0.00195652 0.000340136 -0.00666667 0.00148148
internal_weight=29080 17178 16958 189 169 98 66 220 160 60 51 109 71 16769 89 68 49 74 11902 11864 86 16680 474 16206 13972 176 115 294 180 270
internal_count=29080 17178 16958 189 169 98 66 220 160 60 51 109 71 16769 89 68 49 74 11902 11864 86 16680 474 16206 13972 176 115 294 180 270
is_linear=0
shrinkage=0.05


Tree=115
num_leaves=31
num_cat=0
split_feature=11 21 20 25 25 9 5 18 20 22 21 4 3 19 17 16 24 11 17 9 21 5 15 36 22 30 42 38 16 9
split_gain=0.873067 1.09302 1.18989 1.61725 1.05836 0.794391 1.92612 2.23844 1.75973 1.639 1.95346 1.56697 1.48402 1.62694 1.50379 2.48377 1.66542 2.89854 1.89905 1.46944 2.9314 2.54542 2.25768 2.09424 2.06793 1.96639 1.96364 2.15438 1.89054 1.85878
threshold=0.020824600386578782 308.17499999999569 171.63500000000207 1.0681064695002367 1.0681064695002367 0.0035177146501842835 0.0054428833253403362 462.73500000000064 37.259999999994768 267.74273950000003 22.754999999997384 646.35059500000011 82110.435000000012 337.70499999999453 0.0012963992728397447 0.0013414651484570303 121.0042825 0.0019872374123836539 0.0017689660350061409 0.00312466097205583 176.3950000000041 0.00048883161719582007 0.0011884308911497871 80.623010170413195 141.82173425000005 107558.78020242335 52.183395261827428 50.743072036616333 0.002077978386022391 0.0029786457435354201
decision_type=2 2 2 2 2 2 2 2 2 2 2 2 2 2 2 2 2 2 2 2 2 2 2 2 2 2 2 2 2 2
left_child=5 2 3 -2 -4 6 7 19 -8 10 -9 -10 13 -7 15 -14 17 -16 -19 29 21 23 -23 28 25 -24 27 -25 -21 -1
right_child=1 -3 4 -5 -6 12 8 9 11 -11 -12 -13 14 -15 16 -17 -18 18 -20 20 -22 22 24 26 -26 -27 -28 -29 -30 -31
leaf_value=1.0353609250251382e-07 7.9733067242088176e-05 7.6311028499459921e-05 -0.00011947543288080068 -2.054197447588659e-06 5.3191587416060014e-05 3.2231774434052087e-05 5.3914685216866523e-05 -3.3018750104311504e-05 -1.7598203854638455e-05 -6.8841188878910695e-05 2.3572673629859905e-05 0.0001037795744365505 -9.6023853701240169e-07 1.4362369904489881e-05 2.1250816267246383e-05 2.915592691657496e-05 -2.8505671951799263e-06 -3.1713267199050394e-05 7.9680160345638073e-06 4.9033765578058877e-05 -3.3779412386056933e-05 -1.2404094723505747e-05 3.0195657219201212e-05 -6.3456630788433087e-06 1.0272263587560701e-06 -2.0332468529020367e-06 -1.8197093185836077e-05 3.0928126079479111e-05 3.6791072516271878e-05 -1.3348556273597347e-05
leaf_weight=24678 21 20 20 32 21 40 37 20 43 41 22 34 136 151 26 80 2682 74 20 38 55 76 56 23 253 29 44 43 45 220
leaf_count=24678 21 20 20 32 21 40 37 20 43 41 22 34 136 151 26 80 2682 74 20 38 55 76 56 23 253 29 44 43 45 220
internal_value=1.89133e-05 0.00438596 0.00212766 0.00707547 -0.00426829 1.72616e-06 9.41492e-05 6.532e-05 0.00657895 -0.00813253 -0.00119048 0.00227273 -0.000740106 0.00353403 -0.0010106 0.00300926 -0.00132049 -0.00708333 -0.0111702 9.19405e-05 0.00241692 0.00341845 0.00120773 0.00816062 0.00295858 0.00970588 0.00363636 0.00909091 0.0141566 3.01229e-05
internal_weight=29080 114 94 53 41 28966 25757 25643 114 83 42 77 3209 191 3018 216 2802 120 94 25560 662 607 414 193 338 85 110 66 83 24898
internal_count=29080 114 94 53 41 28966 25757 25643 114 83 42 77 3209 191 3018 216 2802 120 94 25560 662 607 414 193 338 85 110 66 83 24898
is_linear=0
shrinkage=0.05


Tree=116
num_leaves=31
num_cat=0
split_feature=11 39 24 24 22 7 0 36 18 16 2 36 39 36 13 21 21 15 1 13 36 19 25 21 15 32 41 15 39 0
split_gain=0.704649 1.44711 2.17302 1.72414 0.778758 1.57369 2.44821 2.35935 1.54188 1.45455 1.43299 1.41473 1.74807 2.52179 2.50429 1.81705 2.0817 4.30345 1.74246 1.66009 1.59695 3.03066 2.05314 2.32515 2.7098 1.7819 1.59246 2.62421 2.24791 3.30045
threshold=0.020824600386578782 674.05499999999927 287.32510590000004 653.90810540000007 311.36340825000008 0.0045084448560676086 111618.91000000002 -4069.6745789004849 595.2350000000007 0.0049426605474210145 122511.44500000002 -1068.1548872847268 453.94392857142839 -3082.4225430467409 0.0078949211781319199 28.310000000004951 117.06499999999507 0.0024756887271176003 82039.045000000013 0.0085584221434765167 -2352.8482278708684 611.31999999999982 0.47092653942657042 74.900000000001469 0.0016979147642421674 -926.96346017820167 -292.49635269116328 0.0012112269978560822 339.79035714285789 101470.45500000002
decision_type=2 2 2 2 2 2 2 2 2 2 2 2 2 2 2 2 2 2 2 2 2 2 2 2 2 2 2 2 2 2
left_child=4 2 -2 -3 11 8 7 -7 10 -10 -6 12 13 -1 15 -14 -17 -18 -13 20 21 22 23 24 -15 -25 27 -22 -29 -30
right_child=1 3 -4 -5 5 6 -8 -9 9 -11 -12 18 14 19 -16 16 17 -19 -20 -21 26 -23 -24 25 -26 -27 -28 28 29 -31
leaf_value=-3.4208888683313599e-05 4.5997421285771493e-05 7.0285239551773636e-05 -7.7176533285986383e-05 1.3806841949529841e-06 -6.0882133529041509e-07 4.9428391033248684e-05 -5.2721477706569057e-05 -1.5186253217083486e-05 2.8844695980162022e-06 0.00013005863810808873 -2.155739137610497e-05 2.5544638636427316e-05 -2.0217377838674092e-05 -2.7658575028494891e-05 4.7292852482705487e-05 4.3228290361674219e-05 6.4396455617150695e-05 -4.2896363359262564e-05 -8.2375885829157259e-08 -3.7791055760902248e-05 3.8638369659842496e-05 -5.1932945970410948e-05 5.5667298629905744e-05 0.00011118074576153409 1.7608832741302938e-05 3.2179797115452473e-05 2.8316663173823249e-06 -1.9497607339834166e-05 3.829156271284241e-05 -1.5789876246845757e-05
leaf_weight=91 36 29 20 29 4325 42 60 529 22 22 24 159 40 26 31 75 20 58 20516 50 26 31 34 25 51 33 2275 188 52 161
leaf_count=91 36 29 20 29 4325 42 60 529 22 22 24 159 40 26 31 75 20 58 20516 50 26 31 34 25 51 33 2275 188 52 161
internal_value=2.40715e-05 0.00394737 -0.00178571 0.00948276 8.63081e-06 -0.000557325 -0.00289223 -0.00188266 -0.000221944 0.00909091 -0.000316165 0.000127391 0.00109428 0.00078048 0.00535714 0.00323834 0.00571895 0 -2.5393e-05 0.0010332 0.00118884 0.0055 0.00813609 0.00537037 -0.000324675 0.012931 0.000869726 -0.00193208 -0.00293017 0.000586854
internal_weight=29080 114 56 58 28966 5024 631 571 4393 44 4349 23942 3267 3043 224 193 153 78 20675 2952 2902 200 169 135 77 58 2702 427 401 213
internal_count=29080 114 56 58 28966 5024 631 571 4393 44 4349 23942 3267 3043 224 193 153 78 20675 2952 2902 200 169 135 77 58 2702 427 401 213
is_linear=0
shrinkage=0.05


Tree=117
num_leaves=31
num_cat=0
split_feature=11 39 24 5 32 18 31 11 39 11 11 30 41 22 34 40 24 21 13 42 17 36 32 5 23 23 42 20 15 39
split_gain=0.868261 1.22687 1.72414 1.29643 0.7119 1.85063 1.32721 1.12512 0.904301 0.712727 2.15624 2.09252 2.53003 1.75807 2.62716 2.16333 2.15565 2.07211 2.60157 1.83401 2.25662 2.54949 2.26773 1.82354 1.69326 1.71463 1.68693 3.79048 2.14406 6.5155
threshold=0.020824600386578782 674.05499999999927 653.90810540000007 0.0050022603239358622 2144.4088558531735 41.110000000000589 88484.574100000013 0.00946379021858261 508.99714285714236 0.00044976412120462632 0.0015658390244989065 117904.46563374171 180.24884610088142 123.93168075 117253.75956918231 306.79136427859345 231.06170320000004 21.875000000000004 0.0022916320059074382 -17.141931304305231 0.0019182124416006379 -829.41983495951706 -100.60019746090983 0.00027749358172691124 -0.61089200919913622 -0.29404982204461921 14.617812565536177 51.815000000002335 0.0011193628855201243 160.83214285714249
decision_type=2 2 2 2 2 2 2 2 2 2 2 2 2 2 2 2 2 2 2 2 2 2 2 2 2 2 2 2 2 2
left_child=4 3 -3 -2 9 7 -7 -6 -8 -1 11 13 24 14 16 -15 19 -17 -19 23 21 22 -21 -11 -13 -26 28 -28 -23 -30
right_child=1 2 -4 -5 5 6 8 -9 -10 10 -12 12 -14 15 -16 17 -18 18 -20 20 -22 26 -24 -25 25 -27 27 -29 29 -31
leaf_value=-2.9095309287483557e-07 2.3264830095415961e-05 6.6770977574184958e-05 1.3116499852053333e-06 -2.9875623109214668e-05 -4.611999533158514e-07 1.3744711764582512e-06 -2.4051368557547485e-05 3.0905962821998524e-05 -5.5088533792917249e-05 -2.2123127720856723e-05 -1.4961424925916835e-07 -1.9592166420709748e-05 -3.5795306925143753e-05 9.521671137723027e-06 9.804787521886207e-06 -2.9482887157798131e-05 -1.5422497690824404e-05 4.6855490113335581e-05 -1.1422110884985384e-05 8.713375799885321e-08 2.8051755488994595e-05 5.2442840893969511e-06 -2.8601177873042419e-05 2.1795626258490716e-07 2.346115865904423e-05 -4.2057439060438596e-07 -4.549298665419706e-06 1.2550437827414332e-05 -2.7112519285720836e-05 4.2613588553358434e-06
leaf_weight=15942 35 29 29 21 43 29 32 23 30 65 9228 99 47 1519 65 45 35 28 104 27 101 565 32 84 48 110 412 124 43 86
leaf_count=15942 35 29 29 21 43 29 32 23 30 65 9228 99 47 1519 65 45 35 28 104 27 101 565 32 84 48 110 412 124 43 86
internal_value=3.09491e-05 0.00438596 0.00948276 -0.000892857 1.38093e-05 -0.00334395 -0.00796703 0.0030303 -0.0120968 3.2108e-05 0.00030893 0.00133965 -0.00263158 0.00170165 0.000533862 0.00283019 0.000127065 -0.00240113 0.000757576 0.000406108 0.000971223 0.000407292 -0.00974576 -0.00486577 -0.000680934 0.00253165 0.000894309 -0.00121269 0.00252161 -0.00329457
internal_weight=29080 114 58 56 28966 157 91 66 62 28809 12867 3639 304 3335 1639 1696 1574 177 132 1539 1390 1289 59 149 257 158 1230 536 694 129
internal_count=29080 114 58 56 28966 157 91 66 62 28809 12867 3639 304 3335 1639 1696 1574 177 132 1539 1390 1289 59 149 257 158 1230 536 694 129
is_linear=0
shrinkage=0.05


Tree=118
num_leaves=31
num_cat=0
split_feature=25 2 21 23 41 36 21 34 1 19 24 40 27 4 24 41 24 19 36 41 24 18 24 20 24 0 42 22 22 4
split_gain=0.652179 1.5223 1.42287 1.53888 1.49972 1.18923 1.2897 1.43739 0.762281 0.748913 1.58874 1.75307 1.22864 1.05187 1.64182 1.3486 1.25439 1.2159 1.50081 1.17488 1.24256 0.934729 2.4354 1.87578 2.44104 2.71797 1.8469 2.58274 1.89442 1.70548
threshold=4.8096567391556677 83215.255000000019 368.37000000000268 3.9891802821428883 -100.36540971010399 251.62471502254633 80.165000000000887 104558.41525442353 104921.32000000002 1022.5699999999925 201.52864980000001 -637.40995061605634 89916.266750000024 807.2391550000001 253.54876270000003 -100.36540971010399 840.12361410000005 1434.9599999999994 1818.9810981991252 -176.65517787494792 407.55086080000007 496.4550000000018 591.50359500000002 33.314999999995059 357.51233677000005 112915.12000000001 38.563277713361749 272.59948425000005 213.00348250000005 328.54624500000006
decision_type=2 2 2 2 2 2 2 2 2 2 2 2 2 2 2 2 2 2 2 2 2 2 2 2 2 2 2 2 2 2
left_child=9 -2 3 4 -3 -6 7 -7 -5 21 -11 12 -12 15 -15 -13 17 18 19 -16 -21 -1 23 24 25 -23 29 28 -28 -25
right_child=1 2 -4 8 5 6 -8 -9 -10 10 11 13 -14 14 16 -17 -18 -19 -20 20 -22 22 -24 26 -26 -27 27 -29 -30 -31
leaf_value=7.5040529600661982e-08 -9.589827341704917e-05 2.0238883546767554e-05 -0.00013058665049391627 4.0236196715475885e-05 -8.0283044887179481e-05 -5.1815301595953911e-05 -4.1019333309165398e-05 1.7709805707061913e-05 2.2858503404854511e-05 8.6874351041341661e-05 0.00011976917318695814 -2.5634209342143706e-05 2.2764209582764559e-05 -0.00015994571701955556 8.8225355153416838e-05 4.1809478837530064e-05 -0.00018150225995979831 -0.00010046855038352965 8.1626576773665443e-05 -7.6779706212808506e-05 2.0875287279239523e-05 4.4593378567628171e-05 0.00010948429693011262 1.9455929373388014e-05 -7.0777793148268909e-05 -2.5314193572942311e-05 -1.0965447901603387e-05 -5.1606608104696921e-05 0.00011245080574351142 -5.5236754812352424e-05
leaf_weight=28124 21 24 27 23 31 20 20 27 33 30 29 24 33 21 37 39 20 43 24 29 26 66 34 23 27 29 25 59 24 88
leaf_count=28124 21 24 27 23 31 20 20 27 33 30 29 24 33 21 37 39 20 43 24 29 26 66 34 23 27 29 25 59 24 88
internal_value=2.06327e-05 -0.00265487 -0.00134146 0.000280899 -0.00286885 -0.00561224 -0.00186567 0.00265957 0.00714286 4.15887e-05 0.00232394 0.00130769 0.00887097 -0.000475285 -0.00225 0.00515873 -0.000698324 0.000786164 0.00344828 0.000543478 -0.00409091 1.31584e-05 -0.00246667 -0.003739 0.00122951 0.005 -0.00650685 -0.00185185 0.00663265 -0.011036
internal_weight=29080 226 205 178 122 98 67 47 56 28854 355 325 62 263 200 63 179 159 116 92 55 28499 375 341 122 95 219 108 49 111
internal_count=29080 226 205 178 122 98 67 47 56 28854 355 325 62 263 200 63 179 159 116 92 55 28499 375 341 122 95 219 108 49 111
is_linear=0
shrinkage=0.05


Tree=119
num_leaves=31
num_cat=0
split_feature=20 4 22 39 11 23 9 4 41 40 24 19 39 21 40 11 21 39 15 15 42 23 36 15 19 11 24 38 15 42
split_gain=0.67196 1.43814 1.62705 2.25708 2.00347 1.88706 2.28402 2.52887 3.00914 2.96947 2.47467 2.77205 2.44312 2.42891 2.42 2.07898 2.96952 2.44087 2.03788 2.66069 2.70576 2.03197 1.85455 2.6413 2.26693 2.08459 1.85306 2.05746 1.89394 1.64227
threshold=26.954999999994474 35.563020000000002 66.265853500000006 132.53500000000142 -0.0020446867462802156 -0.90834473270923122 -0.005897423490036414 126.39324000000002 219.77046852310039 64.463559860079855 311.55553330000004 194.34500000000119 367.64892857142803 19.525000000001459 297.66468357767741 0.00250130606496258 23.224999999998548 272.38964285714252 0.0024379013053950223 0.0020484556336143362 -12.076909612655191 -1.5178463200561023 182.42500651947924 0.00091462159259015025 92.180000000000305 -0.0017760736305382269 357.51233677000005 51.389408281428302 0.002292882975230399 -68.007672060735089
decision_type=2 2 2 2 2 2 2 2 2 2 2 2 2 2 2 2 2 2 2 2 2 2 2 2 2 2 2 2 2 2
left_child=-1 -2 3 22 -5 6 -4 8 9 15 11 -9 13 -10 -14 18 17 -17 19 21 -21 -8 23 24 -3 -26 28 -28 -12 -11
right_child=1 2 5 4 -6 -7 7 10 12 29 26 -13 14 -15 -16 16 -18 -19 -20 20 -22 -23 -24 -25 25 -27 27 -29 -30 -31
leaf_value=-3.4616846524610878e-07 4.8304366626738128e-06 -4.4935034600878226e-06 5.0057458604853039e-05 1.4054286760915469e-06 -1.5204345029017864e-05 8.4062122327366349e-07 2.3634196107517518e-05 1.4585468894942202e-05 1.6767218019686543e-06 2.6636202090966375e-05 4.7328209758145259e-05 -4.7762057560434881e-05 2.0757188050185678e-05 3.3017072661679007e-05 -4.5189674655899022e-05 3.6189115990641783e-05 2.3006289601299528e-05 -3.6746463721425642e-05 2.6191507499642981e-05 6.9076536707633984e-06 -4.7308327705443336e-05 -1.08259059872461e-06 -5.1334053627619515e-06 -1.0201409341181637e-05 -1.0906053773367744e-05 1.3520292584919088e-05 -2.2582205773631799e-05 1.1002235013639986e-07 -3.5811367509144579e-07 -1.3524763184006298e-05
leaf_weight=11007 265 67 34 48 200 14895 26 29 55 26 22 184 25 93 25 21 95 38 67 30 47 620 165 36 21 119 154 230 33 403
leaf_count=11007 265 67 34 48 200 14895 26 29 55 26 22 184 25 93 25 21 95 38 67 30 47 620 165 36 21 119 154 230 33 403
internal_value=2.40715e-05 0.000211642 0.000157233 -0.00228659 -0.00604839 0.0002507 -0.00109659 -0.0012933 -0.000206875 -0.00103787 -0.00391104 -0.00833333 0.00555556 0.00878378 -0.004 0.000529661 0.00584416 -0.0029661 -0.000506329 -0.00127939 -0.0100649 -0.000232198 0 0.00277778 0.00495169 0.00857143 -0.00176538 -0.00299479 0.00681818 -0.00448718
internal_weight=29080 18073 17808 656 248 17152 2257 2223 1571 1373 652 213 198 148 50 944 154 59 790 723 77 646 408 243 207 140 439 384 55 429
internal_count=29080 18073 17808 656 248 17152 2257 2223 1571 1373 652 213 198 148 50 944 154 59 790 723 77 646 408 243 207 140 439 384 55 429
is_linear=0
shrinkage=0.05


end of trees

feature_importances:
upper_wick=193
lower_wick=180
volume_zscore_20=166
log_return_2=162
log_return_3=162
price_minus_ema_200=156
log_return_12=149
candle_range=147
log_return_6=144
volume_zscore_50=136
vol_std_10=131
rsi=127
volume_mean_50=125
log_return_1=121
atr=120
macd_hist=118
vol_std_50=114
volume_mean_20=109
vol_std_20=100
macd=100
volume=95
candle_body=89
price_minus_ema_20=89
macd_signal=88
price_minus_ema_50=79
sma_200=67
ema_200=64
open=57
sma_50=40
ema_50=37
low=34
ema_20=29
sma_20=29
high=27
close=16

parameters:
[boosting: gbdt]
[objective: quantile]
[metric: quantile]
[tree_learner: serial]
[device_type: cpu]
[data_sample_strategy: bagging]
[data: ]
[valid: ]
[num_iterations: 120]
[learning_rate: 0.05]
[num_leaves: 31]
[num_threads: 0]
[seed: 42]
[deterministic: 0]
[force_col_wise: 0]
[force_row_wise: 0]
[histogram_pool_size: -1]
[max_depth: -1]
[min_data_in_leaf: 20]
[min_sum_hessian_in_leaf: 0.001]
[bagging_fraction: 1]
[pos_bagging_fraction: 1]
[neg_bagging_fraction: 1]
[bagging_freq: 0]
[bagging_seed: 400]
[bagging_by_query: 0]
[feature_fraction: 1]
[feature_fraction_bynode: 1]
[feature_fraction_seed: 30056]
[extra_trees: 0]
[extra_seed: 12879]
[early_stopping_round: 0]
[early_stopping_min_delta: 0]
[first_metric_only: 0]
[max_delta_step: 0]
[lambda_l1: 0]
[lambda_l2: 0]
[linear_lambda: 0]
[min_gain_to_split: 0]
[drop_rate: 0.1]
[max_drop: 50]
[skip_drop: 0.5]
[xgboost_dart_mode: 0]
[uniform_drop: 0]
[drop_seed: 17869]
[top_rate: 0.2]
[other_rate: 0.1]
[min_data_per_group: 100]
[max_cat_threshold: 32]
[cat_l2: 10]
[cat_smooth: 10]
[max_cat_to_onehot: 4]
[top_k: 20]
[monotone_constraints: ]
[monotone_constraints_method: basic]
[monotone_penalty: 0]
[feature_contri: ]
[forcedsplits_filename: ]
[refit_decay_rate: 0.9]
[cegb_tradeoff: 1]
[cegb_penalty_split: 0]
[cegb_penalty_feature_lazy: ]
[cegb_penalty_feature_coupled: ]
[path_smooth: 0]
[interaction_constraints: ]
[verbosity: -1]
[saved_feature_importance_type: 0]
[use_quantized_grad: 0]
[num_grad_quant_bins: 4]
[quant_train_renew_leaf: 0]
[stochastic_rounding: 1]
[linear_tree: 0]
[max_bin: 255]
[max_bin_by_feature: ]
[min_data_in_bin: 3]
[bin_construct_sample_cnt: 200000]
[data_random_seed: 175]
[is_enable_sparse: 1]
[enable_bundle: 1]
[use_missing: 1]
[zero_as_missing: 0]
[feature_pre_filter: 1]
[pre_partition: 0]
[two_round: 0]
[header: 0]
[label_column: ]
[weight_column: ]
[group_column: ]
[ignore_column: ]
[categorical_feature: ]
[forcedbins_filename: ]
[precise_float_parser: 0]
[parser_config_file: ]
[objective_seed: 16083]
[num_class: 1]
[is_unbalance: 0]
[scale_pos_weight: 1]
[sigmoid: 1]
[boost_from_average: 1]
[reg_sqrt: 0]
[alpha: 0.5]
[fair_c: 1]
[poisson_max_delta_step: 0.7]
[tweedie_variance_power: 1.5]
[lambdarank_truncation_level: 30]
[lambdarank_norm: 1]
[label_gain: ]
[lambdarank_position_bias_regularization: 0]
[eval_at: ]
[multi_error_top_k: 1]
[auc_mu_weights: ]
[num_machines: 1]
[local_listen_port: 12400]
[time_out: 120]
[machine_list_filename: ]
[machines: ]
[gpu_platform_id: -1]
[gpu_device_id: -1]
[gpu_use_dp: 0]
[num_gpu: 1]

end of parameters

pandas_categorical:[]
