tree
version=v4
num_class=1
num_tree_per_iteration=1
label_index=0
max_feature_idx=42
objective=quantile
feature_names=open high low close volume log_return_1 return_1 log_return_2 return_2 log_return_3 return_3 log_return_6 return_6 log_return_12 return_12 vol_std_10 vol_std_20 vol_std_50 candle_body candle_range upper_wick lower_wick volume_mean_20 volume_zscore_20 volume_mean_50 volume_zscore_50 ema_20 sma_20 price_minus_ema_20 slope_ema_20 ema_50 sma_50 price_minus_ema_50 slope_ema_50 ema_200 sma_200 price_minus_ema_200 slope_ema_200 rsi atr macd macd_signal macd_hist
feature_infos=[74690.580000000002:126011.17999999999] [75285.039999999994:126199.63] [74508:125648.00999999999] [74690.570000000007:126011.17999999999] [3.9853800000000001:10067.89134] [-0.035890133218213119:0.029861157113717788] [-0.035253718770090314:0.030311472603595346] [-0.052412161538236926:0.045254527572378862] [-0.051062329379604754:0.046294136726498625] [-0.076345624613142066:0.047335711001676224] [-0.07350406858278935:0.048473934238471239] [-0.073152500713729862:0.072296241937359049] [-0.070540923955203727:0.074973749205081708] [-0.081269203324683043:0.10367694423068342] [-0.078054532750242211:0.10924204998249354] [0.00016322146999923581:0.018949945307924917] [0.00027346878892856166:0.014069470977955002] [0.0004120618436617639:0.0093579639131313973] [-3777.2700000000041:2712.8999999999942] [0.0099999999947613105:10510.919999999998] [0:1851.5899999999965] [0:6432.0899999999965] [19.673050499999999:2336.9502454999997] [-2.5403325619437807:4.2393819048503429] [24.762274399999995:1310.0853185999999] [-1.8819750271047107:6.8353700211107622] [75872.833931118483:125289.02922206475] [75857.793999999994:125354.46099999998] [-7696.4656071529607:5711.525555911212] [-810.15427443715453:601.21321641170653] [76607.616053510661:124904.07037472917] [76438.480800000005:125067.561] [-9885.1445516932872:7314.6442610844679] [-403.47528782421432:298.55690861570474] [77866.045862397325:124022.47513872001] [77963.056649999999:124079.62860000001] [-12301.299950189394:8874.7619754131301] [-123.63115527828631:89.193587692599976] [0:97.230330818552233] [26.204285714284715:2956.1150000000011] [-2065.4581696820533:2080.7388784828217] [-1669.0290810108961:1753.0197651514145] [-665.32502812986513:810.29312952900113]
tree_sizes=2945 2958 2967 2996 2978 2975 2976 2967 2958 2970 2974 2979 2943 2990 2986 2971 2960 2987 2984 2972 2971 2989 2938 2959 2961 2969 3008 2994 2973 2977 2988 3009 2943 2944 2970 2980 2953 2968 3013 2988 2993 2974 2981 2972 2977 2970 2940 2973 2985 2976 2981 2970 2963 2957 2976 2967 3011 2965 2963 2964 2962 2981 2977 2988 2990 2921 2947 2950 2941 2979 2959 2972 2973 2961 2969 2942 3020 2987 2933 2978 2971 2939 2938 3000 2973 2950 2973 2979 2962 2948 2945 2955 2933 2924 2925 2941 2931 2962 2979 2972 2947 2972 2967 2943 2964 2951 2959 2924 2915 2974 2941 2964 2935 2954 2975 2947 2946 2977 2977 2962

Tree=0
num_leaves=31
num_cat=0
split_feature=39 4 4 16 19 2 16 5 39 21 21 0 36 4 7 41 36 7 9 13 21 15 0 7 40 20 25 28 9 17
split_gain=100.276 33.1054 20.3307 7.2985 5.93499 5.74434 5.23675 3.74529 3.16618 2.72976 2.63304 2.59234 2.45835 2.1411 1.95975 1.9434 2.96605 1.9089 1.90738 2.16667 1.8439 1.8028 2.21777 1.78703 1.69392 1.64651 1.85125 1.63943 1.96314 2.1359
threshold=333.28964285714397 366.04356000000007 126.39324000000002 0.0030013401091377066 370.04500000000559 90879.880000000019 0.0012234906260598492 -0.0091353743837251748 206.95071428571728 33.394999999996806 368.37000000000268 102293.32500000001 -2221.4502272760651 560.3816250000001 -0.0047633696464866532 -31.471145593531066 -102.23510316681494 0.0065472327079176299 -0.0030492367040531672 0.0068632856497304147 42.519999999996806 0.0016155131488882909 89176.765000000014 0.00858649123415464 104.83116212597817 4.8050000000002919 4.0392977631535834 -546.26854540935153 -0.0021457378420055352 0.0031291257052217534
decision_type=2 2 2 2 2 2 2 2 2 2 2 2 2 2 2 2 2 2 2 2 2 2 2 2 2 2 2 2 2 2
left_child=2 3 6 11 8 7 -1 -3 -4 -6 23 21 20 -11 -12 -15 -17 25 -18 -20 -5 22 -2 -9 -19 -7 -27 -22 -29 -30
right_child=1 5 4 12 9 17 -8 10 -10 13 14 -13 -14 15 -16 16 18 24 19 -21 27 -23 -24 -25 -26 26 -28 28 29 -31
leaf_value=-0.0021996542549796009 -0.0022235193869870242 -0.0026524422439977097 -0.0022231110189680826 -0.0023030372909521005 -0.0022511782698045415 -0.0022780455038497612 -0.0022313026186145594 -0.0024222876134608242 -0.0022556461277102756 -0.002294275902751866 -0.0024789457686315353 -0.0022569898107399214 -0.0023081958573107626 -0.0023141860518022563 -0.0026134899539321465 -0.0024866156734555216 -0.0021930753641849635 -0.0023926260154797261 -0.0024147979402553881 -0.0022976918386891747 -0.0023036363201705328 -0.0022875846174730875 -0.0023506679571276526 -0.0024422762570898886 -0.0023304014168628656 -0.0023397176733800356 -0.0024540929592301274 -0.0024330626613582756 -0.0023749226055865473 -0.0023589855869806772
leaf_weight=6383 21 71 1921 128 591 135 6160 984 4129 1160 43 2628 1695 66 81 22 20 91 39 39 114 805 31 153 114 1186 62 52 20 136
leaf_count=6383 21 71 1921 128 591 135 6160 984 4129 1160 43 2628 1695 66 81 22 20 91 39 39 114 805 31 153 114 1186 62 52 20 136
internal_value=-0.0022548 -0.0068045 -0.000360009 -0.00456386 -0.0023318 -0.0111247 0.000895565 -0.0135461 -0.00156058 -0.0047406 -0.012917 -0.0031515 -0.00685853 -0.00598437 -0.0198354 -0.0109645 -0.0147548 -0.00909359 -0.0110303 -0.0145625 -0.0101437 -0.00553951 -0.0145625 -0.0121624 -0.0135963 -0.00842616 -0.00899358 -0.0121616 -0.0148029 -0.0119984
internal_weight=29080 8550 20530 5630 7987 2920 12543 1332 6050 1937 1261 3485 2145 1346 124 186 120 1588 98 78 450 857 52 1137 205 1383 1248 322 208 156
internal_count=29080 8550 20530 5630 7987 2920 12543 1332 6050 1937 1261 3485 2145 1346 124 186 120 1588 98 78 450 857 52 1137 205 1383 1248 322 208 156
is_linear=0
shrinkage=1


Tree=1
num_leaves=31
num_cat=0
split_feature=39 4 39 4 0 1 19 19 21 15 11 13 40 4 18 39 21 36 38 28 15 0 21 26 16 25 41 23 36 26
split_gain=92.5167 28.8666 18.4184 7.02035 6.79293 4.92927 3.70326 3.23959 3.11279 2.68483 2.59727 2.4603 3.12172 2.17883 2.10927 2.05444 2.0074 1.91475 1.84231 1.62781 1.6227 1.96806 1.58677 1.68864 1.5058 1.64725 1.41147 1.40934 1.4087 1.37885
threshold=333.28964285714397 366.04356000000007 208.24249999999876 126.39324000000002 102293.32500000001 91791.570000000022 491.84000000000384 204.09999999999857 405.99500000000268 0.0037780290106711836 0.010007285434999898 -0.011735016792162056 -164.19642576859766 599.4339050000001 -869.0500000000028 692.27607142857289 169.36000000000061 -2809.8400051788117 23.550969953462346 -1634.4711546564138 0.0016155131488882909 89176.765000000014 122.81999999999972 109958.55542589593 0.0030013401091377066 0.29739079877853097 -215.1560466009073 -0.87569859317837384 -1044.7886269632797 89179.148422295912
decision_type=2 2 2 2 2 2 2 2 2 2 2 2 2 2 2 2 2 2 2 2 2 2 2 2 2 2 2 2 2 2
left_child=2 4 7 -4 9 8 16 -1 14 17 -11 12 22 -7 15 -3 -5 26 -8 -10 21 -19 -6 -24 -13 -26 27 -2 -21 -12
right_child=1 5 3 6 11 13 18 -9 19 10 29 24 -14 -15 -16 -17 -18 20 -20 28 -22 -23 23 -25 25 -27 -28 -29 -30 -31
leaf_value=4.8633790100243782e-05 1.4246595128067038e-05 -0.00052286961598308585 2.0177392052753015e-05 1.808287452957115e-08 -1.599386111279337e-05 -6.0437691312913244e-05 -0.00019895036986391482 2.3427602793614409e-05 -0.00016779202210834884 -8.550172392766851e-05 -0.00012907693163503113 2.0314066507234626e-06 -0.00015734073673991539 -0.00011647293918692182 -0.00016293944633644547 -0.00012979053072308152 -2.6017171398392974e-05 3.1071755432570632e-05 -5.3677131599344345e-05 -0.0004022182623680441 -3.0035670840201446e-05 -0.0001156495615654571 -6.5192910066076259e-05 -5.8620739319990805e-05 -3.2016357888178131e-05 -8.2681319443964258e-05 -0.00017647376288600054 -9.2404558608092879e-05 -0.00034174265662363748 -8.2754858981035797e-05
leaf_weight=7908 47 20 4641 4600 160 889 60 2213 21 543 51 2466 26 688 1201 25 432 23 676 47 1530 37 23 43 517 32 33 79 29 20
leaf_count=7908 47 20 4641 4600 160 889 60 2213 21 543 51 2466 26 688 1201 25 432 23 676 47 1530 37 23 43 517 32 33 79 29 20
internal_value=3.09493e-05 -0.00433918 0.00185095 0.000374196 -0.00224689 -0.00837329 -0.000790568 0.00336973 -0.0105994 -0.00428904 -0.00713355 -0.000769819 -0.00551587 -0.00647749 -0.00992777 -0.0205556 -0.000306041 -0.00329045 -0.00410326 -0.0192268 -0.0027673 -0.0108333 -0.00362832 -0.0101515 -0.000373134 -0.00274135 -0.00852201 -0.00611111 -0.0226316 -0.0161268
internal_weight=29080 8550 20530 10409 5630 2920 5768 10121 1343 2363 614 3267 252 1577 1246 45 5032 1749 736 97 1590 60 226 66 3015 549 159 126 76 71
internal_count=29080 8550 20530 10409 5630 2920 5768 10121 1343 2363 614 3267 252 1577 1246 45 5032 1749 736 97 1590 60 226 66 3015 549 159 126 76 71
is_linear=0
shrinkage=0.05


Tree=2
num_leaves=31
num_cat=0
split_feature=39 4 39 0 4 15 21 19 21 13 40 25 19 15 36 22 7 24 11 15 11 21 36 20 35 26 42 22 42 38
split_gain=85.2483 25.8032 15.6334 7.18896 5.61103 4.65712 4.07667 3.18581 3.17494 2.66909 2.86665 2.64175 2.57707 2.54341 2.52912 3.2782 2.54211 2.66562 2.23034 1.9977 1.95412 1.94897 1.89225 1.87895 1.82447 1.76944 1.76576 1.75362 1.75293 1.74837
threshold=319.12857142857013 366.04356000000007 208.24249999999876 102293.32500000001 135.92595500000002 0.0039411762772094744 572.61000000000797 204.09999999999857 183.39000000000672 -0.011735016792162056 -164.19642576859766 -0.1948781513046407 533.79000000000099 0.0037780290106711836 274.05651546180167 337.49071625000005 0.0076411748655783101 415.49426060000002 0.010007285434999898 0.0015993072363766955 -0.0055826559095908503 122.81999999999972 -2809.8400051788117 23.684999999997675 101624.80480000003 89179.148422295912 152.48168027144655 683.25068625000006 -71.154016504451803 84.76341623309348
decision_type=2 2 2 2 2 2 2 2 2 2 2 2 2 2 2 2 2 2 2 2 2 2 2 2 2 2 2 2 2 2
left_child=2 3 7 13 -4 -3 11 -1 12 10 21 -7 -6 19 15 28 24 -18 -15 -2 23 -5 -21 -14 -17 -20 -19 -8 -13 -16
right_child=1 5 4 9 8 6 27 -9 -10 -11 -12 14 20 18 29 16 17 26 25 22 -22 -23 -24 -25 -26 -27 -28 -29 -30 -31
leaf_value=4.6202100595231597e-05 -7.2926539805562323e-05 -8.6287687871789933e-05 1.8064126402313175e-05 -1.3531073316089949e-05 6.7265648164252694e-07 -9.7867825136247662e-05 -0.00070070245132977302 2.2256222653933686e-05 -4.7945761271167716e-05 -2.3901807340383352e-06 -0.00014774721374450413 -0.00028579029043936338 -0.00023046331427933799 -8.1226637731285082e-05 -0.00013206131232239431 -0.00017590975103725832 -0.00021431795079678863 -0.00016076729886086057 -0.00011825936840828145 -0.00010252921292609641 -2.9576856434877375e-05 -6.2467104388053713e-05 -3.0907473473956494e-05 -0.00013913001383886189 -7.1764130366892709e-05 -7.8617116031984012e-05 -0.00065213640506849751 -0.00025043811454736965 -0.00027070940418577925 -0.00017935456403345935
leaf_weight=7908 78 1713 4840 165 4008 191 23 2213 427 3468 27 43 20 543 332 429 22 51 52 161 269 70 1722 47 129 20 21 25 36 27
leaf_count=7908 78 1713 4840 165 4008 191 23 2213 427 3468 27 43 20 543 332 429 22 51 52 161 269 70 1722 47 129 20 21 25 36 27
internal_value=7.56536e-05 -0.00385751 0.00193898 -0.00203298 0.000494746 -0.00763971 -0.0098608 0.00331044 -0.000722071 -0.000630027 -0.00549618 -0.00932475 -0.000317679 -0.00406444 -0.0102752 -0.0119631 -0.0107975 -0.0184043 -0.00686992 -0.0031846 -0.00452381 -0.0037234 -0.0028598 -0.0121642 -0.00951613 -0.0151389 -0.01375 -0.0241667 -0.0215823 -0.00683844
internal_weight=29080 9348 19732 6306 9611 3042 1329 10121 4771 3730 262 1281 4344 2576 1090 731 652 94 615 1961 336 235 1883 67 558 72 72 48 79 359
internal_count=29080 9348 19732 6306 9611 3042 1329 10121 4771 3730 262 1281 4344 2576 1090 731 652 94 615 1961 336 235 1883 67 558 72 72 48 79 359
is_linear=0
shrinkage=0.05


Tree=3
num_leaves=31
num_cat=0
split_feature=39 4 19 16 39 19 19 1 4 32 39 24 35 5 27 4 24 39 1 11 11 11 35 7 42 18 7 38 17 21
split_gain=76.289 23.2243 15.0514 7.53541 4.88657 4.09505 3.86085 3.14407 2.71839 2.52264 2.29141 2.07212 3.08867 2.06635 2.08692 1.95147 1.86774 2.16866 2.79592 2.10978 2.19269 1.85331 1.5638 1.56289 1.56072 1.4399 1.44679 1.42588 1.39339 1.38101
threshold=319.12857142857013 449.3654350000001 202.79499999999828 0.0030013401091377066 186.71357142857079 419.84500000000122 1434.9599999999994 91791.570000000022 150.20367000000002 -120.94014650864118 713.01928571428505 694.17274710000004 100154.92360000001 -0.0055650341489821512 115063.12050000002 128.79516000000004 176.03397840000005 437.03499999999991 90973.505000000019 -0.019272052996301081 -0.0014182015282784503 -0.0042442225260798062 104307.21380000001 0.0054307824957243378 -192.46360913050412 -66.040000000000859 0.0008083142973835507 76.464063538137864 0.0030500529176682016 153.62999999999741
decision_type=2 2 2 2 2 2 2 2 2 2 2 2 2 2 2 2 2 2 2 2 2 2 2 2 2 2 2 2 2 2
left_child=2 3 4 8 -1 15 7 16 28 24 27 12 -8 -10 -15 -4 -3 -18 19 -19 21 -21 -6 -9 -5 -12 -27 -11 -2 -26
right_child=1 6 5 9 22 -7 11 23 13 10 25 -13 -14 14 -16 -17 17 18 -20 20 -22 -23 -24 -25 29 26 -28 -29 -30 -31
leaf_value=4.7709582889104558e-05 1.3243639495895866e-05 -0.00021404939226704413 1.8487693438023272e-05 -0.00016867082787716244 9.7072988610664474e-06 -3.8177213175035157e-05 -0.00034758975998938179 -7.2509510472181351e-05 -0.00015088609607948346 -2.1655096551698767e-05 -2.1085528307392658e-05 -0.0001029714903079152 -0.00014196196633711863 -2.3872604542677092e-05 8.5955643914463182e-06 7.1849801955745112e-07 -0.00015037298806566343 -8.4559543403679762e-05 -0.00026969153218755972 -0.00023886647673980753 -0.00013020751911786699 -0.00019493534122269583 2.7590689819600433e-05 -7.7660081009845369e-05 -5.844251687387687e-05 -0.00017249816109210622 -6.9941188230180872e-05 -4.4418747937133676e-05 -3.6963357619558605e-05 -0.00010778146017490318
leaf_weight=6642 1302 25 2842 72 2067 1231 55 923 23 1088 29 20 36 2334 646 4201 204 116 21 282 346 44 2749 209 923 21 32 111 197 289
leaf_count=6642 1302 25 2842 72 2067 1231 55 923 23 1088 29 20 36 2334 646 4201 204 116 21 282 346 44 2749 209 923 21 32 111 197 289
internal_value=0.000130674 -0.00359007 0.00189337 -0.00217419 0.00306685 0.000268311 -0.00797676 -0.00751152 -0.000941803 -0.00433723 -0.00276737 -0.0170721 -0.0202747 -0.00180986 -0.00169463 0.000733352 -0.00949904 -0.00916584 -0.0103276 -0.00984772 -0.0109226 -0.013865 0.00185424 -0.00568905 -0.00590343 -0.0108537 -0.0157547 -0.00221435 0.000797198 -0.00547855
internal_weight=29080 9348 19732 7067 11458 8274 2281 2170 4502 2565 1281 111 91 3003 2980 7043 1038 1013 809 788 672 326 4816 1132 1284 82 53 1199 1499 1212
internal_count=29080 9348 19732 7067 11458 8274 2281 2170 4502 2565 1281 111 91 3003 2980 7043 1038 1013 809 788 672 326 4816 1132 1284 82 53 1199 1499 1212
is_linear=0
shrinkage=0.05


Tree=4
num_leaves=31
num_cat=0
split_feature=39 4 39 0 4 19 15 19 7 19 25 2 25 5 24 35 21 16 25 23 20 1 15 35 42 41 11 0 4 32
split_gain=69.8284 20.7528 14.1173 6.85145 4.83417 4.22253 3.13788 2.85013 2.78237 2.74037 2.68329 2.5224 2.29735 2.07928 2.07212 3.08867 1.87394 1.77891 2.54925 1.76991 1.75368 1.74272 1.72704 1.7652 1.6711 1.58255 1.57853 1.57452 1.54022 1.70844
threshold=319.12857142857013 449.3654350000001 206.95071428571728 102293.32500000001 126.39324000000002 1434.9599999999994 0.0039411762772094744 491.84000000000384 0.00858649123415464 204.09999999999857 2.7865295795988105 90879.880000000019 1.5201889748174771 -0.0055650341489821512 694.17274710000004 100154.92360000001 183.39000000000672 0.0030013401091377066 0.28467506258939551 -0.11614223762907952 126.49499999999536 90973.505000000019 0.0015993072363766955 104783.58085000001 12.33676514841282 -67.690338436584184 -0.0010548070938204031 113644.76500000001 156.40742500000002 -125.63238515320698
decision_type=2 2 2 2 2 2 2 2 2 2 2 2 2 2 2 2 2 2 2 2 2 2 2 2 2 2 2 2 2 2
left_child=2 3 9 6 -4 8 22 16 11 -1 12 21 26 -5 15 -7 -6 19 -19 -15 -8 25 -2 28 -9 -3 -10 -20 -24 -30
right_child=1 5 4 13 7 14 20 24 10 -11 -12 -13 -14 17 -16 -17 -18 18 27 -21 -22 -23 23 -25 -26 -27 -28 -29 29 -31
leaf_value=4.1681246622790274e-05 -6.3271426330005964e-05 -0.0001941656481698991 1.8196052707516045e-05 -0.00011583290914351766 1.5496760005457879e-06 -0.00033021027198991274 -6.125170094619452e-05 -7.0366199806517709e-05 -0.00020785581967469651 2.103075184112158e-05 -7.4998223555737984e-05 -6.78807332290805e-05 -0.00021660622015119138 6.2138486132243483e-06 -9.7822915792519441e-05 -0.0001348638680202627 -2.5974519602798663e-05 -3.4359899132008086e-05 -7.0792360052973624e-05 -1.8261538709106722e-05 -0.00011859564479704609 -0.00030315913042171607 -2.9723684198457857e-06 -0.00011192405290523657 -6.8447698040971075e-06 -0.00014112960426755191 -0.00010703416287157933 -0.00011067641060702324 -6.0816763278525754e-05 -2.5310417954753679e-05
leaf_weight=7846 83 513 4477 21 4329 55 455 392 20 2160 63 1050 42 2280 20 36 288 650 42 1040 263 27 556 20 240 362 93 29 723 905
leaf_count=7846 83 513 4477 21 4329 55 455 392 20 2160 63 1050 42 2280 20 36 288 650 42 1040 263 27 556 20 240 362 93 29 723 905
internal_value=0.000146149 -0.00341356 0.00183256 -0.00207514 0.000476044 -0.00756028 -0.00388519 -0.000553439 -0.00707373 0.00315111 -0.0124312 -0.00647541 -0.0159677 -0.00073609 -0.0170721 -0.0202747 -0.000122374 -0.000654541 -0.00290569 -0.000165662 -0.0067688 -0.00841463 -0.00297989 -0.00271325 -0.00370253 -0.00802857 -0.0122566 -0.0119014 -0.00257784 -0.00335381
internal_weight=29080 9348 19732 7067 9726 2281 3005 5249 2170 10006 218 1952 155 4062 111 91 4617 4041 721 3320 718 902 2287 2204 632 875 113 71 2184 1628
internal_count=29080 9348 19732 7067 9726 2281 3005 5249 2170 10006 218 1952 155 4062 111 91 4617 4041 721 3320 718 902 2287 2204 632 875 113 71 2184 1628
is_linear=0
shrinkage=0.05


Tree=5
num_leaves=31
num_cat=0
split_feature=39 4 39 4 19 31 7 31 40 15 11 21 19 19 11 11 7 24 27 25 7 22 25 25 0 19 16 7 41 30
split_gain=63.625 17.9806 13.826 5.56771 4.76116 4.49516 3.17656 2.6705 2.90338 2.48302 2.40415 2.3381 2.19291 2.03754 2.25376 2.02679 1.97025 1.82382 2.96723 1.62447 1.61341 1.77846 1.49913 2.41885 1.48891 1.44511 2.0247 1.40178 1.56067 1.37619
threshold=319.12857142857013 318.88129500000008 185.60285714285575 154.08002000000002 1434.9599999999994 96654.735800000009 0.00858649123415464 106824.83780000001 -49.301960907840105 0.0050538019292587361 -0.0029889529275440156 183.39000000000672 217.37000000000265 533.79000000000099 -0.0055826559095908503 -0.003624902010218551 -0.0052112057076556424 694.17274710000004 91033.066000000006 1.7652380894949895 0.0027630909355845861 509.46708700000005 2.7865295795988105 1.5201889748174771 90835.255000000019 251.52500000000148 0.0017139680037563231 0.0026324787499356329 -142.18885705484442 91877.903549117051
decision_type=2 2 2 2 2 2 2 2 2 2 2 2 2 2 2 2 2 2 2 2 2 2 2 2 2 2 2 2 2 2
left_child=2 5 12 -4 6 9 7 8 27 16 -8 13 -1 29 19 25 24 18 -6 -15 -11 -22 23 -12 -2 -7 -27 -3 -29 -5
right_child=1 4 3 11 17 15 10 -9 -10 20 22 -13 -14 14 -16 -17 -18 -19 -20 -21 21 -23 -24 -25 -26 26 -28 28 -30 -31
leaf_value=4.3082387815927902e-05 -9.2111363928670023e-05 -0.00014585508302504598 1.6429712283730954e-05 -1.3874934532020164e-05 -0.00031214715776424473 1.493573505540615e-05 -0.00021568910608976959 -4.2518006194503381e-05 -6.9792574116781661e-05 -5.8110708128055641e-05 -8.7797673877354864e-05 -4.1909791803450085e-05 1.6342364105381391e-05 -0.00025019099920658137 -2.350139280738467e-05 1.0633511581937081e-06 -3.1931064305189981e-05 -9.2931770002893459e-05 -0.00020417702439411929 -0.00010773934421056391 -8.4869988429503749e-05 -0.00012917411076935554 -7.1248312377951081e-05 -0.0002057759091436318 -0.00012525584419327757 -6.5618695447200947e-05 -5.075308231122116e-05 -6.2710627435910005e-05 -8.8279722075956197e-05 7.3795232232441389e-06
leaf_weight=6828 56 1020 7219 1168 41 147 22 976 986 97 129 445 1107 21 275 3005 1790 20 50 50 20 21 63 42 20 37 538 235 33 2619
leaf_count=6828 56 1020 7219 1168 41 147 22 976 986 97 129 445 1107 21 275 3005 1790 20 50 50 20 21 63 42 20 37 538 235 33 2619
internal_value=0.000182256 -0.00321566 0.00179201 0.000706536 -0.00597595 -0.00147356 -0.00565317 -0.00523077 -0.00616974 -0.00338323 -0.0110156 -0.000657492 0.0034058 -0.000286716 -0.00395954 -0.00044674 -0.00290461 -0.0161712 -0.0191758 -0.0119014 -0.00985507 -0.0181707 -0.00952991 -0.0119591 -0.0107895 -0.00282548 -0.00395652 -0.00773292 -0.00451493 4.88515e-05
internal_weight=29080 9348 19732 11797 3617 5731 3506 3250 2274 2004 256 4578 7935 4133 346 3727 1866 111 91 71 138 41 234 171 76 722 575 1288 268 3787
internal_count=29080 9348 19732 11797 3617 5731 3506 3250 2274 2004 256 4578 7935 4133 346 3727 1866 111 91 71 138 41 234 171 76 722 575 1288 268 3787
is_linear=0
shrinkage=0.05


Tree=6
num_leaves=31
num_cat=0
split_feature=19 15 39 4 16 19 16 24 17 7 24 17 7 36 21 11 20 40 39 21 11 28 23 21 24 4 42 18 4 13
split_gain=57.8482 19.6862 11.5192 7.34115 4.2686 4.10528 2.93945 2.2381 2.89746 2.1529 2.0616 2.02608 1.99311 1.97406 1.89512 1.83464 2.54461 1.76519 1.76517 1.70832 2.03633 1.70446 1.70178 1.64103 1.92308 1.63738 1.70035 1.63333 1.57988 1.70174
threshold=273.57500000000442 0.0039411762772094744 186.71357142857079 386.18837500000006 0.0019973669211418902 1434.9599999999994 0.0030013401091377066 694.17274710000004 0.0040619476366767805 0.0065472327079176299 241.84081610000001 0.0013458543771906449 0.0032585548037646706 -846.82138309887512 160.63500000000207 -0.0065114752291693407 198.11499999999799 102.94343334591396 426.4753571428576 346.96999999999395 -0.019272052996301081 1.0000000180025095e-35 -1.1286885686678259 292.3499999999986 267.93170970000011 460.74531000000007 69.93251092243392 99.864999999997977 184.77416500000001 0.012917049439044995
decision_type=2 2 2 2 2 2 2 2 2 2 2 2 2 2 2 2 2 2 2 2 2 2 2 2 2 2 2 2 2 2
left_child=2 3 -1 6 -4 9 28 8 -7 12 -6 -5 13 18 -13 -16 25 -11 -3 22 -21 -8 -20 24 -18 -17 -27 -22 29 -2
right_child=1 5 4 11 10 7 21 -9 -10 17 -12 14 -14 -15 15 16 23 -19 19 20 27 -23 -24 -25 -26 26 -28 -29 -30 -31
leaf_value=3.9927664002945285e-05 6.1256701063103701e-06 -0.00020556149892467565 1.7648756213878475e-05 1.3306411402677551e-05 9.8689232027022494e-06 -0.00018573438587113141 -6.0847797321114373e-05 -8.828518150274877e-05 -0.00063288652862631138 -0.00013262635838621754 -1.7782509674053931e-05 -5.1197763622632715e-05 -3.7741510811827011e-05 -9.7009978933986396e-05 -6.7985299036494616e-05 -3.214088578160002e-05 -0.00022144974741727388 -9.854117885855407e-05 -0.0001271994636489992 -8.2350296308131944e-05 -0.00024737133773021258 -1.6253150445227882e-05 -0.00010339471627142574 -0.00021587401528465208 -0.00015439986785343207 -0.00017075303177162423 -2.4526936368205367e-05 -4.3238346708248518e-05 -1.35370855953555e-05 -0.00014521158210019535
leaf_weight=7522 2849 22 6777 153 1539 44 536 20 30 173 1753 1317 245 540 279 125 26 127 24 27 49 548 604 26 26 183 63 21 3406 26
leaf_count=7522 2849 22 6777 153 1539 44 536 20 30 173 1753 1317 245 540 279 125 26 127 24 27 49 548 604 26 26 183 63 21 3406 26
internal_value=0.000221802 -0.00253764 0.00202405 -0.0016088 0.000918165 -0.00714953 -0.000852003 -0.0173404 -0.0213514 -0.00662664 -0.000558931 -0.00414468 -0.00586815 -0.00665501 -0.0045599 -0.00660714 -0.00858575 -0.0105 -0.00831995 -0.00789655 -0.0140722 -0.00325646 -0.00694267 -0.0167949 -0.0219231 -0.00685984 -0.00922764 -0.0185714 -0.000437032 0.000426087
internal_weight=29080 11489 17591 9563 10069 1926 7365 94 74 1832 3292 2198 1532 1287 2045 728 449 300 747 725 97 1084 628 78 52 371 246 70 6281 2875
internal_count=29080 11489 17591 9563 10069 1926 7365 94 74 1832 3292 2198 1532 1287 2045 728 449 300 747 725 97 1084 628 78 52 371 246 70 6281 2875
is_linear=0
shrinkage=0.05


Tree=7
num_leaves=31
num_cat=0
split_feature=19 16 39 4 24 23 24 3 39 11 32 4 31 40 25 0 21 1 13 4 9 21 32 22 13 35 19 15 19 23
split_gain=51.5254 17.4526 10.9472 5.47254 4.03817 3.45497 2.00526 2.75292 1.84914 1.87723 1.81069 1.74269 1.71891 1.63952 1.63285 1.60193 1.7839 1.61588 1.58479 1.54703 1.51232 1.511 1.72704 1.5052 1.4523 1.42512 1.45406 1.38135 1.34386 1.31201
threshold=273.57500000000442 0.003137931377810248 186.71357142857079 403.0408700000001 241.84081610000001 0.23497207227063591 219.91125630000002 83620.520000000019 692.27607142857289 0.014588862225110237 -9.4131439512057096 184.77416500000001 111999.93340000002 85.416885209044281 0.16931184590108414 96605.000000000015 572.61000000000797 94324.585000000006 0.012917049439044995 75.06557500000001 0.01038370741788866 195.30000000000294 442.56704045424709 631.58303975000001 0.0077138987379238248 90977.591574999999 221.09999999999857 0.0024171033901867604 679.54499999999837 1.7560351418183657
decision_type=2 2 2 2 2 2 2 2 2 2 2 2 2 2 2 2 2 2 2 2 2 2 2 2 2 2 2 2 2 2
left_child=2 3 25 11 19 8 7 27 10 -10 13 18 23 -3 -11 17 -17 29 -2 -4 21 -8 -23 -6 -24 26 -1 -5 -9 -7
right_child=1 5 4 6 12 15 20 28 9 14 -12 -13 -14 -15 -16 16 -18 -19 -20 -21 -22 22 24 -25 -26 -27 -28 -29 -30 -31
leaf_value=2.6166980114282594e-05 5.5979860566467662e-06 -5.9370955213801892e-05 2.5297658024061975e-05 -0.00018944542375643698 -1.1309088504911902e-05 -0.00011608359677115282 -6.3364004883601836e-05 2.9836071568406817e-06 -0.00010668125118221799 -0.00010404375574538849 -1.943269930352099e-05 -1.4317111826837499e-05 1.2149364366395878e-05 -0.00025433065200525148 -0.00022845326006636123 -5.875633029928676e-05 -0.00043014259793472815 -0.00012152401320562759 -0.00013765910554119353 1.3311115968647102e-05 -0.00015626570475347278 -9.8185790582584176e-05 -0.00023548166192892628 -8.9622573900065508e-05 -4.1811110009860491e-05 4.0441611702104112e-05 -1.4420235070957338e-05 -8.1895105302990111e-05 -7.5586187234276454e-05 -0.00023963956794161695
leaf_weight=1245 2924 950 1849 24 2207 449 571 529 504 49 710 3695 509 24 23 249 21 34 27 5463 37 206 30 41 28 6157 120 21 203 181
leaf_count=1245 2924 950 1849 24 2207 449 571 529 504 49 710 3695 509 24 23 249 21 34 27 5463 37 206 30 41 28 6157 120 21 203 181
internal_value=0.000240715 -0.00236356 0.00194162 -0.00115431 0.000863542 -0.00550407 -0.00373256 -0.00188546 -0.0044469 -0.00689236 -0.00361045 -0.000514595 -0.000767138 -0.00501027 -0.0144444 -0.0080621 -0.00481481 -0.00938253 0.000391393 0.00147839 -0.00537844 -0.00494012 -0.00806818 -0.00136121 -0.0156897 0.00338474 0.00192308 -0.0138889 -0.00114754 -0.00880952
internal_weight=29080 11489 17591 8295 10069 3194 1649 777 2260 576 1684 6646 2757 974 72 934 270 664 2951 7312 872 835 264 2248 58 7522 1365 45 732 630
internal_count=29080 11489 17591 8295 10069 3194 1649 777 2260 576 1684 6646 2757 974 72 934 270 664 2951 7312 872 835 264 2248 58 7522 1365 45 732 630
is_linear=0
shrinkage=0.05


Tree=8
num_leaves=31
num_cat=0
split_feature=19 39 15 4 16 21 19 3 4 5 0 25 32 24 27 32 21 13 42 16 22 13 21 22 22 20 41 3 42 24
split_gain=47.0916 13.8045 10.2582 4.03217 3.51152 3.18113 3.07327 2.11725 2.07763 1.93215 1.86871 1.99096 1.51016 1.48434 1.4818 1.51688 1.456 1.44243 1.44359 1.65577 2.38407 1.84564 1.42161 1.37918 1.32178 1.30564 1.82761 1.32953 1.2476 2.27168
threshold=335.19000000000239 216.22999999999908 0.0039411762772094744 386.18837500000006 0.0027907454706972783 572.61000000000797 123.17499999999565 105827.11000000002 93.360375000000019 -0.0055650341489821512 96432.175000000017 1.3679696537161712 1905.571010005566 221.39914340000004 89393.194500000012 -450.50394671226962 4.5650000000023292 -0.0087261303082890613 -113.11712781941934 0.0023672315228141158 221.79480300000003 -0.018396008400829441 151.28500000000352 295.87675450000012 683.25068625000006 14.629999999997382 -4.7122676446858298 79719.955000000002 -39.665294039287353 326.65985270000004
decision_type=2 2 2 2 2 2 2 2 2 2 2 2 2 2 2 2 2 2 2 2 2 2 2 2 2 2 2 2 2 2
left_child=1 6 3 9 8 10 -1 12 -3 -2 11 -4 22 -9 15 -8 -13 18 19 -11 -21 -22 25 -23 -7 26 -5 -27 -18 -30
right_child=2 4 5 7 -6 24 14 13 -10 17 -12 16 -14 -15 -16 -17 28 -19 -20 20 21 23 -24 -25 -26 27 -28 -29 29 -31
leaf_value=4.1195849534640464e-05 -6.5845577266249929e-05 1.8831936408015805e-05 -8.4114212045204422e-05 -0.00014836985465826793 -2.2350011135392594e-05 -0.00058528131596570206 -5.5020592391472625e-05 3.2138485931429805e-06 1.7623802590111312e-06 -1.3569443721311171e-05 -5.516180103156591e-05 1.6530013151458586e-05 -0.00015842487290042569 -4.5926923337738313e-05 2.8454706183614202e-05 1.1736452338600242e-05 -0.00014217791813104 -1.0288682655671487e-05 -1.887632336581269e-05 -0.00024339486599036619 4.411660549750551e-05 8.9868774640568976e-06 -0.00013744248333208357 -0.00011101455657385245 -0.0002025689818344711 -0.00025957908622261056 -1.6269240575777228e-05 -3.4618024301358953e-05 -0.00022506281641886651 -0.00030496709645643199
leaf_weight=4327 33 2519 1021 38 1534 23 108 424 6450 68 444 20 34 421 4993 977 152 3875 254 21 23 20 461 54 25 27 37 579 69 49
leaf_count=4327 33 2519 1021 38 1534 23 108 424 6450 68 444 20 34 421 4993 977 152 3875 254 21 23 20 461 54 25 27 37 579 69 49
internal_value=0.000288859 0.00154678 -0.00292952 -0.00198697 0.000268019 -0.00625901 0.00283758 -0.00383226 0.000646115 -0.00112925 -0.00591168 -0.00686117 -0.00520408 -0.00192308 0.00211254 0.000437788 -0.0105172 -0.00103708 -0.00375 -0.00709677 -0.010678 -0.00737113 -0.00489492 -0.0112162 -0.0189583 -0.00344347 -0.00966667 -0.00267327 -0.0114815 -0.015339
internal_weight=29080 20908 8172 6369 10503 1803 10405 2021 8969 4348 1755 1311 1176 845 6078 1085 290 4315 440 186 118 97 1142 74 48 681 75 606 270 118
internal_count=29080 20908 8172 6369 10503 1803 10405 2021 8969 4348 1755 1311 1176 845 6078 1085 290 4315 440 186 118 97 1142 74 48 681 75 606 270 118
is_linear=0
shrinkage=0.05


Tree=9
num_leaves=31
num_cat=0
split_feature=39 15 16 4 19 0 21 4 4 38 7 32 15 24 9 13 19 0 0 41 23 7 30 20 25 23 7 13 15 22
split_gain=43.0809 12.216 10.1152 4.68468 3.46877 3.0749 2.45425 2.35025 2.12303 1.87845 2.24611 2.35278 1.93439 1.81249 2.09761 1.79695 1.65563 1.64047 1.62171 1.57238 1.46103 1.49675 1.91945 1.433 1.76333 1.33102 1.83015 1.59849 1.85507 1.53604
threshold=299.40499999999992 0.0039411762772094744 0.0011367530546757397 386.18837500000006 467.3499999999986 102293.32500000001 572.61000000000797 72.662175000000005 94.190005000000014 46.662899678449548 0.0042067463447172859 -650.37836441744719 0.0017930684996437754 219.91125630000002 0.01038370741788866 -0.0090059719444251663 822.15499999999895 96432.175000000017 82540.030000000013 -32.995356504397442 1.7560351418183657 0.0065472327079176299 91659.67888773061 69.344999999993902 -0.49172496581289665 -0.46805952560302083 0.0014112505976814729 -0.0030052792103625564 0.0026534567447593299 333.80584275000007
decision_type=2 2 2 2 2 2 2 2 2 2 2 2 2 2 2 2 2 2 2 2 2 2 2 2 2 2 2 2 2 2
left_child=2 3 8 5 7 9 17 -4 -1 10 12 -12 23 -5 -15 19 -7 20 -9 -6 21 -3 -23 24 -2 -14 27 29 -29 -27
right_child=1 6 4 13 15 16 -8 18 -10 -11 11 -13 25 14 -16 -17 -18 -19 -20 -21 -22 22 -24 -25 -26 26 -28 28 -30 -31
leaf_value=4.1299316502993673e-05 -3.3317154028866206e-05 -8.820132080269946e-05 2.2910099768596761e-05 -2.5384514249645267e-05 -3.5499117482570405e-05 5.3273625382243946e-07 -0.00027791806286193483 -2.8505499393279461e-05 2.4654067807739277e-05 -1.3268540062615731e-05 -5.4779717326955212e-05 -6.691295018494338e-05 -1.2415996550150795e-05 -6.8763615167144105e-05 -9.2790914670101539e-05 -3.7210450355950535e-05 -8.6290478742679169e-05 -4.5101509154201894e-05 8.3650029966806289e-06 -0.00030052217309771417 -0.00018368301067271084 -8.0330022075639234e-05 -0.00011932935683472909 -1.9812376585223379e-05 -9.8002270771748543e-05 -3.6222893444408198e-05 1.2439740386649092e-05 -0.00018945995417160176 -0.00021260963142956773 -5.3953933441962245e-05
leaf_weight=4624 30 1130 2370 448 39 4412 48 199 2263 1619 20 36 438 1215 44 556 21 518 8293 20 143 189 23 33 20 173 70 27 23 36
leaf_count=4624 30 1130 2370 448 39 4412 48 199 2263 1619 20 36 438 1215 44 556 21 518 8293 20 143 189 23 33 20 173 70 27 23 36
internal_value=0.000287139 -0.00223218 0.00175724 -0.00141085 0.000848218 -0.00083501 -0.0057021 0.00105505 0.00327211 -0.00222772 -0.00405077 -0.01375 -0.00341176 -0.00375805 -0.00472994 -0.00280488 -4.17323e-05 -0.00543435 0.00066651 -0.0111017 -0.00627946 -0.00576751 -0.00962264 -0.0106627 -0.016 -0.00262712 -0.00503039 -0.00696911 -0.015 -0.00504785
internal_weight=29080 10716 18364 8665 11477 6958 2051 10862 6887 2525 906 56 850 1707 1259 615 4433 2003 8492 59 1485 1342 212 83 50 767 329 259 50 209
internal_count=29080 10716 18364 8665 11477 6958 2051 10862 6887 2525 906 56 850 1707 1259 615 4433 2003 8492 59 1485 1342 212 83 50 767 329 259 50 209
is_linear=0
shrinkage=0.05


Tree=10
num_leaves=31
num_cat=0
split_feature=4 16 16 19 16 4 4 19 11 16 32 42 24 11 7 1 36 7 23 36 38 42 36 17 7 1 36 30 40 5
split_gain=39.0001 13.1122 8.66302 4.73817 3.19006 2.55794 2.21868 2.00337 1.70713 1.63266 1.52532 1.63213 1.62378 1.3308 1.77253 1.3073 1.29725 1.27615 1.27348 1.21818 1.88012 1.27027 1.32642 1.84378 1.3602 1.19373 1.15313 1.15078 1.16896 1.31465
threshold=150.20367000000002 0.0030013401091377066 0.0011435593547998947 679.54499999999837 0.0016455733008443369 253.39033500000002 72.662175000000005 1434.9599999999994 -0.014893677606325957 0.0027907454706972783 110.68138317267587 -118.19138387075155 566.94852610000009 -0.0041409493610308741 -0.0003610298327552046 83006.165000000023 -3239.2819251890101 -0.0015387498736263627 -0.63403455720681068 1556.154373462836 84.76341623309348 257.92816330456088 971.15434258113248 0.003770418982549721 0.0016143427874856619 107235.60500000001 4489.8866718600775 92216.769832706559 217.40190371924839 -0.00020017525354778834
decision_type=2 2 2 2 2 2 2 2 2 2 2 2 2 2 2 2 2 2 2 2 2 2 2 2 2 2 2 2 2 2
left_child=2 3 -1 4 15 10 -4 19 -5 -8 11 18 -13 14 -11 -2 17 25 -3 21 -21 22 -7 24 -24 -6 -18 28 -12 -30
right_child=1 5 6 8 16 7 9 -9 -10 13 27 12 -14 -15 -16 -17 26 -19 -20 20 -22 -23 23 -25 -26 -27 -28 -29 29 -31
leaf_value=3.6655870830892362e-05 -5.6125197369788809e-05 -8.9897893881694531e-05 2.2030833935366076e-05 -0.00018117260006820496 -0.00023871608256902032 -7.5089939006529351e-05 8.8473458718272997e-06 -0.00023894404802285568 -5.4779861274676793e-05 -6.4633410702647702e-05 5.3333803796205511e-05 -3.1501249424740853e-05 -0.00011086779915183984 -9.5001703446716913e-06 -0.00015381510181307551 1.1883894546329969e-05 -1.1240043765607001e-05 -5.9641412043222852e-07 -0.00014570533313597572 -3.1516851276725348e-05 -0.00012201463475791655 -0.00015722966592820808 -0.00013927886718434189 -0.00024612739876059384 2.2847206792050409e-05 -1.4000038588458678e-05 -9.7431068486761167e-05 2.0669111443775447e-05 9.0403562789858836e-06 -4.3975741713408775e-05
leaf_weight=6006 26 20 2631 33 36 1999 6648 100 532 51 87 377 74 602 32 3258 5451 58 24 425 43 29 38 23 33 25 37 194 85 103
leaf_count=6006 26 20 2631 33 36 1999 6648 100 532 51 87 377 74 602 32 3258 5451 58 24 425 43 29 38 23 33 25 37 194 85 103
internal_value=0.000300894 -0.00172006 0.00195993 -0.000737098 -0.000454954 -0.00426382 0.0010558 -0.00505576 -0.00517699 0.000608891 -0.00205394 -0.0039899 -0.00309313 -0.00171533 -0.0076506 0.000782582 -0.00117978 -0.00634454 -0.0131818 -0.00478764 -0.00247863 -0.00529689 -0.00515289 -0.0109574 -0.00697183 -0.0113934 -0.00106778 -1.06608e-05 -0.00209091 -0.00430851
internal_weight=29080 13110 15970 9456 8891 3654 9964 2690 565 7333 964 495 451 685 83 3284 5607 119 44 2590 468 2122 2093 94 71 61 5488 469 275 188
internal_count=29080 13110 15970 9456 8891 3654 9964 2690 565 7333 964 495 451 685 83 3284 5607 119 44 2590 468 2122 2093 94 71 61 5488 469 275 188
is_linear=0
shrinkage=0.05


Tree=11
num_leaves=31
num_cat=0
split_feature=4 16 16 19 16 4 4 11 19 17 1 32 7 41 17 24 5 32 2 34 41 25 13 41 19 36 36 38 25 15
split_gain=36.2895 11.5869 8.37857 4.23101 2.85631 2.31044 2.15274 1.79026 1.75206 1.61867 1.29308 1.26489 1.51631 1.27602 1.75026 1.57144 1.17778 1.16689 1.24115 1.8337 1.15473 1.34443 1.13458 1.11643 1.10797 1.08744 1.07696 1.04012 2.16117 1.03994
threshold=150.20367000000002 0.0030013401091377066 0.0011435593547998947 679.54499999999837 0.0016455733008443369 314.2077450000001 75.06557500000001 -0.014893677606325957 1434.9599999999994 0.0028193433471411958 83006.165000000023 -9.4131439512057096 0.0070901925409763032 23.955005787264437 0.0027998367296486197 549.91023110000015 0.0043472588380026175 442.56704045424709 89507.545000000013 86755.167012709178 87.737115074805644 4.0392977631535834 -0.0011940308737601695 -467.22678867261925 128.4349999999977 4489.8866718600775 3150.1466007826025 56.656147476404904 -0.62253056142964935 0.0025168943576747527
decision_type=2 2 2 2 2 2 2 2 2 2 2 2 2 2 2 2 2 2 2 2 2 2 2 2 2 2 2 2 2 2
left_child=2 3 24 4 10 11 -4 -5 -7 -8 -2 12 13 15 -15 29 17 -13 19 27 21 26 -17 -24 -1 -22 -6 28 -19 -3
right_child=1 5 6 7 20 8 9 -9 -10 -11 -12 16 -14 14 -16 22 -18 18 -20 -21 25 -23 23 -25 -26 -27 -28 -29 -30 -31
leaf_value=4.0782977415274948e-05 -5.3318937501299377e-05 -3.8968746458272361e-05 2.0072317295493712e-05 -0.00017211397006479471 -1.7970968439454459e-05 -7.7901769795402889e-05 9.6153077619998197e-06 -5.2040868210942962e-05 -0.0002269968456217129 -1.2858825618947886e-05 1.1289699819013464e-05 1.713806944879877e-05 -0.00010513755839087556 -0.00022485540647645058 -5.9852032532111637e-05 -6.751566210614093e-05 -4.330604400353711e-05 5.4354742530054419e-05 2.2313808330823813e-06 -0.0001229489819660596 -1.3853244387294193e-06 -7.9604813238728656e-05 -0.00013362750976627272 -9.8653540640667901e-05 2.7403779565359567e-05 -9.451402869436955e-05 -9.2138500197412316e-05 -8.5417506708373523e-07 -3.8986629254699863e-05 -6.7042362953906628e-06
leaf_weight=3476 26 108 2855 33 3260 2138 6130 532 100 979 3258 201 20 20 46 38 43 22 276 24 2242 46 28 38 2530 36 23 105 28 419
leaf_count=3476 26 108 2855 33 3260 2138 6130 532 100 979 3258 201 20 20 46 38 43 22 276 24 2242 46 28 38 2530 36 23 105 28 419
internal_value=0.000309491 -0.00163997 0.00190983 -0.000715947 -0.000449331 -0.0040312 0.00102067 -0.0049115 -0.00503128 0.000554931 0.000721681 -0.00245056 -0.00392608 -0.00353659 -0.0101515 -0.00284469 -0.000937053 -0.000411585 -0.00181319 -0.00505587 -0.00113519 -0.00172875 -0.00846154 -0.0124242 0.00338495 -0.000267779 -0.00160981 -0.00306452 -0.009 -0.00173624
internal_weight=29080 13110 15970 9456 8891 3654 9964 565 2238 7109 3284 1416 717 697 66 631 699 656 455 179 5607 3329 104 66 6006 2278 3283 155 50 527
internal_count=29080 13110 15970 9456 8891 3654 9964 565 2238 7109 3284 1416 717 697 66 631 699 656 455 179 5607 3329 104 66 6006 2278 3283 155 50 527
is_linear=0
shrinkage=0.05


Tree=12
num_leaves=31
num_cat=0
split_feature=19 4 16 16 24 31 9 32 21 9 9 35 5 17 13 41 16 15 19 36 35 4 27 25 41 24 32 20 7 7
split_gain=34.2773 11.0764 8.07444 4.2795 3.17796 2.37616 2.08776 2.14945 2.00021 1.76814 1.73671 1.709 1.64148 1.6114 1.54975 1.47344 1.45883 1.50104 1.75653 1.44088 1.42602 1.39369 1.34127 1.45541 1.26165 1.3689 2.10279 1.45325 1.30239 1.76333
threshold=251.52500000000148 496.65348000000006 0.0011435593547998947 0.0030013401091377066 240.20046490000001 92665.27810000004 0.0093711781783455145 -9.4131439512057096 368.37000000000268 -0.010010803487237043 0.00012429634530251223 119754.659275 0.001619215659622548 0.0046635007358403185 0.020447507349017287 8.7685173968799806 0.0028169960379569614 0.0026534567447593299 505.94500000000704 -808.71260551028524 85829.044575000022 262.49094500000007 83240.625500000009 1.1485875432631714 -379.8001005424166 334.87951870000006 -718.10579637277249 237.05499999999304 0.00027274869259545425 0.0027630909355845861
decision_type=2 2 2 2 2 2 2 2 2 2 2 2 2 2 2 2 2 2 2 2 2 2 2 2 2 2 2 2 2 2
left_child=2 3 -1 21 -4 8 7 24 13 -10 -6 -7 22 16 -15 19 17 18 -3 -8 -20 -2 -11 -24 -5 -26 28 -28 -27 -30
right_child=1 5 4 6 10 11 15 -9 9 12 -12 -13 -14 14 -16 -17 -18 -19 20 -21 -22 -23 23 -25 25 26 27 -29 29 -31
leaf_value=3.2306895075522983e-05 4.054489716408998e-07 4.3212329547013968e-06 1.5635080273169587e-05 -3.112121521714472e-05 9.0561727311052194e-06 -3.369311342851594e-05 -0.0001080026649584821 -1.1703255466913352e-05 -7.2301579491603491e-05 -0.00019591057613949265 -1.5803488838979801e-05 -0.00018743942377820498 -0.00018172867453952074 -2.6928106498135323e-05 -0.00012032125146523601 1.0286014512023569e-05 -0.00015724393600385111 3.272064497670722e-05 -0.000136303221247368 -5.7406539208377932e-05 -9.3351781760379841e-05 -1.5475325571906921e-05 -0.00015794218910494034 -0.00027705789319864996 -4.2265659780845229e-05 -0.00016367616718642927 -3.1489017518577534e-05 -0.0001198842500293429 -0.00016506234231604227 -2.6982167930658752e-05
leaf_weight=6273 5898 50 7414 540 1207 1115 28 988 38 21 1209 83 34 255 61 21 498 88 32 26 34 2386 22 20 448 77 143 21 30 20
leaf_count=6273 5898 50 7414 540 1207 1115 28 988 38 21 1209 83 34 255 61 21 498 88 32 26 34 2386 22 20 448 77 143 21 30 20
internal_value=0.000319808 -0.00159243 0.00186083 -0.000905326 0.000966429 -0.004698 -0.00279248 -0.00252095 -0.0063183 -0.012037 -0.000608444 -0.00313856 -0.0156186 -0.00555992 -0.00259494 -0.011 -0.00689459 -0.00333333 -0.00706897 -0.0153704 -0.0124242 -0.000371801 -0.0203968 -0.0152381 -0.00387412 -0.00521651 -0.0078866 -0.00414634 -0.0127165 -0.019
internal_weight=29080 12977 16103 10626 9830 2351 2342 2267 1153 135 2416 1198 97 1018 316 75 702 204 116 54 66 8284 63 42 1279 739 291 164 127 50
internal_count=29080 12977 16103 10626 9830 2351 2342 2267 1153 135 2416 1198 97 1018 316 75 702 204 116 54 66 8284 63 42 1279 739 291 164 127 50
is_linear=0
shrinkage=0.05


Tree=13
num_leaves=31
num_cat=0
split_feature=19 16 4 16 24 31 21 9 32 38 25 42 24 19 31 22 20 24 9 16 19 15 4 41 35 13 26 13 5 9
split_gain=30.9906 8.39857 8.28759 3.51364 2.86562 2.18592 1.80686 1.79053 1.85057 1.65928 1.64432 2.13818 1.59307 1.58253 1.46748 1.57329 1.30662 1.28884 1.28518 1.25215 1.22408 1.21558 1.26243 1.38217 1.19052 1.39652 1.11901 1.1141 1.86955 1.14221
threshold=273.57500000000442 0.0011831118762310564 496.65348000000006 0.0030013401091377066 244.54931630000004 92665.27810000004 405.99500000000268 0.0093711781783455145 -9.4131439512057096 53.73051807935385 3.2863744600949398 -62.874977419195595 326.65985270000004 128.4349999999977 111999.93340000002 631.58303975000001 49.510000000002044 98.360216300000005 -0.005897423490036414 0.0059303341518153908 167.36000000000061 0.0025168943576747527 139.11813500000002 20.823078375861691 89496.096675000023 -0.013637332470218047 111198.90375500939 -0.0084806928629134574 -0.0055650341489821512 0.0035177146501842835
decision_type=2 2 2 2 2 2 2 2 2 2 2 2 2 2 2 2 2 2 2 2 2 2 2 2 2 2 2 2 2 2
left_child=1 13 3 17 20 6 18 8 21 -9 11 -8 -11 -1 15 26 -17 -2 24 -7 -3 -5 -23 -24 -4 -26 -6 29 -29 -19
right_child=2 4 5 7 14 19 10 9 -10 12 -12 -13 -14 -15 -16 16 -18 27 -20 -21 -22 22 23 -25 25 -27 -28 28 -30 -31
leaf_value=3.543329779511492e-05 2.2325421911228486e-05 1.7811763335484993e-05 -0.00014857569390731558 -5.9263451544776333e-05 -8.6810055646235491e-06 -3.7719042008331664e-05 3.2813463573513329e-05 -0.00010218462577695717 -1.1379482048254533e-05 -5.8478553167156163e-05 -0.00047708807509022616 -0.0001702577449121665 2.6315793059742268e-05 2.2667963715673183e-05 1.5492811321067705e-05 -5.6238558634627752e-05 -8.4882615379858553e-05 -3.366231147198717e-05 -6.8891929561926986e-05 -0.00035194209775106901 9.225287114478594e-06 2.7139181892137717e-05 -4.4730494377600761e-05 -0.00012034585830546547 -0.00015148188002889844 -0.00036527298598441411 -5.1565587834829795e-05 -0.00013574920320209529 -3.4998658891241983e-06 -5.6207071739364692e-05
leaf_weight=3753 406 3180 251 165 2157 1151 35 31 889 21 27 43 23 3185 471 21 20 648 693 31 4766 77 883 94 71 23 38 27 5871 29
leaf_count=3753 406 3180 251 165 2157 1151 35 31 889 21 27 43 23 3185 471 21 20 648 693 31 4766 77 883 94 71 23 38 27 5871 29
internal_value=0.000352476 0.00167159 -0.00166725 -0.000990833 0.000789919 -0.00433333 -0.00589239 -0.00274164 -0.00247154 -0.0103333 -0.0121429 -0.00846154 -0.00409091 0.00302537 -0.000615072 -0.00114937 -0.0108537 -0.000443346 -0.00526012 -0.00282572 0.00126856 -0.00373667 -0.00311195 -0.00359775 -0.00775362 -0.0125532 -0.000968109 -0.000612167 -0.000391658 -0.00253323
internal_weight=29080 17591 11489 9164 10653 2325 1143 2183 2108 75 105 78 44 6938 2707 2236 41 6981 1038 1182 7946 1219 1054 977 345 94 2195 6575 5898 677
internal_count=29080 17591 11489 9164 10653 2325 1143 2183 2108 75 105 78 44 6938 2707 2236 41 6981 1038 1182 7946 1219 1054 977 345 94 2195 6575 5898 677
is_linear=0
shrinkage=0.05


Tree=14
num_leaves=31
num_cat=0
split_feature=4 16 16 19 36 4 4 16 35 25 0 36 1 16 18 28 38 7 18 11 17 11 17 11 39 16 11 7 19 21
split_gain=28.0169 8.00194 7.39186 3.44961 2.43655 2.97686 2.33595 1.9754 1.75865 1.58936 1.62532 1.43699 1.41107 1.28027 1.2234 1.86826 3.0268 1.92864 1.86864 1.44535 1.52918 1.44385 1.44292 1.25082 1.4929 3.91259 1.16304 1.46165 1.13207 1.11535
threshold=150.20367000000002 0.0034755563438011792 0.0010386485578016936 579.75499999999749 -3239.2819251890101 472.69450500000005 68.048390000000012 0.0016289682428798969 100154.92360000001 3.2863744600949398 95340.775000000009 4489.8866718600775 82863.74500000001 0.0027907454706972783 -113.56000000000493 -260.4531681231237 38.079367723885262 -0.00078320879246075519 138.87999999999741 -0.0020446867462802156 0.0046635007358403185 -0.010026186345923078 0.0031291257052217534 0.014588862225110237 613.41071428571274 0.0059303341518153908 -0.0041409493610308741 -0.0003610298327552046 155.31999999999974 327.92500000000297
decision_type=2 2 2 2 2 2 2 2 2 2 2 2 2 2 2 2 2 2 2 2 2 2 2 2 2 2 2 2 2 2
left_child=2 3 28 4 5 -2 -4 12 9 10 14 -9 -6 -8 -3 16 17 18 21 20 -18 -16 -19 -17 -25 -26 27 -15 -1 -11
right_child=1 8 6 -5 7 -7 13 11 -10 29 -12 -13 -14 26 15 23 19 22 -20 -21 -22 -23 -24 24 25 -27 -28 -29 -30 -31
leaf_value=3.5458803766172405e-05 -3.008918952278805e-05 -5.7885727595248109e-05 2.1279127773421445e-05 -4.5797265114353528e-05 -6.5886407839997287e-05 -0.00017021566459279771 8.5831141234267451e-06 -8.9230605894313289e-06 -2.9060584987196213e-05 -0.00010942455886539782 -0.0001455988526005531 -8.7919208764033441e-05 1.0345114497034699e-05 -5.5025309307711126e-05 -8.1125152755685305e-05 -3.3018918189747841e-05 -0.00027901093415919786 -0.00013884199910101539 -1.9785025282397274e-05 -4.7922944485564309e-05 -0.00049552525608350718 -0.00019919905437838556 8.2436747340241332e-06 -2.9289619098068187e-05 -7.1788236751701873e-05 -0.00012237125366623927 -4.1412350023478451e-06 -0.00014548281587136496 2.1156973830285602e-05 -0.00057610796393004707
leaf_weight=3595 141 696 2756 1345 20 26 7757 5873 639 44 35 39 3089 52 33 625 48 26 44 44 25 40 135 47 30 43 621 32 1157 23
leaf_count=3595 141 696 2756 1345 20 26 7757 5873 639 44 35 39 3089 52 33 625 48 26 44 44 25 40 135 47 30 43 621 32 1157 23
internal_value=0.000362792 -0.00135011 0.00176894 -0.000739105 -0.000392904 -0.00637725 0.00106882 -0.000282119 -0.0038475 -0.00459752 -0.00432656 -0.000818674 0.00073818 0.000657055 -0.00412309 -0.00513158 -0.00791139 -0.00507194 -0.00995726 -0.0146581 -0.0189726 -0.014863 -0.00152174 -0.00365772 -0.00833333 -0.0128082 -0.00138298 -0.00690476 0.00342172 -0.0121642
internal_weight=29080 13110 15970 10533 9188 167 11218 9021 2577 1938 1871 5912 3109 8462 1836 1140 395 278 117 117 73 73 161 745 120 73 705 84 4752 67
internal_count=29080 13110 15970 10533 9188 167 11218 9021 2577 1938 1871 5912 3109 8462 1836 1140 395 278 117 117 73 73 161 745 120 73 705 84 4752 67
is_linear=0
shrinkage=0.05


Tree=15
num_leaves=31
num_cat=0
split_feature=4 16 4 16 4 0 13 41 5 25 17 35 38 24 0 9 17 42 36 16 16 21 15 21 13 23 31 19 32 21
split_gain=26.1836 7.38956 7.16705 3.153 2.12121 1.82629 1.82507 1.80943 1.73045 1.72085 1.55541 1.43923 1.46651 1.39426 1.56665 1.31931 2.17019 1.27646 1.23454 1.76333 1.54027 1.2251 1.35507 1.32805 1.25652 1.58845 1.16128 1.15154 1.14583 1.14583
threshold=150.20367000000002 0.0010386485578016936 496.65348000000006 0.0034755563438011792 68.048390000000012 106746.85500000001 -0.0087261303082890613 -10.574428591873767 -0.0055650341489821512 4.0392977631535834 0.0022129562361644628 119754.659275 43.51714228182275 130.20198230000003 82986.035000000018 0.0093711781783455145 0.0038398084037003601 -165.44712381591248 11.867473655482174 0.002529971520442128 0.002396412515305681 140.86000000000061 0.0019729659749147584 72.709999999999141 -0.0096628453305727269 0.55174767154434923 113687.31140000002 155.31999999999974 620.61971979951352 241.74000000000527
decision_type=2 2 2 2 2 2 2 2 2 2 2 2 2 2 2 2 2 2 2 2 2 2 2 2 2 2 2 2 2 2
left_child=1 27 3 6 -3 9 7 21 -8 10 -4 -7 29 14 -10 -5 -17 -6 19 -9 -20 23 -23 24 -2 -26 -19 -1 -11 -13
right_child=2 4 5 15 17 11 8 18 13 28 -12 12 -14 -15 -16 16 -18 26 20 -21 -22 22 -24 -25 25 -27 -28 -29 -30 -31
leaf_value=3.368586357786378e-05 -8.4008370544456842e-06 2.0215171384750367e-05 -9.700574518545978e-06 -3.4679603114623799e-05 -8.8282732444055147e-05 -1.1608008275371844e-05 -0.00011980691355606486 -0.00017870089317278127 -5.8259616512954714e-05 -0.00012430608279324066 -8.5137622051085021e-05 1.6670075902664645e-05 -0.00013307485830269685 -3.9855360705773512e-06 1.668377214295058e-05 -7.3391672660476937e-05 8.1690388352359143e-06 3.1425165962286164e-06 4.4842561977499558e-05 -4.9605801877787075e-05 -8.4308447390952132e-05 1.484607947821472e-05 -5.2561510527826117e-05 2.7284261622535991e-05 -0.0001096468232821635 -5.2978222152700529e-06 1.7801104490610494e-05 2.0099125138771322e-05 -4.7880590170566784e-05 -0.00043621127163837189
leaf_weight=3595 305 2756 229 1441 21 571 38 30 20 132 1319 31 27 6924 1309 31 24 6566 37 20 55 58 144 218 33 29 1875 1157 60 25
leaf_count=3595 305 2756 229 1441 21 571 38 30 20 132 1319 31 27 6924 1309 31 24 6566 37 20 55 58 144 218 33 29 1875 1157 60 25
internal_value=0.000378267 0.00173763 -0.00127765 -0.000725084 0.00103762 -0.00375104 -0.000379609 -0.00248116 -0.000144132 -0.0045977 -0.00404393 -0.00149847 -0.0076506 -9.51167e-05 0.00138826 -0.00285428 -0.0104545 0.000645238 -0.00767606 -0.014 -0.00423913 -0.00154384 -0.00490099 -0.000384615 -0.00222071 -0.00870968 0.000675868 0.00339015 -0.0090625 -0.00303571
internal_weight=29080 15970 13110 10716 11218 2394 9220 929 8291 1740 1548 654 83 8253 1329 1496 55 8462 142 50 92 787 202 585 367 62 8441 4752 192 56
internal_count=29080 15970 13110 10716 11218 2394 9220 929 8291 1740 1548 654 83 8253 1329 1496 55 8462 142 50 92 787 202 585 367 62 8441 4752 192 56
is_linear=0
shrinkage=0.05


Tree=16
num_leaves=31
num_cat=0
split_feature=19 16 16 24 4 23 32 20 22 30 42 15 28 13 19 11 39 32 25 9 17 41 40 3 3 41 27 5 0 41
split_gain=23.9787 7.178 6.16422 2.92301 2.27605 1.74882 1.89208 1.52283 1.45555 1.41612 1.36358 1.62777 2.892 1.35483 1.29154 1.27983 1.63695 1.19319 1.26077 1.56347 1.28348 1.88643 1.26669 1.17189 1.87584 1.52026 1.16005 2.58052 1.15921 1.13944
threshold=250.00499999999741 0.0010386485578016936 0.003137931377810248 238.63947320000003 266.27127000000007 0.036758347979331175 -91.769125761857126 54.325000000004373 653.9422320000001 77757.287901542877 -148.26951332311168 0.00232755991148797 -645.86595759885665 0.0095568582033549159 153.97499999999857 -0.01682108490766877 468.59607142857209 -318.9772264698185 -0.29909251386788088 0.0011188336774566516 0.0014070125199754115 -326.01811319437849 -133.59380708618843 91570.390000000014 86892.915000000023 -326.01811319437849 89393.194500000012 -0.0044352120875502709 94185.585000000006 -109.81216073868521
decision_type=2 2 2 2 2 2 2 2 2 2 2 2 2 2 2 2 2 2 2 2 2 2 2 2 2 2 2 2 2 2
left_child=1 14 4 17 10 6 7 -4 15 -8 11 -2 -13 -9 -1 16 -6 18 -3 22 -21 -22 -20 24 -7 -26 -27 -28 -5 -24
right_child=2 3 5 28 8 23 9 13 -10 -11 -12 12 -14 -15 -16 -17 -18 -19 19 20 21 -23 29 -25 25 26 27 -29 -30 -31
leaf_value=3.1727067941977744e-05 2.9948614210473344e-05 1.5759966524192664e-05 -1.279454894672427e-05 -1.679911016626797e-05 -0.00016186760480939172 -6.4522111606450905e-05 -6.879813753089878e-05 -5.9663587901799469e-05 -6.3443912699779004e-05 -6.2734792810671433e-06 6.573506209800515e-07 -8.189318997749406e-05 -7.3482139563262299e-05 -5.1219971652532161e-05 1.7817703404202851e-05 -1.8897646851318049e-05 7.8854269718457275e-07 1.6350951330874006e-05 1.3415475779458426e-05 -0.00013508794392425892 -1.7260774669268475e-05 1.2677484757664464e-05 -0.00011351790491107286 -4.1777658744109611e-05 -6.1742597834058943e-05 -0.00015395225174621148 -0.00016378701846090366 -0.00021107909517631548 3.7585837285506847e-06 -1.0418189973897583e-05
leaf_weight=3699 29 785 377 1168 26 430 36 829 32 919 6128 34 21 59 1252 3450 22 7094 392 28 22 42 20 450 56 122 39 33 1298 188
leaf_count=3699 29 785 377 1168 26 430 36 829 32 919 6128 34 21 59 1252 3450 22 7094 392 28 22 42 20 450 56 122 39 33 1298 188
internal_value=0.000392022 0.00169127 -0.00119462 0.000981698 -0.000558407 -0.00304478 -0.00222973 -0.00349802 -0.00157224 -0.000549738 1.77078e-05 -0.00630952 -0.0113636 -0.00462838 0.00327308 -0.00147513 -0.00958333 0.00141815 0.000125254 -0.00143064 -0.0075 -0.00359375 -0.0005 -0.00464602 -0.00595588 -0.0094 -0.0114948 -0.0165278 -0.00053528 -0.00365385
internal_weight=29080 15988 13092 11037 9742 3350 2220 1265 3530 955 6212 84 55 888 4951 3498 48 8571 1477 692 92 64 600 1130 680 250 194 72 2466 208
internal_count=29080 15988 13092 11037 9742 3350 2220 1265 3530 955 6212 84 55 888 4951 3498 48 8571 1477 692 92 64 600 1130 680 250 194 72 2466 208
is_linear=0
shrinkage=0.05


Tree=17
num_leaves=31
num_cat=0
split_feature=19 16 39 4 24 15 9 1 11 41 15 27 11 20 38 21 17 39 9 35 22 17 17 41 36 22 24 9 24 7
split_gain=21.8465 6.65566 5.42827 3.40527 2.5609 2.08219 2.0929 1.71061 1.46716 1.32678 1.32373 1.26364 1.24033 1.56356 1.25268 1.19079 1.13302 2.64373 1.11506 1.11059 1.62062 1.42601 1.21981 1.10727 1.1017 1.12708 1.67962 1.20649 1.70807 1.18388
threshold=250.00499999999741 0.0010386485578016936 333.28964285714397 496.65348000000006 238.63947320000003 0.0011884308911497871 0.0093711781783455145 102490.13000000002 -0.0033974937403069018 -487.59477933634435 0.0015320463395681067 103203.58550000002 -0.0046380278595977787 153.20500000000177 28.140667784635898 160.63500000000207 0.0038398084037003601 468.59607142857209 0.00012429634530251223 92367.978825000013 227.87415900000002 0.0023651013485612091 0.0048659243590224643 -425.11958309929099 -3082.4225430467409 760.45332325000015 326.65985270000004 0.012081824182640137 388.58049990000012 -0.0036186657769013181
decision_type=2 2 2 2 2 2 2 2 2 2 2 2 2 2 2 2 2 2 2 2 2 2 2 2 2 2 2 2 2 2
left_child=1 -1 15 5 9 -4 7 10 12 -3 -7 -11 -9 14 -14 -2 17 -8 -6 20 -5 -22 23 -23 -25 26 -26 28 29 -28
right_child=2 4 3 19 18 6 16 8 -10 11 -12 -13 13 -15 -16 -17 -18 -19 -20 -21 21 22 -24 24 25 -27 27 -29 -30 -31
leaf_value=2.7389334069806986e-05 2.9229836096623611e-06 -1.0227293453427643e-05 -7.2706993829516463e-05 -0.00013066438287382328 7.8392355297293554e-06 -0.00013808519649248928 -9.843360517690056e-06 -2.5921622213802262e-05 2.8062155761263156e-06 7.7611271393702199e-06 -2.4463890684375541e-05 1.6934483136980327e-05 -0.0001077355937758738 -5.6260729715006878e-05 -4.5238214063462847e-05 -1.6241118351696396e-05 -3.1634080053125084e-06 -6.7627858717222284e-05 -1.2826056879157609e-05 -3.8520615676058723e-05 1.8622925909515138e-05 -3.7777714680984702e-05 -5.4240366676468312e-05 -0.00025114661137403814 -8.0742633393175603e-05 4.6204817632199874e-05 -0.0004155619695777144 -0.00014214574279186617 -8.8752185140394016e-05 -0.00021620067018807661
leaf_weight=4951 5086 22 20 21 1235 20 32 547 2037 3152 2323 5397 23 31 143 862 29 39 1231 947 77 99 327 41 175 32 30 22 95 34
leaf_count=4951 5086 22 20 21 1235 20 32 547 2037 3152 2323 5397 23 31 143 862 29 39 1231 947 77 99 327 41 175 32 30 22 95 34
internal_value=0.000388583 0.00162872 -0.00112588 -0.00205487 0.000945456 -0.00139779 -0.00133614 -0.00119633 -0.000357785 0.00135398 -0.00219163 0.00138554 -0.00225806 -0.0056599 -0.00373494 -1.00872e-05 -0.0085 -0.0119014 -0.000474452 -0.00386842 -0.00507345 -0.00476395 -0.00535088 -0.00683712 -0.00793706 -0.0071134 -0.00792135 -0.0112983 -0.00977987 -0.0160937
internal_weight=29080 15988 13092 7144 11037 5244 5224 5124 2781 8571 2343 8549 744 197 166 5948 100 71 2466 1900 953 932 855 528 429 388 356 181 159 64
internal_count=29080 15988 13092 7144 11037 5244 5224 5124 2781 8571 2343 8549 744 197 166 5948 100 71 2466 1900 953 932 855 528 429 388 356 181 159 64
is_linear=0
shrinkage=0.05


Tree=18
num_leaves=31
num_cat=0
split_feature=19 15 16 24 4 3 36 22 19 20 23 25 39 4 23 2 36 7 11 21 24 13 11 20 20 28 38 39 36 30
split_gain=19.8542 7.16847 4.74191 2.81644 2.05285 1.56892 1.45933 1.62694 1.46949 1.48153 1.41803 1.49573 1.31445 1.16637 1.12599 1.05873 1.01579 1.00018 1.66951 1.41668 1.0291 0.963333 0.962769 0.957118 1.25665 1.1497 0.953491 0.990384 1.49356 1.35544
threshold=273.57500000000442 0.00097677816685155078 0.003300198115857991 241.84081610000001 266.27127000000007 106164.37000000001 -3849.1155595176601 415.15676625000009 679.54499999999837 18.069999999999713 1.7002195595395355 2.4146299717731377 101.40571428571432 68.048390000000012 -0.60538819069184646 83810.275000000009 -429.65926709688932 0.0024154732816255189 0.00052029362985764511 35.584999999999134 69.884070500000021 -0.018396008400829441 0.010609876583135685 22.025000000001459 206.65000000000148 -1439.9898462624185 34.12207313799906 323.15071428571338 -2276.1051255976995 118727.39110025131
decision_type=2 2 2 2 2 2 2 2 2 2 2 2 2 2 2 2 2 2 2 2 2 2 2 2 2 2 2 2 2 2
left_child=1 12 4 13 26 6 21 8 22 -10 -4 -12 -1 -3 -7 -14 17 20 19 -19 -15 -6 -8 -13 25 -25 27 -2 -29 -30
right_child=2 3 10 -5 5 14 7 -9 9 -11 11 23 15 16 -16 -17 -18 18 -20 -21 -22 -23 -24 24 -26 -27 -28 28 29 -31
leaf_value=3.8518193660065428e-05 -1.4468955400810246e-06 1.849625691889834e-05 -3.8957100634716706e-05 -6.2697892610821872e-06 -6.8598327653931801e-06 -5.8292773184614136e-05 -3.3286413683311503e-05 1.768773287611039e-05 -0.00015204009363909224 -7.8383713111831478e-05 -0.00013826359371643662 4.6600129336383069e-05 -4.5117372247258519e-05 -5.3019462110926573e-05 -2.6819851482630874e-06 2.2154814628102725e-05 1.3412655689354974e-05 1.4581650062530421e-05 1.8767488084570745e-07 -0.00010432261084762664 2.9050269312889336e-06 -0.00026637993905859533 1.9098624712710174e-05 -0.00022642800464388183 -8.6866165444636958e-05 -0.00011826354212897666 2.0484264943856375e-06 5.7334407736297156e-05 -5.3982581830752461e-05 4.7605509826042293e-05
leaf_weight=1362 456 2347 2614 2827 20 25 1257 224 43 228 52 31 52 28 1639 4065 4934 21 109 41 1805 30 100 27 75 49 4343 48 202 26
leaf_count=1362 456 2347 2614 2827 20 25 1257 224 43 228 52 31 52 28 1639 4065 4934 21 109 41 1805 30 100 27 75 49 4343 48 202 26
internal_value=0.000362792 0.00141862 -0.00125381 0.000739762 -0.00067064 -0.00159002 -0.00257098 -0.00234341 -0.00289312 -0.00625461 -0.00302317 -0.00675214 0.00291933 0.00116047 -0.00046875 0.00247389 0.000834535 -0.00011477 -0.00377193 -0.0103226 0.000226405 -0.011 -0.00222181 -0.00461538 -0.00625828 -0.0107895 -2.46304e-05 -0.00169399 -0.00405797 -0.00574561
internal_weight=29080 17591 11489 12112 8641 3566 1902 1852 1628 271 2848 234 5479 9285 1664 4117 6938 2004 171 62 1833 50 1357 182 151 76 5075 732 276 228
internal_count=29080 17591 11489 12112 8641 3566 1902 1852 1628 271 2848 234 5479 9285 1664 4117 6938 2004 171 62 1833 50 1357 182 151 76 5075 732 276 228
is_linear=0
shrinkage=0.05


Tree=19
num_leaves=31
num_cat=0
split_feature=4 16 16 21 24 17 5 23 11 18 13 41 24 30 36 17 18 20 20 21 25 25 39 22 22 20 42 42 39 5
split_gain=18.37 6.18363 5.36797 2.137 1.37887 1.33715 1.33027 1.30542 1.28383 1.44526 1.68399 1.23816 1.3908 1.50205 1.50899 1.45039 1.22605 1.50367 1.2237 1.34293 1.38138 1.19462 1.52588 1.54739 1.20102 1.294 1.17629 1.13625 1.11733 1.08218
threshold=150.20367000000002 0.0010386485578016936 0.0034755563438011792 139.01499999999945 156.71694990000006 0.0022264902652896386 -0.0050691049728126963 -0.25021046712900374 -0.0010548070938204031 -59.30500000000756 -0.0032335727479717046 91.741151619355364 126.35960070000002 109006.76120327218 -482.8578244830714 0.0017022348379991852 -286.11499999999791 23.684999999997675 9.2699999999968004 346.96999999999395 3.2863744600949398 4.8096567391556677 350.3807142857134 175.21759525000002 146.55348875000001 175.22000000000119 -242.94181549504782 -165.44712381591248 137.98107142857148 -0.002217150049367891
decision_type=2 2 2 2 2 2 2 2 2 2 2 2 2 2 2 2 2 2 2 2 2 2 2 2 2 2 2 2 2 2
left_child=1 28 3 4 6 7 -2 16 9 -9 -11 12 13 14 -12 -14 17 -3 -4 -20 -21 24 23 -23 25 -5 -6 -7 -1 -10
right_child=2 5 18 21 26 27 -8 8 29 10 11 -13 15 -15 -16 -17 -18 -19 19 20 -22 22 -24 -25 -26 -27 -28 -29 -30 -31
leaf_value=2.9100743481765589e-05 -9.0182519546983829e-05 5.5534736632890781e-06 5.5835850872399026e-06 1.93291070351306e-05 -9.5011427904751429e-05 -8.2073847945356602e-05 1.1514312754291266e-05 8.8860872690065567e-06 -2.7454959355938249e-05 2.3181027736344875e-06 -1.0455951450039332e-05 1.8764276926315848e-05 -3.0998618334774344e-05 1.0601162403199045e-05 -4.8110239104737568e-05 -2.8859991782688435e-05 1.4793275526854926e-05 -2.7259243961122379e-05 -4.1922877326937975e-05 -0.000126094459201949 -0.0006316850334460891 -8.8504703047250034e-05 -0.00016690556126933465 7.3513423294622863e-05 -2.6913721594776886e-05 -7.9990800305623528e-05 -4.6256199846596683e-06 1.6100379300246356e-07 1.8169291561348322e-05 1.1299054608019049e-05
leaf_weight=3019 37 34 252 293 49 21 2275 375 36 155 29 40 34 51 36 24 6346 21 2122 177 26 22 20 25 1974 23 5815 2814 1733 1202
leaf_count=3019 37 34 252 293 49 21 2275 375 36 155 29 40 34 51 36 24 6346 21 2122 177 26 22 20 25 1974 23 5815 2814 1733 1202
internal_value=0.000361073 0.00149969 -0.00102593 -0.000525491 -0.000143102 0.000859333 0.000891004 0.00117679 5.54997e-05 -0.00158602 -0.00380759 -0.00668224 -0.00850575 -0.00534483 -0.0103846 -0.0148276 0.00152398 -0.00590909 -0.0030714 -0.00343011 -0.00731527 -0.00185193 -0.00843284 -0.00351064 -0.00165939 0.00120253 -0.000550818 -7.93649e-05 0.00301136 0.001042
internal_weight=29080 15970 13110 10533 8176 11218 2312 8383 1982 744 369 214 174 116 65 58 6401 55 2577 2325 203 2357 67 47 2290 316 5864 2835 4752 1238
internal_count=29080 15970 13110 10533 8176 11218 2312 8383 1982 744 369 214 174 116 65 58 6401 55 2577 2325 203 2357 67 47 2290 316 5864 2835 4752 1238
is_linear=0
shrinkage=0.05


Tree=20
num_leaves=31
num_cat=0
split_feature=39 4 39 35 26 16 39 17 0 32 38 20 38 15 5 7 39 20 7 20 11 39 20 7 21 9 40 36 21 23
split_gain=17.3065 6.77241 3.48198 2.27776 1.78934 1.6728 1.65244 1.63855 1.44267 1.44017 1.34272 1.23023 1.22123 1.68636 2.17324 1.26411 1.53125 1.15064 1.4216 1.12201 1.07564 1.85532 1.06426 1.07908 1.73828 1.32323 1.39715 1.37452 2.16091 1.59766
threshold=216.22999999999908 318.88129500000008 132.53500000000142 90977.591574999999 101862.88776777628 0.0034755563438011792 299.40499999999992 0.0035705243572186087 83980.580000000002 -438.80859760975721 79.234855634457318 87.384999999994776 47.641485438836881 0.0016603875526879318 -0.00028734278396262979 0.0036607734333629102 364.74357142857178 120.15999999999623 0.0049524209743338071 21.620000000002623 -0.019272052996301081 497.35964285714425 9.6449999999968004 0.00858649123415464 199.02999999999886 0.00045210673162718594 -357.43871868363925 1556.154373462836 54.879999999997388 -0.28616939661795587
decision_type=2 2 2 2 2 2 2 2 2 2 2 2 2 2 2 2 2 2 2 2 2 2 2 2 2 2 2 2 2 2
left_child=2 4 8 9 6 20 -2 -5 19 -4 -11 -6 13 14 -8 -15 -17 18 -18 -1 21 -3 -7 25 -25 26 -24 28 29 -28
right_child=1 5 3 7 11 22 12 -9 -10 10 -12 -13 -14 15 -16 16 17 -19 -20 -21 -22 -23 23 24 -26 -27 27 -29 -30 -31
leaf_value=2.7863892807080999e-05 2.4759369805083402e-06 -0.00011447008232251173 -6.4767509020279592e-05 1.6676967474286801e-05 7.4805770414491291e-06 7.5909017855969444e-06 -0.00012338426605875558 -1.5395464355934049e-05 2.7588043174393694e-05 6.7729514353518739e-06 -2.7829444515511558e-05 -4.365608010802054e-06 -8.1650255178837475e-06 -2.1358512504082756e-05 1.2127587067612243e-05 2.8948906173849131e-06 -0.00013455041749654262 -1.1715815413515461e-05 -7.4404179535064849e-05 -5.02704743539551e-05 -2.1366108802607527e-05 1.8212936670533173e-05 -5.630400186098021e-05 -4.9784351517905505e-05 -0.00029840892512825515 -1.7069195407580371e-05 -0.00011748733755224898 -9.881233240840608e-06 -0.00013855595000040823 -0.00021839046481370424
leaf_weight=20 2456 26 130 6239 6011 139 26 20 3064 1398 34 2480 1618 840 20 24 21 25 26 21 2875 25 423 142 52 541 22 87 238 37
leaf_count=20 2456 26 130 6239 6011 139 26 20 3064 1398 34 2480 1618 840 20 24 21 25 26 21 2875 25 423 142 52 541 22 87 238 37
internal_value=0.000352476 -0.000593808 0.00192477 0.00136236 -3.06339e-05 -0.00224984 -0.000775316 0.00178862 0.00334138 -0.00034571 0.000111732 0.00041279 -0.00165385 -0.00304481 -0.0123913 -0.00258547 -0.00802083 -0.0116667 -0.0162766 -0.00597561 -0.00152768 -0.00872549 -0.00350684 -0.00388457 -0.00737113 -0.00338279 -0.00466543 -0.00684896 -0.00846801 -0.0170339
internal_weight=29080 18154 10926 7821 13547 4607 5056 6259 3105 1562 1432 8491 2600 982 46 936 96 72 47 41 2926 51 1681 1542 194 1348 807 384 297 59
internal_count=29080 18154 10926 7821 13547 4607 5056 6259 3105 1562 1432 8491 2600 982 46 936 96 72 47 41 2926 51 1681 1542 194 1348 807 384 297 59
is_linear=0
shrinkage=0.05


Tree=21
num_leaves=31
num_cat=0
split_feature=39 19 39 16 35 11 11 17 31 0 38 39 3 0 5 23 38 21 0 39 7 42 9 11 16 17 17 23 22 11
split_gain=16.2273 6.15595 3.61827 2.11625 1.93344 1.84123 1.62458 1.62211 1.30173 1.29125 1.37449 1.41981 1.28053 2.05553 1.34543 1.30483 1.24317 1.22249 1.22136 1.21499 1.15375 1.14029 1.38292 1.35536 1.85072 1.86667 1.2519 1.11653 1.10856 1.009
threshold=216.22999999999908 348.62999999999744 132.53500000000142 0.003262469930989915 90977.591574999999 -0.019272052996301081 0.0089765732461488962 0.0035705243572186087 84058.437900000004 108079.53000000001 46.838527281988725 641.65785714285778 91570.390000000014 90835.255000000019 -0.0019234995187125822 1.8607321996826045 79.234855634457318 94.680000000000305 82349.99500000001 523.23357142857128 0.0043735435874901153 -282.89703882629345 -0.00038625132362700123 0.016418936894204064 0.0059303341518153908 0.0040619476366767805 0.0068687907850761643 0.024944038435321517 653.9422320000001 0.0081804173800157538
decision_type=2 2 2 2 2 2 2 2 2 2 2 2 2 2 2 2 2 2 2 2 2 2 2 2 2 2 2 2 2 2
left_child=2 6 8 5 16 -3 9 27 -1 10 11 -2 13 14 15 -5 18 -15 -4 -17 -11 -16 26 -24 25 -25 -23 -6 -7 -14
right_child=1 3 4 12 7 28 -8 -9 -10 20 -12 -13 29 17 21 19 -18 -19 -20 -21 -22 22 23 24 -26 -27 -28 -29 -30 -31
leaf_value=-2.6963474986805848e-05 -9.3942691264086773e-06 -0.00011487380557726505 -7.8333488688009598e-05 -1.4712483366100947e-05 1.8112873888988e-05 -1.2256870178581189e-05 -2.8553097071303546e-05 -1.462569113813735e-05 2.6227041492462157e-05 9.3287903282509869e-06 3.7952086091317965e-06 -0.00014863352678683414 -3.1407755433223977e-05 -7.6399858581052606e-05 8.9579451819700527e-05 -0.00016088585175445566 -2.6437972289735978e-05 -0.00013374634931330017 3.0019684186087336e-06 -7.6720868567059541e-05 -2.2759272931798361e-05 -0.00012230170583795675 -2.6411294433792927e-05 -9.5648146018312828e-05 -3.3833382205730714e-05 -5.9003305875917277e-05 -0.00018934940780066504 9.9190166738730005e-06 -6.7174263583418076e-05 2.028579588328297e-05
leaf_weight=36 2404 34 25 486 3898 4586 273 20 3069 4548 3697 21 784 24 30 29 34 27 1503 41 59 272 515 28 35 20 23 2341 38 180
leaf_count=36 2404 34 25 486 3898 4586 273 20 3069 4548 3697 21 784 24 30 29 34 27 1503 41 59 272 515 28 35 20 23 2341 38 180
internal_value=0.000374828 -0.000541478 0.00189731 -0.00168344 0.001324 -0.0010541 0.000200873 0.00171673 0.00334138 0.000297791 -0.000178046 -0.00110309 -0.00285886 -0.00375817 -0.00341785 -0.00147482 -0.00024968 -0.0136275 -3.92668e-05 -0.00785714 0.000930107 -0.0045883 -0.00491041 -0.00352843 -0.00945783 -0.0158333 -0.00771186 0.0017623 -0.000968858 -0.00143154
internal_weight=29080 18154 10926 7152 7821 4658 11002 6259 3105 10729 6122 2425 2494 1530 1479 556 1562 51 1528 70 4607 923 893 598 83 48 295 6239 4624 964
internal_count=29080 18154 10926 7152 7821 4658 11002 6259 3105 10729 6122 2425 2494 1530 1479 556 1562 51 1528 70 4607 923 893 598 83 48 295 6239 4624 964
is_linear=0
shrinkage=0.05


Tree=22
num_leaves=31
num_cat=0
split_feature=39 19 39 31 35 17 0 11 38 15 41 0 20 35 35 4 39 31 1 3 41 17 20 30 34 11 34 4 23 32
split_gain=15.0778 5.2973 3.4123 2.21868 1.7644 1.60937 1.41291 1.36681 1.2516 1.17734 1.18557 1.43945 1.17417 1.47271 1.7912 1.12803 1.56469 1.23412 1.96568 1.84083 1.23049 1.20019 1.12201 1.10253 1.54149 1.03291 1.89 1.10991 1.02846 1.01418
threshold=216.22999999999908 357.30999999999773 132.53500000000142 96654.735800000009 90977.591574999999 0.0035705243572186087 83980.580000000002 0.0089765732461488962 79.234855634457318 0.001204418621477197 -790.13118306505578 112476.50500000002 51.815000000002335 118040.5162 108732.92470000002 460.74531000000007 713.01928571428505 91201.799800000008 91791.570000000022 90270.305000000008 -200.07976569748624 0.0015141031371629597 21.620000000002623 93651.529061107591 92677.068021764935 -0.0051712373244422313 89036.402563426018 345.8558450000001 0.024944038435321517 -438.80859760975721
decision_type=2 2 2 2 2 2 2 2 2 2 2 2 2 2 2 2 2 2 2 2 2 2 2 2 2 2 2 2 2 2
left_child=2 7 6 15 8 28 22 23 29 12 11 -11 -5 14 -14 16 17 -3 19 -19 -21 -20 -1 24 -2 -18 27 -27 -6 -4
right_child=1 3 4 9 5 -7 -8 -9 -10 10 -12 -13 13 -15 -16 -17 25 18 21 20 -22 -23 -24 -25 -26 26 -28 -29 -30 -31
leaf_value=2.781887191606724e-05 -2.2371469098270518e-06 -4.5808497673566602e-06 -5.8957515996314176e-05 2.7159937496453429e-05 1.7207230194538605e-05 -1.3894406581230478e-05 2.4897288941050894e-05 -2.6314690525333202e-05 -2.5116073675249181e-05 -3.3794262879953602e-06 -6.2934875260049744e-06 -0.00045624903408702182 -6.1374450089579118e-05 -0.00019233068608041982 2.5652071282102838e-05 -8.0407189242367956e-05 1.5058181799129975e-05 -6.8441350150151533e-06 -9.9182770119386692e-05 -0.00017288814109155565 -0.00011513323927807786 -1.1353829767755556e-05 -4.6408776886917055e-05 5.2041618959243819e-06 -6.6193268366462443e-05 -0.00010642875382554858 -0.00019013925638480713 1.000010367875359e-05 9.4230658401793535e-06 6.2842054426538484e-06
leaf_weight=20 3332 1142 130 27 3898 20 3064 292 34 43 3669 33 26 25 32 1332 34 27 26 21 27 295 21 7584 87 33 30 37 2341 1398
leaf_count=20 3332 1142 130 27 3898 20 3064 292 34 43 3669 33 26 25 32 1332 34 27 26 21 27 295 21 7584 87 33 30 37 2341 1398
internal_value=0.000374828 -0.000508428 0.00184239 -0.00160446 0.00128564 0.00166081 0.00324477 0.000157149 -0.000217669 -0.000810635 -0.000660881 -0.0068421 -0.00590909 -0.00885542 -0.00448276 -0.00262317 -0.00175837 -0.00130689 -0.00371212 -0.011 -0.016875 -0.00200935 -0.00597561 0.000246751 -0.000498684 -0.0069403 -0.0095 -0.005 0.0017062 -6.54432e-06
internal_weight=29080 18154 10926 6859 7821 6259 3105 11295 1562 3855 3745 76 110 83 58 3004 1672 1538 396 75 48 321 41 11003 3419 134 100 70 6239 1528
internal_count=29080 18154 10926 6859 7821 6259 3105 11295 1562 3855 3745 76 110 83 58 3004 1672 1538 396 75 48 321 41 11003 3419 134 100 70 6239 1528
is_linear=0
shrinkage=0.05


Tree=23
num_leaves=31
num_cat=0
split_feature=39 19 39 38 3 35 17 21 7 25 27 15 31 11 1 3 36 7 11 11 19 16 19 36 24 40 27 38 34 19
split_gain=13.8797 4.60299 3.32214 1.88269 1.88336 1.6755 1.59849 1.39078 1.48568 1.47127 1.32179 1.33221 1.25775 1.26059 1.25641 2.23362 1.21539 1.17456 1.13053 1.20106 1.73212 1.15934 1.09156 1.08 1.04326 1.03454 0.964682 1.18289 1.23944 1.45848
threshold=216.22999999999908 357.30999999999773 132.53500000000142 89.417165941628667 106164.37000000001 90977.591574999999 0.0035705243572186087 144.70999999999916 0.012610870061698082 4.0392977631535834 104827.56275000001 0.002628074858249277 84058.437900000004 0.0046694919104304415 95196.97500000002 85986.840000000011 2181.0024910696379 -0.013299002582065808 0.00946379021858261 0.010609876583135685 243.87999999999741 0.0047517199045528707 298.30000000000297 -3447.3913668400342 64.172511500000013 -969.01391994450375 107709.077 44.229622162579396 80171.664607005645 206.93000000000032
decision_type=2 2 2 2 2 2 2 2 2 2 2 2 2 2 2 2 2 2 2 2 2 2 2 2 2 2 2 2 2 2
left_child=2 18 12 4 7 24 -7 17 9 10 -9 -12 -1 -14 15 -11 25 23 26 20 -20 -21 -22 -3 -4 -6 27 -2 29 -29
right_child=1 3 5 -5 16 6 -8 8 -10 14 11 -13 13 -15 -16 -17 -18 -19 19 21 22 -23 -24 -25 -26 -27 -28 28 -30 -31
leaf_value=-2.5077514224763953e-05 -1.0658360675077241e-05 1.1190838558210318e-05 -3.4365683123868325e-05 -0.00010011086003072834 -0.00028125136578226634 1.4213767255691599e-05 -1.3199686252168956e-05 -5.0810505677351836e-05 -0.00021533707054245321 -5.7141112999142799e-05 -9.2285293939828466e-05 -1.9029174227484521e-05 2.4056940253153966e-05 -2.9030705729764333e-05 -1.2785145897689728e-05 -0.00026977823403043921 2.0776406340639592e-05 -1.588926429478761e-05 7.943727651633387e-05 9.8051704808494049e-06 -0.00010529563407903265 -6.7813664076687055e-05 -4.1642256494034175e-05 -0.00013308992759609596 1.0242300673351068e-07 -9.1053403054650193e-06 6.7817582830739896e-06 -6.598752729120998e-05 3.3805414771723391e-06 -2.1840443797218898e-05
leaf_weight=36 1998 20 37 21 30 6239 20 1318 39 27 32 42 3047 22 26 25 282 2563 24 136 20 21 35 30 1525 2404 4882 20 4095 64
leaf_count=36 1998 20 37 21 30 6239 20 1318 39 27 32 42 3047 22 26 25 282 2563 24 136 20 21 35 30 1525 2404 4882 20 4095 64
internal_value=0.000388583 -0.000458852 0.00179663 -0.00148054 -0.00143463 0.00124728 0.00161288 -0.0021082 -0.00331677 -0.00306122 -0.00268678 -0.00918919 0.00318035 0.00328935 -0.00974359 -0.0142308 -0.000412371 -0.00141026 0.000161576 -0.00326271 -0.00829114 -0.000732484 -0.0131818 -0.009 -0.000217669 -0.000772391 0.000234651 -0.000180508 0.000297918 -0.00571429
internal_weight=29080 18154 10926 6859 6838 7821 6259 4122 1509 1470 1392 74 3105 3069 78 52 2716 2613 11295 236 79 157 55 50 1562 2434 11059 6177 4179 84
internal_count=29080 18154 10926 6859 6838 7821 6259 4122 1509 1470 1392 74 3105 3069 78 52 2716 2613 11295 236 79 157 55 50 1562 2434 11059 6177 4179 84
is_linear=0
shrinkage=0.05


Tree=24
num_leaves=31
num_cat=0
split_feature=19 4 39 24 31 39 7 25 26 19 22 18 4 38 11 28 5 9 19 4 22 9 35 31 22 13 0 19 3 21
split_gain=12.7816 4.05318 4.01334 1.79679 1.26206 1.2346 1.31203 2.44889 1.2311 1.46122 1.40012 1.09015 1.00369 0.999604 0.904104 1.1254 0.982907 0.959275 0.928651 2.16964 0.876747 1.5727 0.875337 1.34611 1.48785 1.42432 1.52675 1.40698 1.37232 1.27332
threshold=187.08499999999916 318.88129500000008 139.56714285714096 238.63947320000003 84058.437900000004 299.40499999999992 -0.0049567024820005171 -0.67220640131700515 95852.667155721094 461.47500000000588 126.99389975000001 367.72500000000588 247.91735500000001 57.149058838189625 -0.019272052996301081 -1634.4711546564138 -0.0010318642392687482 -0.005897423490036414 611.31999999999982 412.13267500000006 683.25068625000006 -0.001571380391804939 89496.096675000023 90325.770200000014 456.21364925000006 -0.013637332470218047 87026.785000000018 822.15499999999895 89175.195000000022 405.99500000000268
decision_type=2 2 2 2 2 2 2 2 2 2 2 2 2 2 2 2 2 2 2 2 2 2 2 2 2 2 2 2 2 2
left_child=2 5 4 -4 -1 11 7 -7 9 10 -3 -2 -13 -9 15 -10 17 18 -16 -20 -8 -22 29 25 -25 27 -27 -24 -28 -11
right_child=1 8 3 -5 -6 6 20 13 14 22 -12 12 -14 -15 16 -17 -18 -19 19 -21 21 -23 23 24 -26 26 28 -29 -30 -31
leaf_value=-1.3057836805717913e-05 5.8016919725066324e-06 -7.8945202948181844e-05 1.2027219711609742e-05 -6.4986920777880804e-06 2.2946712104118826e-05 -8.7623177931568403e-05 -2.0884685536080771e-06 -1.7432189366920885e-05 -2.1532222539108838e-05 -4.6735457069539544e-05 -6.7028722588250929e-06 -3.1856992103817028e-06 -5.2581079858640104e-05 -0.00010572241707131837 1.6958914536670846e-05 -0.0001946924488364942 -2.0980000117538892e-05 1.3152880863057356e-05 -0.00018118409836576809 -4.9861934546625608e-05 -6.637861689773539e-05 -1.7385951907674928e-05 -0.00014985665454291111 -0.00011621851557254667 1.3913806220798762e-05 -0.00015171516000076689 -7.8016668265377354e-05 5.321355433069189e-05 -0.00028073557135976598 -0.00016746559504607502
leaf_weight=53 7304 22 6298 1139 3232 28 5854 142 39 1012 797 62 28 24 142 25 1409 601 24 168 31 69 26 228 105 20 54 41 22 81
leaf_count=53 7304 22 6298 1139 3232 28 5854 142 39 1012 797 62 28 24 142 25 1409 601 24 168 31 69 26 228 105 20 54 41 22 81
internal_value=0.000392022 -0.000409086 0.00176366 0.00112075 0.00321918 3.39686e-05 -0.00048959 -0.00453608 -0.0016549 -0.00245432 -0.000738706 0.0004693 -0.005 -0.00222892 -0.000855482 -0.00671875 -0.000695392 0.000561497 -0.00158683 -0.00385417 -0.000357742 -0.005 -0.00333858 -0.00508064 -0.00325826 -0.00880368 -0.0127083 -0.00320895 -0.00947368 -0.00254803
internal_weight=29080 18358 10722 7437 3285 13542 6148 194 4816 2408 819 7394 90 166 2408 64 2344 935 334 192 5954 100 1589 496 333 163 96 67 76 1093
internal_count=29080 18358 10722 7437 3285 13542 6148 194 4816 2408 819 7394 90 166 2408 64 2344 935 334 192 5954 100 1589 496 333 163 96 67 76 1093
is_linear=0
shrinkage=0.05


Tree=25
num_leaves=31
num_cat=0
split_feature=39 4 19 4 34 7 1 24 0 18 32 5 22 15 25 17 7 20 39 7 7 20 34 25 25 25 41 38 26 19
split_gain=11.8301 3.7049 3.24712 1.30248 1.18662 1.16186 1.64213 1.36329 1.14909 1.13985 1.24101 1.10233 1.22838 1.09023 1.0575 1.38567 1.67358 1.75812 1.38926 1.22665 1.29419 1.32342 1.29554 1.36857 1.15985 1.49477 1.25946 1.14025 1.04653 1.30409
threshold=216.22999999999908 318.88129500000008 112.3449999999939 93.360375000000019 90484.535905658719 -0.001979358184973233 110960.66500000002 112.36463190000002 83980.580000000002 -47.715000000003776 -258.74157832679333 0.00056845429070298287 200.81733940000001 0.00097677816685155078 0.92598118957288367 0.0016127412858099137 -0.0037229530048062402 88.139999999999432 250.53785714285814 -0.0049567024820005171 -0.0026300910674349125 107.40499999999885 107963.90975967732 -0.61733682154554592 -0.67220640131700515 1.0000000180025095e-35 -1.4528533479702415 52.91517662267276 96020.103030333281 461.47500000000588
decision_type=2 2 2 2 2 2 2 2 2 2 2 2 2 2 2 2 2 2 2 2 2 2 2 2 2 2 2 2 2 2
left_child=2 3 8 -2 -4 6 7 -5 -1 -6 -11 13 -13 -8 15 16 -9 18 -18 24 -21 27 23 -23 -17 -26 -27 -22 29 -3
right_child=1 28 4 5 9 -7 11 14 -10 10 -12 12 -14 -15 -16 19 17 -19 -20 20 21 22 -24 -25 25 26 -28 -29 -30 -31
leaf_value=-9.7938654495697659e-06 9.1242744454462216e-06 -9.8172387274698646e-06 -2.5623762270001767e-06 -8.6676561083106214e-05 1.8792636915286949e-05 4.9743328232677602e-07 -4.3753013909117177e-05 1.3016089494231963e-05 2.0784142063450084e-05 -8.0634495547788592e-06 1.0722734906218508e-05 -6.5699653563671995e-05 6.0012198256057019e-05 1.4506925872578672e-05 2.757199947839872e-05 -7.2317135763982229e-05 3.212603017278524e-05 -0.00011067338476519345 -6.5419399325420405e-05 -5.599252821622833e-07 -4.6205113162773466e-05 -0.00014247954172589203 -0.00011512445352096631 -6.4626206117185229e-06 1.5420474112526655e-05 -2.5643386753052051e-05 -0.00016581986001828829 1.8448108103584725e-05 -1.4032227246515473e-05 -6.6203882625110656e-05
leaf_weight=92 2778 782 1395 63 2327 8463 20 20 3541 463 3108 27 28 591 93 31 23 21 33 834 157 29 23 48 93 27 29 116 2256 1569
leaf_count=92 2778 782 1395 63 2327 8463 20 20 3541 463 3108 27 28 591 93 31 23 21 33 834 157 29 23 48 93 27 29 116 2256 1569
internal_value=0.000386864 -0.000395505 0.0016868 2.10381e-05 0.00107843 -0.000227969 -0.0012229 -0.00207317 0.00290807 0.00138861 0.000827499 0.000870871 -0.00590909 0.00148118 -0.00178503 -0.00210916 -0.0078866 -0.0112338 -0.00660714 -0.00170512 -0.0011309 -0.00357909 -0.0085 -0.00538961 -0.00555556 -0.00372483 -0.0101786 -0.00177656 -0.00162036 -0.00235857
internal_weight=29080 18154 10926 13547 7293 10769 2306 1640 3633 5898 3571 666 55 611 1577 1484 97 77 56 1387 1207 373 100 77 180 149 56 273 4607 2351
internal_count=29080 18154 10926 13547 7293 10769 2306 1640 3633 5898 3571 666 55 611 1577 1484 97 77 56 1387 1207 373 100 77 180 149 56 273 4607 2351
is_linear=0
shrinkage=0.05


Tree=26
num_leaves=31
num_cat=0
split_feature=39 15 19 21 20 26 11 34 18 16 7 32 21 4 0 0 7 4 36 21 7 42 39 24 4 17 19 32 7 13
split_gain=10.8416 3.44213 3.22211 1.94256 1.33509 1.8119 1.14951 1.10136 1.0705 1.24648 1.34627 1.274 1.04703 1.04609 1.07998 1.97124 1.09146 1.34528 1.24651 1.13596 1.09932 1.4571 1.03905 1.03223 2.4477 1.02705 0.979604 0.941544 0.94316 0.937766
threshold=216.22999999999908 0.0039411762772094744 112.3449999999939 160.63500000000207 198.11499999999799 101638.48800843403 -0.019272052996301081 90484.535905658719 -47.715000000003776 0.0017664486765784908 0.0013559271544281131 -258.74157832679333 572.61000000000797 93.360375000000019 115854.88500000002 115665.57000000002 -0.001979358184973233 224.28412000000003 802.72766682988743 140.86000000000061 -0.00030071369213478745 -192.46360913050412 218.55678571428612 148.70787460000005 157.57747000000003 0.0023036352115543579 1225.6549999999991 -438.80859760975721 -0.0036186657769013181 -0.012963336309292727
decision_type=2 2 2 2 2 2 2 2 2 2 2 2 2 2 2 2 2 2 2 2 2 2 2 2 2 2 2 2 2 2
left_child=2 3 -1 6 -5 25 -2 27 -9 11 -11 23 -3 -8 15 16 17 18 19 29 -18 -22 -23 -10 -25 -6 -14 28 -4 -15
right_child=1 12 7 4 5 -7 13 8 9 10 -12 -13 26 14 -16 -17 20 -19 -20 -21 21 22 -24 24 -26 -27 -28 -29 -30 -31
leaf_value=1.9410101510710481e-05 -6.1386648556310027e-05 -3.8880239021084047e-05 -8.431476628962139e-05 -1.258053385255591e-05 -0.0001259752206655622 -1.6970140244149398e-05 9.1737106299526913e-06 1.7853005069522598e-05 8.9888565552038436e-07 -5.8756423555150754e-06 -6.0062290110383601e-05 1.0735000079774699e-05 -1.5668036636652384e-05 -7.1031671158990991e-05 1.1433518981565646e-05 -9.5437707943192107e-05 9.3162397464237552e-06 2.8865871280376818e-07 4.716296715286985e-06 -8.3224500222169311e-05 -0.00011338356529143903 -5.1172059974234093e-05 -9.9346358099460485e-07 -8.2234041018135644e-06 -7.8248261190077298e-05 -8.657057889232895e-05 -0.00053240305056628649 3.3182965531129033e-06 -3.3071630887659337e-05 -3.319136282802472e-05
leaf_weight=3633 31 2004 29 1902 33 107 2704 2327 318 48 21 3053 22 22 1813 49 1902 1143 278 31 31 65 5119 100 31 56 26 1266 100 816
leaf_count=3633 31 2004 29 1902 33 107 2704 2327 318 48 21 3053 22 22 1813 49 1902 1143 278 31 31 65 5119 100 31 56 26 1266 100 816
internal_value=0.000392022 -0.000356946 0.00163646 -0.000111166 -0.00153003 -0.00545918 0.0001014 0.00103044 0.00132926 0.000785494 -0.00586956 0.000916619 -0.00228557 0.000122737 -8.91825e-05 -0.000303511 -0.000251408 -0.00120087 -0.00241064 -0.00334292 5.4096e-05 -0.000321189 -0.000256558 -0.00157016 -0.00530534 -0.0107303 -0.00958333 -0.000232975 -0.00430233 -0.00299523
internal_weight=29080 18154 10926 16102 2098 196 14004 7293 5898 3571 69 3502 2052 13973 11269 9456 9407 2290 1147 869 7117 5215 5184 449 131 89 48 1395 129 838
internal_count=29080 18154 10926 16102 2098 196 14004 7293 5898 3571 69 3502 2052 13973 11269 9456 9407 2290 1147 869 7117 5215 5184 449 131 89 48 1395 129 838
is_linear=0
shrinkage=0.05


Tree=27
num_leaves=31
num_cat=0
split_feature=19 39 15 24 21 20 26 31 17 9 19 19 2 42 9 7 18 38 36 40 40 40 23 5 18 4 23 15 39 35
split_gain=10.1475 3.2615 2.91988 1.58491 1.44208 1.7825 1.40946 1.17332 1.13659 1.1146 1.16231 1.17735 1.10677 1.15943 0.992063 0.923477 1.12809 0.932563 1.01135 1.36045 0.936915 1.23137 0.920571 0.913669 1.72869 1.875 0.957274 0.888339 1.62575 1.56013
threshold=187.08499999999916 139.56714285714096 0.0037780290106711836 238.63947320000003 169.36000000000061 198.11499999999799 101638.48800843403 84058.437900000004 0.0023036352115543579 -0.005093780221147569 718.64500000000419 649.84500000000128 113925.57500000001 -242.94181549504782 -0.0032700650312469872 -0.0035394957141832474 138.87999999999741 75.261040242241961 182.42500651947924 380.80817535967805 49.85522349138774 39.744935572620314 2.7526803274382368 0.0013287239746701638 161.6650000000009 323.50236000000001 -0.14819474035330907 0.0024942523281425736 337.26892857142963 89334.081050000008
decision_type=2 2 2 2 2 2 2 2 2 2 2 2 2 2 2 2 2 2 2 2 2 2 2 2 2 2 2 2 2 2
left_child=1 7 4 -3 12 9 8 -1 -7 10 11 27 13 -2 -10 16 -15 18 19 20 21 -17 -4 26 25 -25 -19 28 -6 -29
right_child=2 3 22 -5 5 6 -8 -9 14 -11 -12 -13 -14 15 -16 17 -18 23 -20 -21 -22 -23 -24 24 -26 -27 -28 29 -30 -31
leaf_value=-1.2531344173415476e-05 -7.6022923914100985e-05 1.0505051480875429e-05 -3.2029485179374501e-05 -6.8382507263284773e-06 -1.6451708453798605e-05 -0.0001451616796316552 -3.5966639404944343e-05 2.0210625836854543e-05 -0.00013656720438351072 -3.0499992740612135e-06 1.4350333204924118e-05 -0.00023003284173695989 9.5100176696328827e-06 -2.3506857857720612e-05 3.1501402291144145e-05 -3.715961626310989e-06 -0.00026471385517316852 -1.475200512953512e-05 7.3193592381465701e-06 -9.6621146045090757e-05 8.1637325344395346e-06 -5.0445693033442465e-05 -0.00013588246671544264 -8.1830845740781242e-06 -1.9033556447737973e-05 -0.00012777714871988068 3.3885936394813968e-05 -0.00014526747160501419 -0.00014303155826545378 7.1406822256561098e-05
leaf_weight=53 46 6298 2153 1139 38 32 92 3232 21 1554 84 26 3052 1128 24 4115 23 115 3965 23 1026 76 109 30 315 24 184 26 32 45
leaf_count=53 46 6298 2153 1139 38 32 92 3232 21 1554 84 26 3052 1128 24 4115 23 115 3965 23 1026 76 109 30 315 24 184 26 32 45
internal_value=0.000410936 0.00163309 -0.000302865 0.00105352 -6.6476e-05 -0.00133232 -0.0062426 0.00294521 -0.0112338 -0.000872576 -0.00396414 -0.00637725 0.000110466 -0.000121951 -0.00611111 -8.88968e-05 -0.00142919 6.73556e-05 0.000198262 -0.000257633 -0.00020414 -0.000535671 -0.00198497 -0.00173653 -0.00340108 -0.0116667 0.000317726 -0.00457447 -0.00857143 -0.000633803
internal_weight=29080 10722 18358 7437 16096 1974 169 3285 77 1805 251 167 14122 11070 45 11024 1151 9873 9205 5240 5217 4191 2262 668 369 54 299 141 70 71
internal_count=29080 10722 18358 7437 16096 1974 169 3285 77 1805 251 167 14122 11070 45 11024 1151 9873 9205 5240 5217 4191 2262 668 369 54 299 141 70 71
is_linear=0
shrinkage=0.05


Tree=28
num_leaves=31
num_cat=0
split_feature=19 39 4 24 11 34 7 18 19 40 7 41 38 38 9 7 4 25 24 19 39 40 21 7 31 30 0 22 20 42
split_gain=9.13366 2.92453 2.92275 1.33324 1.2665 1.03114 1.01625 1.10605 1.10913 1.09235 2.58973 1.2386 2.66597 1.07335 1.03678 1.00044 1.6506 1.91145 0.974404 1.74619 1.37532 1.26245 0.916547 2.13918 0.979114 0.977793 1.1083 0.893931 1.21454 1.06792
threshold=168.84000000000381 139.56714285714096 318.88129500000008 92.36462130000001 0.0081804173800157538 84161.863824316606 -0.0045861793790463439 -55.915000000008142 245.27500000000148 51.831687559853897 0.0037690543393878221 84.100811113972597 33.856042472262025 39.974073363291801 -0.0021890260490959133 -0.013299002582065808 991.10944500000016 4.4158494076169603 114.54799560000002 277.38500000000209 262.20500000000078 -74.343007670999199 183.39000000000672 0.00858649123415464 121034.1609 118027.71809288066 118008.91500000002 75.053080500000007 33.314999999995059 -12.076909612655191
decision_type=2 2 2 2 2 2 2 2 2 2 2 2 2 2 2 2 2 2 2 2 2 2 2 2 2 2 2 2 2 2
left_child=1 5 3 -2 -3 -1 13 8 -8 10 11 18 -13 -5 -15 16 -4 -18 19 21 -21 -10 25 24 -24 26 -17 28 -9 -30
right_child=2 4 15 6 -6 -7 7 27 9 -11 -12 12 -14 14 -16 22 17 -19 -20 20 -22 -23 23 -25 -26 -27 -28 -29 29 -31
leaf_value=-5.1504462788667225e-06 1.4566940732474156e-05 8.7745559897522399e-06 -0.00030448351460916206 8.8015272850434182e-06 -2.6000439524525931e-05 2.0073716890653241e-05 1.4279507650365528e-05 1.2853260688600251e-05 -7.4452789044203779e-05 9.8942207355252447e-06 -0.00014880807390463288 -7.2476462245191087e-05 1.823577971396638e-05 -5.8035202868001053e-05 2.3391220114592948e-05 -1.4016282207325609e-05 2.4290750002964017e-05 -0.00020855343883878928 1.069774766886977e-06 1.2100380788142347e-05 -9.9288364377780392e-05 -3.1188513593254734e-06 -3.7081740436799689e-05 -0.00018014402148930716 -0.00014131646415829782 1.4515500043633945e-05 -2.85231620593972e-05 -1.9452585491719868e-06 -5.8124110053882072e-05 -3.1352294881647702e-06
leaf_weight=88 1114 5938 28 161 22 3058 1991 68 27 1383 22 30 47 192 41 3171 55 32 1680 93 30 20 1174 74 42 255 24 8147 35 38
leaf_count=88 1114 5938 28 161 22 3058 1991 68 27 1383 22 30 47 192 41 3171 55 32 1680 93 30 20 1174 74 42 255 24 8147 35 38
internal_value=0.000404058 0.00171645 -0.000194252 0.000148489 0.00106544 0.00294978 1.60659e-05 8.85315e-05 0.000650949 9.30374e-05 -0.000669574 -0.000474831 -0.00668831 -0.00248731 -0.00465665 -0.00126159 -0.00586956 -0.00247126 -0.000216216 -0.00382353 -0.000691057 -0.0120213 -0.00114979 -0.00228682 -0.00178454 -0.000724637 -0.000962441 -0.000272683 -0.00421986 -0.00869863
internal_weight=29080 9106 19974 15119 5960 3146 14005 13611 5323 3332 1949 1927 77 394 233 4855 115 87 1850 170 123 47 4740 1290 1216 3450 3195 8288 141 73
internal_count=29080 9106 19974 15119 5960 3146 14005 13611 5323 3332 1949 1927 77 394 233 4855 115 87 1850 170 123 47 4740 1290 1216 3450 3195 8288 141 73
is_linear=0
shrinkage=0.05


Tree=29
num_leaves=31
num_cat=0
split_feature=4 19 36 16 39 3 31 32 4 3 20 15 39 39 15 5 1 25 11 39 40 23 42 0 9 5 11 39 13 28
split_gain=8.62072 3.63362 1.63187 1.54015 1.51462 1.28911 1.7399 2.82654 1.17585 1.14512 1.13383 1.70163 1.04964 1.00072 1.42656 0.9 0.872812 0.837924 1.24045 2.36803 1.06531 0.841342 1.43505 0.854647 0.882849 0.818344 0.812129 1.04348 0.809655 1.92212
threshold=68.048390000000012 357.30999999999773 -932.22767329993064 0.0017940312810200579 148.88107142857038 91570.390000000014 91300.421100000021 -926.96346017820167 429.67555500000003 91029.510000000024 206.65000000000148 0.0043023543904044973 881.85785714285691 317.27964285714245 0.0024574370317575452 -0.00093252300438661161 114770.26000000002 -1.1966277990956751 0.00096495675209626417 200.78928571428597 -27.92037802845152 -0.10620894156144035 -13.566819778349474 104362.74000000001 -0.0014997041942562705 -0.0034599927283592382 -0.019272052996301081 497.35964285714425 -0.011735016792162056 -940.69923162424664
decision_type=2 2 2 2 2 2 2 2 2 2 2 2 2 2 2 2 2 2 2 2 2 2 2 2 2 2 2 2 2 2
left_child=4 2 16 -4 -1 6 8 10 12 -9 11 -8 25 -10 15 -15 -2 18 -6 -20 -21 23 -23 24 -19 -3 27 -7 -16 -30
right_child=1 5 3 -5 17 26 7 9 13 -11 -12 -13 -14 14 28 -17 -18 21 19 20 -22 22 -24 -25 -26 -27 -28 -29 29 -31
leaf_value=1.9964365586858039e-05 -8.9330758041136345e-06 2.8796512113361117e-05 8.8412051009241701e-06 -1.2817123825848455e-06 3.9628882642707655e-06 -8.8473998374851613e-05 1.0050505996921309e-05 -0.00018881182240373321 1.9397769557330909e-05 -0.00010802875102909986 4.1792183611851386e-05 -0.00022394308699126621 -0.00026591578225376359 -0.0001762138757043313 -2.1624241246650669e-05 -4.6055497173132604e-05 1.2432982982665682e-05 2.4003083186413931e-05 -5.2594663175107946e-05 -1.0722960086802565e-05 4.3031972670710836e-05 -3.3404109007155482e-05 1.0710457432762513e-05 1.6641745479108994e-05 -3.7989334371366148e-06 -6.2431028517627835e-06 -4.6809260753428139e-06 -3.3708919120120545e-05 -0.0002018807152754443 -7.4390278981227738e-05
leaf_weight=2733 2699 209 8400 4748 129 23 45 23 136 21 33 37 26 20 339 20 348 148 21 20 29 24 43 1744 744 958 4699 46 21 594
leaf_count=2733 2699 209 8400 4748 129 23 45 23 136 21 33 37 26 20 339 20 348 148 21 20 29 24 43 1744 744 958 4699 46 21 594
internal_value=0.000386864 -3.51886e-05 0.000381291 0.000622909 0.00214286 -0.000965517 -0.0018896 -0.00694969 -0.00154326 -0.0177273 -0.00282609 -0.00597561 -0.000448449 -0.00269911 -0.0032495 -0.0125 -0.000661306 0.00134735 -0.00178392 -0.00714286 -0.00112245 0.00157788 -0.00395522 0.00171851 0.000459641 -0.000227078 -0.00048448 -0.00586956 -0.00286163 -0.00394309
internal_weight=29080 23445 16195 13148 5635 7250 2482 159 2323 44 115 82 1193 1130 994 40 3047 2902 199 70 49 2703 67 2636 892 1167 4768 69 954 615
internal_count=29080 23445 16195 13148 5635 7250 2482 159 2323 44 115 82 1193 1130 994 40 3047 2902 199 70 49 2703 67 2636 892 1167 4768 69 954 615
is_linear=0
shrinkage=0.05


Tree=30
num_leaves=31
num_cat=0
split_feature=39 4 21 15 16 32 38 13 28 41 24 17 42 42 20 4 31 17 21 22 38 7 5 9 3 13 18 24 24 17
split_gain=8.34809 3.13277 1.93924 1.91658 1.44881 1.16222 1.8227 2.10586 1.64867 1.52842 1.47171 1.52026 1.9303 1.81946 1.30442 1.31763 1.01197 1.77671 1.72637 1.26612 0.955026 0.938209 1.49012 1.40242 1.21821 2.88432 1.06315 0.90947 1.22485 0.896001
threshold=171.69678571428659 126.39324000000002 63.680000000000298 0.0038577693811976013 0.00075357925002993967 -147.04755853763342 24.710209741920547 -0.0013354527515280561 -249.80731782330255 -6.2627422579445478 132.59189680000003 0.0017022348379991852 -64.237258445747017 -29.264624043714029 255.53999999999363 229.18563500000002 95677.059800000017 0.0017628329076201984 15.795000000005532 114.83434950000002 26.370072296214371 0.0001385815772240471 -0.00025750509734245229 -0.0014290250002059292 117771.395 -0.0050534683100519522 -81.839999999996493 276.31018410000007 278.40845040000005 0.0017240256698429497
decision_type=2 2 2 2 2 2 2 2 2 2 2 2 2 2 2 2 2 2 2 2 2 2 2 2 2 2 2 2 2 2
left_child=2 27 4 5 -1 9 -7 -8 -9 14 -11 12 -12 -14 16 -16 17 18 -3 -20 -17 -18 23 -23 -24 -26 -25 -2 -29 -21
right_child=1 3 -4 -5 -6 6 7 8 -10 10 11 -13 13 -15 15 20 21 -19 19 29 -22 22 24 26 25 -27 -28 28 -30 -31
leaf_value=2.3007806380291329e-05 7.5681448320504455e-06 4.650478639352773e-05 -8.5970015016002593e-07 -3.4499132808557611e-05 1.131789557066967e-05 -5.1236926120848191e-05 1.8767910470203711e-05 -9.640804570155375e-05 -9.9505203346842295e-07 3.3036316322825362e-05 -3.6031307032472418e-05 -2.972957189504485e-05 -0.00019531445872772647 -2.8497044224441981e-05 -6.0540663920079375e-05 7.0117029526086972e-06 7.1847139079549498e-06 -9.5127570279963266e-06 -7.2340468554660934e-05 -5.0497124562296622e-05 -5.1822399625762094e-05 -0.00010334271655610059 3.2746441626333997e-06 8.845792043332069e-07 -8.205195902591599e-05 4.3181418667742714e-06 -5.7526428483367404e-05 -4.4399852642800947e-05 -3.8032288034988362e-06 -0.00012913750501375427
leaf_weight=1657 7233 42 907 2109 3991 43 1235 25 5816 98 55 400 42 23 25 75 1898 1173 36 135 135 34 704 109 38 59 60 28 872 23
leaf_count=1657 7233 42 907 2109 3991 43 1235 25 5816 98 55 400 42 23 25 75 1898 1173 36 135 135 34 704 109 38 59 60 28 872 23
internal_value=0.000393742 -6.32629e-05 0.00196415 -0.000506531 0.00230878 -0.000267443 0.00014679 0.000209158 -0.000187468 -0.000838497 -0.00317152 -0.00423077 -0.00916667 -0.015 -0.000521337 -0.00414894 -0.000323591 -0.00142299 -0.00538136 -0.00737113 -0.00285714 0.0002102 -0.0010259 -0.00485222 -5.61796e-05 -0.00530928 -0.00298817 0.000721136 -0.000777778 -0.00544304
internal_weight=29080 22525 6555 14392 5648 12283 7119 7076 5841 5164 618 520 120 65 4546 235 4311 1409 236 194 210 2902 1004 203 801 97 169 8133 900 158
internal_count=29080 22525 6555 14392 5648 12283 7119 7076 5841 5164 618 520 120 65 4546 235 4311 1409 236 194 210 2902 1004 203 801 97 169 8133 900 158
is_linear=0
shrinkage=0.05


Tree=31
num_leaves=31
num_cat=0
split_feature=39 39 15 21 21 30 25 36 15 39 5 38 7 26 15 17 24 36 7 20 21 9 25 19 7 27 16 18 15 19
split_gain=7.60877 3.01043 2.00818 1.69024 1.28794 1.11074 1.90479 0.976363 1.00484 0.929681 1.28205 0.945912 1.08963 1.61933 1.38985 0.97429 1.08397 0.987011 0.968507 1.16222 2.82033 0.955026 1.38889 1.32658 0.867007 1.34174 0.963493 0.856948 0.909862 1.02066
threshold=234.55178571428618 110.37750000000078 0.0039411762772094744 35.095000000001171 160.63500000000207 100215.44256024105 4.0392977631535834 -932.22767329993064 0.0017930684996437754 235.63785714285822 0.0011356312679750237 74.800114080851316 -0.001979358184973233 112760.00888726767 0.0011573999167695333 0.0023132607466617825 246.06779690000005 1969.0425426441291 -0.0026300910674349125 168.86499999999799 29.589999999996511 -0.00024654962476776664 0.6135909971029575 498.40499999999889 -0.004428371019735926 111915.97775000001 0.0015028835367260607 91.215000000003798 0.0016079380146601279 232.9150000000009
decision_type=2 2 2 2 2 2 2 2 2 2 2 2 2 2 2 2 2 2 2 2 2 2 2 2 2 2 2 2 2 2
left_child=1 -1 4 7 9 6 -6 8 -3 10 -2 12 13 18 -15 16 17 -13 24 -20 -21 -17 -23 -24 25 -11 -26 -5 -29 -30
right_child=2 3 -4 27 5 -7 -8 -9 -10 11 -12 15 -14 14 -16 21 -18 -19 19 20 -22 22 23 -25 26 -27 -28 28 29 -31
leaf_value=2.152625506070115e-05 -8.4652872491428151e-07 5.2708840356944105e-07 -3.2900475495656778e-05 5.4239026034472953e-06 -3.7195497042542052e-05 -3.0053034128825299e-06 -0.0001714249138459105 1.2691377588948419e-05 -4.4489453952031781e-05 -2.3087655149911699e-05 -6.1873616969926681e-05 -6.3297901735847837e-06 3.2557531570134441e-06 -4.2790299378091127e-05 1.7500573562432732e-05 -4.9709812331612846e-05 -4.8203275612965148e-05 2.4028674671191758e-05 -3.0907485298243663e-05 -0.00011467080485385672 2.5133278775824763e-05 -3.2379743629530638e-06 -0.00011732691054297924 -4.0710568187987201e-05 -6.9339632657052094e-05 -0.0001091262529307334 9.128372303615093e-06 -3.4928228965491601e-06 -5.2661977039480506e-05 -3.8300111806925117e-05
leaf_weight=1725 78 436 2052 4193 679 1312 26 5562 37 576 26 281 8788 34 582 36 37 164 463 23 25 162 23 31 41 24 851 663 35 115
leaf_count=1725 78 436 2052 4193 679 1312 26 5562 37 576 26 281 8788 34 582 36 37 164 463 23 25 162 23 31 41 24 851 663 35 115
internal_value=0.000404058 0.00131835 -0.000311389 0.00101485 -0.000100967 -0.00127169 -0.00287234 0.00157829 -0.000602537 9.18744e-05 -0.00461538 0.000132197 0.000244149 -0.000651012 0.00159091 -0.00160763 -0.000290456 0.000393259 -0.00134049 -0.00321918 -0.010625 -0.00412698 -0.00287037 -0.00981481 -0.000697051 -0.00216667 0.00029148 0.000335597 -0.00115006 -0.00466667
internal_weight=29080 12766 16314 11041 14262 2017 705 6035 473 12245 104 12141 11407 2619 616 734 482 445 2003 511 48 252 216 54 1492 600 892 5006 813 150
internal_count=29080 12766 16314 11041 14262 2017 705 6035 473 12245 104 12141 11407 2619 616 734 482 445 2003 511 48 252 216 54 1492 600 892 5006 813 150
is_linear=0
shrinkage=0.05


Tree=32
num_leaves=31
num_cat=0
split_feature=19 39 19 24 3 1 23 39 39 16 40 42 17 41 40 21 23 38 19 17 22 20 21 39 41 23 36 9 38 36
split_gain=6.99241 2.89999 1.93091 1.49705 1.18327 1.51552 1.39366 1.24451 1.07369 1.13543 1.50025 1.39363 0.919296 0.895376 2.06635 0.914474 0.878896 0.864787 1.42106 2.32654 1.35714 1.51681 1.20401 1.15346 0.853175 0.849862 0.910812 1.53635 0.844363 0.942062
threshold=187.08499999999916 110.37750000000078 357.30999999999773 238.63947320000003 91570.390000000014 90398.000000000015 -0.16705265053601678 562.19607142857069 508.99714285714236 0.0028985151487813088 6.5873192314902562 -23.876212157166336 0.0028941077534255862 385.84047633799565 423.6297623247811 136.72500000000585 0.16689471127299846 45.249796122358084 505.94500000000704 0.0043473120676899612 421.74462200000011 237.05499999999304 248.9150000000009 626.74714285714344 -237.90242566303434 -0.22587992468665033 1696.8388070639123 0.0016498883557963552 75.261040242241961 -932.22767329993064
decision_type=2 2 2 2 2 2 2 2 2 2 2 2 2 2 2 2 2 2 2 2 2 2 2 2 2 2 2 2 2 2
left_child=1 -1 28 25 5 13 24 8 9 10 11 -8 -11 15 -15 -4 -16 -17 -19 20 21 -20 -21 -22 -7 -3 -27 -28 29 -2
right_child=2 3 4 -5 -6 6 7 -9 -10 12 -12 -13 -14 14 16 17 -18 18 19 22 23 -23 -24 -25 -26 26 27 -29 -30 -31
leaf_value=2.1254500672891286e-05 -3.3440891072481026e-06 1.1269038309143655e-05 -1.6162217806400224e-06 -6.0172015708017744e-06 -4.0835254420568398e-06 -9.6409371744176909e-05 -8.6824379247480839e-05 -0.00022986678299009158 0.00013761743666665694 -0.00013805541713266675 8.1964443004863062e-05 -0.00023322111518249563 -7.0180845007138232e-05 -5.7604436958543905e-05 1.3612151566254496e-05 -3.0030618187569584e-05 -9.5653497157433454e-05 -2.4515012137044182e-07 -4.5203053118162708e-05 3.6986388156401614e-05 -0.00038202612006236282 -0.00012100258218653503 -8.4342573664700581e-05 -0.00010557664779034177 7.6835842549261566e-05 3.321559638787977e-06 7.8694784777560332e-06 -3.5940873063317352e-05 -7.3616314804996959e-06 5.0732654075238075e-06
leaf_weight=1640 2463 5632 1301 1148 4774 20 29 39 21 21 31 21 25 23 77 461 31 133 51 52 20 21 40 22 43 2219 58 25 634 8005
leaf_count=1640 2463 5632 1301 1148 4774 20 29 39 21 21 31 21 25 23 77 461 31 133 51 52 20 21 40 22 43 2219 58 25 634 8005
internal_value=0.000404058 0.00141858 -0.000188473 0.00106915 -0.000822767 -0.0017083 -0.0054 -0.00756684 -0.00547297 -0.00720472 -0.00364198 -0.009 -0.0134783 -0.0012948 -0.00530534 -0.00104474 -0.00240741 -0.002375 -0.00429204 -0.0068932 -0.0116667 -0.0075 -0.000978261 -0.0188095 0.00103175 0.00131334 0.00050391 -0.00463855 0.000226086 0.000333397
internal_weight=29080 10722 18358 9082 7256 2482 250 187 148 127 81 50 46 2232 131 2101 108 800 339 206 114 72 92 42 63 7934 2302 83 11102 10468
internal_count=29080 10722 18358 9082 7256 2482 250 187 148 127 81 50 46 2232 131 2101 108 800 339 206 114 72 92 42 63 7934 2302 83 11102 10468
is_linear=0
shrinkage=0.05


Tree=33
num_leaves=31
num_cat=0
split_feature=19 39 4 24 39 32 36 42 39 16 36 20 19 28 42 24 21 7 16 25 19 40 20 7 18 2 39 21 21 24
split_gain=6.55628 2.7062 1.87569 1.51375 1.4162 1.31703 0.97898 1.30787 1.3524 2.53634 0.967542 1.80406 1.53213 2.01836 1.78875 1.35 0.844591 0.97445 1.00884 0.871996 0.912077 0.824592 0.815041 0.79983 1.19629 1.14577 1.15133 0.893036 2.21769 0.965546
threshold=187.08499999999916 101.40571428571432 496.65348000000006 238.63947320000003 881.85785714285691 -1357.6534978471316 -867.48344828037796 -192.46360913050412 390.06857142857137 0.0033812324728574776 -974.00202539801819 34.155000000006119 239.08000000000177 132.8842519363607 -2.6030238828870291 224.01513490000002 88.720000000001178 0.012610870061698082 0.0053903395241482405 4.0392977631535834 533.79000000000099 8.0789108066383069 76.599999999998559 0.00048645248671939229 -120.20999999999911 84462.330000000016 120.66535714285628 98.805000000000305 107.95000000000438 149.58660490000003
decision_type=2 2 2 2 2 2 2 2 2 2 2 2 2 2 2 2 2 2 2 2 2 2 2 2 2 2 2 2 2 2
left_child=1 -1 4 23 6 -6 10 8 -8 -10 -2 21 -13 14 15 22 -4 19 -19 -18 -21 -12 -14 25 -25 26 -3 -26 29 -29
right_child=2 3 16 -5 5 -7 7 -9 9 -11 11 12 13 -15 -16 -17 17 18 -20 20 -22 -23 -24 24 27 -27 -28 28 -30 -31
leaf_value=2.1335677705477306e-05 -3.2152677920528701e-06 -3.3855140076917805e-05 -8.519346130643281e-06 -5.716341492261684e-06 2.8084037695072484e-05 -0.00022884985246403582 4.4498923224588507e-05 2.7134637240787436e-06 -0.00013211599454189391 -2.3994787931070837e-05 2.3660126617452119e-05 1.3412024771782529e-05 -3.1990408074469354e-05 1.6254298089333471e-05 -0.00013533858958959889 -0.00012937161749898996 -3.1222847119904152e-05 -0.00022269923714953512 -5.0452761687640041e-05 -5.8040361234273444e-05 -7.9035728663487328e-05 -1.892097283480165e-05 -9.8619478242271152e-06 -6.5895742553378396e-05 5.7080691705598162e-06 1.1877163458345085e-05 -4.2347207441251598e-07 -8.0440707670929759e-05 1.761899562878521e-05 -1.079521612113543e-05
leaf_weight=1328 4058 39 980 1148 25 34 32 11413 33 43 110 57 23 32 26 20 1169 23 36 23 152 32 37 27 2785 4907 338 29 98 23
leaf_count=1328 4058 39 980 1148 25 34 32 11413 33 43 110 57 23 32 26 20 1169 23 36 23 152 32 37 27 2785 4907 338 29 98 23
internal_value=0.0003989 0.00138127 -0.000174855 0.00108261 2.03445e-05 -0.00771186 4.90075e-05 0.000291208 -0.00518518 -0.00881579 -0.000585893 -0.00316024 -0.00628205 -0.00913043 -0.0124528 -0.00875 -0.00148342 -0.00227014 -0.00855932 -0.00199405 -0.00528571 0.00112676 -0.005 0.00131943 0.000661715 0.00168812 -0.00096817 0.000758092 -0.003 -0.0113462
internal_weight=29080 10722 18358 9394 15975 59 15916 11521 108 76 4395 337 195 138 106 80 2383 1403 59 1344 175 142 60 8246 2962 5284 377 2935 150 52
internal_count=29080 10722 18358 9394 15975 59 15916 11521 108 76 4395 337 195 138 106 80 2383 1403 59 1344 175 142 60 8246 2962 5284 377 2935 150 52
is_linear=0
shrinkage=0.05


Tree=34
num_leaves=31
num_cat=0
split_feature=4 19 39 24 9 39 4 22 19 9 20 24 22 9 24 38 25 19 38 5 18 19 23 21 41 18 3 17 17 38
split_gain=6.11497 2.57486 1.35629 1.24863 1.21987 1.72327 1.24961 1.17388 1.13032 1.09287 2.27625 1.03926 0.982651 0.952102 1.08559 0.895096 0.91323 0.841078 1.19836 1.84382 1.08662 1.55856 0.925544 0.931505 1.32895 0.840964 0.816126 0.985623 0.97552 0.978153
threshold=68.048390000000012 357.30999999999773 148.88107142857038 92.36462130000001 -0.005897423490036414 881.85785714285691 379.25896500000005 55.195921000000006 649.84500000000128 -0.0061369196041580606 32.044999999998261 535.60791180000012 316.10019100000005 -0.0011045535534550254 322.37487390000007 28.140667784635898 -1.1966277990956751 461.47500000000588 46.662899678449548 -5.5240620632056665e-05 -677.26999999999668 543.344999999994 2.0573189063861212 31.70500000000175 76.557030360533346 85.730000000003216 106164.37000000001 0.0017087576609764136 0.0011896911594467721 28.581780739309263
decision_type=2 2 2 2 2 2 2 2 2 2 2 2 2 2 2 2 2 2 2 2 2 2 2 2 2 2 2 2 2 2
left_child=2 3 -1 -2 9 26 -7 -5 -8 17 -11 -10 -12 -4 15 -15 25 -3 22 20 -20 -22 -19 -24 -25 -17 27 28 -6 -30
right_child=1 4 13 7 5 6 8 -9 11 10 12 -13 -14 14 -16 16 -18 18 19 -21 21 -23 23 24 -26 -27 -28 -29 29 -31
leaf_value=1.5888984388759343e-05 1.0949701063897652e-05 1.7942758014657243e-05 2.1401817250909518e-05 -4.3364707903185175e-05 3.6884315652262901e-05 -0.00031794355783832485 8.2166049519654367e-05 1.785773987129899e-06 6.9439517495662272e-05 -0.00011942386117800551 -0.00011390044653483667 -0.00012529567563646985 1.1094825233876587e-05 -1.814436227295729e-05 -3.7750704386456914e-05 -1.1182724573375986e-06 8.036240416609056e-06 -1.2203029583177086e-05 -0.00033094495666007289 -0.00036129024773443383 -0.00016875835097734544 3.8762142567725162e-05 2.7180385708980425e-05 -8.0723994328737937e-05 -0.00018755810508240509 -2.1231075321916233e-05 2.2859217943448615e-06 -7.8687752525641624e-06 -6.9496651969350591e-05 -4.1543153734548751e-05
leaf_weight=2733 1593 195 624 26 51 20 35 14576 21 20 27 66 30 38 34 128 2044 499 28 22 22 69 35 216 20 34 2588 2984 27 275
leaf_count=2733 1593 195 624 26 51 20 35 14576 21 20 27 66 30 38 34 128 2044 499 28 22 22 69 35 216 20 34 2588 2984 27 275
internal_value=0.000379986 2.45257e-05 0.00185892 0.000375116 -0.00075862 -0.000472227 -0.00591549 0.000230106 -0.00401639 -0.00222739 -0.00798701 -0.00706897 -0.00289474 0.00110613 0.000632134 0.000766489 0.000897552 -0.0018264 -0.00246432 -0.00670213 -0.0042437 -0.00159341 -0.00168831 -0.00404059 -0.00516949 -0.00271605 -0.000341772 -0.000858555 -0.00335694 -0.00443709
internal_weight=29080 23445 5635 16195 7250 6067 142 14602 122 1183 77 87 57 2902 2278 2244 2206 1106 911 141 119 91 770 271 236 162 5925 3337 353 302
internal_count=29080 23445 5635 16195 7250 6067 142 14602 122 1183 77 87 57 2902 2278 2244 2206 1106 911 141 119 91 770 271 236 162 5925 3337 353 302
is_linear=0
shrinkage=0.05


Tree=35
num_leaves=31
num_cat=0
split_feature=17 19 4 15 32 36 7 7 24 11 32 13 9 11 23 13 25 21 35 19 15 20 41 42 17 28 34 16 41 38
split_gain=6.01545 2.82396 1.46709 1.20242 1.18305 1.01733 1.06264 0.998326 1.09298 0.984343 0.979183 1.021 1.45742 1.25488 0.942774 1.6 1.00753 1.64075 1.64546 1.16171 1.015 0.941833 1.23666 1.48848 0.965279 0.905594 1.26919 1.10387 2.07468 1.44155
threshold=0.00099238137959633947 357.30999999999773 41.378460000000011 0.0087353231793859884 -516.78769593647291 -932.22767329993064 0.00040761662476774147 -0.0023532425256525737 73.705087400000011 0.0019494280246558247 1557.1614890483618 0.012299344216649665 0.0036791528107567311 0.0028356423565297508 -1.2275777475359828 0.0046209242900567731 1.5201889748174771 209.94999999999712 101624.80480000003 379.94000000000239 0.0035827855342408167 77.299999999995649 195.1833019617309 -122.98514596909445 0.001362453067740651 6.0397201987943854 95840.069053374857 0.0015186933542915128 -49.753035980441929 41.255827195899819
decision_type=2 2 2 2 2 2 2 2 2 2 2 2 2 2 2 2 2 2 2 2 2 2 2 2 2 2 2 2 2 2
left_child=4 2 -2 9 -1 -4 7 8 -7 -3 25 12 13 -12 15 -11 -16 19 20 -18 -19 -10 23 -23 -25 26 27 28 -8 -30
right_child=1 3 5 -5 -6 6 10 -9 21 14 11 -13 -14 -15 16 -17 17 18 -20 -21 -22 22 -24 24 -26 -27 -28 -29 29 -31
leaf_value=-5.059156263928481e-05 1.7560956568722613e-05 -1.7831086433067564e-05 -2.6098471327017163e-06 -0.00011508761197003208 1.4234579073689004e-05 -2.0332953378328213e-05 -2.007201617199616e-05 8.5494679527384423e-06 9.4598250705454817e-06 1.4503919453103648e-05 -3.1633613730945005e-05 -7.4514651642240986e-06 -4.4159356974524696e-05 5.0011601398496608e-05 5.0777464619291151e-06 -0.00013394006592899998 -0.00011251841168656373 -5.105405763039088e-05 -1.2332116550862646e-05 2.8413715966604201e-06 -0.00034594260810577289 -0.00012346645422929746 1.5423329538300027e-05 -5.7490996457756308e-05 -1.2110324706602315e-05 4.032481730176323e-06 5.1744235203437896e-07 -1.2531529042329102e-05 -1.827558781970658e-05 -6.9889897957171613e-05
leaf_weight=48 837 4419 3348 110 3287 21 79 6866 893 20 20 90 20 21 1965 20 30 21 53 532 22 24 121 40 228 4580 920 383 20 42
leaf_count=48 837 4419 3348 110 3287 21 79 6866 893 20 20 90 20 21 1965 20 30 21 53 532 22 24 121 40 228 4580 920 383 20 42
internal_value=0.000378267 0.000119441 0.000445481 -0.000721635 0.00237631 0.000348837 0.000531737 0.000905041 -0.000350414 -0.000641062 3.64374e-05 -0.0039404 -0.00893443 -0.00353659 0.000118288 -0.0075 0.000234465 -0.00145897 -0.0075 -0.000427046 -0.0147674 -0.000168453 -0.00214286 -0.00390411 -0.00283582 0.000136122 -0.000955678 -0.00291985 -0.00670213 -0.0135484
internal_weight=29080 25745 18553 7192 3335 17716 14368 8193 1327 7082 6175 151 61 41 2663 40 2623 658 96 562 43 1306 413 292 268 6024 1444 524 141 62
internal_count=29080 25745 18553 7192 3335 17716 14368 8193 1327 7082 6175 151 61 41 2663 40 2623 658 96 562 43 1306 413 292 268 6024 1444 524 141 62
is_linear=0
shrinkage=0.05


Tree=36
num_leaves=31
num_cat=0
split_feature=17 15 21 16 18 21 21 42 35 5 3 13 28 39 5 30 38 13 36 7 23 38 42 5 23 0 38 7 39 0
split_gain=5.38622 2.4291 1.39155 1.46936 1.135 1.31851 1.09922 1.07983 0.987133 1.26562 0.92012 1.24667 1.0688 1.0186 0.908628 0.904534 1.16095 2.15891 0.902986 0.897131 1.86768 1.19136 2.02966 0.884347 0.87383 1.3285 0.856539 0.856126 0.850375 1.00379
threshold=0.00096991598132624608 0.0038577693811976013 31.205000000009026 0.0019367526093259299 22.629999999997384 173.12999999999741 51.595000000001171 -242.94181549504782 80395.702525000015 0.0015513532714113421 102293.31500000002 0.005078317728403863 248.38244764832783 246.58035714285771 -1.5362218807706664e-05 93058.411132782683 31.145843643292107 -0.0011940308737601695 -33.15494209059397 -0.0045861793790463439 0.85716736644115843 38.079367723885262 15.102524150179848 -0.0015368713161275414 -0.022919379499738549 110060.65500000001 77.076420660642952 0.00059170731656102025 393.22642857142802 83486.22500000002
decision_type=2 2 2 2 2 2 2 2 2 2 2 2 2 2 2 2 2 2 2 2 2 2 2 2 2 2 2 2 2 2
left_child=6 2 3 -2 5 7 -1 -4 9 -6 11 12 13 -7 15 28 -17 -18 23 20 21 -5 -23 -8 25 27 -21 -25 29 -15
right_child=1 -3 4 19 8 10 18 -9 -10 -11 -12 -13 -14 14 -16 16 17 -19 -20 26 -22 22 -24 24 -26 -27 -28 -29 -30 -31
leaf_value=1.590440286365304e-05 8.1765934872481421e-06 -2.5369250240413071e-05 -4.7106833902299399e-05 -9.8166208765390671e-06 -0.00011719779703271132 2.142680992869695e-05 -6.209839120125016e-05 4.4052169702172853e-06 -4.1066808638403038e-06 2.859031811998124e-05 -7.7635588146806396e-08 1.5721845990566843e-05 -0.00015966043583587276 -6.8450332080058557e-05 -0.00013530669377328846 -3.731621091610036e-05 -0.00015738017528264768 1.3297055706284393e-05 1.166160348315843e-05 1.6483403614872459e-06 3.4498469159398797e-05 -0.00017778351310951602 -2.8391447494363338e-05 -1.8332177450788865e-05 2.1888691718973243e-05 1.5681950494372125e-05 -2.8159917996893609e-05 2.1352092923791086e-05 1.547171024684597e-05 -3.1803212647159078e-05
leaf_weight=2519 6609 2166 23 35 32 60 21 7260 6017 32 645 74 23 20 31 36 37 22 330 2447 66 30 34 46 135 34 121 20 92 63
leaf_count=2519 6609 2166 23 35 32 60 21 7260 6017 32 645 74 23 20 31 36 37 22 330 2447 66 30 34 46 135 34 121 20 92 63
internal_value=0.000374828 0.000139557 0.000285396 0.000761079 -2.17735e-05 0.000355354 0.002343 0.000599341 -0.000541851 -0.00671875 -0.00125567 -0.00296943 -0.00411458 -0.00344875 -0.00463455 -0.0037037 -0.00763158 -0.0119492 0.000392492 -0.00021405 -0.00378788 -0.00813131 -0.0121875 -0.00183594 -0.000957447 -0.0045 1.55765e-05 -0.00863636 -0.00157143 -0.00524096
internal_weight=29080 25975 23809 9342 14467 8386 3105 7283 6081 64 1103 458 384 361 301 270 95 59 586 2733 165 99 64 256 235 100 2568 66 175 83
internal_count=29080 25975 23809 9342 14467 8386 3105 7283 6081 64 1103 458 384 361 301 270 95 59 586 2733 165 99 64 256 235 100 2568 66 175 83
is_linear=0
shrinkage=0.05


Tree=37
num_leaves=31
num_cat=0
split_feature=17 31 19 19 32 11 9 25 18 7 20 26 11 32 4 36 22 39 9 38 32 25 21 21 23 7 19 17 25 26
split_gain=5.20214 2.2247 1.43937 1.42837 1.01445 0.930098 0.8072 1.10874 0.963929 1.62368 0.983583 1.55784 1.6102 1.5 0.804544 0.779029 0.877547 0.894087 0.937057 0.849477 0.803372 1.43749 1.12851 1.44654 1.0796 0.922578 1.4706 0.855971 0.776179 1.46243
threshold=0.00096991598132624608 93747.397500000006 436.15499999999889 187.08499999999916 -516.78769593647291 -0.019272052996301081 0.0010925548967469134 -1.166873583512021 -103.22000000000115 0.00076082466011268468 80.519999999996813 107020.74816156179 0.0021213932887068966 208.43369124805034 991.10944500000016 2301.6187650614306 117.3291535 144.90678571428467 0.0030531281013398159 75.261040242241961 548.87851980414428 0.045596822283040205 52.105000000003209 99.934999999997686 2.8714750178256767 0.0018316469592474555 288.56500000000239 0.0022005124577222086 1.6974808957376846 89179.148422295912
decision_type=2 2 2 2 2 2 2 2 2 2 2 2 2 2 2 2 2 2 2 2 2 2 2 2 2 2 2 2 2 2
left_child=4 2 -2 6 -1 14 -3 -8 9 -9 -10 -12 -13 -14 -5 16 17 18 -7 -18 -21 22 -22 -24 25 -23 -27 -28 -4 -30
right_child=1 3 28 5 -6 15 7 8 10 -11 11 12 13 -15 -16 -17 19 -19 -20 20 21 24 23 -25 -26 26 27 -29 29 -31
leaf_value=-5.4147910500694509e-05 -1.1005284294105965e-06 9.5144329708650043e-06 -1.9515921776089891e-05 -6.7953014997654816e-05 1.3480428695379429e-05 -1.1160807776473127e-05 -2.5064398680259544e-05 3.4128815581194022e-06 6.8798779585307202e-06 -7.5179580780023323e-05 3.5947372854004249e-05 -3.1096176967538933e-07 -7.0618379559674754e-05 -4.7159530641893172e-05 3.1181654888024437e-05 1.258054248386686e-05 -2.5062011611237655e-07 9.4056367829410003e-06 -3.4281127849776921e-05 6.5099167090317244e-06 -4.6870441002042491e-05 3.5020921447987485e-05 3.2857127649542887e-05 -7.2683281054489112e-05 -6.376622889353306e-05 -6.7196137078360881e-05 3.4799880356287906e-05 -0.00010569334813811471 -2.2974131320491818e-05 -9.7879849549843697e-05
leaf_weight=44 6332 4373 1511 39 3061 158 43 27 1333 20 53 61 27 27 32 799 8563 1651 20 65 33 85 23 30 29 32 80 22 360 147
leaf_count=44 6332 4373 1511 39 3061 158 43 27 1333 20 53 61 27 27 32 799 8563 1651 20 65 33 85 23 30 29 32 80 22 360 147
internal_value=0.000376548 0.000145332 -0.000526946 0.00046383 0.00231079 0.000141926 0.00109323 0.00012885 0.000348837 -0.00670213 0.00056962 -0.00303571 -0.00630435 -0.0125926 -0.00556338 0.000176877 6.53324e-05 0.00106342 -0.00230337 -0.000138362 -0.00239348 -0.00338323 -0.00895349 -0.00443396 -0.00145161 -0.000251141 -0.00283582 9.80394e-05 -0.00168979 -0.00338264
internal_weight=29080 25975 8350 17625 3105 11661 5964 1591 1548 47 1501 168 115 54 71 11590 10791 1829 178 8962 399 334 86 53 248 219 134 102 2018 507
internal_count=29080 25975 8350 17625 3105 11661 5964 1591 1548 47 1501 168 115 54 71 11590 10791 1829 178 8962 399 334 86 53 248 219 134 102 2018 507
is_linear=0
shrinkage=0.05


Tree=38
num_leaves=31
num_cat=0
split_feature=15 4 39 36 42 39 16 1 20 38 24 24 21 13 11 23 41 38 23 32 36 20 24 25 20 25 20 28 19 9
split_gain=4.67762 1.65124 1.49527 1.19915 1.39274 1.36526 2.53227 0.93677 0.969044 0.822723 0.805668 0.84258 0.79814 0.918634 0.79057 0.777011 0.763515 1.27648 1.15682 1.43242 0.97045 0.905692 1.01551 1.00137 1.26391 0.973792 1.25102 0.837787 0.792539 0.787428
threshold=0.00097677816685155078 496.65348000000006 101.40571428571432 -867.48344828037796 -192.46360913050412 390.06857142857137 0.0033812324728574776 94179.155000000013 1.0000000180025095e-35 27.266840641236758 97.223733700000011 69.884070500000021 88.720000000001178 0.028609599299817556 0.005779219649446863 1.5513088339402621 -138.49742946523506 25.32313280136702 -1.0238412558829009 497.49547476215236 -1175.5295476689205 8.5449999999909796 566.94852610000009 -0.74777427713731048 113.15999999999623 -0.62253056142964935 10.605000000003203 203.5408235986761 679.54499999999837 0.0019026106623564899
decision_type=2 2 2 2 2 2 2 2 2 2 2 2 2 2 2 2 2 2 2 2 2 2 2 2 2 2 2 2 2 2
left_child=2 3 9 16 5 -5 -7 -6 -9 -1 11 15 -3 -14 -4 -10 21 -18 19 -19 27 -2 25 24 -24 -23 -27 -20 -22 -28
right_child=1 12 14 4 7 6 -8 8 10 -11 -12 -13 13 -15 -16 -17 17 18 20 -21 28 22 23 -25 -26 26 29 -29 -30 -31
leaf_value=-9.7285977442399278e-06 1.6627249376839679e-05 -2.6731594827015164e-06 8.4410916059370009e-06 4.214391623894779e-05 -5.5734811631237653e-07 -0.00011657607411497645 -3.7281820109389468e-05 1.6565540853425778e-05 4.2854820128998559e-06 1.848765663376757e-05 2.8057590420991352e-06 1.7994248752976538e-05 -3.2824865658689814e-05 -0.00025645716675833861 -2.6220457433093628e-05 -5.7863628740394477e-05 -9.8889958679901043e-05 -1.2025797893117172e-05 -2.7211774103057419e-06 -6.1850979021084429e-05 -1.7901491402288395e-05 1.0246579897037904e-05 -0.00013904121260184313 -4.1652775449133315e-06 -2.7265029584742642e-05 -7.6386727124946974e-05 1.3156435050735977e-06 2.6642996949769968e-05 -0.00012139829352302733 -1.4545331866658852e-05
leaf_weight=48 487 981 4361 33 5122 33 48 891 145 1318 8548 911 1347 47 23 29 81 208 934 24 597 537 38 130 32 28 1353 243 21 482
leaf_count=48 487 981 4361 33 5122 33 48 891 145 1318 8548 911 1347 47 23 29 81 208 934 24 597 537 38 130 32 28 1353 243 21 482
internal_value=0.000374828 6.00088e-05 0.00165217 0.000201623 0.000418782 -0.00508772 -0.00858025 0.000458903 0.000728811 0.00309663 0.000582892 0.00186636 -0.00118947 -0.00195839 0.0012021 -0.00132184 -0.00045717 -0.0011907 -0.000944746 -0.00426724 -0.00051532 4.3732e-05 -0.000326923 -0.00375 -0.00857143 -4.16665e-05 -0.000582394 0.000327103 -0.00211974 -0.000422343
internal_weight=29080 23330 5750 20955 15760 114 81 15646 10524 1366 9633 1085 2375 1394 4384 174 5195 2108 2027 232 1795 3087 2600 200 70 2400 1863 1177 618 1835
internal_count=29080 23330 5750 20955 15760 114 81 15646 10524 1366 9633 1085 2375 1394 4384 174 5195 2108 2027 232 1795 3087 2600 200 70 2400 1863 1177 618 1835
is_linear=0
shrinkage=0.05


Tree=39
num_leaves=31
num_cat=0
split_feature=15 15 39 21 20 11 15 20 11 23 25 24 42 22 19 18 36 30 38 38 21 7 18 4 30 28 24 15 11 22
split_gain=4.53656 1.54871 1.43435 0.927061 0.925607 0.921409 0.88735 0.941635 0.838718 1.21559 0.855419 1.75098 1.14099 0.837704 1.0908 1.19664 1.06145 0.952991 0.804096 0.792464 1.01164 0.924594 1.05024 0.939042 0.908068 1.11364 0.911589 1.35379 0.99057 1.74168
threshold=0.00097677816685155078 0.0038577693811976013 101.40571428571432 214.65499999999886 99.15499999999885 -0.019272052996301081 0.0087353231793859884 396.65499999999889 0.0019494280246558247 -1.207863003427587 1.5201889748174771 357.51233677000005 257.92816330456088 363.67996625000006 261.44499999999977 -538.35499999999581 -1410.6800464641708 87784.594929197265 27.266840641236758 46.838527281988725 1.724999999998545 -0.0058335736603875223 22.629999999997384 299.99194500000004 80852.855488805726 -249.80731782330255 72.557487399999999 0.0015583470447756477 -0.0012269461657498082 65.103085000000007
decision_type=2 2 2 2 2 2 2 2 2 2 2 2 2 2 2 2 2 2 2 2 2 2 2 2 2 2 2 2 2 2
left_child=2 3 18 5 -5 -2 8 -8 13 -10 12 -12 -11 14 -3 16 -16 -17 -1 20 -7 23 -23 -21 25 -22 27 28 29 -26
right_child=1 6 -4 4 -6 19 7 -9 9 10 11 -13 -14 -15 15 17 -18 -19 -20 21 24 22 -24 -25 26 -27 -28 -29 -30 -31
leaf_value=-9.2421678570279267e-06 -4.5200278915052046e-05 -0.00012661019271033937 7.8875215254256547e-06 -7.3387088817687087e-06 -3.532966440690862e-05 9.2651969225335438e-06 -6.3967446809443102e-05 -0.00038963533418513702 -0.00010712174166640148 1.6945921720939747e-05 1.9827756831715931e-06 -0.00013866580229157945 -3.5628713576209255e-05 -2.5103978650638677e-05 -0.00022451103510094241 5.4574636003418194e-05 -0.00010820534297794863 -6.8437126323082158e-05 1.7563273802079196e-05 -7.7699753786978625e-05 8.3403384946051124e-06 7.8869299873017168e-06 5.9569914942631979e-07 -5.8133797467653884e-05 -6.3336073645014706e-05 -0.00012902137364141053 -1.4039185952150263e-06 -4.10827369441532e-05 1.3531394976246757e-05 2.3439190784437573e-06
leaf_weight=48 35 23 4384 773 324 1048 91 23 21 638 115 29 43 898 31 84 27 143 1318 25 22 5801 6139 43 33 22 6757 22 63 57
leaf_count=48 35 23 4384 773 324 1048 91 23 21 638 115 29 43 898 31 84 27 143 1318 25 22 5801 6139 43 33 22 6757 22 63 57
internal_value=0.000350757 4.07203e-05 0.0016087 0.000171045 -0.0012443 0.000248418 -0.00123269 -0.00552632 -0.000994152 0.000212766 0.000515152 -0.00298611 0.00125551 -0.0018408 -0.00409091 -0.00324561 -0.00965517 -0.00160793 0.00302343 0.00026258 -0.000122133 0.000519654 0.000552764 -0.00529412 -0.000339736 -0.0075 -0.000294287 -0.00385714 -0.00218954 -0.00555556
internal_weight=29080 23330 5750 21164 1097 20067 2166 114 2052 846 825 144 681 1206 308 285 58 227 1366 20032 8024 12008 11940 68 6976 44 6932 175 153 90
internal_count=29080 23330 5750 21164 1097 20067 2166 114 2052 846 825 144 681 1206 308 285 58 227 1366 20032 8024 12008 11940 68 6976 44 6932 175 153 90
is_linear=0
shrinkage=0.05


Tree=40
num_leaves=31
num_cat=0
split_feature=17 24 19 39 9 25 27 25 16 41 32 38 13 20 5 0 40 17 19 24 15 20 19 19 39 22 25 42 38 15
split_gain=4.251 2.42571 1.50806 1.3702 0.88177 1.22309 1.89606 1.0531 0.878915 0.972728 1.41883 1.45987 1.25852 1.00031 1.16528 1.46167 1.12164 2.70583 1.66558 1.11733 1.26601 1.14103 1.09838 0.963211 0.952515 0.920308 1.12055 0.883729 1.36478 1.3241
threshold=0.0011896911594467721 69.884070500000021 275.38999999999947 110.37750000000078 0.00067245868698436243 -0.83382873168248151 83493.342750000011 -1.0300991671716282 0.0049426605474210145 -467.22678867261925 -120.94014650864118 24.710209741920547 -0.0015953053161502887 25.375000000000004 -0.0050691049728126963 84900.005000000019 -62.50375886721303 0.0015141031371629597 393.93000000000035 396.54288420000006 0.0019030074192681733 41.41500000000088 302.07500000000442 286.60500000000326 154.26071428571441 363.67996625000006 3.2863744600949398 41.03806828304635 42.684130565101185 0.0022407889433901681
decision_type=2 2 2 2 2 2 2 2 2 2 2 2 2 2 2 2 2 2 2 2 2 2 2 2 2 2 2 2 2 2
left_child=3 -2 4 -1 -3 6 7 -6 9 -4 13 -12 -13 14 15 -11 19 18 -18 21 -21 27 23 -19 -14 -10 -27 28 -15 -30
right_child=1 2 8 -5 5 -7 -8 -9 25 10 11 12 24 16 -16 -17 17 22 -20 20 -22 -23 -24 -25 -26 26 -28 -29 29 -31
leaf_value=1.5436094845379037e-05 -3.8431240564443188e-05 6.2708332658758787e-06 1.2453908139781913e-05 7.1875626712814879e-06 -2.2022298910771941e-05 1.3071464427602579e-06 -4.5949885570479157e-06 -6.779304793397178e-05 -6.3641221383413293e-05 -0.00013535125454964341 -0.0002015894735825525 1.5455386545188694e-05 -7.4742351084648058e-05 -5.1744637352575906e-05 6.2524615269170769e-06 -2.3288052843427752e-05 -1.9270707740202879e-05 -3.2177063008664686e-05 -0.00020010864267435292 -0.00017826321345444933 -5.2829530885502123e-05 -4.4679730529292446e-06 -1.8375962482542823e-05 -7.9415720455418412e-05 -3.6262328450294127e-07 -1.8434793390135948e-05 -0.00041175069070621445 3.8047616527504718e-05 -6.390542504727802e-05 -0.00015273452572141892
leaf_weight=1605 24 7652 722 4030 20 4064 830 29 20 21 23 774 28 161 1011 101 28 26 38 22 299 1892 357 23 4380 808 27 24 20 21
leaf_count=1605 24 7652 722 4030 20 4064 830 29 20 21 23 774 28 161 1011 101 28 26 38 22 299 1892 357 23 4380 808 27 24 20 21
internal_value=0.000350757 5.43828e-05 7.06633e-05 0.00158385 0.000442636 -7.78877e-05 -0.00176906 -0.0113265 -0.000362091 -0.000230167 -0.000368148 0.000177714 0.000233501 -0.00107072 0.000189762 -0.00442623 -0.00156132 -0.00379237 -0.0131818 -0.00112956 -0.0038785 -0.000712937 -0.00226601 -0.00928571 -9.30125e-05 -0.00190058 -0.00164671 -0.0040708 -0.00514851 -0.0132927
internal_weight=29080 23445 23421 5635 12595 4943 879 49 10826 9971 9249 5205 5182 4044 1133 122 2911 472 66 2439 321 2118 406 49 4408 855 835 226 202 41
internal_count=29080 23445 23421 5635 12595 4943 879 49 10826 9971 9249 5205 5182 4044 1133 122 2911 472 66 2439 321 2118 406 49 4408 855 835 226 202 41
is_linear=0
shrinkage=0.05


Tree=41
num_leaves=31
num_cat=0
split_feature=17 31 36 15 17 31 5 2 32 41 32 23 28 38 1 17 11 23 15 36 41 39 24 24 41 9 20 4 5 0
split_gain=4.02159 1.79737 1.09659 1.00231 1.34167 1.19469 1.22155 0.97613 0.946287 0.901651 0.854513 1.25308 1.07148 0.865321 0.97566 1.2645 2.97779 1.39995 0.950905 0.850933 1.56868 1.35641 0.815256 0.936574 1.0125 0.805924 1.16275 0.831138 0.827607 1.60148
threshold=0.00096991598132624608 93747.397500000006 -867.48344828037796 0.0046306954848216149 0.0031073010754333018 91004.740600000019 -5.5240620632056665e-05 83708.35000000002 -516.78769593647291 -135.17146444468895 -176.01425555053717 -1.0238412558829009 -28.43664650006394 45.813462537729016 115758.175 0.0020094227359953132 -0.0021905926900801604 2.3710812016656764 0.0016240865366490751 -3082.4225430467409 -407.82416643694967 402.29071428571643 485.83036750000008 840.12361410000005 -533.94237294539244 0.0010925548967469134 57.340000000003791 732.54819000000009 0.00018962952182301779 94498.865000000005
decision_type=2 2 2 2 2 2 2 2 2 2 2 2 2 2 2 2 2 2 2 2 2 2 2 2 2 2 2 2 2 2
left_child=8 3 9 19 5 6 -5 -6 -1 -3 11 12 -11 14 15 -13 17 18 -17 20 22 -22 -2 24 -24 26 27 -4 -28 -30
right_child=1 2 25 4 7 -7 -8 -9 -10 10 -12 13 -14 -15 -16 16 -18 -19 -20 -21 21 -23 23 -25 -26 -27 28 -29 29 -31
leaf_value=-5.239242212770317e-05 3.4580931315190024e-05 2.0363814639350404e-06 9.2693844540695222e-06 9.7456397263714854e-05 1.1347180425074883e-05 -0.00014079967441686428 -0.00010193097199899795 -6.2126063056536292e-05 1.1043178558003792e-05 -3.0415100753833674e-05 4.5761626413043311e-07 -9.7705142764280375e-06 -5.1468890223147188e-05 6.6840693929934113e-06 2.518995457797913e-05 -0.00011448929002065468 -7.2386936893506645e-05 -0.00010561149943591594 1.641083621148963e-05 -1.0486709740238994e-06 -0.00022112662026427254 -8.1038772043399147e-05 -0.00011226843401596573 6.5250149256920192e-05 6.0253868536731373e-05 9.173171731046501e-07 6.0762522989107833e-06 -0.00021166270592473148 -8.2578202208914687e-05 -5.2057645109127199e-06
leaf_weight=44 81 2650 5569 39 357 32 40 460 3061 38 721 310 32 295 79 33 40 38 103 7116 27 90 40 28 40 4528 2124 29 24 1012
leaf_count=44 81 2650 5569 39 357 32 40 460 3061 38 721 310 32 295 79 33 40 38 103 7116 27 90 40 28 40 4528 2124 29 24 1012
internal_value=0.000352476 0.000149182 0.000435461 -0.00045509 -0.00200431 -0.00716216 -0.00386076 -0.00130355 0.00205314 -0.000254667 -0.00115749 -0.0021281 -0.00857143 -0.00162583 -0.00271144 -0.00349237 -0.0064486 -0.00362069 -0.00125 -0.000261385 -0.00284314 -0.00739316 -2.64548e-05 -0.00287037 -0.005625 0.000660846 0.000940854 0.00137371 0.000174051 -0.000984556
internal_weight=29080 25975 17625 8350 928 111 79 817 3105 4339 1689 968 70 898 603 524 214 174 136 7422 306 117 189 108 80 13286 8758 5598 3160 1036
internal_count=29080 25975 17625 8350 928 111 79 817 3105 4339 1689 968 70 898 603 524 214 174 136 7422 306 117 189 108 80 13286 8758 5598 3160 1036
is_linear=0
shrinkage=0.05


Tree=42
num_leaves=31
num_cat=0
split_feature=17 31 4 15 3 32 13 1 1 42 20 22 18 11 7 28 40 1 4 15 15 21 5 25 16 4 9 41 21 16
split_gain=3.99427 1.63699 0.977499 0.956371 1.21296 0.942106 0.827439 1.88021 1.18463 1.07699 1.04861 1.11364 0.783661 1.33061 1.25487 0.988927 1.74326 0.762882 0.753932 0.954481 2.0342 0.82362 1.01216 0.935042 0.919841 1.47464 1.48823 1.46033 0.874521 0.836912
threshold=0.00096991598132624608 93747.397500000006 41.378460000000011 0.0046306954848216149 84659.785000000018 -516.78769593647291 0.0067320823405634935 85567.960000000006 90398.000000000015 -64.237258445747017 255.53999999999363 550.70619400000021 -305.99999999999267 -0.014893677606325957 0.0023700712820798769 -210.95212985025134 -512.11722048749641 94460.190000000017 43.297250000000005 0.00080984899837170698 0.0010594500578622243 31.205000000009026 0.00017183228913786428 0.45439958882918996 0.0019367526093259299 560.3816250000001 0.0036791528107567311 -393.78508275586859 368.37000000000268 0.001916457013698754
decision_type=2 2 2 2 2 2 2 2 2 2 2 2 2 2 2 2 2 2 2 2 2 2 2 2 2 2 2 2 2 2
left_child=5 3 -3 17 -5 -1 7 -6 12 -10 -8 -12 -9 -14 15 16 -15 -2 19 -4 -21 29 23 28 25 27 -27 -24 -23 -20
right_child=1 2 18 4 6 -7 10 8 9 -11 11 -13 13 14 -16 -17 -18 -19 21 20 -22 22 24 -25 -26 26 -28 -29 -30 -31
leaf_value=-4.9772801021318018e-05 -1.4450526284812945e-06 1.5709511290026713e-05 2.3031808895446193e-05 1.1998736605807073e-06 -0.00013177322112655702 1.0491019630103605e-05 2.0035099527977159e-05 4.1203737482497127e-05 -9.0797293045129753e-05 -0.00037292950540153798 -0.00011557246577312162 5.6568530772991508e-06 3.2634070917427583e-05 -0.00013651796216231828 -4.8310175221357555e-06 2.1217688994802966e-06 -0.00029240622019531157 -6.3989791181953611e-05 7.3219906453744989e-06 -4.9405566550281223e-05 1.1276023605274336e-05 7.1674609938354623e-06 -6.4574558291460095e-05 -6.9383323995625667e-06 2.6575682669581472e-06 -0.00019483133564214712 2.3088567338331628e-05 -6.6294677597090702e-06 -3.9434644914431749e-05 -8.1949493618317426e-07
leaf_weight=44 7402 665 33 437 20 3061 127 75 36 26 22 22 38 31 46 22 26 20 4631 37 45 4362 21 1534 1907 30 22 2514 21 1803
leaf_count=44 7402 665 33 437 20 3061 127 75 36 26 22 22 38 31 46 22 26 20 4631 37 45 4362 21 1534 1907 30 22 2514 21 1803
internal_value=0.00034216 0.000139557 0.000412766 -0.000437126 -0.00195043 0.00203704 -0.0036558 -0.00515625 -0.00416667 -0.0103226 -0.000847953 -0.0075 -0.00256302 -0.0045092 -0.007 -0.0108228 -0.0142982 -0.000247911 0.000339033 -0.00369565 -0.00658537 0.000366578 9.17301e-05 0.000521379 -0.000473965 -0.00108813 -0.00942308 -0.00091716 0.000893224 0.000811315
internal_weight=29080 25975 17625 8350 928 3105 491 320 300 62 171 44 238 163 125 79 57 7422 16960 115 82 16845 10411 5917 4494 2587 52 2535 4383 6434
internal_count=29080 25975 17625 8350 928 3105 491 320 300 62 171 44 238 163 125 79 57 7422 16960 115 82 16845 10411 5917 4494 2587 52 2535 4383 6434
is_linear=0
shrinkage=0.05


Tree=43
num_leaves=31
num_cat=0
split_feature=39 4 31 1 36 21 7 30 2 0 3 23 26 9 24 20 36 23 30 38 7 28 22 17 7 26 11 21 16 39
split_gain=3.54217 1.74376 1.17777 0.873895 0.825944 0.814456 0.842068 0.974853 0.821007 0.808595 0.875368 0.769803 0.988438 0.733712 1.12089 0.866226 1.86923 1.58407 0.719735 0.992325 1.40926 1.47382 1.22937 0.915978 0.865717 1.13651 1.06403 0.718896 0.858837 1.34433
threshold=110.37750000000078 68.048390000000012 93747.397500000006 94460.190000000017 2365.0752763786736 136.72500000000585 -0.010607930331374034 82563.673787844644 86959.190000000017 107003.02 105598.57500000003 3.4211808280991449 88007.682550421872 -0.0011045535534550254 322.37487390000007 63.615000000005246 1329.1634468694831 -0.095981481116173828 91274.612026369563 49.604000889838595 0.0016143427874856619 91.758975172699152 214.37322725000004 0.0029846548806716669 -0.0019402322027251666 91800.445031006355 -0.001344377351203431 31.70500000000175 0.0020887856362951582 250.53785714285814
decision_type=2 2 2 2 2 2 2 2 2 2 2 2 2 2 2 2 2 2 2 2 2 2 2 2 2 2 2 2 2 2
left_child=9 13 3 5 27 6 7 -3 -9 10 -1 -7 -13 -2 15 -15 17 -17 -8 20 21 -20 -22 -24 26 -26 -21 28 -4 -30
right_child=1 2 4 -5 -6 11 18 8 -10 -11 -12 12 -14 14 -16 16 -18 -19 19 24 22 -23 23 -25 25 -27 -28 -29 29 -31
leaf_value=5.8834322723543762e-06 1.6702430361538497e-05 -0.00017084978468711275 6.5861969153334765e-06 -5.2020176140054148e-05 1.160260803573428e-05 -2.5707535386346533e-05 6.1938244678788168e-07 6.7378388830107331e-05 -3.8858390479354478e-05 1.755706540854294e-05 -3.1137027949843615e-05 -2.1361637524194796e-05 -0.00020278848783358236 6.9118937491252371e-06 -3.7865556545670664e-05 3.8457473600864348e-06 -2.7408654270664125e-05 -4.5376037874395671e-05 -8.6549596295164014e-06 -0.00012263146873525458 -3.6200445162448983e-05 -0.00018725437859961269 6.5133801850736107e-05 -4.787518285270099e-05 -8.0179592075865216e-05 1.8822576718558045e-05 7.0484709135499592e-06 -4.5838113219107865e-07 -5.7647394416429285e-05 -1.085033703052596e-06
leaf_weight=644 857 24 4130 23 893 1446 5113 32 21 1059 22 41 22 3001 34 364 26 26 332 25 29 20 23 25 39 270 34 9271 32 1202
leaf_count=644 857 24 4130 23 893 1446 5113 32 21 1059 22 41 22 3001 34 364 26 26 332 25 29 20 23 25 39 270 34 9271 32 1202
internal_value=0.000338721 0.000200146 2.75526e-05 -0.000486102 0.000276275 -0.000456243 -0.000194588 -0.00538961 -0.00160377 0.00253623 0.00117117 -0.00149437 -0.00690476 0.00112349 0.000798319 0.000888206 -0.00125 -0.000384615 -0.000126903 -0.00152447 -0.00315851 -0.00181818 -0.00928571 -0.004375 0.000380435 0.00144013 -0.00516949 0.000186198 0.000646905 -0.000510535
internal_weight=29080 27355 23047 7519 15528 7496 5987 77 53 1725 666 1509 63 4308 3451 3417 416 390 5910 797 429 352 77 48 368 309 59 14635 5364 1234
internal_count=29080 27355 23047 7519 15528 7496 5987 77 53 1725 666 1509 63 4308 3451 3417 416 390 5910 797 429 352 77 48 368 309 59 14635 5364 1234
is_linear=0
shrinkage=0.05


Tree=44
num_leaves=31
num_cat=0
split_feature=4 24 20 17 7 4 4 38 16 0 42 28 32 16 24 21 18 22 7 9 40 42 42 36 20 5 7 18 32 11
split_gain=3.36599 1.49754 1.11207 1.21725 1.08311 1.00798 1.28559 2.93182 0.993094 0.956856 1.35762 1.03435 2.04206 0.908517 0.799701 0.980856 1.14256 1.25662 0.780573 0.873502 0.791386 0.772464 0.768887 0.979483 0.974548 1.15941 0.756517 1.28025 0.908212 1.89449
threshold=41.378460000000011 169.05703150000002 62.224999999998552 0.0017022348379991852 0.0020182897154453136 102.25413500000002 122.19839000000002 44.572222260986436 0.00056696583057151446 113174.82500000001 68.621665622351614 66.261402696385645 -556.01014132565604 0.0053903395241482405 289.88641890000002 346.96999999999395 74.954999999994484 913.72811400000023 -0.004244011965870138 0.00062415639582214324 51.831687559853897 257.92816330456088 -8.0245400589154592 1452.8314098610138 97.384999999994776 -0.00018527180089374012 -0.0024048383289092339 -113.56000000000493 42.300007054167516 -0.00038316764305137041
decision_type=2 2 2 2 2 2 2 2 2 2 2 2 2 2 2 2 2 2 2 2 2 2 2 2 2 2 2 2 2 2
left_child=4 8 18 5 -1 -4 7 -7 -2 10 22 12 -11 21 -15 -16 17 -17 -3 20 -20 -5 24 -24 -8 -26 27 -10 29 -29
right_child=1 2 3 13 -6 6 9 -9 26 11 -12 -13 -14 14 15 16 -18 -19 19 -21 -22 -23 23 -25 25 -27 -28 28 -30 -31
leaf_value=1.452126723537181e-05 1.4503602434898382e-05 -2.4946305761557639e-05 9.8043773332971624e-06 -1.3115607242043864e-06 -2.1582064838317537e-05 -6.3392542750245889e-05 5.431836299661143e-06 -3.5390675613446671e-06 2.6831713027092421e-06 3.4372835615790926e-05 -4.2322245578887343e-05 2.5544807547530051e-05 -5.0764261106986236e-05 -0.00012488192364483645 -7.9420340461435725e-06 -0.0003487334089753339 3.9549181848542867e-05 -8.6635351767592048e-06 2.6878301331592171e-06 -1.251630069248221e-06 1.284146598783285e-05 -8.710742931991285e-05 1.1084782043737038e-05 -0.00011156268279273559 -8.7594785021786795e-05 -3.9843306040193978e-05 3.9698040045703067e-06 -1.9524124519446642e-05 1.1558266708640829e-05 -6.6779295653023282e-05
leaf_weight=1818 277 614 99 6373 22 30 48 41 838 39 39 94 33 29 392 21 25 22 2166 3214 1627 25 115 24 36 41 10655 231 65 27
leaf_count=1818 277 614 99 6373 22 30 48 41 838 39 39 94 33 29 392 21 25 22 2166 3214 1627 25 115 24 36 41 10655 231 65 27
internal_value=0.000321527 0.000181718 -0.000149534 -0.000580654 0.0023913 -0.00266823 -0.00351852 -0.00978873 0.000596626 -0.0025693 -0.00424092 0.000481928 -0.00402778 -0.000386961 -0.00246421 -0.00195652 -0.0075 -0.0124419 0.000276211 0.000426003 0.000939889 -0.000228196 -0.00295455 -0.000395683 -0.0058 -0.00928571 0.000527251 -0.000684754 -0.00335913 -0.00468992
internal_weight=29080 27240 15147 7526 1840 639 540 71 12093 469 303 166 72 6887 489 460 68 43 7621 7007 3793 6398 264 139 125 77 11816 1161 323 258
internal_count=29080 27240 15147 7526 1840 639 540 71 12093 469 303 166 72 6887 489 460 68 43 7621 7007 3793 6398 264 139 125 77 11816 1161 323 258
is_linear=0
shrinkage=0.05


Tree=45
num_leaves=31
num_cat=0
split_feature=4 17 2 7 16 2 11 16 21 5 22 21 4 20 19 39 24 9 7 4 4 9 25 9 9 31 20 16 35 11
split_gain=3.16149 1.14303 1.13774 1.19089 0.988587 0.864158 0.843671 0.89193 1.60756 0.817513 1.12317 0.807519 0.980514 0.805655 1.13738 0.801751 0.942157 0.77563 1.07299 0.732752 0.825042 0.7946 1.06105 0.65833 1.13019 0.960522 0.906474 0.697304 0.72 0.693282
threshold=68.048390000000012 0.00066242945200228106 113925.57500000001 -0.0035394957141832474 0.0049426605474210145 113023.73500000002 0.0013150544185331283 0.0063868549538499582 220.13000000000469 0.0010250345037201216 486.62383425000002 368.37000000000268 599.4339050000001 75.260000000002051 337.70499999999453 881.85785714285691 549.91023110000015 0.0014742012721496594 0.0039801740887326856 41.378460000000011 47.002855000000004 0.001325250771727718 -1.166873583512021 0.00082461129757564007 0.0010364393110648097 115656.12870000002 55.514999999999425 0.0016961292879427165 118095.92865000002 -0.003624902010218551
decision_type=2 2 2 2 2 2 2 2 2 2 2 2 2 2 2 2 2 2 2 2 2 2 2 2 2 2 2 2 2 2
left_child=1 -1 3 5 -5 -2 7 8 9 -6 -11 23 -13 -8 -15 -16 -17 -9 -19 21 -21 -3 -23 29 25 -25 27 28 -27 -4
right_child=2 19 11 4 6 -7 13 17 -10 10 -12 12 -14 14 15 16 -18 18 -20 20 -22 22 -24 24 -26 26 -28 -29 -30 -31
leaf_value=1.8581674595524285e-05 -1.9350030633453334e-05 1.3361880975656896e-05 -8.9563892570509501e-07 6.0477370748478473e-07 1.2992088948735634e-05 -0.00013143832249385229 3.7335919583932989e-05 6.7188412196670386e-05 -0.0001669251191585953 2.6165332296693201e-05 -0.00014098053413708232 3.0198770459411355e-06 -0.00022137496020055832 -9.6875809373109505e-05 4.1338730017709611e-06 0.00012982242779578058 -0.00023212697118831402 -0.00011327342355999631 5.9761179240039287e-05 -3.3448649912125999e-06 6.0587924097421036e-06 -2.1454051073856656e-05 2.7724107849864212e-06 3.1394419511097137e-05 2.4879279403335782e-06 -3.5884614545883072e-05 -1.5917727939391362e-05 -2.0457768166390043e-05 -2.3811838224345965e-05 1.1777932892722035e-05
leaf_weight=531 2088 1348 641 16011 71 31 123 60 40 23 35 27 26 27 170 20 34 22 21 639 2946 21 150 42 1602 25 50 21 25 2210
leaf_count=531 2088 1348 641 16011 71 31 123 60 40 23 35 27 26 27 170 20 34 22 21 639 2946 21 150 42 1602 25 50 21 25 2210
internal_value=0.000316369 0.00137977 6.07807e-05 -0.00011291 2.91171e-05 -0.00122935 -0.00188854 -0.00400735 -0.0062426 -0.00352713 -0.00793103 0.000759263 -0.00537736 -0.000347593 -0.00197211 -0.000803571 -0.00611111 -0.000339806 -0.00546512 0.00115008 0.000760112 0.00207044 -0.00114035 0.000829723 7.08217e-05 -0.00389571 -0.00615702 -0.00978873 -0.013 0.00129954
internal_weight=29080 5635 23445 18776 16657 2119 646 272 169 129 58 4669 53 374 251 224 54 103 43 5104 3585 1519 171 4616 1765 163 121 71 50 2851
internal_count=29080 5635 23445 18776 16657 2119 646 272 169 129 58 4669 53 374 251 224 54 103 43 5104 3585 1519 171 4616 1765 163 121 71 50 2851
is_linear=0
shrinkage=0.05


Tree=46
num_leaves=31
num_cat=0
split_feature=4 17 24 22 7 4 25 25 36 26 32 36 24 22 9 24 21 39 7 15 35 21 4 23 36 20 20 39 38 21
split_gain=2.89027 1.11008 1.02736 1.03381 0.95332 1.70435 1.11603 0.867098 0.81134 0.752422 1.24469 0.853461 0.760394 1.40558 0.906814 0.673812 0.81 0.667666 0.870039 0.832042 1.30662 0.618077 0.615633 0.641618 0.608018 1.10708 1.35832 1.28154 1.80627 0.873766
threshold=68.048390000000012 0.00066242945200228106 92.36462130000001 55.195921000000006 -0.013299002582065808 921.84040000000016 4.4158494076169603 5.5093404168862543 2365.0752763786736 108916.12150394449 656.72189241234457 -223.86283238807661 72.557487399999999 57.870394250000011 0.00024039716371474453 322.37487390000007 37.764999999992149 881.85785714285691 -0.0061763743754844119 0.0087353231793859884 89082.791575000025 8.2149999999892334 646.35059500000011 -0.56681038760570479 3150.1466007826025 74.500000000000014 17.355000000003205 516.2357142857162 75.797071228208594 62.605000000003209
decision_type=2 2 2 2 2 2 2 2 2 2 2 2 2 2 2 2 2 2 2 2 2 2 2 2 2 2 2 2 2 2
left_child=1 -1 7 -4 5 -5 -7 9 17 10 11 12 13 -2 21 -3 -17 -6 -19 22 -21 -15 23 -20 -10 26 -26 28 29 -28
right_child=2 15 3 4 8 6 -8 -9 24 -11 -12 -13 -14 14 -16 16 -18 18 19 20 -22 -23 -24 -25 25 -27 27 -29 -30 -31
leaf_value=1.7652590865748066e-05 3.1009811177707152e-05 6.431531711390686e-06 -4.5023557916192946e-05 -0.00037016715621835614 -1.8874501505755961e-07 3.9007409541532585e-05 -0.00014538369407850473 -2.9149077895644845e-05 1.2093220230203805e-05 1.2640433306032123e-05 -3.5616428210296187e-05 9.5374507243441395e-06 5.3490641734156837e-06 -0.00015028510118232039 -5.4603249001762689e-05 1.6568709879219959e-05 -4.2280998400842484e-05 0.00012679828625675055 -3.9674839779581845e-05 -0.00040039323391340815 -4.9710426531842171e-05 -1.0662690924667999e-05 4.8649372223871871e-05 -0.00017971139269093024 1.7480528077746271e-05 1.2423580489254077e-05 -7.1072124778484549e-06 3.7255445005068854e-05 -0.0001001388200780153 -3.4264343520356959e-05
leaf_weight=531 34 5059 27 23 19941 60 32 22 875 808 21 468 271 21 25 25 20 38 37 20 21 66 47 23 117 297 56 24 27 44
leaf_count=531 34 5059 27 23 19941 60 32 22 875 808 21 468 271 21 25 25 20 38 37 20 21 66 47 23 117 297 56 24 27 44
internal_value=0.000300894 0.00131766 5.65154e-05 -3.70812e-05 -2.49053e-05 -0.00456522 -0.00152174 0.00122696 -6.95321e-07 0.00135356 0.000364239 0.000649718 -0.000995204 -0.00390411 -0.00660714 0.0010913 -0.005 -8.27245e-05 -0.00306452 -0.0047973 -0.0108537 -0.0041954 -0.00247664 -0.00583333 0.00114583 -0.000132743 -0.00246269 -0.00559603 -0.00759842 -0.0045
internal_weight=29080 5635 23445 21709 21682 115 92 1736 21567 1714 906 885 417 146 112 5104 45 20127 186 148 41 87 107 60 1440 565 268 151 127 100
internal_count=29080 5635 23445 21709 21682 115 92 1736 21567 1714 906 885 417 146 112 5104 45 20127 186 148 41 87 107 60 1440 565 268 151 127 100
is_linear=0
shrinkage=0.05


Tree=47
num_leaves=31
num_cat=0
split_feature=4 16 1 7 24 4 23 36 41 19 38 17 17 15 25 18 24 27 38 19 11 11 41 18 42 24 41 41 21 7
split_gain=2.77165 1.2842 1.11812 1.04083 0.789109 0.947522 0.830109 1.05075 1.23587 1.40758 1.5921 1.32837 1.11897 1.19986 1.10127 1.30673 1.01648 0.892014 0.887101 0.830325 0.825124 2.20697 1.54308 2.05698 2.3991 0.968056 1.198 0.951777 0.924283 1.06082
threshold=41.378460000000011 0.00056696583057151446 95721.115000000005 0.0020182897154453136 97.223733700000011 42.248390000000008 0.071732294610382316 510.22847278324485 -53.449517359620003 269.89500000000413 21.513909781110168 0.0028661121072975854 0.0025888350590163238 0.0033036279935450626 -0.14820571031033905 -242.45999999999182 100.28323160000004 96022.064000000013 61.228028733293577 152.50499999999741 -0.0051712373244422313 -0.002565627975136459 -9.2564929597828574 -225.78500000000346 -50.360074226434385 229.50125901000004 127.04311444416604 -43.057296273874492 94.680000000000305 -0.0028783831007455764
decision_type=2 2 2 2 2 2 2 2 2 2 2 2 2 2 2 2 2 2 2 2 2 2 2 2 2 2 2 2 2 2
left_child=3 -2 -3 -1 5 -4 17 8 14 -10 -11 12 20 -14 15 -8 -9 -6 19 -17 28 22 -22 -24 -25 27 -27 -23 29 -12
right_child=1 2 4 -5 6 -7 7 16 9 10 11 -13 13 -15 -16 18 -18 -19 -20 -21 21 25 23 24 -26 26 -28 -29 -30 -31
leaf_value=1.2805533239250834e-05 1.2499999231907483e-05 -2.3863412088586215e-06 -3.695597558893852e-05 -1.9872967975477834e-05 3.3505206619731895e-05 7.3154376942792482e-06 -0.00010449536520883768 -5.6660784788757136e-05 2.0960941068076923e-07 -0.00013479199954015213 6.8311332973894866e-06 2.1717287340303324e-05 -2.1974068359898823e-05 -0.00016553057970115012 8.8040744560805569e-06 -2.7479126230671036e-05 4.495332044621683e-06 3.1434702025257158e-06 -6.9194735510818322e-05 1.0856994289420392e-05 -2.6277163275501673e-05 -6.8615556394029123e-05 -7.5417485632723718e-05 -0.00019421307618359087 -6.7079238898769215e-05 -6.713299759692272e-05 2.4750597635941225e-05 -1.9589919861218708e-06 3.8276586885191911e-05 -0.00010650946393043993
leaf_weight=1818 277 9455 39 22 130 2457 27 24 592 35 70 75 29 23 1471 26 1892 9772 31 135 42 22 50 22 32 43 26 329 87 27
leaf_count=1818 277 9455 39 22 130 2457 27 24 592 35 70 75 29 23 1471 26 1892 9772 31 135 42 22 50 22 32 43 26 329 87 27
internal_value=0.000295736 0.000168869 0.000134073 0.00217391 0.000370688 0.00119391 0.000233813 -0.000283757 -0.000839073 -0.00188165 -0.00311403 -0.00269669 -0.00329177 -0.0103846 8.87576e-05 -0.00321918 0.000641963 0.000500909 -0.00177083 -0.000279503 -0.0028 -0.00374558 -0.0090411 -0.0123077 -0.0190741 -0.00190476 -0.00731884 -0.000840456 0.000108696 -0.00324742
internal_weight=29080 27240 26963 1840 17508 2496 15012 5110 3194 1504 912 877 802 52 1690 219 1916 9902 192 161 750 566 146 104 54 420 69 351 184 97
internal_count=29080 27240 26963 1840 17508 2496 15012 5110 3194 1504 912 877 802 52 1690 219 1916 9902 192 161 750 566 146 104 54 420 69 351 184 97
is_linear=0
shrinkage=0.05


Tree=48
num_leaves=31
num_cat=0
split_feature=4 16 1 7 24 23 36 5 23 7 17 38 19 32 39 17 20 25 19 20 24 22 26 38 7 20 16 17 9 42
split_gain=2.57525 1.29117 1.04504 1.02519 0.783565 0.771401 0.768165 0.740192 0.73062 0.768586 0.848186 0.890111 1.00087 0.847418 2.39916 0.852034 0.831329 1.46702 1.61044 1.27509 0.799195 1.21368 1.41345 1.51881 1.33492 0.829889 0.792862 1.14244 1.03052 0.801566
threshold=41.378460000000011 0.00056696583057151446 95721.115000000005 0.0020182897154453136 97.223733700000011 -1.065410411211533 2365.0752763786736 9.9499043929981605e-05 0.071732294610382316 0.00061260179041075556 0.0015242076056258731 77.696626967142933 232.9150000000009 1204.1233373371726 364.74357142857178 0.0016526560272303299 80.519999999996813 -1.0042655763759367 231.30500000000032 83.130000000004671 169.05703150000002 237.73850800000002 110448.40919401232 61.786349823927537 0.0012529978611625231 67.315000000009618 0.0013342014326223272 0.0022676411181210307 -0.00075898570035890856 -29.839919438806859
decision_type=2 2 2 2 2 2 2 2 2 2 2 2 2 2 2 2 2 2 2 2 2 2 2 2 2 2 2 2 2 2
left_child=3 -2 -3 -1 5 7 8 -4 9 10 -6 26 -13 15 -15 20 -17 18 -18 -19 25 22 23 -22 -24 -11 27 29 -29 -12
right_child=1 2 4 -5 6 -7 -8 -9 -10 13 11 12 -14 14 -16 16 17 19 -20 -21 21 -23 24 -25 -26 -27 -28 28 -30 -31
leaf_value=1.2165256577288297e-05 1.1874999270312108e-05 -2.267024148415695e-06 4.0188353564456675e-06 -1.8879319576703947e-05 1.0608480931794535e-05 6.9378743414176788e-06 1.0523552033900592e-05 -4.4565368286806194e-05 -3.69187107470979e-06 -5.3688523532789235e-06 1.8108027879067361e-05 7.3001441234321467e-06 -9.0620578034103258e-05 -3.7524825370423343e-05 1.0467378880617387e-05 7.324089623778342e-06 -7.3004253916809502e-05 -0.00011910816323333746 4.3600073037191139e-05 8.8453657342548939e-07 9.5569446316435211e-06 6.2481587369726835e-06 -5.4122620018077855e-05 -8.4038992015174864e-05 -2.1790226722327896e-05 1.5323236068933867e-05 5.1533345472333291e-06 -5.5726795387113562e-05 -8.6010202383454635e-06 -9.5349142251864932e-06
leaf_weight=1818 277 9455 23 22 1775 2453 917 20 4810 718 161 22 20 23 54 1539 23 24 21 649 59 69 36 21 20 223 3447 20 22 339
leaf_count=1818 277 9455 23 22 1775 2453 917 20 4810 718 161 22 20 23 54 1539 23 24 21 649 59 69 36 21 20 223 3447 20 22 339
internal_value=0.000281981 0.000159692 0.000124801 0.00209239 0.000353553 0.00117388 0.00021716 -0.00546512 0.000125931 0.00038503 0.000737169 0.000336145 -0.00690476 -0.000202644 -0.00538961 -8.52438e-05 0.000478724 -0.000927475 -0.00977273 -0.000349183 -0.00119546 -0.00402439 -0.00676471 -0.0025 -0.0128571 -0.000579171 0.000412384 -0.00136531 -0.00928571 -0.0007
internal_weight=29080 27240 26963 1840 17508 2496 15012 43 14095 9285 5806 4031 42 3479 77 3402 2256 717 44 673 1146 205 136 80 56 941 3989 542 42 500
internal_count=29080 27240 26963 1840 17508 2496 15012 43 14095 9285 5806 4031 42 3479 77 3402 2256 717 44 673 1146 205 136 80 56 941 3989 542 42 500
is_linear=0
shrinkage=0.05


Tree=49
num_leaves=31
num_cat=0
split_feature=4 39 38 9 1 36 15 40 4 13 15 41 23 21 3 27 4 25 20 9 9 38 19 17 19 41 23 16 42 36
split_gain=2.45535 1.2384 1.05134 1.91442 0.950146 0.703518 1.20462 0.913294 0.747854 0.793199 1.12317 0.753777 0.693673 0.875151 1.6 0.699015 0.907105 1.2261 0.964493 0.873123 0.685894 0.656309 1.20557 0.681624 0.65463 0.861466 1.11822 1.33495 0.908769 0.795077
threshold=41.378460000000011 110.37750000000078 70.436381983817526 0.00077649605833115295 95721.115000000005 353.80314207180351 0.00053588728483995368 393.50792955754156 43.297250000000005 -0.00028928289252970745 0.00080984899837170698 219.77046852310039 3.4211808280991449 214.65499999999886 85986.840000000011 94843.735250000012 105.61468500000002 -0.49172496581289665 59.060000000004955 0.0036791528107567311 0.0012009906576705136 28.925429764618517 101.76499999999943 0.0014541131744034239 286.60500000000326 -112.51936841034335 -0.75975092540406852 0.0019064385982389012 5.674378975878712 -3639.7831115702861
decision_type=2 2 2 2 2 2 2 2 2 2 2 2 2 2 2 2 2 2 2 2 2 2 2 2 2 2 2 2 2 2
left_child=2 21 -1 -4 12 7 -7 8 9 -6 -11 24 15 -14 -15 -3 17 18 -17 -18 -8 22 -2 -23 -10 26 27 -26 -29 -30
right_child=1 4 3 -5 5 6 20 -9 11 10 -12 -13 13 14 -16 16 19 -19 -20 -21 -22 23 -24 -25 25 -27 -28 28 29 -31
leaf_value=1.2115066294433974e-05 -1.7623151539151426e-05 -1.1414272157227717e-06 3.3631608731803326e-06 -2.9519509647556365e-05 2.9673225980361579e-05 -2.0322271427037231e-05 7.9982359865406779e-06 -5.7990825419733342e-05 2.5057384510815598e-06 8.9653580113132675e-06 -4.8465084155067108e-05 1.6596902059070979e-05 -9.0890683768237196e-06 3.0764660074320058e-05 -0.00021367114486741821 2.920024292794163e-05 8.9437243403131504e-07 -7.1884864263024474e-05 -2.6778207715015611e-05 -9.5617310590886671e-05 1.1539715602704583e-06 1.0988091570419732e-05 1.7191647502403595e-05 -2.8752570653592511e-05 -4.7908038470138475e-05 -1.2213045249250154e-05 4.3671927493176943e-06 -3.663943961446141e-05 -9.2470915816431575e-05 1.451726034508284e-05
leaf_weight=1757 29 8754 58 25 32 38 4411 29 5886 23 35 239 110 20 20 46 230 23 20 23 2549 857 43 22 36 1767 1754 66 29 149
leaf_count=1757 29 8754 58 25 32 38 4411 29 5886 23 35 239 110 20 20 46 230 23 20 23 2549 857 43 22 36 1767 1754 66 29 149
internal_value=0.000297455 0.000178047 0.00206522 -0.00343373 0.000113926 0.000335328 0.000720206 6.71978e-05 9.28516e-05 -0.00444444 -0.00793103 0.000133992 -0.000294181 -0.00366667 -0.01 -0.000238566 -0.00245614 -0.00679775 -0.00333333 -0.000928854 0.000768678 0.00195058 -0.00263889 0.00232651 6.5552e-05 -0.000445935 0.000255654 -0.00267857 -0.00135246 0.000505618
internal_weight=29080 27240 1840 83 26289 17043 6998 10045 10016 90 58 9926 9246 150 40 9096 342 89 66 253 6960 951 72 879 9687 3801 2034 280 244 178
internal_count=29080 27240 1840 83 26289 17043 6998 10045 10016 90 58 9926 9246 150 40 9096 342 89 66 253 6960 951 72 879 9687 3801 2034 280 244 178
is_linear=0
shrinkage=0.05


Tree=50
num_leaves=31
num_cat=0
split_feature=4 24 7 23 30 42 19 7 23 23 24 9 9 4 42 36 25 25 5 39 42 7 42 39 32 36 21 13 21 11
split_gain=2.44104 1.12464 1.02001 0.945643 0.951561 1.03502 1.27561 1.18964 0.937502 0.831918 0.819464 0.818089 0.748288 0.763709 1.28175 0.991353 0.714157 0.911987 0.704461 1.07703 0.811641 0.825217 0.810239 2.46878 1.75646 2.18935 0.855189 0.875676 1.2 0.753167
threshold=41.378460000000011 92.36462130000001 0.0020182897154453136 -1.065410411211533 105519.90322795116 -14.07813097687025 64.815000000002343 0.0013559271544281131 0.08482721070900219 0.19364121941494952 78.74667890000002 0.00054730994689713563 -0.00038625132362700123 116.70743500000002 -45.554875775257749 -429.65926709688932 -0.12212225680403009 -0.16435791983676099 -0.0050691049728126963 269.89821428571361 -38.712939264738147 0.0076411748655783101 -28.666632167967077 289.93678571428717 -556.01014132565604 -44.701287038369621 44.255000000004664 -0.000574917562558804 56.525000000001462 -0.0015809184720112102
decision_type=2 2 2 2 2 2 2 2 2 2 2 2 2 2 2 2 2 2 2 2 2 2 2 2 2 2 2 2 2 2
left_child=2 3 -1 -2 5 6 -5 10 -3 -10 11 12 13 14 -8 -16 17 -7 19 -11 21 29 23 26 -25 -26 -22 28 -28 -20
right_child=1 8 -4 4 -6 16 7 -9 9 18 -12 -13 -14 -15 15 -17 -18 -19 20 -21 22 -23 -24 24 25 -27 27 -29 -30 -31
leaf_value=1.0951240433702188e-05 -3.7308562906994816e-05 1.8701145443843269e-06 -1.6667551060343253e-05 -6.1364924957593093e-05 8.7990087539925666e-06 2.3901701995040608e-06 -5.7384821192557861e-05 -3.6050332130479046e-05 -1.6426418097905972e-05 -5.7512143448464994e-05 1.6336429191961252e-05 -3.8721812534133724e-05 1.7426499282164849e-05 8.7752774331805885e-06 -3.4861263138733903e-05 8.0306714507075508e-06 1.208244104311169e-05 -4.0424325922014445e-05 3.7354844999030513e-06 -3.1972531950701632e-05 1.4750377463982454e-05 -0.00012711074100509804 -1.4613325513376783e-06 -3.7172305176634074e-05 -0.00015868439886428185 -8.7205533808342553e-06 -5.4351544458309114e-05 -4.4599884338466318e-05 9.129686563122213e-06 2.1495500959065819e-05
leaf_weight=1818 45 15913 22 21 1878 316 21 37 756 31 119 21 38 51 32 42 433 23 1837 410 106 27 4550 33 28 25 20 20 108 299
leaf_count=1818 45 15913 22 21 1878 316 21 37 756 31 119 21 38 51 32 42 433 23 1837 410 106 27 4550 33 28 25 20 20 108 299
internal_value=0.000302614 0.000183554 0.00206522 0.00108385 0.00119063 6.06588e-05 -0.00206806 -0.00137119 6.89072e-05 -0.000363636 -0.000401234 -0.00231707 -0.00125 -0.00287671 -0.00552632 -0.00243243 0.00111399 -0.00060472 -0.000204163 -0.00214286 -8.29432e-05 0.000723532 -0.000439673 -0.00279412 -0.0101163 -0.0157547 -0.00031496 -0.00277027 -0.00125 0.000833334
internal_weight=29080 27240 1840 3077 3032 1154 382 361 24163 8250 324 205 184 146 95 74 772 339 7494 441 7053 2163 4890 340 86 53 254 148 128 2136
internal_count=29080 27240 1840 3077 3032 1154 382 361 24163 8250 324 205 184 146 95 74 772 339 7494 441 7053 2163 4890 340 86 53 254 148 128 2136
is_linear=0
shrinkage=0.05


Tree=51
num_leaves=31
num_cat=0
split_feature=4 28 24 25 23 1 25 24 34 39 23 17 19 40 35 13 40 11 38 1 11 42 41 24 42 3 3 16 17 18
split_gain=2.21681 1.29163 1.05442 1.26448 0.817319 0.706893 0.771143 1.18939 0.711644 0.702779 1.57359 0.88138 1.33581 1.76009 1.00796 1.19672 1.04516 1.77085 1.01727 0.857143 0.818322 1.48281 0.908985 0.810055 1.2093 1.03498 1.48529 0.929975 1.86727 1.7072
threshold=41.378460000000011 248.38244764832783 92.36462130000001 5.5093404168862543 0.08482721070900219 105457.49000000001 -0.69651829002848709 78.74667890000002 105459.44344002195 331.39821428571412 0.097588823570881528 0.0017536833244051334 649.84500000000128 -18.309733566551582 92772.545350000015 -0.003613852340804303 -160.15160498760085 -0.0053123631002916297 76.464063538137864 111471.60500000003 -0.002565627975136459 -11.108056842201441 -34.779776790970836 214.80993990000005 65.921023658983827 108249.99500000001 115375.32500000003 0.0017569528799388744 0.003318541573785091 73.085000000006417
decision_type=2 2 2 2 2 2 2 2 2 2 2 2 2 2 2 2 2 2 2 2 2 2 2 2 2 2 2 2 2 2
left_child=1 -1 3 5 -4 8 7 -7 -2 11 -11 12 14 19 16 -16 17 -6 -18 -14 21 -17 -23 -13 27 -26 -27 28 29 -25
right_child=2 -3 4 -5 9 6 -8 -9 -10 10 -12 23 13 -15 15 20 18 -19 -20 -21 -22 22 -24 24 25 26 -28 -29 -30 -31
leaf_value=1.0412396302270361e-05 1.3645901109658924e-06 -6.1334922695755432e-06 1.7766088171651204e-06 -2.8772607152684911e-05 -1.4649618335245082e-05 -5.7269481898627356e-05 1.0104395838914471e-05 2.7881460221368897e-06 -2.097981467075542e-05 -9.6497701274436329e-05 -1.4316195917876618e-05 1.3075909824242937e-05 -0.00023285600300440752 -1.2914069316628613e-05 1.1394775570504865e-05 -1.2079203408418707e-05 -8.1615927040085996e-06 -0.00020334905263209789 -1.7838278535742638e-05 -0.00012830530920879634 -7.9316298445285861e-07 -4.0200789549598025e-05 -9.082878531998865e-05 9.6803336727786846e-06 -1.0980479550458686e-05 -5.4672018857877222e-05 1.294194126527661e-05 1.4955858174552103e-05 -9.5708052102795466e-05 -3.545961370066637e-05
leaf_weight=1810 1041 30 15913 22 31 27 1895 53 39 24 2733 1187 21 55 594 183 380 22 24 21 1810 23 27 305 88 32 21 509 22 138
leaf_count=1810 1041 30 15913 22 31 27 1895 53 39 24 2733 1187 21 55 594 183 380 22 24 21 1810 23 27 305 88 32 21 509 22 138
internal_value=0.000276823 0.00195652 0.000163363 0.0010351 5.2353e-05 0.00112111 0.00168354 -0.003125 9.25928e-05 -0.000351515 -0.0010029 -2.45765e-05 -0.000562519 -0.00634021 -0.000381383 -5.6881e-06 -0.00254923 -0.00915094 -0.00168317 -0.0140476 -0.000580029 -0.0033691 -0.011 0.000721112 -0.000246637 -0.00457447 -0.0100943 0.000379877 -0.00123656 -0.000530474
internal_weight=29080 1840 27240 3077 24163 3055 1975 80 1080 8250 2757 5493 3191 97 3094 2637 457 53 404 42 2043 233 50 2302 1115 141 53 974 465 443
internal_count=29080 1840 27240 3077 24163 3055 1975 80 1080 8250 2757 5493 3191 97 3094 2637 457 53 404 42 2043 233 50 2302 1115 141 53 974 465 443
is_linear=0
shrinkage=0.05


Tree=52
num_leaves=31
num_cat=0
split_feature=4 9 11 39 1 36 35 34 20 38 35 0 20 42 4 39 36 24 21 24 17 24 40 31 4 42 7 7 21 20
split_gain=2.18966 1.21447 1.04701 0.966496 0.845036 0.789609 0.763078 1.88678 0.733959 1.09332 0.818254 1.37677 0.957814 1.18132 1.41625 2.98966 2.68568 1.06926 0.900043 0.892125 1.38036 1.15074 1.23722 1.72306 0.915227 0.708053 0.701501 1.02051 1.72112 1.17296
threshold=41.378460000000011 0.001325250771727718 0.00250130606496258 110.37750000000078 95721.115000000005 -44.701287038369621 106960.02275000002 109816.04590228385 47.385000000002044 19.728491322239517 114044.77155000002 110060.65500000001 56.724999999998552 -36.388043881717444 81.203045000000017 271.13178571428745 -636.06756292660418 73.705087400000011 405.99500000000268 156.71694990000006 0.0017022348379991852 131.73040720000003 -91.645217237855817 112732.49170000001 96.546015000000025 16.859249372630696 0.0012239797951631027 0.00036952481743579552 169.36000000000061 198.11499999999799
decision_type=2 2 2 2 2 2 2 2 2 2 2 2 2 2 2 2 2 2 2 2 2 2 2 2 2 2 2 2 2 2
left_child=1 -1 6 -2 -5 8 -3 -8 9 -6 11 12 13 -10 -15 16 -16 -14 -12 21 -21 22 -13 -24 -22 -17 27 -19 29 -29
right_child=3 2 -4 4 5 -7 7 -9 10 -11 18 19 17 14 15 25 -18 26 -20 20 24 -23 23 -25 -26 -27 -28 28 -30 -31
leaf_value=1.0517307043715556e-05 7.5204479810198472e-06 1.8358516687749568e-05 -3.8975300241143083e-05 -2.2856068228836093e-06 2.8808044301134321e-05 4.1621489629151029e-06 -1.5646167139863462e-05 9.6097226746084851e-06 1.6302491653916097e-05 1.9724914983541293e-06 4.3856763613781844e-06 1.3335284879334817e-05 -2.0271187839374774e-05 1.2394813339956961e-05 -0.00011111043778334287 -4.477459382434186e-05 -3.3292613649539114e-05 1.0780742072194989e-06 -0.00023829780371419256 -7.6783066260770782e-05 -4.5357908075485052e-05 2.9207622586531056e-05 -2.297528473642027e-05 -0.00011722069272841556 -4.4870806684026593e-05 6.7966341633775664e-06 9.7919028331481044e-06 -1.0135135200690448e-05 -0.00012349671762028287 -8.879200563058416e-05
leaf_weight=1660 951 68 24 9246 148 8986 29 59 63 3880 1276 64 37 50 32 25 26 1133 20 33 25 72 35 22 251 62 554 207 20 22
leaf_count=1660 951 68 24 9246 148 8986 29 59 63 3880 1276 64 37 50 32 25 26 1133 20 33 25 72 35 22 251 62 554 207 20 22
internal_value=0.000287139 0.00195652 -0.00194444 0.000174376 0.00011773 0.000326527 -0.000448718 -0.00352273 -3.28905e-05 0.000444389 -0.000510052 -0.00100073 -0.0004684 -0.00333333 -0.00525641 -0.00775862 -0.0165517 -9.37657e-05 0.000524692 -0.00336653 -0.00503236 -0.000699482 -0.00367769 -0.00903509 -0.00387681 -0.00189655 6.71489e-05 -0.000535456 -0.00343373 -0.00220524
internal_weight=29080 1840 180 27240 26289 17043 156 88 8057 4028 4029 2733 2231 258 195 145 58 1973 1296 502 309 193 121 57 276 87 1936 1382 249 229
internal_count=29080 1840 180 27240 26289 17043 156 88 8057 4028 4029 2733 2231 258 195 145 58 1973 1296 502 309 193 121 57 276 87 1936 1382 249 229
is_linear=0
shrinkage=0.05


Tree=53
num_leaves=31
num_cat=0
split_feature=4 39 18 7 9 4 39 9 21 21 42 38 20 30 0 22 39 28 25 38 25 24 16 41 41 7 13 15 7 13
split_gain=1.95111 0.986315 0.975235 1.07838 0.850184 0.826046 1.45909 1.37043 0.78904 0.829444 1.10558 2.04828 1.50806 1.71233 1.6 0.733963 0.71748 0.711939 0.951351 1.19977 0.900592 0.810029 0.799306 0.905889 1.74084 0.798656 1.4881 0.737582 1.14374 0.912799
threshold=41.378460000000011 241.30107142857224 -66.040000000000859 -0.0034438678738253205 0.001325250771727718 37.657140000000005 147.44892857142887 0.0017539762013025616 74.230000000003216 103.19499999999972 -23.876212157166336 35.990932762818453 21.194999999999713 110970.39298685656 98495.685000000012 50.225507250000014 110.37750000000078 100.39964958456405 3.2863744600949398 50.419655424295136 1.7652380894949895 143.68144270000002 0.0047517199045528707 -18.038906909232676 39.365245492943004 -0.010607930331374034 -0.012328542830820285 0.0016155131488882909 0.00065577183181283322 0.010871254512491694
decision_type=2 2 2 2 2 2 2 2 2 2 2 2 2 2 2 2 2 2 2 2 2 2 2 2 2 2 2 2 2 2
left_child=4 2 8 -4 -1 6 15 -8 -2 10 -10 -12 -13 14 -14 -6 -5 18 20 22 25 -19 23 -20 -25 26 -3 28 -23 -30
right_child=1 17 3 16 5 -7 7 -9 9 -11 11 12 13 -15 -16 -17 -18 21 19 -21 -22 27 -24 24 -26 -27 -28 -29 29 -31
leaf_value=9.9914416915297779e-06 1.0453163013608327e-05 1.0579043003876821e-05 -6.8649563125482428e-05 5.845084432871123e-06 -4.4088274934442944e-05 1.2025789971883231e-05 -2.3322553942615697e-05 -3.4708338945000779e-06 2.0760565975250737e-05 4.7344189489017535e-06 -3.8836109185384542e-05 2.2976384622989899e-05 -1.5322332967558642e-05 1.4622696006886854e-05 -8.7635464316086038e-05 1.2683448356078239e-05 5.3790983582620162e-07 1.6692371946049676e-05 7.0318565392511592e-06 -0.00014052242897652975 2.3063731459524046e-05 1.2402955738110328e-05 -0.00033306499585963569 -0.00018501520694019639 1.6125866819163701e-05 -2.7074491802180057e-06 -0.00022784321458816585 2.3303268590087224e-06 -1.6076274496765439e-05 -3.6603954192718364e-05
leaf_weight=1660 2812 42 38 767 20 70 22 21 103 346 20 78 20 27 20 47 7440 638 175 20 569 394 21 29 42 8102 28 4948 525 36
leaf_count=1660 2812 42 38 767 20 70 22 21 103 346 20 78 20 27 20 47 7440 638 175 20 569 394 21 29 42 8102 28 4948 525 36
internal_value=0.000299175 0.000192731 0.000540228 0.000245604 0.001875 -0.00138889 -0.00409091 -0.0112791 0.00124927 -0.000374593 -0.00246269 -0.005 -0.00293103 -0.00843284 -0.015 0.000522388 0.000284513 -6.77627e-05 -0.00035556 -0.00318815 -0.000262556 0.000329461 -0.00230337 -0.00150406 -0.00626761 -0.000396476 -0.00571429 0.000146536 -0.00112565 -0.00257576
internal_weight=29080 27240 11671 8245 1840 180 110 43 3426 614 268 165 145 67 40 67 8207 15569 9028 287 8741 6541 267 246 71 8172 70 5903 955 561
internal_count=29080 27240 11671 8245 1840 180 110 43 3426 614 268 165 145 67 40 67 8207 15569 9028 287 8741 6541 267 246 71 8172 70 5903 955 561
is_linear=0
shrinkage=0.05


Tree=54
num_leaves=31
num_cat=0
split_feature=4 38 22 34 21 18 39 32 28 40 41 9 38 32 32 20 24 38 17 16 15 41 41 25 28 28 21 4 36 39
split_gain=1.78283 0.950002 1.76541 0.942623 0.774023 0.768302 1.37892 0.738673 1.80493 2.87421 1.07165 1.22603 0.949959 0.931383 1.6732 1.7914 1.17323 0.901659 0.99184 0.892158 1.5965 0.836702 0.81448 0.678798 0.697106 1.00556 0.679988 0.930004 0.914286 0.755802
threshold=41.378460000000011 70.436381983817526 85.346689250000011 96359.302452260832 22.254999999997384 -869.0500000000028 692.27607142857289 -302.5479269381612 -414.42074815063091 11.180578780113139 -13.305901897876968 -0.0019386762713224752 21.513909781110168 -335.31347283884674 -326.96471224714327 53.194999999999716 90.014880000000019 43.174794631881333 0.003911772223671151 0.0036352334807130057 0.0026043972967012149 1.0000000180025095e-35 -4.7122676446858298 -1.1966277990956751 -319.86997518757556 -350.39658006751409 14.614999999997965 114.82460500000001 -996.29296194673213 449.65750000000122
decision_type=2 2 2 2 2 2 2 2 2 2 2 2 2 2 2 2 2 2 2 2 2 2 2 2 2 2 2 2 2 2
left_child=1 -1 -3 4 23 6 -6 10 9 -9 11 19 -12 -13 15 -15 -16 18 -10 -5 -21 22 -14 -2 25 26 27 -25 -28 -29
right_child=3 2 -4 7 5 -7 -8 8 17 -11 12 13 21 14 16 -17 -18 -19 -20 20 -22 -23 -24 24 -26 -27 28 29 -30 -31
leaf_value=9.4111093260648384e-06 -2.5968652807870711e-05 2.1555927438785267e-06 -2.2344994897556691e-05 1.1442894467312406e-05 -0.00034681299481233895 -4.301793233180432e-06 7.4238379560856029e-05 -7.0910555159506457e-05 9.5493735051668768e-06 4.0230546930167076e-05 -7.5681168035257403e-05 -1.9187646393667889e-06 -1.6537830408286796e-05 -5.2533627751920114e-05 -1.1904958505103296e-05 4.9879616707810199e-06 4.8917166380889983e-06 2.5878224991905219e-06 -4.4702025254455943e-05 -8.5142700646403721e-05 -1.0984148527668712e-05 -6.8850781826980163e-06 -5.8314051055456857e-05 -0.00014008847540136947 5.1061492202999686e-06 -5.4519462561853611e-05 -6.8097285721240662e-05 4.4169656932658218e-05 1.1327127658072891e-05 -1.865741346502137e-05
leaf_weight=1757 23 57 26 1582 25 7015 27 25 2329 37 31 2523 44 31 20 20 133 10210 21 23 148 256 23 21 2386 29 35 108 35 80
leaf_count=1757 23 57 26 1582 25 7015 27 25 2329 37 31 2523 44 31 20 20 133 10210 21 23 148 256 23 21 2386 29 35 108 35 80
internal_value=0.000287139 0.00179348 -0.00343373 0.000185389 -0.000207481 -0.000483232 -0.00653846 0.000405591 0.000606877 -0.00790323 -0.000119983 8.92859e-05 -0.00276836 -0.000573891 -0.00382353 -0.0116667 -0.00120915 0.000648886 0.00153192 0.00112094 -0.00230994 -0.00196594 -0.0069403 0.000509754 0.000582777 -0.00165584 -0.000734767 0.00069378 -0.005 0.00180851
internal_weight=29080 1840 83 27240 9784 7067 52 17456 12622 62 4834 4480 354 2727 204 51 153 12560 2350 1753 171 323 67 2717 2694 308 279 209 70 188
internal_count=29080 1840 83 27240 9784 7067 52 17456 12622 62 4834 4480 354 2727 204 51 153 12560 2350 1753 171 323 67 2717 2694 308 279 209 70 188
is_linear=0
shrinkage=0.05


Tree=55
num_leaves=31
num_cat=0
split_feature=4 1 17 9 7 24 25 11 28 13 7 21 4 30 32 9 9 25 38 25 25 24 38 42 25 3 25 36 17 24
split_gain=1.5729 0.797683 0.717509 0.675803 1.10454 0.854256 0.682286 0.99289 0.75446 1.14966 1.11174 0.657027 0.642192 0.655467 1.16709 0.92719 1.01521 0.880304 1.46875 1.37288 0.60043 0.578231 0.578052 0.976801 0.571776 0.922892 1.39684 1.0188 0.950421 1.12418
threshold=62.885000000000012 95721.115000000005 0.00068870724566153971 -0.0017482856810679362 -0.0023532425256525737 322.37487390000007 -1.166873583512021 0.0030196643384530469 129.56659406454858 0.0029619328096427136 -0.00085414911707163679 13.534999999996218 63.598790000000001 94752.333994267799 -1020.1603446591979 -0.0043009952781028387 -0.0020212309302179658 0.045596822283040205 44.394392463045868 -0.49172496581289665 0.56906392356427538 78.74667890000002 28.140667784635898 -36.388043881717444 0.76690632927968194 87155.295000000013 0.83153112001940732 788.45595333819813 0.0016436448026116628 357.51233677000005
decision_type=2 2 2 2 2 2 2 2 2 2 2 2 2 2 2 2 2 2 2 2 2 2 2 2 2 2 2 2 2 2
left_child=2 12 -1 -4 -5 6 7 8 10 -10 11 -6 -2 24 -15 -16 -17 18 -18 -20 -19 -12 23 -8 -14 -26 -27 -28 -29 -30
right_child=1 -3 3 4 5 -7 22 -9 9 -11 21 -13 13 14 15 16 17 20 19 -21 -22 -23 -24 -25 25 26 27 28 29 -31
leaf_value=1.2958031106817892e-05 -3.492142096775386e-05 2.0453922579425504e-06 1.7836360606118201e-05 -4.7321630521115343e-05 1.6920234108076092e-05 -3.1845488693130949e-05 5.1413401043789549e-06 -1.1865213754738337e-05 -4.73907088128191e-05 6.6896107583283965e-07 -6.1171457220851284e-06 -1.5873674024364936e-05 3.1382686204081004e-07 6.0788651774860823e-05 -0.0001301286170967403 4.7001072710686402e-05 -7.5796455131423547e-05 4.3861319089667801e-05 1.2548103015053831e-05 -4.0356041296557209e-05 -3.3960514792883716e-05 1.3406329291703825e-05 4.2340760836400397e-06 -2.3136974701017421e-05 2.4207829985121335e-07 -9.9570074104292605e-05 -4.2374498759525199e-06 -6.9165724133646634e-05 -2.0229468875583696e-05 -0.00014788890586379475
leaf_weight=564 27 15549 317 23 20 21 39 25 28 21 26 23 6735 56 25 45 40 31 43 31 51 159 3540 24 918 27 437 20 179 36
leaf_count=564 27 15549 317 23 20 21 39 25 28 21 26 23 6735 56 25 45 40 31 43 31 51 159 3540 24 918 27 437 20 179 36
internal_value=0.0002837 0.000119588 0.00110766 0.000886076 0.000707774 0.000771778 0.000825864 -0.00145695 -0.000595668 -0.00622449 0.000614035 -0.00662791 -0.000263763 -0.000239797 -0.00245342 -0.00383459 -0.00288382 -0.00443878 -0.0072807 -0.00310811 -0.000487805 0.0022973 0.00101721 -0.00373016 -0.000154454 -0.000998763 -0.00236767 -0.00191964 -0.00457447 -0.00360465
internal_weight=29080 24250 4830 4266 3949 3926 3905 302 277 49 228 43 8701 8674 322 266 241 196 114 74 82 185 3603 63 8352 1617 699 672 235 215
internal_count=29080 24250 4830 4266 3949 3926 3905 302 277 49 228 43 8701 8674 322 266 241 196 114 74 82 185 3603 63 8352 1617 699 672 235 215
is_linear=0
shrinkage=0.05


Tree=56
num_leaves=31
num_cat=0
split_feature=4 17 21 16 15 16 25 35 18 7 21 11 9 35 35 4 13 7 30 15 28 42 9 25 42 11 23 36 9 7
split_gain=1.52033 0.731879 0.629448 0.909873 1.13101 0.971296 0.889554 0.873378 0.796795 0.788775 1.14823 0.825352 1.50536 2.52203 1.49457 2.06358 1.46944 1.00174 1.18323 1.06004 1.00348 1.46822 1.42577 0.775399 0.833333 0.766315 1.00982 0.867829 1.36487 1.27813
threshold=68.048390000000012 0.00068870724566153971 31.205000000009026 0.0019481314454072387 0.0024574370317575452 0.0015028835367260607 4.0392977631535834 122662.47947500001 -130.70500000000899 0.012610870061698082 124.50499999999739 0.002659650636587831 -0.00057029385289419042 81532.146000000008 109006.42090000001 144.92459500000004 0.0051800738871919747 0.00038871526246588522 80111.478003687036 0.0036435063473034767 532.99045343107002 15.725411637146644 0.0040730375955654995 2.6426201594920236 3.7009851048655666 0.0013907675840144267 0.34571702193704801 -711.09961910809932 0.0014156007632824088 -0.00038316814949440218
decision_type=2 2 2 2 2 2 2 2 2 2 2 2 2 2 2 2 2 2 2 2 2 2 2 2 2 2 2 2 2 2
left_child=1 -1 3 4 5 -2 7 8 -4 11 -11 17 13 -13 -15 -16 -17 18 19 -10 23 -22 -23 -19 -25 27 -27 28 -20 -30
right_child=2 -3 6 -5 -6 -7 -8 -9 9 10 -12 12 -14 14 15 16 -18 20 25 -21 21 22 -24 24 -26 26 -28 -29 29 -31
leaf_value=1.2377133331226522e-05 2.9305820145353118e-06 3.0871350710639471e-06 4.1474074972500262e-06 -1.827884400000535e-06 -2.0726018789816218e-05 1.201420833979287e-05 -2.3048088872348961e-05 2.3316873167699469e-05 -0.00020049725203794691 3.8266115779056565e-05 -0.00017018792355928198 -0.0001851407120385447 4.770732124415523e-06 7.5254657073594304e-06 4.1499685439746198e-05 -9.9246949750338655e-05 -8.8783915057423775e-05 -7.6475304237492667e-06 -4.759278679531424e-06 9.1181368345262281e-06 -3.4228558760620873e-05 2.3978010979187201e-05 -4.190948396677873e-05 -1.2915180980989326e-05 -0.00013677636911247278 -4.5055783017091602e-06 -4.4988769607380032e-05 4.5595069995166467e-06 -4.6083413135153047e-05 5.4889699291232737e-06
leaf_weight=600 3304 5035 3405 2935 34 1860 318 200 25 24 41 20 3082 223 31 36 24 3012 1290 21 33 56 27 40 20 418 79 2815 41 31
leaf_count=600 3304 5035 3405 2935 34 1860 318 200 25 24 41 20 3082 223 31 36 24 3012 1290 21 33 56 27 40 20 418 79 2815 41 31
internal_value=0.000278542 0.00101597 0.000101301 0.000456781 0.000854175 0.00091402 -8.75129e-05 -3.20126e-05 -7.63821e-05 -0.000277021 -0.00576923 -0.000245496 0.000403981 -0.00278443 -0.0016879 -0.00708791 -0.0125 -0.000526049 -6.35591e-05 -0.00804348 -0.00121079 -0.00577586 -0.00222892 -0.00103841 -0.00666667 1.49767e-05 -0.00184105 0.000235815 -0.000800293 -0.0075
internal_weight=29080 5635 23445 8133 5198 5164 15312 14994 14794 11389 65 11324 3416 334 314 91 60 7908 4720 46 3188 116 83 3072 60 4674 497 4177 1362 72
internal_count=29080 5635 23445 8133 5198 5164 15312 14994 14794 11389 65 11324 3416 334 314 91 60 7908 4720 46 3188 116 83 3072 60 4674 497 4177 1362 72
is_linear=0
shrinkage=0.05


Tree=57
num_leaves=31
num_cat=0
split_feature=4 38 16 36 41 36 25 13 42 36 11 0 3 15 25 36 7 11 15 42 5 9 20 23 9 4 22 28 0 4
split_gain=1.37884 0.882119 1.43728 0.794354 1.23723 1.15605 1.63123 1.21112 0.75739 0.730855 0.936643 0.728763 0.667199 0.847247 0.632382 0.628552 0.70471 0.684457 0.602587 0.655735 0.577703 0.948888 0.562553 0.850166 0.734984 0.699594 0.762624 0.559211 0.840256 1.80102
threshold=41.378460000000011 70.436381983817526 0.00095843090038392868 -932.22767329993064 -425.11958309929099 -953.56519075231324 -0.60181380106072913 -0.0018463436082363485 121.66062583860263 1153.8211398768765 -0.00022083526144954651 90271.690000000017 80653.550000000017 0.0021825590811210805 0.022857976082789239 -548.33153597995977 -0.0012444638265834507 0.003398161465687857 0.0016704821445773499 257.92816330456088 0.00079990725950754131 -0.0020212309302179658 26.485000000000586 -1.3272323259267911 0.0014742012721496594 36.544675000000005 68.860437750000003 441.75846107077092 102293.32500000001 296.04081000000008
decision_type=2 2 2 2 2 2 2 2 2 2 2 2 2 2 2 2 2 2 2 2 2 2 2 2 2 2 2 2 2 2
left_child=1 9 -3 5 11 8 -7 -8 27 22 -11 -5 13 -6 -15 16 17 20 -10 -20 -14 -22 24 -24 -1 26 -26 -2 29 -29
right_child=3 2 -4 4 12 6 7 -9 18 10 -12 -13 15 14 -16 -17 -18 -19 19 -21 21 -23 23 -25 25 -27 -28 28 -30 -31
leaf_value=8.5263442188413317e-06 -3.0916576761361832e-06 8.71490167830938e-07 -2.2724350529852094e-05 -6.1223470765811933e-06 -9.9966432618943962e-05 2.8181386790741695e-05 -2.0614571617999156e-05 -6.7211759512371823e-05 -9.7568804370071521e-06 -3.384637470944241e-05 9.4369206018747571e-06 -9.5186140249947052e-05 2.005540659487799e-06 2.802728304111552e-05 -0.00022360285067658136 1.7672965669325211e-06 9.258624464227649e-06 -2.6824514303690858e-05 1.8814597882854837e-05 -8.1205386958933299e-05 1.9969391104435074e-05 -6.2379421614382492e-05 -6.1917821932043923e-06 1.6206413191699358e-05 -2.0575360720897357e-06 9.1161014276326794e-06 -2.734009550650973e-05 -6.398739386427142e-05 4.2425549611328896e-05 1.1631256820951962e-05
leaf_weight=1156 5549 59 24 27 24 35 44 32 36 20 21 20 658 84 27 18377 1645 27 498 29 20 23 32 431 26 46 25 27 26 32
leaf_count=1156 5549 59 24 27 24 35 44 32 36 20 21 20 658 84 27 18377 1645 27 498 29 20 23 32 431 26 46 25 27 26 32
internal_value=0.000278542 0.00160326 -0.00343373 0.00018906 0.000337283 -0.00030279 -0.00536036 -0.00947368 -0.000212199 0.00184121 -0.0047561 -0.00776596 0.000355518 -0.00314815 -0.00130631 0.000378313 0.00114412 -0.000151099 0.00153641 0.00196395 0.000149786 -0.00546512 0.00199883 0.00348812 0.00144852 -0.00273196 -0.00676471 -0.000386936 -0.00441176 -0.00771186
internal_weight=29080 1840 83 27240 20932 6308 111 76 6197 1757 41 47 20885 135 111 20750 2373 728 563 527 701 43 1716 463 1253 97 51 5634 85 59
internal_count=29080 1840 83 27240 20932 6308 111 76 6197 1757 41 47 20885 135 111 20750 2373 728 563 527 701 43 1716 463 1253 97 51 5634 85 59
is_linear=0
shrinkage=0.05


Tree=58
num_leaves=31
num_cat=0
split_feature=4 35 34 21 19 25 7 21 21 36 16 4 7 23 9 23 21 42 19 23 3 22 25 32 11 22 25 5 20 21
split_gain=1.34044 0.78292 0.740947 0.765247 0.733104 0.684652 0.633074 0.679534 1.05477 1.44051 0.567048 0.607859 1.03265 2.59629 1.06531 0.554389 0.561002 1.21463 1.58548 1.28554 0.991243 1.0068 0.919743 0.882535 0.810519 0.732601 0.675666 0.75683 0.739161 0.84663
threshold=41.378460000000011 84005.359925000012 96359.302452260832 22.254999999997384 62.355000000003209 -1.1966277990956751 0.0020182897154453136 40.54000000000088 44.745000000002626 -56.844347018624823 0.00061046737526644949 43.297250000000005 4.2858739598026081e-05 -1.0139788660283515 -0.00050841316755444101 -1.5178463200561023 29.995000000002623 17.600410014819694 128.4349999999977 1.328281623904239 82704.125000000015 337.49071625000005 -0.79399195090050945 318.31693142072623 -0.0043371586253598609 270.23171775000009 3.2863744600949398 0.0043472588380026175 13.485000000000584 327.92500000000297
decision_type=2 2 2 2 2 2 2 2 2 2 2 2 2 2 2 2 2 2 2 2 2 2 2 2 2 2 2 2 2 2
left_child=1 -1 3 5 -5 -2 7 -3 9 -9 -4 12 13 -12 -15 -6 17 20 -19 22 -17 -22 -20 -24 -23 -25 27 -18 -28 -30
right_child=2 6 10 4 15 -7 -8 8 -10 -11 11 -13 -14 14 -16 16 26 18 19 -21 21 24 23 25 -26 -27 28 -29 29 -31
leaf_value=-1.8055928556282618e-05 -2.4682882118925819e-05 9.4153267218743923e-06 9.9366858532015645e-06 -2.4249681675864367e-05 2.2327396776877665e-05 3.6372552739654792e-06 -1.3570370745105991e-05 8.6845260676513601e-06 4.6835775751593964e-06 -3.3778020199644943e-05 -4.659502669398966e-05 2.0652652861404533e-06 7.5512099414569423e-06 2.2190518003488017e-05 -2.5858065183295904e-05 -0.00010111337121595974 -3.3999640831488575e-06 -4.3393249762087717e-05 -6.2216779095463886e-05 -9.4418147947382836e-05 6.7943404079290453e-06 -0.0001354007592237823 3.1792531745680545e-05 -9.0866993518778024e-05 -6.5222634448791594e-06 6.6258475008541202e-06 2.4106149048938637e-05 1.3954284756252466e-05 -1.8134009377627658e-05 -0.00015933458120324459
leaf_weight=38 23 1494 358 20 64 2694 21 26 237 24 20 16952 77 29 20 23 5933 22 21 23 274 22 86 28 28 24 36 267 154 42
leaf_count=38 23 1494 358 20 64 2694 21 26 237 24 20 16952 77 29 20 23 5933 22 21 23 274 22 86 28 28 24 36 267 154 42
internal_value=0.000269945 0.00157609 0.000181718 -0.000166598 -0.000440781 0.000546559 0.00172586 0.00182763 -0.000400697 -0.007 0.000376948 0.000335712 -0.00287671 -0.00731884 -0.00112245 -0.000413651 -0.000456107 -0.0019873 -0.00504902 -0.00351648 -0.00018732 0.000524692 -0.00191824 -0.000434782 -0.006 -0.00557692 -0.000324938 -0.000225806 -0.00297414 -0.00418367
internal_weight=29080 1840 27240 9784 7067 2717 1802 1781 287 50 17456 17098 146 69 49 7047 6983 551 204 182 347 324 159 138 50 52 6432 6200 232 196
internal_count=29080 1840 27240 9784 7067 2717 1802 1781 287 50 17456 17098 146 69 49 7047 6983 551 204 182 347 324 159 138 50 52 6432 6200 232 196
is_linear=0
shrinkage=0.05


Tree=59
num_leaves=31
num_cat=0
split_feature=19 7 34 11 11 36 20 7 21 23 19 36 22 25 22 42 15 24 42 23 25 42 36 20 18 16 20 38 13 9
split_gain=1.24627 0.895773 1.1281 1.10903 1.11602 0.818402 0.744614 0.718547 0.665503 0.827035 0.840643 1.6 1.16821 0.801038 0.793013 0.768016 1.0495 1.51679 0.924869 1.1866 1.61513 1.56857 1.81343 2.16454 1.46328 1.13161 1.01185 0.849105 1.42819 1.47692
threshold=112.3449999999939 0.0005282833977961858 115566.63702668938 0.0018657250968207994 -2.9836596583441604e-05 -56.844347018624823 20.004999999997384 0.00061260179041075556 33.769999999996806 3.7500087455715119 600.56500000000244 -289.36170615475561 295.87675450000012 -1.0166254693179215 256.45940525000009 9.1777986699570491 0.00059868979542724579 107.93441250000001 -37.947606774574766 -0.12545748982394547 -0.3388086982034601 -17.701843714534771 -114.78962164395487 26.485000000000586 316.95499999999453 0.0021999061484621958 55.514999999999425 56.990339411833652 -9.5256360713447675e-05 0.00088117114988124135
decision_type=2 2 2 2 2 2 2 2 2 2 2 2 2 2 2 2 2 2 2 2 2 2 2 2 2 2 2 2 2 2
left_child=1 -1 7 4 5 -4 -5 -3 13 15 11 -11 -12 -2 -15 18 17 -17 -10 27 21 22 -21 -24 -22 -26 -23 -20 29 -29
right_child=8 2 3 6 -6 -7 -8 -9 9 10 12 -13 -14 14 -16 16 -18 -19 19 20 24 26 23 -25 25 -27 -28 28 -30 -31
leaf_value=5.8069474953159156e-06 -1.1012607986319515e-05 -1.0387704988625776e-05 -4.0704532007651598e-05 -2.2149945373864821e-05 3.599543727343493e-06 -7.1409441882007056e-06 -1.5860791421256245e-05 5.756002635099927e-06 1.0537670214175431e-06 -3.7869116158115579e-06 4.0091336160145631e-05 -3.6907920225730283e-05 -0.00012995771000853898 4.7100605742027097e-06 -4.17499767193442e-06 4.2551006184483952e-06 2.5486920865827326e-06 -3.280461566332532e-05 2.2743762650643156e-06 -1.2222688378452728e-05 -7.6952631071053708e-06 4.9611106989139217e-06 -4.4729420736651029e-05 -4.8649310165666006e-05 -6.7897200174522998e-05 -5.0802049833420877e-05 -6.1289713732457917e-05 -2.5616277812150583e-05 -7.5988388896118228e-06 -0.0001431541166553619
leaf_weight=2881 430 102 24 34 90 31 21 848 4515 20 70 20 31 7104 1802 31 6736 20 1881 38 1595 82 27 22 36 46 30 39 448 26
leaf_count=2881 430 102 24 34 90 31 21 848 4515 20 70 20 31 7104 1802 31 6736 20 1881 38 1595 82 27 22 36 46 30 39 448 26
internal_value=0.000276823 0.00109278 -8.69563e-05 -0.0035 -0.0012069 -0.00681818 -0.00954545 0.000631579 0.000145515 -5.31405e-05 -0.00386525 -0.01 -0.00143564 0.000479863 0.000581631 -1.8623e-05 0.000380875 -0.00676471 -0.000327262 -0.000854801 -0.00179638 -0.00605528 -0.011092 -0.017449 -0.001291 -0.00780488 -0.00214286 -0.000116959 -0.00192008 -0.00884615
internal_weight=29080 4031 1150 200 145 55 55 950 25049 15713 141 40 101 9336 8906 15572 6787 51 8785 4270 1876 199 87 49 1677 82 112 2394 513 65
internal_count=29080 4031 1150 200 145 55 55 950 25049 15713 141 40 101 9336 8906 15572 6787 51 8785 4270 1876 199 87 49 1677 82 112 2394 513 65
is_linear=0
shrinkage=0.05


Tree=60
num_leaves=31
num_cat=0
split_feature=4 36 41 28 32 40 42 38 9 38 21 28 41 40 9 4 22 0 27 11 19 16 16 19 38 38 32 36 9 4
split_gain=1.24137 0.707031 0.782097 0.730916 0.913937 1.29479 0.926839 1.22736 0.9558 1.95207 0.846479 1.18944 0.811437 0.823008 0.799309 1.24972 0.863914 0.83455 1.19911 0.834765 1.44729 0.871111 0.828542 0.751111 0.747381 0.711631 0.7839 1.05232 0.676107 0.826046
threshold=41.378460000000011 -867.48344828037796 -425.11958309929099 139.42511545120945 -381.78264667987236 -177.81819674742289 -42.849023303368035 33.578263948022219 -0.0026897611562742541 41.621361872329096 78.569999999999723 -124.28058321675051 -10.574428591873767 -78.444691991928252 -0.00091000917351529841 299.99194500000004 223.01717825000006 113644.76500000001 112467.92900000002 -0.00013008743171760053 143.4349999999977 0.0012067824410265634 0.0017482299302368093 275.38999999999947 27.266840641236758 31.534491714953152 -460.5419242665302 -1290.3081606409394 0.001325250771727718 37.657140000000005
decision_type=2 2 2 2 2 2 2 2 2 2 2 2 2 2 2 2 2 2 2 2 2 2 2 2 2 2 2 2 2 2
left_child=28 3 -3 4 12 -6 -7 -8 9 -9 -11 -12 13 -2 -10 16 17 18 19 20 21 -16 -22 -24 -14 -26 27 -27 -1 -30
right_child=1 2 -4 -5 5 6 7 8 14 10 11 -13 24 -15 15 -17 -18 -19 -20 -21 22 -23 23 -25 25 26 -28 -29 29 -31
leaf_value=7.8526651454715063e-06 -1.5479508468588264e-06 -5.0101957423676974e-05 1.8752623990339884e-06 4.3985054455845532e-06 -0.00012719221587714039 4.1736933258897091e-05 -1.4579837850059816e-05 -0.00011553417618765585 1.5404830721704249e-05 1.073700038993328e-05 1.7734830245295019e-05 -7.8190328260120266e-05 -0.00012184548544792792 3.4818843709587225e-05 -6.3446270721870311e-05 -9.9047943147907093e-05 1.7428796445288592e-05 5.2251052122914497e-06 -4.0589225370403492e-05 -2.0107162779996863e-07 4.4097105388490999e-06 -5.2690646564080703e-05 -4.3247301451449795e-05 2.3318493897910531e-06 2.7187723761712684e-05 -0.00011331733467736354 1.2976469022358875e-05 3.030930526192633e-05 -6.403747359570036e-06 1.0154005692380357e-05
leaf_weight=1660 4102 38 20569 1058 25 155 25 20 243 74 23 31 28 147 20 29 92 56 35 205 61 25 25 20 28 56 28 22 110 70
leaf_count=1660 4102 38 20569 1058 25 155 25 20 243 74 23 31 28 147 20 29 92 56 35 205 61 25 25 20 28 56 28 22 110 70
internal_value=0.000264787 0.000179883 0.000324405 -0.000269109 -0.000497758 -0.00174399 -0.00149693 -0.00206301 -0.00177789 -0.00547297 -0.00320312 -0.00796296 -0.000168896 -3.6479e-05 -0.00110358 -0.00213028 -0.00158627 -0.00249441 -0.00331202 -0.00244382 -0.0052649 -0.0127778 -0.00207547 -0.00722222 -0.00364198 -0.00208955 -0.00396226 -0.00653846 0.00152174 -0.00138889
internal_weight=29080 27240 20607 6633 5575 1164 1139 984 959 148 128 54 4411 4249 811 568 539 447 391 356 151 45 106 45 162 134 106 78 1840 180
internal_count=29080 27240 20607 6633 5575 1164 1139 984 959 148 128 54 4411 4249 811 568 539 447 391 356 151 45 106 45 162 134 106 78 1840 180
is_linear=0
shrinkage=0.05


Tree=61
num_leaves=31
num_cat=0
split_feature=17 21 16 16 3 25 36 15 16 30 23 23 41 26 27 20 0 26 31 42 25 42 7 7 22 24 19 40 5 25
split_gain=1.02667 0.629536 0.766403 0.679976 1.20493 2.03631 1.05847 2.39457 0.933419 0.719047 0.665486 0.904514 1.28704 0.965355 2.03386 1.29529 0.89592 1.43759 0.95921 0.772467 0.674947 0.718698 1.10497 1.12397 1.00171 1.11484 1.08472 0.911757 1.20134 1.16345
threshold=0.00068870724566153971 33.769999999996806 0.001887749960675157 0.0015186933542915128 83750.005000000019 -0.79399195090050945 -1505.6616184459269 0.0013992214400435864 0.001421938267078722 83230.206581934515 0.12645646726730372 0.20762675926092902 121.98289315352169 109774.13817508116 111605.3615 111.7350000000006 95340.775000000009 89424.519224797739 84634.468100000013 257.92816330456088 0.6135909971029575 8.1509968148105987 0.00031283843027592135 -1.9893260165830398e-05 61.496576000000012 370.39254900000003 120.3449999999939 175.91311733672777 -0.001599801603209963 0.070546652534531365
decision_type=2 2 2 2 2 2 2 2 2 2 2 2 2 2 2 2 2 2 2 2 2 2 2 2 2 2 2 2 2 2
left_child=-1 2 3 4 5 -2 7 -6 9 -7 19 12 13 16 -15 -16 17 18 -12 20 21 22 23 24 26 -26 -3 28 -27 -30
right_child=1 10 -4 -5 6 8 -8 -9 -10 -11 11 -13 -14 14 15 -17 -18 -19 -20 -21 -22 -23 -24 -25 25 27 -28 -29 29 -31
leaf_value=8.1510604852264961e-06 -5.5192535007886371e-05 -1.9167285347109238e-06 -4.5303606136973665e-07 9.4501947431638008e-06 4.2017793262302404e-06 1.6540610280395745e-05 2.9961570866898886e-06 -6.4032297934942342e-05 -2.3844361640266599e-05 -8.6133542057158955e-06 -0.00011588748575334592 -2.0121403525870188e-06 2.072942958727516e-05 -0.00011345784232551656 -1.052646456425272e-05 -0.00016131868104823162 6.5406836195499284e-06 -3.7122349664883624e-05 4.3673614363706311e-05 -6.4477409536941427e-05 2.1436713028455035e-05 3.2543664470134933e-06 -7.1138232832421162e-06 1.1453573417005685e-05 4.4891183321917072e-06 5.2988027975987378e-06 -3.237599175370115e-05 2.3175880441404964e-06 -0.00011896422000353931 1.7515601644478443e-05
leaf_weight=805 25 51 3562 2041 73 62 5867 27 28 29 36 5559 113 20 69 22 87 31 40 44 147 4852 2234 389 2433 99 31 170 105 29
leaf_count=805 25 51 3562 2041 73 62 5867 27 28 29 36 5559 113 20 69 22 87 31 40 44 147 4852 2234 389 2433 99 31 170 105 29
internal_value=0.000257909 0.000207781 0.000488305 0.000755643 0.000491736 -0.00402778 0.000600805 -0.0045 -0.00130252 0.00115385 9.35952e-06 -0.000412414 -0.0026555 -0.00434426 -0.00806306 -0.00489011 -0.00221649 -0.00528037 -0.00157895 0.000247544 0.000275142 0.000227557 -0.000161523 0.000418809 8.22483e-05 0.000239775 -0.00536585 -0.00219603 -0.00422747 -0.00731343
internal_weight=29080 28275 11714 8152 6111 144 5967 100 119 91 16561 5977 418 305 111 91 194 107 76 10584 10540 10393 5541 3307 2918 2836 82 403 233 134
internal_count=29080 28275 11714 8152 6111 144 5967 100 119 91 16561 5977 418 305 111 91 194 107 76 10584 10540 10393 5541 3307 2918 2836 82 403 233 134
is_linear=0
shrinkage=0.05


Tree=62
num_leaves=31
num_cat=0
split_feature=16 3 19 23 21 9 21 25 42 11 11 25 25 13 19 19 11 23 11 4 7 39 38 7 4 30 16 18 4 31
split_gain=0.97935 0.66994 0.738069 1.2062 0.809068 0.674433 1.09511 1.69345 1.66667 0.993757 0.899168 0.950894 1.27583 1.3913 0.810096 0.969371 0.704892 0.940954 0.907287 1.50199 0.768042 1.45837 1.30668 0.697417 0.669946 0.664355 0.754671 0.676497 2.10305 1.04544
threshold=0.00056696583057151446 96432.175000000017 43.134999999994768 -0.81957809650821833 22.254999999997384 0.0021878011974704116 214.65499999999886 1.0681064695002367 59.872495868299346 -0.0044326850455707967 0.0064164832335953841 -0.046935199745532459 0.26623510834035519 0.011789887531900514 335.19000000000239 282.82500000000442 0.0039201191267117901 1.0385043736140331 0.0035291598608784224 106.37097000000001 0.0038747213320792927 582.62928571428563 43.881075111193923 0.00050683506050717552 58.442610000000009 85089.01249823712 0.00066850838044787096 63.480000000003209 47.002855000000004 85801.140300000014
decision_type=2 2 2 2 2 2 2 2 2 2 2 2 2 2 2 2 2 2 2 2 2 2 2 2 2 2 2 2 2 2
left_child=-1 2 3 -2 24 10 -7 9 -9 -8 16 14 -13 -14 15 -12 18 -18 20 -20 25 22 -22 -11 -4 -6 -27 -28 -29 -30
right_child=1 -3 4 -5 5 6 7 8 -10 23 11 12 13 -15 -16 -17 17 -19 19 -21 21 -23 -24 -25 -26 26 27 28 29 -31
leaf_value=9.9684592087310078e-06 6.8518788103191082e-06 1.9116811666542664e-06 1.1530798097581417e-05 -5.4617837686142995e-05 1.8712150113696362e-06 5.3612929692003293e-06 -9.6131644053893e-05 -0.00012758245526327705 -2.7449416558055896e-05 -4.9702929483463144e-05 -1.5492332437400246e-05 -8.812904092961092e-05 2.5359143597685143e-05 -0.00019080605204596732 2.4087080972769202e-05 -8.06863078452432e-05 1.5666067559042093e-05 -4.7908985655391598e-05 -6.1276460411194725e-05 -6.3065407397485444e-06 -0.00012239777464016243 4.669677919444783e-05 -1.3791194824007877e-05 4.7599521466839229e-05 1.6697578615220222e-06 -4.8672536330972112e-06 -4.5719439698372988e-06 -7.7176558820388924e-05 -4.5055114151513926e-05 -1.0827515433272442e-05
leaf_weight=575 26 18226 513 23 1600 1640 24 30 30 37 41 24 23 23 88 24 312 23 23 54 23 24 35 103 2405 39 2405 26 52 609
leaf_count=575 26 18226 513 23 1600 1640 24 30 30 37 41 24 23 23 88 24 312 23 23 54 23 24 35 103 2405 39 2405 26 52 609
internal_value=0.000261348 0.000220137 -0.000102636 -0.00622449 -7.33136e-05 -0.000354212 0.000466738 -0.0028125 -0.01 -0.000182927 -0.000635095 -0.00374439 -0.00857143 -0.00369565 -0.00153595 -0.00576923 -0.000502392 0.00171642 -0.000654397 -0.00603896 -0.000568252 -0.00536585 -0.00965517 0.00142857 0.000630569 -0.000485098 -0.000908655 -0.000821475 -0.00220524 -0.00165658
internal_weight=29080 28505 10279 49 10230 7312 1864 224 60 164 5448 223 70 46 153 65 5225 335 4890 77 4813 82 58 140 2918 4731 3131 3092 687 661
internal_count=29080 28505 10279 49 10230 7312 1864 224 60 164 5448 223 70 46 153 65 5225 335 4890 77 4813 82 58 140 2918 4731 3131 3092 687 661
is_linear=0
shrinkage=0.05


Tree=63
num_leaves=31
num_cat=0
split_feature=24 25 23 23 11 11 20 41 5 15 16 36 17 42 7 38 31 16 9 5 20 22 19 35 19 24 18 17 32 36
split_gain=0.995616 0.814215 0.639169 0.692657 0.606784 1.26334 0.733142 0.89966 0.731815 1.14276 2.72781 0.95735 0.908671 0.864016 1.29271 0.68466 0.602126 0.782297 0.609347 0.612319 0.710889 0.943066 1.30441 1.3144 0.710719 0.894471 0.610165 1.14603 1.00119 0.623357
threshold=92.36462130000001 5.5093404168862543 0.08482721070900219 0.19364121941494952 -0.0037817628221027411 -0.0053123631002916297 92.32500000000438 -73.206254841068485 -0.0024744122102746111 0.0016079380146601279 0.0015659727413331597 565.98219452476781 0.0017301577138327008 1.0000000180025095e-35 -0.0006219232067551187 59.846175801155745 93747.397500000006 0.00070086190503531763 -0.011354740824237991 -0.0019234995187125822 7.1449999999967995 163.26275050000001 296.11499999999802 86109.178675000017 104.95999999999914 94.656211700000014 -152.8549999999959 0.0035247532812094956 51.027736348012702 2441.8690223794915
decision_type=2 2 2 2 2 2 2 2 2 2 2 2 2 2 2 2 2 2 2 2 2 2 2 2 2 2 2 2 2 2
left_child=1 -1 16 4 5 6 7 -4 -6 -10 -11 12 -12 -14 -15 -16 17 -2 -19 20 21 -20 23 -23 -21 -26 27 28 -27 -28
right_child=2 -3 3 -5 8 -7 -8 -9 9 10 11 -13 13 14 15 -17 -18 18 19 24 -22 22 -24 -25 25 26 29 -29 -30 -31
leaf_value=3.9918053008177051e-06 -2.3192499304427376e-06 -2.941839310864933e-05 -0.00011144795647480602 -3.6299407877005482e-07 3.972191076406373e-05 -0.00010752324568702272 1.8617142435499432e-05 -2.0704711673165193e-06 2.4853502544099018e-06 -4.125743842744573e-05 -5.4108553845784967e-05 7.4504460154510235e-06 5.0135015225231402e-05 -0.00010440649104229115 4.9554687026955115e-05 -1.6963202726185031e-05 2.3319517163936412e-06 -0.00014884181900774455 6.1186463224361138e-05 1.0085523058079599e-05 2.2688585186631178e-05 -0.00012222117850174631 5.7508183779242588e-07 -3.6939220343192578e-05 -1.0482219085408348e-05 5.6316766684940436e-05 -3.194353656671052e-06 -5.8904049833606267e-05 -3.6276709717959718e-05 1.2255911738102204e-05
leaf_weight=4233 20 22 21 7494 47 37 54 28 306 21 20 105 40 20 33 25 11262 34 41 306 573 23 81 22 33 40 3807 20 30 282
leaf_count=4233 20 22 21 7494 47 37 54 28 306 21 20 105 40 20 33 25 11262 34 41 306 573 23 81 22 33 40 3807 20 30 282
internal_value=0.000251032 0.000957697 0.00012991 -0.000229669 -0.00167107 -0.00464286 -0.00179612 -0.00622449 -0.000996758 -0.00149123 -0.00390151 -0.00240741 -0.00514493 -0.00347458 -0.00653846 -0.00275862 0.000308918 -0.000129894 -9.25924e-05 -4.94483e-05 0.00128378 -0.00158683 -0.00373016 -0.0105556 -0.000267817 -0.000436847 -0.000372098 -0.00444444 -0.00142857 -0.000282465
internal_weight=29080 4255 24825 8251 757 140 103 49 617 570 264 243 138 118 78 58 16574 5312 5292 5258 740 167 126 45 4518 4212 4179 90 70 4089
internal_count=29080 4255 24825 8251 757 140 103 49 617 570 264 243 138 118 78 58 16574 5312 5292 5258 740 167 126 45 4518 4212 4179 90 70 4089
is_linear=0
shrinkage=0.05


Tree=64
num_leaves=31
num_cat=0
split_feature=24 1 38 9 21 31 4 38 32 38 21 36 38 36 9 40 21 24 17 20 17 24 19 17 18 9 21 5 22 17
split_gain=0.977126 0.642759 0.813348 0.949789 1.03214 0.771096 0.682537 0.654411 0.747526 0.615091 0.911037 0.589988 0.63787 0.575462 0.621184 0.957089 1.27728 0.606789 0.898269 0.710311 1.63263 1.11088 0.976458 0.767776 0.781816 0.801251 0.721598 0.906529 0.952747 0.902768
threshold=92.36462130000001 105343.71500000001 41.436500501884417 -2.4231427621431621e-05 10.799999999995636 104888.85740000001 88.688800000000015 34.584520718259334 -152.14498738477411 35.769791617301394 2.6700000000055302 1153.8211398768765 57.833469358301564 2365.0752763786736 0.003382892246309954 204.36957240990162 80.879999999997395 169.84228190000002 0.0018601031029194107 80.519999999996813 0.0017022348379991852 170.85724340000004 133.42500000000294 0.0018255598943483998 243.04499999999828 -0.012999672256888023 346.96999999999395 -0.0062348814660390392 456.21364925000006 0.003911772223671151
decision_type=2 2 2 2 2 2 2 2 2 2 2 2 2 2 2 2 2 2 2 2 2 2 2 2 2 2 2 2 2 2
left_child=1 2 3 9 -5 6 -4 -6 -9 10 -1 -3 -13 17 -15 16 -16 18 -2 -19 21 -21 -22 -24 25 -25 27 28 -27 -28
right_child=13 11 5 4 7 -7 -8 8 -10 -11 -12 12 -14 14 15 -17 -18 19 -20 20 22 -23 23 24 -26 26 29 -29 -30 -31
leaf_value=-1.7989337670713114e-05 8.569500970375127e-07 6.7275460399627887e-06 2.0854724670610435e-06 5.4032015981938946e-06 -1.7340639447213614e-05 -1.5867910820214395e-05 7.9574841876379835e-06 -6.2929371726436531e-05 -1.9273967127819371e-05 1.3731384940661877e-05 -6.0262269540167036e-06 1.092754395456331e-05 -3.0854173909652575e-05 1.0028928262649646e-05 -3.6574109043692647e-05 5.3263166127912421e-06 1.3127185019207886e-05 7.6907589584015079e-07 9.1760514987182688e-06 -3.2697314862102464e-05 -2.8690237344719278e-05 -1.7106476685330116e-05 1.7803708430604885e-05 1.6562676301606241e-05 5.2251615442657073e-06 -0.00021230084620456362 -1.7228559793591718e-05 -5.2420141522221493e-06 2.4758317287463165e-06 -0.00014374500932181968
leaf_weight=25 8305 2781 728 32 31 35 215 23 26 119 165 27 48 1055 38 339 37 8269 1317 20 27 428 276 120 664 35 97 3726 30 42
leaf_count=25 8305 2781 728 32 31 35 215 23 26 119 165 27 48 1055 38 339 37 8269 1317 20 27 428 276 120 664 35 97 3726 30 42
internal_value=0.000245874 0.000945946 6.79058e-05 -0.0017696 -0.00571429 0.000858896 0.00112937 -0.00875 -0.0123469 -0.000339806 -0.00210526 0.00137605 -0.003 0.000125881 0.00108577 -0.000555555 -0.00566667 6.5508e-05 0.000369986 -0.000147808 -0.000590119 -0.00348214 -0.000331871 -0.000280561 -0.000430632 -0.000691358 -0.000814249 -0.000684516 -0.00653846 -0.00435252
internal_weight=29080 4255 1399 421 112 978 943 80 49 309 190 2856 75 24825 1469 414 75 23356 9622 13734 5465 448 5017 4990 4714 4050 3930 3791 65 139
internal_count=29080 4255 1399 421 112 978 943 80 49 309 190 2856 75 24825 1469 414 75 23356 9622 13734 5465 448 5017 4990 4714 4050 3930 3791 65 139
is_linear=0
shrinkage=0.05


Tree=65
num_leaves=31
num_cat=0
split_feature=24 36 17 36 20 20 39 28 21 41 13 36 0 1 25 31 40 24 20 38 4 11 20 36 25 23 42 22 41 39
split_gain=0.863059 0.558682 0.615434 0.690042 1.1002 1.0864 1.29318 1.6333 1.70382 0.553576 0.75637 0.551469 0.920929 0.611746 0.688011 0.590285 1.5619 1.32009 0.871474 0.657511 0.744646 0.665875 0.604426 0.989583 1.08571 0.804762 0.581649 0.509609 1.42055 1.12876
threshold=92.36462130000001 2365.0752763786736 0.0014728474350438872 3150.1466007826025 74.500000000000014 17.355000000003205 478.38321428571311 900.55883384700439 62.605000000003209 49.821142594576521 0.0031732419911692038 1132.5902025124235 112329.01000000002 105343.71500000001 -1.166873583512021 104811.72720000001 -94.071814745584547 72.557487399999999 13.114999999997965 35.30303414253865 88.688800000000015 0.0036699676616932294 24.495000000002623 -308.77919153333636 2.3043271662638207 0.49015469444964982 -20.608397026309998 254.63750925000002 385.84047633799565 329.11285714285731
decision_type=2 2 2 2 2 2 2 2 2 2 2 2 2 2 2 2 2 2 2 2 2 2 2 2 2 2 2 2 2 2
left_child=11 27 -3 9 5 -5 7 8 -7 10 -4 13 -13 14 -1 19 -17 -18 -19 22 21 -21 26 24 25 -24 -16 28 -2 -30
right_child=1 2 3 4 -6 6 -8 -9 -10 -11 -12 12 -14 -15 15 16 17 18 -20 20 -22 -23 23 -25 -26 -27 -28 -29 29 -31
leaf_value=-2.0777266196059981e-05 1.4348526232858914e-06 -1.9334061078726137e-05 9.4936196197547006e-06 1.443886219101517e-05 1.2091611443211511e-05 5.8597817028971588e-06 1.5042597535559175e-05 -8.5280514334358263e-05 -4.9428823068839655e-05 1.5887062366835199e-05 -5.4323838602650044e-05 -3.6769777332139202e-05 8.2619506030350186e-07 6.3824868019731512e-06 4.825437295111045e-06 8.1093115383143785e-06 -3.6845115881519546e-05 -1.4993154891069079e-05 3.1832510962728444e-05 2.9955362668016269e-06 8.6541742295219388e-06 -1.2395983238834487e-05 -4.3443202950072083e-05 2.3205599264206237e-05 1.9333342766244254e-05 -0.00011882948055724345 -1.503751749708098e-05 -3.4405770125434061e-06 -3.2196514526256041e-05 2.6770657917449066e-05
leaf_weight=22 16885 26 66 117 296 57 33 22 39 788 25 20 59 2778 64 41 33 20 31 782 256 23 35 20 20 21 30 6327 98 46
leaf_count=22 16885 26 66 117 296 57 33 22 39 788 25 20 59 2778 64 41 33 20 31 782 256 23 35 20 20 21 30 6327 98 46
internal_value=0.000252751 0.00013998 0.00108577 0.00122315 -0.000141844 -0.00246269 -0.0052649 -0.00771186 -0.00489583 0.00209898 -0.00159341 0.000910693 -0.00322785 0.000988985 0.000135909 0.000276163 -0.003 -0.00690476 -0.00186274 0.000603517 0.0010886 0.000341615 -0.00210526 -0.00489583 -0.0075 -0.0110714 0.000744681 8.04934e-05 0.000222855 -0.00472222
internal_weight=29080 24825 1469 1443 564 268 151 118 96 879 91 4255 79 4176 1398 1376 125 84 51 1251 1061 805 190 96 76 56 94 23356 17029 144
internal_count=29080 24825 1469 1443 564 268 151 118 96 879 91 4255 79 4176 1398 1376 125 84 51 1251 1061 805 190 96 76 56 94 23356 17029 144
is_linear=0
shrinkage=0.05


Tree=66
num_leaves=31
num_cat=0
split_feature=24 36 36 0 4 13 7 16 36 18 9 22 5 4 25 19 19 36 19 16 35 9 19 21 17 24 7 38 19 32
split_gain=0.836941 0.777826 0.548341 0.920929 0.502352 0.952441 0.612374 1.3167 0.928159 0.606219 0.72335 0.929167 0.620736 0.595276 0.775598 0.800984 1.44709 0.873549 0.50962 0.503175 0.499221 0.484264 0.93374 1.57143 0.955102 1.49129 0.605694 0.487858 0.461262 0.46419
threshold=92.36462130000001 2365.0752763786736 1132.5902025124235 112329.01000000002 164.70938000000004 -0.006728307379204798 0.0023700712820798769 0.00094247707317274385 -289.36170615475561 138.87999999999741 0.0011749211048802499 39.4968225 0.0012284848901117633 30.258085000000005 0.16931184590108414 148.89499999999683 133.42500000000294 1.0000000180025095e-35 156.51999999999683 0.00061046737526644949 105020.47012500001 0.003382892246309954 407.03500000000355 10.464999999996509 0.0021534429805157396 243.12719750000002 -0.0052112057076556424 61.228028733293577 165.00499999999741 166.67660036521559
decision_type=2 2 2 2 2 2 2 2 2 2 2 2 2 2 2 2 2 2 2 2 2 2 2 2 2 2 2 2 2 2
left_child=2 -2 4 -4 5 -1 9 -8 -9 10 12 -12 19 -13 18 16 17 -16 -15 28 -20 26 23 -23 25 -25 -3 -24 29 -7
right_child=1 21 3 -5 -6 6 7 8 -10 -11 11 13 -14 14 15 -17 -18 -19 20 -21 -22 22 27 24 -26 -27 -28 -29 -30 -31
leaf_value=-4.1895506815044059e-05 3.301345211426918e-07 -4.3795729477104146e-05 -3.4931288465532238e-05 7.8488530728833145e-07 1.3537281259807012e-05 1.1873591720873281e-05 -4.4292528608084051e-05 -4.0215711452366069e-05 2.3111853513894733e-05 1.8912307357177708e-05 -3.6781829814940014e-05 -1.513481118660728e-05 -1.4581672964808047e-05 8.6232678327474628e-06 -1.1864108626715357e-05 6.0492650500023741e-06 -5.5209294758583013e-05 2.2750614333839645e-06 -2.6785959045220977e-05 3.661134493112935e-06 7.2905033736746509e-06 -4.5102991661769e-05 -5.0091612902006754e-05 1.9839503491147992e-05 1.2633986447292632e-05 -0.00017876479465543148 9.5894547606729859e-06 1.4989059431287474e-05 -1.5886961594236719e-05 -2.1819121935548979e-06
leaf_weight=31 23356 37 20 59 295 550 21 21 67 195 22 28 26 244 35 80 27 44 22 2357 28 22 26 27 103 24 1018 212 20 63
leaf_count=31 23356 37 20 59 295 550 21 21 67 195 22 28 26 244 35 80 27 44 22 2357 28 22 26 27 103 24 1018 212 20 63
internal_value=0.000251032 0.00013998 0.000898943 -0.00322785 0.000977012 0.000825818 0.000896104 -0.00279816 -0.000113636 0.00100374 0.000854484 -0.000849056 0.00115385 -0.000413386 1.86265e-10 -0.00252688 -0.00537736 -0.00196203 0.00159864 0.00122074 -0.003 0.00125596 -0.000193237 -0.00295455 -0.00116883 -0.00676471 0.00182464 0.00184874 0.00247235 0.00271615
internal_weight=29080 24825 4255 79 4176 3881 3850 109 88 3741 3546 530 3016 508 480 186 106 79 294 2990 50 1469 414 176 154 51 1055 238 633 613
internal_count=29080 24825 4255 79 4176 3881 3850 109 88 3741 3546 530 3016 508 480 186 106 79 294 2990 50 1469 414 176 154 51 1055 238 633 613
is_linear=0
shrinkage=0.05


Tree=67
num_leaves=31
num_cat=0
split_feature=24 25 36 17 4 13 41 22 9 18 36 4 2 16 23 38 16 38 28 42 31 9 42 41 22 41 17 21 38 19
split_gain=0.859299 0.804273 0.654815 0.626473 0.550217 0.611546 0.547234 0.849356 1.6461 1.27538 0.648392 0.876175 0.55593 0.517775 0.526544 1.32591 0.966376 0.929418 0.50721 0.611659 0.5168 0.63146 0.903099 1.02407 0.998454 1.964 0.857566 0.760976 0.596185 1.53628
threshold=92.36462130000001 5.5093404168862543 2365.0752763786736 0.0014728474350438872 167.51224500000004 -0.0069094476463038498 65.230803418415462 415.15676625000009 0.0036791528107567311 -72.715000000003769 3150.1466007826025 155.09079000000003 122098.88500000002 0.00056696583057151446 -0.95811072843856304 65.092862030637988 0.00091503047628465977 34.829328735305758 472.07667104446597 55.410997179925239 107781.398 -7.4939714060305956e-05 1.7000893720261658 -51.600638413461809 67.652976500000008 58.165006109222738 0.0010301047336702923 40.54000000000088 46.149926974487322 77.275000000001469
decision_type=2 2 2 2 2 2 2 2 2 2 2 2 2 2 2 2 2 2 2 2 2 2 2 2 2 2 2 2 2 2
left_child=1 4 -2 -4 5 -1 7 8 9 -5 -8 -12 -13 -7 15 17 -17 -15 19 20 21 28 23 27 -25 26 -26 -23 29 -16
right_child=2 -3 3 6 -6 13 10 -9 -10 -11 11 12 -14 14 18 16 -18 -19 -20 -21 -22 22 -24 24 25 -27 -28 -29 -30 -31
leaf_value=-6.2928584215513861e-05 3.1362779508555687e-07 -2.6782279035135047e-05 -1.9359333199347235e-05 -6.28289591071975e-05 1.3632728170069216e-05 8.889253589367508e-06 1.4223686517577433e-05 4.1244653361499255e-05 -0.00014029152858533882 3.3652866992227389e-05 -2.2350011471797651e-05 4.0305437178650212e-06 -2.8293905103576331e-05 -3.5725025286570446e-05 -1.2617834182222682e-05 -2.3580707546179782e-06 -4.2413517316582924e-05 1.2119621781850782e-06 -2.8968462116625329e-05 1.4554952660497098e-05 5.9854149656600677e-06 5.4376099087355441e-06 1.6978719039402097e-06 -1.1190442252463493e-05 -1.3443204231345087e-05 1.1975224297581163e-05 -6.1120110916293048e-05 -7.5936333027816347e-06 1.131137600404884e-05 5.7895686461295084e-06
leaf_weight=25 23356 22 26 27 285 521 772 36 21 59 20 475 33 24 48 21 20 309 21 88 1576 52 416 109 21 30 23 30 297 317
leaf_count=25 23356 22 26 27 285 521 772 36 21 59 20 475 33 24 48 21 20 309 21 88 1576 52 416 109 21 30 23 30 297 317
internal_value=0.000242435 0.000898943 0.00012991 0.00115385 0.0009485 0.00079534 0.00129245 -0.00164336 -0.0038785 -0.000813953 0.00161538 0.000265152 0.000669292 0.000845017 0.000620224 -0.00114973 -0.00963415 -0.000105105 0.000838838 0.000892917 0.000769099 4.83993e-05 -0.00102056 -0.00330189 -0.00538251 -0.00986486 -0.0165909 0.00134146 0.00114804 -0.000205479
internal_weight=29080 4255 24825 1469 4233 3948 1443 143 107 86 1300 528 508 3923 3402 374 41 333 3028 3007 2919 1343 681 265 183 74 44 82 662 365
internal_count=29080 4255 24825 1469 4233 3948 1443 143 107 86 1300 528 508 3923 3402 374 41 333 3028 3007 2919 1343 681 265 183 74 44 82 662 365
is_linear=0
shrinkage=0.05


Tree=68
num_leaves=31
num_cat=0
split_feature=24 36 32 1 13 1 1 9 21 9 28 38 25 19 23 36 20 24 20 1 15 15 21 17 24 17 4 21 35 9
split_gain=0.863806 0.747526 0.671511 0.779538 0.704981 0.59026 0.844587 0.694959 0.618979 0.823399 1.35095 0.932458 1.53725 1.6 1.10024 0.588768 0.704568 1.03145 0.751788 0.662847 0.732833 0.907981 0.613932 0.603623 0.603175 0.825734 0.720936 0.783399 0.539438 0.595336
threshold=92.36462130000001 2365.0752763786736 671.34130796899274 109751.91500000002 0.0038260992495251314 84026.960000000006 83518.735000000015 0.0004284930059142384 24.044999999998257 0.001325250771727718 -66.30464557188678 55.446395498882246 0.5298683642068317 195.43499999999042 -0.56109062140074306 3150.1466007826025 74.500000000000014 931.30062170000008 62.224999999998552 109751.91500000002 0.0013992214400435864 0.0011735622879546612 267.8300000000018 0.0019595527938714012 388.58049990000012 0.0028661121072975854 170.43855500000004 34.670000000005537 90572.97162500002 -2.4231427621431621e-05
decision_type=2 2 2 2 2 2 2 2 2 2 2 2 2 2 2 2 2 2 2 2 2 2 2 2 2 2 2 2 2 2
left_child=2 -2 4 -4 5 6 7 -1 -7 28 -11 -12 14 -14 -13 19 18 -18 24 20 21 -3 23 -22 25 26 -17 -28 29 -10
right_child=1 15 3 -5 -6 8 -8 -9 9 10 11 12 13 -15 -16 16 17 -19 -20 -21 22 -23 -24 -25 -26 -27 27 -29 -30 -31
leaf_value=7.1042633868889321e-06 2.9794640533128202e-07 1.0230159105980586e-05 -3.1949306827551155e-05 1.0706543142493115e-06 1.0295693180962128e-05 5.6125943016410716e-06 -5.1699181693763992e-05 -1.9924123170142083e-05 1.4171645425183847e-06 -6.6955484803361923e-05 6.6286307069232589e-06 -1.8130221144986161e-05 -4.2358657053773596e-05 -1.6847812729128222e-05 1.1115871312308182e-05 -1.9164516367467771e-05 2.0391368000663635e-05 -3.6959381591612722e-05 -4.9603463841055733e-05 1.4852217376506167e-05 -4.192557449091519e-05 -5.3595944214206582e-05 -0.00028456140696164208 1.5352102081371549e-05 1.265113186554173e-05 -8.1633463371328892e-05 -8.1080058679724589e-05 2.61441486053179e-05 3.8811358460198509e-06 -1.6653785505395691e-05
leaf_weight=53 23356 29 20 31 347 2086 30 25 115 20 110 20 20 20 48 20 269 28 27 456 23 28 28 340 108 24 25 64 1245 65
leaf_count=53 23356 29 20 31 347 2086 30 25 115 20 110 20 20 20 48 20 269 28 27 456 23 28 28 340 108 24 25 64 1245 65
internal_value=0.000240715 0.000127895 0.000898943 -0.00480392 0.000968126 0.000773918 -0.00287037 -0.000128205 0.000878901 0.000159351 -0.00256302 -0.00142202 -0.00472222 -0.0125 -0.000147059 0.00122192 -4.42476e-05 0.001633 -0.00190298 0.00201327 0.000647322 -0.00464912 0.00141944 0.0019697 -0.0010166 -0.00327068 -0.00142202 0.000505618 0.000614035 -0.00194444
internal_weight=29080 24825 4255 51 4204 3857 108 78 3749 1663 238 218 108 40 68 1469 565 297 268 904 448 57 391 363 241 133 109 89 1425 180
internal_count=29080 24825 4255 51 4204 3857 108 78 3749 1663 238 218 108 40 68 1469 565 297 268 904 448 57 391 363 241 133 109 89 1425 180
is_linear=0
shrinkage=0.05


Tree=69
num_leaves=31
num_cat=0
split_feature=17 20 36 22 41 15 15 39 21 42 13 15 27 25 9 16 7 23 16 34 13 17 35 41 40 24 39 21 16 25
split_gain=0.911304 0.770379 0.619248 0.585523 1.24805 1.04712 0.800316 1.03628 0.9 0.731529 1.45965 2.03414 1.59885 0.879479 0.788387 1.188 1.17761 0.91595 0.894742 1.00017 1.45433 0.854824 0.674058 0.669812 0.807807 0.874744 0.786253 0.779817 0.813407 0.752944
threshold=0.00068870724566153971 1.0000000180025095e-35 2365.0752763786736 254.63750925000002 385.84047633799565 0.0015993072363766955 0.0018447706237181456 329.11285714285731 31.205000000009026 0.5681493904986753 0.0036658893917593137 0.002820892143461914 107387.09600000003 -0.25259392855087115 0.0036791528107567311 0.0027348132964638227 0.0018316469592474555 3.7500087455715119 0.0047517199045528707 85498.800245252729 -0.012328542830820285 0.002177575430049252 89496.096675000023 258.50682960310093 423.6297623247811 169.84228190000002 468.59607142857209 63.680000000000298 0.00065201543662396771 -1.0775377759339906
decision_type=2 2 2 2 2 2 2 2 2 2 2 2 2 2 2 2 2 2 2 2 2 2 2 2 2 2 2 2 2 2
left_child=1 -1 3 4 23 -6 -7 8 -8 10 14 12 13 -12 17 16 -16 -5 -17 -20 -21 -18 -13 26 -25 -26 27 29 -29 -2
right_child=2 -3 -4 9 5 6 7 -9 -10 -11 11 22 -14 -15 15 18 21 -19 19 20 -22 -23 -24 24 25 -27 -28 28 -30 -31
leaf_value=1.2974380466707804e-05 -2.3082119370886392e-06 1.8572090881448758e-06 4.633108473726985e-06 -1.9461150910062834e-06 -2.2183892553990377e-05 3.6979815858322415e-05 -2.1793705154322211e-05 2.6837237296774401e-05 -9.9830749651399196e-05 9.5373044503643881e-07 -0.00015230522772368858 -5.8724039099139808e-05 1.3810054961493222e-06 -7.5392777399723831e-05 -3.4421863415288716e-05 4.5712414118835629e-06 -2.3632203566533107e-05 -0.00013402733274745185 2.7424586403022803e-05 -6.6073339466312078e-05 -6.5989879229286227e-05 1.6644124930265672e-05 3.4396472271213152e-05 1.4060642951391351e-05 1.9203218579870609e-05 -8.5366651717871058e-05 4.0328853658594616e-05 -2.0364511312029778e-05 -9.6807619436943208e-07 2.3353857659648544e-06
leaf_weight=160 631 645 1469 2666 40 31 20 33 20 3140 33 44 22 26 25 164 34 28 24 32 20 31 38 696 27 20 159 35 6062 12705
leaf_count=160 631 645 1469 2666 40 31 20 33 20 3140 33 44 22 26 25 164 34 28 24 32 20 31 38 696 27 20 159 35 6062 12705
internal_value=0.000235557 0.00189441 0.000188329 0.000133552 0.000263441 -0.004375 -0.00173077 -0.00458904 -0.01 -0.000286866 -0.000820521 -0.00542945 -0.0110494 -0.015339 -0.00057209 -0.00287879 -0.00777778 -0.000289532 -0.00104167 -0.00552632 -0.00942308 -0.00423077 0.000121951 0.000296287 0.00176985 -0.00457447 0.000240404 0.000211753 -0.000256683 0.000425915
internal_weight=29080 805 28275 26806 20479 144 104 73 40 6327 3187 163 81 59 3024 330 90 2694 240 76 52 65 82 20335 743 47 19592 19433 6097 13336
internal_count=29080 805 28275 26806 20479 144 104 73 40 6327 3187 163 81 59 3024 330 90 2694 240 76 52 65 82 20335 743 47 19592 19433 6097 13336
is_linear=0
shrinkage=0.05


Tree=70
num_leaves=31
num_cat=0
split_feature=17 38 20 36 24 20 7 0 25 41 40 20 7 7 38 13 22 21 19 19 16 41 21 11 25 36 42 1 20 17
split_gain=0.806363 0.741912 0.540509 0.486976 0.605345 0.557905 1.35267 0.952985 1.11725 1.30918 1.9871 1.1995 0.935086 0.638291 0.577373 0.930458 1.44666 0.559359 0.839566 0.542025 0.612128 1.05203 1.52111 0.791929 1.15796 0.941101 1.26613 1.30662 0.534216 1.08282
threshold=0.00068870724566153971 21.513909781110168 1.0000000180025095e-35 2365.0752763786736 169.84228190000002 67.315000000009618 -0.0024048383289092339 83121.170000000013 1.0303238651541289 -100.36540971010399 49.85522349138774 99.15499999999885 -0.0031055416946257556 -0.0026899593393398557 18.745812057781446 -0.011735016792162056 188.98371425000002 209.94999999999712 526.87000000000273 679.54499999999837 0.0010622574741973089 -122.53687487935038 32.544999999998261 0.00016437524228609673 -0.63787959843732478 593.63508669981104 18.212232997341324 109988.73500000002 80.519999999996813 0.0016965829003977521
decision_type=2 2 2 2 2 2 2 2 2 2 2 2 2 2 2 2 2 2 2 2 2 2 2 2 2 2 2 2 2 2
left_child=1 -1 -3 4 5 14 7 -7 9 -9 11 -11 -13 -12 -2 16 -16 19 -19 20 21 22 -8 -23 -25 -26 27 -27 -6 -30
right_child=3 2 -4 -5 28 6 17 8 -10 10 13 12 -14 -15 15 -17 -18 18 -20 -21 -22 23 -24 24 25 26 -28 -29 29 -31
leaf_value=-9.9462686283967325e-06 2.4587656326389758e-05 1.2603015377266725e-05 2.5690434120545441e-06 4.401453050040638e-06 8.9646790644247133e-07 -6.4828719341335667e-05 -3.313086480783893e-05 8.2493914289211232e-05 1.409028013350979e-05 -5.0585913735040658e-05 2.798231992796577e-05 -8.6255293327395122e-05 -0.00011420926037584495 -1.2550207005417236e-05 -0.00014287980847819086 8.6691918468252574e-07 2.6678413146528861e-05 -3.0198063717159473e-05 2.3012727001594561e-05 -1.4968369385182601e-05 1.218126919853405e-05 1.1354513552524855e-05 1.0779365766538674e-05 -2.2944428698777089e-05 6.0992637951402732e-06 -6.6735040656447627e-05 1.5929454315214897e-05 -6.014748404726224e-06 -2.2769890249649154e-05 -2.4424987187619143e-06
leaf_weight=26 115 156 623 1469 8269 20 20 33 175 36 51 23 20 20 29 9685 23 32 35 44 2092 301 25 24 178 20 50 21 430 5035
leaf_count=26 115 156 623 1469 8269 20 20 33 175 36 51 23 20 20 29 9685 23 32 35 44 2092 301 25 24 178 20 50 21 430 5035
internal_value=0.000209766 0.00177019 0.0020475 0.000165341 0.000116765 0.000360312 0.000931677 -0.00187831 -0.00128492 -0.00401639 -0.006 -0.0114557 -0.017093 7.04227e-05 0.000173569 0.000131971 -0.00653846 0.00130542 -0.00320895 0.00141441 0.00150311 0.00014867 -0.00722222 0.000707071 -0.00114334 -0.000204461 -0.00434066 -0.0108537 -0.000115043 -0.000498627
internal_weight=29080 805 779 28275 26806 13072 3220 378 358 183 150 79 43 71 9852 9737 52 2842 67 2775 2731 639 45 594 293 269 91 41 13734 5465
internal_count=29080 805 779 28275 26806 13072 3220 378 358 183 150 79 43 71 9852 9737 52 2842 67 2775 2731 639 45 594 293 269 91 41 13734 5465
is_linear=0
shrinkage=0.05


Tree=71
num_leaves=31
num_cat=0
split_feature=17 25 11 9 7 38 22 18 39 42 42 20 7 7 4 19 7 19 16 17 11 36 28 36 5 38 16 39 24 3
split_gain=0.684723 0.539939 0.805885 1.21884 0.714583 0.667566 0.520833 0.476069 0.990942 0.89785 1.37933 1.05058 1.00848 1.25445 1.20373 0.948772 0.873473 1.09147 0.789831 1.17583 0.788479 0.724297 1.0651 0.942966 1.24905 1.43027 1.03349 0.741369 1.31955 0.716458
threshold=0.00068870724566153971 4.8096567391556677 -0.002565627975136459 -0.0067661850377810353 -0.013299002582065808 75.797071228208594 199.16608700000003 -7.0650000000023274 319.12857142857013 77.283618874077362 65.921023658983827 8.1949999999997107 -0.0015116724939330448 0.0011468839083914361 279.68111500000003 313.3300000000018 -0.0005999380292377864 64.815000000002343 0.0055548126997169078 0.005467652514390465 -0.00084702643355412247 921.24802318726881 578.3297097732576 712.04692263875052 0.00078008669051725344 48.782567726673172 0.0012750469036543653 445.37642857142845 257.11269470000008 112328.41500000002
decision_type=2 2 2 2 2 2 2 2 2 2 2 2 2 2 2 2 2 2 2 2 2 2 2 2 2 2 2 2 2 2
left_child=-1 7 3 4 -3 -4 -7 8 -2 10 29 -12 14 15 -13 -14 17 20 21 -20 -9 22 23 -19 26 -26 -25 -23 -29 -10
right_child=1 2 5 -5 -6 6 -8 16 9 -11 11 12 13 -15 -16 -17 -18 18 19 -21 -22 27 -24 24 25 -27 -28 28 -30 -31
leaf_value=4.9820819971986944e-06 3.4550202311159344e-06 -0.00017903328950889488 2.1923711025044479e-05 -5.3026465228988034e-05 7.1309260574848433e-05 -3.43936965195559e-05 1.162993123328524e-05 -4.7565422065271197e-06 -8.0775230510599827e-06 9.1653553007758996e-06 6.2160004668956412e-05 3.6290524782375582e-05 -1.5009225868250159e-05 -3.0203147165404775e-06 -0.00011464706732365745 -9.9431039406679502e-05 7.5626342025610734e-07 -4.7184330796940468e-06 -0.00030096661179603934 -1.2493704282492349e-06 -2.7331053824766262e-05 7.0934271427196334e-06 -0.00015827064452612321 -1.9337961445439177e-05 -6.9380021861588284e-06 -0.00010933512435373012 2.8356070452164906e-05 -9.9482031757736652e-05 9.8284868609496317e-06 6.4751625979343494e-06
leaf_weight=805 9017 28 79 32 32 24 24 23 2713 908 23 39 25 30 22 32 12100 1678 34 40 26 414 20 20 28 21 42 21 57 723
leaf_count=805 9017 28 79 32 32 24 24 23 2713 908 23 39 25 30 22 32 12100 1678 34 40 26 414 20 20 28 21 42 21 57 723
internal_value=0.000208047 0.000167109 -0.00230594 -0.00586956 -0.00166667 0.000275591 -0.004375 0.000186413 0.000399793 -0.000204872 -0.000558636 -0.00494152 -0.00648649 -0.00994253 -0.00155738 -0.0142982 -1.23931e-05 -0.000878713 -0.000726316 -0.00581081 -0.00826531 -0.000562799 -0.00102543 -0.000897149 -0.00536036 -0.0113265 -0.000645161 0.00113821 -0.00333333 -0.000340512
internal_weight=29080 28275 219 92 60 127 48 28056 13532 4515 3607 171 148 87 61 57 14524 2424 2375 74 49 2301 1809 1789 111 49 62 492 78 3436
internal_count=29080 28275 219 92 60 127 48 28056 13532 4515 3607 171 148 87 61 57 14524 2424 2375 74 49 2301 1809 1789 111 49 62 492 78 3436
is_linear=0
shrinkage=0.05


Tree=72
num_leaves=31
num_cat=0
split_feature=24 23 42 9 13 42 0 42 39 16 21 25 39 17 7 11 25 41 25 19 36 1 19 24 32 25 40 36 36 5
split_gain=0.734392 0.59705 0.527503 1.15257 1.24793 1.75327 0.958923 0.813358 1.7455 2.75238 0.707973 0.774339 0.693815 0.700096 0.605804 0.569634 0.571729 1.94803 0.879971 0.556704 0.588112 0.978651 1.143 0.663042 0.613609 0.626259 0.546032 0.527011 0.619283 1.38271
threshold=92.36462130000001 0.08482721070900219 -37.947606774574766 -0.0061369196041580606 -0.00028928289252970745 16.859249372630696 110445.87000000001 -29.264624043714029 323.15071428571338 0.0023346898217033413 44.255000000004664 -0.22934135008759418 222.06428571428532 0.0016436448026116628 0.0070901925409763032 -0.0010872749302134632 4.8096567391556677 -38.184746619197696 1.7652380894949895 119.11999999999536 742.17277032407594 116361.85000000002 376.89500000000413 133.55316730000004 145.98128804862793 -0.31355426541949832 -124.7538278065549 2116.6003501559248 4489.8866718600775 -0.00072963332822497718
decision_type=2 2 2 2 2 2 2 2 2 2 2 2 2 2 2 2 2 2 2 2 2 2 2 2 2 2 2 2 2 2
left_child=-1 27 14 4 6 -6 -4 8 10 -10 -5 -12 26 -14 15 16 18 -18 19 -3 24 23 -23 -22 25 -21 -13 -2 -29 -30
right_child=1 2 3 7 5 -7 -8 -9 9 -11 11 12 13 -15 -16 -17 17 -19 -20 20 21 22 -24 -25 -26 -27 -28 28 29 -31
leaf_value=2.1789677486161022e-06 1.0059526752443516e-06 -2.6119145766506421e-05 1.9518506430307712e-05 1.2269378186567465e-05 -0.00016363417727240291 -0.00018146873147301704 -0.00015060852755046763 -1.1538542013115822e-06 -8.7972219291681416e-05 4.1937631395345535e-05 -5.2091723195415859e-05 -4.7588081302538235e-05 -4.9291467336697742e-05 -2.4301373673372991e-06 -6.9922739326731427e-05 1.8777153135668873e-05 2.39426849745871e-05 -0.00017153156123824706 1.5533053308155272e-05 1.6654440220280591e-05 -1.6259598225937607e-06 -5.8051900419979588e-05 7.6738055772313318e-06 3.0519372086659935e-05 -4.7536578537730167e-05 -6.6194160752829341e-06 2.7937212033318658e-05 8.2413592071444601e-06 -3.1605425032866568e-05 1.1455669573595414e-05
leaf_weight=4255 15293 23 93 100 20 38 22 5083 28 20 24 20 27 34 36 284 46 24 664 81 28 33 30 206 32 1212 43 1208 21 52
leaf_count=4255 15293 23 93 100 20 38 22 5083 28 20 24 20 27 34 36 284 46 24 664 81 28 33 30 206 32 1212 43 1208 21 52
internal_value=0.000209766 0.00010574 -0.000241789 -0.000520533 -0.00453757 -0.0105172 -0.00152174 -0.000391336 -0.00293919 -0.0116667 -0.00125 -0.00344595 -0.00185484 -0.00565574 0.000331604 0.000418701 0.000166036 -0.00428571 0.000300996 -0.000319149 -0.000209618 0.00180135 -0.00373016 0.0032906 -0.000660377 -0.000491106 0.0018254 0.00027875 0.00125293 -0.00321918
internal_weight=29080 24825 8251 5552 173 58 115 5379 296 48 248 148 124 61 2699 2663 2379 70 2309 1645 1622 297 63 234 1325 1293 63 16574 1281 73
internal_count=29080 24825 8251 5552 173 58 115 5379 296 48 248 148 124 61 2699 2663 2379 70 2309 1645 1622 297 63 234 1325 1293 63 16574 1281 73
is_linear=0
shrinkage=0.05


Tree=73
num_leaves=31
num_cat=0
split_feature=24 36 20 16 36 22 23 23 19 25 19 20 32 11 5 11 7 38 19 7 16 21 20 9 0 7 30 7 38 42
split_gain=0.628252 0.57788 0.654141 1.32675 0.531379 0.798704 0.498378 1.08874 0.964783 0.926244 1.12384 1.39993 0.691556 0.791575 1.75483 0.896376 0.646639 1.76869 1.15273 0.567973 1.31364 0.565864 1.38446 2.5473 0.889314 0.869028 1.28464 1.01532 0.951895 1.25962
threshold=92.36462130000001 2365.0752763786736 364.24500000000268 0.003343185391430963 2776.8623996754618 197.66668250000004 -0.4742776929735672 -0.67196410014908603 765.24500000000273 -0.91335193432778816 184.52999999999159 6.3199999999997098 404.97488103598158 -0.0047628645411849314 -0.0011140508734658009 -0.0031910362506351033 0.0051808885981957861 46.49977445100145 415.50500000000471 -0.0049567024820005171 0.0040144754430608848 11.534999999996218 44.370000000002626 0.001325250771727718 116831.84500000002 0.00172160791872993 80852.855488805726 0.00059170731656102025 66.466554304159501 49.113208490503702
decision_type=2 2 2 2 2 2 2 2 2 2 2 2 2 2 2 2 2 2 2 2 2 2 2 2 2 2 2 2 2 2
left_child=-1 6 4 -4 -3 -6 7 12 9 10 11 -9 16 14 -14 -15 19 18 -18 20 -2 22 24 -24 -17 26 -23 -28 -29 -30
right_child=1 2 3 -5 5 -7 -8 8 -10 -11 -12 -13 13 15 -16 21 17 -19 -20 -21 -22 25 23 -25 -26 -27 27 28 29 -31
leaf_value=2.0700193611852913e-06 -5.1036258910982583e-05 1.2069921254568222e-05 5.6340602426228144e-05 -5.848805036187383e-05 -2.6858032510172064e-05 2.2920765190281716e-06 -4.9808663570632379e-07 1.2588925846786487e-05 -0.00011126461687376143 7.1796403577740971e-06 2.3996695819530797e-05 -3.822956236313901e-05 2.5387623513735918e-05 3.335730547732414e-05 -7.6332751245401215e-05 4.2429364266326399e-06 -0.00010510273264100736 3.0438747346561856e-05 -4.7814832107957869e-05 1.4382600063910334e-06 4.5279689752573177e-05 -2.3524424640244436e-05 -9.9718320332638673e-06 -7.8706735602847774e-05 -2.4359845837950569e-05 1.1596369290020235e-05 3.4383038545615803e-06 -5.6614179624481375e-06 -4.2858406605887681e-05 1.4567162747442231e-07
leaf_weight=4255 20 556 25 21 27 840 13386 20 26 2862 51 37 27 64 22 146 23 46 20 5413 44 22 93 44 26 221 520 148 46 29
leaf_count=4255 20 556 25 21 27 840 13386 20 26 2862 51 37 27 64 22 146 23 46 20 5413 44 22 93 44 26 221 520 148 46 29
internal_value=0.000220083 0.000123867 0.00108577 -0.00478261 0.00127547 0.00050173 6.33672e-05 0.000330993 0.00112817 0.00121212 -0.00333333 -0.00815789 -1.1471e-05 -0.00100142 -0.0072449 -0.000776306 0.000238951 -0.00398876 -0.0112791 0.00030765 -0.004375 -0.00106178 -0.0029288 -0.00667883 5.81397e-05 -0.000476673 -0.00127451 -0.000921938 -0.00374439 -0.00833333
internal_weight=29080 24825 1469 46 1423 867 23356 9970 2996 2970 108 57 6974 1408 49 1359 5566 89 43 5477 64 1295 309 137 172 986 765 743 223 75
internal_count=29080 24825 1469 46 1423 867 23356 9970 2996 2970 108 57 6974 1408 49 1359 5566 89 43 5477 64 1295 309 137 172 986 765 743 223 75
is_linear=0
shrinkage=0.05


Tree=74
num_leaves=31
num_cat=0
split_feature=24 36 36 9 4 23 38 15 15 38 19 38 28 5 13 7 36 22 18 7 36 17 41 22 11 13 15 21 13 38
split_gain=0.524508 0.580302 0.503472 0.587301 1.21969 0.493815 1.13324 0.749471 0.887109 1.82039 2.35111 1.07853 0.979104 0.710099 0.482336 0.962704 0.52435 0.497531 0.816658 1.98148 0.68997 0.672791 0.625435 0.580499 0.923913 1.37982 0.550373 0.484132 0.47885 0.876876
threshold=92.36462130000001 2365.0752763786736 2776.8623996754618 -0.0029092944934625904 204.30223500000002 -0.95811072843856304 70.097482470865543 0.0006407687955252892 0.00093064986535267718 55.078961576995184 70.125000000000014 41.436500501884417 -19.725263636035375 -0.00017195112142310076 -0.006728307379204798 -0.0011914908022761378 -1237.3325619287859 75.053080500000007 -147.04499999999823 -0.001139772246451777 1478.1255326446774 0.00064390101192346395 141.17154132023501 86.248599000000013 -0.00013008743171760053 0.0039919121000994229 0.0015406851621796122 62.605000000003209 -0.000844904760329663 46.149926974487322
decision_type=2 2 2 2 2 2 2 2 2 2 2 2 2 2 2 2 2 2 2 2 2 2 2 2 2 2 2 2 2 2
left_child=5 -2 3 4 -3 6 7 -1 9 12 -11 -10 13 -9 15 -7 -16 18 19 27 21 -19 -23 -24 -25 -26 -20 -18 -4 -30
right_child=1 2 28 -5 -6 14 -8 8 11 10 -12 -13 -14 -15 16 -17 17 20 26 -21 -22 22 23 24 25 -27 -28 -29 29 -31
leaf_value=1.2830583207930865e-05 2.9891541863919958e-07 -3.6582199137962532e-05 1.3507996061190088e-05 1.2725125664495095e-05 4.9179169319736967e-05 8.9333473744693187e-06 -1.0373921660257242e-05 5.056234486912229e-06 -1.234781647399194e-05 1.0865632946719649e-05 -5.7430908819822151e-05 8.1678449040287206e-06 1.8785771488134933e-05 -3.5801702197004737e-05 -7.6555458725464652e-06 -4.0700132224353279e-05 9.5979571657815147e-06 -6.1879015791133114e-06 2.5575326489585342e-06 -9.189563076372661e-05 -1.0015489324150479e-05 8.2582609512280599e-06 9.2434654339314313e-06 1.4254981244257173e-05 -2.7054675473938904e-05 -2.7769259592594559e-07 -3.5528336004526322e-05 -1.8037218631632401e-05 -8.6812276925323271e-05 2.7220317536336839e-07
leaf_weight=134 23356 20 161 504 41 38 20 30 29 20 25 95 53 28 21 20 57 35 2124 23 20 1315 28 41 23 34 20 22 24 719
leaf_count=134 23356 20 161 504 41 38 20 30 29 20 25 95 53 28 21 20 57 35 2124 23 20 1315 28 41 23 34 20 22 24 719
internal_value=0.000209766 0.000121853 0.00108577 0.00225664 -0.00237705 0.000722679 -0.000875576 -0.000314009 -0.00178571 -0.00429487 -0.0127778 0.00137097 -0.000855856 -0.00534483 0.000904214 -0.00362069 0.000973957 0.00101817 0.00054764 -0.00382353 0.0017246 0.00184959 0.00201596 -0.00134921 -0.00316327 -0.0072807 0.000755597 -6.3291e-05 0.000353982 -0.000181696
internal_weight=29080 24825 1469 565 61 4255 434 414 280 156 45 124 111 58 3821 58 3763 3742 2246 102 1496 1476 1441 126 98 57 2144 79 904 743
internal_count=29080 24825 1469 565 61 4255 434 414 280 156 45 124 111 58 3821 58 3763 3742 2246 102 1496 1476 1441 126 98 57 2144 79 904 743
is_linear=0
shrinkage=0.05


Tree=75
num_leaves=31
num_cat=0
split_feature=24 20 23 11 42 11 19 36 7 21 20 34 21 21 39 11 21 5 21 42 38 5 38 20 38 9 42 9 25 0
split_gain=0.649097 0.569616 0.518563 0.580771 0.621123 1.06561 0.550366 0.522864 0.600485 0.55764 0.798156 0.775092 0.918193 1.3602 0.857607 1.2398 0.708902 0.625 0.512458 0.495087 0.942382 1.0738 1.05195 0.799396 0.757467 0.979172 1.65669 0.653919 1.0321 1.51231
threshold=50.510041200000011 1.0000000180025095e-35 3.7500087455715119 -0.014893677606325957 52.183395261827428 0.010609876583135685 526.87000000000273 2181.0024910696379 0.0022758051138924719 70.560000000004962 189.60500000000323 113987.21786985225 51.084999999999134 11.1449999999968 292.86821428571426 0.011364748085650028 267.8300000000018 0.0024062259789571715 40.044999999998261 9.1777986699570491 69.168552463382824 0.0008915739039632454 72.315267201749165 25.375000000000004 76.464063538137864 -0.00052914886669583783 94.844457021578179 -0.0056695107290832157 0.56906392356427538 91843.98000000001
decision_type=2 2 2 2 2 2 2 2 2 2 2 2 2 2 2 2 2 2 2 2 2 2 2 2 2 2 2 2 2 2
left_child=1 -1 7 -4 6 -6 18 19 -9 10 11 12 13 14 -10 -16 -11 -14 -5 20 -2 23 -23 -22 27 26 -26 28 -21 -30
right_child=2 -3 3 4 5 -7 -8 8 9 16 -12 -13 17 -15 15 -17 -18 -19 -20 24 21 22 -24 -25 25 -27 -28 -29 29 -31
leaf_value=9.8278195768498468e-06 -5.5252645407429354e-08 4.2694804360771149e-06 -0.00012329812567649564 1.6141690192248081e-05 -2.9529279754092103e-05 2.0127080965214692e-05 2.9641890910794949e-05 7.1754915321555088e-06 -3.1890028208639663e-06 1.39217813612129e-05 4.6643630989660411e-05 2.1024253154104264e-05 -0.00016415705376711994 1.9899047971606156e-05 -7.5779122329416623e-05 -1.7601343077221108e-05 -0.00011646053801435048 -1.3984499526487234e-05 -3.6643913252738259e-05 -3.9422387612866644e-06 -2.4168160579412234e-05 -1.6845936300846176e-05 -9.8323152239863267e-05 1.5971917449777319e-05 -1.1933213221680369e-05 -1.6763221098298865e-06 -6.9345454402959861e-05 2.6162234496845698e-06 -0.0002782332365216855 -1.232002700304822e-05
leaf_weight=116 15012 459 24 28 24 25 89 1267 28 201 48 45 20 72 28 21 34 20 31 142 40 28 22 53 43 850 25 10238 21 26
leaf_count=116 15012 459 24 28 24 25 89 1267 28 201 48 45 20 72 28 21 34 20 31 142 40 28 22 53 43 850 25 10238 21 26
internal_value=0.000206328 0.00186957 0.000172777 -0.00223982 -0.00134518 -0.00622449 0.00027027 0.000191628 0.00102018 -0.000415861 -0.00191489 -0.00311966 -0.00452381 -0.00271812 -0.00733766 -0.0113265 0.00138298 -0.01125 -0.00347458 0.000135849 -5.11381e-05 -0.00409091 -0.01 -0.000913978 0.000385633 -0.000991285 -0.00676471 0.000506857 -0.00240741 -0.00882979
internal_weight=29080 575 28505 221 197 49 148 28284 1784 517 282 234 189 149 77 49 235 40 59 26500 15155 143 50 93 11345 918 68 10427 189 47
internal_count=29080 575 28505 221 197 49 148 28284 1784 517 282 234 189 149 77 49 235 40 59 26500 15155 143 50 93 11345 918 68 10427 189 47
is_linear=0
shrinkage=0.05


Tree=76
num_leaves=31
num_cat=0
split_feature=24 36 13 13 24 17 24 16 36 4 38 9 18 9 32 36 32 15 11 25 39 18 5 24 9 22 17 42 7 21
split_gain=0.586822 0.485731 0.507127 0.60223 0.60013 0.747406 0.708917 0.537089 0.505693 1.18435 0.670415 1.63046 0.837029 0.91732 0.955167 0.989755 1.68072 0.785863 0.72368 0.931267 0.759505 0.671061 0.851423 0.888205 1.43807 1.42939 2.03969 1.47611 1.03896 0.752872
threshold=50.510041200000011 2181.0024910696379 -0.010035470694621929 -0.0029366215217936013 249.02336890000001 0.0017689660350061409 253.54876270000003 0.0013578526353210504 1590.3849769095398 855.36614500000007 76.464063538137864 -0.0008091060263274917 123.62000000000263 0.0074218254092437179 572.6507473653329 666.67759421992389 766.11363646852999 0.00055424645503966295 0.0039201191267117901 -1.166873583512021 323.15071428571338 -7.0650000000023274 0.0016912923323741276 233.74753930000003 -0.0015316427769289458 145.57086100000001 0.0020795573392269266 46.141485481079904 -0.0034438678738253205 46.474999999998552
decision_type=2 2 2 2 2 2 2 2 2 2 2 2 2 2 2 2 2 2 2 2 2 2 2 2 2 2 2 2 2 2
left_child=-1 8 -3 -4 -5 -6 -7 -8 10 -10 18 -12 17 14 -14 16 -16 -13 20 -20 21 -2 23 28 -25 26 -26 29 -23 -28
right_child=1 2 3 4 5 6 7 -9 9 -11 11 12 13 -15 15 -17 -18 -19 19 -21 -22 22 -24 24 25 -27 27 -29 -30 -31
leaf_value=5.7751707912369929e-06 2.609946735851814e-06 -3.4261875460367418e-05 1.8071108539643175e-05 1.0251006845850142e-05 -1.1190084432807333e-05 -5.198730321066647e-05 -1.202158942188068e-05 3.0197691993363204e-06 -1.7735725019119855e-06 -6.9050051787997011e-05 -5.9394787301626746e-05 -3.7394889667381599e-06 7.0040588928319167e-07 3.8670972394754568e-05 -2.6776081453309954e-05 -2.2559624736298059e-05 -9.3092746571930208e-06 3.6839296794524234e-06 -2.0546590163623669e-05 5.4161005422516655e-06 -4.1554419027184074e-06 -5.4378436124933978e-05 5.8168728648429841e-06 1.9901456111336754e-05 -6.3723134257559822e-05 -1.4221034482109583e-05 3.0687451680374864e-05 -4.727206256559217e-05 -4.8482454031460765e-08 -3.8097668938398148e-05
leaf_weight=575 8083 28 193 536 21 22 32 976 1436 33 36 28 86 44 37 105 29 416 38 3001 5664 32 1181 147 20 351 54 20 5817 39
leaf_count=575 8083 28 193 536 21 22 32 976 1436 33 36 28 86 44 37 105 29 416 38 3001 5664 32 1181 147 20 351 54 20 5817 39
internal_value=0.000201169 0.000169269 0.00096239 0.00106742 0.000746692 5.23313e-05 0.000242719 0.000436508 0.000115556 -0.000786249 0.000168067 -0.00127401 -0.000771812 -0.00280731 -0.00394942 -0.00611111 -0.0109091 0.000608108 0.000214137 0.000936163 0.000111641 0.000290269 -4.50331e-05 -0.000270062 -0.0020523 -0.00336777 -0.00778195 -0.00517699 -7.77909e-05 -0.00252688
internal_weight=29080 28505 1808 1780 1587 1051 1030 1008 26697 1469 25228 781 745 301 257 171 66 444 24447 3039 21408 15744 7661 6480 631 484 133 113 5849 93
internal_count=29080 28505 1808 1780 1587 1051 1030 1008 26697 1469 25228 781 745 301 257 171 66 444 24447 3039 21408 15744 7661 6480 631 484 133 113 5849 93
is_linear=0
shrinkage=0.05


Tree=77
num_leaves=31
num_cat=0
split_feature=24 42 23 23 18 5 15 25 5 11 13 0 9 9 28 16 13 5 9 7 11 13 21 20 18 25 15 24 39 41
split_gain=0.550162 0.524916 0.478531 0.840589 0.98987 1.18241 1.12949 0.803077 0.900185 1.1569 0.819493 0.684987 0.625314 0.707705 0.885893 1.4793 1.44309 0.884663 0.921069 0.8159 1.0893 0.807756 0.649384 0.989644 0.888889 1.24225 1.0986 0.796953 0.878027 1.50791
threshold=91.025175000000004 57.620316087986595 -0.4742776929735672 -0.67196410014908603 351.44999999999715 0.0037052521562811231 0.0043023543904044973 -0.91335193432778816 0.00072865032186040471 -0.0006723446041545896 0.0019587412472774281 108079.53000000001 0.0011188336774566516 0.0016150489017786255 171.11426679186846 0.0023182603242602753 0.0020615630687732165 0.0010895404386355443 0.0014156007632824088 -0.00032027601093293536 -0.00013008743171760053 0.0049851271163983716 1.2300000000032016 121.90000000000147 87.675000000002925 -1.0457126160527566 0.002292882975230399 182.69958320000003 305.26821428571469 -69.363793762117169
decision_type=2 2 2 2 2 2 2 2 2 2 2 2 2 2 2 2 2 2 2 2 2 2 2 2 2 2 2 2 2 2
left_child=1 -1 3 12 7 -6 -7 8 9 -5 -11 -9 -2 14 19 16 -16 18 21 20 -14 -18 23 24 -15 -26 -27 -24 29 -29
right_child=2 -3 -4 4 5 6 -8 11 -10 10 -12 -13 13 22 15 -17 17 -19 -20 -21 -22 -23 27 -25 25 26 -28 28 -30 -31
leaf_value=1.663933548945718e-06 1.4502147577826516e-06 8.4965459705118404e-06 -2.6566820461874388e-07 1.2898163491404935e-05 -8.4205128454795314e-05 4.1846105981471217e-05 -4.8478476969765678e-05 3.4932751144401715e-06 3.9567152089675546e-05 -5.2430886073750422e-05 -9.9743571101117688e-06 1.042619262101054e-05 -4.2223594928972845e-05 1.9288595442108877e-05 -5.7668433000882332e-05 1.6677573443280761e-05 1.2844459131638491e-05 1.4635744146164788e-05 -2.2417631847851078e-05 2.6461493585458217e-06 3.5167637189835194e-06 -7.7360811076120713e-05 8.3901882426417207e-06 -6.9823779596262219e-05 -1.9758743897903143e-05 8.5682320687276363e-06 -4.1621657176451509e-05 -3.1381824158224566e-05 2.3004899698230189e-06 -4.2515487263471504e-07
leaf_weight=3992 5120 148 14333 38 20 34 25 1794 27 22 26 1216 32 54 26 70 38 26 38 277 41 26 369 23 20 96 46 103 821 179
leaf_count=3992 5120 148 14333 38 20 34 25 1794 27 22 26 1216 32 54 26 70 38 26 38 277 41 26 369 23 20 96 46 103 821 179
internal_value=0.000190853 0.000724638 0.000102246 0.00035684 0.00103373 -0.00449367 -0.000932203 0.00117355 -0.0029646 -0.00546512 -0.010625 0.0013289 6.4146e-05 -0.000623632 -0.00214286 -0.00459821 -0.00733766 -0.00515625 -0.0072549 -0.000571428 -0.00527397 -0.00359375 -0.000113968 -0.00253138 -0.00148148 -0.00333333 -0.00169014 0.000278533 -0.000394379 -0.00280142
internal_weight=29080 4140 24940 10607 3202 79 59 3123 113 86 48 3010 7405 2285 574 224 154 128 102 350 73 64 1711 239 216 162 142 1472 1103 282
internal_count=29080 4140 24940 10607 3202 79 59 3123 113 86 48 3010 7405 2285 574 224 154 128 102 350 73 64 1711 239 216 162 142 1472 1103 282
is_linear=0
shrinkage=0.05


Tree=78
num_leaves=31
num_cat=0
split_feature=18 39 42 42 40 21 11 20 21 38 34 32 11 25 41 21 13 0 31 19 28 38 18 39 39 41 36 7 40 20
split_gain=0.425098 1.00496 0.877231 1.2454 0.815206 0.990788 1.09917 1.02857 0.806374 0.884266 0.679037 0.711061 0.925027 0.924064 0.900025 0.652493 1.07005 0.984351 1.14797 0.63504 0.611203 1.66142 0.792478 1.69662 1.09512 0.809409 0.746019 1.25019 0.73689 1.02582
threshold=-7.0650000000023274 335.5378571428576 77.283618874077362 65.921023658983827 -293.01912958896713 59.724999999998552 0.0037553932272630939 106.12499999999274 8.650000000001457 56.656147476404904 84161.863824316606 -398.96049405655498 -0.0023454743487777594 0.1583048003726307 -91.877765118123222 3.6650000000008736 0.014130133359636065 91843.98000000001 108190.7173 88.684999999997686 132.8842519363607 61.987139489719794 -37.315000000002321 402.29071428571643 441.53785714285863 -487.59477933634435 3555.9595397805465 -0.0012444638265834507 -254.94349506190335 264.46500000000384
decision_type=2 2 2 2 2 2 2 2 2 2 2 2 2 2 2 2 2 2 2 2 2 2 2 2 2 2 2 2 2 2
left_child=1 10 3 20 -5 7 -7 -6 9 -4 11 12 13 -1 -15 16 -2 -18 -19 -13 21 22 28 -24 -25 -26 -22 -28 -3 -30
right_child=15 2 8 4 5 6 -8 -9 -10 -11 -12 19 -14 14 -16 -17 17 18 -20 -21 26 -23 23 24 25 -27 27 -29 29 -31
leaf_value=5.7664683577058235e-05 4.5471746820884579e-06 3.8141967969835879e-06 -7.1822576562428691e-05 2.708433292699928e-05 3.486638339841952e-05 -8.2883867913667475e-05 -3.3095944376483136e-05 -4.7325795793294073e-05 9.8797859783278149e-06 2.1910463622310341e-05 3.7203084069305529e-06 -4.077322898773784e-05 -2.5499591085081672e-05 4.97040351054044e-07 -7.7097493847305644e-05 -5.6410239558266055e-07 2.5708721340347624e-06 -9.4530163524120356e-05 1.0559870923088739e-06 2.1446393936355558e-06 1.1591539417045492e-05 -4.4357573854924594e-05 9.5599015295499172e-06 -5.8505323071022852e-05 -9.1534379557840881e-05 -1.3214089431567196e-06 3.8361616859658887e-05 -4.9733957738290408e-05 -1.9363906937150225e-05 5.079009150245626e-05
leaf_weight=30 2889 1096 34 26 35 37 29 28 768 48 9199 34 25 34 21 12077 46 25 23 520 549 28 75 34 20 39 23 21 1189 78
leaf_count=30 2889 1096 34 26 35 37 29 28 768 48 9199 34 25 34 21 12077 46 25 23 520 549 28 75 34 20 39 23 21 1189 78
internal_value=0.000197731 0.000395863 -0.000256194 -0.000624433 -0.005 -0.00662791 -0.0109091 -0.00214286 0.00117647 -0.00353659 0.000670689 -0.000873494 -0.00454545 -0.00205882 -0.00590909 1.32804e-05 0.000675495 -0.00457447 -0.00958333 -0.000144404 -0.000409264 -0.000744431 -0.00061043 -0.00392857 -0.00844086 -0.00432203 0.0010371 -0.00522727 -0.000374524 -0.00119574
internal_weight=29080 14020 4157 3307 155 129 66 63 850 82 9863 664 110 85 55 15060 2983 94 48 554 3152 2559 2531 168 93 59 593 44 2363 1267
internal_count=29080 14020 4157 3307 155 129 66 63 850 82 9863 664 110 85 55 15060 2983 94 48 554 3152 2559 2531 168 93 59 593 44 2363 1267
is_linear=0
shrinkage=0.05


Tree=79
num_leaves=31
num_cat=0
split_feature=3 20 16 16 35 5 0 21 40 42 4 15 13 2 11 38 21 9 34 28 23 19 42 28 4 15 19 4 7 16
split_gain=0.447831 0.695845 0.711638 0.938921 1.23782 2.71429 2.025 0.627502 1.2572 1.2233 1.00281 1.03302 1.52381 0.861452 0.724651 0.647563 0.965387 0.876313 1.10709 0.838868 0.786242 0.831922 0.871604 0.764858 0.679897 0.76355 0.667698 0.664958 1.22789 1.33793
threshold=96432.175000000017 1.0000000180025095e-35 0.00075357925002993967 0.00096769984496480812 110416.730375 0.00038246833808440629 106888.85000000002 214.65499999999886 -23.179675517123538 21.712181868029251 855.36614500000007 0.0021240954360604598 0.00053688734726495095 94359.99500000001 -0.0051712373244422313 46.838527281988725 187.1849999999977 -0.0064406918576079579 88123.664400229158 -63.735617518999781 -1.3693211965706495 62.355000000003209 -13.101209524411244 -52.373077629206811 54.657030000000006 0.00058407076174895266 485.03999999999365 64.358285000000009 0.00056978876205182529 0.0012652944057803604
decision_type=2 2 2 2 2 2 2 2 2 2 2 2 2 2 2 2 2 2 2 2 2 2 2 2 2 2 2 2 2 2
left_child=7 2 -2 4 5 -4 -7 15 13 10 11 12 -10 -9 -13 20 17 18 26 -19 -1 22 -22 -21 -23 -26 -17 28 -27 -30
right_child=1 -3 3 -5 -6 6 -8 8 9 -11 -12 14 -14 -15 -16 16 -18 19 -20 23 21 24 -24 -25 25 27 -28 -29 29 -31
leaf_value=3.4243207197870065e-05 1.2993865657578213e-05 8.4633979750768275e-07 2.4682069967689525e-06 1.0188011407800988e-05 6.1890854441075993e-06 -8.9224952326568463e-06 -4.1386054045889495e-05 4.1232769917167915e-06 -0.00019761488809798882 -1.336372608728477e-05 -0.00033516728243892656 -0.00010020856601489409 -1.2926816009242043e-05 -5.0572034155606826e-05 2.1065293540014984e-05 8.2394989860611783e-05 5.4926202170471752e-05 1.4523563983434411e-05 -0.00010674318967987095 -5.022876788386633e-05 -2.1843440284034858e-05 8.6821111302600245e-06 -8.0383751086666335e-06 7.5222452151383071e-07 -1.2216044214055148e-05 -1.2028290258339349e-06 -0.00011867173520735565 -2.8774084834487891e-06 8.7374913686713329e-08 -6.4162359575945381e-05
leaf_weight=65 264 16915 77 1276 155 20 20 444 21 140 26 25 21 20 54 33 111 608 20 50 24 254 38 4839 40 98 35 3338 23 26
leaf_count=65 264 16915 77 1276 155 20 20 444 21 140 26 25 21 20 54 33 111 608 20 50 24 254 38 4839 40 98 35 3338 23 26
internal_value=0.000197731 0.000343622 0.00127483 0.000865633 -0.00180147 -0.00568376 -0.01625 -6.61642e-05 -0.00145806 -0.00405923 -0.0072449 -0.00533058 -0.0116667 0.000150862 -0.00196203 4.26996e-05 0.000382725 0.000290958 -0.00465909 0.000370202 -0.000453149 -0.000545431 -0.00629032 0.000152383 -0.000451177 -0.000631205 -0.00161765 -0.000552367 -0.00384354 -0.0103061
internal_weight=29080 18727 1812 1548 272 117 40 10353 751 287 147 121 42 464 79 9602 5696 5585 88 5497 3906 3841 62 4889 3779 3525 68 3485 147 49
internal_count=29080 18727 1812 1548 272 117 40 10353 751 287 147 121 42 464 79 9602 5696 5585 88 5497 3906 3841 62 4889 3779 3525 68 3485 147 49
is_linear=0
shrinkage=0.05


Tree=80
num_leaves=31
num_cat=0
split_feature=24 20 21 19 42 13 18 42 38 0 39 39 32 7 30 17 36 11 13 21 11 13 42 15 25 5 4 13 23 38
split_gain=0.409189 0.571272 0.662972 0.86638 0.61152 1.12061 0.424861 0.423993 0.691556 1.45058 0.859189 1.98169 0.820755 0.705246 1.50565 1.3724 0.613117 0.780533 0.938113 1.40192 1.32614 0.95599 0.597257 0.62643 0.880167 0.605926 0.801372 0.619772 2.04365 0.577325
threshold=50.510041200000011 3.5149999999994184 23.654999999998839 59.584999999991858 -6.8420219387667052 0.0012164486085265319 11.895000000004076 10.220267339169 69.168552463382824 117853.16500000002 310.47285714285994 359.47642857142904 1646.6315956179317 0.0070901925409763032 89961.438334416613 0.0029846548806716669 2063.3607850350313 -0.00028965737958886655 -0.0010050655625139552 36.904999999998843 -0.0012683840280630911 0.0038260992495251314 18.212232997341324 0.00059868979542724579 -0.61733682154554592 -5.5240620632056665e-05 27.003080000000001 -0.0062449258607974239 0.27944361188598127 57.833469358301564
decision_type=2 2 2 2 2 2 2 2 2 2 2 2 2 2 2 2 2 2 2 2 2 2 2 2 2 2 2 2 2 2
left_child=1 -1 3 6 -4 -6 -3 8 13 10 -10 -12 -13 16 -15 -16 -2 18 -18 -20 21 -21 23 24 -9 27 -27 28 -24 -28
right_child=7 2 4 -5 5 -7 -8 22 9 -11 11 12 -14 14 15 -17 17 -19 19 20 -22 -23 25 -25 -26 26 29 -29 -30 -31
leaf_value=5.9599113369005755e-06 2.8685900259064828e-09 2.0940635558015566e-06 9.5255752953521139e-06 1.3357856179533164e-05 -2.5625779170042668e-05 1.7484701484443177e-06 -7.5475354002608673e-06 9.134269324152765e-06 4.1299795279521737e-06 -1.5727314093324138e-05 -2.4890298814794625e-05 3.3389102044375128e-05 -2.1212925984583718e-05 2.7021080756184493e-05 -4.9410998415441091e-06 -0.00010944611568894975 1.3755527355795533e-05 1.7949058214349842e-05 2.4380945155222893e-05 4.5340538190894583e-06 -7.8650841969681381e-05 -6.5110396440186822e-05 2.6310031350712381e-05 7.9317105032621519e-06 -2.6113954915221809e-05 -3.4749945796459229e-06 2.6094114918542745e-06 3.4807058746979606e-06 -0.00029870201081269251 -1.7080190379880613e-06
leaf_weight=259 15100 54 32 141 30 25 34 42 153 23 21 29 24 74 24 29 277 510 80 61 37 30 69 1421 49 36 1824 4427 20 4145
leaf_count=259 15100 54 32 141 30 25 34 42 153 23 21 29 24 74 24 29 277 510 80 61 37 30 69 1421 49 36 1824 4427 20 4145
internal_value=0.000201169 0.00152174 9.49369e-05 0.00150655 -0.00362069 -0.00681818 -0.00238636 0.000174531 9.71364e-06 -0.0026 -0.00138766 -0.00581081 -0.000660377 4.99324e-05 -0.00366142 -0.0100943 7.92173e-05 0.00128141 -0.000154639 -0.00269231 -0.0059375 -0.00269231 0.00040015 0.00132937 -0.00269231 0.00026661 -6.24478e-05 0.000704163 -0.00342697 -1.75907e-05
internal_weight=29080 575 316 229 87 55 88 28505 16472 250 227 74 53 16222 127 53 16095 995 485 208 128 91 12033 1512 91 10521 6005 4516 89 5969
internal_count=29080 575 316 229 87 55 88 28505 16472 250 227 74 53 16222 127 53 16095 995 485 208 128 91 12033 1512 91 10521 6005 4516 89 5969
is_linear=0
shrinkage=0.05


Tree=81
num_leaves=31
num_cat=0
split_feature=16 13 36 11 36 27 19 4 17 25 11 21 39 21 32 41 18 42 13 21 13 23 23 36 19 15 9 4 21 36
split_gain=0.51925 0.646439 0.549478 0.484422 0.707734 0.632683 0.698322 0.95936 0.789216 0.433643 1.1542 1.93145 0.674853 0.634765 1.02458 0.840607 0.661334 0.573529 1.16957 0.505561 0.416977 0.489404 0.7706 1.3232 1.74897 0.684439 0.814423 0.625 0.608739 0.603077
threshold=0.00056696583057151446 0.0025172645755805064 2365.0752763786736 0.0005887947091647571 -308.77919153333636 108145.29075000001 88.684999999997686 46.133255000000005 0.00057984529773734818 -1.166873583512021 0.0030196643384530469 43.334999999999134 333.28964285714397 35.584999999999134 208.43369124805034 -59.841543192681357 -62.675000000002903 -30.532291914795007 -0.0013920075338436815 84.254999999997395 -0.010035470694621929 0.23497207227063591 0.51145373165099095 2776.8623996754618 441.30000000000297 0.0021687606553594291 -0.0029092944934625904 206.54655500000004 277.2400000000053 2873.2505980443534
decision_type=2 2 2 2 2 2 2 2 2 2 2 2 2 2 2 2 2 2 2 2 2 2 2 2 2 2 2 2 2 2
left_child=1 3 9 4 -1 -6 7 8 -7 10 12 -12 13 17 15 -15 -17 -2 -19 -13 -4 25 23 -23 -25 26 27 -22 -24 -28
right_child=2 -3 20 -5 5 6 -8 -9 -10 -11 11 19 -14 14 -16 16 -18 18 -20 -21 21 22 28 24 -26 -27 29 -29 -30 -31
leaf_value=1.3740044471729055e-05 2.0753286586468352e-05 -3.3639160276963402e-06 -3.2731704472046265e-05 1.0980596223037726e-05 3.1653739660742052e-06 -9.4883566389715435e-06 1.4693484953110658e-05 -2.8647856359166385e-05 2.1762167003787904e-05 5.9731088505349593e-07 -2.2323028062815055e-05 -5.0374455835763859e-05 2.1154744490394044e-05 -6.0674908388315627e-06 -6.0996099331343345e-05 -3.1913291799207157e-05 1.7680582418186887e-05 -1.6472498334430705e-05 4.880577606064492e-06 1.8562673372787142e-05 -6.2935707901788356e-05 2.3506915332519796e-05 4.1010770008427741e-06 -0.00019726294617806366 1.3242403043617067e-05 2.3542615005398658e-05 1.1257451614680981e-05 7.3238146143779206e-06 -0.0002354837962172244 -2.5779746314153525e-06
leaf_weight=141 52 28 24 161 129 28 38 27 23 26503 26 23 67 23 29 20 69 30 174 20 20 24 308 29 24 474 320 20 26 200
leaf_count=141 52 28 24 161 129 28 38 27 23 26503 26 23 67 23 29 20 69 30 174 20 20 24 308 29 24 474 320 20 26 200
internal_value=0.000208047 0.00169565 0.000178039 0.00207495 0.00111399 -0.000510204 -0.00318965 -0.00589744 -0.00186274 0.000126868 -0.00128518 -0.00731884 -0.000387931 -0.00117128 -0.00386525 -0.00169643 0.000505618 0.0003125 -0.000882353 -0.000813953 0.00111981 0.00122837 -0.000231143 -0.00474026 -0.00915094 0.00180851 0.000625 -0.00625 0.000808383 0.00115385
internal_weight=29080 575 28505 547 386 245 116 78 51 27036 533 69 464 397 141 112 89 256 204 43 1469 1445 411 77 53 1034 560 40 334 520
internal_count=29080 575 28505 547 386 245 116 78 51 27036 533 69 464 397 141 112 89 256 204 43 1469 1445 411 77 53 1034 560 40 334 520
is_linear=0
shrinkage=0.05


Tree=82
num_leaves=31
num_cat=0
split_feature=24 41 36 20 13 13 36 22 20 20 9 39 20 13 34 15 31 38 28 1 15 7 20 21 15 9 11 18 41 28
split_gain=0.584273 0.519236 0.516414 0.47946 0.412646 0.418166 0.408261 0.729179 0.667279 0.790402 0.856328 0.761552 0.636296 0.749673 0.615637 1.04833 0.751969 0.521636 1.15479 0.466629 0.411205 0.921813 0.423559 0.408116 0.404462 0.850705 0.604025 0.573011 0.675 1.02797
threshold=50.510041200000011 -43.057296273874492 2365.0752763786736 1.0000000180025095e-35 -0.010035470694621929 -0.0014883356391910847 2776.8623996754618 197.66668250000004 74.500000000000014 4.8050000000002919 0.0053251046394193931 422.20535714285774 57.949999999997097 -0.00018472717572289257 89036.402563426018 0.0026534567447593299 119590.48150000001 67.204173383064898 563.9733586411968 88413.240000000005 0.0019977954949213094 0.00095419324494360055 317.61000000000064 91.635000000002051 0.00062752862319208856 0.0010925548967469134 0.00048655030119073591 -13.244999999995342 14.891908562901966 -36.931171080192136
decision_type=2 2 2 2 2 2 2 2 2 2 2 2 2 2 2 2 2 2 2 2 2 2 2 2 2 2 2 2 2 2
left_child=1 -1 -2 -3 -4 -6 12 -8 9 -9 14 -12 -7 -14 15 -11 -16 -15 -19 -10 21 -21 -22 -20 25 26 27 -5 29 -29
right_child=2 3 4 24 5 6 7 8 19 10 11 -13 13 17 16 -17 -18 18 23 20 22 -23 -24 -25 -26 -27 -28 28 -30 -31
leaf_value=-3.7086074086608691e-05 4.2697661307595267e-07 1.0030512779048014e-05 -3.1095119248443964e-05 3.9597200477624389e-06 1.4895520435529896e-05 1.7742170563796733e-05 -2.6812242507340232e-05 2.4425972783844516e-05 -1.8030691468222658e-05 -0.00011540606224670996 -9.7597457249435331e-05 -4.0635376434415357e-05 -4.7825092856904847e-05 1.3075622384085563e-05 2.6846403534126048e-06 1.0799069343877479e-06 -1.5127684742872388e-05 -1.3640463413790931e-05 1.2720310504616675e-05 -2.6502816400611148e-05 2.1793351478676319e-05 2.6126410846943286e-05 -1.1505169392102154e-05 -9.7737992510282751e-06 9.8421794249274946e-06 -2.5995456143661117e-06 2.0310493717980456e-05 1.7609703165450848e-06 9.7424014256592208e-06 -2.7678051690048239e-05
leaf_weight=24 27036 113 24 75 238 225 27 81 26 20 22 21 22 104 159 23 22 31 44 40 228 49 38 25 171 26 86 26 32 22
leaf_count=24 27036 113 24 75 238 225 27 81 26 20 22 21 22 104 159 23 22 31 44 40 228 49 38 25 171 26 86 26 32 22
internal_value=0.000204608 0.00178261 0.000172777 0.00209619 0.00108577 0.00119377 0.000816073 0.00010582 0.000404664 -0.00117816 -0.00249064 -0.00895349 0.00200665 0.000132744 -0.00125 -0.00662791 2.76245e-05 0.00107843 -0.0015 0.00185039 0.00232394 -0.000617977 0.00330827 0.00210145 0.00134703 0.000131086 0.00105809 -0.000806451 -0.00375 -0.0075
internal_weight=29080 575 28505 551 1469 1445 1207 756 729 348 267 43 451 226 224 43 181 204 100 381 355 89 266 69 438 267 241 155 80 48
internal_count=29080 575 28505 551 1469 1445 1207 756 729 348 267 43 451 226 224 43 181 204 100 381 355 89 266 69 438 267 241 155 80 48
is_linear=0
shrinkage=0.05


Tree=83
num_leaves=31
num_cat=0
split_feature=36 13 39 13 38 13 9 20 24 20 5 9 21 41 16 42 4 22 23 36 13 21 25 5 7 32 38 5 16 19
split_gain=0.651346 0.430107 0.405173 0.920925 1.29889 0.577308 0.525982 0.469076 0.389259 0.570981 0.519108 1.37268 0.533322 0.674817 0.48946 0.397892 0.750363 1.16775 1.1819 1.16256 0.718628 1.23388 1.3144 1.24145 3.70809 0.872247 0.967513 0.904386 0.968361 0.962667
threshold=2365.0752763786736 -0.010035470694621929 881.85785714285691 -0.017110719162879224 39.159263715810219 0.015897184954283303 0.00024039716371474453 558.66000000000361 50.510041200000011 1.0000000180025095e-35 0.00058351795773542046 0.0010925548967469134 0.01000000000203727 -22.436338981923409 0.00042866696387015591 9.1777986699570491 855.36614500000007 550.70619400000021 1.7560351418183657 1818.9810981991252 -0.000574917562558804 121.44499999999972 0.99037819429208307 -0.00067737872514222791 -0.0003610298327552046 -147.04755853763342 29.705560219212781 0.00091055173716944843 0.0007903163942233148 278.95499999999453
decision_type=2 2 2 2 2 2 2 2 2 2 2 2 2 2 2 2 2 2 2 2 2 2 2 2 2 2 2 2 2 2
left_child=2 -2 7 -4 -5 6 -6 8 9 -1 11 12 -11 -14 -15 20 -17 18 -18 -20 25 -22 -23 -24 -25 -10 27 28 -27 -30
right_child=1 -3 3 4 5 -7 -8 -9 15 10 -12 -13 13 14 -16 16 17 -19 19 -21 21 22 23 24 -26 26 -28 -29 29 -31
leaf_value=7.3101194237514185e-06 -2.9540363286021781e-05 4.5143490885851747e-06 2.4338954931080323e-05 -0.00025713292442698871 -0.00010115059105951073 -0.00012689688072763406 6.3501562636422357e-05 7.3120736558407234e-05 -8.9185931169105457e-07 1.4622705058915534e-05 1.5151566007507767e-05 -2.7946707818923639e-06 -2.9833930250001084e-05 -1.0780646418309993e-05 4.8969565315832278e-06 1.487844694664771e-06 -0.00015810711043387894 3.1063205625471922e-05 1.5764133896297509e-05 -2.5872297696318855e-05 -1.1159164698561264e-06 -1.0315822614387097e-05 1.3257351797108343e-05 -0.00016227610461021431 -6.3690673269773586e-05 -3.0656383178762963e-05 4.7583256321338732e-06 -6.6615793169442505e-05 1.0098155193470019e-05 -3.3774646503626376e-05
leaf_weight=116 24 1445 98 21 29 20 37 69 6750 112 78 34 39 22 174 11330 20 57 47 22 4087 362 31 20 48 36 3749 20 139 44
leaf_count=116 24 1445 98 21 29 20 37 69 6750 112 78 34 39 22 174 11330 20 57 47 22 4087 362 31 20 48 36 3749 20 139 44
internal_value=0.000196011 0.00122192 0.000141429 -0.00207317 -0.00528037 -0.00255814 -0.00030303 0.000157995 0.000147602 0.00143478 0.000642702 -0.00011811 0.000821326 -0.000531915 0.000663265 0.000119946 0.000342454 -0.00321918 -0.00679775 -0.00369565 -4.71017e-05 -0.000573878 -0.00302603 -0.00813131 -0.0119118 0.000176011 0.000762287 -0.00232218 -0.00139269 8.19674e-05
internal_weight=29080 1469 27611 205 107 86 66 27406 27337 575 459 381 347 235 196 26762 11476 146 89 69 15286 4548 461 99 68 10738 3988 239 219 183
internal_count=29080 1469 27611 205 107 86 66 27406 27337 575 459 381 347 235 196 26762 11476 146 89 69 15286 4548 461 99 68 10738 3988 239 219 183
is_linear=0
shrinkage=0.05


Tree=84
num_leaves=31
num_cat=0
split_feature=36 24 20 21 11 19 16 22 13 11 7 39 13 38 13 9 42 38 38 30 16 42 21 40 23 23 23 13 23 9
split_gain=0.512924 0.515727 0.515625 0.588684 0.616501 0.566673 0.646154 0.494794 0.412646 0.394414 0.404082 0.388578 0.920925 1.29889 0.577308 0.525982 0.380739 0.669016 1.34833 1.18776 1.75325 0.874704 0.930198 1.26538 1.01729 1.15433 0.798584 0.625 0.533738 0.964195
threshold=2365.0752763786736 50.510041200000011 3.5149999999994184 43.334999999999134 -0.0015809184720112102 59.584999999991858 0.00070086190503531763 48.838828500000012 -0.010035470694621929 -0.0054282201458742624 -0.0052112057076556424 881.85785714285691 -0.017110719162879224 39.159263715810219 0.015897184954283303 0.00024039716371474453 9.1777986699570491 62.60001008899058 62.786819568734423 118163.17899888202 0.0014950373327434895 8.1509968148105987 83.385000000002051 195.42347327376049 -1.1033553572269237 -1.2500151149099255 -0.70370363615248321 0.0029017176935327983 -0.43817683639671684 0.0045199031756004851
decision_type=2 2 2 2 2 2 2 2 2 2 2 2 2 2 2 2 2 2 2 2 2 2 2 2 2 2 2 2 2 2
left_child=1 2 -1 4 -4 6 -6 -7 -2 -10 -11 16 -13 -14 15 -15 17 28 -19 21 -21 22 24 27 25 -20 -25 -24 29 -3
right_child=8 11 3 -5 5 7 -8 -9 9 10 -12 12 13 14 -16 -17 -18 18 19 20 -22 -23 23 26 -26 -27 -28 -29 -30 -31
leaf_value=4.7128539129480907e-06 -2.8063345121720697e-05 2.4530028960145262e-06 -4.9753676476709315e-05 -3.222695902712164e-06 5.9791119669069763e-06 1.0456304932462687e-05 -3.1728085039500417e-05 -7.0023504569761321e-07 3.8120417094377165e-05 -3.558810464495216e-05 3.6940745580050612e-06 2.3122007184526323e-05 -0.00024427627820563928 -9.6093061506535206e-05 -0.00012055203669125239 6.0326484504601239e-05 1.2987284747591739e-06 -5.2062069625569718e-05 3.0594605296084504e-06 -4.2855826885730882e-05 2.5380808129872341e-05 -4.0571237311958423e-05 -6.785965694613298e-05 -2.3428889049692372e-05 8.6174288362106154e-06 -8.4444010474025706e-05 4.0938204263175093e-05 -3.706919446154512e-05 -8.3869817499951651e-07 -1.6388613603346721e-05
leaf_weight=259 24 5845 20 31 70 138 21 36 65 24 1356 98 21 29 20 37 11508 25 32 20 22 39 20 23 384 20 53 20 8698 122
leaf_count=259 24 5845 20 31 70 138 21 36 65 24 1356 98 21 29 20 37 11508 25 32 20 22 39 20 23 384 20 53 20 8698 122
internal_value=0.000175378 0.000126942 0.0016087 0.000253165 0.000964912 0.00160377 -0.00159341 0.00327586 0.00108577 0.00119377 0.00101449 9.54285e-05 -0.00207317 -0.00528037 -0.00255814 -0.00030303 0.000111998 -5.123e-05 -0.00161094 -0.00116114 -0.00928571 -0.000583756 -7.24636e-05 -0.00405172 0.000986239 -0.00557692 -0.000263158 -0.01125 1.87523e-05 0.00038294
internal_weight=29080 27611 575 316 285 265 91 174 1469 1445 1380 27036 205 107 86 66 26831 15323 658 633 42 591 552 116 436 52 76 40 14665 5967
internal_count=29080 27611 575 316 285 265 91 174 1469 1445 1380 27036 205 107 86 66 26831 15323 658 633 42 591 552 116 436 52 76 40 14665 5967
is_linear=0
shrinkage=0.05


Tree=85
num_leaves=31
num_cat=0
split_feature=24 36 13 18 7 17 11 0 22 3 25 39 23 28 27 31 17 17 19 24 19 42 7 34 13 25 25 30 11 39
split_gain=0.550927 0.563061 0.412646 0.399401 0.772483 1.07296 1.7966 1.24438 1.6 0.873466 0.946746 0.73546 0.781006 1.27059 0.678598 0.902406 0.774709 1.75876 1.49976 1.3417 0.829927 1.96018 1.0163 2.17302 0.819254 0.688954 0.881483 0.975874 0.618967 0.726097
threshold=50.510041200000011 2365.0752763786736 -0.010035470694621929 -136.07500000000434 -0.0023532425256525737 0.001362453067740651 -2.9836596583441604e-05 96605.000000000015 97.461700250000021 119089.87500000001 0.1583048003726307 881.85785714285691 -0.55506063316335841 -583.74408795095212 112595.43575 112474.96160000002 0.0016127412858099137 0.0014728474350438872 212.04499999999828 148.70787460000005 498.40499999999889 -97.931522601885916 -0.004244011965870138 93051.677901911477 -0.024287153725623904 0.99037819429208307 0.45439958882918996 87784.594929197265 0.0038392415388747974 243.95035714285771
decision_type=2 2 2 2 2 2 2 2 2 2 2 2 2 2 2 2 2 2 2 2 2 2 2 2 2 2 2 2 2 2
left_child=-1 3 -3 28 5 6 7 8 -5 14 -11 -6 -13 -14 15 16 17 -7 -19 -20 24 -22 -23 -24 -18 26 -26 -28 29 -2
right_child=1 2 -4 4 11 9 -8 -9 -10 10 -12 12 13 -15 -16 -17 20 18 19 -21 21 22 23 -25 25 -27 27 -29 -30 -31
leaf_value=3.7146563179632086e-06 8.8233769567815699e-06 -2.6660177865634682e-05 3.9217647669819015e-06 1.5277846604818589e-06 3.2246153331171664e-07 1.8938119259746857e-05 -5.6128006754775316e-05 6.8166880339385578e-06 -4.609182799505131e-05 4.2427874289367786e-06 -0.00015900591661740235 1.5255383890496974e-05 -7.5006919940681705e-06 -0.00032754966836055413 1.4918727686568426e-05 -7.9279165205017958e-05 -4.220242381285442e-05 -1.1430675854265779e-05 -7.4421770680088782e-05 -8.9593582127468416e-05 1.4531633895521835e-05 -7.1891005107327532e-05 -0.00034467295985057334 -1.6933762118148773e-05 3.2577802704554024e-06 8.0525448603874865e-05 4.4104303964939688e-05 -7.7827537719247884e-05 1.1080656646553113e-05 -7.2566363005100524e-07
leaf_weight=575 1516 24 1445 20 20014 47 21 74 20 22 27 33 34 30 164 22 21 27 21 20 93 43 24 21 637 84 28 34 492 3447
leaf_count=575 1516 24 1445 20 20014 47 21 74 20 22 27 33 34 30 164 22 21 27 21 20 93 43 24 21 637 84 28 34 492 3447
internal_value=0.000163343 0.000132433 0.00108577 8.06334e-05 -1.59861e-05 -0.00112245 -0.00537037 -0.00289474 -0.01 -0.000692884 -0.0072449 6.489e-05 -0.00427835 -0.0075 -0.000443235 -0.000882353 -0.000681818 -0.00456522 -0.00970588 -0.0157317 -0.000228426 -0.00328729 -0.00863636 -0.0138889 0.000460199 0.000721584 0.000207439 -0.00548387 0.000462878 0.000295185
internal_weight=29080 28505 1469 27036 21581 1470 135 114 40 1335 49 20111 97 64 1286 1122 1100 115 68 41 985 181 88 45 804 783 699 62 5455 4963
internal_count=29080 28505 1469 27036 21581 1470 135 114 40 1335 49 20111 97 64 1286 1122 1100 115 68 41 985 181 88 45 804 783 699 62 5455 4963
is_linear=0
shrinkage=0.05


Tree=86
num_leaves=31
num_cat=0
split_feature=36 24 13 11 36 42 42 23 7 20 7 2 30 18 11 39 9 22 16 35 20 21 31 28 38 15 19 11 24 16
split_gain=0.418195 0.407352 0.399788 0.41622 0.397221 1.18859 0.462019 0.406818 1.22842 0.813745 0.390538 0.383889 0.958425 0.380311 0.618967 0.726097 0.946762 0.889706 0.791351 0.833333 0.733448 1.00071 0.897629 0.875408 0.899595 0.798393 1.06004 0.740825 0.693446 0.924389
threshold=2365.0752763786736 50.510041200000011 -0.010035470694621929 -0.0054282201458742624 24.290745873739073 14.617812565536177 18.212232997341324 -0.4110651041008645 0.00046766644847411992 0.01000000000203727 -0.0052112057076556424 122511.44500000002 122464.0609066358 -136.07500000000434 0.0038392415388747974 243.95035714285771 0.00093293555731991111 111.39091575 0.0012846107879876535 114283.08605000003 19.254999999997384 25.404999999998839 108618.23060000002 41.719445688526328 59.470174788429794 0.0016603875526879318 209.40499999999886 0.0025481270535704674 202.92888730000001 0.0021010390126339393
decision_type=2 2 2 2 2 2 2 2 2 2 2 2 2 2 2 2 2 2 2 2 2 2 2 2 2 2 2 2 2 2
left_child=1 4 -2 -4 5 7 -7 8 9 -1 -5 -12 -13 14 15 16 -3 -18 19 -17 21 23 -23 25 -25 26 -20 -24 -27 -30
right_child=2 13 3 10 -6 6 -8 -9 -10 -11 11 12 -14 -15 -16 18 17 -19 20 -21 -22 22 27 24 -26 28 -28 -29 29 -31
leaf_value=-7.5191523518592298e-06 -2.5327168972352935e-05 1.0641177743584803e-05 3.6018308001309204e-05 -3.4004787651053662e-05 9.7276099354833288e-06 -9.662595424981208e-06 -1.5390277126218068e-06 7.880203606530164e-06 -1.4089742955985164e-05 1.2133820326385102e-05 4.2061750904716666e-06 -3.8097320932835298e-05 1.2630267145636861e-05 -1.3938636160075939e-08 1.0526623814225453e-05 1.5606087587907636e-05 -5.0397091458485356e-05 2.908655435031215e-05 8.2875953424175799e-06 -4.4413501440568765e-05 3.566648551104664e-06 -2.011132572173755e-05 1.9288094336410227e-05 -3.1288239708700252e-05 -1.1592219057295468e-05 1.8959694564126072e-05 -0.00010453431764086657 -2.1532051621517262e-05 -5.6431043134945149e-05 -9.7513338944158665e-06
leaf_weight=38 24 1448 65 24 199 20 32 200 21 65 1300 27 29 21581 492 24 32 36 21 30 2289 489 311 23 38 75 25 20 28 74
leaf_count=38 24 1448 65 24 199 20 32 200 21 65 1300 27 29 21581 492 24 32 36 21 30 2289 489 311 23 38 75 25 20 28 74
internal_value=0.000161623 0.000117888 0.000983663 0.00108997 0.00143478 0.000478724 -0.00653846 0.00160494 -0.000645161 0.00160194 0.000905797 0.0010177 -0.00303571 8.98803e-05 0.000462878 0.000295185 0.00120712 -0.00455882 -0.000105889 -0.00611111 -1.03152e-05 -0.00106884 -0.000182927 -0.00362676 -0.00893443 -0.00217489 -0.00804348 0.00182779 -0.000649717 -0.00333333
internal_weight=29080 27611 1469 1445 575 376 52 324 124 103 1380 1356 56 27036 5455 4963 1516 68 3447 54 3393 1104 820 284 61 223 46 331 177 102
internal_count=29080 27611 1469 1445 575 376 52 324 124 103 1380 1356 56 27036 5455 4963 1516 68 3447 54 3393 1104 820 284 61 223 46 331 177 102
is_linear=0
shrinkage=0.05


Tree=87
num_leaves=31
num_cat=0
split_feature=24 20 21 5 19 18 36 18 7 20 11 5 11 9 2 13 15 13 21 28 15 9 20 23 25 4 24 22 32 23
split_gain=0.487843 0.515625 0.522676 0.971264 0.86638 0.424861 0.408412 0.410736 0.595259 0.926223 0.986347 1.07145 1.68153 0.911659 2.24157 0.774778 0.769839 1.29709 0.925759 2.27785 0.981818 0.857143 0.739988 0.697677 1.33879 0.700064 1.25019 0.686549 1.46944 0.736931
threshold=50.510041200000011 3.5149999999994184 23.654999999998839 -0.00014400565449517697 59.584999999991858 11.895000000004076 2365.0752763786736 -136.07500000000434 -0.001979358184973233 81.345000000001178 -0.00038316764305137041 -5.5240620632056665e-05 0.0016066579971135868 -0.001571380391804939 78694.660000000018 4.7279155365897284e-05 0.0015583470447756477 -0.0065543995908150356 234.86000000000061 -731.05221012038953 0.0027053417052640386 -0.0034383170646019776 338.11000000000064 -0.62273641611753272 -0.38053254884404714 202.35104500000003 250.52178310000002 683.25068625000006 -1205.0649021534771 -0.20832953176983782
decision_type=2 2 2 2 2 2 2 2 2 2 2 2 2 2 2 2 2 2 2 2 2 2 2 2 2 2 2 2 2 2
left_child=1 -1 4 -4 5 -3 7 -2 9 -9 16 23 -13 14 -10 -14 17 21 22 -20 -21 -11 -18 -12 -25 -26 -27 29 -29 -16
right_child=6 2 3 -5 -6 -7 -8 8 13 10 11 12 15 -15 27 -17 18 -19 19 20 -22 -23 -24 24 25 26 -28 28 -30 -31
leaf_value=4.6674360189954844e-06 2.6727811315141938e-06 2.2588291905527721e-06 -1.6089027518545224e-05 3.0770288281233489e-07 1.0820582657167517e-05 -7.5028936960457734e-06 2.6739489470096135e-06 1.4043058581518382e-06 -0.00028547931030806423 -0.00010915637617628225 3.1145362152290518e-05 -0.00014249175912649592 2.0133003715957187e-05 -1.444199151438159e-07 1.2433026250081389e-05 -7.7708815962328597e-05 3.6559226203429292e-06 -1.1358863094555568e-06 2.4695481701861345e-05 -1.2620292026524279e-05 -0.00021775320759605404 -4.4366144636176222e-06 -9.396304248822093e-05 -9.6360385938144364e-05 3.6504327080715351e-05 -0.00014494234025396618 5.1512931587670406e-05 1.4294210370132736e-05 -8.2259418967952846e-05 1.1859710100152843e-06
leaf_weight=259 5455 54 29 58 141 34 1469 964 23 21 67 33 25 17105 1371 51 479 91 69 20 24 21 23 22 27 21 23 36 24 1041
leaf_count=259 5455 54 29 58 141 34 1469 964 23 21 67 33 25 17105 1371 51 479 91 69 20 24 21 23 22 27 21 23 36 24 1041
internal_value=0.000166781 0.0016087 0.000253165 -0.00304598 0.00150655 -0.00238636 0.000137695 9.35791e-05 -4.40183e-06 -0.000830388 -0.00188299 -0.00447955 -0.00830275 7.90818e-05 0.000971944 -0.00421053 -0.000949198 -0.0043985 -0.000203252 -0.00429204 -0.0131818 -0.0116667 0.000717132 -0.001875 -0.00467742 -0.00133803 -0.00522727 0.00111651 -0.00416667 0.00124793
internal_weight=29080 575 316 87 229 88 28505 27036 21581 1981 1017 269 109 19600 2495 76 748 133 615 113 44 42 502 160 93 71 44 2472 60 2412
internal_count=29080 575 316 87 229 88 28505 27036 21581 1981 1017 269 109 19600 2495 76 748 133 615 113 44 42 502 160 93 71 44 2472 60 2412
is_linear=0
shrinkage=0.05


Tree=88
num_leaves=31
num_cat=0
split_feature=24 36 42 15 5 13 35 11 9 18 38 7 42 42 36 38 13 11 20 34 32 22 42 13 0 36 36 24 4 4
split_gain=0.552164 0.407084 0.859179 0.471954 1.07024 1.41718 0.374555 0.38279 0.63952 0.362684 0.672221 0.857591 1.28777 2.30805 1.10204 0.655106 1.25942 1.23313 1.79679 1.03694 0.957107 0.624691 0.713903 0.870354 1.54286 0.731947 0.689952 0.5522 0.658487 0.687014
threshold=50.510041200000011 -126.63301866998516 15.102524150179848 0.00053588728483995368 -2.7437312164025909e-05 -0.00014403684920223276 123109.226125 -0.0021413092800698767 -0.0019386762713224752 -136.07500000000434 47.496689387723499 -0.0045861793790463439 1.1290793060871052 -15.13699804423028 -2162.021578536463 44.921752846408559 -0.00038621647282834987 -0.0042442225260798062 25.754999999997384 84527.893998219195 -186.1507884151433 79.066491500000012 65.921023658983827 0.0014867556084972383 106164.37500000001 251.62471502254633 353.80314207180351 67.443149800000015 76.595230000000015 79.013485000000017
decision_type=2 2 2 2 2 2 2 2 2 2 2 2 2 2 2 2 2 2 2 2 2 2 2 2 2 2 2 2 2 2
left_child=1 2 3 4 -1 -6 9 8 -8 10 15 12 13 -12 -14 27 19 -18 20 -17 -19 -13 -23 24 -24 -25 -27 -2 -29 -30
right_child=6 -3 -4 -5 5 -7 7 -9 -10 -11 11 21 14 -15 -16 16 17 18 -20 -21 -22 22 23 25 -26 26 -28 28 29 -31
leaf_value=1.4281526455845066e-05 -2.5107523939542158e-05 5.3209919776834975e-06 -3.2169042330939199e-05 5.6575451670629368e-06 -2.7784308820503726e-05 2.8856733145775534e-05 2.6075987726117219e-05 1.8805136168578038e-05 -4.2746266256320567e-05 1.418130924501755e-07 -7.5998621929588023e-06 -2.1237298532236932e-05 -4.6499600681899088e-05 -0.00011134364858784745 2.5234750533274309e-05 -2.8823721232749018e-05 -0.00014399634271530754 -3.1360105988860603e-05 1.6792791494467838e-05 1.8926903620273457e-05 -7.686115590637766e-05 1.3147501603398731e-05 2.4703724625545535e-05 2.6211483592049465e-05 -0.00011050248449692598 -5.4958010526791696e-05 -2.4950100531469926e-07 2.9616406752778932e-05 -1.2844508472196552e-05 1.0196232837115306e-06
leaf_weight=45 37 251 33 200 25 21 35 162 31 22591 53 66 37 21 156 29 20 21 49 215 31 1383 35 315 21 20 261 145 22 2749
leaf_count=45 37 251 33 200 25 21 35 162 31 22591 53 66 37 21 156 29 20 21 49 215 31 1383 35 315 21 20 261 145 22 2749
internal_value=0.000161623 0.00169565 0.000524692 0.00139175 -0.00159341 -0.00695652 0.000130679 0.00214912 -0.00106061 0.000114404 0.000471333 0.00111487 -0.00155431 -0.00716216 0.000595855 1.20556e-05 -0.0019863 -0.00615702 -0.00391089 8.19674e-05 -0.0103846 0.00145407 0.00160934 0.000245399 -0.00571429 0.000805369 -0.00104982 0.000259059 0.000336077 0.000164201
internal_weight=29080 575 324 291 91 46 28505 228 66 28277 5686 2368 267 74 193 3318 365 121 101 244 52 2101 2035 652 56 596 281 2953 2916 2771
internal_count=29080 575 324 291 91 46 28505 228 66 28277 5686 2368 267 74 193 3318 365 121 101 244 52 2101 2035 652 56 596 281 2953 2916 2771
is_linear=0
shrinkage=0.05


Tree=89
num_leaves=31
num_cat=0
split_feature=24 16 25 35 5 36 30 28 20 32 23 22 24 21 9 41 19 30 39 9 25 34 36 28 11 21 21 17 41 16
split_gain=0.505451 0.631356 0.412556 1.35387 0.513463 0.727513 0.483474 0.422693 0.4121 0.39192 1.50383 0.995256 1.12112 0.656688 0.57619 0.486549 0.829013 1.04396 1.25167 1.04451 0.948021 0.852788 0.577475 0.625567 0.909421 1.27281 1.15454 1.02935 0.595662 1.3456
threshold=50.510041200000011 0.00088641171070156729 4.8096567391556677 117554.24017500003 0.0026863995120758152 622.48307040661905 86530.556948888014 -1634.4711546564138 20.004999999997384 -2120.2028690627844 1.4560950870180918 832.27757525000004 775.20404030000009 241.74000000000527 0.002060203073911721 -467.22678867261925 498.40499999999889 105750.31008309704 613.41071428571274 0.00033207293176337212 -0.2097605687048292 111200.50171993436 -3082.4225430467409 -1059.2417957287978 -0.0013091202171639667 35.584999999999134 292.3499999999986 0.003709974377203289 -425.11958309929099 0.001887749960675157
decision_type=2 2 2 2 2 2 2 2 2 2 2 2 2 2 2 2 2 2 2 2 2 2 2 2 2 2 2 2 2 2
left_child=1 -1 7 4 5 6 -4 -2 -8 10 11 13 -13 -9 -14 16 17 -11 19 -19 21 -21 23 -17 25 27 -27 -25 29 -24
right_child=2 -3 3 -5 -6 -7 8 9 -10 15 -12 12 14 -15 -16 22 -18 18 -20 20 -22 -23 28 24 -26 26 -28 -29 -30 -31
leaf_value=3.9903291054499403e-06 2.2301527786453541e-05 -2.866689241831421e-05 -1.5649529566129425e-05 -0.00015009063451091483 4.012737463324545e-05 -3.0289882553686715e-05 -9.2265736559418639e-06 3.2583090225739352e-05 1.9697384137850159e-05 9.8732963597575321e-06 -0.00012422641457283183 -0.00012053110249281899 3.0786733077904139e-05 -0.00071304701436459596 -0.00013011284823853265 1.756459356965175e-05 3.238589021081714e-05 7.5119957617406554e-06 -8.6652165470111974e-05 -4.3449796402531464e-05 -7.1900335058490568e-05 2.9852128728734322e-05 -8.7457350080353988e-05 -6.9193394956344796e-05 2.327401475304108e-06 -1.14029824737319e-05 -0.00027700903063891392 -0.00020809649069213686 5.4577461815240491e-07 -8.3514765897194991e-07
leaf_weight=547 209 28 20 25 69 27 20 121 59 307 20 36 35 23 21 43 277 114 21 21 32 34 20 22 150 122 22 21 26461 153
leaf_count=547 209 28 20 25 69 27 20 121 59 307 20 36 35 23 21 43 277 114 21 21 32 34 20 22 150 122 22 21 26461 153
internal_value=0.000140991 0.0016087 0.000111384 -0.00204545 -0.000641025 -0.00253968 -0.000555555 0.00012816 0.00120253 0.000111483 -0.00183594 -0.000720339 -0.00478261 0.001875 -0.000357143 0.000129403 0.00133995 0.000179584 -0.00243243 -0.00121891 -0.00534483 -0.00136364 9.32851e-05 -0.00184211 -0.00256677 -0.00489305 -0.00263889 -0.0124419 0.000120898 -0.00280347
internal_weight=29080 575 28505 220 195 126 99 28285 79 28076 256 236 92 144 56 27820 806 529 222 201 87 55 27014 380 337 187 144 43 26634 173
internal_count=29080 575 28505 220 195 126 99 28285 79 28076 256 236 92 144 56 27820 806 529 222 201 87 55 27014 380 337 187 144 43 26634 173
is_linear=0
shrinkage=0.05


Tree=90
num_leaves=31
num_cat=0
split_feature=24 36 42 15 17 23 25 38 24 26 23 17 7 28 0 13 42 40 40 18 40 5 7 23 23 32 27 19 42 34
split_gain=0.344669 0.436384 0.846722 0.573361 0.642499 0.487329 0.33803 0.869699 1.7559 2.6221 1.07099 0.765884 1.01724 1.27536 0.750369 1.02382 1.37868 1.5525 0.684343 1.03542 1.65691 1.21905 0.7875 0.539085 0.690199 0.779053 0.688699 0.924006 1.7145 0.798174
threshold=50.510041200000011 24.290745873739073 14.617812565536177 0.0004956730407404508 0.00062251817665942252 -0.25933474713103549 -0.81910982117637265 62.60001008899058 178.57330330000002 89424.519224797739 -0.63403455720681068 0.001689809388949935 0.00088218796391767082 224.9049906038272 114336.19000000002 0.0035892143917118317 34.679166189664024 59.69860608402815 -230.00575533175285 -43.275000000001448 -284.33366223465413 -0.0010914128836875851 0.0030200828858625395 -0.36731397826136475 -0.67196410014908603 1905.571010005566 108605.96625000001 739.44499999999982 10.729280753682692 109629.68055838857
decision_type=2 2 2 2 2 2 2 2 2 2 2 2 2 2 2 2 2 2 2 2 2 2 2 2 2 2 2 2 2 2
left_child=1 2 3 4 5 -1 7 18 9 -9 -10 12 14 -14 15 16 17 -11 19 20 21 -2 -21 24 -8 26 27 29 -29 -26
right_child=6 -3 -4 -5 -6 -7 23 8 10 11 -12 -13 13 -15 -16 -17 -18 -19 -20 22 -22 -23 -24 -25 25 -27 -28 28 -30 -31
leaf_value=-3.6235243735674705e-06 1.5915021127466712e-05 8.2961656273036878e-06 -5.1663300306364621e-06 4.0266703222474078e-06 -1.8510607975576551e-05 2.6080615720697665e-05 1.4208908831618122e-07 -6.7361587335076158e-05 3.6872560087481858e-06 2.4382812616509806e-05 -7.5208221837248822e-05 2.9415357927337249e-06 -5.287895197573122e-06 -1.81255169261815e-05 9.126805003718716e-06 2.2397765553586116e-05 -3.7133886324541984e-05 -4.5718180211217604e-05 1.6331398654228452e-06 1.6711720566617583e-05 -6.489523235626946e-05 -6.1331718398612313e-05 -3.0285211554613863e-05 -2.5938046343427429e-08 2.9897860975737551e-06 -7.9796165708645027e-05 8.0724193893477264e-06 -0.00015526245197906074 9.7027662828327638e-07 -3.2296373420577477e-05
leaf_weight=27 35 199 52 242 25 30 4792 29 442 23 33 60 24 22 59 32 20 25 2947 112 27 21 28 14874 2825 41 1953 20 22 39
leaf_count=27 35 199 52 242 25 30 4792 29 442 23 33 60 24 22 59 32 20 25 2947 112 27 21 28 14874 2825 41 1953 20 22 39
internal_value=0.000135832 0.00134783 0.000345745 0.0012963 -0.00231707 0.000614035 0.000111384 -0.000318609 -0.00182705 -0.00486395 5.26318e-05 -0.00330189 -0.0047561 -0.0113043 -0.00286163 -0.0055 -0.00897059 -0.004375 4.73188e-05 -0.00262332 -0.00704819 -0.00214286 1.86265e-10 0.000180331 0.000470491 0.000887755 0.000945668 0.000457674 -0.00690476 0.000565643
internal_weight=29080 575 376 324 82 57 28505 3939 769 294 475 265 205 46 159 100 68 48 3170 223 83 56 140 24566 9692 4900 4859 2906 42 2864
internal_count=29080 575 376 324 82 57 28505 3939 769 294 475 265 205 46 159 100 68 48 3170 223 83 56 140 24566 9692 4900 4859 2906 42 2864
is_linear=0
shrinkage=0.05


Tree=91
num_leaves=31
num_cat=0
split_feature=24 36 13 11 9 41 5 13 38 19 15 13 22 18 19 38 16 39 17 11 35 9 18 23 25 42 4 21 41 15
split_gain=0.439568 0.386816 0.391329 0.396487 0.49689 1.54225 0.420584 0.39387 0.401433 0.764475 1.10178 0.681168 0.733184 0.583333 0.539134 2.23714 0.504688 0.553834 0.517826 0.500257 1.06667 0.509259 0.475913 0.398125 0.806667 0.347425 0.629016 1.42362 0.956319 1.00812
threshold=50.510041200000011 2365.0752763786736 -0.010035470694621929 -0.0055826559095908503 -0.0034383170646019776 347.95745509148441 -0.00046444937165519346 -0.0014382447209903865 57.34408654359644 337.70499999999453 0.0019848938455925662 0.0046209242900567731 197.66668250000004 161.6650000000009 198.04500000000556 73.043587703096321 0.003300198115857991 449.65750000000122 0.0028661121072975854 0.0014583862679239973 113865.94782500001 0.002060203073911721 -105.40000000000144 -0.78057979601987781 -0.61733682154554592 8.1509968148105987 855.36614500000007 117.06499999999507 109.61691554431501 0.0036435063473034767
decision_type=2 2 2 2 2 2 2 2 2 2 2 2 2 2 2 2 2 2 2 2 2 2 2 2 2 2 2 2 2 2
left_child=-1 25 -3 -4 5 -5 -7 23 9 19 -11 -10 13 -13 15 -14 -16 -18 -19 -9 21 -21 -20 24 -6 -2 -27 -28 29 -29
right_child=1 2 3 4 7 6 -8 8 11 10 -12 12 14 -15 16 -17 17 18 22 20 -22 -23 -24 -25 -26 26 27 28 -30 -31
leaf_value=2.4824933791855144e-06 -2.0169188360881849e-07 -2.4348828355848953e-05 3.6833360146609141e-05 -0.00018004885176245097 3.7618776922936126e-05 2.5233669418801641e-05 -4.1117976449901405e-06 6.9506719677929743e-06 1.8645748398665989e-05 -8.0718579966093402e-05 -8.7244460745650727e-07 7.8662919068159396e-08 -6.191560261754421e-05 -2.0820366921600126e-05 1.0227006281504548e-05 2.7828226002890178e-05 -2.7051313528942414e-05 -2.9995429273327974e-05 -5.5733986293046051e-05 1.3209870141901473e-05 -4.688307550685512e-05 -6.7018916843504073e-05 3.7815155632228326e-05 3.2651592850500425e-05 -2.1415754941203946e-05 1.2000328132818643e-06 2.6669376817645055e-05 6.6967955725020145e-05 -0.00014929272604203637 -8.108150771191608e-05
leaf_weight=575 15251 24 60 20 50 42 20 109 167 23 36 27 21 21 405 29 29 21 26 33 20 27 117 117 25 11593 101 23 35 33
leaf_count=575 15251 24 60 20 50 42 20 109 167 23 36 27 21 21 405 29 29 21 26 33 20 27 117 117 25 11593 101 23 35 33
internal_value=0.000153026 0.000125417 0.000915589 0.00102076 0.000848376 -0.00292683 0.000967742 0.00108596 0.000724573 -0.00104839 -0.00601695 0.00123407 0.000545977 -0.00541667 0.000987654 -0.004 0.00140468 -0.000699482 0.000426829 0.000502646 -0.0025 0.000833334 0.0015035 0.00317708 0.000333334 8.24828e-05 0.000286381 -0.00255208 -0.00708791 -0.00303571
internal_weight=29080 28505 1469 1445 1385 82 62 1303 1111 248 59 863 696 48 648 50 598 193 164 189 80 60 143 192 75 27036 11785 192 91 56
internal_count=29080 28505 1469 1445 1385 82 62 1303 1111 248 59 863 696 48 648 50 598 193 164 189 80 60 143 192 75 27036 11785 192 91 56
is_linear=0
shrinkage=0.05


Tree=92
num_leaves=31
num_cat=0
split_feature=21 15 25 19 17 39 22 4 13 11 11 18 5 38 4 36 28 9 23 22 25 5 23 23 7 20 1 19 11 9
split_gain=0.366559 1.05319 1.14871 1.1812 1.04137 1.52481 1.92963 0.642178 0.592362 0.728777 0.856496 0.973178 0.760842 0.584809 0.704414 0.599961 0.69104 1.20198 1.10063 1.28333 0.950842 1.05379 0.72973 0.664866 0.53261 0.818473 1.01029 1.42556 1.78571 1.92857
threshold=0.014999999999417925 0.0027053417052640386 -0.7813028215836374 286.60500000000326 0.0026033716095400466 418.86357142857224 333.80584275000007 496.65348000000006 -0.0042037988038976697 -0.00098666182500858012 -0.0031910362506351033 221.61000000000061 -0.0026140879864326888 49.801594883664968 34.427925000000009 836.54419761805195 -120.48572161130868 -0.00075898570035890856 -0.41755779416345945 108.81511025000002 -0.7423873237474693 -0.00054464480520422063 0.16689471127299846 -0.022919379499738549 0.00078380678404589544 53.724999999998552 108017.8 103.195000000007 0.00079771115050049249 0.0010925548967469134
decision_type=2 2 2 2 2 2 2 2 2 2 2 2 2 2 2 2 2 2 2 2 2 2 2 2 2 2 2 2 2 2
left_child=1 8 3 -3 5 7 -7 -4 -1 10 -10 13 -11 14 -12 16 17 18 19 -16 -18 -22 -20 -23 -14 26 -26 28 -28 -30
right_child=-2 2 4 -5 -6 6 -8 -9 9 12 11 -13 24 -15 15 -17 20 -19 22 -21 21 23 -24 -25 25 -27 27 -29 29 -31
leaf_value=1.949995821248342e-05 2.9095057838731892e-07 -8.5369462813032041e-05 1.1688604699907008e-05 -2.3757354409263638e-05 1.3273002912213141e-05 -9.6677212344439025e-05 2.4533697605777473e-05 -4.7624697839904376e-05 1.4511937941168156e-05 -4.2873880102484835e-05 1.0688672082428161e-05 -4.3747173925049025e-05 8.0688966458376016e-06 5.2650388192813834e-06 -3.0942019985971045e-05 2.0396242959786058e-05 -1.3850625882168431e-06 2.4369963486380682e-05 2.2534164119685085e-05 -5.6529987005625255e-05 -2.9539923170189601e-05 2.5527173854827834e-05 -9.6471310825118063e-06 -3.9110253623087237e-05 5.6175067069843501e-06 1.0008839540494056e-05 6.9083839769112314e-06 -2.1427051381400705e-06 -6.7220431606675747e-06 -2.9936633276447171e-05
leaf_weight=373 24906 22 66 23 179 39 25 20 149 23 42 29 1327 202 20 66 35 62 27 22 25 21 37 20 393 520 21 344 21 21
leaf_count=373 24906 22 66 23 179 39 25 20 149 23 42 29 1327 202 20 66 35 62 27 22 25 21 37 20 393 520 21 344 21 21
internal_value=0.000146149 0.00057978 -0.00195187 -0.00944444 -0.000927051 -0.004 -0.00984375 0.000348837 0.000828948 0.000622994 -0.000746367 -0.00157895 0.00101124 -0.00113126 -0.00229443 -0.0030597 -0.00410781 -0.00214286 -0.00537736 -0.0116667 -0.00737624 -0.0109091 -0.00125 -0.00597561 0.00108991 0.000378788 -0.000625 -0.00237101 -0.00928571 -0.0152381
internal_weight=29080 4174 374 45 329 150 64 86 3800 3427 757 608 2670 579 377 335 269 168 106 42 101 66 64 41 2647 1320 800 407 63 42
internal_count=29080 4174 374 45 329 150 64 86 3800 3427 757 608 2670 579 377 335 269 168 106 42 101 66 64 41 2647 1320 800 407 63 42
is_linear=0
shrinkage=0.05


Tree=93
num_leaves=31
num_cat=0
split_feature=21 15 25 19 17 16 20 39 23 4 35 42 3 22 39 36 20 21 21 42 24 21 21 42 21 17 18 7 24 7
split_gain=0.478017 0.949852 0.992527 0.917397 0.760011 1.27291 1.33333 0.852526 0.472155 0.560897 0.453115 0.433689 0.433037 0.7717 1.34617 0.475271 0.774006 0.547982 1.41288 2.15162 0.798428 0.454337 0.736238 1.44022 0.659396 0.579391 0.727584 0.779219 0.682023 0.625
threshold=0.014999999999417925 0.0027572872831818176 -0.7813028215836374 286.60500000000326 0.0026033716095400466 0.0028446574066414965 71.480000000003216 422.20535714285774 -0.55506063316335841 176.57489000000001 123109.226125 -101.04832283452062 123334.57500000001 169.51314000000002 362.13428571428767 2365.0752763786736 396.65499999999889 13.534999999996218 7.4250000000101872 -22.194605361417128 169.84228190000002 51.084999999999134 65.65499999999885 -40.479063470509338 63.129999999997388 0.0025346495577451143 -78.334999999999113 -0.001168461200074929 280.55926430000005 0.00063229601780624169
decision_type=2 2 2 2 2 2 2 2 2 2 2 2 2 2 2 2 2 2 2 2 2 2 2 2 2 2 2 2 2 2
left_child=1 11 3 -3 5 7 -7 -4 9 -6 12 -1 15 -14 -15 -2 17 18 -17 -20 -19 -22 23 -23 -25 -24 27 -27 -28 -29
right_child=10 2 4 -5 8 6 -8 -9 -10 -11 -12 -13 13 14 -16 16 -18 20 19 -21 21 22 25 24 -26 26 28 29 -30 -31
leaf_value=4.2458963841111516e-05 4.1375996605324557e-08 -8.41059151304304e-05 1.3582106580913276e-05 -2.6790752610035619e-05 4.3480297756317815e-05 -7.9529320073192794e-05 -3.9831576633122143e-05 -7.7323397764832971e-05 1.8896415687558837e-05 -5.1427113107984934e-05 1.8257528662836118e-05 2.974821297196573e-06 3.085221544953079e-05 -0.00011255822619405894 -1.7177390270946357e-06 6.8627181005834663e-06 -3.5100548510606028e-05 -2.415487019392804e-05 -5.7647212204795442e-05 7.1195556392210384e-06 1.0065852033405551e-05 -3.5211157267618469e-05 1.0069171997009838e-05 2.0592371858371286e-05 -5.0598672438908977e-05 2.3531245570204243e-05 -2.1449272258171161e-06 -0.00012158554937541152 3.2171314222701726e-05 -2.3480517759288689e-05
leaf_weight=85 23343 21 59 22 24 20 30 23 124 28 197 3738 36 20 33 58 29 24 22 32 323 39 321 78 21 47 21 20 222 20
leaf_count=85 23343 21 59 22 24 20 30 23 124 28 197 3738 36 20 33 58 29 24 22 32 323 39 321 78 21 47 21 20 222 20
internal_value=0.000156465 0.000651653 -0.00183761 -0.00895349 -0.000844156 -0.00371212 -0.01 0.000121951 0.00130682 -0.00269231 7.34765e-05 0.000880199 5.44338e-05 -0.00342697 -0.00726415 6.70189e-05 0.00100626 0.00119391 -0.00214286 -0.00796296 0.00152289 0.00171763 0.00107098 -0.00224638 0.000959596 0.00177419 0.00030303 -0.00362069 0.00170782 -0.00875
internal_weight=29080 4174 351 43 308 132 50 82 176 52 24906 3823 24709 89 53 24620 1277 1248 112 54 1136 1112 789 138 99 651 330 87 243 40
internal_count=29080 4174 351 43 308 132 50 82 176 52 24906 3823 24709 89 53 24620 1277 1248 112 54 1136 1112 789 138 99 651 330 87 243 40
is_linear=0
shrinkage=0.05


Tree=94
num_leaves=31
num_cat=0
split_feature=36 30 16 0 9 25 13 15 28 25 16 15 21 38 21 15 25 5 17 39 20 23 26 35 3 21 21 28 36 41
split_gain=0.607164 0.55968 0.685683 1.01153 0.908289 0.545463 0.678707 0.601685 0.821906 0.58396 0.482287 0.621861 0.644788 0.660621 0.4367 0.798797 1.21875 0.9 0.873444 1.26237 1.42857 0.470217 0.465244 0.46313 0.455287 1.59419 1.44386 1.36746 1.03584 0.690625
threshold=2365.0752763786736 111895.84676239397 0.0018031284462195658 107908.175 -0.00064160886305953747 0.070546652534531365 -0.010035470694621929 0.0015993072363766955 295.83544859352702 0.14622910435266753 0.0026566238523985509 0.0032589440273380755 277.2400000000053 84.76341623309348 0.014999999999417925 0.0027572872831818176 -0.7813028215836374 0.0017583442769523695 0.0026033716095400466 418.86357142857224 82.334999999999141 -0.55506063316335841 103632.97473500487 123109.226125 119285.04500000003 158.15499999999886 5.3799999999973815 420.27800307599688 483.63994528876361 224.4715207829716
decision_type=2 2 2 2 2 2 2 2 2 2 2 2 2 2 2 2 2 2 2 2 2 2 2 2 2 2 2 2 2 2
left_child=14 2 3 4 -2 6 -4 8 -8 -7 -11 -12 13 -13 15 -1 17 -17 19 22 -21 -20 -18 24 -16 26 -26 28 -27 -28
right_child=1 -3 5 -5 -6 9 7 -9 -10 10 11 12 -14 -15 23 16 18 -19 21 20 -22 -23 -24 -25 25 27 29 -29 -30 -31
leaf_value=3.1742525485526543e-06 -0.00012946512535640651 7.2501376247891462e-06 -2.1845684447598192e-05 -3.9759411444205796e-05 1.7631521914114487e-05 -7.2414924014690732e-05 5.3006810362658237e-06 1.456173404219158e-05 -0.00014110571692227064 9.2150377588735415e-06 -1.8078816026779486e-05 1.8956691293653241e-05 -0.0003007017793264892 -6.6615336714799026e-05 2.0542389785020318e-07 -9.0370098651492727e-05 -2.9027806294413253e-05 -2.0316132635452494e-05 -8.9812314731464069e-06 -0.00014319419479318229 -3.1199858809705253e-05 2.8280557839600088e-05 3.187358939119212e-05 1.7302865192483061e-05 -2.9898427833352862e-05 -0.00014457708126699425 3.516068782518959e-06 -0.00012340332474175598 1.5899990928636497e-05 -2.3360917512631795e-05
leaf_weight=3710 20 544 21 27 69 22 37 434 24 102 30 95 23 21 22721 20 29 20 50 20 36 97 34 196 27 23 522 21 38 47
leaf_count=3710 20 544 21 27 69 22 37 434 24 102 30 95 23 21 22721 20 29 20 50 20 36 97 34 196 27 23 522 21 38 47
internal_value=0.000163343 0.00115385 0.000405406 -0.00318965 -0.000617977 0.00092089 0.00189922 0.00227273 -0.00237705 -0.000802048 -0.000166051 -0.00180473 -0.000395683 0.00112069 0.000110644 0.00059263 -0.00186274 -0.01 -0.000639098 -0.00382353 -0.00928571 0.00193878 0.00103175 2.86079e-05 8.33388e-06 -0.00126844 -0.000369127 -0.00780488 -0.00401639 0.00016696
internal_weight=29080 1469 925 116 89 809 516 495 61 293 271 169 139 116 27611 4016 306 40 266 119 56 147 63 23595 23399 678 596 82 61 569
internal_count=29080 1469 925 116 89 809 516 495 61 293 271 169 139 116 27611 4016 306 40 266 119 56 147 63 23595 23399 678 596 82 61 569
is_linear=0
shrinkage=0.05


Tree=95
num_leaves=31
num_cat=0
split_feature=36 24 16 36 11 42 7 11 13 13 20 20 36 25 15 16 31 42 38 20 26 15 22 0 26 28 34 42 17 42
split_gain=0.494121 0.483087 0.411845 0.66963 0.65582 0.699204 0.757602 0.407214 0.370822 0.447512 0.510088 0.513031 1.12455 1.33228 0.892047 1.77515 0.720394 0.867857 0.680049 0.753908 0.662226 0.469344 0.436281 0.521783 0.396355 0.35654 0.35371 0.625 0.312771 0.310998
threshold=2365.0752763786736 194.89963810000003 0.00056696583057151446 -308.77919153333636 0.0005887947091647571 -6.2932869416097068 0.00038871526246588522 -0.00053639857338213636 -0.010035470694621929 -0.0014382447209903865 0.01000000000203727 74.500000000000014 2873.2505980443534 0.66021788987602814 0.00232755991148797 0.0026829902958567463 87668.085400000011 117.22218999910844 55.784402551476823 141.97499999999857 117606.63650262621 0.0012112269978560822 193.05462825000004 106338.24500000001 110758.2803650085 53.357226304055082 115566.63702668938 12.903636562060129 0.0014916068993555006 10.220267339169
decision_type=2 2 2 2 2 2 2 2 2 2 2 2 2 2 2 2 2 2 2 2 2 2 2 2 2 2 2 2 2 2
left_child=2 28 3 -1 5 -5 7 -7 -3 -10 -11 12 22 14 15 20 17 -13 19 -18 -14 -20 23 -12 -16 -9 -6 -28 -2 -4
right_child=1 8 29 4 26 6 -8 25 9 10 11 16 13 -15 24 -17 18 -19 21 -21 -22 -23 -24 -25 -26 -27 27 -29 -30 -31
leaf_value=1.2119080075847297e-05 -2.9558705726050807e-05 -2.0186985713964628e-05 -1.6766440546111452e-07 8.9247677301314378e-07 9.345648556144732e-06 -5.3975888465546526e-06 -1.5710506865831168e-05 5.3756261182693013e-06 1.2570253988317335e-05 2.2452178338070085e-05 -1.5058604432359734e-05 -1.7320663829795129e-05 6.428513462329685e-06 -7.2717931655799656e-05 1.6114870049494688e-05 -9.3030398897054814e-05 1.8995112462319023e-06 8.3510998744632768e-06 -1.6807785456146694e-05 -1.1477811694794732e-05 -3.8059595216738903e-05 1.5071357398747303e-05 2.225067720484943e-05 8.1045267625573684e-06 -7.336798298769871e-06 -1.1666416228176642e-05 1.7715707933729327e-05 -3.429798767049424e-06 1.7405846843416521e-05 1.0266778089344624e-06
leaf_weight=167 22 24 15676 116 121 24 28 54 232 94 23 30 58 34 69 29 44 40 21 29 22 355 159 22 30 25 20 20 132 11360
leaf_count=167 22 24 15676 116 121 24 28 54 232 94 23 30 58 34 69 29 44 40 21 29 22 355 159 22 30 25 20 20 132 11360
internal_value=0.000158185 0.00105174 0.000110644 0.00143478 0.000343137 -0.0012753 -0.00377863 -0.00179612 0.000741445 0.000855926 0.000420208 7.77204e-05 -0.00116592 -0.00347107 -0.00197115 -0.00509174 0.00114644 -0.00357143 0.00188196 -0.00253425 -0.00125 0.00273936 0.00156863 -0.00277778 0.00146465 -6.3291e-05 0.00282609 -0.00125 0.0037013 8.24828e-05
internal_weight=29080 1469 27611 575 408 247 131 103 1315 1291 1059 965 446 242 208 109 519 70 449 73 80 376 204 45 99 79 161 40 154 27036
internal_count=29080 1469 27611 575 408 247 131 103 1315 1291 1059 965 446 242 208 109 519 70 449 73 80 376 204 45 99 79 161 40 154 27036
is_linear=0
shrinkage=0.05


Tree=96
num_leaves=31
num_cat=0
split_feature=36 16 3 23 36 20 42 42 13 19 32 13 20 39 39 32 23 20 24 28 42 7 19 16 39 16 20 20 4 22
split_gain=0.656167 0.595512 0.644876 0.445401 0.683232 0.561049 0.468382 0.737053 0.633888 0.55102 0.428571 0.425708 0.34014 0.433731 1.15799 0.572999 0.585668 0.468111 0.821558 0.455652 0.617727 0.623218 0.573322 0.58057 1.25488 0.393645 0.523788 0.832092 0.625 0.433333
threshold=2365.0752763786736 0.00056696583057151446 117929.81500000002 0.49015469444964982 -308.77919153333636 1.0000000180025095e-35 2.1453462573798441 -6.2932869416097068 0.0020615630687732165 62.355000000003209 -9.4131439512057096 -0.010035470694621929 396.65499999999889 445.37642857142845 437.03499999999991 1743.9459093719345 1.6453423725020435 85.780000000006126 300.47566670000003 707.42667268945672 7.1522019007524529 0.0026921203197118873 193.00499999999741 0.0018031284462195658 234.55178571428618 0.0036352334807130057 57.949999999997097 74.500000000000014 170.43855500000004 325.53467875000007
decision_type=2 2 2 2 2 2 2 2 2 2 2 2 2 2 2 2 2 2 2 2 2 2 2 2 2 2 2 2 2 2
left_child=1 2 3 4 -1 -6 7 10 -8 -9 -7 -2 13 14 15 19 17 18 -17 20 25 22 -22 24 -24 26 -13 28 -28 -29
right_child=11 -3 -4 -5 5 6 8 9 -10 -11 -12 12 -14 -15 -16 16 -18 -19 -20 -21 21 -23 23 -25 -26 -27 27 29 -30 -31
leaf_value=1.0428313569462221e-05 -1.9177636428266397e-05 3.1655547915318764e-07 -5.2850207464150706e-06 1.0399453617961573e-05 1.1024115678834878e-05 -5.3783990324948103e-06 9.8072212082279617e-06 -2.2548441095277699e-05 -6.8685443383881419e-06 -8.4406276752907164e-07 5.8139220377007941e-06 1.7149572667506943e-05 -2.2073890170866093e-05 1.1915745389370488e-05 -5.7209038771316731e-05 -9.4845262837661423e-06 -3.2058270873134704e-05 1.0714738527950352e-05 2.5107236706692355e-05 1.3942857733868758e-05 -1.7390555654632886e-05 -1.596739625709874e-05 7.2339994958385991e-06 1.4080256620106662e-05 -0.00014122573575894059 -6.5427114552380882e-05 9.7881271540236673e-06 2.0842179051268063e-06 -5.80492411663567e-05 1.6571494716435363e-05
leaf_weight=126 24 27036 21 151 58 35 89 28 21 21 25 341 35 392 23 29 25 28 28 111 25 31 21 81 20 20 20 130 20 65
leaf_count=126 24 27036 21 151 58 35 89 28 21 21 25 341 35 392 23 29 25 28 28 111 25 31 21 81 20 20 20 130 20 65
internal_value=0.000158185 0.000103401 0.00169565 0.00202166 0.00115385 -0.000234657 -0.00139269 -0.0037156 0.000909091 -0.00826531 1.86265e-10 0.00118788 0.00129758 0.00141844 0.000874263 0.00113065 -0.00227273 -0.000294117 -0.00289474 0.00155367 0.00112403 -0.00146067 -0.000102041 0.00131148 -0.00353659 0.00189597 0.00213542 0.000319149 -0.00625 0.00166667
internal_weight=29080 27611 575 554 403 277 219 109 110 49 60 1469 1445 1410 1018 995 110 85 57 885 774 178 147 122 41 596 576 235 40 195
internal_count=29080 27611 575 554 403 277 219 109 110 49 60 1469 1445 1410 1018 995 110 85 57 885 774 178 147 122 41 596 576 235 40 195
is_linear=0
shrinkage=0.05


Tree=97
num_leaves=31
num_cat=0
split_feature=36 13 36 15 15 34 25 42 21 32 19 9 7 36 4 32 9 4 13 20 9 11 0 15 9 22 40 13 22 36
split_gain=0.671596 0.425708 0.388108 0.576559 0.858062 0.921048 0.714133 0.751275 0.86713 0.601312 0.478846 0.785301 0.379841 0.765683 1.20906 2.86292 1.94168 1.18967 1.96655 1.22105 0.936643 0.873491 0.852771 0.832731 1.25647 0.966391 1.25527 2.47377 1.3928 1.13389
threshold=2365.0752763786736 -0.010035470694621929 2776.8623996754618 0.0021687606553594291 0.0020968677719805395 88820.176431214466 0.070546652534531365 144.94587462028559 109.08499999999914 1743.9459093719345 142.14499999999683 -0.00012131685623105596 0.00048645248671939229 1556.154373462836 142.54799500000004 404.97488103598158 0.0012285588761194678 98.195765000000009 0.0077138987379238248 47.385000000002044 0.0019425085692076547 0.0013524960060996923 105598.57500000003 0.0010355343867654886 0.0011749211048802499 94.894993000000014 4.929026618701756 0.0025880401798339483 63.828636500000009 1217.9243736259234
decision_type=2 2 2 2 2 2 2 2 2 2 2 2 2 2 2 2 2 2 2 2 2 2 2 2 2 2 2 2 2 2
left_child=12 -2 10 4 5 -4 -5 8 9 -8 11 -3 -1 21 15 -15 22 20 19 -19 -18 -14 -17 24 -23 26 -26 28 -28 -27
right_child=1 2 3 6 -6 -7 7 -9 -10 -11 -12 -13 13 14 -16 16 17 18 -20 -21 -22 23 -24 -25 25 29 27 -29 -30 -31
leaf_value=1.0058378327686737e-06 -1.8218754606853076e-05 -1.963390144794028e-05 -8.7468244127630163e-05 1.5670931947756197e-05 -8.5904695889090882e-05 1.6708747050574949e-06 1.9893033186399545e-05 3.9459830596435761e-06 -8.4245310815925939e-05 -1.7879845515078148e-05 8.814298837533704e-06 1.3408172868659228e-05 -1.3682434765843933e-06 8.5313609381442833e-06 -1.0197145192770729e-06 -2.7498046821795203e-05 -1.3371962340640225e-05 -3.7232380330966155e-05 -1.5229287956179064e-05 -1.8893755128273289e-05 3.1530277630300102e-05 6.5362015734550226e-06 1.6146112564071163e-05 2.5479188202962331e-06 3.3728103092067194e-06 5.3414345311342982e-06 -8.4979186681748199e-06 -1.1702552921695096e-06 -5.1489664244524532e-05 -4.9460720237417962e-05
leaf_weight=16633 24 20 35 283 28 303 40 128 33 34 504 37 4666 112 655 31 20 38 21 20 21 293 46 4431 107 268 49 130 38 32
leaf_count=16633 24 20 35 283 28 303 40 128 33 34 504 37 4666 112 655 31 20 38 21 20 21 293 46 4431 107 268 49 130 38 32
internal_value=0.000146149 0.00118788 0.00129758 0.000644797 -0.000874317 -0.000177515 0.00171815 -0.000319149 -0.00341121 -0.000405405 0.0023262 -0.00201754 9.07249e-05 -0.000137548 -0.0014834 -0.00406149 -0.00769035 -0.0116667 -0.0152532 -0.02 -0.0047561 -7.98863e-06 -0.00149351 0.000428198 -0.000943293 -0.00221154 -0.00410494 -0.00629032 -0.0128161 -0.000166666
internal_weight=29080 1469 1445 884 366 338 518 235 107 74 561 57 27611 10978 964 309 197 120 79 58 41 10014 77 5348 917 624 324 217 87 300
internal_count=29080 1469 1445 884 366 338 518 235 107 74 561 57 27611 10978 964 309 197 120 79 58 41 10014 77 5348 917 624 324 217 87 300
is_linear=0
shrinkage=0.05


Tree=98
num_leaves=31
num_cat=0
split_feature=34 41 36 35 38 13 7 4 9 28 0 24 24 16 17 19 24 24 20 23 38 28 39 7 35 5 3 17 13 4
split_gain=0.463796 0.737815 0.726786 0.706491 0.686036 0.852203 0.725687 0.877564 1.80198 0.857758 0.687988 1.02893 1.33341 2.35111 0.682427 0.595238 0.580217 1.15346 0.563894 0.78476 0.926767 2.17302 2.29315 0.699297 0.575159 0.936643 0.671594 0.787586 0.569713 0.98769
threshold=105337.20352346024 -467.22678867261925 2181.0024910696379 105585.88582500002 46.838527281988725 -0.0084806928629134574 -0.0055122834021029245 323.50236000000001 -0.005093780221147569 -97.696121594308337 106164.37500000001 154.16150220000003 259.42359810000011 0.0024909453530516201 0.0035705243572186087 942.87499999999284 775.20404030000009 694.17274710000004 5.4899999999979636 -1.1164818116838287 56.818986449023633 152.9089365499531 120.66535714285628 -0.00096935003448310518 105269.99980000001 -0.00012966357217607168 108000.00500000002 0.002639819394120542 0.015022457266511274 357.93187000000006
decision_type=2 2 2 2 2 2 2 2 2 2 2 2 2 2 2 2 2 2 2 2 2 2 2 2 2 2 2 2 2 2
left_child=1 14 18 4 -3 -6 7 8 -7 -8 -11 -12 13 -13 -1 -9 17 -16 19 20 23 22 -22 -2 25 -21 27 -26 -20 -30
right_child=2 3 -4 -5 5 6 9 15 -10 10 11 12 -14 -15 16 -17 -18 -19 28 24 21 -23 -24 -25 26 -27 -28 -29 29 -31
leaf_value=1.7489413566707821e-05 -1.2254812654092379e-05 -2.7377343087514847e-06 5.7679290197928785e-06 -6.8812395644966785e-05 -0.00028579205122988323 -9.8331305807213161e-05 1.3159199919018644e-05 1.1032008969694257e-05 -4.5677112837891246e-06 8.1082641955118143e-07 1.1910445714821209e-06 -6.6051331712604414e-05 6.6414864618770122e-07 2.6196290267632198e-06 -2.0753415319983356e-08 -0.00012495216849426604 1.633180446687387e-05 -0.00013558412417293616 4.0316145748599437e-07 -3.6984795121814402e-05 -1.3914320569765072e-06 1.7686036102148963e-05 -5.3647925133178245e-05 4.2087109160283945e-06 1.5343147746223515e-05 1.0342573455226242e-05 4.7235695801450808e-06 -6.9148987474873121e-05 -7.3951381414533933e-05 3.3040312427630163e-05
leaf_weight=346 31 5333 878 21 36 23 563 84 29 7409 67 25 33 20 192 24 141 28 10748 20 22 47 24 135 374 21 2321 23 37 25
leaf_count=346 31 5333 878 21 36 23 563 84 29 7409 67 25 33 20 192 24 141 28 10748 20 22 47 24 135 374 21 2321 23 37 25
internal_value=0.000161623 -4.03504e-05 0.000359037 -0.000121826 -0.000107724 0.00017623 0.000209617 -0.003125 -0.00846154 0.000275348 0.000135028 -0.00327586 -0.00717949 -0.0127778 0.00153465 -0.000555555 1.38506e-05 -0.00159091 0.000270466 0.000874752 -0.00175676 -0.00575269 -0.0134783 0.000481928 0.00112178 -0.0047561 0.00121045 0.00311083 0.000101758 -0.00467742
internal_weight=29080 14374 14706 13667 13646 8313 8277 160 52 8117 7554 145 78 45 707 108 361 220 13828 3018 259 93 46 166 2759 41 2718 397 10810 62
internal_count=29080 14374 14706 13667 13646 8313 8277 160 52 8117 7554 145 78 45 707 108 361 220 13828 3018 259 93 46 166 2759 41 2718 397 10810 62
is_linear=0
shrinkage=0.05


Tree=99
num_leaves=31
num_cat=0
split_feature=3 2 20 23 17 36 38 28 19 15 28 15 36 0 32 20 26 11 7 36 34 9 22 7 41 38 4 28 11 40
split_gain=0.458142 0.88088 0.673414 0.640772 0.949163 0.545816 1.02755 0.797426 0.797524 0.865801 0.71186 1.68183 1.03044 0.539336 0.942421 0.974339 0.695817 0.518786 0.896301 1.09104 1.20259 0.739545 1.60926 0.900524 0.876051 0.766501 0.689819 0.664615 0.663325 0.648468
threshold=102785.25500000002 103061.11500000002 1.0000000180025095e-35 -0.94949148311778575 0.0024245631208157079 136.88983493705749 82.230969928981082 900.55883384700439 1098.9600000000066 0.0046306954848216149 -383.74007939202414 0.0011735622879546612 971.15434258113248 102555.41000000002 101.08036635118334 50.11499999999797 103013.32695299033 0.0022616857777374749 -0.0014805270997002922 -1857.7867886349266 111080.39213510392 0.0013904413705687682 52.448378000000012 -0.00094652679305393952 65.230803418415462 57.34408654359644 599.4339050000001 146.00252416043807 0.00946379021858261 134.80364773439945
decision_type=2 2 2 2 2 2 2 2 2 2 2 2 2 2 2 2 2 2 2 2 2 2 2 2 2 2 2 2 2 2
left_child=13 3 -3 4 -2 6 7 8 17 -10 11 -7 -13 -1 15 -15 -17 21 19 -19 -21 -4 -23 -24 -25 27 28 -26 -20 -27
right_child=1 2 5 -5 -6 10 -8 -9 9 -11 -12 12 -14 14 -16 16 -18 18 26 20 -22 22 23 24 25 29 -28 -29 -30 -31
leaf_value=-1.1302789905949756e-07 -3.935235714824701e-05 5.3979483849983475e-06 9.316096674369046e-08 2.0339089609877677e-05 4.0481540307448292e-05 -3.7133955443810825e-05 -1.9064975177150124e-05 -2.8065932787878734e-05 -7.4339511632774742e-05 -0.00028038254047450789 1.8135640125787981e-06 1.7631858160684947e-05 -3.2726952738291239e-05 -2.4889693400030082e-06 3.0635400566313816e-05 -9.0588833692328667e-05 -3.9862401299527841e-05 3.0749384726604835e-05 6.0900219655512712e-06 2.0961289090735541e-06 -4.9448510101955574e-05 -1.1609429467856873e-05 -4.175090730882315e-05 -7.5084358013999261e-07 -1.5962793369017164e-06 -2.7793629287041136e-05 -9.0023677917954088e-05 2.255952901617513e-05 -3.3274643282568327e-05 -8.8227170624584266e-06
leaf_weight=11607 24 1670 5415 288 33 30 32 25 33 21 7264 149 39 37 43 22 24 26 1198 36 35 27 36 796 26 21 25 24 48 26
leaf_count=11607 24 1670 5415 288 33 30 32 25 33 21 7264 149 39 37 43 22 24 26 1198 36 35 27 36 796 26 21 25 24 48 26
internal_value=0.000161623 0.00032484 0.000274086 0.00282609 -0.00201754 0.000170232 -0.000121019 -8.44204e-05 -5.58191e-05 -0.00611111 0.000475809 -0.00233945 -0.000585106 -7.96896e-05 -0.00333333 -0.00644578 -0.0113043 -1.35675e-05 0.000869883 -0.00376289 -0.00697183 -0.000203265 -0.00148536 -0.00113563 -0.000823068 -0.00530928 0.00122345 -0.001 0.00138844 -0.00989362
internal_weight=29080 17347 17002 345 57 15332 7850 7818 7793 54 7482 218 188 11733 126 83 46 7739 1368 97 71 6371 956 929 893 97 1271 50 1246 47
internal_count=29080 17347 17002 345 57 15332 7850 7818 7793 54 7482 218 188 11733 126 83 46 7739 1368 97 71 6371 956 929 893 97 1271 50 1246 47
is_linear=0
shrinkage=0.05


Tree=100
num_leaves=31
num_cat=0
split_feature=3 31 2 23 25 22 25 22 1 19 5 21 21 16 36 42 28 28 13 40 15 24 25 38 7 23 32 23 36 35
split_gain=0.475287 0.829723 0.663073 0.782201 1.28022 0.879972 0.845121 1.15518 0.811722 1.29275 0.737614 1.05995 2.30746 1.56327 2.18199 1.09523 1.04916 1.12201 0.710145 1.37767 0.701087 0.90495 0.600207 0.616889 0.793849 0.576916 0.59906 1.23153 0.823983 0.651473
threshold=116194.93500000001 117458.63040000001 116586.69000000002 -0.81341614336444701 -0.39170926788488197 258.38036525000001 -0.91335193432778816 113.93664325000002 117180.95500000002 97.175000000002925 -0.00022975755609322708 30.374999999992728 46.474999999998552 0.001916457013698754 1377.8290177660822 -26.196138061344001 -234.2671954365214 -427.31366611985862 0.00012773718536969526 27.350474191895049 0.0028500127291915599 257.11269470000008 1.3679696537161712 20.603250390035154 -0.0017221928842395286 -0.22587992468665033 -279.86005157948233 0.048139042366026633 -102.23510316681494 120688.11432500002
decision_type=2 2 2 2 2 2 2 2 2 2 2 2 2 2 2 2 2 2 2 2 2 2 2 2 2 2 2 2 2 2
left_child=1 -1 -2 4 5 8 7 -5 9 -4 22 16 13 14 15 -13 17 -12 -17 -20 25 -22 23 24 -8 -14 27 -27 -29 -28
right_child=2 -3 3 6 -6 -7 10 -9 -10 -11 11 12 20 -15 -16 18 -18 -19 19 -21 21 -23 -24 -25 -26 26 29 28 -30 -31
leaf_value=3.0569351999458565e-07 1.0561727422433276e-05 -0.00012627525998987416 6.8815139045166559e-06 -5.2272049472879234e-05 -4.6823774938323122e-05 3.9393405628846947e-06 -0.00016152340576841855 7.3553328678788541e-07 -2.5425485215551428e-06 -2.1328672185490669e-05 2.4491851581861417e-05 -6.8451804539653674e-05 6.4086710386162617e-06 5.1153167240155172e-05 -3.3771443422396768e-05 3.3639843724397119e-05 1.1075404303887364e-05 -4.2341808529160473e-05 -7.9139686235962399e-05 5.4604691633293498e-06 3.3896265046890322e-06 -4.8684443649543084e-05 3.5955566201710162e-05 5.6982589685277976e-06 1.5220459236502217e-06 -2.3973141742448486e-05 7.2793542802795398e-06 2.0473441683674761e-05 -8.2970532013575365e-05 -1.3961542889825052e-05
leaf_weight=24828 353 36 25 29 27 120 27 45 553 28 20 26 309 27 27 23 642 21 26 43 41 27 161 1128 23 24 333 41 23 44
leaf_count=24828 353 36 25 29 27 120 27 45 553 28 20 26 309 27 27 23 642 21 26 43 41 27 161 1128 23 24 333 41 23 44
internal_value=0.000168501 8.5264e-05 0.000659393 0.000469842 -0.000976095 -0.000578512 0.000819936 -0.00445946 -0.00135314 -0.00726415 0.000948617 0.000256335 -0.000769231 -0.00604651 -0.00810345 -0.00516949 0.00177892 -0.00597561 -0.0026087 -0.00514493 0.000308789 -0.00455882 0.00182599 0.00143464 -0.004 0.000736434 -0.000376344 -0.00409091 -0.00046875 0.000490716
internal_weight=29080 24864 4216 3863 753 726 3110 74 606 53 3036 1697 1014 172 145 118 683 41 92 69 842 68 1339 1178 50 774 465 88 64 377
internal_count=29080 24864 4216 3863 753 726 3110 74 606 53 3036 1697 1014 172 145 118 683 41 92 69 842 68 1339 1178 50 774 465 88 64 377
is_linear=0
shrinkage=0.05


Tree=101
num_leaves=31
num_cat=0
split_feature=3 34 23 25 22 4 7 11 7 2 21 19 16 23 16 3 2 9 9 9 11 7 0 16 7 16 15 32 28 18
split_gain=0.708087 0.683642 0.66211 1.05147 0.779154 0.627751 0.613347 0.811525 1.22587 0.510566 0.548255 0.54178 0.934912 0.982315 0.483711 0.55312 0.658084 0.52894 1.04435 0.542366 0.693222 0.516284 0.473079 1.70455 0.894089 0.480034 0.508006 1.3195 0.920656 0.93306
threshold=116194.93500000001 118022.02933773388 -0.81341614336444701 -0.37471005519214079 262.58646725000006 124.25545000000001 0.0014112505976814729 0.00013052345877137032 0.0018316469592474555 117403.13000000002 468.76499999999947 77.275000000001469 0.0009333447444157941 -0.21688578349216334 0.0015186933542915128 116686.94000000002 116875.43000000001 0.00045210673162718594 0.00085129506426435747 -0.00057029385289419042 0.00052029362985764511 0.00073822820641755054 115971.05500000001 0.0012846107879876535 -0.00064542764566173129 0.00053786271501548124 0.00056760389712356995 293.55304389245435 -191.62297931228383 -2.6800000000002906
decision_type=2 2 2 2 2 2 2 2 2 2 2 2 2 2 2 2 2 2 2 2 2 2 2 2 2 2 2 2 2 2
left_child=1 22 3 4 5 6 14 -8 -9 -4 11 12 13 -11 15 -2 -17 19 -19 20 -18 -20 25 24 -24 -1 27 28 -27 -30
right_child=2 -3 9 -5 -6 -7 7 8 -10 10 -12 -13 -14 -15 -16 16 17 18 21 -21 -22 -23 23 -25 -26 26 -28 -29 29 -31
leaf_value=4.2457319710362326e-06 2.6079212163358e-05 -9.7043100460486269e-05 6.638318339793006e-06 -4.4780565907876862e-05 1.022818236885897e-05 -2.5311004592021433e-05 6.4487006671349753e-06 -6.540477157689298e-05 -3.2205908597829105e-06 1.2215664843786718e-05 -0.00014409153252574523 3.2442414589181181e-06 -3.6788558256448577e-05 -5.9103991411301436e-06 8.0910608247268141e-06 -1.2751215229912052e-05 -1.5702578310586641e-06 -5.1406691188652761e-06 -6.0341300828815182e-06 1.2054252742704471e-05 -3.8029032452001289e-05 6.3727740237617271e-06 -3.5705701661282765e-06 1.9343979385467373e-05 -3.9261443794903606e-05 -2.0183307601001677e-05 3.9939231441994629e-07 -3.2429586484218155e-05 6.3019551742300112e-06 -4.0918118506706035e-06
leaf_weight=370 35 58 801 26 127 26 34 23 41 48 20 2471 20 27 192 24 98 21 36 100 24 22 21 60 29 27 23826 30 199 244
leaf_count=370 35 58 801 26 127 26 34 23 41 48 20 2471 20 27 192 24 98 21 36 100 24 22 21 60 29 27 23826 30 199 244
internal_value=0.000178817 7.72203e-05 0.000777989 -0.00048854 -0.000168119 -0.000843195 -0.000538461 -0.00418367 -0.0075 0.00108798 0.000746327 0.0008106 -0.00289474 -0.000333333 0.000108696 -0.000972222 -0.00161538 -0.000980066 -0.00449367 0.00027027 -0.00196721 -0.00103448 8.98978e-05 -0.00318182 -0.01 0.000104471 7.72837e-05 -0.0015 -0.000851064 -0.00030474
internal_weight=29080 24864 4216 829 803 676 650 98 64 3387 2586 2566 95 75 552 360 325 301 79 222 122 58 24806 110 50 24696 24326 500 470 443
internal_count=29080 24864 4216 829 803 676 650 98 64 3387 2586 2566 95 75 552 360 325 301 79 222 122 58 24806 110 50 24696 24326 500 470 443
is_linear=0
shrinkage=0.05


Tree=102
num_leaves=31
num_cat=0
split_feature=3 34 27 19 41 9 5 15 17 17 24 32 11 4 22 13 42 39 39 21 20 24 23 11 35 11 16 38 23 38
split_gain=0.600402 0.685672 0.59597 0.964606 1.40192 1.47838 0.814026 0.690367 0.647021 0.529803 0.605886 0.855629 1.11393 1.52312 0.658455 0.557026 0.697988 1.02083 0.811411 0.595165 0.537592 1.34998 0.509884 1.89394 0.494696 1.11134 0.610702 0.513939 0.467343 0.433482
threshold=116194.93500000001 118022.02933773388 117587.54975000001 77.275000000001469 -4.7122676446858298 0.00047428130874994489 -0.0016625044261433461 0.0038577693811976013 0.003911772223671151 0.0025346495577451143 178.57330330000002 134.81546681019248 0.0016877813533792902 150.20367000000002 115.54617350000002 0.0016340894842650177 -5.8765665828264799 333.28964285714397 484.971785714286 151.28500000000352 150.64000000000672 246.06779690000005 -1.207863003427587 0.00076357786531881507 119113.84137500002 -0.00056995982401416071 0.0016139670296307384 43.51714228182275 0.61241004123507814 65.541889669224261
decision_type=2 2 2 2 2 2 2 2 2 2 2 2 2 2 2 2 2 2 2 2 2 2 2 2 2 2 2 2 2 2
left_child=1 -1 7 4 -4 -6 -5 8 -2 10 22 12 14 -14 -12 -13 17 -17 19 -18 24 -22 23 -8 25 26 -16 -28 -26 -24
right_child=2 -3 3 6 5 -7 9 -9 -10 -11 11 15 13 -15 20 16 18 -19 -20 -21 21 -23 29 -25 28 -27 27 -29 -30 -31
leaf_value=2.8546498267943079e-07 6.5161281894472061e-06 -9.2190945437461944e-05 -5.1179439070595371e-05 1.5979738478267246e-05 1.0019621619507552e-05 -3.5208155187252847e-06 1.9254589555104418e-05 -5.4284435753194776e-05 -1.1324331391541109e-05 4.0000536027708077e-06 -5.5766972978784172e-05 5.0105045450708293e-06 -1.0638468429339964e-07 -9.2412922111499539e-05 -7.4295456996366198e-05 -3.5100447136896857e-05 1.5008546386527386e-05 3.0054879714920099e-05 -2.170600988787775e-05 -3.2572194768100742e-05 -0.00014178585501838705 5.1690692550565982e-05 4.2384042037171024e-06 -2.5453664338549418e-05 2.4624064831803625e-05 -3.4291782061215932e-05 2.7674189696771827e-05 -2.5409990134161598e-05 -4.6643286254125161e-05 -1.3692144537518806e-06
leaf_weight=24806 1083 58 26 403 76 28 33 20 36 169 24 185 28 33 20 24 164 24 27 37 27 31 1201 22 116 28 53 22 20 256
leaf_count=24806 1083 58 26 403 76 28 33 20 36 169 24 185 28 33 20 24 164 24 27 37 27 31 1201 22 116 28 53 22 20 256
internal_value=0.000178817 8.5264e-05 0.00073055 0.000368866 -0.00384615 -0.00125 0.000554802 0.00170764 0.00187221 0.000224057 3.15791e-05 -0.00102549 -0.00271144 -0.00893443 -0.00159824 0.000444686 -0.000978261 -0.00645833 0.000175439 0.00126866 -0.000993691 -0.00534483 0.000634921 -0.00409091 -1.93048e-05 -0.00231707 0.000263158 0.00233333 0.00205882 0.000813315
internal_weight=29080 24864 4216 3077 130 104 2947 1139 1119 2544 2375 863 402 61 341 461 276 48 228 201 317 58 1512 55 259 123 95 75 136 1457
internal_count=29080 24864 4216 3077 130 104 2947 1139 1119 2544 2375 863 402 61 341 461 276 48 228 201 317 58 1512 55 259 123 95 75 136 1457
is_linear=0
shrinkage=0.05


Tree=103
num_leaves=31
num_cat=0
split_feature=3 34 23 25 22 32 32 20 4 4 4 13 9 4 27 16 20 20 40 19 41 39 18 7 11 20 41 40 16 24
split_gain=0.585906 0.684657 0.601562 1.05147 0.609131 0.635649 0.662984 0.47104 0.676016 1.06535 1.60481 1.76119 1.80564 0.931442 1.13766 1.20708 0.697767 0.649187 0.734097 0.612745 0.589452 0.875 0.55693 1.33601 1.27811 0.566339 0.480274 0.569683 0.830093 0.815851
threshold=116194.93500000001 118022.02933773388 -0.81341614336444701 -0.37471005519214079 258.38036525000001 -667.59809275664145 716.45707106844941 1.0000000180025095e-35 82.738790000000009 46.133255000000005 57.749490000000002 0.00058283976714769198 0.00082461129757564007 76.595230000000015 118156.03725000002 0.001100966828641769 55.514999999999425 34.155000000006119 56.592674419807743 100.31499999999507 29.78712190205048 152.87964285714256 141.36000000000061 -0.00016244525488604653 0.00022691890239979443 338.11000000000064 -326.01811319437849 191.72700355324926 0.0014950373327434895 294.98917830000011
decision_type=2 2 2 2 2 2 2 2 2 2 2 2 2 2 2 2 2 2 2 2 2 2 2 2 2 2 2 2 2 2
left_child=1 -1 3 4 5 -2 -7 -4 9 -9 11 19 -13 17 16 -16 -15 18 20 -11 21 -12 25 24 -24 -10 -25 -28 -29 -30
right_child=2 -3 7 -5 -6 6 -8 8 22 10 13 12 -14 14 15 -17 -18 -19 -20 -21 -22 -23 23 26 -26 -27 27 28 29 -31
leaf_value=2.7119173354545758e-07 -2.8105183147470225e-05 -8.7581398165588866e-05 1.3332358288485369e-05 -4.0337174706773513e-05 5.7176915939204036e-06 -2.5644697549639385e-07 -9.7497528197008489e-06 1.0097459768483983e-05 4.6976140129273657e-06 -3.1776371247413191e-07 -5.1574294813477726e-05 -3.0586985429817961e-05 -5.794389894672835e-07 1.1797640598833835e-05 -2.7178663415088848e-05 -2.5050276463364828e-05 -2.2736876400781107e-05 2.053276457237738e-05 1.0705308088994549e-05 1.5011871638151941e-05 -1.7583439282095882e-05 2.4263351027386762e-05 -8.7045976736873935e-06 -1.7287290929711293e-05 -6.9469503455526138e-05 -1.9460846515631175e-05 8.0484968161589385e-06 -4.862069200773719e-05 1.0565465260840776e-05 -4.5576233605005496e-05
leaf_weight=24806 26 58 354 26 139 606 32 137 1822 20 28 36 22 35 21 26 22 119 47 34 22 28 42 35 20 22 340 23 104 28
leaf_count=24806 26 58 354 26 139 606 32 137 1822 20 28 36 22 35 21 26 22 119 47 34 22 28 42 35 20 22 340 23 104 28
internal_value=0.000173659 8.12421e-05 0.000718691 -0.00048854 -0.000168119 -0.000798193 -0.000485893 0.00101417 0.000812727 -0.000695142 -0.00184783 -0.00705357 -0.0131034 -0.000172414 -0.00413462 -0.00989362 0.000614035 0.00151639 -0.001 -0.000555555 -0.00397436 -0.00125 0.00118227 -0.000152027 -0.00709677 0.00161063 0.000660378 0.00106061 -0.00145161 7.57578e-05
internal_weight=29080 24864 4216 829 803 664 638 3387 3033 597 460 112 58 348 104 47 57 244 125 54 78 56 2436 592 62 1844 530 495 155 132
internal_count=29080 24864 4216 829 803 664 638 3387 3033 597 460 112 58 348 104 47 57 244 125 54 78 56 2436 592 62 1844 530 495 155 132
is_linear=0
shrinkage=0.05


Tree=104
num_leaves=31
num_cat=0
split_feature=3 34 23 25 22 32 32 25 24 23 9 36 25 11 32 11 41 19 25 5 7 7 28 21 22 25 17 21 28 15
split_gain=0.597048 0.683135 0.542956 0.99302 0.621166 0.638463 0.666118 0.484215 1.29659 0.579358 0.710549 0.746897 0.660971 0.986309 0.695291 0.679492 0.728431 0.791669 1.52264 0.980503 1.11177 0.753463 0.652271 0.629463 0.623994 0.612629 0.595128 0.582442 0.526581 0.517948
threshold=116194.93500000001 118022.02933773388 -0.81341614336444701 -0.3690692577170322 258.38036525000001 -667.59809275664145 716.45707106844941 -0.92938070219152991 213.53822791000002 -0.46805952560302083 0.0034417036914662111 240.07901106977081 0.34806708298068928 0.0078757783111970906 81.414147357267225 0.0032724704513482123 112.18061182416301 95.370000000002634 -0.38621554891654969 0.0010895404386355443 0.0011213226230492189 0.00017546416809652318 -146.29194512862156 468.76499999999947 158.40005475000001 0.26623510834035519 0.001416523762081833 146.94500000000701 355.62159984842589 0.00055424645503966295
decision_type=2 2 2 2 2 2 2 2 2 2 2 2 2 2 2 2 2 2 2 2 2 2 2 2 2 2 2 2 2 2
left_child=1 -1 3 4 5 -2 -7 8 -4 10 -9 -12 13 14 15 16 17 18 -11 25 21 -21 -16 29 -22 -19 -24 -28 -29 -14
right_child=2 -3 7 -5 -6 6 -8 9 -10 12 11 -13 23 -15 22 -17 -18 19 -20 20 24 -23 26 -25 -26 -27 27 28 -30 -31
leaf_value=2.5763214686818655e-07 -2.6699923990096708e-05 -8.3202328257309417e-05 -6.5800362763024264e-05 -3.9061423660663908e-05 3.6463922120266138e-06 -2.4011196560480829e-07 -9.2622651787158105e-06 8.3230519051746229e-06 9.920837384275705e-06 -6.4725519050890486e-05 1.9424565206514389e-05 -1.662706436342961e-05 -5.6779395975548073e-06 -3.2362490411981945e-05 -2.0199216562347628e-05 -4.9885711023522694e-05 -3.5264219923874589e-05 7.3866776546462323e-06 2.7283858226138383e-05 -2.7982228240402551e-05 4.4040489507312104e-05 -8.2722822076404927e-05 -4.5403695803718018e-07 -0.00013497684411197357 -3.6605298325486845e-05 -4.461968729270944e-05 1.0190277317158407e-05 1.5659801221793532e-05 -4.9679320829245818e-06 8.0125681192081247e-06
leaf_weight=24806 26 58 39 22 141 608 32 790 28 25 25 29 24 28 26 30 25 436 23 22 31 20 247 21 23 34 417 32 23 989
leaf_count=24806 26 58 39 22 141 608 32 790 28 25 25 29 24 28 26 30 25 436 23 22 31 20 247 21 23 34 417 32 23 989
internal_value=0.000168501 7.52093e-05 0.000718691 -0.000428227 -0.000142503 -0.000780781 -0.00046875 0.00099941 -0.00320895 0.00108434 0.00221564 -0.00333333 0.000698708 6.935e-06 0.000190948 -0.000979073 -0.000633803 -0.000293159 -0.00645833 0.000229682 -0.004375 -0.0104762 0.00124161 0.00166344 0.000370371 0.00117021 0.00152295 0.00256356 -0.00227273 0.00184107
internal_weight=29080 24864 4216 829 807 666 640 3387 67 3320 844 54 2476 1442 1414 669 639 614 48 566 96 42 745 1034 54 470 719 472 55 1013
internal_count=29080 24864 4216 829 807 666 640 3387 67 3320 844 54 2476 1442 1414 669 639 614 48 566 96 42 745 1034 54 470 719 472 55 1013
is_linear=0
shrinkage=0.05


Tree=105
num_leaves=31
num_cat=0
split_feature=3 34 9 23 25 25 20 32 22 39 25 20 38 13 41 32 11 5 11 23 9 11 25 24 25 11 40 41 5 20
split_gain=0.578912 0.682628 0.574877 0.483601 0.521592 0.614155 0.554296 0.924562 0.737873 2.21893 1.59934 0.651713 1.00828 1.07562 0.635582 0.625 0.54312 0.698623 0.512121 0.495591 0.684992 0.93648 0.544627 1.20285 0.492214 0.960482 0.642433 0.904767 1.0947 0.969697
threshold=116194.93500000001 118022.02933773388 -0.00394508531798977 -0.78713570069005445 -0.3690692577170322 -0.5258765433644661 36.845000000001171 -634.08995406142628 85.346689250000011 199.48249999999931 -0.77475410220132124 13.485000000000584 44.229622162579396 0.0043268335776949244 -24.024883745182553 -852.62818125637557 0.00013052345877137032 0.00038246833808440629 -0.00050331731549400406 -0.46805952560302083 0.0032575925759617342 0.0030862676598489248 -0.91335193432778816 171.84597290000002 0.34806708298068928 0.0078757783111970906 24.521695508505221 16.305514297675185 -0.00093252300438661161 29.060000000004951
decision_type=2 2 2 2 2 2 2 2 2 2 2 2 2 2 2 2 2 2 2 2 2 2 2 2 2 2 2 2 2 2
left_child=1 -1 -2 4 5 6 8 15 14 10 18 16 -13 -14 -4 -8 -11 -18 -10 20 22 -22 23 -5 25 26 27 -21 -29 -30
right_child=2 -3 3 19 -6 -7 7 -9 9 11 -12 12 13 -15 -16 -17 17 -19 -20 24 21 -23 -24 -25 -26 -27 -28 28 29 -31
leaf_value=2.4475053952477668e-07 1.9414966039482364e-05 -7.9042211844443944e-05 -3.034157826454012e-05 -6.6313701847066101e-05 -3.5811414021479853e-05 1.0791678268595835e-05 -7.4268537954375344e-07 2.4075717717085895e-06 -1.7936911110256169e-06 2.2262754349979672e-05 -1.5213288383981883e-05 -3.065866896759502e-05 6.0117610667823118e-06 -5.3037122269088646e-05 1.3620778292912077e-05 -2.3712407963941887e-05 -5.887933036018672e-05 1.3152202190921841e-05 2.7293798100365019e-05 -3.6593067673152313e-07 4.6499336532890662e-06 -9.9912578470408969e-06 8.7341286379175446e-06 5.7196828327756298e-06 4.7544263916356621e-06 -3.0744365891382841e-05 2.3221924280753021e-06 -4.2485817357265899e-05 -8.5581037498763981e-06 8.9419026829710937e-06
leaf_weight=24806 268 58 24 26 29 84 20 287 20 61 34 26 60 23 84 20 34 56 24 544 35 26 699 37 862 28 717 22 33 33
leaf_count=24806 268 58 24 26 29 84 20 287 20 61 34 26 60 23 84 20 34 56 24 544 35 26 699 37 862 28 717 22 33 33
internal_value=0.000165062 7.31984e-05 0.000706831 0.000554711 -0.00047404 -0.000250875 -0.000692108 0.00087156 -0.00183856 -0.00298817 -0.0103846 -0.000769231 -0.0037156 -0.0010241 0.00175926 -0.00625 0.00135762 -0.00111111 -0.00409091 0.000852384 0.00190158 -0.00319672 0.00230971 -0.00214286 0.000466726 -0.000119826 7.04227e-05 -0.00109177 -0.00579545 -0.00257576
internal_weight=29080 24864 4216 3948 886 857 773 327 446 338 78 260 109 83 108 40 151 90 44 3062 823 61 762 63 2239 1377 1349 632 88 66
internal_count=29080 24864 4216 3948 886 857 773 327 446 338 78 260 109 83 108 40 151 90 44 3062 823 61 762 63 2239 1377 1349 632 88 66
is_linear=0
shrinkage=0.05


Tree=106
num_leaves=31
num_cat=0
split_feature=3 34 25 39 7 26 7 9 2 15 9 32 41 38 0 21 0 23 13 40 38 36 32 27 0 34 22 17 39 36
split_gain=0.571961 0.680603 0.561949 0.593796 1.64046 0.628259 0.95275 1.02198 0.460102 0.543716 0.512165 0.43937 0.886818 0.932951 0.923434 0.803824 0.975387 0.785117 0.781714 0.765865 1.23699 2.42881 1.26762 0.966192 1.03708 0.884319 0.675082 0.897905 0.946418 0.864013
threshold=116194.93500000001 118022.02933773388 -1.0457126160527566 315.50535714285803 0.0011213226230492189 117874.77750828132 -0.00050400271964091904 0.00067245868698436243 116586.69000000002 0.0045145969501739327 -0.00394508531798977 -147.04755853763342 -13.305901897876968 21.513909781110168 102555.41000000002 405.99500000000268 94009.030000000013 0.97007421870894928 -0.0020589783815184275 -32.241642839842818 37.879164018092617 158.49248575167442 -239.38560673188474 109408.4685 107309.75500000002 103921.40660291981 456.21364925000006 0.0029625294420521082 310.47285714285994 -482.8578244830714
decision_type=2 2 2 2 2 2 2 2 2 2 2 2 2 2 2 2 2 2 2 2 2 2 2 2 2 2 2 2 2 2
left_child=1 11 3 4 5 -2 -7 -8 -4 10 -10 12 -1 14 -14 18 -17 19 -13 -15 21 22 -21 24 25 26 27 28 29 -22
right_child=2 -3 8 -5 -6 6 7 -9 9 -11 -12 15 13 17 -16 16 -18 -19 -20 20 23 -23 -24 -25 -26 -27 -28 -29 -30 -31
leaf_value=-1.4645701058377681e-08 1.8598075947830765e-05 -7.5090101252221764e-05 7.8969855235930874e-06 1.1682194052000227e-05 -3.1042101703170583e-05 -7.52569159553184e-05 2.5784515930223114e-05 -1.5781738738013023e-05 1.98509399827473e-05 -2.8594509879610126e-05 9.5168981137649749e-07 6.4922553843715667e-06 2.8591554280298147e-05 -2.542176633023674e-06 -7.4264102353618479e-05 -0.00019884596959256651 3.6409922033792968e-06 4.0948766687342505e-06 3.2332861529553358e-07 -0.00010045000115545518 -1.185465141419877e-05 -7.6575962957320008e-05 2.1541602291999043e-05 9.9876911698959912e-06 -2.3182337572754671e-05 3.1884891252243497e-05 -0.00029188768292593445 0.00012430431089519278 -0.00013702788727243607 2.5527717520875412e-05
leaf_weight=8117 59 58 334 59 21 22 31 21 227 26 3416 2143 20 304 29 34 35 351 13365 33 38 21 42 100 24 41 23 27 20 39
leaf_count=8117 59 58 334 59 21 22 31 21 227 26 3416 2143 20 304 29 34 35 351 13365 33 38 21 42 100 24 41 23 27 20 39
internal_value=0.000156465 6.51546e-05 0.000694972 -0.00180751 -0.00344156 -0.00139098 -0.00445946 -0.000769231 0.000828129 0.000666394 0.000717815 7.78039e-05 -0.000195579 -0.00151978 -0.00826531 0.000239777 -0.00514493 -0.00120884 0.000263735 -0.00216292 -0.00357843 -0.00854167 -0.00433333 -0.00205128 -0.00396226 -0.00271277 -0.00452381 -0.00306452 -0.00530928 -0.00279221
internal_weight=29080 24864 4216 213 154 133 74 52 4003 3669 3643 24806 9229 1112 49 15577 69 1063 15508 712 408 96 75 312 212 188 147 124 97 77
internal_count=29080 24864 4216 213 154 133 74 52 4003 3669 3643 24806 9229 1112 49 15577 69 1063 15508 712 408 96 75 312 212 188 147 124 97 77
is_linear=0
shrinkage=0.05


Tree=107
num_leaves=31
num_cat=0
split_feature=3 30 2 23 26 11 28 23 25 5 7 22 21 21 35 38 16 16 20 25 23 41 19 38 15 18 16 24 25 0
split_gain=0.582592 0.66782 0.468491 0.473666 0.76696 1.10159 0.662025 0.921827 0.654762 0.497809 0.937474 0.800144 0.761041 1.06791 0.795 1.2267 1.03158 2.5 0.772072 0.741628 0.67905 0.873247 0.625105 0.638562 0.653212 1.37822 0.613644 0.690483 0.600488 0.843006
threshold=116194.93500000001 117355.42574472424 116586.69000000002 -0.81341614336444701 117054.52349430174 -0.00044738980252673796 -306.52670170195046 -0.96702026055626666 -0.81910982117637265 -0.00022975755609322708 -0.0013626543296831326 123.93168075 30.374999999992728 73.560000000004962 118040.5162 58.925397394962523 0.0014612497413765775 0.0019268209519357315 41.41500000000088 -0.95869862120443916 -0.15884800874966024 61.260594424374254 120.3449999999939 80.085199911473438 0.0018785550637759425 66.629999999997395 0.0011160096609599578 191.01218750000001 1.0000000180025095e-35 119613.38000000002
decision_type=2 2 2 2 2 2 2 2 2 2 2 2 2 2 2 2 2 2 2 2 2 2 2 2 2 2 2 2 2 2
left_child=1 -1 -2 4 5 -4 7 -6 -7 19 11 -11 -12 14 18 26 -17 -18 20 -5 -14 -22 -15 24 -24 -26 -16 -28 -13 -30
right_child=2 -3 3 9 6 8 -8 -9 -10 10 12 28 13 22 15 16 17 -19 -20 -21 21 -23 23 -25 25 -27 27 -29 29 -31
leaf_value=2.3307420397543262e-07 7.3880425891614966e-06 -0.00010762398172911716 -1.2923902426331434e-05 -6.446998270134518e-05 2.7011537870089521e-06 3.0368947203927341e-05 5.439735406169923e-07 -2.7121448326252926e-05 -8.5919224997433708e-06 -1.4824755220330243e-05 8.5767358369184687e-06 3.1370149807683903e-05 2.7778185424883588e-07 -6.749137635082167e-06 -2.610240478231509e-05 -1.4033199143402668e-05 -9.865144054797969e-05 -1.1110219954506566e-06 1.7146823532005286e-05 4.3383454493081578e-06 -3.5217222593007806e-05 3.1099715047322658e-06 1.4169103204893287e-05 -1.8052329048370402e-05 -4.2762048502142767e-05 1.837095183937413e-06 2.1562779995642651e-05 -8.4944956420540739e-05 3.5565807462169546e-06 -9.4919964205490112e-05
leaf_weight=24842 353 22 23 25 42 22 615 31 20 32 673 45 69 20 38 36 20 20 81 1345 28 22 319 35 29 119 57 36 38 23
leaf_count=24842 353 22 23 25 42 22 615 31 20 32 673 45 69 20 38 36 20 20 81 1345 28 22 319 35 29 119 57 36 38 23
internal_value=0.000163343 7.11874e-05 0.000706831 0.000547502 -0.000577689 -0.00576923 -8.72091e-05 -0.00458904 -0.000952381 0.000819936 0.000258621 -0.00369565 0.000599251 -0.00032831 -0.00224816 -0.00442029 -0.00947368 -0.015 1.86265e-10 0.00153285 -0.00256302 -0.007 0.00116858 0.00151394 0.00200214 -0.000743243 -0.00148855 0.000698925 -0.00160377 -0.00483607
internal_weight=29080 24864 4216 3863 753 65 688 73 42 3110 1740 138 1602 929 407 207 76 40 200 1370 119 50 522 502 467 148 131 93 106 61
internal_count=29080 24864 4216 3863 753 65 688 73 42 3110 1740 138 1602 929 407 207 76 40 200 1370 119 50 522 502 467 148 131 93 106 61
is_linear=0
shrinkage=0.05


Tree=108
num_leaves=31
num_cat=0
split_feature=3 30 2 21 21 38 20 39 24 20 16 20 32 39 26 15 36 15 36 38 41 11 39 4 35 22 0 5 20 25
split_gain=0.630712 0.667511 0.455831 0.502386 0.58552 0.693741 1.767 1.53677 1.27528 0.886421 0.875758 0.545635 0.535699 0.530377 0.64428 0.668067 0.553322 0.57797 0.552452 0.948276 0.994026 1.24717 1.17433 1.47759 0.767839 0.678461 0.643387 0.48786 0.463931 0.44907
threshold=116194.93500000001 117355.42574472424 116586.69000000002 55.459999999999134 39.595000000001171 55.078961576995184 44.370000000002626 303.52428571428499 84.460037100000037 144.20500000000905 0.0013981127539551134 110.12500000000001 -541.82447178425343 491.164642857145 118658.28271842388 0.0027053417052640386 -497.0614692930539 0.002820892143461914 182.42500651947924 36.948936191570503 -32.995356504397442 0.0019084461120009329 280.01857142857267 95.778575000000018 118663.47865000002 193.05462825000004 116831.84500000002 0.00058351795773542046 11.59499999999389 1.8322388780345291
decision_type=2 2 2 2 2 2 2 2 2 2 2 2 2 2 2 2 2 2 2 2 2 2 2 2 2 2 2 2 2 2
left_child=1 -1 -2 4 -4 9 7 8 -7 12 -10 -8 -6 16 -15 -16 17 -5 19 -18 21 22 23 -21 -22 -26 -20 -17 -28 -30
right_child=2 -3 3 13 5 6 11 -9 10 -11 -12 -13 -14 14 15 27 18 -19 26 20 24 -23 -24 -25 25 -27 28 -29 29 -31
leaf_value=2.2142049377665877e-07 7.0186404597034231e-06 -0.00010224278264266128 1.3196106703183012e-06 2.2189442816363415e-05 -1.3024313144548086e-05 -1.4036897622097606e-05 3.0601356970103312e-05 3.0405356325895227e-05 -2.8108421937206632e-05 -9.276652542798988e-05 -1.3646765687200922e-05 -7.987162275693338e-07 4.2377591012361461e-06 -0.00014567408605037409 -1.2188397001094419e-05 3.3897385794793197e-05 3.6115472418340709e-05 -0.00013551494226875352 -4.738346598433574e-06 -4.9378740211512887e-05 1.7841458146101163e-05 1.6349389476731712e-07 -7.8155967368733796e-05 5.6826689033548469e-06 -5.5156242932175182e-05 2.9604538528698635e-05 1.2377558570159871e-05 -9.8967306350288117e-06 1.5750991179418693e-06 -6.7563839544671542e-06
leaf_weight=24842 353 22 1884 273 37 20 44 21 24 20 20 28 176 25 31 54 74 21 21 20 83 41 26 26 40 25 245 23 514 47
leaf_count=24842 353 22 1884 273 37 20 44 21 24 20 20 28 176 25 31 54 74 21 21 20 83 41 26 26 40 25 245 23 514 47
internal_value=0.000165062 6.91765e-05 0.00073055 0.000573389 9.6746e-05 -0.00166667 -0.00423567 -0.00911765 -0.0129687 6.43779e-05 -0.0177273 0.00152778 0.00100939 0.00125551 -0.00176692 -9.25924e-05 0.00153159 0.00346939 0.00104131 -0.000671642 -0.00208812 -0.00561947 -0.00958333 -0.00478261 0.000608108 -0.00346154 0.00173519 0.0024026 0.0019603 0.00116756
internal_weight=29080 24864 4216 3863 2274 390 157 85 64 233 44 72 213 1589 133 108 1456 294 1162 335 261 113 72 46 148 65 827 77 806 561
internal_count=29080 24864 4216 3863 2274 390 157 85 64 233 44 72 213 1589 133 108 1456 294 1162 335 261 113 72 46 148 65 827 77 806 561
is_linear=0
shrinkage=0.05


Tree=109
num_leaves=31
num_cat=0
split_feature=3 30 7 17 2 39 7 24 7 11 26 2 7 21 3 22 23 23 32 21 20 23 16 41 40 17 36 15 4 5
split_gain=0.505725 0.667203 0.466458 0.467131 0.560603 0.52085 0.514023 0.51391 0.468338 0.807276 0.775758 0.463362 0.716417 1.66387 0.557289 1.79094 0.675493 1.13899 1.22072 1.05153 0.711872 0.524241 0.757301 0.826967 1.95355 0.878593 1.13947 0.810133 0.916017 0.721716
threshold=116194.93500000001 117355.42574472424 -0.0036186657769013181 0.003911772223671151 116586.69000000002 641.65785714285778 0.0030886335564932151 58.34761730000001 0.00038871526246588522 0.00022691890239979443 116548.27023239199 120914.81000000001 0.0026921203197118873 73.560000000004962 119285.04500000003 121.92989375000002 0.36222357821452272 -0.66554084194932306 548.87851980414428 77.170000000005544 53.724999999998552 0.097588823570881528 0.0019973669211418902 -39.824500932937077 -30.636094876870626 0.0010131960652117686 -267.74866144038964 0.0016521174205979918 113.94991000000002 -0.0008164894787036093
decision_type=2 2 2 2 2 2 2 2 2 2 2 2 2 2 2 2 2 2 2 2 2 2 2 2 2 2 2 2 2 2
left_child=1 -1 -2 4 8 6 7 -6 -4 10 -10 12 14 -14 21 -16 17 18 20 -18 -17 22 23 24 25 26 -9 -27 -29 -25
right_child=2 -3 3 -5 5 -7 -8 11 9 -11 -12 -13 13 -15 15 16 19 -19 -20 -21 -22 -23 -24 29 -26 27 -28 28 -30 -31
leaf_value=2.1034946908781615e-07 2.1233844239442509e-05 -9.7130643510528203e-05 1.3775499139369189e-05 -1.0335650246496986e-05 8.9763764294311119e-06 -2.1317510548515485e-05 6.7282590059719913e-06 1.2308874928200411e-06 -6.6473174615876973e-05 1.6321530828310234e-05 1.8160308403020155e-05 3.0557785581309762e-06 -4.1756490963732605e-05 2.7465621637968858e-06 -4.2398225423441086e-05 5.0672822195389956e-06 9.0406132413179198e-06 2.1855692537906701e-05 -4.2271146693889988e-05 -0.00010068862922567876 -1.3786732970696729e-05 8.8606093083420198e-06 1.2978772300879913e-05 -9.56492884744899e-06 -2.904493006613066e-05 4.5921373086709253e-06 -5.6280737127390468e-05 5.5288384486669531e-07 -3.8360975729585614e-05 2.0547507938066552e-06
leaf_weight=24842 201 22 188 34 94 32 296 26 20 97 24 672 34 22 38 44 30 139 25 34 32 631 233 190 38 202 21 42 35 742
leaf_count=24842 201 22 188 34 94 32 296 26 20 97 24 672 34 22 38 44 30 139 25 34 32 631 233 190 38 202 21 42 35 742
internal_value=0.000153026 6.71656e-05 0.000659393 0.000541719 0.00059156 0.000413472 0.000469613 0.000291817 0.00256839 0.000390071 -0.00522727 0.000185759 -0.000121188 -0.00571429 3.99699e-06 -0.00187134 -0.000592105 0.000625 -0.00341584 -0.00515625 -0.000263158 0.000300926 -0.000199477 -0.000671296 -0.00269231 -0.00144172 -0.00776596 -0.000376344 -0.00474026 0.000118026
internal_weight=29080 24864 4216 4015 3981 3652 3620 3324 329 141 44 3230 2558 56 2502 342 304 240 101 64 76 2160 1529 1296 364 326 47 279 77 932
internal_count=29080 24864 4216 4015 3981 3652 3620 3324 329 141 44 3230 2558 56 2502 342 304 240 101 64 76 2160 1529 1296 364 326 47 279 77 932
is_linear=0
shrinkage=0.05


Tree=110
num_leaves=31
num_cat=0
split_feature=3 30 20 20 13 4 28 16 39 25 7 5 13 19 4 21 42 17 20 35 35 42 25 30 21 23 5 42 19 16
split_gain=0.526182 0.667203 0.464829 0.587741 1.16975 0.918765 0.769501 0.847573 2.45393 2.22855 1.33333 0.749762 0.71343 0.626138 1.27674 1.20458 0.903009 0.77774 0.736016 0.621096 0.594023 0.988343 0.592833 0.586207 0.552153 0.905357 0.543 0.688837 0.740077 0.689655
threshold=116194.93500000001 117355.42574472424 5.4899999999979636 37.259999999994768 0.01136003037533919 118.40626500000002 -191.62297931228383 0.0013497544840050941 202.03000000000043 0.76690632927968194 -0.0013626543296831326 0.0032651257300678497 0.0064629247743466242 150.14499999999683 48.681910000000009 1.724999999998545 -20.608397026309998 0.0017926609983567022 10.254999999997382 117554.24017500003 118663.47865000002 36.196025771399256 -0.91335193432778816 118335.50792070899 45.935000000004955 -0.36731397826136475 -0.00041826921869977311 -42.849023303368035 373.34500000000122 0.0021752858772656094
decision_type=2 2 2 2 2 2 2 2 2 2 2 2 2 2 2 2 2 2 2 2 2 2 2 2 2 2 2 2 2 2
left_child=1 -1 -2 4 5 12 7 8 -5 10 -10 -7 13 14 16 19 -4 18 -17 -16 21 22 -15 -24 -20 -26 -9 -28 29 -29
right_child=2 -3 3 6 -6 11 -8 26 9 -11 -12 -13 -14 20 15 17 -18 -19 24 -21 -22 -23 23 -25 25 -27 27 28 -30 -31
leaf_value=1.9983199563342431e-07 5.3237620997167241e-06 -9.227411133500181e-05 -1.5627680529262721e-05 1.0309526281681794e-05 -2.399268669321812e-05 5.1444326209400655e-06 3.2205895980886681e-06 1.173076793662171e-05 -6.9512223096056245e-05 3.5261139410346243e-05 -3.7819445056194248e-05 -5.8840117614438614e-05 -4.7325439430053975e-05 -5.07083688320701e-05 -7.1802546121872313e-06 -1.1445701522291604e-05 5.5972991598727986e-06 -2.6165376631761461e-05 7.0167893090458028e-06 -1.7157137638864541e-05 1.5890495790734045e-05 -2.983586956747788e-05 2.3221452866346403e-05 -1.883839873671701e-05 4.8998728110003342e-07 -4.7388403419492827e-05 1.0559934616270047e-05 -6.3882069639493698e-06 -0.00011357806545943223 3.4159117883702307e-05
leaf_weight=24842 928 22 33 59 20 436 1555 255 21 22 28 25 28 20 30 29 97 25 91 22 93 27 104 33 28 20 116 29 22 20
leaf_count=24842 928 22 33 59 20 436 1555 255 21 22 28 25 28 20 30 29 97 25 91 22 93 27 104 33 28 20 116 29 22 20
internal_value=0.000154746 6.71656e-05 0.000671253 0.000392336 -0.000512489 -0.000302366 0.000886225 -0.000681818 -0.00423077 -0.010493 -0.0164286 0.00142082 -0.00147059 -0.00113497 -0.00246667 -0.00459184 0.00153846 -0.00277202 -0.00154762 -0.0113462 0.00066787 -0.000978261 0.000541401 0.00171533 -3.5971e-05 -0.004375 0.000361991 -0.00168449 -0.00556338 -0.00214286
internal_weight=29080 24864 4216 3288 1161 1141 2127 572 130 71 49 461 680 652 375 245 130 193 168 52 277 184 157 137 139 48 442 187 71 49
internal_count=29080 24864 4216 3288 1161 1141 2127 572 130 71 49 461 680 652 375 245 130 193 168 52 277 184 157 137 139 48 442 187 71 49
is_linear=0
shrinkage=0.05


Tree=111
num_leaves=31
num_cat=0
split_feature=3 30 17 27 5 15 40 40 7 9 22 32 2 17 17 9 9 21 20 41 23 25 1 11 9 38 11 36 7 38
split_gain=0.623456 0.666278 0.429962 0.464101 0.793671 0.68148 0.474145 1.30921 0.60358 1.14603 0.871111 0.475402 0.971546 0.473445 0.468377 0.913594 1.52709 1.55658 1.575 0.646115 0.528849 0.882842 0.76642 2.28736 0.764693 1.22228 1.13792 1.34061 0.624203 0.591279
threshold=116194.93500000001 117355.42574472424 0.003911772223671151 117587.54975000001 -0.0016625044261433461 0.0038577693811976013 204.36957240990162 226.4580472060625 -0.0015701236722403869 -0.0021890260490959133 130.52814225000003 1398.4347360631584 117403.13000000002 0.0024758105732356314 0.0021534429805157396 -0.0014659042354316359 0.0010061185664414448 19.125000000000004 88.139999999999432 -53.449517359620003 -0.66554084194932306 -0.35165094514536671 117632.86500000002 -0.0022862763517285845 0.00045210673162718594 66.466554304159501 0.00035490596280887866 -171.00485162434776 0.0012239797951631027 49.272027941229986
decision_type=2 2 2 2 2 2 2 2 2 2 2 2 2 2 2 2 2 2 2 2 2 2 2 2 2 2 2 2 2 2
left_child=1 -1 3 5 -5 6 8 -8 9 -2 -11 12 -9 14 20 -16 17 -17 -19 -18 21 24 23 -22 28 26 -26 -28 -6 -29
right_child=2 -3 -4 4 13 -7 7 11 -10 10 -12 -13 -14 -15 15 16 19 18 -20 -21 22 -23 -24 -25 25 -27 27 29 -30 -31
leaf_value=1.8984039585174556e-07 1.5716430548101477e-05 -8.7660405768251719e-05 -8.5598660609878421e-06 1.3739916874428863e-05 7.7366092113995923e-06 -3.5791428580481817e-05 -2.7042986696312118e-05 2.0567431530101079e-06 8.2194995851752802e-06 -3.8311870563778888e-05 -3.2134644680042899e-06 1.888593371701516e-05 -1.0322918199244814e-05 5.6053448417034124e-06 5.8162096506679943e-06 1.9172549272636867e-05 -4.4616645399202964e-06 -2.5380827081229697e-05 -0.00010002494186583155 6.1902392826091273e-06 3.0522407368901012e-05 -2.5375816655266869e-05 2.1644439063599587e-06 -4.9587657599439168e-05 1.2602301416425098e-05 -9.6178178471191645e-06 -1.6204580624054376e-05 5.0545088527285957e-06 -3.2259126771626038e-05 -2.0165526113476563e-05
leaf_weight=24842 60 22 36 403 353 20 25 125 747 20 25 57 24 225 87 20 25 36 20 74 39 22 1517 22 83 24 36 25 25 41
leaf_count=24842 60 22 36 403 353 20 25 125 747 20 25 57 24 225 87 20 25 36 20 74 39 22 1517 22 83 24 36 25 25 41
internal_value=0.000156465 6.11327e-05 0.000718691 0.00076555 0.000450114 0.00164551 0.0018144 -0.000194805 0.00235916 -0.00119048 -0.00722222 0.00111651 -0.000369127 0.00013837 -6.3291e-05 -0.00206107 -0.00414286 -0.00947368 -0.01375 -5.05049e-05 0.00017604 -0.00107553 0.000659062 -0.00483607 -0.000706984 -0.00313397 -0.00175676 -0.00529412 0.000634921 -0.00106061
internal_weight=29080 24864 4216 4180 3077 1103 1083 231 852 105 45 206 149 2674 2449 262 175 76 56 99 2187 609 1578 61 587 209 185 102 378 66
internal_count=29080 24864 4216 4180 3077 1103 1083 231 852 105 45 206 149 2674 2449 262 175 76 56 99 2187 609 1578 61 587 209 185 102 378 66
is_linear=0
shrinkage=0.05


Tree=112
num_leaves=31
num_cat=0
split_feature=3 30 7 30 19 5 17 2 38 4 5 18 11 28 19 5 5 22 39 13 41 22 16 34 9 42 41 42 19 22
split_gain=0.547411 0.665354 0.461763 0.479519 0.649738 0.625 0.578337 0.518799 0.875741 1.22496 0.70811 0.640395 0.886508 1.05834 0.613165 0.538115 1.097 1.36246 0.702502 0.604938 0.583529 1.32529 1.05181 1.06522 0.515723 0.508698 1.0168 0.463183 0.4847 0.573586
threshold=116194.93500000001 117355.42574472424 -0.0036186657769013181 118093.10084761087 73.210000000006417 1.5470664701647327e-05 0.003911772223671151 118467.205 57.509481960781308 116.70743500000002 0.0024737143701942777 68.175000000002925 0.00073138956577131558 50.725356511480648 402.45499999999453 0.0023538675670627019 0.0015802853643469199 132.40090800000002 562.19607142857069 0.0060679087788975371 85.961127924579316 102.29900450000001 0.0010463959365143753 118160.70673361454 0.00082461129757564007 9.1777986699570491 117.17227171482547 -87.329463157926668 317.39499999999686 119.01826900000002
decision_type=2 2 2 2 2 2 2 2 2 2 2 2 2 2 2 2 2 2 2 2 2 2 2 2 2 2 2 2 2 2
left_child=1 -1 -2 6 5 -5 -4 8 10 -10 11 12 14 -14 27 16 18 -18 20 25 -9 -22 23 -23 -12 26 -19 -6 29 -29
right_child=2 -3 3 4 7 -7 -8 15 9 -11 24 -13 13 -15 -16 -17 17 19 -20 -21 21 22 -24 -25 -26 -27 -28 28 -30 -31
leaf_value=1.8034837605915846e-07 1.9089321255115466e-05 -8.3277385479839112e-05 2.9513581838463391e-06 -0.00010581942718985217 -3.8035166270851245e-05 2.7084821922742093e-06 -8.5522528153063539e-06 7.2489191793622078e-06 -6.5338763218801462e-05 2.5623525083315998e-05 -3.4030067786484452e-05 9.7034630422819077e-06 -5.4143545423191461e-05 9.814672690218641e-08 4.2252088630920421e-05 8.7352663831229779e-06 -3.8391306197800214e-05 -6.5035761990086185e-05 -3.8640927194298603e-06 -7.5424135689928289e-05 -1.969662036660013e-05 1.3270577289692759e-05 2.0546989055522665e-06 -1.9325458929205834e-05 -7.6523295707790423e-06 4.1294835096328773e-05 5.8134016931134225e-05 -1.6691344655404399e-06 -3.5515586825276273e-05 1.3017596870508878e-05
leaf_weight=24842 201 22 1752 20 29 20 34 719 33 20 20 129 22 21 49 124 26 23 36 27 24 23 562 23 23 37 21 73 32 93
leaf_count=24842 201 22 1752 20 29 20 34 719 33 20 20 129 22 21 49 124 26 23 36 27 24 23 562 23 23 37 21 73 32 93
internal_value=0.000144429 5.50999e-05 0.000671253 0.000554172 6.50518e-05 -0.00625 0.00116461 0.000180448 -0.00115809 -0.00726415 -0.000498981 8.92859e-05 -0.00111285 -0.0077907 -7.24636e-05 0.0006231 0.000364892 -0.00395522 0.000782264 -0.00148148 0.000965951 -0.000142405 0.0003125 -0.00695652 -0.00662791 0.000679013 -0.00295455 -0.0011674 -0.00030303 0.000783133
internal_weight=29080 24864 4216 4015 2229 40 1786 2189 544 53 491 448 319 43 276 1645 1521 134 1387 108 1351 632 608 46 43 81 44 227 198 166
internal_count=29080 24864 4216 4015 2229 40 1786 2189 544 53 491 448 319 43 276 1645 1521 134 1387 108 1351 632 608 46 43 81 44 227 198 166
is_linear=0
shrinkage=0.05


Tree=113
num_leaves=31
num_cat=0
split_feature=3 30 17 36 15 1 0 20 4 7 42 5 18 31 21 21 1 17 42 3 36 7 16 25 7 39 36 24 9 21
split_gain=0.745561 0.664123 0.437492 0.421954 0.88678 0.924649 0.881267 0.977727 0.940195 1.68666 0.820193 1.22784 1.39515 1.2053 0.882353 0.812972 0.77387 0.860546 1.11349 0.816849 0.813935 1.02231 1.08932 0.967378 0.84348 0.751603 0.694637 1.04085 1.1846 1.28422
threshold=116194.93500000001 117355.42574472424 0.003911772223671151 -867.48344828037796 0.0016979147642421674 115669.89000000001 114789.25000000001 5.9349999999976726 460.74531000000007 -0.0036186657769013181 19.80513894513437 -0.0016277426822092832 -37.315000000002321 108295.34050000001 34.670000000005537 69.025000000001469 113349.39000000001 0.0014395297599518271 -87.329463157926668 113498.97500000002 -974.00202539801819 6.2397765245807306e-05 0.0016781292381856576 -0.28389786986442428 -0.0013295939116090719 165.87499999999952 -1325.7788949226303 334.87951870000006 0.0027924363963138335 14.254999999997382
decision_type=2 2 2 2 2 2 2 2 2 2 2 2 2 2 2 2 2 2 2 2 2 2 2 2 2 2 2 2 2 2
left_child=1 3 -2 4 5 6 7 10 9 15 11 -1 13 -13 -14 -9 17 -11 -19 -18 24 22 -22 -23 -20 -21 -6 28 -28 -30
right_child=2 -3 -4 -5 26 -7 -8 8 -10 16 -12 12 14 -15 -16 -17 19 18 20 25 21 23 -24 -25 -26 -27 27 -29 29 -31
leaf_value=3.979187781787076e-05 1.7527095061643487e-06 -7.9113516205847178e-05 -7.7042601171731362e-06 5.3933413545693258e-07 1.6290629383878943e-06 -7.8565236046359275e-05 2.2715242215417457e-05 -0.00013743188602115906 3.7606201756226145e-05 8.5422996743092227e-06 2.6872912680919267e-05 -5.7253260937666577e-05 -3.083857668760295e-05 -5.5762593064887997e-07 3.5623275496448626e-05 -3.9224056270345638e-05 -2.8081155750830105e-05 -3.3762194743166078e-05 1.7509929317636243e-05 -2.126405448262412e-06 -1.3093819689161197e-05 2.5846779909519791e-05 -4.648330826248945e-05 -0.00010107016360934388 -1.1880276155063836e-05 1.4050071273006842e-06 -9.780249349041011e-06 1.363362301625214e-05 2.0639232923184636e-05 -3.390919271247772e-05
leaf_weight=72 4180 22 36 18657 3386 21 72 38 47 212 142 38 20 31 48 29 31 22 212 28 34 37 20 20 589 41 618 226 30 121
leaf_count=72 4180 22 36 18657 3386 21 72 38 47 212 142 38 20 31 48 29 31 22 212 28 34 37 20 20 589 41 618 226 30 121
internal_value=0.000151307 4.70562e-05 0.000766129 5.47462e-05 -0.000303153 -0.00123614 -0.00111329 -0.00134132 -0.00194853 -0.00219726 0.0010114 -0.000980861 -0.00375912 -0.00876812 0.00132353 -0.00992537 -0.0017817 -0.00141361 -0.00206638 -0.006 -0.00179825 -0.00581081 -0.0107407 -0.00114035 -0.0012422 -0.00297101 8.10319e-05 -0.0010804 -0.00195709 -0.00592715
internal_weight=29080 24864 4216 24842 6185 1804 1783 1711 1360 1313 351 209 137 69 68 67 1246 1146 934 100 912 111 54 57 801 69 4381 995 769 151
internal_count=29080 24864 4216 24842 6185 1804 1783 1711 1360 1313 351 209 137 69 68 67 1246 1146 934 100 912 111 54 57 801 69 4381 995 769 151
is_linear=0
shrinkage=0.05


Tree=114
num_leaves=31
num_cat=0
split_feature=3 30 17 20 2 2 40 41 18 11 25 4 15 5 16 0 16 7 24 40 39 16 16 22 25 16 20 22 40 22
split_gain=0.600786 0.668128 0.429962 0.423005 0.456086 0.599722 1.25099 0.976874 0.497869 0.522883 0.441023 0.518587 1.36742 0.590965 0.569197 0.393298 1.37696 0.680985 0.388122 0.645594 0.639864 0.36884 0.800525 0.365723 0.720261 0.425678 0.640525 0.481463 0.677413 0.551357
threshold=116194.93500000001 117355.42574472424 0.003911772223671151 1.0000000180025095e-35 116586.69000000002 116730.00000000001 -51.077954093314467 80.133303121733221 -343.60499999999587 -0.010026186345923078 -1.0457126160527566 54.657030000000006 0.001323786559177752 0.00026321757053751079 0.0008502764206510927 115971.05500000001 0.0012846107879876535 -0.00064542764566173129 170.85724340000004 -130.4293588469445 260.92750000000109 0.00094247707317274385 0.0010622574741973089 486.62383425000002 -0.038451081973918347 0.0023672315228141158 194.01000000000207 205.31906000000004 333.29148842368164 254.63750925000002
decision_type=2 2 2 2 2 2 2 2 2 2 2 2 2 2 2 2 2 2 2 2 2 2 2 2 2 2 2 2 2 2
left_child=1 15 3 21 18 6 -6 -8 -7 -10 11 14 -13 -14 -11 -1 17 -17 19 -5 -21 -2 -23 25 -25 27 -27 28 -12 -29
right_child=2 -3 -4 4 5 8 7 -9 9 10 23 12 13 -15 -16 16 -18 -19 -20 20 -22 22 -24 24 -26 26 -28 29 -30 -31
leaf_value=3.0307200566270311e-07 1.1649090796278778e-05 -7.5157840395554808e-05 -7.3190471113144754e-06 -1.2533898297733792e-05 2.2550938370093887e-05 4.1132737211236432e-05 -2.543745013828264e-05 -1.1127131077766923e-06 -3.0970434101665723e-05 -1.2158142247030628e-05 2.047032577145671e-06 -6.6645397167307597e-05 -7.1316074354060773e-06 2.0877537987272519e-05 2.42438455484452e-05 -3.5498700122095794e-06 1.6753976327704193e-05 -3.7456199959546156e-05 2.4830084221950473e-05 1.4225444770672171e-05 -3.8123965239128986e-06 -1.017681751988871e-05 1.0823567447655255e-05 -1.1019457433809615e-05 4.9809085552907942e-05 5.7909736748070862e-06 -1.5016436082682697e-06 -9.7134127716242623e-06 -2.6009988637717862e-05 9.9156848122140433e-07
leaf_weight=24735 121 22 36 20 37 118 24 33 32 23 2110 22 32 34 61 21 57 29 124 125 42 31 283 29 24 236 34 313 24 248
leaf_count=24735 121 22 36 20 37 118 24 33 32 23 2110 22 32 34 61 21 57 29 124 125 42 31 283 29 24 236 34 313 24 248
internal_value=0.000166781 7.31984e-05 0.000718691 0.00076555 0.000594126 0.000428072 -0.00351064 -0.00815789 0.000538922 0.000422098 0.000485894 -0.00197674 -0.00465909 -0.00106061 0.000833334 8.09115e-05 -0.00294392 -0.009 0.00242765 0.000989305 0.00200599 0.00224138 0.00133758 0.000626243 -0.00349057 0.000699832 0.00259259 0.000510204 0.000852859 -0.000793226
internal_weight=29080 24864 4216 4180 3745 3434 94 57 3340 3222 3190 172 88 66 84 24842 107 50 311 187 167 435 314 3018 53 2965 270 2695 2134 561
internal_count=29080 24864 4216 4180 3745 3434 94 57 3340 3222 3190 172 88 66 84 24842 107 50 311 187 167 435 314 3018 53 2965 270 2695 2134 561
is_linear=0
shrinkage=0.05


Tree=115
num_leaves=31
num_cat=0
split_feature=2 1 41 34 23 9 21 4 38 15 18 24 39 28 41 36 24 40 11 39 20 35 21 17 20 20 32 16 20 17
split_gain=0.733922 0.768932 0.903856 0.430607 0.421806 2.06182 0.405112 0.525611 0.412541 1.11547 0.371497 0.732493 0.665177 0.799275 0.970083 0.999609 1.07814 1.28998 1.08594 0.909926 0.708158 1.09293 1.03248 0.948805 0.675224 1.28134 0.758333 0.696599 0.923434 0.654685
threshold=114100.34500000002 114348.26000000002 -16.616749304008742 113767.69007252973 -1.4562099592723887 0.00045210673162718594 368.37000000000268 599.4339050000001 12.965707291182015 0.001127219146531849 -136.07500000000434 56.050211400000002 245.22571428571663 71.879744458659857 -366.65165289905127 -2352.8482278708684 228.06223980000001 -323.0976926136936 0.000384715498296407 247.83821428571437 13.485000000000584 84593.558050000007 23.654999999998839 0.0023036352115543579 0.31500000000232836 14.629999999997382 -900.73997989189945 0.0039423099177122202 60.169999999998261 0.0030043192051945901
decision_type=2 2 2 2 2 2 2 2 2 2 2 2 2 2 2 2 2 2 2 2 2 2 2 2 2 2 2 2 2 2
left_child=1 10 -3 -2 5 -5 8 -8 9 -6 11 -1 -13 14 -14 16 -16 -18 24 -17 21 -15 23 -23 -19 -26 27 28 -27 -24
right_child=3 2 -4 4 6 -7 7 -9 -10 -11 -12 12 13 20 15 19 17 18 -20 -21 -22 22 29 -25 25 26 -28 -29 -30 -31
leaf_value=-0.00011546594006036613 1.0326152565677997e-05 -0.00019811811539541626 4.991802576746745e-05 1.2134829995072384e-05 -5.8659161763640855e-05 -1.3620772567934795e-05 8.1399313294734408e-06 -0.00016373225384935168 1.4490678479914167e-06 5.5765652928169111e-05 -9.3473311294327521e-08 1.0914993202450758e-05 1.3629732023952708e-05 -7.7984588073701935e-05 -7.1822180557591493e-05 -5.3487164321924948e-05 1.6460888701145479e-05 8.0295755814847587e-05 -0.00014423538546682241 -1.1266172191321279e-06 1.6436023183249862e-05 -3.8469976375157903e-05 3.097091022225908e-05 8.6205039675286885e-07 -0.00010725815667029509 1.4402224899438918e-05 5.0031052529427818e-05 3.6057722111663356e-05 -0.00018371412975421193 -5.0106625456190052e-05
leaf_weight=22 316 21 22 28 24 22 26 25 5562 27 18387 1230 495 25 32 28 92 20 22 1674 692 21 85 23 25 20 26 21 29 38
leaf_count=22 316 21 22 28 24 22 26 25 5562 27 18387 1230 495 25 32 28 92 20 22 1674 692 21 85 23 25 20 26 21 29 38
internal_value=0.000180537 5.20609e-05 -0.00662791 0.000671642 0.000572279 -0.004 0.000612641 -0.00382353 0.000652949 -0.00382353 6.45458e-05 0.000465368 0.000508917 0.000145487 -0.000314009 -0.000806938 -0.00353659 -0.00245098 -0.0051227 -0.000346651 0.00143665 -0.00125 0.000209581 -0.00636364 -0.00351064 -0.00491736 -0.00229167 -0.005 -0.00826531 0.00256098
internal_weight=29080 23050 43 6030 5714 50 5664 51 5613 51 23007 4620 4598 3368 2484 1989 287 255 163 1702 884 192 167 44 141 121 96 70 49 123
internal_count=29080 23050 43 6030 5714 50 5664 51 5613 51 23007 4620 4598 3368 2484 1989 287 255 163 1702 884 192 167 44 141 121 96 70 49 123
is_linear=0
shrinkage=0.05


Tree=116
num_leaves=31
num_cat=0
split_feature=3 30 20 15 1 16 15 3 4 38 36 7 16 39 31 15 15 20 23 39 0 19 31 0 28 19 42 28 20 17
split_gain=0.78225 0.666894 0.473785 0.450219 0.515513 0.726994 0.416145 0.413848 0.558396 1.07452 0.828895 1.18133 0.79124 1.84091 0.743586 0.631211 1.00553 0.677352 0.569283 0.56759 0.557724 0.539037 0.524012 0.650818 0.610085 1.8643 1.75997 1.35648 0.634052 0.6119
threshold=116194.93500000001 117355.42574472424 1.0000000180025095e-35 0.00087785185022341004 117895.37500000001 0.001327441569562783 0.0045145969501739327 117929.81500000002 82.738790000000009 69.487489633485254 -44.701287038369621 -0.0010637590284559213 0.0010463959365143753 147.44892857142887 117368.99820000002 0.00085394404619816187 0.00078187500884563984 38.140000000006701 -1.1568831273946139 101.40571428571432 118008.91500000002 73.210000000006417 117783.68260000001 117930.01500000001 377.77080582029163 256.44999999999715 69.93251092243392 441.75846107077092 13.855000000003203 0.0023809615109079162
decision_type=2 2 2 2 2 2 2 2 2 2 2 2 2 2 2 2 2 2 2 2 2 2 2 2 2 2 2 2 2 2
left_child=1 -1 3 -2 5 -5 7 -4 9 10 11 -9 13 -13 20 16 19 -18 -14 -12 -10 -21 -16 -24 28 26 27 -26 -25 -30
right_child=2 -3 6 4 -6 -7 -8 8 14 -11 15 12 18 -15 22 -17 17 -19 -20 21 -22 -23 23 24 25 -27 -28 -29 29 -31
leaf_value=2.3778566287721032e-07 9.5432713249202745e-06 -7.1464689059966738e-05 2.385269304710539e-06 -3.9111644078424565e-05 1.1505913243107605e-05 1.8601018373882385e-05 -1.7008612618036033e-05 -5.5623960240792451e-05 1.1572724758809496e-05 -4.1107117750613831e-06 -7.338694432961633e-06 1.0639630552702394e-05 -9.4429378890537201e-06 -4.6296737642452598e-05 1.4700979135964798e-05 3.81278146694776e-06 -1.574209648942737e-06 -1.4480003240784789e-05 1.5615496436829845e-05 -6.7560096315299607e-06 -4.3164206108800066e-05 9.3660783326667807e-06 -4.2188243005948178e-05 8.676538990137991e-06 -4.3398341805092117e-05 3.4407428505048885e-06 -2.2540356841717658e-07 -1.6861661235646438e-05 5.0407619889157833e-07 2.8947478227411362e-05
leaf_weight=24842 118 22 1409 37 220 61 29 20 20 29 22 22 22 22 94 203 21 20 70 22 21 63 30 208 22 239 58 35 925 154
leaf_count=24842 118 22 1409 37 220 61 29 20 20 29 22 22 22 22 94 203 21 20 70 22 21 63 30 208 22 239 58 35 925 154
internal_value=0.00017194 6.51546e-05 0.000801708 0.00236239 0.00138365 -0.00163265 0.000621693 0.000667822 0.000260461 -0.00115672 -0.000621302 -0.00365385 -0.00198529 -0.0075 0.000681063 0.000726496 -0.00175676 -0.00841463 0.000652174 0.000794393 -0.00597561 0.00264706 0.000835694 0.000631359 0.000764778 -0.00107345 -0.00630435 -0.0125439 0.0012704 0.000783133
internal_weight=29080 24864 4216 436 318 98 3780 3751 2342 536 507 156 136 44 1806 351 148 41 92 107 41 85 1765 1671 1641 354 115 57 1287 1079
internal_count=29080 24864 4216 436 318 98 3780 3751 2342 536 507 156 136 44 1806 351 148 41 92 107 41 85 1765 1671 1641 354 115 57 1287 1079
is_linear=0
shrinkage=0.05


Tree=117
num_leaves=31
num_cat=0
split_feature=3 30 23 0 13 31 39 17 28 11 30 38 28 24 15 9 28 4 9 38 28 15 25 22 38 0 42 11 11 7
split_gain=0.790816 0.666278 0.454198 0.615328 0.710289 0.608458 0.525475 0.723069 0.522613 0.848774 0.519709 0.917034 0.993147 0.708071 1.37341 0.625 0.411017 0.413869 0.819127 0.527888 0.933838 0.818182 0.580234 0.632541 0.959581 0.828902 0.787926 0.623411 0.911962 0.562762
threshold=116194.93500000001 117355.42574472424 -0.81341614336444701 116689.20000000003 0.0077138987379238248 116317.1364 491.164642857145 0.0020094227359953132 -326.5715466258261 -0.00028965737958886655 119865.15760176674 53.232483724562989 120.26073031144917 139.26326160000002 0.0010509254840998915 0.00040543803690280274 -1634.4711546564138 68.048390000000012 -0.0016766856912560398 28.581780739309263 -219.45338280696885 0.00068736125695845673 -0.33258897107070479 102.29900450000001 71.895459121092628 107400.705 -53.276906063287008 0.0034537207914564706 0.0040139649042894793 -0.00094652679305393952
decision_type=2 2 2 2 2 2 2 2 2 2 2 2 2 2 2 2 2 2 2 2 2 2 2 2 2 2 2 2 2 2
left_child=1 16 3 -2 5 -5 7 8 -7 -10 11 13 -13 14 -11 -14 -1 18 -18 20 -20 -22 23 24 26 -26 -21 29 -29 -25
right_child=2 -3 -4 4 -6 6 -8 -9 9 10 -12 12 15 -15 -16 -17 17 -19 19 22 21 -23 -24 27 25 -27 -28 28 -30 -31
leaf_value=1.3798553991752609e-05 2.2937148650652047e-05 -6.7891454606968407e-05 2.1849311861866419e-06 -3.1618115939128588e-06 -8.5854654378629173e-05 -1.5117106086998391e-05 -1.5921539593865536e-05 9.5643032958790464e-06 3.8770560610225043e-06 8.3531821976194822e-06 1.1589679436787994e-05 -4.2740785021815152e-05 2.2090364632692225e-05 5.3925231111249129e-06 -7.7731778475871533e-06 -7.6415089259231241e-06 1.1763079656350432e-05 -1.5527200040905115e-07 1.8510826322024176e-05 -3.7361638180729518e-05 -1.308062636239046e-07 -2.8509398665602772e-05 3.8958255427323063e-06 -4.9976796694576327e-06 -1.9879507749502069e-06 -2.179920112689781e-05 -3.7344260286838586e-08 -4.7322480502121766e-05 9.0866728933844939e-07 9.1789789930215367e-06
leaf_weight=204 84 22 3387 22 20 40 30 143 218 33 54 31 24 70 24 36 387 19892 36 36 22 22 544 186 42 37 2358 35 52 989
leaf_count=204 84 22 3387 22 20 40 30 143 218 33 54 31 24 70 24 36 387 19892 36 36 22 22 544 186 42 37 2358 35 52 989
internal_value=0.000168501 6.11327e-05 0.000801708 -0.000247286 -0.000704698 -0.000448276 -0.000192034 9.65827e-05 -0.000754717 -0.000306122 -0.00216912 -0.00325688 -0.00708791 -0.000511811 -0.00464912 -0.00333333 6.88352e-05 5.03289e-05 0.00046987 0.000274146 -0.00375 -0.00863636 0.000349381 0.000127176 -0.000337646 -0.00575949 -0.00015873 0.00103804 -0.00304598 0.00134043
internal_weight=29080 24864 4216 829 745 725 703 673 530 490 272 218 91 127 57 60 24842 24638 4746 4359 80 44 4279 3735 2473 79 2394 1262 87 1175
internal_count=29080 24864 4216 829 745 725 703 673 530 490 272 218 91 127 57 60 24842 24638 4746 4359 80 44 4279 3735 2473 79 2394 1262 87 1175
is_linear=0
shrinkage=0.05


Tree=118
num_leaves=31
num_cat=0
split_feature=3 30 17 25 7 17 4 9 28 20 39 15 16 30 22 3 21 25 28 20 21 3 7 39 34 9 18 22 23 20
split_gain=0.895842 0.664431 0.44891 0.44372 0.802487 0.688674 0.946996 0.972919 0.415471 0.398085 0.515556 0.455048 0.495355 0.478449 0.663817 0.573805 0.489735 0.48672 0.749753 1.95921 0.586081 0.58513 0.833448 0.965151 0.757796 0.534332 0.67244 1.95571 0.551724 0.769231
threshold=116194.93500000001 117355.42574472424 0.003911772223671151 -1.0457126160527566 0.0013559271544281131 0.0018414715365034889 59.118660000000013 0.00054730994689713563 -1634.4711546564138 1.0000000180025095e-35 86.801785714286666 0.0045145969501739327 0.0023672315228141158 118163.17899888202 75.053080500000007 118828.21000000001 308.17499999999569 1.1910877772397617 393.90247872913466 22.819999999999713 125.86499999999798 118357.54000000002 0.00069773031916922244 341.6407142857139 118364.17837798667 0.0017182036468400346 174.03499999999624 138.37678150000002 0.83011198519070484 23.275000000001459
decision_type=2 2 2 2 2 2 2 2 2 2 2 2 2 2 2 2 2 2 2 2 2 2 2 2 2 2 2 2 2 2
left_child=1 8 3 4 5 6 7 -2 -1 -5 -11 12 13 15 -15 -12 17 18 21 -20 -21 22 24 -24 -16 26 28 -28 -23 -30
right_child=2 -3 -4 9 -6 -7 -8 -9 -10 10 11 -13 -14 14 16 -17 -18 -19 19 20 -22 25 23 -25 -26 -27 27 -29 29 -31
leaf_value=1.3108626292164989e-05 1.2481103417918798e-05 -6.4496881876619988e-05 -7.1203896171334157e-06 8.9357146623670387e-06 -1.3650217567360928e-05 1.7728223592026997e-05 -4.1025216097080071e-05 -4.2218977090640656e-06 1.2325726841227817e-07 -5.8823105184983127e-06 2.3902702532255786e-06 -1.5543169677468439e-05 4.3409142551293766e-06 -4.226598431868857e-06 -2.9044288494888574e-05 -2.3749072438324306e-05 -0.00012456307595806135 1.8636061814784264e-05 -3.0227571908027745e-05 3.8736604295189553e-06 -3.0969639370722241e-05 2.2679266353502613e-06 -8.2532910568634832e-05 -9.8380015934750955e-06 3.580168372531155e-06 1.4334977131999359e-05 -5.6913066564336754e-05 9.9326376882804025e-06 3.2666673642258432e-05 -5.711609404683503e-05
leaf_weight=204 69 22 36 415 39 51 26 28 24638 34 1462 29 397 28 35 28 26 210 39 84 20 696 22 30 103 167 20 50 20 52
leaf_count=204 69 22 36 415 39 51 26 28 24638 34 1462 29 397 28 35 28 26 210 39 84 20 696 22 30 103 167 20 50 20 52
internal_value=0.000163343 4.90671e-05 0.000837287 0.000885168 -0.00133803 0.000114943 -0.00191057 0.000360825 5.67589e-05 0.00100454 0.000833334 0.000892553 0.000944397 0.000730919 0.000131086 0.00137584 0.000266836 0.000381137 2.98956e-05 -0.00339161 0.000192308 0.000439331 -0.00210526 -0.0075 -7.24636e-05 0.000920398 0.000405728 -0.00428571 0.000833334 -0.00333333
internal_weight=29080 24864 4216 4180 213 174 123 97 24842 3967 3552 3518 3489 3092 1602 1490 1574 1548 1338 143 104 1195 190 52 138 1005 838 70 768 72
internal_count=29080 24864 4216 4180 213 174 123 97 24842 3967 3552 3518 3489 3092 1602 1490 1574 1548 1338 143 104 1195 190 52 138 1005 838 70 768 72
is_linear=0
shrinkage=0.05


Tree=119
num_leaves=31
num_cat=0
split_feature=3 34 0 20 15 1 16 15 9 25 27 28 15 13 35 17 42 7 42 25 42 20 25 40 9 7 11 15 21 11
split_gain=0.978541 0.562091 0.57957 0.367672 0.49022 0.463169 0.726994 0.429162 0.504382 0.358773 0.515152 0.830276 0.624304 1.496 1.65492 0.845729 0.863037 1.12311 1.58915 1.03017 0.590152 0.663549 0.593773 0.5227 0.494216 1.11777 0.482881 1.16012 0.79825 0.534364
threshold=116194.93500000001 118072.67134409543 112476.50500000002 1.0000000180025095e-35 0.00087785185022341004 117895.37500000001 0.001327441569562783 0.0045145969501739327 -0.00394508531798977 -0.57146515856526459 117587.54975000001 385.74857723672181 0.0012920602983599275 -0.0024358692263345039 118453.57015000001 0.00096991598132624608 32.425899646948103 -0.0003610298327552046 6.0844238616964796 -0.70144262959914938 -48.424193232961478 132.89499999999683 -0.92938070219152991 83.056794383795946 0.0016498883557963552 0.00015685047844617847 -0.0039640118614195016 0.0010810131157618021 9.8100000000049494 -0.00022083526144954651
decision_type=2 2 2 2 2 2 2 2 2 2 2 2 2 2 2 2 2 2 2 2 2 2 2 2 2 2 2 2 2 2
left_child=1 -1 -3 4 -2 6 -6 8 -5 10 -10 12 13 14 -12 -15 17 23 19 -19 -14 22 24 -17 25 -22 27 -11 -29 -28
right_child=3 2 -4 7 5 -7 -8 -9 9 26 11 -13 20 15 -16 16 -18 18 -20 -21 21 -23 -24 -25 -26 -27 29 28 -30 -31
leaf_value=1.9991044475126925e-07 8.5100754662465753e-06 8.5616051392788898e-05 -7.103705829118414e-05 1.0737139915107843e-05 -3.6813579963271148e-05 1.0042513423180852e-05 1.7114935162760579e-05 -1.4766011193595015e-05 1.5604419874426284e-06 -3.5609926770017829e-05 -5.6927366065237488e-05 -2.8950255870122415e-05 8.0104995452596649e-06 4.7198937012180807e-06 -1.798343429454604e-06 1.031218673050914e-05 1.6406388744679796e-05 9.9800570122075797e-06 -4.9281913429993649e-05 -2.2317737130115194e-05 1.072111463692556e-05 -2.0141474736151848e-05 8.5400060075557958e-06 -2.8178381543733565e-05 1.0165494470449881e-05 -2.1368885618117499e-05 7.0006640258159866e-06 -3.6475393361294728e-05 4.0267058494584679e-06 6.6259033645815674e-07
leaf_weight=24809 118 24 31 229 37 220 61 29 374 24 22 33 91 95 43 35 54 41 29 20 31 28 155 27 24 20 777 27 163 1409
leaf_count=24809 118 24 31 229 37 220 61 29 374 24 22 33 91 95 43 35 54 41 29 20 31 28 155 27 24 20 777 27 163 1409
internal_value=0.000168501 4.90671e-05 -0.005 0.000872865 0.00224771 0.00122642 -0.00163265 0.000714286 0.000761131 0.000613288 -0.000124777 -0.000882353 -0.000524475 -0.00196721 -0.00884615 -0.000481727 -0.00228155 -0.00421053 -0.00777778 -0.00319672 0.000988539 -0.000232558 0.000652174 0.000967742 -0.003 -0.00578431 0.000958333 -0.00130841 1.86265e-10 0.00118024
internal_weight=29080 24864 55 4216 436 318 98 3780 3751 3522 1122 748 715 366 65 301 206 152 90 61 349 258 230 62 75 51 2400 214 190 2186
internal_count=29080 24864 55 4216 436 318 98 3780 3751 3522 1122 748 715 366 65 301 206 152 90 61 349 258 230 62 75 51 2400 214 190 2186
is_linear=0
shrinkage=0.05


end of trees

feature_importances:
lower_wick=177
log_return_2=171
volume=166
candle_range=163
upper_wick=158
price_minus_ema_200=158
atr=153
volume_zscore_50=151
volume_mean_50=150
vol_std_20=148
log_return_6=145
log_return_3=139
rsi=135
vol_std_10=126
vol_std_50=125
volume_zscore_20=123
macd_hist=123
log_return_12=110
volume_mean_20=97
macd_signal=93
price_minus_ema_50=83
log_return_1=82
price_minus_ema_20=73
open=72
candle_body=66
close=60
macd=57
sma_200=52
high=45
ema_50=43
sma_50=40
ema_200=38
low=28
ema_20=27
sma_20=23

parameters:
[boosting: gbdt]
[objective: quantile]
[metric: quantile]
[tree_learner: serial]
[device_type: cpu]
[data_sample_strategy: bagging]
[data: ]
[valid: ]
[num_iterations: 120]
[learning_rate: 0.05]
[num_leaves: 31]
[num_threads: 0]
[seed: 42]
[deterministic: 0]
[force_col_wise: 0]
[force_row_wise: 0]
[histogram_pool_size: -1]
[max_depth: -1]
[min_data_in_leaf: 20]
[min_sum_hessian_in_leaf: 0.001]
[bagging_fraction: 1]
[pos_bagging_fraction: 1]
[neg_bagging_fraction: 1]
[bagging_freq: 0]
[bagging_seed: 400]
[bagging_by_query: 0]
[feature_fraction: 1]
[feature_fraction_bynode: 1]
[feature_fraction_seed: 30056]
[extra_trees: 0]
[extra_seed: 12879]
[early_stopping_round: 0]
[early_stopping_min_delta: 0]
[first_metric_only: 0]
[max_delta_step: 0]
[lambda_l1: 0]
[lambda_l2: 0]
[linear_lambda: 0]
[min_gain_to_split: 0]
[drop_rate: 0.1]
[max_drop: 50]
[skip_drop: 0.5]
[xgboost_dart_mode: 0]
[uniform_drop: 0]
[drop_seed: 17869]
[top_rate: 0.2]
[other_rate: 0.1]
[min_data_per_group: 100]
[max_cat_threshold: 32]
[cat_l2: 10]
[cat_smooth: 10]
[max_cat_to_onehot: 4]
[top_k: 20]
[monotone_constraints: ]
[monotone_constraints_method: basic]
[monotone_penalty: 0]
[feature_contri: ]
[forcedsplits_filename: ]
[refit_decay_rate: 0.9]
[cegb_tradeoff: 1]
[cegb_penalty_split: 0]
[cegb_penalty_feature_lazy: ]
[cegb_penalty_feature_coupled: ]
[path_smooth: 0]
[interaction_constraints: ]
[verbosity: -1]
[saved_feature_importance_type: 0]
[use_quantized_grad: 0]
[num_grad_quant_bins: 4]
[quant_train_renew_leaf: 0]
[stochastic_rounding: 1]
[linear_tree: 0]
[max_bin: 255]
[max_bin_by_feature: ]
[min_data_in_bin: 3]
[bin_construct_sample_cnt: 200000]
[data_random_seed: 175]
[is_enable_sparse: 1]
[enable_bundle: 1]
[use_missing: 1]
[zero_as_missing: 0]
[feature_pre_filter: 1]
[pre_partition: 0]
[two_round: 0]
[header: 0]
[label_column: ]
[weight_column: ]
[group_column: ]
[ignore_column: ]
[categorical_feature: ]
[forcedbins_filename: ]
[precise_float_parser: 0]
[parser_config_file: ]
[objective_seed: 16083]
[num_class: 1]
[is_unbalance: 0]
[scale_pos_weight: 1]
[sigmoid: 1]
[boost_from_average: 1]
[reg_sqrt: 0]
[alpha: 0.1]
[fair_c: 1]
[poisson_max_delta_step: 0.7]
[tweedie_variance_power: 1.5]
[lambdarank_truncation_level: 30]
[lambdarank_norm: 1]
[label_gain: ]
[lambdarank_position_bias_regularization: 0]
[eval_at: ]
[multi_error_top_k: 1]
[auc_mu_weights: ]
[num_machines: 1]
[local_listen_port: 12400]
[time_out: 120]
[machine_list_filename: ]
[machines: ]
[gpu_platform_id: -1]
[gpu_device_id: -1]
[gpu_use_dp: 0]
[num_gpu: 1]

end of parameters

pandas_categorical:[]
