tree
version=v4
num_class=1
num_tree_per_iteration=1
label_index=0
max_feature_idx=42
objective=quantile
feature_names=open high low close volume log_return_1 return_1 log_return_2 return_2 log_return_3 return_3 log_return_6 return_6 log_return_12 return_12 vol_std_10 vol_std_20 vol_std_50 candle_body candle_range upper_wick lower_wick volume_mean_20 volume_zscore_20 volume_mean_50 volume_zscore_50 ema_20 sma_20 price_minus_ema_20 slope_ema_20 ema_50 sma_50 price_minus_ema_50 slope_ema_50 ema_200 sma_200 price_minus_ema_200 slope_ema_200 rsi atr macd macd_signal macd_hist
feature_infos=none none none none none none none none none none none none none none none none none none none none none none none none none none none none none none none none none none none none none none none none none none none
tree_sizes=3095 3062 3061 3074 3082 3008 3064 3081 3056 3076 3074 3034 3025 3059 3050 3032 3035 3033 3064 3045 3013 3037 3024 2971 3011 3010 3025 3033 3004 3023 3006 2937 3039 2981 3003 3017 2971 3018 3006 3018 3002 2963 3053 2913 2942 2949 2948 2948 2993 3025 2976 2940 2936 2952 3057 2991 2989 2954 2959 2946 3016 3025 3008 2996 3044 2958 3055 2972 3001 2977 2955 2941 2948 2913 3001 2983 3011 2936 2992 2999 3015 3028 3006 2925 2915 2970 2952 2966 3032 3016 2961 2982 2958 2998 2985 2923 2991 2956 2947 2978 2920 2932 2959 2949 2941 2964 2955 2979 2992 2998

Tree=0
num_leaves=31
num_cat=0
split_feature=28 11 18 18 7 17 42 19 22 7 39 27 16 35 38 7 42 38 15 25 22 0 11 36 15 23 9 16 5 42
split_gain=17.6345 9.72788 7.28268 6.70019 5.00527 4.49693 3.23176 3.22371 3.80368 3.18552 4.06173 3.48453 3.09412 2.86717 3.75232 3.18155 3.36373 2.9204 3.06276 2.81831 2.78921 3.31013 3.23283 2.72325 2.95196 2.92921 2.94932 2.84944 2.72266 3.86077
threshold=174.13160973804773 -0.0012487789109181227 0.41500000000087317 216.3099999999977 -0.0018206282145283095 0.00084601120097416843 -0.25737973851110491 32.495000000002626 15.654890499999988 0.00096743664278957017 99.486428571426856 89633.767750000014 0.00089828695512923253 85007.259750000012 39.121542357742122 0.0011586057814605294 52.231737548140742 48.857574047388901 0.00086544831132481662 0.10763787995317053 24.502735000000005 80623.530000000013 0.0010034118918854946 542.33661167599359 0.00097625182803164632 0.56460460928457223 0.0011553259790609877 0.00072775488400715724 -8.4770774199617612e-05 -9.7508670921933263
decision_type=2 2 2 2 2 2 2 2 2 2 2 2 2 2 2 2 2 2 2 2 2 2 2 2 2 2 2 2 2 2
left_child=1 4 7 9 28 -6 -7 -3 -9 10 -2 -12 -10 14 -4 -15 17 -17 -19 -20 -16 -22 -23 25 27 -13 -27 -25 -1 -30
right_child=3 2 13 -5 5 6 -8 8 12 -11 11 23 -14 15 20 16 -18 18 19 -21 21 22 -24 24 -26 26 -28 -29 29 -31
leaf_value=8.1562779087107632e-06 -5.3398765885503966e-06 -1.4900953715368814e-07 1.2071408855263144e-05 -1.4422659296542407e-05 2.7286805561743677e-06 1.219237401528517e-06 -5.7521427152096301e-06 1.8330521015741398e-06 -1.5842930224607699e-06 -4.8554933528066616e-06 -6.5749642089940613e-06 1.8544844351708891e-06 -1.3954344808553289e-07 5.2831737775704821e-07 -2.7099330509372525e-06 -4.3960379116469992e-06 -1.7349258996546268e-05 -1.154914662038209e-06 2.3722586774965748e-06 1.274537789868191e-05 -2.4500777362845839e-05 1.2237837654538453e-05 4.6607633521489337e-07 6.1103071857360198e-06 2.2459131287178025e-06 4.7393928980454808e-06 1.5040592552395538e-05 -8.7548658484593041e-06 2.7464148843137083e-06 -2.7878943365067246e-05
leaf_weight=5640 701 2606 473 1997 5213 9810 1712 1002 11225 6866 1489 1788 9128 17166 444 2244 252 1066 906 315 166 917 813 180 1787 167 140 709 600 111
leaf_count=5640 701 2606 473 1997 5213 9810 1712 1002 11225 6866 1489 1788 9128 17166 444 2244 252 1066 906 315 166 917 813 180 1787 167 140 709 600 111
internal_value=-0.000125809 0.000207147 -0.00019344 -0.00163675 0.00105259 0.000599044 4.77348e-05 -0.000814866 -0.000612269 -0.00124575 -0.000492027 -8.78594e-05 -0.00076033 0.000407883 0.00191077 0.000215272 -0.000925152 -0.000612448 0.00064495 0.00235463 0.00108974 0.00192511 0.00257225 0.000571159 -0.0004858 0.00192124 0.00643322 -0.00284027 0.00224768 -0.000668073
internal_weight=87633 71809 48723 15824 23086 16735 11522 23961 21355 13827 6961 6260 20353 24762 2813 21949 4783 4531 2287 1221 2340 1896 1730 4771 2676 2095 307 889 6351 711
internal_count=87633 71809 48723 15824 23086 16735 11522 23961 21355 13827 6961 6260 20353 24762 2813 21949 4783 4531 2287 1221 2340 1896 1730 4771 2676 2095 307 889 6351 711
is_linear=0
shrinkage=0.05


Tree=1
num_leaves=31
num_cat=0
split_feature=28 7 18 18 19 7 9 21 35 28 17 7 7 42 36 9 32 7 35 19 22 24 4 15 16 38 36 38 16 13
split_gain=17.4025 7.15043 5.32268 3.86744 5.14625 3.97881 3.2891 3.06678 2.96918 2.7745 2.75583 2.64873 2.74022 2.45584 2.45486 2.44728 2.33422 2.34504 3.78581 3.0217 3.61467 3.51282 2.27196 2.24488 2.23109 2.2242 2.21135 3.47524 2.13011 2.11173
threshold=106.60031694001374 -0.0019610183762560096 216.3099999999977 -5.3400000000037826 282.91999999999831 -0.00063479729439036017 0.00075080672836634393 12.415000000000875 118550.92332500001 164.51647921750558 0.0028689115043675794 0.0026929257967747817 -0.0017738713781178729 -13.805648452778412 495.76799221147672 -0.0041017262867365373 -77.336618978850296 0.0003168627519936304 112381.39922500002 139.04499999999828 21.365195250000003 104.48537180000001 8.9746800000000011 0.0039044610329373179 0.00036378153495094696 42.868554071891921 846.45530637769855 37.072852197427423 0.00042309054328838459 -0.0042821604029102808
decision_type=2 2 2 2 2 2 2 2 2 2 2 2 2 2 2 2 2 2 2 2 2 2 2 2 2 2 2 2 2 2
left_child=1 -1 6 4 5 7 14 26 13 -4 15 12 25 16 28 -9 24 19 -19 20 -18 -21 -8 -5 -7 -6 -3 -28 -2 -15
right_child=2 3 9 23 11 8 22 10 -10 -11 -12 -13 -14 29 -16 -17 17 18 -20 21 -22 -23 -24 -25 -26 -27 27 -29 -30 -31
leaf_value=6.2758296563458767e-06 -4.3019051690862397e-06 2.2357156672114798e-06 8.3509039541240782e-06 7.5097087801623277e-07 3.5271046253910758e-05 9.6000276244012639e-06 -1.0497955476296284e-05 4.9674078292980537e-05 -6.3017172305990253e-06 -1.3701526331715285e-05 -2.2510339220218612e-05 2.9093174557601742e-05 -2.0580153797169488e-05 -1.9741997419089331e-05 -2.7226769634580709e-06 -2.0981395280728065e-07 -3.4119830502277183e-06 -9.635317992433558e-06 1.0123747988473043e-05 -1.5220211936508577e-05 4.2823134990044313e-06 1.402153767685377e-05 -3.115959070782992e-06 -3.9680884713106939e-05 2.4242265817520092e-06 -1.67028230134747e-05 -2.1962359513878483e-05 2.0538213220788746e-07 1.5049596026983636e-06 -9.6519426193708581e-07
leaf_weight=7208 204 4984 191 28118 87 61 53 65 799 2029 65 63 1140 120 4195 6192 190 397 96 218 1053 83 13365 182 2205 51 68 283 4387 9481
leaf_count=7208 204 4984 191 28118 87 61 53 65 799 2029 65 63 1140 120 4195 6192 190 397 96 218 1053 83 13365 182 2205 51 68 283 4387 9481
internal_value=-6.81821e-05 0.000369805 -0.00120169 0.000179015 -0.000240966 -8.72534e-05 -0.000968294 0.000602642 -0.000634224 -0.00353604 -0.00014236 -0.00326249 -0.00375587 -0.000463895 -0.000216253 -3.59597e-05 0.000528701 -0.000699558 -0.00370183 0.000259067 0.00134755 -0.00423588 -0.00146072 0.000590106 0.00163283 0.00289855 0.00148547 -0.00235043 0.000582662 -0.00090876
internal_weight=87633 63209 24424 56001 27701 26360 22204 11657 14703 2220 6322 1341 1278 13904 8786 6257 4303 2037 493 1544 1243 301 13418 28300 2266 138 5335 351 4591 9601
internal_count=87633 63209 24424 56001 27701 26360 22204 11657 14703 2220 6322 1341 1278 13904 8786 6257 4303 2037 493 1544 1243 301 13418 28300 2266 138 5335 351 4591 9601
is_linear=0
shrinkage=0.05


Tree=2
num_leaves=31
num_cat=0
split_feature=28 7 36 42 21 19 32 18 3 23 22 16 5 7 21 23 11 17 42 23 40 22 16 18 23 4 16 13 28 19
split_gain=15.396 8.67708 4.12421 5.1561 5.5432 3.78109 3.55029 3.25446 3.2329 3.10695 2.87799 3.91799 3.31987 3.37824 3.47844 3.77728 3.27193 3.09294 2.93473 2.54601 2.54058 3.52947 2.49778 2.49559 2.4425 2.38026 2.56401 2.67309 2.43312 2.38182
threshold=228.90917150864701 -0.0019610183762560096 486.16340125723224 -13.472398637906331 31.995000000002623 0.57499999999708973 73.094188165145184 216.3099999999977 118450.57500000003 3.5025591027643963 168.73179250000004 0.00090345277770856065 9.7629568646425544e-05 -0.0010558799120730558 50.135000000002044 1.109926519186107 -0.0016071844256589521 0.00084601120097416843 22.769687714746976 -0.82466073260737394 -19.257030028391451 24.207420999999993 0.00037174884588120767 -238.75499999999735 -1.1681224654519202 173.16464500000004 0.0011886244204358956 0.0036725665245104402 195.85222596903625 57.504999999997388
decision_type=2 2 2 2 2 2 2 2 2 2 2 2 2 2 2 2 2 2 2 2 2 2 2 2 2 2 2 2 2 2
left_child=1 -1 3 4 20 6 19 9 24 -2 11 -7 13 14 16 -16 18 -14 -13 -5 21 -3 -22 -15 -6 26 -4 29 -29 -28
right_child=7 2 25 5 8 10 -8 -9 -10 -11 -12 12 17 23 15 -17 -18 -19 -20 -21 22 -23 -24 -25 -26 -27 27 28 -30 -31
leaf_value=6.1815885405351882e-06 -3.8538743237950257e-06 5.1125115024106553e-06 -2.1901109545297002e-06 -1.0930322557101134e-06 1.4768531340678238e-05 -6.847716989000219e-08 3.2291515029214676e-06 -1.2684018787695096e-05 -9.7236484688991717e-06 -1.6019395814964809e-05 -1.0512108117211483e-05 1.6926475940408636e-06 9.6057785813172822e-06 -2.6853558117856837e-05 2.9809783340084556e-07 -3.0587574870658337e-05 1.1002789979006168e-05 2.8437054178880315e-06 -1.9882609458299783e-05 -2.5853006562215345e-08 -2.9375065486192402e-06 3.4945380245972053e-06 1.3630544426987967e-06 -2.0548446646984075e-06 -1.4918008793074478e-07 -1.141536121582476e-05 1.3908928083708361e-05 -1.9972205260273772e-05 9.790093492028973e-06 2.9246746493072353e-06
leaf_weight=7560 9113 945 8989 147 191 24355 57 1799 430 96 1418 257 451 68 435 74 950 5802 51 113 170 5350 3966 4821 6328 344 60 274 124 2895
leaf_count=7560 9113 945 8989 147 191 24355 57 1799 430 96 1418 257 451 68 435 74 950 5802 51 113 170 5350 3966 4821 6328 344 60 274 124 2895
internal_value=-0.000100134 0.00015106 -2.49765e-05 0.000158304 0.000874568 -0.000160902 -0.00559937 -0.00184866 -0.000219456 -0.00146867 -0.000116333 -3.22027e-05 0.000672012 -0.000105168 0.00176853 -0.00171906 0.00317965 0.00149928 -0.0012987 -0.00807692 0.00160339 0.0022359 0.000640716 -0.000782369 5.75242e-05 -0.000839508 -0.000725166 0.000454817 -0.00339196 0.000972927
internal_weight=87633 76625 69065 56379 17380 38999 317 11008 6949 9209 38682 37264 12909 6656 1767 509 1258 6253 308 260 10431 6295 4136 4889 6519 12686 12342 3353 398 2955
internal_count=87633 76625 69065 56379 17380 38999 317 11008 6949 9209 38682 37264 12909 6656 1767 509 1258 6253 308 260 10431 6295 4136 4889 6519 12686 12342 3353 398 2955
is_linear=0
shrinkage=0.05


Tree=3
num_leaves=31
num_cat=0
split_feature=28 28 42 5 39 25 7 7 13 13 18 42 7 21 18 36 24 19 20 36 15 25 11 23 15 34 11 13 7 18
split_gain=14.0109 7.57558 6.12507 4.1223 3.67202 3.60611 3.34812 3.33451 3.11868 3.13906 3.07859 3.05598 4.87776 2.97294 3.0436 2.70763 5.14639 3.17532 3.60552 2.91394 4.01656 2.68687 2.7428 2.58381 2.57598 3.0519 2.55985 2.53208 2.49038 3.16773
threshold=228.90917150864701 -115.742960905809 -9.1366124429872215 -0.0035793132699333354 85.385714285712325 -0.97855396706288655 0.00096743664278957017 -0.0017738713781178729 -0.0015411258402823547 -0.004398043697382439 36.444999999999716 36.754245360732135 0.0011849812577296919 34.79000000000088 -20.329999999994467 -172.81534631821702 26.000085300000006 503.0999999999986 36.944999999999716 -142.10800017876315 0.00076388003666579907 -0.57665922328097496 -0.0022221992565527779 1.797103461761701 0.0039044610329373179 118386.78796745585 -0.0015140633147483176 -0.0058336517890391218 -0.0010334583847200645 -75.004999999997366
decision_type=2 2 2 2 2 2 2 2 2 2 2 2 2 2 2 2 2 2 2 2 2 2 2 2 2 2 2 2 2 2
left_child=1 2 4 -4 8 -5 -2 21 9 -1 28 15 -13 -9 -15 16 -12 18 19 20 -17 -6 -23 -8 25 -16 -10 -27 -3 -30
right_child=6 10 3 5 7 -7 23 13 26 -11 11 12 -14 14 24 17 -18 -19 -20 -21 -22 22 -24 -25 -26 27 -28 -29 29 -31
leaf_value=1.6901402045425587e-05 -1.986795793482088e-06 1.150857211712797e-06 3.0727243642295933e-05 1.2839049433388539e-05 1.5230685959913971e-05 -2.7596623099874765e-06 -5.9183626826325057e-06 3.1598083039966693e-06 1.2758313751804098e-05 2.6384880365233343e-06 8.0217917971836543e-06 1.6429921600234822e-06 -1.0976837708901144e-05 -4.840058223430077e-06 5.316591629198797e-06 -9.6679809039223142e-06 2.8389147239892055e-06 -4.4904678342638255e-05 4.4831695426893251e-06 -4.76445055273445e-08 9.6538782859454386e-07 8.5668424362875576e-06 -2.1970014385960472e-06 -1.1038248146132901e-05 -5.261268535451506e-05 1.8356560676457436e-05 4.4738063994387286e-06 -2.0004635582906262e-05 -3.827524307844499e-06 -6.5920994387624885e-08
leaf_weight=65 4273 6046 161 261 420 4630 5340 5523 135 1234 319 918 725 2058 2381 158 4258 51 2397 8673 107 3849 649 1395 91 53 113 175 3973 27202
leaf_count=65 4273 6046 161 261 420 4630 5340 5523 135 1234 319 918 725 2058 2381 158 4258 51 2397 8673 107 3849 649 1395 91 53 113 175 3973 27202
internal_value=-7.61699e-05 0.000163458 0.000951922 -0.00057403 0.00141228 -0.000833163 -0.00174419 0.00117606 0.00373303 0.00275212 -0.000150017 0.000394752 -0.00165855 0.000663846 -0.000252207 0.000606089 0.00163317 0.00019322 0.000249228 -0.000212576 -0.00537736 0.00224685 0.00188973 -0.00243875 0.000851852 0.00114028 0.00887097 -0.00438596 -0.0004077 -0.000587811
internal_weight=87633 76625 21798 5052 16746 4891 11008 15199 1547 1299 54827 17606 1643 10281 4758 15963 4577 11386 11335 8938 265 4918 4498 6735 2700 2609 248 228 37221 31175
internal_count=87633 76625 21798 5052 16746 4891 11008 15199 1547 1299 54827 17606 1643 10281 4758 15963 4577 11386 11335 8938 265 4918 4498 6735 2700 2609 248 228 37221 31175
is_linear=0
shrinkage=0.05


Tree=4
num_leaves=31
num_cat=0
split_feature=28 28 41 7 16 28 20 28 42 17 22 42 15 4 16 25 19 39 5 18 11 35 9 39 19 9 25 5 40 36
split_gain=12.8537 7.37516 5.70887 3.09549 2.84963 3.01584 3.32359 3.52884 2.96485 2.87031 3.20936 3.01961 2.8258 3.75858 3.2344 2.72897 2.50524 2.47532 2.48674 2.39738 3.17632 2.87702 2.76397 2.59027 2.5386 2.86102 2.52933 2.47055 2.33335 4.15289
threshold=228.90917150864701 -115.742960905809 -144.53788680441178 0.00096743664278957017 0.00037960798280198754 -227.58426036983289 22.665000000000877 -194.4612446488172 1.3799434179383729 0.0019357266015632881 39.166094249999993 -27.029261791013081 0.0011602613128073684 184.66668500000003 0.0020751140189656674 3.1326614075005081 229.53500000000352 304.00464285714202 -0.00043604582281475717 36.444999999999716 0.0018460966235119558 85106.237000000008 -0.0014737632072829865 192.3785714285701 82.555000000000305 0.0006653354646844621 2.3641897306088784 -0.00023011537744098672 142.43116078183814 355.30261682152201
decision_type=2 2 2 2 2 2 2 2 2 2 2 2 2 2 2 2 2 2 2 2 2 2 2 2 2 2 2 2 2 2
left_child=1 2 -1 -2 -4 8 7 -7 -6 10 11 -9 13 16 15 -14 19 -8 -19 23 21 -21 -23 28 -22 -26 -24 -25 -3 -30
right_child=3 12 4 -5 5 6 17 9 -10 -11 -12 -13 14 -15 -16 -17 -18 18 -20 20 24 22 26 27 25 -27 -28 -29 29 -31
leaf_value=-1.8242426762130039e-06 -1.8874560038079838e-06 -6.1815599011083575e-08 6.013585840887581e-06 -6.6674990717751823e-06 5.7990807783737266e-06 -4.9450492556116998e-06 4.7280331992677566e-06 7.8401277481440718e-06 2.7173341470144233e-05 2.6303624428648046e-05 -2.3395951709220247e-06 8.6475222656443595e-07 2.8956609677869419e-06 -1.3491799250998148e-05 -3.4874726607838019e-06 -2.6359665039169452e-05 -5.9781867458636029e-06 -5.0504138824224939e-05 9.4617402772869492e-06 7.2287421999072521e-06 -6.4173490011530984e-06 -9.3875337906930249e-06 4.9512100283710232e-07 -4.7522137646198422e-06 4.8496786732935964e-06 -2.6116365683102142e-06 4.2917922119094423e-06 -1.3943652004110165e-05 4.2577232108307327e-06 -9.5298429858829228e-06
leaf_weight=6045 4273 28723 206 6735 6220 1041 3914 459 133 148 2115 1337 9105 218 2094 92 1052 89 91 1020 380 127 8765 328 304 1358 194 230 165 672
leaf_count=6045 4273 28723 206 6735 6220 1041 3914 459 133 148 2115 1337 9105 218 2094 92 1052 89 91 1020 380 127 8765 328 304 1358 194 230 165 672
internal_value=-6.93232e-05 0.000160196 0.000938159 -0.00166697 0.00143941 0.001362 0.000783119 -6.86275e-05 0.00219975 0.000597438 0.000338788 0.0018931 -0.000149105 -0.000331909 0.000555752 0.000959552 -0.000298952 0.00184416 -0.00388889 -0.000238963 0.000353968 0.000717396 0.000434735 -0.000478119 -0.00144466 -0.000601685 0.000538565 -0.00385305 -0.000414411 -0.00301673
internal_weight=87633 76625 21798 11008 15753 15547 9194 5100 6353 4059 3911 1796 54827 43536 11291 9197 43318 4094 180 42266 12148 10106 9086 30118 2042 1662 8959 558 29560 837
internal_count=87633 76625 21798 11008 15753 15547 9194 5100 6353 4059 3911 1796 54827 43536 11291 9197 43318 4094 180 42266 12148 10106 9086 30118 2042 1662 8959 558 29560 837
is_linear=0
shrinkage=0.05


Tree=5
num_leaves=31
num_cat=0
split_feature=28 7 22 28 18 4 21 36 18 18 0 35 19 23 23 36 1 38 23 31 36 38 32 23 18 9 21 5 2 38
split_gain=11.4852 6.71136 3.32954 3.72316 3.77926 3.45736 3.18586 3.57833 3.12777 2.93757 2.61189 2.47249 2.47381 2.99263 2.46808 2.35061 2.33325 2.822 2.32165 2.46325 2.3197 2.2881 2.2555 2.23863 2.21182 2.26123 2.34965 2.26959 2.1866 2.3869
threshold=228.90917150864701 -0.0019610183762560096 164.05940024999998 -106.18544054734228 36.444999999999716 173.16464500000004 13.754999999997382 868.47033527973701 -20.329999999994467 349.31499999999511 85841.240000000005 79300.228600000017 82.555000000000305 -0.17449058104078954 3.3341648539318722 868.47033527973701 115202.83500000001 58.110075666124636 -1.4577038731991587 82998.50930000002 288.83699341146718 31.377330674296704 10.717281790552081 -1.1348590524047857 -238.75499999999735 -0.0029171321844578975 24.724999999998548 -0.001519798739692262 118504.04500000001 72.629375928985112
decision_type=2 2 2 2 2 2 2 2 2 2 2 2 2 2 2 2 2 2 2 2 2 2 2 2 2 2 2 2 2 2
left_child=1 -1 3 6 5 -5 7 18 24 14 11 -6 13 20 16 -7 -2 -18 -3 -20 -13 -9 -23 -14 -8 26 -26 -28 29 -19
right_child=9 2 -4 4 10 15 8 21 -10 -11 -12 12 23 -15 -16 -17 17 28 19 -21 -22 22 -24 -25 25 -27 27 -29 -30 -31
leaf_value=5.529994990070531e-06 -4.7516324295974083e-06 8.8359682385481938e-06 -8.2512864152681025e-06 -1.1730874591094674e-07 -3.2254651386956859e-05 -1.691933539370262e-05 -1.3734733984732757e-05 -2.3853485549119144e-05 2.7673334210278892e-06 -2.4106711398028325e-05 2.8086710365279011e-07 -1.2574300773768653e-06 3.1006161873732166e-05 7.2795676472590064e-06 -1.2913849686421942e-05 2.9134160258297974e-06 -1.466200663748839e-05 -2.4872658261517692e-07 2.3608241429330353e-05 2.8116164602348703e-06 -1.5601093723598776e-05 -5.2198705433941161e-06 1.7567952155607366e-05 7.4055582362504096e-06 -1.4176452047574298e-05 -2.2416264945751595e-06 -9.0908433729129453e-06 1.7541675227750321e-05 -2.3493473515917457e-06 9.4642768820245927e-06
leaf_weight=7560 8192 60 3178 33662 59 178 129 70 4639 643 14240 259 105 109 251 50 163 456 108 5609 78 85 55 1669 54 4345 69 255 836 467
leaf_count=7560 8192 60 3178 33662 59 178 129 70 4639 643 14240 259 105 109 251 50 163 456 108 5609 78 85 55 1669 54 4345 69 255 836 467
internal_value=-7.04643e-05 0.000146493 -8.32549e-06 6.79193e-05 -0.000140352 -0.000442608 0.00074622 0.00164941 0.000176483 -0.00158067 0.000479751 0.00205134 0.00231982 -0.00100897 -0.00137723 -0.00657895 -0.00125569 0.000312175 0.00188246 0.00177978 -0.00333828 -0.0047619 -0.00107143 0.00315671 -0.000711047 -0.000534618 0.0031746 0.00478395 0.000895395 0.00257313
internal_weight=87633 76625 69065 65887 50409 33890 15478 5987 9491 11008 16519 2279 2220 446 10365 228 10114 1922 5777 5717 337 210 140 1774 4852 4723 378 324 1759 923
internal_count=87633 76625 69065 65887 50409 33890 15478 5987 9491 11008 16519 2279 2220 446 10365 228 10114 1922 5777 5717 337 210 140 1774 4852 4723 378 324 1759 923
is_linear=0
shrinkage=0.05


Tree=6
num_leaves=31
num_cat=0
split_feature=28 11 13 5 35 38 7 42 11 28 18 41 25 7 36 36 26 23 17 26 16 16 38 23 22 1 38 42 38 7
split_gain=10.5217 6.45105 3.92948 3.31542 2.94557 3.51432 3.28723 4.88245 2.952 5.06846 2.77518 2.69785 5.26236 2.63239 3.77651 3.80706 2.59046 3.80185 3.26736 3.04889 2.50786 2.51494 2.86018 2.67805 2.49719 2.4412 2.77616 2.43691 2.41904 2.41619
threshold=228.90917150864701 -0.0012487789109181227 -0.0010195679585128317 -1.0000000180025095e-35 85007.259750000012 39.121542357742122 0.0011586057814605294 36.754245360732135 0.00090559449466194283 -1.5977833441065739 349.31499999999511 -71.66871699159681 -1.0495231745446993 -0.0017738713781178729 -1217.7021772727092 729.17695860006654 115228.83263464374 -1.077773631307168 0.00075097216272406191 115510.83836832781 0.002229630523853257 0.0013560412568609066 40.85816540329003 -0.33073801705477468 123.79628200000002 115202.83500000001 58.110075666124636 5.8871325842301667 48.857574047388901 0.00071793944700033194
decision_type=2 2 2 2 2 2 2 2 2 2 2 2 2 2 2 2 2 2 2 2 2 2 2 2 2 2 2 2 2 2
left_child=1 2 13 -3 5 -5 11 28 9 27 25 12 -6 -1 -15 -16 18 -18 -4 -19 21 24 -23 -24 -13 -2 -27 -7 -8 -11
right_child=10 3 16 4 6 8 7 -9 -10 29 -12 20 -14 14 15 -17 17 19 -20 -21 -22 22 23 -25 -26 26 -28 -29 -30 -31
leaf_value=6.7829325430047043e-06 -4.8726683989770041e-06 -6.7993304784442606e-07 3.6867891196168831e-06 1.1266463026546924e-05 1.8073188627421013e-05 -7.7593619204553883e-06 -3.7094695220782985e-06 -1.1058213464164759e-05 -1.0723481258567277e-06 3.8240792267713685e-06 -2.290137582812691e-05 9.1239548896935645e-09 2.6289667499764944e-06 -6.6318110406253136e-06 3.1756956511026159e-06 -4.4141208340748436e-06 -1.7801417916606999e-05 -1.895381227730366e-05 -8.7053417522911591e-07 -1.4575404854637908e-06 -2.1641156912660211e-05 -1.4514564459837615e-05 1.1843790583852929e-05 -3.0722063531753109e-06 -1.7307535415761981e-05 -1.3928906305613971e-05 1.5993597731522812e-06 1.4590485382676192e-05 5.8619994126049449e-07 1.6666464283795677e-05
leaf_weight=5309 8400 24926 913 481 146 365 2263 767 1437 494 643 15148 2939 1671 9032 877 88 60 4461 840 92 104 490 180 53 163 1802 84 2999 406
leaf_count=5309 8400 24926 913 481 146 365 2263 767 1437 494 643 15148 2939 1671 9032 877 88 60 4461 840 92 104 490 180 53 163 1802 84 2999 406
internal_value=-7.16054e-05 0.000136052 0.000831147 -0.000166748 0.000202123 0.00161463 1.88634e-05 -0.000999337 0.000933238 0.00261305 -0.00151708 0.00033939 0.00169368 0.00123009 0.000807427 0.00117822 -0.000227916 -0.00258097 0.000204689 -0.00161111 7.93552e-05 0.000126761 0.00290698 0.00410448 -1.48017e-05 -0.00131934 0.000267176 -0.00172606 -0.0004561 0.00477778
internal_weight=87633 76625 23251 53374 28448 3267 25181 6029 2786 1349 11008 19152 3085 16889 11580 9909 6362 988 5374 900 16067 15975 774 670 15201 10365 1965 449 5262 900
internal_count=87633 76625 23251 53374 28448 3267 25181 6029 2786 1349 11008 19152 3085 16889 11580 9909 6362 988 5374 900 16067 15975 774 670 15201 10365 1965 449 5262 900
is_linear=0
shrinkage=0.05


Tree=7
num_leaves=31
num_cat=0
split_feature=28 7 36 42 21 18 23 13 21 28 23 40 40 22 5 16 17 7 24 15 16 38 16 40 28 21 39 21 9 32
split_gain=10.3009 5.09122 3.16176 3.28028 4.55647 2.72667 2.6561 3.34962 2.52381 2.42613 2.31071 2.27853 2.26375 2.58545 2.24391 2.25099 3.01357 2.7405 3.94123 2.70745 2.7049 2.60352 2.91221 2.59027 2.52695 2.76365 2.57737 2.37275 2.39802 2.3575
threshold=228.90917150864701 -0.0019610183762560096 486.16340125723224 -13.805648452778412 31.290000000000877 216.3099999999977 -1.1681224654519202 -0.0011998064969670711 24.724999999998548 -601.49210237875366 3.5025591027643963 101.72724907334488 -26.941454977357349 24.502735000000005 -0.0022888900798062862 0.00090345277770856065 0.0016153737816376589 0.00098567020501883645 28.556523400000007 0.00083214423407834898 0.00070705515141219197 50.377620212959656 0.00078148261601075208 -6.4071042173673041 63.207267790785416 64.025000000001469 195.16142857142822 15.825000000004367 0.0016589004109492684 -174.74706953021811
decision_type=2 2 2 2 2 2 2 2 2 2 2 2 2 2 2 2 2 2 2 2 2 2 2 2 2 2 2 2 2 2
left_child=1 -1 3 4 8 10 7 -6 9 -3 -2 -8 13 -11 -5 17 -17 21 19 27 23 22 -16 -20 26 -26 -18 28 -19 -23
right_child=5 2 -4 14 6 -7 11 -9 -10 12 -12 -13 -14 -15 15 16 24 18 20 -21 -22 29 -24 -25 25 -27 -28 -29 -30 -31
leaf_value=5.0579728166657562e-06 -2.9048521091097312e-06 -3.2381934655866185e-05 -1.5003089649038792e-06 -1.9797697734795305e-05 7.0584896960871531e-06 -1.0046054780413277e-05 -4.237178373681513e-07 3.1508497873871888e-05 6.5012941248749149e-06 5.4524991062755871e-06 -1.3443812759051218e-05 -1.067246819921667e-05 3.941809638565933e-07 2.8460934150394905e-06 -5.3529861079732233e-08 2.2790341889824697e-06 -7.9149532295380236e-06 -5.2823762079443115e-08 -8.9134109203762773e-06 1.0027275865837482e-05 -2.7420409030747049e-06 5.1983615253771475e-06 -5.4017443807415121e-06 -3.149395576445424e-06 7.7543511270287662e-06 -9.4239212143460754e-06 -4.209881954243304e-06 -6.2435484405205492e-06 9.9300020785913882e-06 9.3117323590884235e-08
leaf_weight=7560 9113 127 12686 316 152 1799 6554 52 1116 716 96 224 3999 4176 8449 10492 458 410 371 118 1081 265 1392 369 872 399 1856 159 121 12135
leaf_count=7560 9113 127 12686 316 152 1799 6554 52 1116 716 96 224 3999 4176 8449 10492 458 410 371 118 1081 265 1392 369 872 399 1856 159 121 12135
internal_value=-5.50592e-05 0.000150408 1.5565e-05 0.000176041 0.000753681 -0.00148528 -0.000229161 0.00539216 0.00143083 0.00115325 -0.00113747 -0.000398348 0.00125127 0.00197261 -7.57711e-05 -4.17234e-05 0.000463522 -0.000327704 -0.00185432 0.00105198 -0.00314388 -0.000147251 -0.000754496 -0.00547297 -0.000788006 0.00100315 -0.00177182 -0.000144928 0.00145951 0.000334677
internal_weight=87633 76625 69065 56379 17116 11008 6982 204 10134 9018 9209 6778 8891 4892 39263 38947 14077 24870 2629 808 1821 22241 9841 740 3585 1271 2314 690 531 12400
internal_count=87633 76625 69065 56379 17116 11008 6982 204 10134 9018 9209 6778 8891 4892 39263 38947 14077 24870 2629 808 1821 22241 9841 740 3585 1271 2314 690 531 12400
is_linear=0
shrinkage=0.05


Tree=8
num_leaves=31
num_cat=0
split_feature=28 18 7 23 42 28 5 21 4 9 35 13 40 42 23 25 7 27 23 38 41 36 32 19 5 42 38 0 34 13
split_gain=9.36384 4.09845 4.05921 3.15375 2.69396 4.16203 3.77965 3.56328 3.38725 3.02184 3.04343 2.95314 2.92889 2.80841 2.73097 4.31447 2.80827 2.76135 2.62788 2.61943 2.57312 2.7402 2.54556 2.52606 2.52034 2.5276 2.50923 2.69334 3.99306 3.27539
threshold=158.71507012420628 252.40999999999624 -0.0034092341484028049 3.0312742783522473 -9.1366124429872215 -115.742960905809 -0.00023849326028673137 34.79000000000088 159.35822000000005 -0.0017033501827668342 87394.101450000016 -0.0012979239607587634 64.340801469086742 -10.653616362335892 -0.21579766643856504 0.77845138759321497 0.0017807844825987091 90143.792500000025 1.797103461761701 59.563812651370661 116.24619547987702 826.05405572793836 83.696656535714297 174.90499999999886 -0.00020490854903807299 -10.060477989708003 45.481127859724559 111663.44500000002 108598.82206709865 -0.004398043697382439
decision_type=2 2 2 2 2 2 2 2 2 2 2 2 2 2 2 2 2 2 2 2 2 2 2 2 2 2 2 2 2 2
left_child=2 3 -1 -2 5 7 12 20 26 11 19 23 18 -9 16 -16 17 -10 22 -11 21 -4 -7 -8 -12 -26 27 28 -6 -29
right_child=1 -3 4 -5 8 6 9 13 14 10 24 -13 -14 -15 15 -17 -18 -19 -20 -21 -22 -23 -24 -25 25 -27 -28 29 -30 -31
leaf_value=1.1316826335256578e-05 -1.7751647216427934e-06 -1.3262159393090875e-05 3.5246699313000862e-06 -1.1719798044295202e-05 -9.9174092378845604e-07 -1.4742763717483764e-06 -1.955780830752945e-05 2.3917217201146251e-07 -3.4253741886169711e-05 7.4233284501352239e-06 6.2274255336666235e-06 -1.0181370291003198e-06 1.9642065944791104e-07 1.6762552845250969e-05 -3.5477473692998434e-05 -5.1998770073094975e-06 3.0949227498200154e-05 2.3796560502121222e-05 -9.119082613813875e-06 -1.0741107380195465e-05 2.211165387126748e-05 -6.2441423982040773e-06 -8.6926874935616176e-06 1.963679481329442e-06 -5.6886770161220411e-08 4.7030140963556522e-06 9.6382982251866264e-08 -2.6346807828356571e-05 3.0612134941488225e-06 -1.680089155887282e-06
leaf_weight=2575 15642 1493 7686 409 5267 2027 116 6511 141 1631 227 287 1951 124 293 474 113 76 128 65 206 358 496 56 7374 390 27476 64 1307 2670
leaf_count=2575 15642 1493 7686 409 5267 2027 116 6511 141 1631 227 287 1951 124 293 474 113 76 128 65 206 358 496 56 7374 390 27476 64 1307 2670
internal_value=-6.13353e-05 -0.00109439 0.000197249 -0.000861317 0.000122937 0.000480039 -0.00011527 0.00106987 -0.000156411 0.000423812 0.000611644 -0.00354031 -0.00130378 0.000207234 -0.00289426 -0.00453064 0.000909091 -0.00241935 -0.00238589 0.00253538 0.00176364 0.00162233 -0.00203131 -0.00872093 0.000203354 5.15198e-05 -7.47608e-05 -0.000784272 -0.000235777 -0.00210315
internal_weight=87633 17544 70089 16051 67514 29633 14748 14885 37881 10146 9687 459 4602 6635 1097 767 330 217 2651 1696 8250 8044 2523 172 7991 7764 36784 9308 6574 2734
internal_count=87633 17544 70089 16051 67514 29633 14748 14885 37881 10146 9687 459 4602 6635 1097 767 330 217 2651 1696 8250 8044 2523 172 7991 7764 36784 9308 6574 2734
is_linear=0
shrinkage=0.05


Tree=9
num_leaves=31
num_cat=0
split_feature=28 7 18 19 18 36 17 7 16 15 20 20 16 11 24 39 32 7 25 7 41 36 7 4 39 28 11 11 42 21
split_gain=8.35024 4.2219 3.02722 4.02562 3.52813 3.14255 3.07965 2.94581 3.13114 2.77396 2.72611 3.44441 2.82296 2.75992 2.72989 2.72463 3.72067 2.71815 2.62985 2.5344 2.52899 2.82619 2.51997 2.50304 3.11214 2.46419 2.45101 4.56833 2.60276 3.85381
threshold=228.90917150864701 -0.0019610183762560096 6.8799999999973815 282.91999999999831 -156.98500000000783 486.16340125723224 0.000716737100051031 0.0006390883157700477 0.0020116149966142275 0.002760501127632764 35.064999999995059 7.0449999999982547 0.0010646758972749127 0.00039968717350990205 107.38355770000001 109.42785714285857 -224.6488715233863 -0.0017738713781178729 -1.13541528579079 0.00096743664278957017 -144.53788680441178 -3417.9023739720938 -0.00040663310857643804 37.084620000000008 144.24821428571525 158.71507012420628 -0.0007661474850559094 -0.0013309287983518197 -3.7219599089930795 10.71999999999389
decision_type=2 2 2 2 2 2 2 2 2 2 2 2 2 2 2 2 2 2 2 2 2 2 2 2 2 2 2 2 2 2
left_child=1 -1 3 4 7 9 -5 8 15 -6 11 12 -4 26 18 16 -3 -8 -14 -2 21 -12 -7 -23 -25 -20 27 -13 -29 -30
right_child=19 2 10 6 5 22 17 -9 -10 -11 20 13 14 -15 -16 -17 -18 -19 25 -21 -22 23 -24 24 -26 -27 -28 28 29 -31
leaf_value=4.5702842282193316e-06 -1.1045801358342695e-06 1.0204587203707336e-05 1.5057634232052402e-07 -2.3332920029632045e-05 -1.4005166674195761e-08 -4.6140088677842844e-07 1.2278633892355346e-05 2.1508048135837301e-05 -2.4552056509017563e-05 -3.3882266840831432e-05 7.0864469993474238e-05 1.2241622713153399e-06 2.4747995095592771e-05 -2.0990046587661768e-06 -1.9463552042383994e-06 7.3607252550434523e-06 -1.066851846616665e-05 -1.429208797009153e-05 9.1487429464281429e-06 -5.2721434804250734e-06 3.2395274891228453e-06 1.1978323243474886e-05 -4.6390637467701416e-06 -2.0830259227096296e-05 -4.5600880038482776e-06 -6.0674656163152645e-06 1.6754215625980474e-06 -8.5537392095693791e-06 -7.8662901580572226e-06 1.0328873231055855e-05
leaf_weight=7560 4273 56 9172 53 27896 2944 142 62 112 135 70 1853 92 5002 642 1053 143 1382 1395 6735 7888 110 3058 52 1680 289 2812 717 120 135
leaf_count=7560 4273 56 9172 53 27896 2944 142 62 112 135 70 1853 92 5002 642 1053 143 1382 1395 6735 7888 110 3058 52 1680 289 2812 717 120 135
internal_value=-5.67709e-05 0.000128222 5.42967e-06 -0.000302408 -0.000192476 -0.000294567 -0.00277425 0.00224404 0.00175953 -7.22414e-05 0.000361391 5.51082e-05 0.000651424 -0.000594511 0.00217122 0.00247604 -0.00288945 -0.0023622 0.00318131 -0.00134448 0.00105612 -0.000575314 -0.00133289 -0.000950054 -0.00141455 0.00273159 0.000164094 -0.000876106 -0.00365226 0.000686275
internal_weight=87633 76625 69065 37036 35459 34033 1577 1426 1364 28031 32029 22229 11590 10639 2418 1252 199 1524 1776 11008 9800 1912 6002 1842 1732 1684 5637 2825 972 255
internal_count=87633 76625 69065 37036 35459 34033 1577 1426 1364 28031 32029 22229 11590 10639 2418 1252 199 1524 1776 11008 9800 1912 6002 1842 1732 1684 5637 2825 972 255
is_linear=0
shrinkage=0.05


Tree=10
num_leaves=31
num_cat=0
split_feature=28 11 13 18 5 7 42 41 35 11 0 9 11 23 41 19 7 39 17 4 15 9 42 11 13 42 22 7 20 16
split_gain=7.85076 4.05211 3.17362 2.58719 2.57047 2.60445 4.93148 2.6915 2.46533 4.34425 3.14324 3.04176 2.47477 2.45516 2.35285 2.50982 3.32386 4.64185 3.96031 2.97262 2.67786 2.60574 2.81789 2.42885 2.35013 2.2972 3.03772 2.92104 2.57151 2.57139
threshold=243.89418254936757 -0.0012487789109181227 -0.0010195679585128317 349.31499999999511 -6.0502775780990545e-05 0.0011586057814605294 52.231737548140742 -51.683531352684604 84873.415525000033 0.0015077135673387571 80623.530000000013 0.00080643614359410601 0.0040970530204149751 3.3341648539318722 -144.53788680441178 148.01500000000672 -0.0014098715018389541 154.44000000000025 0.0019106073406579716 94.158090000000016 0.0039044610329373179 -0.002241321613212856 -13.472398637906331 -0.0045976854881208404 -0.0090249674893380996 9.4878696818652575 16.446249250000005 -0.00096790209251811381 12.455000000001748 0.0018945294076738865
decision_type=2 2 2 2 2 2 2 2 2 2 2 2 2 2 2 2 2 2 2 2 2 2 2 2 2 2 2 2 2 2
left_child=1 2 14 13 25 7 8 -6 9 10 -7 -11 -13 -2 -1 16 17 19 23 -16 21 -17 24 -19 -23 26 -3 28 -27 -30
right_child=3 4 -4 -5 5 6 -8 -9 -10 11 -12 12 -14 -15 15 20 -18 18 -20 -21 -22 22 -24 -25 -26 27 -28 -29 29 -31
leaf_value=-4.598278793030624e-07 -2.7605091305478499e-06 1.5368816760965235e-07 -3.7553750974578864e-07 -2.0639800155563054e-05 2.9804272986283807e-06 -1.9801660579658898e-05 -1.3771374753028649e-05 5.0198880085152282e-08 -1.2735447307218921e-06 1.9488355363555341e-05 1.3610642215999256e-05 -1.0641456999019279e-05 1.1593977180407196e-05 -1.1948348004319236e-05 2.4582942850871192e-06 1.0147431280529054e-05 2.0414532557564595e-06 1.2050665576335935e-07 2.0246046313439898e-05 -1.8078320067740021e-05 -2.4908644410902945e-05 3.6865797313382601e-05 -4.957870077280053e-06 -2.0170018445409288e-05 3.7565929161449658e-06 -3.7785306486639486e-07 -1.9169094082282776e-06 -8.023105711857675e-07 9.8691145840347348e-06 -1.7177616579243766e-06
leaf_weight=3559 9106 1429 6385 631 5085 54 469 18490 6075 63 503 413 92 239 791 3150 5373 51 50 107 107 151 394 217 2941 1167 12226 6890 1059 366
leaf_count=3559 9106 1429 6385 631 5085 54 469 18490 6075 63 503 413 92 239 791 3150 5373 51 50 107 107 151 394 217 2941 1167 12226 6890 1059 366
internal_value=-5.7912e-05 0.000111709 0.000663774 -0.00137831 -0.000124584 0.000171233 -0.000629156 0.000431601 -0.000305556 0.00184444 0.00498205 -0.00123239 -0.00252475 -0.00116907 0.00102273 0.00132763 0.000633632 -0.00172697 -0.00691824 0.000111359 0.00200578 0.00213231 0.00119048 -0.00932836 0.00169793 -0.000524052 -0.000939216 7.38241e-05 0.00150463 0.00292982
internal_weight=87633 77657 23276 9976 54381 31244 7669 23575 7200 1125 557 568 505 9345 16891 13332 6589 1216 318 898 6743 6636 3486 268 3092 23137 13655 9482 2592 1425
internal_count=87633 77657 23276 9976 54381 31244 7669 23575 7200 1125 557 568 505 9345 16891 13332 6589 1216 318 898 6743 6636 3486 268 3092 23137 13655 9482 2592 1425
is_linear=0
shrinkage=0.05


Tree=11
num_leaves=31
num_cat=0
split_feature=9 11 9 7 42 34 36 35 24 15 7 39 21 35 20 5 28 4 20 23 20 38 38 11 28 23 42 15 25 35
split_gain=7.39542 4.61792 3.39642 3.37741 3.17067 2.94669 2.75263 2.57811 2.5198 2.9313 2.87172 2.48058 2.45123 2.71685 2.717 2.37141 2.28105 2.16978 2.09872 2.1492 2.0727 2.05149 2.27611 2.57863 2.29107 2.13297 2.04014 1.99014 2.38956 2.06446
threshold=0.0012016805218003487 0.0027479879663873793 -0.0043792009657096153 -0.00098896189930959468 48.239921192580844 86720.480142566419 486.16340125723224 122577.38110000001 205.29388550000002 0.00060136158112961493 0.0011586057814605294 178.20928571428681 58.459999999999134 119800.72022500001 46.29000000000088 0.002953073952064796 -173.83590428646127 9.3658650000000012 1.4000000000014554 -0.66342944757557876 0.01000000000203727 58.463808262261573 63.3331385251741 0.0011749059277528123 113.24164718249087 -0.59689277250383999 -82.959117651509885 0.0007679961641137358 -1.2919276647340556 114840.00817500002
decision_type=2 2 2 2 2 2 2 2 2 2 2 2 2 2 2 2 2 2 2 2 2 2 2 2 2 2 2 2 2 2
left_child=2 4 -1 -3 17 -6 8 15 9 10 -4 12 13 -8 -15 16 -5 -2 19 -7 -17 25 23 -23 -24 -14 -10 -11 29 -29
right_child=1 3 6 7 5 18 11 -9 26 27 -12 -13 21 14 -16 20 -18 -19 -20 -21 -22 22 24 -25 -26 -27 -28 28 -30 -31
leaf_value=1.0920128583561505e-05 -1.1156880699350884e-05 2.3323602215244293e-05 -2.4122427626775125e-08 -6.3831104356590256e-05 1.1029207291407513e-05 1.4844782433196334e-05 -9.3404070525087256e-07 -1.3297827119449261e-05 3.3270423510103131e-05 1.5039373611384452e-06 -6.6702745853585058e-06 1.6583681892531997e-06 9.7686930957927121e-06 -1.2958941657483177e-05 1.1057176513476679e-05 -4.3379306007816382e-05 -4.2482772598747761e-06 2.015814385654878e-08 -1.3796816976861894e-05 -1.1461663955422683e-05 -1.9059673684813564e-05 -2.1322749931729116e-05 5.3688473536531906e-06 -5.1357570366645308e-06 -8.2119638167170273e-06 -4.9273850894038518e-06 -1.4968149315842056e-05 1.320409752255919e-05 7.6551988411320917e-07 -6.6391965932251241e-06
leaf_weight=2429 90 219 18215 67 134 79 7821 54 91 8770 192 4199 158 212 63 69 6180 10402 608 93 870 86 51 50 323 508 1110 258 24179 53
leaf_count=2429 90 219 18215 67 134 79 7821 54 91 8770 192 4199 158 212 63 69 6180 10402 608 93 870 86 51 50 323 508 1110 258 24179 53
internal_value=-4.93536e-05 -0.000926319 0.000191223 -0.00189369 -0.000293705 -0.00311816 0.000123984 -0.00207873 0.000286563 0.000339191 -0.000167056 -0.000514067 -0.000970664 -0.00066082 -0.00554545 -0.00199694 -0.00164479 -4.76554e-05 -0.00429487 0.000581395 -0.00433972 -0.00310374 -0.0054902 -0.0110294 -0.00347594 -0.00127628 -0.00197752 0.000619363 0.000387913 0.00474277
internal_weight=87633 18865 68768 7459 11406 914 66339 7240 52868 51667 18407 13471 9272 8096 275 7186 6247 10492 780 172 939 1176 510 136 374 666 1201 33260 24490 311
internal_count=87633 18865 68768 7459 11406 914 66339 7240 52868 51667 18407 13471 9272 8096 275 7186 6247 10492 780 172 939 1176 510 136 374 666 1201 33260 24490 311
is_linear=0
shrinkage=0.05


Tree=12
num_leaves=31
num_cat=0
split_feature=28 7 22 28 39 15 4 13 24 20 41 15 25 40 3 4 9 41 18 19 22 7 42 4 13 18 23 36 23 23
split_gain=6.6906 3.65879 2.88384 3.18865 3.28504 3.13154 3.38625 3.09975 3.04208 2.83108 3.46541 3.44519 2.72196 2.70913 3.93683 2.69789 2.58593 2.52738 2.5018 2.44961 2.28568 2.28441 2.22119 2.19655 2.39621 2.14698 2.15408 2.10831 2.22583 2.99092
threshold=243.89418254936757 -0.0034092341484028049 164.05940024999998 -115.742960905809 85.385714285712325 0.0012492815415080548 38.812305000000009 -0.004398043697382439 161.08764360000004 20.224999999998548 -144.53788680441178 0.00059670339111309175 3.5963800905257495 -131.57551102914292 107698.55 190.44984000000002 -0.0043792009657096153 129.69844928008197 191.32000000000701 229.53500000000352 23.343377249999993 -0.00077540000408630582 -53.658844585200526 27.778620000000004 -0.0038754790951646728 349.31499999999511 3.3341648539318722 826.05405572793836 -1.329588047151228 -1.2262094039296656
decision_type=2 2 2 2 2 2 2 2 2 2 2 2 2 2 2 2 2 2 2 2 2 2 2 2 2 2 2 2 2 2
left_child=1 -1 3 4 7 8 -7 -3 15 11 18 21 16 14 -12 -5 -8 27 -11 -17 -13 23 -4 -6 -25 26 -2 28 -15 -30
right_child=25 2 22 5 9 6 12 -9 -10 10 13 20 -14 17 -16 19 -18 -19 -20 -21 -22 -23 -24 24 -26 -27 -28 -29 29 -31
leaf_value=9.7944154307236228e-06 -2.5256397761299191e-06 1.6969845309017942e-05 2.2348298944669621e-06 -1.1034114730144122e-07 7.9297487525516695e-06 5.4648878089521199e-06 4.4158479293253638e-05 3.4458190934456772e-06 1.0356120268336489e-05 -4.1737610716294764e-06 1.7852434681303109e-05 1.263600487926034e-05 -3.3770572980746891e-05 1.736180715972815e-05 1.831633821463836e-06 -4.2628839938585578e-06 5.9027458552208518e-07 1.9621602781159145e-05 2.0641203660414367e-05 -2.7610240001349183e-05 -1.9129520471735119e-07 -9.7315913921625806e-06 -9.9810557555703858e-06 7.0938342050032637e-06 -8.9282314802536628e-06 -1.8654826463544223e-05 -1.1351938511296103e-05 -7.4123498005032269e-06 -1.8421684355268183e-05 2.8275099235638967e-06
leaf_weight=2625 9106 59 1180 45508 91 2145 62 1798 339 1972 647 126 51 52 501 113 5653 147 116 76 6146 316 2755 58 156 631 239 280 55 4630
leaf_count=2625 9106 59 1180 45508 91 2145 62 1798 339 1972 647 126 51 52 501 113 5653 147 116 76 6146 316 2755 58 156 631 239 280 55 4630
internal_value=-3.90835e-05 0.000117504 5.33106e-05 0.000126236 0.000720117 -6.25614e-05 0.000856402 0.00270598 -0.00022048 0.000478977 0.00109524 -0.000272015 0.00022546 0.00167934 0.00387631 -0.000255487 0.000328084 0.00119094 -0.000670498 -0.00621693 7.97194e-05 -0.00382448 -0.00126429 -0.000737705 -0.00350467 -0.00125802 -0.00106742 0.00100159 0.00125079 0.00113661
internal_weight=87633 77657 75032 71097 17150 53947 7911 1857 46036 15293 8400 6893 5766 6312 1148 45697 5715 5164 2088 189 6272 621 3935 305 214 9976 9345 5017 4737 4685
internal_count=87633 77657 75032 71097 17150 53947 7911 1857 46036 15293 8400 6893 5766 6312 1148 45697 5715 5164 2088 189 6272 621 3935 305 214 9976 9345 5017 4737 4685
is_linear=0
shrinkage=0.05


Tree=13
num_leaves=31
num_cat=0
split_feature=9 11 7 28 42 40 39 15 20 42 39 35 32 18 17 25 23 28 24 36 36 36 16 15 7 16 19 13 25 28
split_gain=6.23572 3.97943 3.20932 2.89236 2.78109 2.72661 2.71787 2.9685 2.97089 3.39152 2.74119 2.6539 2.4733 2.38588 2.30881 3.30022 2.29368 2.26444 2.43278 2.25022 3.92283 2.83201 4.0189 2.15989 3.39696 3.02972 2.61188 2.29348 2.16225 2.49094
threshold=0.0012016805218003487 0.0027479879663873793 -0.00098896189930959468 -115.742960905809 43.971989468585186 79.455889552962631 90.920357142857299 0.00060136158112961493 10.534999999996218 -11.554986120035464 113.22464285714109 122577.38110000001 659.09719894905732 36.444999999999716 0.00077529169829602626 3.8971665511474192 -0.73357895932073935 -71.710222218287512 63.438856000000008 -172.81534631821702 -474.84430467896158 -142.10800017876315 0.00081596633340436976 0.0014165864920896367 -0.0022473636962949523 0.0021127359172199568 334.3300000000018 -0.0031316777457900424 -0.057895645037034392 46.891228781307298
decision_type=2 2 2 2 2 2 2 2 2 2 2 2 2 2 2 2 2 2 2 2 2 2 2 2 2 2 2 2 2 2
left_child=3 4 -3 5 14 6 -1 8 -8 -10 -11 -4 16 23 15 17 -6 -2 -19 20 -15 22 -21 24 -5 27 -26 -25 -27 -30
right_child=1 2 11 13 12 -7 7 -9 9 10 -12 -13 -14 19 -16 -17 -18 18 -20 21 -22 -23 -24 25 26 28 -28 -29 29 -31
leaf_value=3.0255138240971969e-06 -1.5717934603635689e-05 2.2283704093288572e-05 -5.5077165323762385e-06 -9.3496148801821485e-06 -5.0091402227627164e-07 1.5800071498181658e-05 -8.8525130308730593e-06 1.4410474292421151e-06 1.5964267862043817e-06 1.8341942517299552e-06 -2.1110382295236482e-05 -1.2567036240391015e-05 1.6757786130747656e-05 -1.0842041505231926e-08 9.3916427535164017e-07 5.3010295060477056e-06 -1.0828946037101063e-05 -1.5394015722534232e-06 -2.5405875274662852e-05 -1.0893008607155786e-05 5.5851267306563382e-06 3.6481441962251335e-07 6.4827372854376884e-06 -2.0564280269203141e-05 -1.163981919513258e-07 -9.344287848184945e-06 -2.4435592237946973e-05 6.2359782430540399e-06 -2.5277640063575931e-05 1.4909422192003819e-05
leaf_weight=2340 80 219 7186 417 364 425 383 16513 566 72 91 54 110 1812 7990 70 677 2056 59 164 1797 9167 96 98 31108 850 97 2420 80 272
leaf_count=2340 80 219 7186 417 364 425 383 16513 566 72 91 54 110 1812 7990 70 677 2056 59 164 1797 9167 96 98 31108 850 97 2420 80 272
internal_value=-3.62306e-05 -0.000841505 -0.00173951 0.000184679 -0.000254252 0.000684159 0.0005998 0.000387234 -0.00211331 -0.000240055 -0.00659509 -0.00191989 -0.00258471 -2.58382e-05 7.31351e-06 -0.00140177 -0.00333814 -0.0017426 -0.00143026 0.000552317 0.00161402 0.000145858 -0.005 -0.000239092 -0.000373158 0.000900538 -0.000313251 0.00188642 -0.00116473 0.00213068
internal_weight=87633 18865 7459 68768 11406 20390 19965 17625 1112 729 163 7240 1151 48378 10255 2265 1041 2195 2115 13036 3609 9427 260 35342 31622 3720 31205 2518 1202 352
internal_count=87633 18865 7459 68768 11406 20390 19965 17625 1112 729 163 7240 1151 48378 10255 2265 1041 2195 2115 13036 3609 9427 260 35342 31622 3720 31205 2518 1202 352
is_linear=0
shrinkage=0.05


Tree=14
num_leaves=31
num_cat=0
split_feature=28 7 5 9 21 25 42 25 16 17 0 23 9 19 30 38 20 28 18 25 15 40 2 22 11 18 25 36 20 20
split_gain=5.84283 2.90819 2.77463 2.54515 2.4233 3.50691 3.07868 2.81505 2.74123 2.82953 2.71668 2.52836 2.5741 2.77719 2.67757 2.49071 2.3239 2.25841 3.15004 2.73096 2.22887 2.22468 2.73014 3.0658 2.81501 2.46933 2.46204 2.22051 2.14301 2.32367
threshold=115.55163686152083 -0.0034092341484028049 0.0014830449145132891 -0.0018549148463456336 45.280000000006119 -0.3829656992103278 -29.936907050004926 -0.42874626816261541 0.00072372383512857655 0.00099419742709937154 84144.395000000004 -1.3647484922298729 0.0040901260995068103 327.98000000000326 119253.98416816469 36.871104215760695 0.834999999999127 -143.23188388398555 3.6949999999997094 -0.36458176070616227 0.0030628247512363978 -265.48573783331079 91987.115000000005 230.8376055 -0.00019829932265826697 -28.879999999997377 3.3565179439156876 1701.7411023114912 6.8499999999985457 22.379999999997384
decision_type=2 2 2 2 2 2 2 2 2 2 2 2 2 2 2 2 2 2 2 2 2 2 2 2 2 2 2 2 2 2
left_child=1 -1 3 -2 6 7 8 11 9 -3 -10 16 13 14 20 -15 -6 21 -19 -20 27 -7 -23 24 26 -26 -24 -13 -5 -30
right_child=2 4 -4 28 5 17 -8 -9 10 -11 -12 12 -14 15 -16 -17 -18 18 19 -21 -22 22 23 -25 25 -27 -28 -29 29 -31
leaf_value=9.2211017543535989e-06 1.0462660171308883e-05 6.4795126230664549e-06 -5.616448756797332e-06 3.5744601618108549e-07 2.7341090903036171e-05 -9.9008239868550795e-06 7.2060852481374255e-08 1.1358476438832219e-05 1.2188053122553974e-05 -2.3484198867733984e-06 1.1257169302336956e-06 1.1935745616046005e-06 6.4437677175212504e-05 3.912478110672669e-05 -1.1314397248280664e-05 -4.1555582342534177e-05 8.6142163713191661e-06 -6.2650279677645934e-06 -1.9961517960681172e-05 -1.436579075747139e-07 5.1286620690228208e-05 9.8661833176710051e-06 -2.4444543744267538e-06 -2.9036573433677446e-05 -9.0381831323193294e-07 1.8252966806590888e-05 1.0822369567671969e-05 -2.5382630653781837e-05 -4.3554729852972745e-06 -9.5562294687317283e-07
leaf_weight=2552 675 1089 4259 5233 60 1185 39559 407 618 168 5889 4113 56 52 184 160 113 2484 55 2046 55 1010 2244 52 69 77 223 65 3511 9370
leaf_count=2552 675 1089 4259 5233 60 1185 39559 407 618 168 5889 4113 56 52 184 160 113 2484 55 2046 55 1010 2244 52 69 77 223 65 3511 9370
internal_value=-3.68012e-05 0.000207091 -0.000720236 -0.000459045 0.000139039 -0.000421482 0.000313273 0.000612536 0.0012236 0.00336118 0.000810665 0.000277892 5.8698e-05 -7.02095e-05 0.000198098 -0.00566038 0.00621387 -0.000997882 -0.00179389 -0.000368872 0.00045476 -0.000246914 0.000360544 -0.000478424 -0.000239189 0.00650685 -0.000638427 0.000323121 -0.000571381 -0.000918019
internal_weight=87633 64585 23048 18789 62033 14710 47323 5265 7764 1257 6507 4858 4685 4629 4417 212 173 9445 4585 2101 4233 4860 3675 2665 2613 146 2467 4178 18114 12881
internal_count=87633 64585 23048 18789 62033 14710 47323 5265 7764 1257 6507 4858 4685 4629 4417 212 173 9445 4585 2101 4233 4860 3675 2665 2613 146 2467 4178 18114 12881
is_linear=0
shrinkage=0.05


Tree=15
num_leaves=31
num_cat=0
split_feature=28 18 7 20 2 16 42 32 32 36 41 24 7 36 22 17 40 27 7 25 18 17 40 41 13 4 9 21 38 25
split_gain=5.27303 2.67302 2.63442 2.26979 2.78667 4.31414 2.61496 2.36382 2.77291 2.14627 2.60973 2.51298 2.75016 3.17291 4.07162 2.51381 2.36863 2.55986 2.36182 2.24331 2.12651 2.15306 2.10437 2.8593 2.36142 3.07248 2.64072 2.22144 2.20649 2.10747
threshold=94.045050023385571 252.40999999999624 -0.0034092341484028049 24.555000000000295 104914.86000000002 0.0019493727165307017 55.256531349028158 337.21833558055374 426.53030639177456 401.74967046408716 36.872315208718661 110.44749340000003 -0.00089536925580135571 -757.07937356725586 75.829807500000015 0.0011450770884017837 32.598565465777945 115708.09275000001 -0.0015718228891359353 -1.0495231745446993 -84.519999999996784 0.0034029040581870155 59.256155769646291 79.8507811069328 -0.00072804927897202976 155.36735500000003 0.0025088770507278499 115.02500000000147 28.160539975283637 -0.26078407719836599
decision_type=2 2 2 2 2 2 2 2 2 2 2 2 2 2 2 2 2 2 2 2 2 2 2 2 2 2 2 2 2 2
left_child=2 -2 -1 9 5 6 7 -5 -9 11 -11 15 13 14 -13 -4 17 -12 -15 -17 21 -7 24 -24 25 26 27 -21 -27 -26
right_child=1 -3 3 4 -6 20 -8 8 -10 10 16 12 -14 18 -16 19 -18 -19 -20 22 -22 -23 23 -25 29 28 -28 -29 -30 -31
leaf_value=8.7600466666359189e-06 -8.7707024317038935e-07 -8.9208088910935289e-06 -1.1710148658537761e-09 2.7778652639760776e-06 -2.8770546007725951e-08 -2.322127960287487e-05 2.8733075204826549e-05 3.333845857061491e-05 2.4323296221798654e-06 -3.4559935052651324e-06 2.537225029075494e-06 -3.0664413707633197e-05 -1.3631442861222492e-05 7.042570852764315e-06 1.4706909200845817e-07 2.1716482989757655e-05 -7.4801238469974155e-07 1.2531622346642686e-05 2.7716915249242101e-05 1.3388900048324319e-07 6.3186684900299496e-07 1.7789101436944451e-05 -1.7836436789387282e-05 -2.6291572380081562e-07 1.0945483920356145e-05 -5.0125597283995282e-06 1.7086478034339711e-05 -9.651961537757027e-06 2.583491227509572e-05 -6.8938401785427429e-07
leaf_weight=2532 24876 1618 24032 9019 11168 567 85 115 98 2619 383 67 1059 138 476 247 2771 122 88 1702 1719 122 91 309 880 61 104 175 101 289
leaf_count=2532 24876 1618 24032 9019 11168 567 85 115 98 2619 383 67 1059 138 476 247 2771 122 88 1702 1719 122 91 309 880 61 104 175 101 289
internal_value=-3.73718e-05 -0.000626557 0.000217946 0.000149726 0.000538374 0.00107676 0.00156434 0.00148397 0.00669014 -9.94008e-05 -0.000971162 7.29401e-05 -0.00172319 0.000552666 -0.00151934 0.00019024 -3.0525e-05 0.00311881 0.00553097 0.00135767 -0.000809801 -0.00315675 0.00105065 -0.002375 0.00146437 0.000478301 -6.30994e-05 -0.000492808 0.00709877 0.00327203
internal_weight=87633 26494 61139 58607 22893 11725 9317 9232 213 35714 5895 29819 1828 769 543 27991 3276 505 226 3959 2408 689 3712 400 3312 2143 1981 1877 162 1169
internal_count=87633 26494 61139 58607 22893 11725 9317 9232 213 35714 5895 29819 1828 769 543 27991 3276 505 226 3959 2408 689 3712 400 3312 2143 1981 1877 162 1169
is_linear=0
shrinkage=0.05


Tree=16
num_leaves=31
num_cat=0
split_feature=28 7 22 4 18 24 7 21 9 32 38 42 16 35 20 5 36 22 9 36 38 7 24 20 39 23 28 41 13 17
split_gain=4.90459 2.95912 2.43113 2.36534 2.27387 2.7983 2.65679 3.17758 3.06983 2.85629 2.7985 2.69413 2.57854 2.55227 2.45157 2.44904 2.48396 2.80324 2.37765 3.62992 2.92064 2.46964 2.84586 2.37535 2.32942 2.31354 2.29675 2.41714 2.27497 3.36
threshold=243.89418254936757 -0.0019610183762560096 168.73179250000004 396.04287000000005 6.8799999999973815 80.623051000000018 -0.00063479729439036017 33.374999999992731 -0.002241321613212856 390.87116316025646 19.431885990939211 -68.464285358841821 0.000243547540037346 82865.661625000022 34.715000000003791 -0.0017172273291213146 97.488748981741097 104.21225925 0.00078648288311264814 -981.9334765820239 29.547117195330049 0.00024529303709236162 23.074071200000002 140.86499999999799 53.771428571426704 0.023695836501975428 -227.58426036983289 -144.53788680441178 0.00060295362423067728 0.0013176677050482973
decision_type=2 2 2 2 2 2 2 2 2 2 2 2 2 2 2 2 2 2 2 2 2 2 2 2 2 2 2 2 2 2
left_child=1 -1 3 4 6 13 7 23 10 11 -9 -10 -8 28 18 -12 17 -17 -15 -20 -21 22 -22 -3 -23 -11 -14 -28 -6 -30
right_child=-2 2 -4 -5 5 -7 12 8 9 25 15 -13 26 14 -16 16 -18 -19 19 20 21 24 -24 -25 -26 -27 27 -29 29 -31
leaf_value=3.5513899955637803e-06 -2.9604556142446172e-06 1.378240396795963e-06 -6.8183514401569813e-06 -1.8612236192603715e-05 1.6685554222943235e-05 3.5520776078197102e-06 1.0059381453351259e-07 -1.1650640272269992e-05 1.1807116621910079e-05 1.5912067556259785e-06 -1.588601276951838e-05 -3.918238690845319e-06 3.8454364556594518e-06 1.27928158297809e-07 1.8982870180156295e-06 1.1651166568631569e-05 -3.5983291067613773e-07 4.2319767272950063e-05 1.5685328276899475e-05 -1.0631871352668478e-05 -5.4670224310396582e-06 1.2372245851557574e-06 6.2179929982554082e-06 -1.9194715093054479e-05 -2.3566756540257788e-06 2.3521549262750632e-05 -1.2799350784730958e-05 -7.8492379488980283e-07 6.6800353464583961e-06 -2.2969606717573849e-05
leaf_weight=7585 9976 9065 3065 67 274 5898 435 71 115 122 95 3400 1219 11835 6073 335 214 79 130 80 57 400 481 117 5484 50 592 20050 218 51
leaf_count=7585 9976 9065 3065 67 274 5898 435 71 115 122 95 3400 1219 11835 6073 335 214 79 130 80 57 400 481 117 5484 50 592 20050 218 51
internal_value=-3.39484e-05 0.00010012 -1.4271e-06 6.15607e-05 7.09591e-05 0.000384913 -0.000199533 0.000349484 -0.000742022 -0.00134934 0.00207809 -0.00165718 -0.000535971 0.000154487 7.94621e-05 0.0030083 0.00414013 0.00640097 -0.000207126 -0.000965018 -0.00113042 -0.00101215 0.00223048 0.000882161 -0.00130863 0.00494186 -0.00061182 -0.000736363 0.00354512 0.00027881
internal_weight=87633 77657 70072 67007 66940 30981 35959 13663 4481 3687 794 3515 22296 25083 24540 723 628 414 18467 6632 6502 6422 538 9182 5884 172 21861 20642 543 269
internal_count=87633 77657 70072 67007 66940 30981 35959 13663 4481 3687 794 3515 22296 25083 24540 723 628 414 18467 6632 6502 6422 538 9182 5884 172 21861 20642 543 269
is_linear=0
shrinkage=0.05


Tree=17
num_leaves=31
num_cat=0
split_feature=28 18 9 21 30 25 25 25 11 32 19 7 13 7 9 13 39 39 19 16 28 39 28 19 20 41 41 22 28 15
split_gain=4.81545 2.42885 2.42667 2.54257 3.58698 3.43022 3.00353 3.13707 4.75811 2.8591 3.41423 3.08498 2.70332 2.69267 2.31248 2.8735 2.53705 3.92084 2.80092 2.5549 2.50345 2.41227 2.40123 2.35139 2.24143 2.2225 2.41596 2.09939 2.92302 2.24971
threshold=100.2581885036707 349.31499999999511 -0.0043792009657096153 44.819999999999716 119253.98416816469 -0.37710435149094562 2.956866161298517 -0.37059735822519685 -0.0017759817624999439 -387.47010075298743 106.19499999999972 0.00021114227671120377 -0.0058336517890391218 -0.00051147839873484419 0.0024430797614114273 -0.0040670558721697227 123.71357142856819 145.93892857142939 305.21499999999656 0.00082455140927569675 79.951640135412177 102.67142857142765 -335.05631145511137 84.004999999997395 20.780000000006115 116.24619547987702 213.15467450999208 15.273066749999989 -67.770990862270978 0.00062355234878126286
decision_type=2 2 2 2 2 2 2 2 2 2 2 2 2 2 2 2 2 2 2 2 2 2 2 2 2 2 2 2 2 2
left_child=2 -2 -1 6 5 14 7 -4 25 12 11 13 -8 -11 16 -16 21 -18 19 -19 -21 -5 -20 -23 -25 -9 -27 28 -10 -29
right_child=1 -3 3 4 -6 -7 9 8 27 10 -12 -13 -14 -15 15 -17 17 18 22 20 -22 23 -24 24 -26 26 -28 29 -30 -31
leaf_value=9.1475042902163553e-06 -9.9826679406294902e-07 -1.3954337484590081e-05 -2.8678778835512641e-09 2.0065701442448748e-07 -8.0242704635692956e-06 -1.9483581918383342e-06 -1.0724828026894889e-05 3.9091342871194163e-06 5.345034855718297e-06 2.0859606486129211e-06 -1.024294923178275e-05 9.3386998852412955e-06 1.3420216701718788e-05 -9.6426805859192664e-06 -1.8436179619681868e-05 2.6547888378845031e-05 -7.7940459966581529e-06 1.4409321585871844e-05 2.8859141380806929e-05 4.0206295697058013e-06 -2.0666763336227759e-05 1.8498841696415509e-05 -3.1384505521073532e-05 1.2818218095137204e-06 1.3991065887032206e-05 1.6831923824552856e-05 -2.2473526953341806e-06 -2.8101843250728596e-07 1.9337145503655236e-07 1.1025622164083489e-06
leaf_weight=2293 24728 731 25008 487 700 8765 55 4811 232 60 277 52 72 57 80 180 639 51 73 2525 139 111 211 301 140 285 105 5580 1223 7662
leaf_count=2293 24728 731 25008 487 700 8765 55 4811 232 60 277 52 72 57 80 180 639 51 73 2525 139 111 211 301 140 285 105 5580 1223 7662
internal_value=-3.4519e-05 -0.000613732 0.000202657 0.000141531 -0.000437439 -0.000259086 0.000324875 0.000370775 0.00083928 -0.00327225 -0.00515695 0.000443787 0.00334646 -0.00405983 0.000795017 0.00538462 0.000539876 -8.24629e-05 0.000675225 0.00116943 0.000957207 0.00271896 -0.0040493 0.00498188 0.00334467 0.00213901 0.00576923 0.000379329 0.00218213 0.000181242
internal_weight=87633 25459 62174 59881 14402 13702 45479 44906 19898 573 446 169 127 117 4937 260 4677 3638 2999 2715 2664 1039 284 552 441 5201 390 14697 1455 13242
internal_count=87633 25459 62174 59881 14402 13702 45479 44906 19898 573 446 169 127 117 4937 260 4677 3638 2999 2715 2664 1039 284 552 441 5201 390 14697 1455 13242
is_linear=0
shrinkage=0.05


Tree=18
num_leaves=31
num_cat=0
split_feature=9 11 7 42 34 9 36 19 9 36 21 39 34 24 15 7 38 39 15 25 11 35 9 5 15 22 19 42 39 21
split_gain=4.53071 3.11621 2.73704 2.67163 2.67105 2.39002 2.23247 2.66229 2.97626 2.37496 3.00342 2.51382 2.19737 2.08354 2.19676 2.42216 2.07914 2.11211 2.06951 2.48459 2.25702 2.06446 2.04791 2.67834 2.04291 2.79213 2.04512 1.94683 1.94522 1.87832
threshold=0.0012016805218003487 0.0027479879663873793 -0.00098896189930959468 48.239921192580844 86720.480142566419 -0.0043792009657096153 486.16340125723224 172.00499999999741 0.0011786203321692108 2201.3649319239853 49.144999999996806 304.00464285714202 81503.796422177067 205.29388550000002 0.00060136158112961493 0.0011586057814605294 81.78009145992668 340.55678571428615 0.0007679961641137358 -1.2919276647340556 0.0025047100269574613 114840.00817500002 0.0019194803205114818 -0.0013656315599513834 0.00080423660400279413 38.269559750000006 194.81500000000236 -82.959117651509885 76.489285714284577 24.724999999998548
decision_type=2 2 2 2 2 2 2 2 2 2 2 2 2 2 2 2 2 2 2 2 2 2 2 2 2 2 2 2 2 2
left_child=5 3 -3 22 -5 -1 13 8 9 11 29 -8 -9 14 15 -7 17 24 -16 21 -21 -20 23 -2 26 -26 -14 -15 -24 -11
right_child=1 2 -4 4 -6 6 7 12 -10 10 -12 -13 16 27 18 -17 -18 -19 19 20 -22 -23 28 -25 25 -27 -28 -29 -30 -31
leaf_value=8.9718163907462155e-06 -2.1689148929419671e-05 2.1393436220388987e-05 -5.0134440404965136e-06 1.0592051136640222e-05 -8.8161703524913769e-06 -1.8215588294752563e-08 -1.8503283504525829e-06 -2.077928315237771e-05 1.0875650024977206e-05 -2.1778792550543081e-05 -2.5334596876173353e-05 2.1558072788079098e-05 2.2064391443445813e-06 3.0284618775668538e-05 1.3573238891597293e-06 -6.3381286781118274e-06 2.3575412967602e-05 -1.1730152462504242e-05 1.2306057254039385e-05 1.8807952397248024e-07 4.7299862409813568e-06 -5.8908418927645551e-06 7.8052914408087868e-06 -6.5688469584418001e-07 -1.5013389232789124e-05 4.3212371218830256e-06 -1.5159149261569647e-05 -1.3710530421605466e-05 1.8987346844824388e-06 8.9991898668380616e-06
leaf_weight=2429 130 219 7240 134 780 18215 9280 176 75 57 57 58 154 91 8770 192 100 350 258 22458 1721 53 101 5701 83 2848 181 1110 4560 52
leaf_count=2429 130 219 7240 134 780 18215 9280 176 75 57 57 58 154 91 8770 192 100 350 258 22458 1721 53 101 5701 83 2848 181 1110 4560 52
internal_value=-3.0525e-05 -0.000716936 -0.0015116 -0.000197265 -0.00278993 0.000157777 0.000101373 -0.000473239 -0.000921286 -0.000999579 -0.00692771 -0.000894196 0.000629496 0.000247787 0.000295643 -0.000142609 0.000888052 0.000691372 0.000538184 0.000302164 0.000245047 0.00474277 2.85932e-05 -0.000595953 0.00108696 0.00150972 -0.00261194 -0.00181099 0.000809912 -0.00206422
internal_weight=87633 18865 7459 11406 914 68768 66339 13471 9579 9504 166 9338 3892 52868 51667 18407 3716 3616 33260 24490 24179 311 10492 5831 3266 2931 335 1201 4661 109
internal_count=87633 18865 7459 11406 914 68768 66339 13471 9579 9504 166 9338 3892 52868 51667 18407 3716 3616 33260 24490 24179 311 10492 5831 3266 2931 335 1201 4661 109
is_linear=0
shrinkage=0.05


Tree=19
num_leaves=31
num_cat=0
split_feature=28 7 32 15 36 24 7 5 15 40 9 7 20 42 21 24 23 13 41 24 21 22 9 41 11 13 19 19 41 36
split_gain=4.14824 2.92243 2.42568 2.21312 1.90161 1.97279 2.00511 1.93099 2.69172 2.38029 2.56298 2.29724 2.2334 1.91142 2.20073 2.60609 2.27434 4.05284 2.12826 2.29721 3.51835 3.37366 2.2242 2.17642 2.09622 1.99221 1.98984 2.65658 2.58318 2.35612
threshold=321.80176500143722 -0.0019610183762560096 32.46369787345612 0.0039044610329373179 514.73798786249256 164.36202450000005 -0.00018701083793289187 -0.0024171698914373925 0.0031950776817317099 -250.71670748150788 -0.0041017262867365373 0.0004866473513596092 65.57500000000438 -13.805648452778412 31.995000000002623 20.749979400000004 -1.1681224654519202 -0.0011998064969670711 -58.897105915591411 34.579900900000005 37.385000000002044 25.621981750000003 -0.0020795055924929897 -26.853099014869375 0.002447288958969885 -0.003440537104801238 263.55500000000035 132.26499999999217 -176.21321503996441 -1072.8209223580923
decision_type=2 2 2 2 2 2 2 2 2 2 2 2 2 2 2 2 2 2 2 2 2 2 2 2 2 2 2 2 2 2
left_child=1 -1 -2 4 7 -6 -7 11 9 -9 -11 -3 -10 14 24 -16 17 -17 -18 20 21 -20 -22 -21 26 -24 27 -12 -29 -30
right_child=2 3 -4 -5 5 6 -8 8 12 10 13 -13 -14 -15 15 16 18 -19 19 23 22 -23 25 -25 -26 -27 -28 28 29 -31
leaf_value=3.2185001041587231e-06 -2.6089980608747605e-05 -8.0568103476469189e-06 -4.0236725971727301e-06 -2.3540831226051269e-05 -1.3630345077133096e-06 -5.0803161583725868e-06 9.2910037420228892e-06 -6.0026848374041034e-06 4.5263274090618823e-05 2.0426233959030881e-05 1.9354363010066001e-06 -5.4868664129339295e-05 6.5339985942954936e-06 -1.2465985372703904e-08 -6.9736858443466869e-06 2.1469377327654656e-06 3.5215428450981774e-06 3.008170688712242e-05 -2.0518247918113379e-05 -9.8674587846327755e-06 1.68812751636218e-05 1.6156008659960871e-06 -1.355753822066166e-05 -1.5842670938172252e-06 -1.8901701374657992e-05 7.0339375306587495e-06 1.6692003414560967e-05 -2.9701839600376757e-05 1.5714159021856314e-05 -9.7802006749287222e-07
leaf_weight=7700 100 337 6092 376 13268 321 475 2081 123 187 7054 54 215 40616 166 137 1786 52 52 634 58 70 54 2402 69 400 302 62 207 2183
leaf_count=7700 100 337 6092 376 13268 321 475 2081 123 187 7054 54 215 40616 166 137 1786 52 52 634 58 70 54 2402 69 400 302 62 207 2183
internal_value=-2.82428e-05 6.66126e-05 -0.00127584 -3.01732e-05 -1.05636e-05 -0.000533276 0.00188442 0.000113404 0.000136649 0.000110975 0.000172151 -0.00338875 0.0045858 0.000152742 0.000621494 -0.000150576 3.10009e-05 0.00542328 -0.000155792 -0.000844687 0.00189274 -0.0057377 0.00371094 -0.00141634 0.00107573 0.00253304 0.00113683 0.00100989 -0.00040783 -0.000146444
internal_weight=87633 81441 6192 73741 73365 14064 796 59301 58910 58572 56491 391 338 56304 15688 5811 5645 189 5456 3670 634 122 512 3036 9877 454 9808 9506 2452 2390
internal_count=87633 81441 6192 73741 73365 14064 796 59301 58910 58572 56491 391 338 56304 15688 5811 5645 189 5456 3670 634 122 512 3036 9877 454 9808 9506 2452 2390
is_linear=0
shrinkage=0.05


Tree=20
num_leaves=31
num_cat=0
split_feature=11 5 9 19 39 38 38 36 22 32 23 20 11 39 23 11 17 20 17 11 41 20 40 3 38 40 34 28 5 24
split_gain=3.90209 3.85421 2.66375 2.10396 4.91817 1.87786 2.38495 2.08009 1.83112 2.68566 2.89763 2.8333 1.84332 1.79688 2.39104 1.79444 1.75563 2.65228 3.12626 2.45178 1.77663 2.54811 2.43735 3.35645 2.37622 3.55011 2.34257 2.82611 3.5029 3.10259
threshold=0.0039839741610291054 0.0010487417592722698 -0.0043792009657096153 132.26499999999217 231.34535714285659 63.541453857221512 57.750900688420366 675.51953274096752 164.05940024999998 -174.74706953021811 -1.4577038731991587 178.56500000000236 -0.0015453520943183125 120.36821428571473 1.6851728848091601 0.00015080304060828017 0.0023431879207198385 66.385000000002051 0.0024914092759283665 0.00055473711117532082 -144.53788680441178 20.224999999998548 -131.57551102914292 107698.55 49.019656306601917 -6.4071042173673041 89248.063341230663 -217.74236530643972 -0.00098157292959014987 74.712794300000013
decision_type=2 2 2 2 2 2 2 2 2 2 2 2 2 2 2 2 2 2 2 2 2 2 2 2 2 2 2 2 2 2
left_child=2 3 5 4 -2 6 7 -1 9 10 -4 -11 -13 -5 -15 -14 20 18 -18 -20 -12 24 23 -23 26 -26 27 29 -29 -22
right_child=1 -3 8 13 -6 -7 -8 -9 -10 11 16 12 15 14 -16 -17 17 -19 19 -21 21 22 -24 -25 25 -27 -28 28 -30 -31
leaf_value=5.9712786775266058e-06 -1.3591844774112226e-06 -9.6940875905621099e-06 1.0408227661267794e-05 2.0168156851624809e-05 -3.5216874705016537e-05 5.2629727712336659e-05 -2.7002775650551465e-05 2.8825007876990356e-05 -4.1034514772901145e-06 -4.3492317855099495e-08 -1.4053487359154743e-06 1.1189758956860656e-05 -3.6955920437116093e-05 3.5933750961186109e-06 -2.0188835524067539e-05 -1.4586369003547745e-05 2.7529365432744964e-05 3.5147371504622517e-05 -1.7241067819988886e-05 2.3871601373526879e-05 1.0218706732981608e-05 1.5224790518232531e-05 1.96229527597086e-06 1.5553473775257652e-06 3.607316545940309e-06 2.176495874892139e-05 3.6312133757249598e-07 -2.1635199648708416e-05 -4.0442067629775335e-06 -1.7387265690487696e-05
leaf_weight=2084 625 2710 149 50 79 64 76 163 4325 57019 4105 50 50 2176 194 217 101 175 179 53 283 629 5243 509 620 64 4827 177 535 102
leaf_count=2084 625 2710 149 50 79 64 76 163 4325 57019 4105 50 50 2176 194 217 101 175 179 53 283 629 5243 509 620 64 4827 177 535 102
internal_value=-2.76722e-05 -0.001277 6.14311e-05 -8.00256e-05 -0.0024858 0.00170716 0.00147439 0.00176903 1.19629e-05 6.95859e-05 0.000607008 -9.67978e-05 -0.00481073 0.000619835 0.000421941 -0.00646067 0.000548233 0.00344488 0.000825826 -0.00237069 0.00046215 0.00074871 0.00146137 0.00355888 6.05327e-05 0.00285088 -0.000261648 -0.00234731 -0.00421348 0.0011039
internal_weight=87633 5834 81799 3124 704 2387 2323 2247 79412 75087 17751 57336 317 2420 2370 267 17602 508 333 232 17094 12989 6381 1138 6608 684 5924 1097 712 385
internal_count=87633 5834 81799 3124 704 2387 2323 2247 79412 75087 17751 57336 317 2420 2370 267 17602 508 333 232 17094 12989 6381 1138 6608 684 5924 1097 712 385
is_linear=0
shrinkage=0.05


Tree=21
num_leaves=31
num_cat=0
split_feature=9 11 0 20 9 5 5 42 28 31 17 34 4 35 7 0 19 36 20 21 18 7 5 39 39 39 7 7 28 17
split_gain=3.63008 3.52439 3.36514 2.93706 2.82351 2.66269 2.40542 2.36719 2.45542 2.36465 2.34705 2.95215 4.2752 2.96672 2.5956 2.463 2.29643 3.35216 2.88743 2.77581 2.65987 2.50776 4.39608 2.80367 2.5846 2.4278 2.34442 2.4392 2.22036 2.20106
threshold=0.00069778937662684796 0.0015372569473287533 84062.415000000023 48.254999999997388 0.00060004748628937133 -0.00023849326028673137 -0.00086268924362454939 -31.800110668040787 -23.550904263713161 84095.356500000024 0.0011823134384061739 110452.3296935026 53.312235000000008 109595.64025000001 0.0014563310928240845 84430.050000000003 164.05500000000032 486.16340125723224 121.51000000000205 56.510000000002044 81.585000000006417 -0.00093083317772046828 0.00090202717515374352 373.90785714285818 495.76785714285717 244.33714285714089 0.0003168627519936304 0.00043313392699863247 -601.49210237875366 0.0023887903968107427
decision_type=2 2 2 2 2 2 2 2 2 2 2 2 2 2 2 2 2 2 2 2 2 2 2 2 2 2 2 2 2 2
left_child=4 2 3 9 16 29 -4 -7 -9 -2 15 13 14 -12 -13 -8 17 18 20 21 25 23 28 -18 -25 -1 -22 -28 -23 -5
right_child=1 -3 6 5 -6 7 10 8 -10 -11 11 12 -14 -15 -16 -17 19 -19 -20 -21 26 22 -24 24 -26 -27 27 -29 -30 -31
leaf_value=4.1917595209437716e-08 9.845947889846648e-06 -2.6221097020184226e-06 -8.8702890764723422e-06 -4.3538362441025003e-05 2.6696035258955224e-06 4.1075580759612956e-05 -1.0628965442325284e-05 -2.1936819718829817e-05 1.1291083509725908e-05 2.1837705169191009e-05 1.9448146146770452e-06 1.1446075504183777e-05 6.1399632912668827e-07 -1.2819584827738676e-05 1.9046013846653333e-05 -4.4770496253597425e-07 5.9718503625130873e-06 -2.0592019055472055e-06 2.2082987488967356e-05 -1.7011471640223873e-07 9.597341141551363e-06 -4.2093705174565732e-05 5.7600616363283069e-06 -2.2836233310803595e-05 2.4425390903432108e-05 -1.0865788774254786e-05 -1.4089566064775823e-05 2.6834365626595827e-06 -3.0183075813294389e-06 -2.1549716878567082e-06
leaf_weight=31661 654 14340 653 56 2058 79 144 77 145 63 2531 298 476 115 124 7633 5295 7274 71 7560 616 65 1670 344 113 475 97 775 2119 52
leaf_count=31661 654 14340 653 56 2058 79 144 77 145 63 2531 298 476 115 124 7633 5295 7274 71 7560 616 65 1670 344 113 475 97 775 2119 52
internal_value=-2.08255e-05 -0.000497449 9.54198e-05 0.0027087 0.000196451 -0.000672372 -0.000150326 0.00174419 -0.000900901 0.00463738 1.98746e-05 0.00108634 0.00356347 0.000245654 0.00722749 -0.000466118 0.00013202 -7.13954e-05 0.000138745 0.0006175 0.000117476 0.00118155 0.000194603 0.00184284 -0.00191466 2.17824e-05 0.00218414 0.000516055 -0.00128205 -0.00740741
internal_weight=87633 27440 13100 1126 60193 409 11974 301 222 717 11321 3544 898 2646 422 7777 58135 40969 33695 17166 33624 9606 3854 5752 457 32136 1488 872 2184 108
internal_count=87633 27440 13100 1126 60193 409 11974 301 222 717 11321 3544 898 2646 422 7777 58135 40969 33695 17166 33624 9606 3854 5752 457 32136 1488 872 2184 108
is_linear=0
shrinkage=0.05


Tree=22
num_leaves=31
num_cat=0
split_feature=11 5 9 19 39 23 41 20 38 42 0 20 20 16 36 15 32 40 22 1 0 38 13 16 16 24 20 25 22 17
split_gain=3.25339 3.56504 2.41447 2.23362 4.35505 2.42404 2.08054 2.34807 1.91529 1.71155 2.46827 2.27152 2.19192 2.16097 4.39744 2.27444 2.01459 2.3518 2.00006 1.98026 2.98833 2.93657 2.82035 2.54799 3.09873 2.72245 2.35929 3.25231 2.20864 2.73314
threshold=0.0039839741610291054 0.00098176680155874908 -0.0043792009657096153 132.26499999999217 236.55107142857173 1.2634411209071394 76.971940954804523 8.3199999999997107 63.541453857221512 -9.1366124429872215 118573.58500000001 30.305000000000295 121.51000000000205 0.0011674263633366093 792.63807265737717 0.00094910994721038864 -126.98723508355759 -71.40603837925299 145.2214735 90490.910000000018 91260.825000000012 70.525506788155596 0.00054922964023566302 0.0038032939362425819 0.0031562125296118169 205.29388550000002 7.4800000000032023 -0.28841157064423362 39.458861500000005 0.0020104977575490842
decision_type=2 2 2 2 2 2 2 2 2 2 2 2 2 2 2 2 2 2 2 2 2 2 2 2 2 2 2 2 2 2
left_child=2 3 8 4 5 6 -2 -8 -1 10 16 13 -13 14 -12 -16 -4 -18 -15 21 28 22 -11 24 25 -22 -27 -28 -21 -30
right_child=1 -3 9 -5 -6 -7 7 -9 -10 19 11 12 -14 18 15 -17 17 -19 -20 20 23 -23 -24 -25 -26 26 27 -29 29 -31
leaf_value=6.7287245844625197e-06 1.9826834258295786e-07 -8.9230826765473836e-06 2.1169152621107831e-06 2.7109932085019787e-06 -4.0063050702080879e-05 1.8358524445092754e-05 3.0167913692214432e-06 -2.6436837548747102e-05 4.9439086601772708e-05 -2.5656268178940266e-06 -4.104606199813591e-06 3.4707775399563398e-06 -3.4840681267532166e-05 1.4344359602701624e-05 -2.5015721299689909e-05 -9.7822316377370174e-06 -6.9747512801698818e-06 1.3958672535865556e-07 -1.6884687340649054e-05 5.6134181296779113e-07 -1.1028915416420229e-08 -5.5150664601972958e-06 5.8834476503390568e-07 -2.1974176292992794e-05 3.1284735049727872e-05 8.1733810562923749e-06 -3.2278262642405896e-05 3.8294861506542587e-06 1.961204186124862e-05 -8.3431068916180049e-06
leaf_weight=2323 388 2828 12910 2316 70 51 53 128 64 4345 954 755 81 149 105 57 311 15445 68 430 36395 1229 5307 76 106 76 248 103 202 60
leaf_count=2323 388 2828 12910 2316 70 51 53 128 64 4345 954 755 81 149 105 57 311 15445 68 430 36395 1229 5307 76 106 76 248 103 202 60
internal_value=-2.48194e-05 -0.00116558 5.6541e-05 3.32668e-05 -0.00246377 -0.00112903 -0.00206503 -0.00649171 0.00162338 9.44442e-06 0.000300795 -0.0013255 0.000717703 -0.0026069 -0.00349462 -0.0111111 0.000423847 4.44275e-05 0.00195853 -0.000175495 -3.9792e-06 -0.00076969 -0.000476585 -6.48579e-05 -4.60355e-05 -7.061e-05 -0.00403981 -0.00576923 0.00325145 0.00687023
internal_weight=87633 5834 81799 3006 690 620 569 181 2387 79412 30835 2169 836 1333 1116 162 28666 15756 217 48577 37696 10881 9652 37004 36928 36822 427 351 692 262
internal_count=87633 5834 81799 3006 690 620 569 181 2387 79412 30835 2169 836 1333 1116 162 28666 15756 217 48577 37696 10881 9652 37004 36928 36822 427 351 692 262
is_linear=0
shrinkage=0.05


Tree=23
num_leaves=31
num_cat=0
split_feature=11 5 9 17 19 39 23 42 20 20 21 24 15 25 28 17 5 21 13 28 18 5 36 17 11 18 23 20 38 38
split_gain=3.0041 3.25053 2.15246 1.99499 2.12367 3.73837 1.90353 1.83039 4.15714 1.99411 1.81394 2.51407 3.2744 1.88509 1.87396 1.90298 1.85724 1.9203 1.891 1.74733 2.08368 2.2501 2.8872 1.91362 2.83679 2.10095 1.87928 3.50282 1.83092 1.69439
threshold=0.0039839741610291054 0.0014015596648560269 -0.0043792009657096153 0.00069342161396605156 132.26499999999217 236.55107142857173 2.4549734243902925 16.788770060175008 43.480000000003209 108.53499999999623 51.764999999999425 91.337028400000023 0.0021311556234499987 1.110027725702043 815.78276933572499 0.001093095047280056 0.0017201090686210306 18.564999999995056 0.0044419050951168097 313.33374439067126 127.72499999999856 -0.00063452440189740264 145.61478414281012 0.0024342390795525554 0.0065167503623274206 -37.319999999999702 -0.11122228553257475 34.355000000003209 62.700587559169506 10.29761642883898
decision_type=2 2 2 2 2 2 2 2 2 2 2 2 2 2 2 2 2 2 2 2 2 2 2 2 2 2 2 2 2 2
left_child=2 3 29 -2 5 -5 19 8 -3 -10 13 -12 -13 14 15 -9 -15 18 -18 20 21 22 26 24 25 -23 27 -6 -27 -1
right_child=1 7 -4 4 6 -7 -8 10 9 -11 11 12 -14 16 -16 -17 17 -19 -20 -21 -22 23 -24 -25 -26 28 -28 -29 -30 -31
leaf_value=-3.2611540144636738e-05 1.4440443839050228e-05 -2.4819533064410153e-05 1.9853860955100539e-08 -4.5181849947809692e-06 -2.7642453096459841e-05 -3.6260139781853696e-05 -2.5699394279378409e-05 -2.0984919081318122e-05 1.3819578848780924e-05 -3.218162112852115e-05 -3.2149445080694719e-05 2.2579301791338656e-05 -2.980207854558991e-05 1.6740080856632674e-05 -3.3947545928493396e-05 -3.4000560920851508e-06 -2.6601867399334045e-05 2.793704948094541e-05 -1.7328116634491469e-06 -2.2075250433774103e-06 1.6543296348872004e-05 -2.6642642929340009e-05 2.8123954730057912e-05 2.772051546253252e-05 -3.9698986882544169e-05 -2.9269421680764243e-06 -1.6856721130149589e-05 5.6660620301231498e-05 1.1249929130888771e-05 8.8889445416268538e-06
leaf_weight=112 99 188 79412 618 94 71 107 61 82 55 155 114 283 80 85 610 55 142 334 1598 50 50 121 133 58 314 67 118 92 2275
leaf_count=112 99 188 79412 618 94 71 107 61 82 55 155 114 283 80 85 610 55 142 334 1598 50 50 121 133 58 314 67 118 92 2275
internal_value=-1.79727e-05 -0.00111416 6.02086e-05 -0.000181058 -0.000379547 -0.00286647 0.000231977 -0.00260695 -0.00607692 0.000547445 -0.00201928 -0.00443841 -0.00232997 -0.00104243 -0.00271164 -0.00182563 0.00102291 -4.7081e-05 -0.00186375 0.000491651 0.00202826 0.00155205 0.0045 -0.000270479 -0.0016537 -0.000328947 0.00170251 0.00400943 0.000862069 0.00153959
internal_weight=87633 5834 81799 3590 3491 689 2802 2244 325 137 1919 552 397 1367 756 671 611 531 389 2695 1097 1047 400 647 514 456 279 212 406 2387
internal_count=87633 5834 81799 3590 3491 689 2802 2244 325 137 1919 552 397 1367 756 671 611 531 389 2695 1097 1047 400 647 514 456 279 212 406 2387
is_linear=0
shrinkage=0.05


Tree=24
num_leaves=31
num_cat=0
split_feature=11 5 5 36 15 23 7 19 42 23 4 16 38 7 5 19 41 21 7 11 19 27 7 42 35 5 19 2 42 7
split_gain=2.89244 3.07634 2.23812 3.57398 3.14278 2.28485 2.51256 2.10866 2.37253 2.00266 2.59309 2.40414 2.12994 1.99833 2.39753 1.8543 2.592 2.33794 2.17957 1.79924 1.78103 1.93939 2.17469 1.67927 2.49754 2.40559 3.22333 2.32796 3.27411 2.979
threshold=0.0039839741610291054 0.00098176680155874908 0.00076390121467867316 -419.24925736589643 0.0009927816212935731 0.76945461098867274 0.0018669923768452857 155.68500000000498 10.138674799556481 0.21022866197901971 52.854405000000007 0.0010584474694423521 67.259798397888389 -0.0034092341484028049 -0.0027441967405602346 372.55500000000035 113.69460627012107 2.1949999999997094 -0.0026789565448598024 -0.0032321816366764453 176.24500000000265 91259.909 0.00076900032666985408 -13.805648452778412 103533.87830000001 0.00023708151747556816 278.99500000000268 117778.84500000002 -8.8421194286365488 -0.0016902265967814192
decision_type=2 2 2 2 2 2 2 2 2 2 2 2 2 2 2 2 2 2 2 2 2 2 2 2 2 2 2 2 2 2
left_child=13 2 7 -4 -5 6 -6 8 -2 10 11 -10 -11 -1 15 16 17 -15 19 -17 21 -9 -23 24 -16 26 -25 28 -27 -30
right_child=1 -3 3 4 5 -7 -8 20 9 12 -12 -13 -14 14 23 18 -18 -19 -20 -21 -22 22 -24 25 -26 27 -28 -29 29 -31
leaf_value=6.7025733426538384e-06 -1.9575547939692122e-05 -7.8045788397358071e-06 -1.773045834641051e-05 3.2427693650724329e-05 8.3584976737400468e-06 -2.964394245084275e-05 3.4900102546854358e-05 2.6199512536680365e-05 -1.4411924333391694e-05 1.5745027585489336e-05 -1.8791737072179397e-05 3.3990738620830681e-06 -4.2415033545176219e-06 2.6366489038237617e-05 2.0656368552001134e-06 2.6832797286813887e-05 2.642371939290695e-05 -1.6957161624010901e-05 -3.1975615076523498e-05 -3.8290109929842987e-05 -2.8470314750961619e-07 1.5023858977677812e-05 -1.0820207011343974e-05 -1.5956556375776332e-07 -6.8945529175509567e-08 5.2740659071513598e-06 -1.1005584148956131e-05 2.623443924706178e-06 -1.6502495111599602e-05 -2.3883619446433405e-09
leaf_weight=2649 72 2828 70 51 73 50 51 84 98 92 237 251 155 55 10575 74 56 175 283 52 1575 67 80 31804 14773 1628 1098 1904 183 16490
leaf_count=2649 72 2828 70 51 73 50 51 84 98 92 237 251 155 55 10575 74 56 175 283 52 1575 67 80 31804 14773 1628 1098 1904 183 16490
internal_value=-2.1396e-05 -0.00109702 1.66334e-05 0.00415254 0.00722222 0.00402299 0.00766129 -0.000433419 -0.00240331 -0.00165066 -0.00324232 -0.000501433 0.00212551 5.53185e-05 1.01074e-05 -0.00291367 0.000174825 -0.00217391 -0.00507335 0.000396825 0.00055371 0.00465368 0.00119048 3.60079e-05 0.000370838 -0.000123807 -0.000387514 0.000305617 0.000132506 -7.64709e-05
internal_weight=87633 5834 3006 295 225 174 124 2711 905 833 586 349 247 81799 79150 695 286 230 409 126 1806 231 147 78455 25348 53107 32902 20205 18301 16673
internal_count=87633 5834 3006 295 225 174 124 2711 905 833 586 349 247 81799 79150 695 286 230 409 126 1806 231 147 78455 25348 53107 32902 20205 18301 16673
is_linear=0
shrinkage=0.05


Tree=25
num_leaves=31
num_cat=0
split_feature=9 11 5 0 31 17 35 4 7 35 0 9 39 35 20 11 41 36 25 36 1 28 4 17 41 32 21 41 15 15
split_gain=2.8392 2.58773 2.78298 2.98351 2.58569 2.3899 2.91911 4.49943 2.45225 2.4141 2.20606 2.19192 2.19104 2.04759 1.93272 1.9608 1.93185 3.0029 1.89365 2.52755 2.54507 2.36711 2.51334 2.31518 2.19366 2.16952 2.42095 1.95528 2.08448 2.16944
threshold=0.00069778937662684796 0.0015372569473287533 -0.00086268924362454939 84062.415000000023 84095.356500000024 0.0011823134384061739 110800.46180000002 53.312235000000008 0.0014563310928240845 109595.64025000001 84430.050000000003 0.0006653354646844621 29.135714285714393 122577.38110000001 87.724999999998559 -0.0014860233054789544 -74.758697501907605 -77.464742242569613 -0.78716470907463409 120.94139465591435 118216.74000000001 155.51783264378903 26.236540000000002 0.0010715719143461473 32.234171706434573 -65.534491623096969 52.260000000002044 46.216554470618597 0.00033212820385956335 0.00079562940532337833
decision_type=2 2 2 2 2 2 2 2 2 2 2 2 2 2 2 2 2 2 2 2 2 2 2 2 2 2 2 2 2 2
left_child=11 2 14 4 -4 10 9 8 -8 -7 -5 -1 -12 -3 -2 -16 -14 -18 21 20 25 22 23 24 -19 -20 27 28 -27 -30
right_child=1 13 3 5 -6 6 7 -9 -10 -11 12 -13 16 -15 15 -17 17 18 19 -21 -22 -23 -24 -25 -26 26 -28 -29 29 -31
leaf_value=1.0744259695917804e-07 -5.4557036158365901e-06 -2.0352424858126407e-06 7.021391920397863e-06 -9.9298146104952217e-06 1.9561864246301123e-05 1.9123011946235977e-06 1.0804530284465812e-05 4.139456667022176e-07 1.7338194172036064e-05 -1.2198388669810897e-05 5.6246060804520102e-06 4.1240451776967571e-06 2.7428561683911664e-06 -1.0965381750107377e-05 -9.2961478916925113e-06 -3.8676093048452678e-05 -3.3399112001793622e-06 -4.9285447031054636e-06 1.1787339054349274e-05 -5.9105918942777464e-07 1.5507515941669931e-05 -7.1437500417231582e-06 1.1813032539725312e-05 -2.4268362703708958e-05 4.6458071908961114e-06 5.577248548721374e-06 -1.1294907514072424e-05 1.2531627973921086e-05 -1.4182000039625985e-06 9.5145787043300051e-06
leaf_weight=59507 656 14211 901 144 100 2534 284 467 121 138 60 686 1293 129 50 72 1670 360 109 2887 60 103 76 52 162 64 61 89 469 118
leaf_count=59507 656 14211 901 144 100 2534 284 467 121 138 60 686 1293 129 50 72 1670 360 109 2887 60 103 76 52 162 64 61 89 469 118
internal_value=-1.39788e-05 -0.000435496 7.25191e-05 0.00025564 0.00287213 2.42911e-05 0.00110045 0.00361239 0.00746914 0.000280689 -0.000466118 0.000178177 -0.000350452 -0.000899582 -0.00282776 -0.00860656 -0.000425855 -0.000788217 -0.000130152 0.000317604 0.00252577 -0.00242364 -0.00130769 -0.00243902 -0.00143678 0.00186813 0.000967541 0.00175676 0.000806452 -0.000127768
internal_weight=87633 27440 13100 12322 1001 11321 3544 872 405 2672 7777 60193 7633 14340 778 122 7573 6280 4610 3857 970 753 650 574 522 910 801 740 651 587
internal_count=87633 27440 13100 12322 1001 11321 3544 872 405 2672 7777 60193 7633 14340 778 122 7573 6280 4610 3857 970 753 650 574 522 910 801 740 651 587
is_linear=0
shrinkage=0.05


Tree=26
num_leaves=31
num_cat=0
split_feature=9 11 18 3 38 11 21 11 17 19 32 2 4 22 34 9 18 7 35 21 4 2 23 18 25 20 15 19 42 16
split_gain=2.45588 2.41265 2.57459 3.3675 2.32577 3.08339 2.63857 2.32103 2.30746 2.84762 3.44883 2.67461 3.51475 2.92739 2.62791 2.2049 2.12933 1.97259 1.97846 1.95326 1.98028 1.95279 4.1075 2.17737 1.9379 2.85325 2.10231 2.24506 1.88587 1.87439
threshold=0.00069778937662684796 0.0013631332844315834 -15.299999999995633 84217.275000000009 25.159094922842559 -0.0010944595212505459 1.0000000180025095e-35 0.00045738548952806678 0.0011823134384061739 101.56500000000234 -286.75753924869053 110955.75500000002 60.45282000000001 48.898332749999994 118155.90565020003 0.0006653354646844621 -37.319999999999702 -0.0020083019100616251 122577.38110000001 0.01000000000203727 74.374575000000007 115889.28000000001 -0.2556572277139853 -21.065000000002325 -1.0972089716495488 1.6949999999997092 0.00037421243442296084 57.504999999997388 26.784771027692013 0.00031400267914974785
decision_type=2 2 2 2 2 2 2 2 2 2 2 2 2 2 2 2 2 2 2 2 2 2 2 2 2 2 2 2 2 2
left_child=15 2 4 -4 -2 -6 16 19 9 10 -5 -10 13 -13 -14 -1 -7 -3 21 -8 -21 24 23 -23 25 -19 27 -26 -20 -12
right_child=1 17 3 8 5 6 7 -9 11 -11 29 12 14 -15 -16 -17 -18 18 28 20 -22 22 -24 -25 26 -27 -28 -29 -30 -31
leaf_value=1.0207046711121929e-07 2.9618160184708884e-05 3.3282896359905819e-05 9.5143193990449684e-06 1.5444960931598741e-05 -1.3106019066932486e-05 9.9974558388099775e-06 -1.432458825164169e-05 -5.7200743390587958e-06 1.7508607382362474e-06 -2.6733155691461368e-06 3.1156106626233288e-06 -2.4017337770268999e-06 8.6878805311756307e-06 1.9113395887810969e-05 -2.3625941287002856e-05 3.9178429188119192e-06 -1.0032200895382125e-05 1.1087040367194036e-05 8.2114364629779762e-07 3.8042258244942577e-06 -9.0253962404615668e-06 -1.5632424757167561e-05 4.0705514725375946e-06 -1.978002914068318e-06 -1.0735577280034701e-05 -3.1991456368458393e-07 -2.6568547371113471e-06 -4.7489754010911346e-06 -1.1956044787161652e-05 1.2219248797245421e-07
leaf_weight=59507 58 134 845 76 579 154 50 835 2142 2686 103 76 180 246 101 686 58 116 50 646 183 118 1170 614 55 235 12689 107 90 3044
leaf_count=59507 58 134 845 76 579 154 50 835 2142 2686 103 76 180 246 101 686 58 116 50 646 183 118 1170 614 55 235 12689 107 90 3044
internal_value=-8.8437e-06 -0.000400875 0.000128503 0.000507948 -0.0012778 -0.00150699 -0.000545171 -0.00119603 0.000213774 -0.000342698 0.000659324 0.00141166 0.00435323 0.00791925 0.000266904 0.00016987 0.00471698 -0.000816101 -0.000869194 0.00059727 0.00117612 -0.000814354 0.000683491 -0.0022541 -0.00103015 0.00263533 -0.00113026 -0.00679012 -0.00678571 0.000405148
internal_weight=87633 27440 12062 9499 2563 2505 1926 1714 8654 5909 3223 2745 603 322 281 60193 212 15378 15244 879 829 15104 1902 732 13202 351 12851 162 140 3147
internal_count=87633 27440 12062 9499 2563 2505 1926 1714 8654 5909 3223 2745 603 322 281 60193 212 15378 15244 879 829 15104 1902 732 13202 351 12851 162 140 3147
is_linear=0
shrinkage=0.05


Tree=27
num_leaves=31
num_cat=0
split_feature=28 32 7 11 20 20 13 38 36 28 11 28 19 42 19 18 32 25 36 19 25 17 19 19 38 24 25 35 35 25
split_gain=2.27989 2.51781 1.95904 2.12986 1.60655 3.23564 3.02798 2.74207 2.75205 5.02539 3.42477 2.99643 2.75319 2.625 2.4862 2.3343 4.12576 2.69182 2.18483 2.07675 2.14039 2.71216 2.03597 2.93072 3.42839 3.22335 1.99521 2.25083 2.34007 2.63031
threshold=321.80176500143722 29.773638644393944 -0.0034092341484028049 0.010170421243826102 24.275000000001459 0.014999999999417925 0.0040354221658553671 51.040559420959092 21.86030632554321 233.87581679454891 0.0039839741610291054 288.14168933151819 33.599999999998552 21.443765437858477 391.96500000000384 -36.310000000004941 16.073963190960061 -0.80707931646586062 -348.66136760916555 14.630000000004658 -0.61339731837359013 0.00047418140498917675 167.95000000000439 121.64499999999681 67.533210390891739 92.190128500000014 1.1912821273296375 81458.719050000014 117341.23805000001 -0.46764940109396896
decision_type=2 2 2 2 2 2 2 2 2 2 2 2 2 2 2 2 2 2 2 2 2 2 2 2 2 2 2 2 2 2
left_child=2 -2 -1 4 5 7 -6 -4 9 10 12 15 19 -13 22 16 -10 -17 -11 20 21 -9 23 24 25 -8 27 -7 -29 -30
right_child=1 -3 3 -5 6 26 14 8 11 18 -12 13 -14 -15 -16 17 -18 -19 -20 -21 -22 -23 -24 -25 -26 -27 -28 28 29 -31
leaf_value=6.4604481472389491e-06 -2.5181630628867975e-05 -3.0906290283629824e-06 -9.0335746727529318e-08 -3.4590118161372125e-05 7.8443658168201429e-07 1.2610693257604622e-05 1.2665545099775747e-05 -2.8361548412977753e-06 -1.0114665408939202e-05 -1.964070510616534e-06 -2.4698008484646569e-05 -1.8349509004086997e-06 4.1701684238919738e-06 1.8407892380227193e-05 -3.4703803072075659e-05 2.1969762158764005e-06 -1.1990630247861544e-06 -7.6188864546597826e-09 -1.975019914640583e-05 -1.5052018008095172e-06 3.3598780348288937e-06 9.9248184405408731e-06 8.8807249164191796e-07 -1.2979860506619423e-05 -7.0120314154129905e-06 -1.1888922611574225e-05 1.6543231444228563e-06 -1.3023888363708248e-06 3.0457471303421069e-06 -1.8188727070644383e-06
leaf_weight=2657 99 6093 12334 68 29586 261 164 82 195 88 54 60 3074 140 152 970 1640 3214 93 395 77 54 1193 597 341 56 1801 19659 1151 1285
leaf_count=2657 99 6093 12334 68 29586 261 164 82 195 88 54 60 3074 140 152 970 1640 3214 93 395 77 54 1193 597 341 56 1801 19659 1151 1285
internal_value=-3.70865e-06 -0.000928618 6.66126e-05 2.1578e-05 2.9219e-05 -0.00015817 0.000301505 0.000273698 0.000882991 0.00192111 0.00231531 0.000229137 0.00249864 0.00625 -0.00136836 2.90746e-05 -0.00145777 0.000681166 -0.00621547 -0.000575658 0.00340376 -0.000367647 -0.000967673 -0.00246114 0.00013369 0.005 -0.000559879 -0.000688853 -0.000743381 0.000718391
internal_weight=87633 6192 81441 78784 78716 46627 32089 22470 10136 3917 3736 6219 3682 200 2503 6019 1835 4184 181 608 213 136 2351 1158 561 220 24157 22356 22095 2436
internal_count=87633 6192 81441 78784 78716 46627 32089 22470 10136 3917 3736 6219 3682 200 2503 6019 1835 4184 181 608 213 136 2351 1158 561 220 24157 22356 22095 2436
is_linear=0
shrinkage=0.05


Tree=28
num_leaves=31
num_cat=0
split_feature=11 24 32 28 16 23 28 16 41 20 42 28 32 7 20 7 24 24 21 11 22 21 16 22 5 25 19 11 38 42
split_gain=2.10891 2.19715 2.56326 2.43758 1.97409 2.12184 1.973 3.06228 1.9767 3.40549 4.22622 3.34858 2.69045 2.39513 2.66865 2.406 2.20159 3.42457 2.40451 2.69561 1.95862 3.21209 2.73112 2.04413 1.94666 1.92479 1.92435 1.86604 1.84286 3.57003
threshold=0.010170421243826102 93.994609900000015 -62.596865877523662 635.80678927942802 0.000243547540037346 -0.8641626752247682 -166.48280483618871 0.00038696699619135969 -144.53788680441178 23.485000000000586 13.451387005195381 -227.58426036983289 56.477207409174305 0.00087494538781168198 52.525000000001462 0.0014889539207425921 26.000085300000006 33.468049400000005 8.8249999999970914 -0.0028516167622075488 28.098528499999961 17.305000000000295 0.00050353089110326992 29.384263499999978 -0.00055889291951852509 0.26488624197116739 282.91999999999831 -0.0010944595212505459 27.380178807538091 -39.439929560973091
decision_type=2 2 2 2 2 2 2 2 2 2 2 2 2 2 2 2 2 2 2 2 2 2 2 2 2 2 2 2 2 2
left_child=4 -2 -3 -4 5 -1 7 -6 -9 10 11 27 13 16 15 -15 24 18 -18 -20 21 22 -13 -22 -11 -16 -25 -10 29 -8
right_child=1 2 3 -5 6 -7 28 8 9 12 -12 20 -14 14 25 -17 17 -19 19 -21 23 -23 -24 26 -26 -27 -28 -29 -30 -31
leaf_value=-1.2437186728031774e-07 -4.4697818827287451e-05 -4.0022060313421342e-05 6.9832655920008688e-05 -1.0709748220631095e-05 8.6946244891118574e-06 1.7771893068965445e-07 -1.2080974090712325e-05 -7.7422309845113692e-07 2.9562718974023411e-06 -1.1685018533441375e-05 2.7553869847689946e-05 -2.7696189465098512e-06 2.5212563299633052e-05 3.3201622805986101e-05 2.0934973678001425e-05 1.5762985169233246e-05 6.5053416829599717e-07 3.1193669133499977e-06 4.5930181897697443e-06 1.9346178327413716e-05 -1.3688676770798689e-05 -9.0455969871266971e-06 1.3240165529357821e-05 -2.4130154785693311e-06 -6.2468736221921639e-07 -4.6769808821842663e-06 -2.1169848230168667e-05 -1.0311946221704634e-05 -7.0628946481812953e-08 -7.2205965255532391e-07
leaf_weight=82 121 74 88 403 55 610 157 5463 2756 62 70 54 125 65 123 63 117 4313 78 105 62 126 142 1645 122 92 109 160 69103 1088
leaf_count=82 121 74 88 403 55 610 157 5463 2756 62 70 54 125 65 123 63 117 4313 78 105 62 126 142 1645 122 92 109 160 69103 1088
internal_value=-8.27314e-06 -0.00276968 -0.00146018 -0.000152749 1.3514e-05 0.00267341 -7.82563e-06 0.000495065 0.000454201 0.000859082 -5.8548e-05 -0.000227543 0.00175214 0.00157588 0.00561224 0.0113281 0.00128726 0.00150119 0.00666667 0.0102459 -0.00173059 0.00186335 0.00586735 -0.00236784 -0.00407609 0.0022093 -0.00205245 0.000874486 -0.000121539 -0.00202811
internal_weight=87633 686 565 491 86947 692 86255 15907 15852 10389 5124 5054 5265 5140 343 128 4797 4613 300 183 2138 322 196 1816 184 215 1754 2916 70348 1245
internal_count=87633 686 565 491 86947 692 86255 15907 15852 10389 5124 5054 5265 5140 343 128 4797 4613 300 183 2138 322 196 1816 184 215 1754 2916 70348 1245
is_linear=0
shrinkage=0.05


Tree=29
num_leaves=31
num_cat=0
split_feature=9 18 16 7 42 4 40 9 42 4 5 11 39 7 25 20 38 32 19 5 15 4 11 19 36 39 25 4 28 23
split_gain=2.03056 1.99562 2.05343 1.71008 1.63384 1.933 1.66774 1.65698 1.62528 2.85266 1.8916 1.61279 2.17115 2.60181 2.06504 1.80894 1.85882 2.5298 1.74414 1.63842 1.99915 2.65115 2.68746 2.77203 2.48981 2.16803 2.86721 1.9989 2.8514 2.29545
threshold=0.0012016805218003487 -238.75499999999735 0.0021520151793085834 -0.0020083019100616251 42.020787607195551 9.3658650000000012 504.57354412486899 0.0061233277128716858 116.81269910156369 178.82454500000003 -0.00057078264173595391 0.0027479879663873793 340.55678571428615 -0.00039399457164335965 -1.0001587778743959 65.57500000000438 53.72973939807811 310.48770328410325 198.24500000000265 -0.00086268924362454939 0.00092175824797818124 74.374575000000007 0.0018839090536435124 234.45000000000439 -357.95071913856367 135.976071428571 -0.76791858186647877 59.243585000000003 177.74537401064302 -0.52952751309985457
decision_type=2 2 2 2 2 2 2 2 2 2 2 2 2 2 2 2 2 2 2 2 2 2 2 2 2 2 2 2 2 2
left_child=-1 2 -2 -3 5 -5 8 11 -6 -10 -11 14 13 -13 18 -15 -17 -18 -7 -16 25 -22 23 -23 -25 -21 -27 28 29 -28
right_child=1 3 -4 4 6 7 -8 -9 9 10 -12 12 -14 15 19 16 17 -19 -20 20 21 22 -24 24 -26 26 27 -29 -30 -31
leaf_value=9.3177564914168099e-08 -2.5664056633896361e-05 4.3049786451935341e-05 -1.2342967385544884e-05 -9.6080514195158283e-06 -3.1381119597445381e-06 -7.0773593123748112e-06 2.0141174616666039e-05 2.0948454698426016e-05 -2.5398467896136139e-05 3.398076795864892e-05 -2.5929879692872798e-05 2.2690884214145843e-05 -2.2765114812990363e-05 -4.7690281909814177e-06 -9.0771684766412815e-06 1.2565531215685009e-05 -1.0243124285574933e-05 3.8444640388302909e-06 1.5034619443507175e-05 1.8173312584528044e-07 4.7108214975505208e-06 -9.1357962925279569e-06 9.8536144369683749e-06 1.1823591697458798e-05 -5.7884978836102802e-06 9.3232267327373015e-06 2.6983656045457603e-06 -5.8263380051190599e-07 -2.6967500014479942e-05 -1.9641163389117191e-05
leaf_weight=68768 59 105 172 91 4462 501 133 288 224 50 285 89 195 2240 418 200 116 318 75 3279 3023 677 391 466 423 88 102 215 79 101
leaf_count=68768 59 105 172 91 4462 501 133 288 224 50 285 89 195 2240 418 200 116 318 75 3279 3023 677 391 466 423 88 102 215 79 101
internal_value=-8.27314e-06 -0.000467798 -0.00508658 -0.00041054 -0.000446597 -0.00015514 -0.00120295 -0.00010539 -0.00134933 -0.00389088 -0.000970149 -0.00018852 -0.00117163 -0.000835302 0.000127058 -0.00109603 0.00126183 -0.000576037 -0.00277778 0.000307709 0.000452284 0.00111446 -0.000319366 -0.00124521 0.000590551 -0.000401139 -0.00320513 -0.00467807 -0.00744681 -0.00431034
internal_weight=87633 18865 231 18634 18529 13375 5154 13284 5021 559 335 12996 3158 2963 9838 2874 634 434 576 9262 8844 4980 1957 1566 889 3864 585 497 282 203
internal_count=87633 18865 231 18634 18529 13375 5154 13284 5021 559 335 12996 3158 2963 9838 2874 634 434 576 9262 8844 4980 1957 1566 889 3864 585 497 282 203
is_linear=0
shrinkage=0.05


Tree=30
num_leaves=31
num_cat=0
split_feature=7 11 32 24 38 40 17 27 28 25 25 36 41 28 13 5 17 21 7 32 5 9 5 36 11 36 24 11 28 23
split_gain=1.9191 2.19015 2.2135 2.12539 1.73526 1.796 2.46925 1.90762 1.69239 2.05327 2.18505 1.67777 1.80807 3.00692 2.87729 2.06802 1.9389 2.09153 2.5833 3.3 3.07888 2.22528 1.88317 2.00371 1.64768 2.80466 2.09274 1.7705 1.61278 1.55206
threshold=-0.0038591219202331788 0.010170421243826102 -62.596865877523662 93.994609900000015 10.29761642883898 -606.86255595799582 0.003634419563675551 87633.978250000015 635.80678927942802 1.110027725702043 1.7225512638059985 -3417.9023739720938 -144.53788680441178 -227.58426036983289 0.0073072710245593508 -0.0032223542035336333 0.00072592935136613545 14.6449999999968 -0.0010558799120730558 -470.94856238460483 -0.0020893964108326325 -0.0013825021817861943 -0.0018395574141074433 -1041.9851450259082 -0.0011165561803539437 -66.386231817807115 93.060211600000017 -0.00047081021715018076 248.95049497653238 1.0409054434401612
decision_type=2 2 2 2 2 2 2 2 2 2 2 2 2 2 2 2 2 2 2 2 2 2 2 2 2 2 2 2 2 2
left_child=4 11 -3 -4 -1 -6 -7 -8 -5 -10 -11 -2 14 24 16 29 -13 18 19 -18 -20 -22 23 -19 -14 27 -27 -26 -24 -15
right_child=1 2 3 8 5 6 7 -9 9 10 -12 12 13 15 -16 -17 17 22 20 -21 21 -23 28 -25 25 26 -28 -29 -30 -31
leaf_value=-4.9755039899073019e-05 3.040913536298042e-05 -4.1097122529442494e-05 -3.9796456263229079e-05 6.4967792557581375e-05 7.7335665397098102e-05 8.9268271209074644e-06 -7.2414223901368508e-06 -5.786786168071305e-05 -2.9433664558302994e-05 6.6709492729283699e-05 -6.8705138770091259e-06 -9.9232094044293177e-06 3.361493384991616e-06 -2.1772705374384862e-05 -2.6536952468127025e-05 -2.5159815302081068e-08 7.1361200337971837e-06 -2.5795178522318272e-05 -4.8145655865035683e-05 3.8935830373201364e-05 -2.1621141419676413e-05 2.0826654623326208e-06 -2.875500376962785e-06 1.4551616658187875e-05 -5.9629914965353087e-06 -2.4051503673623761e-05 -7.4046148380373068e-06 1.6143527730668607e-05 3.5904722062854583e-05 6.8599242364601307e-06
leaf_weight=89 218 75 117 80 61 1749 126 51 198 62 129 184 5066 122 157 71826 440 385 51 60 131 1181 4485 105 135 54 59 100 78 59
leaf_count=89 218 75 117 80 61 1749 126 51 198 62 129 184 5066 122 157 71826 440 385 51 60 131 1181 4485 105 135 54 59 100 78 59
internal_value=-8.8437e-06 -4.52914e-05 -0.00291225 -0.00187713 0.00149326 0.00179919 0.00153167 -0.00409605 -0.000373134 -0.00173522 0.00196335 -2.29693e-05 -3.42474e-05 3.64888e-05 -0.000788893 -4.89536e-05 -0.000640845 -0.000506073 0.000925926 0.004 -0.000201761 0.000266768 -0.00103404 -0.00397959 0.00117289 -0.00215517 -0.00862832 0.000957447 -0.00071773 -0.00538674
internal_weight=87633 85557 661 586 2076 1987 1926 177 469 389 191 84896 84678 77421 7257 72007 7100 6916 1863 500 1363 1312 5053 490 5414 348 113 235 4563 181
internal_count=87633 85557 661 586 2076 1987 1926 177 469 389 191 84896 84678 77421 7257 72007 7100 6916 1863 500 1363 1312 5053 490 5414 348 113 235 4563 181
is_linear=0
shrinkage=0.05


Tree=31
num_leaves=31
num_cat=0
split_feature=11 32 24 28 25 25 42 42 5 2 31 20 39 16 36 20 4 1 36 9 42 21 21 17 18 42 39 24 4 23
split_gain=1.77933 1.83055 2.40562 1.87164 1.57918 1.97741 1.77521 1.54594 2.73156 2.05205 3.29579 1.78322 2.05689 2.62137 4.06499 2.01082 3.53019 2.33964 1.96551 1.85297 1.97068 3.06734 2.82019 2.50717 2.16667 1.81892 2.55387 1.74678 2.67481 2.41656
threshold=0.010170421243826102 -65.534491623096969 93.994609900000015 635.80678927942802 1.110027725702043 1.8782316015330534 133.95024927074812 -9.1366124429872215 -0.0051199951391565799 118504.04500000001 119003.42730000001 30.305000000000295 73.569642857141716 0.0011537348889014566 792.63807265737717 4.8199999999997098 74.374575000000007 121674.77 1056.4428437189347 0.00071432220690803496 -15.563507124693382 30.230000000003205 40.434999999997679 0.00084141710606871578 63.775000000001462 -25.446785821041377 113.22464285714109 40.662252200000005 51.28562500000001 -0.32384875745810393
decision_type=2 2 2 2 2 2 2 2 2 2 2 2 2 2 2 2 2 2 2 2 2 2 2 2 2 2 2 2 2 2
left_child=7 -2 -3 -4 6 -6 -5 9 -9 10 -1 12 -11 14 19 17 -17 -15 -16 20 22 -22 24 -24 25 26 -14 -13 29 -29
right_child=1 2 3 4 5 -7 -8 8 -10 11 -12 27 13 15 18 16 -18 -19 -20 -21 21 -23 23 -25 -26 -27 -28 28 -30 -31
leaf_value=6.0952937032891832e-07 -3.7695130412889767e-05 -3.8491622269092809e-05 6.2415918520166832e-05 -4.9146177187663718e-05 6.2779484674017544e-05 -6.9520120899744655e-06 -1.3957842597266157e-05 6.0826349872983846e-05 -1.0866235550982532e-07 2.0653316504082159e-06 3.7014533994069335e-05 -6.8326375524783173e-06 1.382784862062361e-05 -3.5994127389724633e-06 -2.4413979945993849e-05 1.2371275845238033e-05 -3.6748318008486028e-05 3.6802219211644474e-05 -1.5524018398720748e-05 1.1362271805362289e-05 -1.5834882085234741e-05 3.0143267421900892e-07 -1.6106791852633543e-06 -1.4368321519688996e-05 -1.7156851140602012e-05 -3.3970151162866686e-06 1.5537709208781631e-06 6.9512244629262649e-06 -2.2516641884419222e-06 2.3857279130054745e-05
leaf_weight=30703 76 118 89 74 74 123 132 69 53895 92 56 133 52 72 65 62 53 70 90 107 96 59 81 117 65 126 147 235 448 54
leaf_count=30703 76 118 89 74 74 123 132 69 53895 92 56 133 52 72 65 62 53 70 90 107 96 59 81 117 65 126 147 235 448 54
internal_value=-1.45493e-05 -0.00255102 -0.00163934 -0.000101626 -0.00155087 0.00164975 -0.00461165 5.4631e-06 -0.000159366 0.000275142 0.000381189 -0.00119155 -0.00232644 -0.00285261 -0.00400498 0.0016537 -0.00326087 0.0056338 -0.0114516 -0.00264706 -0.00353297 -0.00854839 -0.00221088 -0.00707071 0.00025641 0.00192308 0.0048995 0.000574713 0.00152646 0.00527682
internal_weight=87633 686 610 492 403 197 206 86947 53964 32983 30759 2224 1354 1262 1005 257 115 142 155 850 743 155 588 198 390 325 199 870 737 289
internal_count=87633 686 610 492 403 197 206 86947 53964 32983 30759 2224 1354 1262 1005 257 115 142 155 850 743 155 588 198 390 325 199 870 737 289
is_linear=0
shrinkage=0.05


Tree=32
num_leaves=31
num_cat=0
split_feature=11 5 32 24 16 4 20 23 21 20 20 13 38 42 36 36 36 17 11 7 15 19 18 32 25 22 32 24 13 19
split_gain=2.09846 1.88648 2.55312 1.73888 1.67487 2.01486 1.86345 1.53176 1.50784 1.44351 2.84058 2.71123 2.59598 3.10075 3.45988 3.05955 2.36905 2.35478 2.41347 2.32607 2.95268 3.07364 2.49886 2.39292 2.29602 2.28566 2.92752 2.63289 2.50869 2.41754
threshold=0.010170421243826102 -0.00045742093490950224 -62.596865877523662 93.994609900000015 0.000243547540037346 14.664185000000002 2.5049999999973811 -0.8641626752247682 59.120000000002626 24.275000000001459 6.8499999999985457 0.0020519787641173344 51.881616506601105 -17.268153847497384 -55.96543985843163 -77.464742242569613 -71.847544187759908 0.00056660777935426635 -7.7975709967037415e-05 -0.00034325260084224174 0.00038039774836649294 55.900000000001462 -32.484999999993299 27.095024126007051 -0.78066436739631262 26.465957499999984 292.32325884442258 69.918920800000009 0.0099018199684971012 154.58499999999916
decision_type=2 2 2 2 2 2 2 2 2 2 2 2 2 2 2 2 2 2 2 2 2 2 2 2 2 2 2 2 2 2
left_child=4 8 -3 -4 5 6 7 -1 -2 10 12 -11 13 -6 15 -15 -17 18 -18 20 23 22 -22 -12 -23 26 -13 28 -27 -29
right_child=1 2 3 -5 9 -7 -8 -9 -10 11 19 25 -14 14 -16 16 17 -19 -20 -21 21 24 -24 -25 -26 27 -28 29 -30 -31
leaf_value=-1.0029014921155339e-07 -5.152237553598655e-05 -5.4920468325446805e-05 -3.8821931899875342e-05 -6.1657104722323572e-06 1.019145801137197e-06 2.6391462618205821e-06 -2.7494650053767011e-06 1.3664135583373837e-07 5.1625134278364179e-05 9.3537401790273908e-07 -2.1596943566639952e-06 -3.7608187471434412e-06 5.387475098388686e-07 -3.2840546075816279e-07 -2.0147106890075361e-06 7.8894146835556657e-06 -4.8715354881802912e-08 -1.6671078396557141e-06 4.8871021380310701e-06 -1.7364786062529957e-06 1.1933958414538825e-05 4.5706007684143983e-06 3.0990545085733251e-06 -7.9709329518157588e-06 -9.0823057467468016e-07 7.4956756952076314e-07 -1.9112140425988067e-05 -7.4883670267949495e-06 2.3632934581155565e-05 -7.9860743152934226e-07
leaf_weight=75 50 59 94 380 6680 190 82 345 103 26432 236 297 13699 5422 4316 68 56 87 54 11986 73 839 742 70 4891 4202 64 1566 90 4385
leaf_count=75 50 59 94 380 6680 190 82 345 103 26432 236 297 13699 5422 4316 68 56 87 54 11986 73 839 742 70 4891 4202 64 1566 90 4385
internal_value=-1.51199e-05 -0.00276968 -0.00417448 -0.00295359 6.61322e-06 0.00245665 0.000796813 0.00214286 0.00212418 -1.30427e-05 -0.000190475 0.000222756 0.000108617 -0.000310196 -0.00086724 -5.71479e-05 0.00518868 0.00241117 0.00727273 -0.000672878 6.20347e-05 0.000286478 0.00315951 -0.00473856 -0.000122164 -0.000452659 -0.00436288 -0.000314849 0.000629077 -0.000995631
internal_weight=87633 686 533 474 86947 692 502 420 153 86255 49219 37036 30382 16683 10003 5687 265 197 110 18837 6851 6545 815 306 5730 10604 361 10243 4292 5951
internal_count=87633 686 533 474 86947 692 502 420 153 86255 49219 37036 30382 16683 10003 5687 265 197 110 18837 6851 6545 815 306 5730 10604 361 10243 4292 5951
is_linear=0
shrinkage=0.05


Tree=33
num_leaves=31
num_cat=0
split_feature=11 13 24 21 25 17 5 9 36 40 13 41 16 16 30 3 21 20 15 23 21 42 38 25 5 41 11 9 5 19
split_gain=1.99566 1.60108 1.85282 1.6602 1.80307 2.34592 2.93527 1.31072 1.87653 1.74004 1.6466 1.63176 1.6667 5.18676 2.10323 2.55927 2.21229 2.00503 1.69808 1.52566 1.47336 2.6704 4.03061 2.50842 2.15313 5.0454 3.29051 3.2375 2.75006 2.42813
threshold=0.010170421243826102 0.0069934214182467711 94.884990400000007 2.7300000000032019 1.110027725702043 0.003124742238146854 0.0024107761230297169 -0.005553657059616037 -224.00064547942745 -24.995408067457898 -0.0023312124330598116 -8.5113037857315614 0.0016872752819591635 0.0021520151793085834 91207.814092266635 87276.640000000014 43.485000000000589 56.66500000000088 0.0015954463076699251 1.3458520584662452 44.819999999999716 -29.936907050004926 57.575847388042227 -1.0810074269072361 -0.0014778857586126082 -121.25509780439138 -0.0012487789109181227 -0.001937594187132784 -0.0013656315599513834 443.30500000000035
decision_type=2 2 2 2 2 2 2 2 2 2 2 2 2 2 2 2 2 2 2 2 2 2 2 2 2 2 2 2 2 2
left_child=7 -2 -3 -4 5 -5 -7 8 9 11 -11 12 18 19 15 -15 -16 -18 -1 -14 21 22 24 -22 25 -9 -27 -26 -29 -30
right_child=1 2 3 4 -6 6 -8 20 -10 10 -12 -13 13 14 16 -17 17 -19 -20 -21 23 -23 -24 -25 27 26 -28 28 29 -31
leaf_value=4.1405231219350794e-06 -2.9690132657058941e-05 -3.3570496445170501e-05 -5.3799126158551858e-05 -3.6091562177063613e-05 3.413571350357332e-05 0.00010583817988895922 -3.8389246788919664e-05 -1.6675840533824639e-05 2.0297800614767789e-05 -3.3674378150385032e-05 1.0948518257105055e-05 3.4653087542398401e-05 2.2776238099182081e-05 -9.9749299116215144e-06 -2.8773711318753459e-05 -9.1692432574887357e-05 -1.1628703531756709e-06 6.4175569935233192e-05 -4.0659509038547274e-05 4.0805928465706085e-05 6.1988750971702297e-06 -1.3873302136652341e-08 -1.4918641517220092e-05 -9.5273893549601444e-07 -2.0691422539247674e-06 1.3902758943524049e-05 -1.3643871293125371e-05 -2.186565253047797e-05 3.0294198417715073e-06 6.9160064300554812e-05
leaf_weight=80 130 108 54 96 165 64 69 258 314 58 54 87 79 264 68 55 61 85 84 92 564 55020 214 21495 1423 825 101 86 5497 83
leaf_count=80 130 108 54 96 165 64 69 258 314 58 54 87 79 264 68 55 61 85 84 92 564 55020 214 21495 1423 825 101 86 5497 83
internal_value=-1.05554e-05 -0.00269679 -0.00152878 -0.000111607 0.00101523 -0.0018559 0.00244361 1.06387e-05 0.00153874 0.000538894 -0.00535714 0.00123037 0.000576037 0.00163352 -0.000797373 -0.00336991 0.00303738 0.00650685 -0.00396341 0.00921053 -1.40243e-05 0.000108256 0.000933781 -0.000366064 0.00110903 0.00308277 0.00480562 0.000779376 0.00131486 0.00145161
internal_weight=87633 686 556 448 394 229 133 86947 1381 1067 112 955 868 704 533 319 214 146 164 171 85566 63507 8487 22059 8273 1184 926 7089 5666 5580
internal_count=87633 686 556 448 394 229 133 86947 1381 1067 112 955 868 704 533 319 214 146 164 171 85566 63507 8487 22059 8273 1184 926 7089 5666 5580
is_linear=0
shrinkage=0.05


Tree=34
num_leaves=31
num_cat=0
split_feature=11 5 32 24 21 28 7 17 38 41 16 20 41 21 42 22 27 38 34 39 5 42 11 24 36 36 40 20 5 30
split_gain=1.89626 1.77577 1.70047 1.71158 1.50784 1.41493 1.34374 1.93078 2.10424 1.62049 1.34855 1.78584 1.91313 1.76678 1.47024 2.09808 2.09851 3.18798 2.82096 2.75148 2.19055 2.64618 2.03439 2.2632 2.45414 1.97976 2.57376 2.23129 2.48355 2.32144
threshold=0.010170421243826102 -0.00045742093490950224 -65.534491623096969 93.994609900000015 59.120000000002626 635.80678927942802 -0.0038591219202331788 0.003634419563675551 10.29761642883898 -328.8986431190059 0.0042044809085636783 216.78999999999363 -564.48054150367523 29.95999999999913 -68.464285358841821 97.61946374999998 115409.2215 37.702032195362115 115837.57237376101 205.68821428571547 -0.0025597514505375204 5.0290901580164773 -0.0066557142960679081 168.33637187000002 226.37392596960129 -1441.7912724145788 -171.19117090048528 155.97999999999595 0.00015306368356693664 113096.32632470621
decision_type=2 2 2 2 2 2 2 2 2 2 2 2 2 2 2 2 2 2 2 2 2 2 2 2 2 2 2 2 2 2
left_child=6 4 -3 -4 -2 -5 7 8 -1 -10 14 12 -12 -14 25 22 18 19 20 -18 21 -17 -16 -24 -25 26 -8 28 -27 -30
right_child=1 2 3 5 -6 -7 10 -9 9 -11 11 -13 13 -15 15 16 17 -19 -20 -21 -22 -23 23 24 -26 27 -28 -29 29 -31
leaf_value=-4.8359428600796851e-05 -4.7267731936928689e-05 -5.1241952423945022e-05 -3.5202310482623043e-05 6.1087914750623047e-05 4.7885407525196863e-05 -1.5956242423885627e-05 -1.6805775903620501e-06 -2.4381360951087886e-05 3.1381574820996544e-05 6.7737338423389324e-06 6.0966791438471527e-05 4.1733468696177879e-05 8.5391698034213211e-06 -4.8622740693321554e-05 -2.6208223517611846e-05 -2.8691420342689126e-05 -2.196391372726582e-05 -3.2603402933085071e-06 2.3164272057316593e-05 -1.3006636802129342e-05 -7.5812765282569654e-07 -2.3475135727115543e-06 3.9214444988352889e-08 2.7077090473355656e-05 -3.0178208031375826e-06 9.4162030559290921e-06 -5.5718650694043526e-05 3.8481572449752307e-05 -6.0822015750985331e-06 1.3161995372096566e-05
leaf_weight=84 50 58 94 55 103 326 518 197 175 1595 53 64 70 203 72 199 115 1175 88 256 10390 314 68724 147 132 1240 51 145 730 210
leaf_count=84 50 58 94 55 103 326 518 197 175 1595 53 64 70 203 72 199 115 1175 88 256 10390 314 68724 147 132 1240 51 145 730 210
internal_value=-5.42033e-06 -0.00262391 -0.00398687 -0.003 0.00212418 -0.00150919 1.52392e-05 0.00127986 0.00177994 0.00214689 -1.53129e-05 -0.00294872 -0.00444785 -0.00613553 -1.77502e-06 -4.10479e-05 -0.000636117 -0.00236093 -0.000393504 -0.00640162 -0.000465468 -0.00365497 6.69562e-05 7.57213e-05 0.00456989 0.00110574 -0.00153779 0.00175269 0.00135321 -0.000585106
internal_weight=87633 686 533 475 153 381 86947 2051 1854 1770 84896 390 326 273 84506 81612 12537 1546 10991 371 10903 513 69075 69003 279 2894 569 2325 2180 940
internal_count=87633 686 533 475 153 381 86947 2051 1854 1770 84896 390 326 273 84506 81612 12537 1546 10991 371 10903 513 69075 69003 279 2894 569 2325 2180 940
is_linear=0
shrinkage=0.05


Tree=35
num_leaves=31
num_cat=0
split_feature=28 32 7 18 15 15 41 20 11 41 41 17 41 11 25 15 4 41 11 39 28 20 17 24 42 40 17 38 19 7
split_gain=1.91203 2.90456 1.49854 2.34135 4.43312 2.41075 2.20502 1.98634 1.92166 2.89186 2.76252 2.04907 2.80644 2.03471 4.27234 1.92574 2.22739 2.15198 2.79294 1.61367 1.63988 2.20475 2.95554 3.12657 2.59926 2.04274 1.99549 1.95551 1.8919 1.92806
threshold=321.80176500143722 29.773638644393944 -0.0019610183762560096 6.8799999999973815 0.002760501127632764 0.0030628247512363978 -421.39334247823314 40.004999999997388 0.0013333681705912988 79.8507811069328 152.5007509434744 0.0015190229892435168 -382.96274608113799 -0.0010677984645115284 0.54702378424129738 0.0030628247512363978 118.12165500000002 -49.347831363966215 -0.00047081021715018076 543.28571428571388 127.97769714408788 140.86499999999799 0.0010986728145277287 87.879607400000012 17.954410551083772 -250.71670748150788 0.0023887903968107427 52.875706699760329 286.69000000000239 0.0032048537395134159
decision_type=2 2 2 2 2 2 2 2 2 2 2 2 2 2 2 2 2 2 2 2 2 2 2 2 2 2 2 2 2 2
left_child=2 -2 8 4 -4 7 -7 -6 13 11 -11 -10 -13 -1 15 16 17 18 -15 20 21 25 -23 -24 26 27 -25 -5 29 -27
right_child=1 -3 3 19 5 6 -8 -9 9 10 -12 12 -14 14 -16 -17 -18 -19 -20 -21 -22 22 23 24 -26 28 -28 -29 -30 -31
leaf_value=2.5604366586760368e-06 -2.2646282180251452e-05 -2.6647486662398291e-06 -1.8599442323021325e-07 -8.1972647256671529e-06 -2.9914926941464454e-05 4.1360663610860657e-05 -1.9522864995295494e-05 -6.1068327933736785e-05 2.3133585514282024e-05 3.2844619811696738e-05 7.8370370132122732e-06 5.6609754082585918e-05 -1.4207868808699112e-05 -1.1156155707650832e-05 -1.9448887970479906e-05 4.2235030032073133e-05 -2.5628243975846981e-05 -2.132752602714897e-06 2.2580736710581066e-05 -3.0207630202901197e-05 -4.1673069324514274e-07 -2.7142486453565135e-05 2.8638727464336941e-05 -8.491256593743229e-06 3.505851166959555e-05 5.2431405161797559e-07 4.1284712791989569e-05 3.3658929815369341e-05 9.2527181290169444e-06 -2.0368417857029867e-05
leaf_weight=5924 99 6093 37885 1049 75 82 289 113 108 87 82 51 214 89 231 54 107 576 177 169 9640 98 99 217 106 22654 126 50 907 182
leaf_count=5924 99 6093 37885 1049 75 82 289 113 108 87 82 51 214 89 231 54 107 576 177 169 9640 98 99 217 106 22654 126 50 907 182
internal_value=-8.55842e-07 -0.000847868 6.35429e-05 -5.76342e-06 -0.000275726 -0.00469589 -0.00235849 -0.00930851 0.000727273 0.00359779 0.00902367 0.00113941 -0.00122642 0.000509919 -0.00133712 7.47757e-05 -0.00044784 0.000415677 0.00413534 0.000288268 0.000311717 0.000521814 0.00340557 0.00483577 0.00306236 0.000446824 0.000947522 -0.0016606 0.000544371 0.000455421
internal_weight=87633 6192 81441 73741 38444 559 371 188 7700 542 169 373 265 7158 1234 1003 949 842 266 35297 35128 25488 646 548 449 24842 343 1099 23743 22836
internal_count=87633 6192 81441 73741 38444 559 371 188 7700 542 169 373 265 7158 1234 1003 949 842 266 35297 35128 25488 646 548 449 24842 343 1099 23743 22836
is_linear=0
shrinkage=0.05


Tree=36
num_leaves=31
num_cat=0
split_feature=11 5 32 24 21 42 38 22 15 36 15 7 19 40 34 22 22 7 16 21 32 42 21 16 7 21 9 13 22 22
split_gain=1.89048 1.53974 1.8703 1.79965 1.37268 1.364 1.77574 1.92996 2.33726 2.17507 1.78198 2.43111 2.14948 1.71597 2.71511 1.68683 3.11936 1.75669 2.20967 1.55199 2.77313 4.40421 2.80668 1.92999 1.78017 1.67751 1.52657 2.34862 1.71836 1.81317
threshold=0.010170421243826102 -0.00045742093490950224 -62.596865877523662 93.994609900000015 59.120000000002626 -68.464285358841821 56.693638467724917 477.27365674999993 0.0039044610329373179 -2464.3558814428466 0.0030628247512363978 -0.0045234860724532667 348.5999999999986 -298.74455065211799 117687.93153265493 123.79628200000002 139.47232500000001 0.0002804967269687643 0.001365981048287243 49.704999999994477 -214.85390002888741 -115.5424577519935 106.05500000000031 0.0026544835116763684 -0.0010558799120730558 33.704999999994477 -0.0071800569093788472 -0.0040670558721697227 97.61946374999998 75.829807500000015
decision_type=2 2 2 2 2 2 2 2 2 2 2 2 2 2 2 2 2 2 2 2 2 2 2 2 2 2 2 2 2 2
left_child=5 4 -3 -4 -2 6 7 8 10 -10 13 -12 -13 14 -1 17 -17 -15 -19 23 21 -21 -23 25 -22 -18 27 -7 29 -28
right_child=1 2 3 -5 -6 26 -8 -9 9 -11 11 12 -14 15 -16 16 19 18 -20 20 24 22 -24 -25 -26 -27 28 -29 -30 -31
leaf_value=-1.3522449633726299e-05 -4.4771107906770273e-05 -4.8099554841358718e-05 -3.33089575251799e-05 -6.3709295423760903e-06 4.562437458224901e-05 -6.2107983124108767e-07 -2.0521481518647179e-05 7.4429686873912648e-05 4.839451901649013e-05 -4.2924648520453177e-05 -2.7176780343715222e-05 7.7673471584313561e-06 5.7287464748080158e-05 4.1028574797486134e-06 1.1389220998049409e-05 2.787989130830008e-05 -6.8565816642817159e-07 8.7501747865732993e-06 -2.2445582197963656e-05 -4.9511580895510256e-05 6.2222697665265167e-07 2.0369279138725424e-05 5.8683738310723533e-05 4.8529919109012032e-05 -3.6689515842760387e-05 4.3986077703376057e-05 -2.1018844169053219e-08 6.2519180114738678e-05 -1.4639705783597792e-06 1.749773443395703e-06
leaf_weight=563 50 59 94 380 103 122 51 75 80 176 81 69 124 1319 79 195 185 142 198 58 92 55 53 65 106 61 61395 94 13449 8060
leaf_count=563 50 59 94 380 103 122 51 75 80 176 81 69 124 1319 79 195 185 142 198 58 92 55 53 65 106 61 61395 94 13449 8060
internal_value=-9.41426e-06 -0.00262391 -0.00389306 -0.0028481 0.00179739 1.12137e-05 0.000934152 0.00105932 0.000898406 -0.00371094 0.00124093 0.00510949 0.00816062 0.000906654 -0.00140187 0.00149268 0.00327586 0.000557565 -0.00264706 0.00166667 -0.000549451 0.00421687 0.0101852 0.00426045 -0.00454545 0.00223577 -3.12801e-05 0.00416667 -4.22175e-05 5.79512e-05
internal_weight=87633 686 533 474 153 86947 3827 3776 3701 256 3445 274 193 3171 642 2529 870 1659 340 675 364 166 108 311 198 246 83120 216 82904 69455
internal_count=87633 686 533 474 153 86947 3827 3776 3701 256 3445 274 193 3171 642 2529 870 1659 340 675 364 166 108 311 198 246 83120 216 82904 69455
is_linear=0
shrinkage=0.05


Tree=37
num_leaves=31
num_cat=0
split_feature=11 24 25 25 20 28 40 20 20 13 18 18 36 22 9 22 38 28 25 25 36 7 9 26 7 32 7 19 15 15
split_gain=1.68165 1.47813 1.49802 2.07048 1.31699 1.21117 1.50387 1.20641 3.02157 2.12495 2.09923 2.94848 2.13722 2.80509 2.24997 2.1321 2.36231 2.56668 2.67542 3.14554 2.65935 2.07284 2.00601 3.28135 1.99566 1.97158 1.94372 3.53165 1.89314 2.52562
threshold=0.010170421243826102 87.879607400000012 1.110027725702043 1.8782316015330534 201.5400000000009 815.78276933572499 -147.76845008550296 24.275000000001459 0.014999999999417925 0.0036725665245104402 -35.284999999996209 -31.579999999994467 21.86030632554321 13.58556125 -0.0020795055924929897 206.94066749999999 50.718986892905868 -222.5687012571361 -0.53972984147038583 -0.56577604341911192 -82.585473707855257 -0.00060706099438890854 -0.0014450043395052516 87052.105010001425 0.0003168627519936304 -869.78686122214265 -0.00024593453776276147 51.86499999999797 0.00063214568268186088 0.00071061184984050677
decision_type=2 2 2 2 2 2 2 2 2 2 2 2 2 2 2 2 2 2 2 2 2 2 2 2 2 2 2 2 2 2
left_child=7 -2 4 -4 5 6 -3 8 10 28 12 24 13 -1 -14 16 17 22 19 -19 21 -20 -15 -24 -12 -25 27 -18 -9 -30
right_child=1 2 3 -5 -6 -7 -8 9 -10 -11 11 -13 14 15 -16 -17 26 18 20 -21 -22 -23 23 25 -26 -27 -28 -29 29 -31
leaf_value=4.5010163659041151e-06 -3.5778838969482484e-05 -2.8982159716412243e-05 5.9491606320374696e-05 -6.3282916986019162e-06 9.8052701915710616e-05 -4.3239947420774649e-05 2.3230986012059693e-06 -5.7199583371973164e-07 -7.4893057464496624e-07 -1.4874492550089688e-06 5.0284961394074363e-06 2.0822771637188635e-07 2.9626426769954471e-06 6.3035741263554968e-06 -2.215155318739098e-06 -3.2999144949994777e-05 1.1552416163653608e-05 1.5971016891801218e-07 -3.3832083143542575e-06 1.2595215231529507e-05 3.0078142895090408e-06 -6.0406231660578725e-06 3.5671564074152924e-05 2.7047420545166264e-05 -6.9543271488352171e-06 -7.600180405067033e-06 -8.0495972124941459e-07 4.2028004854737529e-06 3.4207281352417731e-06 9.8838594521199909e-07
leaf_weight=160 98 64 80 147 50 117 130 5750 26116 6172 363 13532 593 1029 3752 166 51 732 900 56 270 420 51 54 55 307 381 888 2079 23070
leaf_count=160 98 64 80 147 50 117 130 5750 26116 6172 363 13532 593 1029 3752 166 51 732 900 56 270 420 51 54 55 307 381 888 2079 23070
internal_value=-1.22671e-05 -0.00247813 -0.00153061 0.00165198 -0.00353186 -0.00474277 -0.00231959 7.18829e-06 -0.00015338 0.00022322 0.00025463 0.000648746 -0.00030581 0.000352242 -0.00113349 0.000155514 0.000335668 -0.00029458 -0.00130362 0.00107868 -0.00248428 -0.00340909 0.00137058 -0.00157767 0.00478469 -0.00325485 0.00215909 0.00338126 0.000392408 0.000579546
internal_weight=87633 686 588 227 361 311 194 86947 49876 37071 23760 13950 9810 5465 4345 5305 5139 3819 2378 788 1590 1320 1441 412 418 361 1320 939 30899 25149
internal_count=87633 686 588 227 361 311 194 86947 49876 37071 23760 13950 9810 5465 4345 5305 5139 3819 2378 788 1590 1320 1441 412 418 361 1320 939 30899 25149
is_linear=0
shrinkage=0.05


Tree=38
num_leaves=31
num_cat=0
split_feature=11 24 25 25 18 27 7 7 17 20 4 41 41 9 39 38 36 20 20 16 42 21 18 9 9 32 11 36 16 21
split_gain=1.49237 1.2947 1.22441 1.81966 1.41049 1.68947 1.35558 1.15887 2.06583 2.22237 3.60223 4.08045 2.58487 2.24106 2.65441 2.43278 2.19464 2.12874 1.9783 1.87168 2.39961 1.85682 1.72852 2.77811 2.04726 2.31255 3.96594 3.57698 2.79654 2.47433
threshold=0.010170421243826102 87.879607400000012 1.110027725702043 1.8782316015330534 161.91999999999828 83785.575750000004 0.0018232153664692397 0.0011586057814605294 0.00042737034033870725 48.875000000000007 40.207820000000005 109.18153641978761 84.599547402434112 0.0050332016592481285 202.59964285714267 49.531249600169666 -3417.9023739720938 62.644999999996806 74.874999999992738 0.0042044809085636783 -29.936907050004926 12.415000000000875 6.8799999999973815 -0.0010830494721049602 -0.0017033501827668342 -224.6488715233863 0.00092922140802121495 -775.98102979145904 0.0012631824158986125 122.51499999999943
decision_type=2 2 2 2 2 2 2 2 2 2 2 2 2 2 2 2 2 2 2 2 2 2 2 2 2 2 2 2 2 2
left_child=7 -2 4 -4 5 -3 -7 22 -9 -10 12 16 -11 14 -13 -16 -12 -17 -19 20 -18 -15 23 -1 -24 26 27 29 -29 -26
right_child=1 2 3 -5 -6 6 -8 8 9 10 11 13 -14 21 15 17 19 18 -20 -21 -22 -23 24 -25 25 -27 -28 28 -30 -31
leaf_value=7.9803547505699628e-07 -3.3989897021008365e-05 8.8424073673325015e-05 5.6517026004355964e-05 -6.0118771136718211e-06 -3.2535226860018604e-05 -3.8270459833150504e-05 6.064788729870417e-06 4.9588811104007249e-06 -1.6327695001013125e-06 8.9753887980104489e-06 6.3116233093527265e-05 9.127613309976648e-06 -3.8681163540723698e-06 3.2888611643071156e-06 2.7084306662944547e-05 1.8265372217908234e-05 9.045808097504635e-06 -2.8971801429287409e-05 -3.5399938532097538e-06 -8.7256617662711009e-05 -3.8636113256070592e-06 4.6513076642928108e-05 -3.670884475447908e-06 -3.6626415834835458e-07 -5.6760391723595381e-06 3.052198058963182e-07 1.4494473652630472e-05 3.3829611696003089e-06 1.7386001157797436e-05 2.7644993811646084e-05
leaf_weight=16146 98 58 80 147 180 66 57 99 10259 394 61 371 52 53 81 83 576 70 360 84 2944 107 2166 28436 1034 21188 520 1392 341 130
leaf_count=16146 98 58 80 147 180 66 57 99 10259 394 61 371 52 53 81 83 576 70 360 84 2944 107 2166 28436 1034 21188 520 1392 341 130
internal_value=-9.41426e-06 -0.00233236 -0.00144558 0.00143172 -0.00325485 -0.000138122 -0.00345528 8.91348e-06 -0.000381557 -0.000427557 0.000410619 1.04384e-05 0.00470852 0.00264444 0.00173575 -0.0003367 -0.00079809 -0.00160819 -0.00302326 -0.00095727 -0.00078125 0.008125 9.42497e-05 -9.64515e-05 0.000411826 0.000541557 0.00174861 0.00102692 0.00246682 -0.00111684
internal_weight=87633 686 588 227 361 181 123 86947 15594 15495 5236 4790 446 1125 965 594 3665 513 430 3604 3520 160 71353 44582 26771 24605 3417 2897 1733 1164
internal_count=87633 686 588 227 361 181 123 86947 15594 15495 5236 4790 446 1125 965 594 3665 513 430 3604 3520 160 71353 44582 26771 24605 3417 2897 1733 1164
is_linear=0
shrinkage=0.05


Tree=39
num_leaves=31
num_cat=0
split_feature=16 23 9 41 11 20 20 15 28 5 19 9 39 25 19 22 26 3 16 24 4 21 13 9 41 24 7 25 15 11
split_gain=1.50742 1.61123 1.66858 1.97607 1.46515 1.26077 2.2663 2.10704 2.64391 2.31527 4.31183 3.10674 3.18155 3.04919 2.56202 3.20787 2.74822 2.43223 2.5075 2.24912 3.51095 2.20636 2.13037 2.82813 2.38585 2.68173 2.06893 2.40437 3.12285 3.15656
threshold=0.000243547540037346 -0.8641626752247682 2.8599748243361346e-05 -15.487019657248947 0.010170421243826102 24.275000000001459 6.8499999999985457 0.0011602613128073684 635.80678927942802 0.0003243138003096913 165.34499999999392 4.4239329011190397e-05 199.70535714285666 -1.0001587778743959 151.14499999999683 50.290562250000001 120256.05365186538 82701.500000000015 0.00098618424721311779 107.38355770000001 115.98500000000001 24.095000000001168 0.0048181794027119867 0.00068137265815814676 -52.856971509686154 88.684078900000017 -0.00034325260084224174 -0.80707931646586062 0.00059670339111309175 -0.0003506278271591913
decision_type=2 2 2 2 2 2 2 2 2 2 2 2 2 2 2 2 2 2 2 2 2 2 2 2 2 2 2 2 2 2
left_child=1 -1 -3 -4 5 6 7 -2 9 14 11 -11 21 -12 17 -16 -17 -9 -19 -15 -21 -13 24 -24 -20 -26 27 28 29 -8
right_child=4 2 3 -5 -6 -7 26 8 -10 10 13 12 -14 19 15 16 -18 18 22 20 -22 -23 23 -25 25 -27 -28 -29 -30 -31
leaf_value=-1.1100565204408922e-07 -7.5939766557445633e-08 2.7886070942520845e-07 -3.737696472853711e-07 3.4246722736205033e-07 -1.1731622461364331e-05 3.2809477524777549e-07 5.2816065917092997e-06 1.0804080577718848e-05 -3.5786020435623807e-05 1.2994725898088402e-06 2.7694149530759732e-05 4.1137444467610665e-06 2.2023127256362439e-05 5.0174814821106015e-06 1.4514017573735898e-05 6.8095607982012064e-07 2.9006217530652616e-05 9.0490115984592054e-06 -3.766486767708689e-07 -1.5033729254782287e-05 1.1127486501036561e-05 1.4895441390920171e-05 2.1871511056448619e-05 -7.2604276402733158e-06 -6.3057766975664629e-06 -1.8749989377304306e-05 -1.600267542997582e-06 -5.5518533273170331e-07 6.2046885198544754e-06 -1.4681614928467872e-05
leaf_weight=82 24117 298 71 241 686 37036 131 84 103 308 75 276 191 881 284 2173 76 80 330 271 231 203 51 55 406 187 11986 5826 801 93
leaf_count=82 24117 298 71 241 686 37036 131 84 103 308 75 276 191 881 284 2173 76 80 330 271 231 203 51 55 406 187 11986 5826 801 93
internal_value=-1.22671e-05 0.00231214 0.00319672 0.000641026 -3.0768e-05 -1.2463e-05 -0.000178285 8.88684e-05 0.000905826 0.00103862 0.00223727 0.00480573 0.00671642 0.000514403 0.000254965 0.00115476 0.000522454 -0.00165549 -0.00227683 -1.80766e-05 -0.00268924 0.00454071 -0.00293975 0.00377358 -0.00371073 -0.00560708 -0.000609173 8.39294e-05 0.00231707 -0.00290179
internal_weight=87633 692 610 312 86941 86255 49219 30382 6265 6162 2436 978 670 1458 3726 2533 2249 1193 1109 1383 502 479 1029 106 923 593 18837 6851 1025 224
internal_count=87633 692 610 312 86941 86255 49219 30382 6265 6162 2436 978 670 1458 3726 2533 2249 1193 1109 1383 502 479 1029 106 923 593 18837 6851 1025 224
is_linear=0
shrinkage=0.05


Tree=40
num_leaves=31
num_cat=0
split_feature=9 11 9 16 39 23 4 41 9 16 18 23 17 11 9 23 38 7 20 15 32 9 32 5 4 9 11 5 18 23
split_gain=1.47459 2.28343 2.13711 1.66942 2.33568 2.27283 2.19498 2.06096 1.84799 1.72797 2.45827 1.71904 1.69999 1.69826 1.86517 1.63569 1.77719 1.63186 2.59269 1.97645 1.67757 2.21618 2.18124 1.67045 1.60444 3.10754 2.05705 1.60068 2.55526 2.37665
threshold=0.00069778937662684796 0.0026211198411468157 0.00060004748628937133 0.00045525376377336836 64.724285714284647 3.0312742783522473 8.6271150000000016 170.91445388240746 0.0016965298114579883 0.00060398885945454883 16.825000000004369 1.9111919273403115 0.00056660777935426635 0.0086224457566418666 0.0091969783461328218 -0.38503340408499998 34.097880090646456 0.00043313392699863247 9.1400000000066957 0.0011602613128073684 -18.662747853100878 0.00064908580907502148 64.77197769962369 -1.0000000180025095e-35 31.513180000000006 0.0010177132729957106 0.0012528241685488596 -0.00045742093490950224 -227.46499999999648 0.21022866197901971
decision_type=2 2 2 2 2 2 2 2 2 2 2 2 2 2 2 2 2 2 2 2 2 2 2 2 2 2 2 2 2 2
left_child=1 2 -1 8 9 6 -6 -7 11 10 -5 12 24 14 -8 16 -4 18 23 20 21 -19 -22 -18 26 -26 -2 28 -15 -30
right_child=3 -3 15 4 5 7 13 -9 -10 -11 -12 -13 -14 27 -16 -17 17 19 -20 -21 22 -23 -24 -25 25 -27 -28 -29 29 -31
leaf_value=1.1238437927120572e-08 2.7168231466852593e-06 3.3465080027680252e-06 -8.1980131828693047e-06 -7.4443816543989059e-06 -1.0621632860292321e-05 -1.0963186588835694e-05 -2.6194897301293199e-07 3.1984550887659678e-05 7.7164226532568401e-06 2.9358385643575094e-06 -2.3174201911470823e-06 4.446858888385669e-06 -3.676997090609552e-06 -5.2378038011791616e-05 5.0903306446023265e-05 1.5751232086019471e-07 5.9953721799105983e-07 9.4419993392204571e-06 9.9429220034116805e-06 -5.9710960525643374e-06 1.6338438210871102e-05 -8.4904911537394189e-06 7.3590872470427959e-06 -8.9141296312561939e-06 -1.0954303034908999e-05 4.8079275769703476e-06 -3.7636680980334601e-06 -1.8833382950772426e-05 -1.6607839510642182e-06 6.2300859820096059e-05
leaf_weight=55905 428 2406 75 183 138 678 23927 60 50 93 373 123 193 53 80 858 132 59 243 71 81 53 178 132 58 62 172 657 61 51
leaf_count=55905 428 2406 75 183 138 678 23927 60 50 93 373 123 193 53 80 858 132 59 243 71 81 53 178 132 58 62 172 657 61 51
internal_value=-5.99089e-06 0.00013249 6.96523e-05 -0.000309767 -0.000388935 -0.000314141 -0.000233308 -0.00304878 0.00161142 -0.00335131 -0.00440647 0.0011583 0.000410734 -0.000198357 -0.000121839 0.00172689 0.00307617 0.00366175 0.00172584 0.00588235 0.00734501 0.00223214 0.00955598 -0.00170455 0.00152778 -0.00375 0.00258333 -0.00243309 0.0019697 0.00625
internal_weight=87633 60193 57787 27440 26354 25705 24967 738 1086 649 556 1036 913 24829 24007 1882 1024 949 507 442 371 112 259 264 720 120 600 822 165 112
internal_count=87633 60193 57787 27440 26354 25705 24967 738 1086 649 556 1036 913 24829 24007 1882 1024 949 507 442 371 112 259 264 720 120 600 822 165 112
is_linear=0
shrinkage=0.05


Tree=41
num_leaves=31
num_cat=0
split_feature=11 5 17 17 32 40 38 38 36 9 9 11 42 32 19 17 23 7 25 22 41 9 13 0 20 20 42 23 18 38
split_gain=1.38461 1.79381 1.81148 1.97028 1.67734 1.54963 1.51042 2.45825 2.44416 2.05006 1.7134 1.81289 1.8278 1.51003 1.50899 2.34493 2.20403 3.79475 3.69683 2.12103 2.0112 1.90035 1.89496 1.84137 1.816 1.79625 1.6786 1.44903 2.58509 1.70427
threshold=0.0039839741610291054 0.0015701125266184841 0.00069342161396605156 0.00079286279002900421 -557.69191097637656 -238.62907813065974 59.379394955402077 56.184728687524434 504.8418315155796 0.0061233277128716858 0.0040901260995068103 0.0060945729549487185 9.1739587986595463 481.26591637187818 136.00499999999741 0.0010181232185952028 0.74567582463081805 0.0018232153664692397 -0.12058326286055059 89.063556250000019 135.48302668182421 4.4239329011190397e-05 0.0069934214182467711 108167.04500000001 24.010000000002041 54.900000000001462 15.654566707337251 -0.24015009015280528 -93.239999999997949 69.848384111028892
decision_type=2 2 2 2 2 2 2 2 2 2 2 2 2 2 2 2 2 2 2 2 2 2 2 2 2 2 2 2 2 2
left_child=-1 2 -2 -4 -5 -6 7 9 -9 10 11 12 -3 27 19 23 17 21 -19 24 -18 25 -22 -16 -15 -17 -23 28 -7 -30
right_child=1 6 3 4 5 13 -8 8 -10 -11 -12 -13 -14 14 15 16 20 18 -20 -21 22 26 -24 -25 -26 -27 -28 -29 29 -31
leaf_value=4.8331164466062598e-08 1.2751876801512963e-05 -1.5196629559653725e-05 -9.704420457182072e-06 3.5111176238769939e-05 -2.2958175894500119e-05 1.4535309375244357e-05 -5.4898832279651593e-06 -1.3902587089704837e-05 -4.3343143017382179e-05 1.0319158918399691e-05 -3.0851722463360004e-05 -2.8382439908048899e-05 8.8145067477498046e-06 -1.946749232249402e-05 -1.4861462673170447e-06 2.6626941341392096e-05 -3.0770686742840341e-05 -1.2013439890452904e-05 3.7345290685633756e-05 -2.0507098979656752e-05 1.9326503548705765e-05 8.4398141653941826e-06 -2.2314729879843301e-05 2.0624339186307646e-05 7.2757270006042845e-06 -5.0520914044321935e-06 -2.2437130104561055e-05 8.4225724129363948e-06 -5.407963301184047e-06 8.4635076995722178e-06
leaf_weight=81799 107 68 101 135 55 160 1442 79 60 114 96 61 110 67 50 96 173 87 193 79 59 57 147 84 64 89 370 826 701 104
leaf_count=81799 107 68 101 135 55 160 1442 79 60 114 96 61 110 67 50 96 173 87 193 79 59 57 147 84 64 89 370 826 701 104
internal_value=-1.4264e-06 -0.000745629 -0.000105152 -0.000290776 -9.73304e-05 -0.000310604 -0.00194581 -0.00408163 -0.00989209 -0.00228285 -0.00425373 -0.00198745 0.000561798 -0.00017616 -0.00128483 -0.00069395 -0.0013572 0 0.00482143 -0.0052381 -0.00455145 -0.00220588 -0.00121359 0.00559701 -0.00133588 0.00202703 -0.00403981 0.000823562 -0.000492228 -0.00164596
internal_weight=87633 5834 3804 3697 3596 3461 2030 588 139 449 335 239 178 3406 1615 1405 1271 892 280 210 379 612 206 134 131 185 427 1791 965 805
internal_count=87633 5834 3804 3697 3596 3461 2030 588 139 449 335 239 178 3406 1615 1405 1271 892 280 210 379 612 206 134 131 185 427 1791 965 805
is_linear=0
shrinkage=0.05


Tree=42
num_leaves=31
num_cat=0
split_feature=9 11 22 18 23 21 25 21 42 23 13 5 36 11 20 17 1 5 13 25 13 11 40 31 41 11 19 15 17 20
split_gain=1.32448 2.47531 1.73984 1.7276 1.66742 1.66237 2.98179 2.58902 2.90143 2.54593 3.17677 2.91846 3.63418 2.75788 2.50434 3.15909 3.24136 3.05356 2.15769 3.48518 2.19516 2.29993 2.1304 2.426 2.08972 2.32055 2.07959 2.44008 2.09921 2.06164
threshold=0.00076845871622410907 0.0026211198411468157 29.384263499999978 -238.75499999999735 3.0312742783522473 44.819999999999716 -1.0972089716495488 46.200000000004373 7.0778106786080199 -0.71362252752553801 0.006435579633918124 0.00060956694461720973 1056.4428437189347 -0.0018462682610764522 69.514999999999432 0.0012674503864540914 83840.005000000019 4.9849225187465392e-05 -0.0028054761779076516 -0.43499912496867738 -0.00084334068957053439 0.00011277940089834183 99.656597581830297 113850.41960000001 52.75242154398881 -0.00065518494696922272 88.364999999997977 0.0010041574152438025 0.0007713676754561086 26.885000000002041
decision_type=2 2 2 2 2 2 2 2 2 2 2 2 2 2 2 2 2 2 2 2 2 2 2 2 2 2 2 2 2 2
left_child=1 5 -3 -2 -5 9 -7 8 26 10 11 -1 18 22 29 16 -16 -18 -13 20 24 -22 23 -11 25 -20 -8 28 -28 -15
right_child=3 2 -4 4 -6 6 7 -9 -10 13 -12 12 -14 14 15 -17 17 -19 19 -21 21 -23 -24 -25 -26 -27 27 -29 -30 -31
leaf_value=-5.2284549698767437e-07 -1.7644840169312844e-05 1.0776012478386029e-05 2.8561373096484141e-06 -3.2842197662953838e-07 -6.7651150630595624e-06 1.1114404235135935e-05 1.1855951949234383e-06 -7.7531601757747222e-07 3.7567397588137085e-06 1.2401646221311099e-06 -3.4129432220877183e-05 1.9879224846998531e-05 -1.4392023889678275e-05 2.2415893354996977e-08 -1.8000592065738478e-05 4.320208783455458e-06 -7.3397712539531876e-06 1.298304469735514e-06 -1.4268572959693711e-05 -1.874335893482637e-05 1.2015683629378407e-05 2.1803937289332605e-06 9.8276284643043089e-06 5.5526510485199898e-06 1.2002874161907109e-05 3.364301764818511e-06 -5.1155914635699802e-06 -1.4132550898964965e-05 -1.7090503503404623e-05 1.6888310053364334e-06
leaf_weight=11100 268 55 2477 24983 817 283 69 13835 154 5666 116 187 158 16308 51 720 803 555 97 55 368 441 557 1328 60 105 50 129 90 5748
leaf_count=11100 268 55 2477 24983 817 283 69 13835 154 5666 116 187 158 16308 51 720 803 555 97 55 368 441 557 1328 60 105 50 129 90 5748
internal_value=1.4264e-06 0.000127914 0.00165877 -0.000297299 -0.000255814 6.22533e-05 -0.000400411 -0.000500803 -0.00406504 0.000214416 -0.000384252 -0.000308249 0.0017845 0.000453743 0.000193302 -0.00144434 -0.00282115 -0.00235641 0.00264661 0.0018206 0.00245098 0.00373918 0.00128791 0.0010509 -0.00152672 -0.0039604 -0.0066568 -0.00864312 -0.0132143 0.000351378
internal_weight=87633 61565 2532 26068 25800 59033 14610 14327 492 44423 12687 12571 1471 31736 24185 2129 1409 1358 1313 1126 1071 809 7551 6994 262 202 338 269 140 22056
internal_count=87633 61565 2532 26068 25800 59033 14610 14327 492 44423 12687 12571 1471 31736 24185 2129 1409 1358 1313 1126 1071 809 7551 6994 262 202 338 269 140 22056
is_linear=0
shrinkage=0.05


Tree=43
num_leaves=31
num_cat=0
split_feature=9 24 9 42 36 39 21 21 11 25 4 22 38 7 18 23 23 24 40 13 32 20 9 22 42 21 15 17 42 42
split_gain=1.30799 2.41382 1.88471 2.76049 2.54551 3.69606 2.14033 1.79282 1.71777 1.63437 3.69279 1.82106 1.52391 1.49159 2.57463 2.69517 1.42885 1.56032 1.4288 2.44824 1.94569 1.52011 1.47481 1.44533 1.33487 1.52896 1.27278 1.57214 1.2122 1.18643
threshold=0.0046538527065856814 282.39112910000006 0.0055114353639915273 91.007377176005448 362.52167967266001 355.33607142857318 168.32500000000439 149.60500000000323 0.010170421243826102 2.1530627877853634 542.22856000000013 139.47232500000001 53.72973939807811 0.00259768344528731 149.25499999999741 0.10554440682476894 1.4374006163601372 83.444363100000018 -152.3392059801408 0.0041318033070249062 756.74618328829104 59.120000000002626 0.0050332016592481285 102.78416957500001 52.231737548140742 66.254999999997395 0.0030628247512363978 0.0017823696182041994 -19.238118980238742 -94.273463969136486
decision_type=2 2 2 2 2 2 2 2 2 2 2 2 2 2 2 2 2 2 2 2 2 2 2 2 2 2 2 2 2 2
left_child=29 2 13 6 5 -5 9 24 -6 11 -11 16 28 14 15 -2 17 -4 -15 22 23 -22 -20 -21 -3 -26 27 -10 -13 -1
right_child=1 7 3 4 8 -7 -8 -9 26 10 -12 12 -14 18 -16 -17 -18 -19 19 20 21 -23 -24 -25 25 -27 -28 -29 -30 -31
leaf_value=6.0398131324023948e-06 1.1850248854263714e-05 5.4788183776664057e-05 -5.7836978915164774e-07 -8.0495786089381245e-05 2.0697779407490552e-05 -1.0326146444248464e-05 -3.886045414708168e-05 6.091933544874844e-05 -2.3146081510979283e-05 -3.3721499076863378e-05 5.3407026165049726e-05 -8.0628048938681935e-06 -2.2136794449489168e-05 -3.4609346596771811e-05 4.9228446816503058e-05 -4.6492401139615761e-05 5.1120953833348255e-05 2.280836976277128e-05 2.3647389129597189e-05 -5.2080746641000514e-05 -2.8890235933852163e-05 1.3319552008418595e-05 -1.4960761785861542e-05 -2.4756678365553246e-05 -5.4555803537093562e-05 4.0908591369767102e-05 -4.7071699618255653e-05 3.7689979409147911e-05 2.8417146289727266e-05 7.5402826408967235e-09
leaf_weight=1685 74 77 95 52 81 61 59 60 53 131 53 51 114 70 51 50 56 101 73 90 51 54 68 57 72 53 88 68 95 83890
leaf_count=1685 74 77 95 52 81 61 59 60 53 131 53 51 114 70 51 50 56 101 73 90 51 54 68 57 72 53 88 68 95 83890
internal_value=6.56146e-06 -0.00123907 -0.0018931 -0.000690846 -0.00403226 -0.0103982 0.00109272 0.00324427 -0.00155172 0.00186782 -0.00217391 0.00332031 0.000384615 -0.00407524 -0.000142857 -0.00403226 0.00634921 0.00433673 -0.00556156 -0.00438931 -0.00734127 -0.00214286 0.000886525 -0.0110544 0.000990099 -0.0022 -0.00394737 -0.000619835 0.00376712 3.65177e-05
internal_weight=87633 2058 1796 1158 403 113 755 262 290 696 184 512 260 638 175 124 252 196 463 393 252 105 141 147 202 125 209 121 146 85575
internal_count=87633 2058 1796 1158 403 113 755 262 290 696 184 512 260 638 175 124 252 196 463 393 252 105 141 147 202 125 209 121 146 85575
is_linear=0
shrinkage=0.05


Tree=44
num_leaves=31
num_cat=0
split_feature=9 9 38 40 40 25 7 32 21 32 35 5 23 19 1 0 38 38 0 22 1 11 41 39 39 21 23 9 5 20
split_gain=1.25511 2.14674 2.37986 3.23283 2.10129 1.86304 2.19481 1.64419 2.7013 1.82479 1.76246 1.60556 2.12828 2.71233 1.72517 3.33738 1.84754 1.78318 1.65937 1.52788 1.49766 1.44253 1.70821 1.24246 1.98983 1.20556 2.13458 2.72802 2.76754 2.6172
threshold=0.0046538527065856814 0.0055114353639915273 56.876910292357223 -102.75135483522898 -22.23474077324499 -0.22416038086919349 0.0029128483639928311 723.10428629464889 58.459999999999134 399.09155595676572 91876.291625000013 0.0022828867897099077 0.070149675174360729 290.98500000000791 87131.280000000013 89166.455000000016 83.050893765115589 68.672616785348467 87672.675000000003 89.063556250000019 102370.99500000001 -0.00025390879326928913 -127.95611120836851 327.19178571428768 252.97285714285633 44.819999999999716 -0.82466073260737394 -0.00024692350464247122 0.00044641889570274805 0.834999999999127
decision_type=2 2 2 2 2 2 2 2 2 2 2 2 2 2 2 2 2 2 2 2 2 2 2 2 2 2 2 2 2 2
left_child=25 5 4 -4 21 6 -2 9 -9 10 -7 12 -5 -14 17 -16 23 -13 -15 -12 -20 -3 -23 24 -17 -1 27 -27 29 -29
right_child=1 2 3 11 -6 7 -8 8 -10 -11 19 14 13 18 15 16 -18 -19 20 -21 -22 22 -24 -25 -26 26 -28 28 -30 -31
leaf_value=1.0400009549472036e-07 2.3722586421642346e-05 -3.3801565452894649e-05 -4.1129729164946154e-05 -2.3949197279942041e-05 5.6185193298252206e-05 4.0061985647484995e-06 -1.9180061939882971e-05 -1.9006507795465013e-05 3.2796927151808963e-05 -4.3775001990399572e-05 -5.1323066781253802e-06 -7.7611149394890203e-06 3.9764988741575065e-05 4.187124379947752e-05 5.6902394037348274e-05 9.1269016038708342e-07 -3.6653950326909129e-05 -5.090209265801518e-05 -4.1768244324597396e-05 -3.1377779660073422e-05 4.3183281446412144e-06 2.4138195348026361e-05 -2.1022978331586766e-05 3.3461780595496875e-05 -5.2896711435256962e-05 6.2615408522524663e-06 -1.1098293229375928e-06 4.3328725380603542e-06 6.2256298523880974e-06 -8.0955532629336981e-06
leaf_weight=63264 89 66 58 98 76 90 82 110 56 119 55 68 90 53 58 81 67 92 53 85 80 223 73 80 56 1249 19221 354 547 940
leaf_count=63264 89 66 58 98 76 90 82 110 56 119 55 68 90 53 58 81 67 92 53 85 80 223 73 80 56 1249 19221 354 547 940
internal_value=5.42033e-06 -0.00121477 -7.28863e-05 -0.00149893 0.00296804 -0.00349854 0.00102339 -0.005 -0.000903614 -0.00694842 -0.00434783 -0.000742009 0.00173797 0.00398551 -0.00258964 -0.000584795 -0.0028169 -0.006875 0.000537634 -0.00785714 -0.00244361 0.00138122 0.00287162 -0.000576037 -0.00346715 3.47648e-05 -0.000281251 0.000938511 -0.000285171 -0.0015456
internal_weight=87633 2058 1372 934 438 686 171 515 166 349 230 876 374 276 502 342 284 160 186 140 133 362 296 217 137 85575 22311 3090 1841 1294
internal_count=87633 2058 1372 934 438 686 171 515 166 349 230 876 374 276 502 342 284 160 186 140 133 362 296 217 137 85575 22311 3090 1841 1294
is_linear=0
shrinkage=0.05


Tree=45
num_leaves=31
num_cat=0
split_feature=28 32 38 19 9 15 24 17 25 36 24 21 22 25 7 23 7 17 40 38 9 15 22 17 18 22 18 9 20 32
split_gain=1.25001 1.53581 1.42452 2.07217 2.57939 3.96146 2.13652 5.2847 1.96482 1.87875 2.63381 1.71458 1.64783 1.67921 2.59875 1.92404 1.91505 1.56185 2.95539 2.54815 1.82931 1.59911 1.52279 2.3094 1.47785 1.58244 1.81125 1.62398 2.14652 1.46286
threshold=321.80176500143722 10.717281790552081 72.280346932537682 327.98000000000326 0.0022108628434319125 0.00092679703406376205 221.53797470000003 0.0026714165272898817 -0.74991140922347932 1141.5268210986835 147.58197540000003 1.0000000180025095e-35 56.974746499999988 -0.038907510757286774 0.00016593603325038684 -0.97876786270252059 0.0010280279302877608 0.0010819515839452147 85.818591476447196 68.099759269740062 0.0035152315854930097 0.0013807526329261005 31.434141750000006 0.00064298435583577728 177.97500000000585 66.766126 238.84000000000381 0.0050332016592481285 40.900000000001462 756.74618328829104
decision_type=2 2 2 2 2 2 2 2 2 2 2 2 2 2 2 2 2 2 2 2 2 2 2 2 2 2 2 2 2 2
left_child=-1 -2 3 4 5 -3 7 8 -6 24 -11 -10 -7 15 -15 -14 -16 19 21 -13 -20 -19 -4 -24 -5 -26 -27 28 -28 -22
right_child=1 2 22 9 6 12 -8 -9 11 10 -12 17 13 14 16 -17 -18 18 20 -21 29 -23 23 -25 25 26 27 -29 -30 -31
leaf_value=5.5208487090343409e-08 -2.7491240849652598e-05 -2.2261060913179688e-05 -1.8328554651149152e-05 -2.3076447787946013e-05 -1.9543328340393505e-05 -1.9409380836549528e-05 4.0935470929076897e-05 -5.5650533540979373e-05 -7.761052334846259e-06 -3.4194317651158142e-05 -7.1806817785745953e-06 4.0956054321740335e-06 1.0155768106464704e-05 -1.336363160223387e-05 5.0007620986394797e-05 -1.4741810738632694e-05 8.457908396482937e-06 3.0170943743836748e-05 1.6670754355420528e-05 -1.8918568883411496e-05 -1.8578395217994518e-05 1.71147632402235e-05 1.6022326457003317e-05 1.7100241651168886e-07 -2.3965242133238713e-05 3.6039879209887971e-05 -4.3589432976927575e-06 -1.7457647514659864e-05 3.2945071898062981e-05 1.9823145209231741e-05
leaf_weight=81441 85 82 70 220 50 63 64 53 124 133 144 100 105 133 51 419 133 52 219 56 105 109 99 3000 79 50 60 196 63 75
leaf_count=81441 85 82 70 220 50 63 64 53 124 133 144 100 105 133 51 419 133 52 219 56 105 109 99 3000 79 50 60 196 63 75
internal_value=6.56146e-06 -0.000678295 -0.000585394 -0.00137849 -0.000464124 -0.00228195 0.00131579 0.000715801 0.00162921 -0.00330688 -0.00676895 0.00220238 -0.00132743 -0.000743163 0.00212934 -0.00248092 0.00597826 0.00314246 0.004375 -0.00128205 0.00206767 0.0100932 0.00014989 0.000314618 -0.00187126 -0.000223214 0.00115176 -0.00023511 0.00426829 -0.00166667
internal_weight=87633 6192 6107 2938 1993 986 1007 943 890 945 277 840 904 841 317 524 184 716 560 156 399 161 3169 3099 668 448 369 319 123 180
internal_count=87633 6192 6107 2938 1993 986 1007 943 890 945 277 840 904 841 317 524 184 716 560 156 399 161 3169 3099 668 448 369 319 123 180
is_linear=0
shrinkage=0.05


Tree=46
num_leaves=31
num_cat=0
split_feature=28 38 40 2 27 2 31 19 9 15 36 24 24 17 25 39 32 41 25 15 16 38 41 22 20 39 17 24 41 39
split_gain=1.21044 1.40708 1.82279 1.49639 2.29498 2.07729 2.22049 1.46872 2.19495 3.46601 1.76508 2.24359 1.5954 3.44926 2.1517 1.90551 1.97132 1.87064 2.72516 2.36692 2.03284 2.79137 1.65612 1.59154 1.38581 1.34215 1.42212 3.61982 2.32517 1.57637
threshold=321.80176500143722 72.280346932537682 16.091799326284676 114466.27500000001 113080.85475000001 118380.16000000002 118304.89730000003 327.98000000000326 0.0022108628434319125 0.00092679703406376205 1141.5268210986835 147.58197540000003 233.44938120000003 0.0026714165272898817 -0.74991140922347932 315.17071428571381 797.00568057114299 59.918657057106032 -0.25412698581450271 0.0011760120434395442 0.0015137893011297158 67.533210390891739 94.893172926582253 56.974746499999988 26.010000000002041 543.28571428571388 0.00086911623364434602 41.56005600000001 84.599547402434112 135.23571428571401
decision_type=2 2 2 2 2 2 2 2 2 2 2 2 2 2 2 2 2 2 2 2 2 2 2 2 2 2 2 2 2 2
left_child=-1 7 -3 4 25 -5 -7 8 9 -2 -9 -12 13 14 -10 16 17 18 -16 -19 21 -20 -21 -11 -18 26 28 -28 -4 -29
right_child=1 2 3 5 -6 6 -8 10 12 23 11 -13 -14 -15 15 -17 24 19 20 22 -22 -23 -24 -25 -26 -27 27 29 -30 -31
leaf_value=5.244806273582627e-08 -2.1148007867520703e-05 -2.7867474889203071e-05 -9.2281536759498651e-06 1.1913275699661157e-05 -2.3745139202844859e-05 -1.4538558770677598e-05 9.9727065877924325e-07 -6.8652331408858019e-06 -1.856616192337383e-05 -1.8438911794722053e-05 -3.2484601768600237e-05 -6.8216476896458657e-06 3.4454927851888609e-05 -4.399606542584671e-05 1.9364317851328024e-05 -1.3789875002816303e-05 1.5012091601229541e-05 8.1982221646025751e-06 6.9637400396249739e-06 -1.8352257764306322e-05 2.9230687504093534e-05 -2.2343298888013416e-05 -7.9301038339532123e-06 -2.5365244758962317e-06 2.76895636277372e-05 4.6472695846441284e-05 -2.571649274264656e-05 -1.4804605329252953e-05 1.3825374359733363e-05 -2.9415443579309692e-07
leaf_weight=81441 82 51 86 343 55 53 276 717 52 63 133 144 64 61 76 86 51 129 103 73 92 56 119 844 65 57 53 91 217 1900
leaf_count=81441 82 51 86 343 55 53 276 717 52 63 133 144 64 61 76 86 51 129 103 73 92 56 119 844 65 57 53 91 217 1900
internal_value=3.70865e-06 -0.00067022 6.28536e-05 0.000215586 -0.000355836 0.00230655 -0.000531915 -0.00144518 -0.000669643 -0.00235086 -0.00301811 -0.00640794 0.000949367 0.000441329 0.00121951 0.00182353 0.0026178 0.00154321 0.00420489 -0.00116822 0.00169323 -0.00172956 -0.0046875 -0.00146086 0.00862069 -0.000124792 -0.000308905 -0.000782779 0.00288779 -0.000439478
internal_weight=87633 6192 3182 3131 2459 672 329 3010 2016 989 994 277 1027 963 902 850 764 648 327 321 251 159 192 907 116 2404 2347 2044 303 1991
internal_count=87633 6192 3182 3131 2459 672 329 3010 2016 989 994 277 1027 963 902 850 764 648 327 321 251 159 192 907 116 2404 2347 2044 303 1991
is_linear=0
shrinkage=0.05


Tree=47
num_leaves=31
num_cat=0
split_feature=16 2 21 41 9 36 40 41 16 16 18 7 22 35 15 16 4 16 39 24 23 7 39 18 2 21 25 23 25 15
split_gain=1.23553 1.7713 2.2257 1.87581 1.27446 2.20012 1.7415 1.69452 1.87681 4.4799 1.57497 1.90006 1.56115 1.82207 1.49595 1.26841 2.5098 1.75439 2.24561 1.25268 1.19563 1.1945 1.16586 1.21761 1.17798 1.02812 2.8955 3.68611 2.72934 2.57584
threshold=0.0042044809085636783 83782.095000000016 161.32000000000701 -564.48054150367523 -0.005553657059616037 -224.00064547942745 -24.995408067457898 -8.5113037857315614 0.0016872752819591635 0.0021520151793085834 -289.28500000000344 -0.0045234860724532667 317.27212950000006 81977.54700000002 0.0015954463076699251 0.0028119214541758738 326.74586000000005 0.002460957554900649 373.90785714285818 115.321459 1.3458520584662452 0.00055755209159319636 495.76785714285717 -313.63999999999936 90742.455000000002 44.819999999999716 -0.37059735822519685 -0.99848564548589769 -0.42874626816261541 0.0029382039524471272
decision_type=2 2 2 2 2 2 2 2 2 2 2 2 2 2 2 2 2 2 2 2 2 2 2 2 2 2 2 2 2 2
left_child=4 2 21 -3 5 6 7 8 14 20 -7 -12 13 -11 -1 17 -17 19 -19 -15 -10 -2 -5 -24 -25 -6 28 -28 29 -27
right_child=1 3 -4 22 25 10 -8 -9 9 12 11 -13 -14 15 -16 16 -18 18 -20 -21 -22 -23 23 24 -26 26 27 -29 -30 -31
leaf_value=3.2191439008527113e-06 5.3169974376574114e-05 3.707342989555822e-05 -3.2088556718987792e-05 -8.1298745029474025e-07 7.5472931768803583e-08 2.0157161989361757e-06 -1.4169009419462973e-05 3.2310219142614883e-05 2.1600302408355349e-05 -6.7375049725337601e-05 4.7314238364769357e-05 2.2148286247411976e-05 6.1249129047177047e-05 -8.3795408439095811e-05 -3.6945225078979664e-05 1.7410198344330158e-05 -9.0207931884237188e-05 7.2135127296517307e-05 -8.7358124159636398e-06 3.0248577123752427e-06 3.8961523384919214e-05 -4.8614808796075477e-06 -0.00010647139995590828 -5.9528119670614526e-05 -2.3830212625774471e-06 -5.4990268902606783e-08 4.0436468170258478e-05 -1.9134690443021738e-06 7.7663295342722858e-06 2.5188292299313836e-05
leaf_weight=80 114 67 80 75 63597 112 99 80 79 50 56 114 62 50 84 51 51 57 57 64 92 98 58 107 91 6967 65 14028 763 285
leaf_count=80 114 67 80 75 63597 112 99 80 79 50 56 114 62 50 84 51 51 57 57 64 92 98 58 107 91 6967 65 14028 763 285
internal_value=5.99089e-06 -0.00210145 0.000856164 -0.00427136 2.2716e-05 0.00161551 0.000470711 0.00119603 0.000482625 0.00175367 0.00549645 0.00852941 -0.000904977 -0.00210526 -0.00426829 -0.000757576 -0.00539216 0.00131579 0.00570175 -0.00307018 0.00862573 0.00353774 -0.00581571 -0.00742188 -0.00555556 -2.91698e-07 -0.000294011 -0.000725538 0.000464754 0.000165472
internal_weight=87633 690 292 398 86943 1238 956 857 777 613 282 170 442 380 164 330 102 228 114 114 171 212 331 256 198 85705 22108 14093 8015 7252
internal_count=87633 690 292 398 86943 1238 956 857 777 613 282 170 442 380 164 330 102 228 114 114 171 212 331 256 198 85705 22108 14093 8015 7252
is_linear=0
shrinkage=0.05


Tree=48
num_leaves=31
num_cat=0
split_feature=42 2 31 7 28 16 21 36 18 15 4 35 1 9 7 5 20 27 40 5 39 7 16 16 23 17 9 28 40 38
split_gain=1.16846 2.1526 2.84287 1.79237 1.81403 1.77731 1.62172 2.5613 2.34611 1.62067 4.90302 2.74046 2.59884 3.33556 2.36238 2.84389 2.32036 2.22098 2.20581 2.146 2.09576 2.84959 2.07365 2.02263 2.00381 2.81559 2.09997 3.21343 2.01068 1.72185
threshold=-9.1366124429872215 118504.04500000001 119003.42730000001 -0.0058932393811337528 -313.56366524775507 0.0021127359172199568 1.0000000180025095e-35 -863.34318931373116 86.785000000003507 0.0012676040477073982 38.812305000000009 104949.72257500001 111545.95000000001 -0.00052036807684054879 0.0003168627519936304 0.0005242970886913421 9.9850000000005839 112526.43075000003 -6.4071042173673041 0.00034361223601349914 161.97392857142876 -0.00091213032463354383 0.0017491905511401666 0.0012553016938890579 -0.52952751309985457 0.001126363564472384 0.0025088770507278499 130.41451601614975 -52.372690347816381 49.370062559261775
decision_type=2 2 2 2 2 2 2 2 2 2 2 2 2 2 2 2 2 2 2 2 2 2 2 2 2 2 2 2 2 2
left_child=1 2 -1 4 -2 9 7 -7 -9 22 11 14 16 -14 15 18 -13 -15 20 -18 -11 -22 29 -20 26 -26 27 28 -16 -5
right_child=3 -3 -4 5 -6 6 -8 8 -10 10 -12 12 13 17 24 -17 19 -19 23 -21 21 -23 -24 -25 25 -27 -28 -29 -30 -31
leaf_value=4.9678613566764603e-07 -1.3238025381796909e-06 -2.8913959676263947e-06 3.4837187999428612e-05 -6.78347353411707e-07 6.7952816699918972e-05 3.0999326790321638e-06 -2.8473990448360228e-06 -6.3890947653923391e-05 -1.064814725147432e-05 3.2252118698069702e-06 -3.8037557114093532e-08 2.0230478328053054e-05 -1.3435587882208421e-05 -1.5673760963933821e-05 -2.9813264900781285e-06 2.4056968533647463e-05 1.7468651171352079e-05 1.421466865153941e-05 -2.0118575162019303e-06 -2.0402043942114275e-06 4.7154726047807341e-06 -3.6974269347424175e-05 -1.1609603590269214e-05 2.5796802989611193e-05 9.3966082039579133e-07 -3.1487810817856471e-05 2.5953500354276258e-05 -1.671240223651113e-05 1.7073812973731345e-05 1.7612090636257766e-08
leaf_weight=30715 52 2224 56 11445 89 92 4039 58 141 75 7766 143 80 51 89 98 154 195 102 95 64 54 256 147 55 64 55 113 99 28967
leaf_count=30715 52 2224 56 11445 89 92 4039 58 141 75 7766 143 80 51 89 98 154 195 102 95 64 54 256 147 55 64 55 113 99 28967
internal_value=8.27314e-06 0.000243219 0.000351792 -0.000133607 0.00549645 -0.000148173 -0.00112009 -0.00472509 -0.00791457 -6.42853e-05 0.000523739 0.00292845 0.00529248 0.00199387 0.00125616 0.00351852 0.00803571 0.00487805 0.00180995 0.00512048 -0.00220207 -0.00635593 -0.000201633 0.00491968 -0.00131579 -0.00693277 0.000561798 -0.00107973 0.00292553 -0.000173216
internal_weight=87633 32995 30771 54638 141 54497 4330 291 199 50167 9499 1733 718 326 1015 540 392 246 442 249 193 118 40668 249 475 119 356 301 188 40412
internal_count=87633 32995 30771 54638 141 54497 4330 291 199 50167 9499 1733 718 326 1015 540 392 246 442 249 193 118 40668 249 475 119 356 301 188 40412
is_linear=0
shrinkage=0.05


Tree=49
num_leaves=31
num_cat=0
split_feature=16 21 5 20 26 22 24 28 4 18 13 7 22 36 24 35 11 4 9 38 9 24 24 25 17 20 25 11 22 19
split_gain=1.20473 1.39362 1.60324 1.5673 1.65178 1.14056 1.77407 1.77041 2.00682 1.96507 3.17835 2.33531 3.02466 2.19691 2.12402 2.12215 2.82414 3.25072 2.39392 2.0429 2.0321 2.53782 2.42561 2.01167 3.38855 2.2234 3.54711 3.2288 2.7663 1.96883
threshold=0.000243547540037346 3.5250000000014556 3.5317612266507487e-05 0.014999999999417925 115713.61985628378 164.05940024999998 90.41496290000002 -227.58426036983289 396.04287000000005 9.3649999999979645 -0.0049329736215543056 -0.00063479729439036017 100.16191299999998 1798.024600515135 107.38355770000001 118550.92332500001 0.00053572297302325082 18.857790000000005 0.00075080672836634393 71.886030959588382 -0.00037215767160999507 186.39446700000002 100.36774560000002 -1.0972089716495488 0.00042737034033870725 0.834999999999127 -1.114933152339334 -0.00092702335471521338 47.893377000000008 46.700000000004373
decision_type=2 2 2 2 2 2 2 2 2 2 2 2 2 2 2 2 2 2 2 2 2 2 2 2 2 2 2 2 2 2
left_child=1 3 -3 4 -1 7 -7 -2 9 11 14 19 13 15 -11 -13 17 -17 -18 -9 22 -22 -14 24 -12 27 28 -26 -27 -29
right_child=5 2 -4 -5 -6 6 -8 8 -10 10 23 12 20 -15 -16 16 18 -19 -20 -21 21 -23 -24 -25 25 26 -28 29 -30 -31
leaf_value=4.3897829504721458e-08 1.9494434430822088e-06 2.9624099015660217e-06 -3.3272515114349955e-08 -1.1648690796389608e-06 2.8714628370129157e-06 -2.8844854087246887e-05 -1.6609471988145051e-06 1.6623003166966973e-07 -1.9721690267276283e-05 1.3869226883978209e-05 -5.2512013783647251e-06 -3.4080581556993735e-07 1.2180114631277081e-05 1.4076431185697092e-05 -7.3680471264504619e-06 6.1243914313668863e-07 4.3393865041731857e-06 -1.081780046931276e-05 -4.2604868112297575e-06 6.1568529714828935e-06 -1.332143566025944e-05 1.4923538546584556e-05 -1.3222779650079714e-05 1.4140273260713132e-07 2.3967474007775071e-05 -6.0101042016060366e-06 1.0366964819864092e-05 8.9466697559684762e-06 5.7151873047471428e-06 3.3574924886945517e-06
leaf_weight=350 8407 77 52 142 71 50 6850 13921 218 316 54 20260 182 86 114 141 269 496 196 478 1062 129 228 32174 64 319 81 120 380 346
leaf_count=350 8407 77 52 142 71 50 6850 13921 218 316 54 20260 182 86 114 141 269 496 196 478 1062 129 228 32174 64 319 81 120 380 346
internal_value=1.74021e-05 0.00209538 0.00678295 0.00102131 0.00255344 8.62654e-07 -0.000615942 5.40348e-05 -2.65237e-05 -1.19021e-05 0.000263483 -0.000261696 -0.000573778 -0.000417288 0.00453488 -0.000449396 -0.00258621 -0.00474882 0.000376344 0.000237864 -0.00267021 -0.00371537 0.000365854 0.000208718 0.00208944 0.00259542 0.000897436 0.00509434 -0.000250358 0.00364807
internal_weight=87633 692 129 563 421 86941 6900 80041 71634 71416 33968 37448 23049 21448 430 21362 1102 637 465 14399 1601 1191 410 33538 1364 1310 780 530 699 466
internal_count=87633 692 129 563 421 86941 6900 80041 71634 71416 33968 37448 23049 21448 430 21362 1102 637 465 14399 1601 1191 410 33538 1364 1310 780 530 699 466
is_linear=0
shrinkage=0.05


Tree=50
num_leaves=31
num_cat=0
split_feature=22 24 20 32 23 19 4 40 17 36 40 9 32 13 17 16 39 16 11 9 42 17 20 23 28 41 20 21 31 38
split_gain=1.09776 1.7823 1.56385 1.56246 2.47685 1.56514 1.77482 1.82454 2.5085 2.07569 1.82911 3.46979 2.16901 2.38194 1.90771 2.21408 2.80532 1.90061 1.56395 1.60009 1.55628 1.55134 4.56512 2.39028 1.86549 1.78879 2.43261 3.04957 2.73647 2.53629
threshold=164.05940024999998 90.41496290000002 264.3499999999986 -174.74706953021811 -1.4577038731991587 372.55500000000035 83.154050000000012 33.527685388551625 0.0014578995125943482 -339.71536768945947 105.92407809294674 -0.0033981590331435903 373.85807547611336 0.0055596832111474486 0.0018694140498035125 0.0013989508986371299 180.51107142857242 0.0017264392009791955 0.0029495325093576706 0.0012953601516279801 85.398117701746983 0.0023431879207198385 12.455000000001748 -0.12112230937875285 -40.652146658838312 -144.53788680441178 3.8700000000026198 1.044999999998254 87512.636700000017 53.895144678914306
decision_type=2 2 2 2 2 2 2 2 2 2 2 2 2 2 2 2 2 2 2 2 2 2 2 2 2 2 2 2 2 2
left_child=3 -2 -3 4 -1 -5 -7 8 18 -10 12 -12 -9 -14 15 16 -13 -17 19 -8 -16 25 -23 24 -24 26 27 -6 -29 -28
right_child=1 2 -4 5 21 6 7 10 9 -11 11 14 13 -15 20 17 -18 -19 -20 -21 -22 22 23 -25 -26 -27 29 28 -30 -31
leaf_value=9.1975003275088852e-06 -2.7402611382884538e-05 -2.2113807369771771e-06 1.8251689890793942e-05 -1.5996179542676206e-08 1.7327775051970803e-05 -2.5103702613984937e-05 2.7136156346313557e-05 -3.0014281637531565e-05 1.1519760889906172e-05 -3.4953311433653621e-05 3.5331422605205616e-05 -2.3479766410782548e-05 6.1056659086279049e-06 -5.1876699224273008e-05 1.9235152336256766e-05 -3.797643500880234e-05 1.8220468212040067e-05 -1.7536960128501304e-05 -9.8116049750846412e-07 3.0647989896373164e-05 -6.1500564887108753e-06 -1.1646626600942421e-05 3.2665834985763681e-06 3.7107389452820371e-05 4.1909850369505878e-05 1.20554663763677e-06 -2.161250618053431e-06 2.8737677075141734e-05 -1.3187410612518578e-06 -1.6039757587805315e-05
leaf_weight=149 50 6529 321 60275 142 113 51 164 68 88 57 71 81 63 95 81 66 138 76 69 65 179 234 184 69 13779 3273 113 710 280
leaf_count=149 50 6529 321 60275 142 113 51 164 68 88 57 71 81 63 95 81 66 138 76 69 65 179 234 184 69 13779 3273 113 710 280
internal_value=1.11259e-05 -0.000594203 -0.000525547 6.28615e-05 0.000457828 -5.96388e-05 -0.00174591 -0.00119627 0.00184659 -0.00288462 -0.00241203 -0.00074171 -0.00551948 -0.00104167 -0.00203488 -0.00407303 0.000912409 -0.00719178 0.00561224 0.00916667 0.0025 0.000407372 0.00277778 0.00528747 0.00255776 0.000321091 -0.000542275 0.00168394 0.000516403 -0.00114692
internal_weight=87633 6900 6850 80733 19112 61621 1346 1233 352 156 881 573 308 144 516 356 137 219 196 120 160 18963 666 487 303 18297 4518 965 823 3553
internal_count=87633 6900 6850 80733 19112 61621 1346 1233 352 156 881 573 308 144 516 356 137 219 196 120 160 18963 666 487 303 18297 4518 965 823 3553
is_linear=0
shrinkage=0.05


Tree=51
num_leaves=31
num_cat=0
split_feature=7 5 38 36 36 41 38 40 17 27 11 13 40 41 15 25 35 36 0 36 23 23 36 21 21 11 21 19 20 9
split_gain=1.13059 2.01167 1.64867 2.60168 2.53676 1.89649 1.56816 1.29037 1.75999 1.31074 1.28516 2.282 1.19673 2.58737 2.1305 2.27185 2.035 1.62601 2.04871 2.01226 1.54787 1.46119 1.36058 1.35854 4.13879 1.19318 1.71654 1.15909 1.63922 2.97588
threshold=-0.0038591219202331788 -0.0032223542035336333 66.760983813937273 -197.39945487406655 386.36531341316737 -382.96274608113799 10.29761642883898 -606.86255595799582 0.003634419563675551 87633.978250000015 -0.0013618029809100722 -0.0090249674893380996 -37.068907909393594 111.42829405425572 0.0016873443952485319 0.83381037612465514 84208.487925000009 -486.78008466578461 103420.83000000002 -957.71664668760775 0.62954803734736842 3.1701420054664418 -55.96543985843163 43.485000000000589 80.019999999996813 -0.0049950480983363263 58.459999999999134 829.87500000000011 237.06499999999508 -0.0029171321844578975
decision_type=2 2 2 2 2 2 2 2 2 2 2 2 2 2 2 2 2 2 2 2 2 2 2 2 2 2 2 2 2 2
left_child=6 2 3 5 -5 -2 -1 -8 12 -10 11 -7 14 17 20 -16 -17 19 -19 -14 -9 25 -15 -24 -25 26 -22 28 -3 -30
right_child=1 27 -4 4 -6 10 7 8 9 -11 -12 -13 13 22 15 16 -18 18 -20 -21 21 -23 23 24 -26 -27 -28 -29 29 -31
leaf_value=-4.4776312486553838e-05 2.5222528795458806e-05 -1.2180216309433422e-08 -4.377785812119186e-05 2.8230855499711913e-05 -2.0717111795319956e-06 -6.8648989093420988e-05 7.0473147543238045e-05 3.9155057294902811e-05 -6.4501707972003397e-06 -4.795872684101674e-05 -3.5360656977850872e-05 -7.923048021348527e-07 -9.9018311453626381e-06 3.5310898573341602e-05 2.0796809038904496e-05 -4.8876863942274923e-05 3.9363585077821338e-06 -5.2763384114702671e-06 -2.9629683770448083e-05 2.0972964721772037e-05 -3.1226974044510131e-05 4.6981825535103577e-05 1.4454970885758419e-05 -5.2458470157444842e-05 1.8604748351081062e-05 2.9876315637793195e-05 1.1642706758307877e-05 -2.7525550819077597e-05 6.8343093141965284e-05 5.559169925769444e-06
leaf_weight=89 65 84294 52 75 98 66 61 64 126 51 66 114 78 63 306 96 373 162 63 60 62 61 108 55 97 51 50 194 95 438
leaf_count=89 65 84294 52 75 98 66 61 64 126 51 66 114 78 63 306 96 373 162 63 60 62 61 108 55 97 51 50 194 95 438
internal_value=3.13809e-06 -2.48372e-05 -0.00307836 -0.00216942 0.00274566 -0.00490354 0.00115607 0.0014469 0.00122015 -0.00353107 -0.00691057 -0.00472222 0.00170097 7.28863e-05 0.00275165 0.0013871 -0.000799574 -0.00282369 -0.00544444 0.00144928 0.00642361 0.00446429 0.00332817 0.00173077 -0.00131579 0.00199387 -0.000892857 -5.58686e-06 3.24189e-06 0.00276735
internal_weight=87633 85557 536 484 173 311 2076 1987 1926 177 246 180 1749 686 1063 775 469 363 225 138 288 224 323 260 152 163 112 85021 84827 533
internal_count=87633 85557 536 484 173 311 2076 1987 1926 177 246 180 1749 686 1063 775 469 363 225 138 288 224 323 260 152 163 112 85021 84827 533
is_linear=0
shrinkage=0.05


Tree=52
num_leaves=31
num_cat=0
split_feature=42 25 20 30 9 23 36 3 2 16 30 22 25 25 23 22 9 27 17 1 9 25 1 1 23 17 31 20 9 34
split_gain=1.0358 1.63845 2.116 1.89759 1.42979 2.19989 1.43093 1.34806 2.66787 2.45503 1.56413 1.32297 1.39558 3.72403 3.11001 2.07057 1.88518 1.88282 2.65846 2.08218 2.13003 1.85589 1.84427 2.37907 1.99146 1.84968 1.61443 1.58299 1.8848 1.55145
threshold=-94.273463969136486 -0.019683468048158865 10.534999999996218 112945.34704523518 -0.0030317650724079755 -0.30160356962560747 -77.464742242569613 87022.990000000005 87969.030000000013 0.0021127359172199568 86624.098764787967 164.05940024999998 1.0719844267560477 1.7225512638059985 1.2634411209071394 183.37925699999997 -0.00077061535904304431 121100.19900000002 0.0019106073406579716 119682.50000000001 -0.0071800569093788472 1.2746906883207623 117029.55 116207.11500000001 -0.083074298280959316 0.001763040768441329 90152.955200000011 237.06499999999508 0.0091969783461328218 106914.15422413229
decision_type=2 2 2 2 2 2 2 2 2 2 2 2 2 2 2 2 2 2 2 2 2 2 2 2 2 2 2 2 2 2
left_child=1 2 -1 4 -4 6 -6 9 -9 -3 -11 -2 17 15 -15 -14 26 19 -19 20 -13 -18 23 24 27 -26 -17 28 29 -22
right_child=11 7 3 -5 5 -7 -8 8 -10 10 -12 12 13 14 -16 16 21 18 -20 -21 22 -23 -24 -25 25 -27 -28 -29 -30 -31
leaf_value=-1.1085415527149361e-05 2.590791521131981e-08 4.3100624660129738e-05 2.2266139921620832e-05 3.3165147688395847e-05 3.4995321927521133e-05 -3.1269449451593234e-05 1.9865691337689368e-06 -6.6744152407405472e-05 -3.8782363581450269e-07 -1.3756204893190686e-05 4.4070512749969528e-05 4.9417930497909211e-05 6.5490033506735863e-05 -5.2131213216534888e-05 9.0686092523141149e-07 -4.3504243855774443e-05 6.3690257588445821e-05 -3.4520585758158464e-05 7.2777382064404505e-07 1.9022445133682818e-05 -6.4077061982604884e-06 1.0927919369265158e-05 -1.9432589277125193e-05 2.7746641849947877e-05 3.2987898293731078e-06 -2.0768813455809946e-05 8.3202376582058828e-06 2.4748625451028948e-05 5.67836815387773e-05 2.9896541864914205e-06
leaf_weight=92 79958 56 108 72 66 52 117 50 854 223 50 101 73 78 321 51 58 50 54 53 2923 88 133 71 176 755 59 118 52 721
leaf_count=92 79958 56 108 72 66 52 117 50 854 223 50 101 73 78 321 51 58 50 54 53 2923 88 133 71 176 755 59 118 52 721
internal_value=-8.55842e-07 0.0012069 0.00359961 0.00512048 0.00357143 0.00138298 0.00396175 0.000223033 -0.000774336 0.00296353 0.00100733 -2.53222e-05 -0.000745577 0.00130495 -0.00194236 0.00524316 0.003125 -0.00103226 -0.00769231 -0.000896531 -0.001 0.00684932 -0.0011467 -0.000986296 -0.00112223 -0.00319549 -0.00181818 -0.000616151 -0.00079816 -0.000933041
internal_weight=87633 1740 507 415 343 235 183 1233 904 329 273 85893 5935 728 399 329 256 5207 104 5103 5050 146 4949 4816 4745 931 110 3814 3696 3644
internal_count=87633 1740 507 415 343 235 183 1233 904 329 273 85893 5935 728 399 329 256 5207 104 5103 5050 146 4949 4816 4745 931 110 3814 3696 3644
is_linear=0
shrinkage=0.05


Tree=53
num_leaves=31
num_cat=0
split_feature=42 25 20 30 3 2 16 30 25 24 4 19 20 24 5 17 22 11 4 41 22 15 18 23 7 9 32 22 7 38
split_gain=1.0358 1.63845 2.116 1.89759 1.34806 2.66787 2.45503 1.56413 1.32804 1.64946 2.0361 2.02807 1.24591 1.62158 1.39285 1.72605 1.23175 1.28478 2.62516 1.94536 2.98122 2.68015 1.99853 2.34129 1.96597 1.84918 1.84533 2.57064 2.30547 2.1569
threshold=-94.273463969136486 -0.019683468048158865 10.534999999996218 112945.34704523518 87022.990000000005 87969.030000000013 0.0021127359172199568 86624.098764787967 -0.14621738829009964 245.76958490000004 115.98500000000001 193.15999999999624 11.135000000002039 93.060211600000017 -0.00098157292959014987 0.0013689193140857985 164.05940024999998 -0.0049950480983363263 396.04287000000005 -124.35185022079442 102.78416957500001 0.0013254414614800984 -177.0849999999991 -0.033267361684059853 -0.0041525846981051049 -0.0024961825338525802 -299.89117417036317 93.917089499999989 -0.0025722704700191991 44.45493669989375
decision_type=2 2 2 2 2 2 2 2 2 2 2 2 2 2 2 2 2 2 2 2 2 2 2 2 2 2 2 2 2 2
left_child=1 2 -1 8 6 -6 -3 -8 9 10 11 -4 -7 14 15 -14 17 19 -19 20 -2 25 23 -23 -25 -21 27 -24 -28 -30
right_child=16 4 3 -5 5 12 7 -9 -10 -11 -12 -13 13 -15 -16 -17 -18 18 -20 21 -22 22 26 24 -26 -27 28 -29 29 -31
leaf_value=-1.0531144750791893e-05 -2.1458424464416256e-05 4.0945593427123252e-05 -1.5345327676033669e-05 3.1506890303976056e-05 -6.340694478703521e-05 2.0941728773114777e-05 -1.3068394648531153e-05 4.1866987112471056e-05 3.8283303252225861e-05 3.5853642733505914e-05 -4.4308008296767377e-05 2.9954083459289902e-05 -8.5737938345534963e-05 3.5075087869704696e-06 -1.1139415018392234e-06 -1.7046377519704817e-05 -2.1842388495516001e-06 1.3979308816519879e-08 -2.1157786672650796e-05 2.1019917088116558e-05 7.1995822302232429e-06 1.240831366398312e-05 4.3851048961740624e-06 -2.925223203670305e-06 -2.8651027858600169e-05 1.6161829626402242e-06 2.7092624104628916e-05 3.5384216463448957e-05 -2.7103215093958911e-05 4.3937971605718591e-06
leaf_weight=92 215 56 57 72 50 148 223 50 53 88 50 95 51 460 137 58 5935 77973 258 280 288 54 166 172 113 128 50 89 84 88
leaf_count=92 215 56 57 72 50 148 223 50 53 88 50 95 51 460 137 58 5935 77973 258 280 288 54 166 172 113 128 50 89 84 88
internal_value=-8.55842e-07 0.0012069 0.00359961 0.00512048 0.000223033 -0.000774336 0.00296353 0.00100733 0.00357143 0.00224138 -0.000247525 0.00263158 -0.000117096 -0.000991501 -0.00426829 -0.00848624 -2.53222e-05 2.62638e-05 -3.51523e-06 0.00137522 -0.00124254 0.00245098 0.000796569 -0.00213864 -0.00394737 0.0057598 0.0028826 0.00578431 -0.00045045 -0.00319767
internal_weight=87633 1740 507 415 1233 904 329 273 343 290 202 152 854 706 246 109 85893 79958 78231 1727 503 1224 816 339 285 408 477 255 222 172
internal_count=87633 1740 507 415 1233 904 329 273 343 290 202 152 854 706 246 109 85893 79958 78231 1727 503 1224 816 339 285 408 477 255 222 172
is_linear=0
shrinkage=0.05


Tree=54
num_leaves=31
num_cat=0
split_feature=11 18 7 15 15 24 15 16 22 17 11 18 11 38 23 25 11 4 42 39 17 36 42 19 13 39 22 21 23 25
split_gain=1.04493 1.58498 2.12178 2.32884 2.64129 2.5507 2.38865 2.64584 2.28458 1.85473 2.25186 2.11042 2.02912 2.72205 2.37316 2.36412 2.25914 3.00458 3.53469 3.03961 3.05773 2.52143 2.36292 2.96309 2.29044 2.28176 2.20846 2.30402 2.34101 2.16673
threshold=0.0039839741610291054 6.8799999999973815 -0.00063479729439036017 0.002760501127632764 0.0030628247512363978 186.39446700000002 0.001730286589730417 0.0014480031339346286 33.584239749999988 0.003634419563675551 -0.0029198597086856916 -133.60500000000317 0.0011241468162592539 53.72973939807811 -0.40500038350093798 0.56830581201965769 -0.0012487789109181227 212.59609000000003 -5.3677762576971411 152.58821428571176 0.00085999792806168939 688.89418845883495 -14.500412382591771 89.834999999999141 -0.00013214043854865252 181.72714285714292 42.327141749999981 6.5250000000014561 -0.72644637259613143 -0.69719933760129171
decision_type=2 2 2 2 2 2 2 2 2 2 2 2 2 2 2 2 2 2 2 2 2 2 2 2 2 2 2 2 2 2
left_child=1 2 9 6 -5 -6 8 -8 -4 12 11 -11 16 14 -14 -16 29 18 19 20 22 -20 23 -18 -19 -21 27 28 -24 -1
right_child=-2 -3 3 4 5 -7 7 -9 -10 10 -12 -13 13 -15 15 -17 17 24 21 25 -22 -23 26 -25 -26 -27 -28 -29 -30 -31
leaf_value=4.3491705027997039e-06 -1.6115520036840249e-06 3.2629702125379823e-07 2.0339883734384287e-08 -5.9290942485856987e-05 -2.8481970156761598e-05 2.7460184036548236e-05 2.582345458905206e-05 3.0684178751295756e-06 -1.9809719454003895e-06 9.0514718703652799e-06 -4.9724956729099271e-05 -6.6496751914111237e-05 -6.3749701603607015e-06 6.3094000696715585e-06 1.0842865746092006e-05 -1.0800144634110684e-05 6.0718887029053589e-06 -1.3463129933593674e-06 1.1730401268788783e-06 6.3670189119908582e-06 -8.3818066105043039e-06 -7.0230023330700372e-06 -9.6621732639890682e-06 -3.9744852029390725e-06 -5.9485631541735639e-05 -5.1348694444610767e-06 5.0115206586762529e-06 -9.2689300316215465e-06 2.9753672156361955e-07 5.8830369328217346e-07
leaf_weight=1381 5834 36416 9738 113 106 117 69 1168 12606 159 109 56 461 1201 196 57 296 51 4131 324 814 488 54 271 67 542 141 248 238 10181
leaf_count=1381 5834 36416 9738 113 106 117 69 1168 12606 159 109 56 461 1201 196 57 296 51 4131 324 814 488 54 271 67 542 141 248 238 10181
internal_value=-4.84977e-06 4.12597e-05 -0.000155895 -0.000479784 -0.0046131 -0.0014574 -0.00042089 0.00171787 -0.000539295 0.000204975 -0.00354938 -0.000581395 0.000262511 0.00181462 -0.000630252 0.00326087 0.000107921 -0.00055773 -0.000433947 -0.00179303 -0.00283705 0.000427582 -0.00128205 0.00110229 -0.00847458 0.000692841 -0.00326725 -0.00472222 -0.00171233 0.000549213
internal_weight=87633 81799 45383 23917 336 223 23581 1237 22344 21466 324 215 21142 1915 714 253 19227 7665 7547 2928 2062 4619 1248 567 118 866 681 540 292 11562
internal_count=87633 81799 45383 23917 336 223 23581 1237 22344 21466 324 215 21142 1915 714 253 19227 7665 7547 2928 2062 4619 1248 567 118 866 681 540 292 11562
is_linear=0
shrinkage=0.05


Tree=55
num_leaves=31
num_cat=0
split_feature=42 13 25 9 25 40 13 18 31 22 20 7 20 7 25 20 21 7 42 1 35 30 17 42 9 23 42 9 19 41
split_gain=0.993292 1.65504 3.77702 2.32741 2.28052 2.14822 2.0729 2.03132 1.9803 2.89658 2.2332 2.71478 2.18579 2.03935 2.61983 2.06086 2.24898 2.05251 2.16781 1.89018 1.75662 1.837 2.30335 2.32196 1.85625 1.68976 1.67148 1.67123 1.86022 2.33669
threshold=-9.1366124429872215 -0.0015791921786907565 -1.0001587778743959 -0.0012474785825911132 -0.82059026943125879 -56.245217901756398 -0.0015044632824797357 -252.58000000000899 118143.01560000001 95.055474499999988 17.040000000000877 0.0011586057814605294 2.2050000000017467 0.000514632341658097 -0.88566608636012967 66.385000000002051 4.2549999999973815 -0.00048654929832998682 0.55450315875170741 82792.455000000016 87142.046675000005 87293.562412304964 0.0019808763251608643 16.788770060175008 -0.0020291714518124379 -0.21579766643856504 17.550073341841813 -0.0071800569093788472 372.55500000000035 246.13589784278511
decision_type=2 2 2 2 2 2 2 2 2 2 2 2 2 2 2 2 2 2 2 2 2 2 2 2 2 2 2 2 2 2
left_child=-1 2 5 4 -4 -2 -3 -5 10 25 11 -9 -13 14 -12 26 -17 -16 -19 -6 -21 -22 23 -23 -24 -10 -15 -8 -29 -30
right_child=1 6 3 7 19 -7 27 8 9 -11 13 12 -14 15 17 16 -18 18 -20 20 21 22 24 -25 -26 -27 -28 28 29 -31
leaf_value=2.7879728223141631e-07 1.8256504419978855e-05 7.926078702506692e-06 2.0506111596137926e-05 -3.5487469486594628e-05 3.0160473454747036e-05 -1.5680669249258601e-06 6.7254453122870541e-05 -3.2123047410827283e-06 7.1581356369366272e-06 -2.3357479889677106e-05 -3.2089437528445261e-05 -2.517909140859061e-06 -2.8458713149676551e-05 1.3518873919107912e-05 2.4454088695394984e-06 1.1519733873410318e-05 -1.9563059439539461e-05 -1.5859593499414621e-07 -1.4803630256294825e-05 -1.4050809390741302e-05 2.7105447754785843e-05 -4.7768780609677925e-07 -1.1266388958093559e-05 1.8719997240740813e-05 -2.666997344532645e-05 -1.2324503198886482e-05 -1.0006252181063784e-05 -1.5455389193775813e-08 -1.0686468759377427e-05 8.8407763535366845e-06
leaf_weight=32995 155 240 84 56 113 79 55 941 67 79 53 100 96 280 403 66 234 226 214 158 58 564 160 102 60 52 75 47717 1822 329
leaf_count=32995 155 240 84 56 113 79 55 941 67 79 53 100 96 280 403 66 234 226 214 158 58 564 160 102 60 52 75 47717 1822 329
internal_value=-3.70865e-06 -0.000134522 -0.00105587 -0.00139708 0.000365666 0.00512821 -5.23294e-05 -0.00217539 -0.00199238 -0.00681818 -0.0016369 -0.00332014 -0.00867347 -0.000402966 -0.00195312 0.00171756 -0.00133333 -0.00127521 -0.00363636 -0.000185185 -0.000816697 0 -0.000564334 0.000900901 -0.005 -0.00189076 0.00429577 -7.46149e-05 -8.42223e-05 -0.00152255
internal_weight=87633 54638 4475 4241 1299 234 50163 2942 2886 198 2688 1137 196 1551 896 655 300 843 440 1215 1102 944 886 666 220 119 355 49923 49868 2151
internal_count=87633 54638 4475 4241 1299 234 50163 2942 2886 198 2688 1137 196 1551 896 655 300 843 440 1215 1102 944 886 666 220 119 355 49923 49868 2151
is_linear=0
shrinkage=0.05


Tree=56
num_leaves=31
num_cat=0
split_feature=16 3 35 21 41 20 20 16 23 24 20 42 40 11 24 24 16 16 15 23 19 32 22 0 7 38 30 5 7 25
split_gain=1.06646 1.7525 2.04109 2.24276 1.43051 1.06441 2.02099 2.14381 2.07841 3.19961 2.62055 2.44762 3.98529 2.60208 2.73777 3.15955 2.54211 2.29034 2.23792 2.21615 2.13505 2.31718 2.20284 2.11187 2.61904 2.02423 2.02071 4.4272 1.9691 1.94182
threshold=0.0042044809085636783 83977.730000000025 85106.237000000008 161.32000000000701 -564.48054150367523 24.275000000001459 0.014999999999417925 0.0031562125296118169 -1.0921881468234296 78.769784100000024 1.0000000180025095e-35 1.3799434179383729 1.0000000180025095e-35 0.00024689841394373455 48.684744600000002 37.524680700000012 0.00045525376377336836 0.002229630523853257 0.00090153282650272957 -1.1681224654519202 63.599999999998552 -126.98723508355759 23.623159249999983 82998.880000000019 0.00089257336001815008 42.147928687267772 83375.951378259357 -0.00028227004511795711 -0.00027053099346044672 -0.83399391751637697
decision_type=2 2 2 2 2 2 2 2 2 2 2 2 2 2 2 2 2 2 2 2 2 2 2 2 2 2 2 2 2 2
left_child=5 2 3 -2 -3 6 8 -8 9 11 -11 12 20 19 15 -15 -14 23 -16 28 22 -22 -1 24 -10 -9 27 -25 -13 -18
right_child=1 4 -4 -5 -6 -7 7 25 17 10 -12 13 16 14 18 -17 29 -19 -20 -21 21 -23 -24 26 -26 -27 -28 -29 -30 -31
leaf_value=-8.2322699880199272e-07 1.6106777275146466e-05 2.7824105841340707e-05 6.4242538078072129e-05 -7.4855211245591956e-05 -2.6696801133332433e-05 3.2120663121255991e-07 -7.0284901822254436e-07 5.0702943469038833e-05 1.1037617425629383e-05 7.0089167846707195e-06 2.2491214583565637e-05 -5.1041929903754954e-07 4.942142773945889e-06 1.9900266603706307e-08 -1.3609705007275999e-05 1.3461935960411016e-05 6.4223077172850091e-06 -1.5392645458165327e-05 5.7099303822790546e-06 4.6865624153163997e-06 2.1567966355090626e-07 -2.2173937494101236e-05 9.339313574576151e-06 -1.7994337263671662e-05 -4.866834537360692e-06 5.103712603440325e-06 5.0138946838943517e-08 2.007629954794586e-06 -1.1820814803635616e-05 -4.3609048902445611e-06
leaf_weight=151 173 67 53 58 339 37042 25910 73 313 318 159 82 112 247 92 109 286 568 85 67 61 67 98 96 117 142 20444 79 125 100
leaf_count=151 173 67 53 58 339 37042 25910 73 313 318 159 82 112 247 92 109 286 568 85 67 61 67 98 96 117 142 20444 79 125 100
internal_value=1.4264e-06 -0.00195652 0.00105634 -0.000974026 -0.00406404 1.69651e-05 -0.000133765 -0.000437321 0.000199781 0.00167902 0.0052935 0.000653983 0.00248571 -0.00133209 0.000703565 0.00323034 0.00542169 5.20424e-05 -0.00437853 -0.00529197 -0.00139257 -0.00664063 0.00130522 0.000136586 0.00360465 0.00453488 6.42611e-05 -0.00528571 -0.00785024 0.00349741
internal_weight=87633 690 284 231 406 86943 49901 26125 23776 2159 477 1682 875 807 533 356 498 21617 177 274 377 128 249 21049 430 215 20619 175 207 386
internal_count=87633 690 284 231 406 86943 49901 26125 23776 2159 477 1682 875 807 533 356 498 21617 177 274 377 128 249 21049 430 215 20619 175 207 386
is_linear=0
shrinkage=0.05


Tree=57
num_leaves=31
num_cat=0
split_feature=36 23 25 16 20 5 7 39 23 25 18 42 4 9 17 30 38 20 7 11 20 28 7 22 15 32 17 16 20 13
split_gain=0.927954 1.37875 1.51588 1.17565 1.84526 1.62364 1.57881 1.2642 1.25892 2.0045 0.859332 1.63462 0.841879 2.47563 2.32615 1.56111 2.23776 1.51079 1.48263 1.44688 2.57151 2.24972 1.65845 2.28109 1.40124 1.70942 1.33519 1.84722 1.62826 1.30901
threshold=-3417.9023739720938 -0.65118846831612387 0.83381037612465514 0.0042044809085636783 216.78999999999363 -0.00037415219356134484 -0.0050444583175174177 422.279285714286 0.23815339476971506 0.10763787995317053 -479.18499999999761 -49.336123903179299 303.51580000000007 -0.0071800569093788472 0.001804044122374562 106804.54633269123 13.62759280415373 59.120000000002626 -0.0026789565448598024 0.0038733267421114871 124.79499999999827 191.97424071992285 0.0027942477606543513 221.716443 0.0019062824965670958 689.87779917357705 0.001221534854134504 0.0014999350265992798 0.26499999999214202 -0.010559935389475082
decision_type=2 2 2 2 2 2 2 2 2 2 2 2 2 2 2 2 2 2 2 2 2 2 2 2 2 2 2 2 2 2
left_child=1 -1 -3 10 6 -6 -5 -8 9 -9 11 -2 13 14 -12 16 -14 18 -17 21 22 26 -21 -24 -22 -26 -18 -28 -29 -30
right_child=3 2 -4 4 5 -7 7 8 -10 -11 12 -13 15 -15 -16 17 19 -19 -20 20 24 -23 23 -25 25 -27 27 28 29 -31
leaf_value=-9.1132193951605411e-06 -6.6808926288538386e-07 5.4628645446562421e-05 -3.7834580488226267e-06 2.919369661277986e-05 -7.8413445379244762e-06 6.1030411174168528e-05 6.5844552005990415e-06 -3.8298878080189605e-05 -0.00013057626566406107 2.3312352543947401e-05 -2.4087677833956395e-07 5.536725442065223e-05 -5.412343613811048e-05 1.4896914197247414e-08 5.123803805652359e-05 2.7430442476022653e-05 -1.6540523384403807e-05 1.5918319213331518e-05 -2.1497550813266076e-05 -4.7095247969330313e-05 -2.7257433753253686e-05 1.3885284905577271e-05 -3.9878769755744334e-05 3.0447104642657012e-06 -3.3414099428015269e-05 4.47942519170733e-05 3.0361238389464245e-05 -4.0084135699691804e-05 1.7574119422212413e-05 -1.6246115130107935e-05
leaf_weight=86 170 171 91 77 57 69 51 221 51 75 84 90 51 84460 110 71 89 286 133 62 57 101 108 59 50 104 61 55 213 270
leaf_count=86 170 171 91 77 57 69 51 221 51 75 84 90 51 84460 110 71 89 286 133 62 57 101 108 59 50 104 61 55 213 270
internal_value=9.41426e-06 0.00258621 0.00438931 -8.59254e-07 -0.00220466 0.0031746 -0.00363158 -0.0048995 -0.00597983 -0.00472973 1.44202e-05 0.00288462 5.78543e-06 2.83507e-05 0.0056701 -0.00107345 -0.00199219 0.00132653 -0.00196078 -0.00156631 -0.00386364 -0.000285171 -0.00753275 -0.00494012 0.000118483 0.0025974 -0.00130814 -0.000459098 -0.00139405 -0.000465839
internal_weight=87633 348 262 87285 601 126 475 398 347 296 86684 260 86424 84654 194 1770 1280 490 204 1229 440 789 229 167 211 154 688 599 538 483
internal_count=87633 348 262 87285 601 126 475 398 347 296 86684 260 86424 84654 194 1770 1280 490 204 1229 440 789 229 167 211 154 688 599 538 483
is_linear=0
shrinkage=0.05


Tree=58
num_leaves=31
num_cat=0
split_feature=9 9 32 38 7 16 17 11 7 22 22 7 5 18 25 15 20 18 13 9 40 41 20 42 16 7 25 36 21 39
split_gain=0.842929 2.40658 2.15857 2.96354 3.09333 2.23015 2.60465 1.87503 2.25115 2.01987 2.7866 1.9862 2.00773 2.1627 1.89777 2.06521 1.99456 2.84467 2.33779 2.20721 1.86916 2.45434 1.80366 2.37522 1.74968 1.90767 1.6627 1.72325 2.16352 2.13365
threshold=0.00069778937662684796 0.00060004748628937133 92.324708820451647 49.196459311166976 -0.00030684651444377571 0.0012553016938890579 0.0017823696182041994 0.0026211198411468157 0.000514632341658097 49.953672749999996 68.340002249999984 0.00040580465018889774 0.0012287996384682683 94.240000000005253 -1.0495231745446993 0.0007818622492373838 14.7699999999968 -95.050000000002896 0.0011888776363007689 -0.0011717441918807042 -81.29599087205132 196.3442453389487 27.760000000002041 40.207845535295114 0.0020751140189656674 0.0011138394422531349 -0.9200212023670552 339.25989149092499 7.2249999999985457 138.3489285714256
decision_type=2 2 2 2 2 2 2 2 2 2 2 2 2 2 2 2 2 2 2 2 2 2 2 2 2 2 2 2 2 2
left_child=1 7 3 -3 -5 26 -7 -1 11 -10 -11 12 13 14 -9 -16 18 -18 -17 -20 -12 24 23 -19 25 -22 -4 -28 -29 -30
right_child=-2 2 5 4 -6 6 -8 8 9 10 20 -13 -14 -15 15 16 17 22 19 -21 21 -23 -24 -25 -26 -27 27 28 29 -31
leaf_value=2.4273801957982248e-09 -3.7535627591828995e-07 7.0398428895804733e-07 3.9218036218776894e-06 -9.7362257181214971e-06 8.2815481362940555e-06 2.1105164006907056e-05 -1.3763504032345311e-05 -1.6319562831241625e-05 1.6323160677657637e-05 -1.1206077430273099e-05 -1.9096275008591916e-05 -1.4594179212798181e-05 -2.0163965560925841e-05 2.9564088731043062e-05 1.1565989026643159e-05 1.1517387906845808e-05 1.7229426811843589e-05 -2.0318338164191877e-06 9.2135152082964337e-06 -1.6243250740032629e-05 2.1577877965065226e-05 -4.3858081189452384e-06 -4.3720343437267725e-06 2.8274040193323927e-05 4.4040786087793761e-05 -4.4671421033221469e-06 -5.4133854664361416e-06 9.1783127693987246e-06 6.3470291345331755e-07 -1.1022298102709808e-05
leaf_weight=55905 27440 613 76 59 449 111 54 63 111 87 95 65 111 62 84 92 314 57 60 185 81 93 456 52 89 73 327 159 145 65
leaf_count=55905 27440 613 76 59 449 111 54 63 111 87 95 65 111 62 84 92 314 57 60 185 81 93 456 52 89 73 327 159 145 65
internal_value=1.28376e-05 0.000117539 0.00179786 0.00327832 0.00610236 2.66809e-05 0.00530303 5.80545e-05 0.00147982 0.00401431 0.0027027 0.000484072 0.000846354 0.00135088 0.000935437 0.00134615 0.000822368 0.00207622 -0.00244807 -0.005 0.00435035 0.00610119 -4.42478e-05 0.00573394 0.00874486 0.00551948 -0.00110104 -0.00186782 0.000474255 -0.00285714
internal_weight=87633 60193 2058 1121 508 937 165 58135 2230 629 518 1601 1536 1425 1363 1300 1216 879 337 245 431 336 565 109 243 154 772 696 369 210
internal_count=87633 60193 2058 1121 508 937 165 58135 2230 629 518 1601 1536 1425 1363 1300 1216 879 337 245 431 336 565 109 243 154 772 696 369 210
is_linear=0
shrinkage=0.05


Tree=59
num_leaves=31
num_cat=0
split_feature=42 25 34 23 25 24 24 19 25 38 39 24 4 4 32 7 38 20 9 2 9 23 36 19 31 19 32 40 11 39
split_gain=0.872429 1.36391 1.82413 1.45563 1.42729 1.20571 1.18593 1.17473 1.10205 1.09017 1.41621 1.07972 1.63702 1.88384 1.89258 1.07495 1.85615 1.48256 1.12358 1.40582 1.31186 1.11898 1.04965 1.75961 2.07794 2.09834 1.90632 1.99725 1.6527 2.58696
threshold=-94.273463969136486 -0.019683468048158865 113018.61126608212 0.035553210702656095 0.34391748842770348 205.29388550000002 136.52081020000003 290.98500000000791 -0.14621738829009964 10.29761642883898 340.55678571428615 245.76958490000004 115.98500000000001 80.100530000000006 -110.61326934613315 -0.0017309991314373842 29.202080163497715 63.455000000009029 -0.0090781227113223509 99307.485000000015 -0.005553657059616037 0.65166194261750332 514.73798786249256 154.58499999999916 83244.019600000014 165.34499999999392 1142.5442440883273 376.25345822540845 0.0039839741610291054 145.10214285714292
decision_type=2 2 2 2 2 2 2 2 2 2 2 2 2 2 2 2 2 2 2 2 2 2 2 2 2 2 2 2 2 2
left_child=1 2 8 5 -5 6 7 -3 11 10 -6 12 13 14 -1 18 17 -17 -11 20 -20 -18 -2 26 25 -25 27 -24 29 -26
right_child=22 3 -4 4 9 -7 -8 -9 -10 15 -12 -13 -14 -15 -16 16 21 -19 19 -21 -22 -23 23 24 28 -27 -28 -29 -30 -31
leaf_value=9.1942849294216742e-06 6.4909350836717054e-08 -4.8670947681956021e-05 3.068190962242131e-05 4.536424687019705e-05 -4.475690293034247e-05 4.6268033841532324e-05 -3.8965239299540873e-05 1.275027393521882e-05 2.9349918608401876e-05 -1.4797058233462419e-05 2.735823447234722e-05 1.9021161100389057e-05 -3.3587578176026162e-05 3.4025456966636616e-05 -2.5405649258443766e-05 1.9362227386637712e-05 -8.8394390837596073e-05 -1.0651908546697155e-05 5.7277711778299523e-05 4.3026923817543926e-06 2.3210668148534143e-05 -3.4423465682282267e-06 -1.45115179876079e-06 1.8534986346849261e-05 -1.8239250126349307e-06 -1.2503190387812483e-05 -2.3775859646596456e-05 2.2497066436734354e-05 -1.7938016647021257e-06 2.8969519333357571e-06
leaf_weight=56 66695 51 73 63 58 51 74 55 65 172 50 102 68 78 65 80 58 97 81 216 77 50 10375 51 1330 653 64 53 2118 4554
leaf_count=56 66695 51 73 63 58 51 74 55 65 172 50 102 68 78 65 80 58 97 81 216 77 50 10375 51 1330 653 64 53 2118 4554
internal_value=1.22671e-05 0.00112069 0.00330375 0.000223033 0.0010479 -0.00335498 -0.00527778 -0.00188679 0.00207373 0.000559105 -0.00416667 0.00101626 -0.000655431 0.00163317 -0.00227273 0.00117329 -0.00131579 0.00183616 0.00247253 0.0040107 0.00759494 -0.00648148 -1.01871e-05 -0.000335972 0.000189524 -0.00241477 -0.000772017 -0.000719217 0.000418645 0.000849762
internal_weight=87633 1740 507 1233 1002 231 180 106 434 939 108 369 267 199 121 831 285 177 546 374 158 108 85893 19198 8706 704 10492 10428 8002 5884
internal_count=87633 1740 507 1233 1002 231 180 106 434 939 108 369 267 199 121 831 285 177 546 374 158 108 85893 19198 8706 704 10492 10428 8002 5884
is_linear=0
shrinkage=0.05


Tree=60
num_leaves=31
num_cat=0
split_feature=28 3 13 17 13 40 28 24 7 15 41 25 4 5 30 1 7 18 7 35 28 41 38 22 41 15 34 20 21 19
split_gain=0.841586 1.83032 3.19095 2.11832 2.11423 2.36466 1.96115 2.55384 2.53022 2.38945 2.04774 2.40642 2.34499 2.44782 1.94293 1.86392 1.80128 1.79413 2.70652 2.81813 2.82922 2.34374 2.07809 2.03187 3.15187 2.26507 2.24821 2.35618 2.31162 3.16514
threshold=100.2581885036707 116095.43500000001 -0.0012979239607587634 0.0003985108132160367 0.0022183809454187479 -32.896278368076302 207.26381042636788 79.973537000000007 0.00078617984098949681 0.00039205350248868077 8.9242432922627035 -0.067335643672727999 45.959620000000008 0.00060956694461720973 117186.34934998619 116718.76000000002 -0.00017582521826125985 -15.299999999995633 -0.00063479729439036017 118550.92332500001 79.951640135412177 26.230515080442206 57.06078930428891 16.446249250000005 34.908704771728388 0.00039735352952144847 117551.61092243741 21.345000000001168 78.980000000003216 305.21499999999656
decision_type=2 2 2 2 2 2 2 2 2 2 2 2 2 2 2 2 2 2 2 2 2 2 2 2 2 2 2 2 2 2
left_child=17 -2 -3 -4 6 -6 7 8 9 -5 12 -12 13 -10 -8 -7 -11 18 -1 20 23 -22 -23 24 25 -20 27 -25 29 -29
right_child=1 2 3 4 5 15 14 -9 10 16 11 -13 -14 -15 -16 -17 -18 -19 19 -21 21 22 -24 26 -26 -27 -28 28 -30 -31
leaf_value=3.0416891744879045e-07 -7.634053843189688e-07 -1.8474884370561727e-05 6.1930923982692961e-06 -1.332012339006962e-05 -1.1842316992374926e-05 1.2294292115416672e-05 6.8724264491962907e-06 9.1382837496191714e-06 5.0400190724621918e-06 1.4529023497044712e-06 -8.7266448309338739e-06 2.3704644192344187e-06 -5.2315573257960832e-06 1.4449452555569549e-05 -7.4021473339515148e-06 2.1570976601175119e-06 -5.4916053919400607e-06 2.927674922061278e-07 5.8467469314390741e-08 -6.5896341803465748e-06 9.979733847119452e-06 -9.3215311040127324e-06 3.5078624047773195e-06 -2.8024294076505142e-06 -5.1441092048307237e-06 4.5440563730411881e-06 1.2170622378934811e-06 -7.9991642183854474e-07 1.316491536999726e-05 -3.0687118032970794e-05
leaf_weight=18019 21586 62 81 60 97 175 65 201 50 138 99 88 75 66 248 2034 334 31559 592 727 269 159 240 5639 80 345 621 3350 426 148
leaf_count=18019 21586 62 81 60 97 175 65 201 50 138 99 88 75 66 248 2034 334 31559 592 727 269 159 240 5639 80 345 621 3350 426 148
internal_value=9.41426e-06 -0.000232727 0.000768138 0.000951194 0.00077748 0.00171292 -0.00073736 0.000247525 -0.000879121 -0.0031015 0.00224868 -0.00147059 0.00589005 0.0103448 -0.00423323 0.00204844 -0.00190678 0.000108566 -0.000164135 -0.000726421 -0.000541326 0.00261976 0.00018797 -0.000729846 0.00140118 0.00221451 -0.000942655 -0.00113197 -0.000191131 -0.000614637
internal_weight=87633 25459 3873 3811 3730 2306 1424 1111 910 532 378 187 191 116 313 2209 472 62174 30615 12596 11869 668 399 11201 1017 937 10184 9563 3924 3498
internal_count=87633 25459 3873 3811 3730 2306 1424 1111 910 532 378 187 191 116 313 2209 472 62174 30615 12596 11869 668 399 11201 1017 937 10184 9563 3924 3498
is_linear=0
shrinkage=0.05


Tree=61
num_leaves=31
num_cat=0
split_feature=18 11 7 11 11 4 42 39 17 36 13 16 38 42 13 21 9 21 42 18 40 39 20 2 9 41 25 39 21 25
split_gain=0.808358 2.11438 1.96775 1.81413 1.82264 2.60816 3.12848 2.44856 2.7744 2.37601 2.28493 2.24141 3.40252 2.13651 2.69152 2.17635 1.92923 2.02492 2.05882 1.90464 2.24895 2.67613 2.20618 3.58126 2.14729 2.15433 2.49014 1.8964 1.82546 1.79959
threshold=6.8799999999973815 0.0039839741610291054 -0.00063479729439036017 0.0011241468162592539 -0.0012487789109181227 212.59609000000003 -5.3677762576971411 152.58821428571176 0.00085999792806168939 688.89418845883495 -0.0014707156314452974 0.00078571604050804396 31.965529671553146 -14.86515264661679 -0.00081493271579210927 37.385000000002044 -0.00068360190814847584 30.230000000003205 8.2363715737189818 -27.144999999996795 -69.742261980660246 139.12428571428714 1.0000000180025095e-35 113639.60500000001 -0.0012224921679111255 -13.787613705530189 0.34391748842770348 181.72714285714292 115.02500000000147 -0.62936580575060563
decision_type=2 2 2 2 2 2 2 2 2 2 2 2 2 2 2 2 2 2 2 2 2 2 2 2 2 2 2 2 2 2
left_child=2 -2 3 4 11 6 7 8 13 -8 -7 12 19 14 -6 -15 17 -11 -19 20 21 -1 -22 24 25 -24 -27 -9 -29 -13
right_child=1 -3 -4 -5 5 10 9 27 -10 16 -12 29 -14 15 -16 -17 -18 18 -20 -21 22 -23 23 -25 -26 26 -28 28 -30 -31
leaf_value=7.1884614509096689e-06 3.1650327253680366e-07 -2.452802461565657e-06 -3.8014605259041341e-07 3.3998078940532827e-06 -8.7655269584709545e-07 3.6719945470026152e-06 1.1234662336186626e-06 6.069627254670343e-06 -7.9324376613532049e-06 6.787818886011859e-06 -4.7103794749856243e-05 4.7164908503625463e-06 3.4350524269158154e-06 -2.451839530284061e-06 1.0228322792968154e-05 -8.2540950835218303e-06 -1.1129726314810583e-05 -2.0814534140413101e-05 4.8740877682057159e-07 -7.9893806375881442e-06 -5.6733933997738841e-06 -1.3735374608762916e-05 -1.7167500475183516e-05 8.9132557770125588e-06 5.1048910819851842e-06 1.1394272515973573e-05 -9.1999242448686891e-06 -8.3521291291664277e-06 1.5733864019195471e-05 -5.3541796015515401e-07
leaf_weight=439 36416 4054 25177 2469 432 50 4152 324 814 177 84 1421 1429 607 110 99 176 56 80 171 158 67 81 100 66 69 58 474 76 7747
leaf_count=439 36416 4054 25177 2469 432 50 4152 324 814 177 84 1421 1429 607 110 99 176 56 80 171 158 67 81 100 66 69 58 474 76 7747
internal_value=6.56146e-06 0.000170497 -0.000134109 0.000211498 4.99564e-05 -0.000547919 -0.00042563 -0.001703 -0.00264306 0.000382461 -0.00746269 0.000440454 0.00172479 -0.00116186 0.00119926 -0.0029745 -0.00291411 -0.000559105 -0.00514706 -0.000227461 0.000578035 0.00296443 -0.00169173 0.00040107 -0.00255474 -0.00504808 -0.000984252 0.000514874 -0.00127273 7.08988e-05
internal_weight=87633 40470 47163 21986 19517 7711 7577 2936 2062 4641 134 11806 2638 1248 542 706 489 313 136 1209 1038 506 532 374 274 208 127 874 550 9168
internal_count=87633 40470 47163 21986 19517 7711 7577 2936 2062 4641 134 11806 2638 1248 542 706 489 313 136 1209 1038 506 532 374 274 208 127 874 550 9168
is_linear=0
shrinkage=0.05


Tree=62
num_leaves=31
num_cat=0
split_feature=42 13 1 34 42 26 36 13 27 7 24 0 39 36 13 13 28 25 22 9 39 39 13 11 42 11 42 22 7 11
split_gain=0.857194 1.67904 3.40642 3.51398 2.15231 2.81984 2.85101 2.09583 2.26705 2.6216 2.99952 2.59399 3.17934 2.51255 2.41386 2.0221 2.71388 2.86699 2.01727 3.58098 2.71865 2.37364 1.99627 1.78606 2.02271 3.10381 2.85392 2.60182 1.9508 1.93286
threshold=-9.1366124429872215 -0.00026725992608316772 111277.29500000001 105580.9960246792 -7.9917525460865013 102503.89255142627 16.198552749599916 -0.004398043697382439 116361.11925 -0.0016902265967814192 124.68410990000002 115337.66000000002 50.33428571428626 -245.36399211214299 -0.0019684780146764845 -0.00015918606755262267 -71.710222218287512 -0.76791858186647877 65.301892499999965 -0.00024692350464247122 182.99749999999977 187.10178571428597 -0.00095901271101157522 -0.0016383726882739631 -1.8397789935930342 -0.004428310526640505 -6.5227436285597244 221.716443 -0.00074274635066540727 -0.002322184621018858
decision_type=2 2 2 2 2 2 2 2 2 2 2 2 2 2 2 2 2 2 2 2 2 2 2 2 2 2 2 2 2 2
left_child=-1 2 3 4 5 6 -2 -4 9 -9 11 -11 -13 18 -15 16 -3 -18 20 21 22 -20 -10 24 26 -26 28 -27 -17 -28
right_child=1 15 7 -5 -6 -7 -8 8 13 10 -12 12 -14 14 -16 23 17 -19 19 -21 -22 -23 -24 -25 25 27 29 -29 -30 -31
leaf_value=2.6513665053015424e-07 1.1376891834709924e-06 1.1528907301066914e-05 -2.129646355122273e-05 1.5655711962856697e-06 -6.9316460014841108e-07 -1.2948974619363483e-05 -1.3047669234165063e-05 -1.1281714765773774e-05 6.1781876224210895e-06 -2.3536652727586792e-06 1.2571008959754598e-05 -1.8822283785156139e-07 -9.001924289116963e-06 -1.2337486912567334e-05 -1.3717041438209395e-06 -2.1565729608097613e-05 -5.19405365872416e-06 1.4223268781752335e-06 -1.0456119891909036e-05 -1.5238712046629421e-05 2.5939379107598535e-05 2.3774567448754316e-05 -1.0013501961304579e-06 4.3221496607500242e-08 2.2151166101114696e-05 -6.1716481649086818e-06 8.0270146156369647e-07 -3.1113544595143001e-05 5.1888396517784734e-06 9.769143585332464e-06
leaf_weight=32995 241 156 108 2594 5892 72 112 139 217 1232 85 161 198 55 839 77 182 633 55 142 53 91 159 39459 158 1100 122 114 68 124
leaf_count=32995 241 156 108 2594 5892 72 112 139 217 1232 85 161 198 55 839 77 182 633 55 142 53 91 159 39459 158 1100 122 114 68 124
internal_value=7.13202e-06 -0.000114389 -0.000624749 -0.000103804 -0.000740066 -0.00417647 -0.00233711 -0.00193831 -0.00172212 -0.00293388 -0.00238663 -0.00287555 -0.0066156 -0.000356921 -0.00212528 3.61434e-05 0.00229145 0.00113497 0.00184798 -0.00138889 0.00402098 0.00410959 0.0025266 -1.69812e-05 -0.00157402 -0.00247813 0.00159847 -0.00333608 -0.00396552 0.00487805
internal_weight=87633 54638 12445 8911 6317 425 353 3534 3426 1815 1676 1591 359 1611 894 42193 971 815 717 288 429 146 376 41222 1763 1372 391 1214 145 246
internal_count=87633 54638 12445 8911 6317 425 353 3534 3426 1815 1676 1591 359 1611 894 42193 971 815 717 288 429 146 376 41222 1763 1372 391 1214 145 246
is_linear=0
shrinkage=0.05


Tree=63
num_leaves=31
num_cat=0
split_feature=21 42 38 25 25 23 23 9 34 35 16 18 22 20 23 28 16 9 5 20 11 23 11 15 39 42 19 3 41 9
split_gain=0.82591 1.98774 3.15496 1.97016 3.03875 2.67656 2.64405 2.31446 1.98697 2.90123 2.10681 2.0891 1.91928 1.88757 3.15088 2.74167 2.67361 1.94002 2.20258 1.88508 4.30051 3.18869 2.35381 2.40103 3.50671 2.86099 2.86034 2.22985 1.92737 2.01768
threshold=44.819999999999716 -29.936907050004926 57.575847388042227 -0.37059735822519685 -0.42874626816261541 -0.99848564548589769 -0.5729968355516265 0.0061233277128716858 118299.51824005919 118144.39087500003 0.0042044809085636783 -54.83499999999912 69.481510500000013 0.014999999999417925 -1.0196261984972905 -118.24869542170198 0.0016668194681540151 -0.00012193770034703881 0.0012006574641429664 17.780000000006115 0.0031745235186928064 -0.72004083184454581 0.0051867300372716377 0.0013570883460645607 126.45999999999965 -28.150373265305777 237.1650000000009 102931.05 -159.10561890848524 0.0025827314414811693
decision_type=2 2 2 2 2 2 2 2 2 2 2 2 2 2 2 2 2 2 2 2 2 2 2 2 2 2 2 2 2 2
left_child=1 2 -1 4 7 -5 -7 8 9 10 13 12 -10 14 -2 16 -16 18 -15 20 28 -22 23 24 -21 27 -27 -25 -19 -30
right_child=3 -3 -4 5 -6 6 -8 -9 11 -11 -12 -13 -14 17 15 -17 -18 19 -20 22 21 -23 -24 25 -26 26 -28 -29 29 -31
leaf_value=2.0070295986376261e-06 8.776252601854002e-06 -1.6652635038346885e-08 -1.3738714838472571e-05 3.633948561069569e-05 7.6170982732916244e-06 -1.015257136463164e-05 -1.0373425658285682e-06 3.5270240383624355e-05 -2.1439444596378236e-05 1.6606627926835481e-05 -4.8664743730209329e-05 -1.8852044605526069e-06 -6.3853430498610398e-06 3.20805268174277e-06 -1.7254965936607529e-05 2.2844825125220315e-06 1.5673942583585627e-05 -2.6218675041669208e-05 -2.3765561364927457e-05 6.3334472555142458e-06 -1.4244961603449101e-05 2.4366176088516666e-05 -1.4243590129213148e-05 -2.5557108920991841e-05 -8.8169265115294324e-06 1.5725314527039917e-05 -4.0333969917338007e-06 7.270711543871783e-06 -6.8586351667067522e-06 1.6582586057943096e-05
leaf_weight=8645 352 55423 219 72 791 975 14131 62 54 61 65 428 66 2085 193 1185 74 74 84 150 81 86 149 124 641 361 197 68 687 50
leaf_count=8645 352 55423 219 72 791 975 14131 62 54 61 65 428 66 2085 193 1185 74 74 84 150 81 86 149 124 641 361 197 68 687 50
internal_value=1.99696e-06 9.44981e-05 0.000789711 -0.00025272 0.000373408 -0.000589669 -0.000635509 5.76115e-05 -2.39234e-05 0.000210581 0.00011184 -0.00291971 -0.00875 0.000199518 0.00157982 0.000550964 -0.00402622 -0.000315278 0.000795297 -0.00121814 -0.00296524 0.00434132 -0.000207101 0.000373134 -0.00154867 0.0024 0.00421147 -0.00286458 -0.00446979 -0.00369742
internal_weight=87633 64287 8864 23346 8168 15178 15106 7377 7315 6767 6706 548 120 6641 1804 1452 267 4837 2169 2668 978 167 1690 1541 791 750 558 192 811 737
internal_count=87633 64287 8864 23346 8168 15178 15106 7377 7315 6767 6706 548 120 6641 1804 1452 267 4837 2169 2668 978 167 1690 1541 791 750 558 192 811 737
is_linear=0
shrinkage=0.05


Tree=64
num_leaves=31
num_cat=0
split_feature=20 20 18 28 13 32 40 23 9 23 13 5 16 19 31 39 36 30 5 15 15 16 13 32 23 4 38 38 17 15
split_gain=0.819447 1.94293 2.05541 2.29414 3.76411 1.91246 3.57596 2.47876 2.7669 5.28938 2.45717 2.61244 2.55318 2.00279 1.96518 2.15985 1.9163 2.23728 2.20488 2.04102 2.17332 3.39312 1.91061 1.94297 1.95354 2.72257 1.9059 1.89582 2.34474 1.8446
threshold=24.275000000001459 6.8499999999985457 -1.0000000180025095e-35 635.80678927942802 0.0061911068707187896 107.06944077332447 37.301558113933432 -1.1198125071591416 -0.00058450715026628342 -0.31621956604865248 -0.0016150543050358732 0.0014830449145132891 0.00073544304646935507 27.415000000000877 86609.652600000016 170.5003571428575 486.16340125723224 84286.836357883803 0.00014532966737659944 0.00052403519750317663 0.00083214423407834898 0.000739383303555052 0.0040354221658553671 613.04673147710139 0.27970123273192798 151.77282500000004 41.025130205759183 62.302662246880637 0.0007120601615080124 0.0011602613128073684
decision_type=2 2 2 2 2 2 2 2 2 2 2 2 2 2 2 2 2 2 2 2 2 2 2 2 2 2 2 2 2 2
left_child=1 2 -1 4 5 6 16 27 9 -9 -10 13 -13 -12 15 -14 17 18 -4 -18 21 -21 -2 -24 -25 -26 -22 -7 -29 -19
right_child=22 -3 3 -5 -6 7 -8 8 10 -11 11 12 14 -15 -16 -17 19 29 -20 20 26 -23 23 24 25 -27 -28 28 -30 -31
leaf_value=-1.7222505355205309e-07 5.4065195961543463e-07 -7.9191373519418087e-07 9.3694611063979301e-06 -2.5001168053037659e-05 1.2867982581915935e-05 8.1807529617127008e-06 7.5965934035357171e-06 -1.2741202340117303e-05 1.5064617984330039e-05 6.8323856874013414e-06 -4.0601998070237715e-06 -2.0245177812125877e-05 -2.2780597460769405e-05 2.724803120101314e-07 -2.4357063187806756e-06 -6.2399739201638558e-07 2.6943570715182882e-06 1.6198236688056482e-07 4.6431889177811696e-06 -1.5770164054331244e-06 -2.041071218842145e-05 -1.757717411474196e-05 -3.5687367248679979e-06 -2.9847763183993918e-06 1.7817999882840762e-05 2.4339435074755506e-06 7.7132692913113337e-06 -7.3319444140476384e-06 6.9151191199973123e-06 6.6773571816151918e-06
leaf_weight=16576 31657 19001 59 154 414 295 267 200 123 112 279 65 79 3651 510 54 84 5921 505 105 87 54 3563 1220 247 929 146 66 114 1096
leaf_count=16576 31657 19001 59 154 414 295 267 200 123 112 279 65 79 3651 510 54 84 5921 505 105 87 54 3563 1220 247 929 146 66 114 1096
internal_value=3.13809e-06 -0.000129456 0.000114457 0.000550554 0.000615988 0.000475779 0.00095507 -0.000243331 -0.000566726 -0.00512821 -0.000267801 -0.000452781 -0.00324859 5.08906e-05 -0.00229393 -0.00770677 0.000766414 0.000959636 0.00398936 -0.00231092 -0.00382653 -0.00833333 0.000179445 -0.000641886 0.000459098 0.00191327 -0.000751073 0.00321053 -0.000833333 0.000716118
internal_weight=87633 50017 31016 14440 14286 13872 8324 5548 5073 312 4761 4638 708 3930 643 133 8057 7581 564 476 392 159 37616 5959 2396 1176 233 475 180 7017
internal_count=87633 50017 31016 14440 14286 13872 8324 5548 5073 312 4761 4638 708 3930 643 133 8057 7581 564 476 392 159 37616 5959 2396 1176 233 475 180 7017
is_linear=0
shrinkage=0.05


Tree=65
num_leaves=31
num_cat=0
split_feature=0 27 36 28 9 36 22 4 25 16 40 9 32 28 9 20 15 40 3 39 15 16 11 16 36 1 21 30 13 9
split_gain=0.869685 2.65586 1.90311 1.95684 2.77469 1.75817 2.07989 2.28879 2.35567 2.13974 1.74126 2.69174 2.396 1.83217 1.90304 1.68466 1.64318 1.71584 1.58401 1.57541 2.09229 1.79937 1.79113 1.53409 2.22737 1.72169 1.578 1.46039 1.45905 1.50048
threshold=84062.415000000023 83882.622500000012 -1144.1773763833478 -190.18712660085291 -0.0016328819263275193 603.61457016455108 50.290562250000001 48.140490000000007 -0.85521148404951663 0.0012103390875074394 -2.7180020771993436 -0.0032672785517165459 689.87779917357705 -125.78076379900448 -0.00016243251481999697 46.29000000000088 0.00052403519750317663 -7.3843439035699694 82101.87000000001 109.42785714285857 0.0010879876018764182 0.00082030498688211205 -0.00072131922105883833 0.0042044809085636783 -1680.343330987889 91168.380000000019 57.194999999999716 87830.099689530529 0.0073072710245593508 -0.0090781227113223509
decision_type=2 2 2 2 2 2 2 2 2 2 2 2 2 2 2 2 2 2 2 2 2 2 2 2 2 2 2 2 2 2
left_child=1 5 15 -4 -5 10 -7 9 -9 -8 16 18 13 -13 -15 -3 -1 28 -12 21 -21 -6 -22 -2 26 27 -25 -26 29 -18
right_child=23 2 3 4 19 6 7 8 -10 -11 11 12 -14 14 -16 -17 17 -19 -20 20 22 -23 -24 24 25 -27 -28 -29 -30 -31
leaf_value=-1.5418037157165102e-05 -2.2469822920954672e-08 -2.0622778076156544e-05 2.1623923847678269e-05 -2.2756203954477503e-05 6.223153501357036e-06 -1.6735304781751962e-05 -6.714023184440252e-06 -2.031587172110994e-05 -4.0507067098543298e-06 2.6530726272172649e-05 4.4276284323680574e-05 2.2934247131188327e-05 -4.4158006738311521e-05 -9.0031638284040069e-07 4.9668835037076823e-06 8.3746630040094932e-06 -6.5068044703091456e-05 -1.3417359100135308e-05 3.7437540690819104e-06 2.519076698993659e-05 -1.0962868226092266e-05 -7.3696410346115621e-06 8.53541296555105e-06 -2.3813070591837264e-05 -4.2089695424955241e-05 -4.6234638854135139e-06 3.3458000194380994e-05 -9.3740737888853745e-05 -3.9241206618281443e-05 1.3408680026944814e-06
leaf_weight=65 79986 60 169 53 163 75 55 73 808 95 93 55 68 763 1212 95 60 65 65 79 54 59 85 52 75 109 109 53 81 2799
leaf_count=65 79986 60 169 53 163 75 55 73 808 95 93 55 68 763 1212 95 60 65 65 79 54 59 85 52 75 109 109 53 81 2799
internal_value=3.13809e-06 0.000527659 0.00321297 0.00438066 0.00278905 0.000186567 -0.00162749 -0.00104268 -0.00201476 0.00466667 0.000563275 0.00161791 0.00114395 0.0014532 0.00120253 -0.00177419 -0.000211726 -4.15973e-05 0.00791139 0.00409091 0.00711009 0.00112613 0.00341727 -4.4163e-05 -0.0031407 -0.00622363 0.00139752 -0.0101563 0.000136054 0.00032354
internal_weight=87633 7249 817 662 493 6432 1106 1031 881 150 5326 2256 2098 2030 1975 155 3070 3005 158 440 218 222 139 80384 398 237 161 128 2940 2859
internal_count=87633 7249 817 662 493 6432 1106 1031 881 150 5326 2256 2098 2030 1975 155 3070 3005 158 440 218 222 139 80384 398 237 161 128 2940 2859
is_linear=0
shrinkage=0.05


Tree=66
num_leaves=31
num_cat=0
split_feature=20 4 25 20 38 42 17 39 36 28 4 39 32 7 9 7 15 21 35 31 34 23 11 41 5 17 5 11 17 23
split_gain=0.886145 1.95281 2.21802 2.0639 2.17254 2.5627 2.77673 3.0992 2.73229 3.15051 2.69122 2.655 2.40857 2.26908 3.13144 2.13481 4.7581 2.57361 2.1135 2.06074 3.02279 2.04714 3.47194 2.04473 2.03015 2.00874 1.94657 1.96346 1.91647 2.84481
threshold=24.275000000001459 459.23774000000009 1.1912821273296375 6.8499999999985457 51.881616506601105 -17.268153847497384 0.00049316650391450438 122.46571428571407 -275.14905436492694 6.7588406523500462 22.550980000000003 47.575714285715684 -174.74706953021811 0.0016205734108887004 0.0019194803205114818 0.0009481142575767902 0.00062355234878126286 44.355000000003209 81458.719050000014 113967.23280000001 121444.12390452913 1.7443739688263815 0.0031745235186928064 -32.411030711336629 0.0025450466454240007 0.00048091000080256128 0.0014397759305167178 -0.0017396160569367037 0.0015701200865357668 -0.73357895932073935
decision_type=2 2 2 2 2 2 2 2 2 2 2 2 2 2 2 2 2 2 2 2 2 2 2 2 2 2 2 2 2 2
left_child=1 2 3 4 5 13 8 11 10 25 -7 23 28 14 -1 18 -17 -18 -5 -9 -21 22 -4 -8 -19 -10 -20 -28 -6 -30
right_child=-2 -3 21 15 12 6 7 19 9 -11 -12 -13 -14 -15 -16 16 17 24 26 20 -22 -23 -24 -25 -26 -27 27 -29 29 -31
leaf_value=7.7219539675121215e-07 2.6547525114148108e-07 -2.3611912061730206e-05 4.6133993354575396e-06 1.4258087976584005e-05 9.4638652479299049e-06 8.8980732699161897e-06 -1.9640522629364371e-06 2.1790604260878842e-06 -1.9283976201426145e-07 1.5357118597347072e-06 -2.9259290717138204e-07 -2.7921012570270832e-06 2.5437505029786673e-07 -6.3477652102092597e-06 2.7497159824820148e-05 -7.9050068136597605e-06 -2.1144939370109761e-07 -1.0645438087295094e-05 -4.4163088408577002e-07 -5.8886198871627469e-06 1.2174362516244827e-05 -1.2174510852486712e-08 -1.1040182754036801e-05 2.6468488589659477e-06 8.4477527225830391e-06 4.797628065188215e-06 -2.6416077280315569e-05 -6.5131576439005141e-06 2.6826395934653353e-05 -1.2346153889345767e-05
leaf_weight=5161 37616 214 1662 158 343 100 58 2161 1498 371 54 4443 12608 335 100 393 2187 896 13227 513 87 2322 245 183 76 105 77 202 117 121
leaf_count=5161 37616 214 1662 158 343 100 58 2161 1498 371 54 4443 12608 335 100 393 2187 896 13227 513 87 2322 245 183 76 105 77 202 117 121
internal_value=-2.56753e-06 -0.000140452 -0.000119973 -0.000221618 4.05529e-05 -0.000367526 -0.00086441 -0.00131968 0.000728383 0.000227964 0.00714286 -0.0021029 0.000509895 0.000482487 0.000736552 -0.000653462 -0.0017455 -0.00110003 -0.000369584 9.05469e-06 -0.00258333 0.000975408 0.0021893 0.0030083 -0.00324074 -0.000733001 -0.000436843 -0.00456989 0.00365749 0.000210084
internal_weight=87633 50017 49803 45574 28358 15169 9573 7445 2128 1974 154 4684 13189 5596 5261 17216 3552 3159 13664 2761 600 4229 1907 241 972 1603 13506 279 581 238
internal_count=87633 50017 49803 45574 28358 15169 9573 7445 2128 1974 154 4684 13189 5596 5261 17216 3552 3159 13664 2761 600 4229 1907 241 972 1603 13506 279 581 238
is_linear=0
shrinkage=0.05


Tree=67
num_leaves=31
num_cat=0
split_feature=42 24 22 24 4 24 39 22 28 13 23 21 19 19 17 9 17 21 42 22 4 9 41 24 42 28 19 16 21 19
split_gain=0.801428 1.28061 1.68489 1.62983 2.34232 2.04892 4.51822 2.74465 2.58802 2.53914 3.36478 1.76314 1.90459 3.31114 2.19036 2.26495 1.97301 2.64541 1.78709 1.71138 1.70525 1.70354 2.07807 1.66953 2.03182 2.31163 2.01905 2.20205 1.66153 2.08061
threshold=-94.273463969136486 102.91398790000001 178.31687250000002 118.73512160000003 40.548310000000008 124.68410990000002 150.68535714285778 200.45271725000003 455.33880501882237 -0.003440537104801238 -0.42419255779162685 0.01000000000203727 146.99500000000265 179.04499999999828 0.0018488146526011017 0.0010388585077777334 0.0020441229758057029 62.545000000005537 -30.551321142723708 88.164110750000006 80.100530000000006 -1.2778304264152322e-05 5.3040083515870604 116.98434820000001 -55.470001774234305 -71.710222218287512 239.70500000000177 0.0015409788061461983 82.525000000001469 172.00499999999741
decision_type=2 2 2 2 2 2 2 2 2 2 2 2 2 2 2 2 2 2 2 2 2 2 2 2 2 2 2 2 2 2
left_child=-1 2 -2 4 -3 6 -5 8 9 10 -8 -6 14 28 15 21 23 20 -19 -17 -18 22 -13 24 -15 26 27 -26 29 -14
right_child=1 3 -4 5 11 -7 7 -9 -10 -11 -12 12 13 16 -16 19 17 18 -20 -21 -22 -23 -24 -25 25 -27 -28 -29 -30 -31
leaf_value=2.7651507155504061e-06 4.2912140666522556e-08 1.8517843994864062e-06 2.0141600785696537e-05 -9.1583401158259359e-06 1.9784104593127211e-06 -9.3357533468576353e-07 -1.7708390910200799e-05 3.4053581889800952e-05 -1.3337874136923545e-05 1.2348676167948302e-05 2.0164648142955188e-05 5.4486115693064228e-07 6.1946763288761538e-06 5.1753430318193114e-06 -2.4757024454758165e-05 -2.1895218899027983e-05 2.2062964654273887e-05 -4.3841305627021076e-05 1.1894115695363336e-07 -1.5763221447804204e-05 3.7315262704222811e-06 1.6045463607529163e-05 -1.4848999465037185e-05 -3.3552612508665051e-05 -2.6998399636095654e-05 -6.1928280538496785e-06 -1.7145238640108474e-05 -1.3443836822773432e-05 -2.0280870785325793e-05 2.9324847469832055e-05
leaf_weight=1740 71498 556 84 137 348 10050 75 73 77 499 112 135 233 153 78 56 53 64 134 73 96 111 118 108 93 504 195 54 58 68
leaf_count=1740 71498 556 84 137 348 10050 75 73 77 499 112 135 233 153 78 56 53 64 134 73 96 111 118 108 93 504 195 54 58 68
internal_value=8.55842e-07 -2.06652e-05 6.5659e-05 -0.000452449 -0.00142944 -0.000161027 0.0020298 0.00340909 0.00252294 0.00349854 -0.00147059 -0.00203148 -0.00251678 -0.00172366 -0.00503503 -0.00380325 -0.00278542 0.000504323 -0.00328283 -0.00949612 0.00553691 -0.00178571 -0.00405138 -0.00381662 -0.00317818 -0.00413712 -0.00730994 -0.0117347 0.0025766 0.00406977
internal_weight=87633 85893 71582 14311 3288 11023 973 836 763 686 187 2732 2384 1813 571 493 1454 347 198 129 149 364 253 1107 999 846 342 147 359 301
internal_count=87633 85893 71582 14311 3288 11023 973 836 763 686 187 2732 2384 1813 571 493 1454 347 198 129 149 364 253 1107 999 846 342 147 359 301
is_linear=0
shrinkage=0.05


Tree=68
num_leaves=31
num_cat=0
split_feature=20 13 13 11 40 38 11 23 38 35 24 38 28 22 36 21 20 23 5 25 32 31 23 41 35 3 4 19 39 19
split_gain=0.800096 1.52219 2.11274 2.11088 1.88834 2.1034 2.38159 2.0367 1.88578 2.26862 1.81764 1.80653 3.06442 1.80499 2.97016 1.84844 2.08408 1.9602 2.49252 1.79699 3.32673 2.72695 2.28874 3.06506 2.90834 2.6031 3.00734 2.94241 2.48765 2.21405
threshold=24.275000000001459 0.0020519787641173344 0.00068638980640027883 0.00088348166199787262 -31.883545469783709 69.55009096127749 0.0049550876778965214 -0.54857829019802373 50.559332926992468 87394.101450000016 43.350591600000008 63.3331385251741 167.7682642011205 26.465957499999984 417.40012026199844 144.56000000000498 124.79499999999827 -1.2970468372536619 -0.00017369632109724033 3.5963800905257495 390.87116316025646 108506.08290000001 0.27970123273192798 121.47160879577952 80979.559400000013 87276.640000000014 56.429065000000001 229.53500000000352 495.76785714285717 69.430000000000305
decision_type=2 2 2 2 2 2 2 2 2 2 2 2 2 2 2 2 2 2 2 2 2 2 2 2 2 2 2 2 2 2
left_child=-1 2 -2 10 5 6 8 -8 9 -3 -4 12 -12 14 -6 17 -17 18 -15 22 -21 -22 25 -24 -25 29 27 -27 -28 -19
right_child=1 4 3 -5 13 -7 7 -9 -10 -11 11 -13 -14 15 -16 16 -18 19 -20 20 21 -23 23 24 -26 26 28 -29 -30 -31
leaf_value=-9.0966134510462531e-08 2.7748207167643222e-07 -5.695834206894189e-05 -1.9492201871137806e-06 3.2517027705447746e-06 -3.1406920051879477e-06 -1.8823964848477168e-05 4.556455152335557e-05 -6.7959355312738193e-06 -1.0018234710693467e-05 8.1536713150928905e-06 2.4243566219241986e-06 6.6802809628003576e-06 -1.3382515597462313e-05 -2.7888205921229115e-05 -2.1162009907903848e-05 -1.8162299870228089e-05 5.6904714912293003e-06 2.6903846164457499e-05 -3.600647451514244e-06 -1.5364649117851993e-05 -1.9582437453821017e-05 1.7778222459244373e-05 7.0474677746048815e-07 -2.4762717953724905e-05 9.9300449162166453e-06 1.3548710284025438e-07 -7.123070710980784e-06 1.8051181164377022e-05 5.5875941793544108e-05 3.8540825416239263e-06
leaf_weight=50017 21427 50 877 2318 290 80 82 171 682 161 1467 342 81 60 67 321 122 53 102 81 195 113 2036 52 949 2046 1939 102 83 1267
leaf_count=50017 21427 50 877 2318 290 80 82 171 682 161 1467 342 81 60 67 321 122 53 102 81 195 113 2036 52 949 2046 1939 102 83 1267
internal_value=6.56146e-06 0.000180774 0.000386617 0.00130285 -0.000310699 -0.0021615 -0.00161431 0.00266798 -0.00282755 0.00130332 0.000370437 0.00124339 0.000516796 -8.09881e-05 -0.00357143 4.98897e-05 -0.00310384 0.000203789 -0.00524691 0.000302826 -0.00302057 -0.000649351 0.000454439 0.00155581 0.00382118 -0.000154827 -0.000767386 0.000535382 -0.00215134 0.0017803
internal_weight=87633 37616 26512 5085 11104 1226 1146 253 893 211 2767 1890 1548 9878 357 9521 443 9078 162 8916 389 308 8527 3037 1001 5490 4170 2148 2022 1320
internal_count=87633 37616 26512 5085 11104 1226 1146 253 893 211 2767 1890 1548 9878 357 9521 443 9078 162 8916 389 308 8527 3037 1001 5490 4170 2148 2022 1320
is_linear=0
shrinkage=0.05


Tree=69
num_leaves=31
num_cat=0
split_feature=36 19 4 31 34 19 17 13 38 20 39 39 11 25 18 19 2 0 15 25 38 19 41 28 39 28 38 34 40 17
split_gain=0.800694 1.93252 2.27109 1.83236 2.11203 1.68182 1.89746 1.82377 1.96972 1.81399 1.76198 1.61581 2.53781 2.60292 2.82277 2.27936 2.03351 2.25792 2.94545 2.0265 2.41189 1.96518 1.90654 1.88403 2.2121 2.35986 2.02052 1.79821 2.05462 2.70578
threshold=514.73798786249256 154.58499999999916 159.35822000000005 83244.019600000014 82448.693762449009 170.58499999999916 0.0024914092759283665 0.0031660071490778046 66.26014320898463 28.025000000001459 205.68821428571547 145.10214285714292 0.0039839741610291054 -0.010848714703434089 108.64499999999681 443.30500000000035 85188.99500000001 88067.005000000019 0.0010533365071872258 -0.10348251622883681 79.808530577884525 205.43500000000498 102.38050120863696 543.09030256221024 110.68535714285984 8.4384574475116114 35.315100772555724 108706.25264726467 170.20442866468514 0.00081861220987857473
decision_type=2 2 2 2 2 2 2 2 2 2 2 2 2 2 2 2 2 2 2 2 2 2 2 2 2 2 2 2 2 2
left_child=-1 2 -2 4 5 -3 9 -8 -9 -7 -11 16 15 14 -14 19 -5 18 -18 -13 27 -15 -16 24 25 -19 -26 -21 29 -29
right_child=1 3 -4 11 -6 6 7 8 -10 10 -12 12 13 21 22 -17 17 23 -20 20 -22 -23 -24 -25 26 -27 -28 28 -30 -31
leaf_value=7.1541915575598303e-08 -1.2504531745336554e-06 1.5557357450493555e-05 -9.4478799093096495e-06 -2.5036696087669742e-05 -2.7764183810046211e-05 -2.5565002867066099e-05 -6.7397067763056917e-06 2.1681901098783756e-05 -2.7027032528174354e-06 1.0278918895413258e-05 -3.1273121642594709e-05 1.8042437026507787e-06 -1.5006670027456597e-06 1.0081062674842162e-05 -7.9542192007554291e-06 -9.7736065292826187e-06 1.509084686471969e-05 -5.8788571070862806e-06 -3.6661117920696692e-06 9.8581107402190047e-06 2.5726154430341935e-05 -1.9026448649154346e-06 -3.135742547387011e-05 1.8293027569016357e-05 1.3222147987060794e-05 4.6550170705425159e-06 -5.8865886595838252e-06 2.6755100029994237e-05 -6.4501922979924507e-06 2.5062504498761257e-06
leaf_weight=68082 10393 69 163 75 74 104 79 93 99 105 120 2545 222 227 88 242 72 60 60 1172 105 1237 100 60 77 327 850 60 284 389
leaf_count=68082 10393 69 163 75 74 104 79 93 99 105 120 2545 222 227 88 242 72 60 60 1172 105 1237 100 60 77 327 850 60 284 389
internal_value=1.99696e-06 -0.000280037 -0.000738916 0.000258477 -0.00211978 -0.00123318 -0.00208333 0.00101476 0.00364583 -0.00463526 -0.00211111 0.000472613 0.000813221 -0.000747065 -0.00426829 0.00142276 -0.000964579 -0.000564409 0.00568182 0.00167398 0.0028607 0.000239071 -0.0087766 -0.00116448 -0.00156012 0.00161499 -0.00288565 0.00245407 0.000511596 0.00261693
internal_weight=87633 19551 10556 8995 743 669 600 271 192 329 225 8252 6671 1874 410 4797 1581 1506 132 4555 2010 1464 188 1374 1314 387 927 1905 733 449
internal_count=87633 19551 10556 8995 743 669 600 271 192 329 225 8252 6671 1874 410 4797 1581 1506 132 4555 2010 1464 188 1374 1314 387 927 1905 733 449
is_linear=0
shrinkage=0.05


Tree=70
num_leaves=31
num_cat=0
split_feature=9 36 19 19 32 4 13 19 34 7 42 5 4 13 23 7 17 36 16 13 22 22 42 42 42 16 15 22 11 13
split_gain=0.844287 1.33957 1.75208 1.61551 1.54324 2.14535 1.75066 1.62299 1.37181 1.28527 1.68612 1.38478 2.36147 1.91042 2.41235 1.99022 1.35058 1.97589 1.34942 1.49985 2.76137 2.47819 1.99955 1.86899 1.46895 1.42719 1.92698 1.46325 1.4228 1.28003
threshold=-0.005553657059616037 -224.00064547942745 363.82500000000442 290.98500000000791 -518.33093512212497 138.42123000000001 -0.0023312124330598116 274.52999999999889 111972.42256469287 -0.0058932393811337528 -35.315780583478535 -0.0025597514505375204 49.920830000000002 -0.0090249674893380996 1.109926519186107 -0.0017738713781178729 0.0027633931471618086 809.30943296399357 0.0031562125296118169 -0.0010791659521793044 117.37761150000001 168.73179250000004 -15.563507124693382 12.795226974652754 -24.039711744724382 0.0010525250489603279 0.0016293117144313292 93.917089499999989 -0.004428310526640505 -0.010559935389475082
decision_type=2 2 2 2 2 2 2 2 2 2 2 2 2 2 2 2 2 2 2 2 2 2 2 2 2 2 2 2 2 2
left_child=1 4 3 -3 5 -1 -6 -7 -9 10 -2 12 -11 14 -14 18 17 -17 19 22 23 -22 24 -21 25 -15 27 28 -27 -10
right_child=9 2 -4 -5 6 7 -8 8 29 11 -12 -13 13 15 -16 16 -18 -19 -20 20 21 -23 -24 -25 -26 26 -28 -29 -30 -31
leaf_value=3.1151756819349297e-05 -1.6128640015069281e-05 1.07617270593415e-05 1.4370634189928823e-06 4.7630886798888306e-05 -2.5788101248291636e-05 -4.2169070541120507e-05 1.0099496078285275e-05 2.1298266344584407e-07 5.8028084219285308e-05 3.0783392031125973e-05 4.3958530524709058e-05 3.4424312373946557e-10 -2.3241737649578792e-05 -3.1655932493561359e-05 -4.3779133027045328e-05 -1.9747780129521102e-05 -3.6463825744785577e-05 2.6551965741487492e-05 4.9632728693075127e-05 -3.7636947580797733e-05 4.6715664791964183e-05 -7.9298117535069183e-06 2.1065238503168091e-05 -1.0644831567053604e-05 -2.6805624714395958e-05 1.2801112808011557e-05 -1.0918422492236806e-05 -6.816862753191835e-06 3.3747810698665047e-05 -8.0623072823082006e-07
leaf_weight=83 50 76 192 52 63 51 59 699 63 62 104 84523 168 51 62 209 111 68 69 58 66 77 159 64 52 64 123 50 55 50
leaf_count=83 50 76 192 52 63 51 59 699 63 62 104 84523 168 51 62 209 111 68 69 58 66 77 159 64 52 64 123 50 55 50
internal_value=1.4264e-06 0.00122478 0.0040625 0.00859375 0.000374532 0.00105708 -0.00491803 0.000318656 0.000862069 -1.82619e-05 0.00454545 -2.64255e-05 -0.00149872 -0.00189243 -0.00608696 -0.00113636 -0.00412371 -0.00225632 0.000168919 -0.000396825 -0.00349057 0.00122378 0.00108303 -0.00901639 -0.000822785 0.000364431 0.00171233 0.00517751 0.00819328 0.00597345
internal_weight=87633 1388 320 128 1068 946 122 863 812 86245 154 86091 1568 1506 230 1276 388 277 888 819 265 143 554 122 395 343 292 169 119 113
internal_count=87633 1388 320 128 1068 946 122 863 812 86245 154 86091 1568 1506 230 1276 388 277 888 819 265 143 554 122 395 343 292 169 119 113
is_linear=0
shrinkage=0.05


Tree=71
num_leaves=31
num_cat=0
split_feature=9 7 9 35 21 16 16 41 16 39 16 20 20 16 22 36 23 5 15 42 23 5 13 7 38 11 36 32 28 21
split_gain=0.889075 1.28331 1.27978 2.854 1.92588 1.59555 2.86081 1.42733 3.57706 2.24644 1.99141 1.71508 1.43873 1.81705 1.43025 1.39683 1.39401 1.27956 1.47617 1.26881 1.18304 1.17389 2.27153 2.38619 2.07548 1.97873 1.87944 2.03687 1.50943 1.46307
threshold=-0.005553657059616037 -0.0058932393811337528 -0.0090781227113223509 93102.811450000008 268.36000000000064 0.0014864801166184331 0.0012631824158986125 -101.37189132001124 0.0021520151793085834 407.90785714285875 0.0027292085854428161 61.855000000003209 35.420000000005537 0.0026544835116763684 119.48815225000003 -452.82755869941315 1.0409054434401612 -0.0032223542035336333 0.0033759805662936537 -35.315780583478535 1.3913124465895585 -0.0027441967405602346 -0.0071494018580381567 -0.0011004945324392913 65.557260026322112 0.0028161634974712135 -757.07937356725586 689.87779917357705 -493.33123636111844 47.700000000004373
decision_type=2 2 2 2 2 2 2 2 2 2 2 2 2 2 2 2 2 2 2 2 2 2 2 2 2 2 2 2 2 2
left_child=2 19 3 17 5 6 -4 8 20 10 11 14 -10 -14 16 -13 -9 -1 -19 -2 -7 22 -3 24 25 28 -25 -28 -24 -30
right_child=1 21 4 -5 -6 7 -8 9 12 -11 -12 15 13 -15 -16 -17 -18 18 -20 -21 -22 -23 23 26 -26 -27 27 -29 29 -31
leaf_value=-5.2699048370359292e-06 -1.5322208014315818e-05 -2.7368669852138526e-05 6.3424243436263329e-06 4.412867173117386e-05 5.2078293291049919e-05 3.4563219841516649e-05 -3.3053621761085492e-05 1.4563725289064079e-05 2.6374287699456152e-05 4.8841018164374704e-05 -2.7438386700686626e-05 8.926806632451096e-06 -5.2208615041759288e-05 -3.2696718114565971e-06 -2.287261487595152e-05 4.570545739726285e-05 -5.3979821408138291e-07 -3.3198249524312538e-05 -0.00013332288383722182 4.1760603998473605e-05 4.0007443836748629e-05 -4.7597606891313132e-10 4.0820042854696224e-05 -3.8477680803174487e-05 -2.3664957430647709e-05 4.1940775129066654e-05 5.4416762402863811e-06 -4.9704800085172021e-05 8.7247881609293621e-06 -8.746923854932936e-06
leaf_weight=145 50 300 75 99 60 63 90 50 75 78 53 52 76 118 70 67 57 51 52 104 57 84815 70 66 66 56 84 52 383 199
leaf_count=145 50 300 75 99 60 63 90 50 75 78 53 52 76 118 70 67 57 51 52 104 57 84815 70 66 66 56 84 52 383 199
internal_value=5.42033e-06 -1.47835e-05 0.00126081 -0.00136888 0.00213737 0.0016055 -0.00287879 0.00251225 0.000321337 0.0045082 0.0027937 0.00439189 -0.00288104 -0.00515464 0.00127119 0.00903361 0.00490654 -0.00423387 -0.00849515 0.00454545 0.0075 -2.29408e-05 -0.00152821 -0.000358607 0.000904393 0.00169492 -0.00519802 -0.00183824 0.000920245 8.59107e-05
internal_weight=87633 86245 1388 347 1041 981 165 816 389 427 349 296 269 194 177 119 107 248 103 154 120 86091 1276 976 774 708 202 136 652 582
internal_count=87633 86245 1388 347 1041 981 165 816 389 427 349 296 269 194 177 119 107 248 103 154 120 86091 1276 976 774 708 202 136 652 582
is_linear=0
shrinkage=0.05


Tree=72
num_leaves=31
num_cat=0
split_feature=9 4 0 36 20 17 17 38 21 40 41 42 7 42 17 16 30 22 25 36 18 21 19 20 26 9 18 28 9 20
split_gain=0.894169 2.11896 2.54395 2.18102 1.52849 1.62225 2.28363 1.56011 1.31417 1.52675 1.78135 1.40769 1.30183 1.26728 1.23156 1.19064 2.12118 1.02782 1.01487 0.956342 1.42679 1.54679 1.59012 1.49353 0.922964 0.81967 0.800107 2.12506 2.24291 2.23979
threshold=-0.0062052135587828293 212.59609000000003 86890.190000000017 -1041.9851450259082 1.0000000180025095e-35 0.0013092077236425781 0.0022421844933460605 22.827753203613195 214.03499999998897 -503.86377065313712 -88.747582852352039 -71.408388901323377 -0.0058932393811337528 -41.211054665850874 0.001804044122374562 0.0042044809085636783 79179.671527494138 221.716443 0.29663342392658704 -3417.9023739720938 -268.95999999999907 112.54499999999827 372.55500000000035 54.334999999999134 91866.240315878167 -0.0071800569093788472 6.8799999999973815 127.97769714408788 -0.0017033501827668342 140.86499999999799
decision_type=2 2 2 2 2 2 2 2 2 2 2 2 2 2 2 2 2 2 2 2 2 2 2 2 2 2 2 2 2 2
left_child=1 2 25 -4 -3 -6 7 14 9 -8 11 -11 13 -2 -7 26 -17 -15 -5 -18 -21 22 -22 -23 -9 -1 -14 28 -28 -30
right_child=12 4 3 18 5 6 8 24 -10 10 -12 -13 15 17 -16 16 19 -19 -20 20 21 23 -24 -25 -26 -27 27 -29 29 -31
leaf_value=5.4426552853468595e-05 -1.7334501872192378e-06 -4.9685150059000358e-05 -2.5425708307505213e-05 -8.3893060699079119e-06 -4.2079598951438212e-05 -2.7490425394803092e-05 5.5280633199556203e-05 1.1343800252109212e-05 9.8122288361587812e-06 -8.3925031806520681e-05 6.4470335479723719e-07 -3.6744393606182443e-05 -1.3712655058942489e-07 7.3838303584708757e-05 3.0285377971602414e-05 5.1183719759237848e-05 2.9477571817879277e-05 2.366731339701025e-05 3.4973401286618855e-05 -5.1911338103716246e-05 -1.1977566334212708e-05 -1.6929051232265394e-06 5.2036628803658903e-05 -6.5791401631457564e-05 5.627330820151232e-05 2.2845564094863667e-05 -3.8828029689375343e-06 -5.1891766822322542e-07 5.5848874034600232e-07 1.4262832045982155e-05
leaf_weight=50 77 74 63 50 61 70 52 67 76 69 90 51 45825 69 61 53 54 52 73 62 101 55 103 92 81 53 1956 14041 23522 530
leaf_count=50 77 74 63 50 61 70 52 67 76 69 90 51 45825 69 61 53 54 52 73 62 101 55 103 92 81 53 1956 14041 23522 530
internal_value=8.27314e-06 0.00146494 0.00510381 0.0016129 6.64894e-05 0.000811209 0.00158023 0.00492832 -0.00118343 -0.0028626 -0.0047619 -0.00875 -9.23873e-06 0.0040404 0.000954198 -1.85198e-05 -0.00240385 0.0072314 0.0054878 -0.00347966 -0.00429782 -0.00306268 -0.000245098 -0.00697279 0.00844595 0.0114078 -4.07574e-06 0.00015918 0.000426792 0.000559205
internal_weight=87633 1041 289 186 752 678 617 279 338 262 210 120 86592 198 131 86394 520 121 123 467 413 351 204 147 148 103 85874 40049 26008 24052
internal_count=87633 1041 289 186 752 678 617 279 338 262 210 120 86592 198 131 86394 520 121 123 467 413 351 204 147 148 103 85874 40049 26008 24052
is_linear=0
shrinkage=0.05


Tree=73
num_leaves=31
num_cat=0
split_feature=42 22 9 28 20 20 41 19 21 15 4 41 11 41 16 39 4 4 34 24 36 2 15 13 7 1 0 25 23 41
split_gain=0.885953 1.27644 2.04201 1.52784 1.54388 1.34185 1.52345 1.46344 2.11172 1.56974 3.16575 1.71167 1.6108 1.34985 1.10819 2.02429 1.00812 1.59388 1.17312 0.979524 1.60821 1.55472 2.29446 1.77096 2.38237 2.1053 1.96462 1.74814 1.5226 2.0131
threshold=-94.273463969136486 477.27365674999993 0.0036942518917928882 -810.30748606637633 178.56500000000236 104.02500000000147 89.573855974525529 148.01500000000672 110.14999999999419 0.00193264242687294 68.785480000000021 -96.911011395097077 -0.0058446842922181214 22.808384700296056 0.0017491905511401666 355.33607142857318 204.75578500000003 141.37316500000003 114880.93090539785 102.91398790000001 -1494.8069400297679 113181.65500000001 0.0019890416614966552 -0.0071494018580381567 0.0001002603342243185 106980.37000000001 102520.01000000002 1.0346692139897826 -0.30881891582259885 325.44577508553431
decision_type=2 2 2 2 2 2 2 2 2 2 2 2 2 2 2 2 2 2 2 2 2 2 2 2 2 2 2 2 2 2
left_child=1 2 3 16 5 7 -7 -5 9 10 -9 -11 -12 -13 -10 -16 17 -1 -18 20 21 22 23 27 26 -26 -25 -2 -21 -30
right_child=19 -3 -4 4 -6 6 -8 8 14 11 12 13 -14 -15 15 -17 18 -19 -20 28 -22 -23 -24 24 25 -27 -28 -29 29 -31
leaf_value=2.3090634577625579e-05 -2.9326308842524614e-05 4.9063061671380501e-05 -3.8136245381344301e-05 -1.3957747164138399e-05 4.1687179805787043e-05 3.9410050796623098e-06 -3.7161731268439322e-05 -6.150983654886394e-06 -2.5534266424319458e-05 4.2385891237559225e-05 1.5565758780281799e-05 -3.1759161781685344e-05 3.5432027943262473e-05 1.32403980313522e-05 3.7757860005569225e-05 -3.1985965788320106e-05 -1.6005379221945765e-06 -2.6979832522191041e-05 5.192827951517388e-05 1.2383646644451129e-07 3.1738483614036426e-08 1.5585902025807757e-05 2.3724598457993975e-05 -1.0798978992340923e-05 3.2486239370863097e-05 -1.9346364198182389e-05 1.8760816030134233e-05 1.4069279357513682e-06 -3.9583464175598778e-06 7.2982990542635359e-06
leaf_weight=50 59 72 62 79 74 111 51 54 57 66 89 57 74 77 60 57 499 97 54 8508 70869 140 79 64 50 76 189 56 5376 427
leaf_count=50 59 72 62 79 74 111 51 54 57 66 89 57 74 77 60 57 499 97 54 8508 70869 140 79 64 50 76 189 56 5376 427
internal_value=3.70865e-06 0.00112069 0.000839329 0.00118306 0.00253863 0.00192308 -0.00216049 0.00291045 0.00376481 0.00569544 0.00864055 0.0025 0.0121166 -0.000746269 -0.000862069 0.00192308 -0.000571429 -0.0042517 0.000406872 -1.89189e-05 5.65785e-05 0.00241935 0.00126527 0 0.00164908 -0.00396825 0.00444664 -0.00543478 -0.000396548 -0.00102102
internal_weight=87633 1740 1668 1606 906 832 162 670 591 417 217 200 163 134 174 117 700 147 553 85893 71582 713 573 494 379 126 253 115 14311 5803
internal_count=87633 1740 1668 1606 906 832 162 670 591 417 217 200 163 134 174 117 700 147 553 85893 71582 713 573 494 379 126 253 115 14311 5803
is_linear=0
shrinkage=0.05


Tree=74
num_leaves=31
num_cat=0
split_feature=32 41 17 11 4 19 5 7 38 11 15 36 7 40 19 20 9 34 42 4 22 19 20 19 19 17 17 20 5 25
split_gain=0.78926 1.92579 1.72585 1.71834 2.40688 2.91749 2.59677 2.59618 2.64217 2.35533 3.29454 2.55511 2.22071 2.82218 3.74129 2.7412 2.25363 2.20734 2.09758 1.89717 2.05093 1.89576 1.88541 1.91367 1.85936 1.84608 1.95253 1.90667 2.02348 1.79489
threshold=-174.74706953021811 -144.53788680441178 0.00072592935136613545 -0.00065518494696922272 38.812305000000009 103.90499999999157 -0.0024171698914373925 0.00089257336001815008 43.040587636709056 -0.0012487789109181227 0.00037421243442296084 219.24113079703969 0.00087494538781168198 -115.62033328340475 242.23500000000061 20.224999999998548 0.0010177132729957106 92031.006036939652 -26.495984143501243 35.760820000000002 75.829807500000015 139.04499999999828 1.0000000180025095e-35 109.31000000000496 67.954999999994484 0.00079286279002900421 0.0008553089738009581 18.510000000002041 -0.00069025884693072078 -0.98996921913939895
decision_type=2 2 2 2 2 2 2 2 2 2 2 2 2 2 2 2 2 2 2 2 2 2 2 2 2 2 2 2 2 2
left_child=1 2 -1 9 5 19 -6 25 17 12 24 29 16 14 -14 21 -3 -9 -18 20 -5 -15 -7 -24 -11 27 -27 28 -8 -12
right_child=-2 3 -4 4 6 22 7 8 -10 10 11 -13 13 15 -16 -17 18 -19 -20 -21 -22 -23 23 -25 -26 26 -28 -29 -30 -31
leaf_value=-8.4862145253685468e-06 -6.7868813779739191e-08 9.3966435907218772e-07 -5.6412961318918585e-07 3.2681910914286528e-06 -1.4854529460546265e-05 -1.0401127961630464e-05 -3.2252842886815295e-06 1.049998044249159e-05 1.3643221041435768e-05 2.0106696396916957e-06 6.1701255881538522e-06 -1.8999567424783442e-05 1.8849502964280737e-05 -3.9067181241329186e-05 -1.8186139225337357e-06 9.0420675951511451e-06 -4.7731461630356499e-06 -1.7207294793896159e-05 -1.8851165477998572e-05 -9.6950561586678339e-06 2.3398721180994255e-05 -2.8723336480084751e-07 -1.0078712577777472e-05 5.0093944140214464e-07 1.2808717383004041e-05 2.0828506193464621e-05 1.0465516525871488e-05 -8.0128405241694106e-06 9.8981647114249843e-06 -2.4814307519591144e-06
leaf_weight=184 64853 8573 7697 966 64 141 53 65 162 87 98 101 235 54 125 181 95 144 64 60 51 67 68 579 55 69 953 151 107 1531
leaf_count=184 64853 8573 7697 966 64 141 53 65 162 87 98 101 235 54 125 181 95 144 64 60 51 67 68 579 55 69 953 151 107 1531
internal_value=1.4264e-06 0.000254609 -0.00037749 0.000588966 0.00153454 0.000281501 0.00285633 0.0032277 -0.000471698 0.00028404 -0.00133547 -0.00193642 0.00060677 0.00339879 0.00638889 -0.000165563 0.000395098 -0.0041866 -0.00550314 0.00197307 0.00248279 -0.00599174 -0.00203046 -0.000888717 0.00598592 0.00425731 0.00528376 0.000884244 0.0046875 -0.00145795
internal_weight=87633 22780 7881 14899 3633 1865 1768 1704 371 11266 1872 1730 9394 662 360 302 8732 209 159 1077 1017 121 788 647 142 1333 1022 311 160 1629
internal_count=87633 22780 7881 14899 3633 1865 1768 1704 371 11266 1872 1730 9394 662 360 302 8732 209 159 1077 1017 121 788 647 142 1333 1022 311 160 1629
is_linear=0
shrinkage=0.05


Tree=75
num_leaves=31
num_cat=0
split_feature=36 28 16 19 31 34 28 15 25 19 4 36 42 25 15 24 40 4 9 17 13 22 17 28 24 5 42 18 21 16
split_gain=0.804775 1.36816 1.36386 1.66416 2.26316 1.74338 1.65447 3.24957 1.90891 1.62301 1.62003 1.54683 1.52067 1.49032 1.4614 1.42823 4.14995 2.37665 2.44374 2.19991 2.17601 2.3761 2.94525 2.04802 2.03344 2.18096 2.30188 2.01906 2.30648 1.96793
threshold=523.92041086300026 635.80678927942802 0.00045525376377336836 154.58499999999916 83244.019600000014 82448.693762449009 191.97424071992285 0.0016293117144313292 -0.010848714703434089 222.05500000000032 159.35822000000005 1026.5979338714681 15.654566707337251 1.5390981435692648 0.0017093376850745115 85.497574900000004 -102.75135483522898 74.374575000000007 0.0019194803205114818 0.0013264547636425467 -0.0001055876538420395 92.887201750000003 0.0010181232185952028 -166.48280483618871 70.913310500000009 0.00076390121467867316 -18.071420521123365 69.364999999997977 2.9950000000026198 0.0010128661108410601
decision_type=2 2 2 2 2 2 2 2 2 2 2 2 2 2 2 2 2 2 2 2 2 2 2 2 2 2 2 2 2 2
left_child=1 -1 12 10 5 6 7 11 14 -9 15 -5 -2 -12 -8 16 -4 19 27 20 23 22 -22 -17 -18 26 29 28 -19 -26
right_child=2 -3 3 4 -6 -7 8 9 -10 -11 13 -13 -14 -15 -16 17 24 18 -20 -21 21 -23 -24 -25 25 -27 -28 -29 -30 -31
leaf_value=7.6960468060515051e-08 1.8488907186152928e-06 -1.8244288243041574e-05 -1.8345296865363351e-05 2.6388705043891368e-05 9.5543530123387939e-07 -2.5572631370071694e-05 -5.98726814947888e-06 -1.6280406657889776e-05 -1.1192433094517598e-05 -5.1208352503626428e-05 -1.6328016963912121e-05 -5.2605106902921369e-06 9.7128641584481817e-06 -1.7080578298719724e-07 2.9665352315309229e-05 7.1299245211071645e-06 -1.0255275246372456e-06 2.1860402594213037e-05 1.369664705216732e-05 1.7158933566970751e-07 -1.1617595770903913e-07 1.5654835093169075e-06 1.8361312956096594e-05 -3.2104189344060427e-06 5.871340941016364e-06 3.2567701384184484e-06 -1.0360645751048766e-05 -2.1661553804102269e-05 -1.0105495406800908e-05 -3.501787773214573e-06
leaf_weight=68190 191 235 57 58 8161 70 57 51 210 79 85 61 61 76 145 53 5976 58 116 1191 57 140 167 207 217 182 779 79 389 235
leaf_count=68190 191 235 57 58 8161 70 57 51 210 79 85 61 61 76 145 53 5976 58 116 1191 57 140 167 207 217 182 779 79 389 235
internal_value=4.84977e-06 8.51297e-05 -0.000281133 -0.000329711 0.000168691 -0.00249658 -0.00170197 -0.00491968 0.000242718 -0.0103846 -0.000770072 0.00105042 0.00337302 -0.00574534 0.00371287 -0.000689185 -0.00103411 0.000356125 -0.00225857 0.00128099 0.0036859 0.00618132 0.009375 0.000192308 -0.000930437 -0.00263623 -0.00339155 -0.00370722 -0.00240492 -0.000553097
internal_weight=87633 68425 19208 18956 8892 731 661 249 412 130 10064 119 252 161 202 9903 7446 2457 642 1815 624 364 224 260 7389 1413 1231 526 447 452
internal_count=87633 68425 19208 18956 8892 731 661 249 412 130 10064 119 252 161 202 9903 7446 2457 642 1815 624 364 224 260 7389 1413 1231 526 447 452
is_linear=0
shrinkage=0.05


Tree=76
num_leaves=31
num_cat=0
split_feature=32 41 18 38 5 25 25 11 4 19 7 42 28 11 4 9 16 42 4 2 17 39 19 24 13 20 32 30 15 13
split_gain=0.740771 1.72467 1.85233 2.31452 2.10173 2.88132 2.2333 2.21069 2.27829 2.62349 2.37296 3.16787 2.26874 3.20729 2.48646 2.79606 2.66193 2.47006 2.31111 2.19945 2.83864 2.06526 2.02167 1.97871 1.94804 1.9329 1.90764 1.87471 1.89658 1.8685
threshold=-174.74706953021811 -144.53788680441178 88.644999999996813 46.855929489365643 0.00063442614810962493 0.72948032090186288 -0.46764940109396896 -0.00063479882402401819 39.162165000000009 256.26499999999947 0.00062464698290127098 -4.5463240437840637 -227.58426036983289 -0.0010944595212505459 21.580470000000002 -0.00052036807684054879 0.00037960798280198754 3.0318918115168505 11.075025000000002 107526.00000000001 0.0016596217254591333 182.99749999999977 103.90499999999157 31.510556700000006 0.0021353762347672309 12.455000000001748 -352.57432387310831 107155.0103503279 0.003602907866267518 -0.0004012468515732928
decision_type=2 2 2 2 2 2 2 2 2 2 2 2 2 2 2 2 2 2 2 2 2 2 2 2 2 2 2 2 2 2
left_child=1 -1 4 -4 7 6 -6 12 10 23 22 -12 13 17 15 29 -16 19 -17 27 -21 -8 -9 -10 -5 -24 -11 28 -3 -14
right_child=-2 2 3 24 5 -7 21 8 9 26 11 -13 14 -15 16 18 -18 -19 -20 20 -22 -23 25 -25 -26 -27 -28 -29 -30 -31
leaf_value=-8.7173385771951314e-07 -6.8323396493777979e-08 5.0561084858559208e-06 2.9371362777454186e-06 2.3318732208857124e-05 -1.3890025908140094e-05 -2.5824912484660343e-05 -3.5084380882198156e-07 1.7060958965634023e-06 -6.7457509567417783e-06 1.4952215062825548e-05 2.0207115503613935e-05 2.2699161190693239e-06 4.7070372324110553e-06 -1.2696970887626547e-05 4.7423705965495467e-06 -8.7476383777261398e-06 -2.2235544316112971e-06 2.1742011005272671e-05 2.5722587997022962e-07 -1.0863454835709868e-06 1.9001449489641e-05 3.1699832536223977e-05 -8.135433216692177e-06 8.1107972980193052e-06 -1.8461442157673362e-06 1.6879374092968952e-07 -1.4115651010921977e-05 2.1310166636525431e-05 -4.5050526890200487e-05 1.3826841084815408e-05
leaf_weight=7881 64853 2592 1174 233 226 124 207 867 75 57 86 137 385 134 93 56 3983 102 310 1829 152 64 231 1044 53 282 108 140 77 78
leaf_count=7881 64853 2592 1174 233 226 124 207 867 75 57 86 137 385 134 93 56 3983 102 310 1829 152 64 231 1044 53 282 108 140 77 78
internal_value=7.13202e-06 0.000252414 0.00056883 0.00226027 0.000385073 -0.00245572 -0.000754527 0.000522702 0.00174056 0.00330997 0.000483468 0.00526906 0.000168664 0.000915241 -0.00059633 0.00189988 -0.00110402 0.00112428 -0.00136612 0.000960334 -0.000315497 0.00230627 -0.000289855 0.00417784 0.00629371 -0.00277778 -0.00257576 0.00186009 0.00156426 0.00448164
internal_weight=87633 22780 14899 1460 13439 621 497 12818 2887 1284 1603 223 9931 5026 4905 829 4076 4892 366 4790 1981 271 1380 1119 286 513 165 2809 2669 463
internal_count=87633 22780 14899 1460 13439 621 497 12818 2887 1284 1603 223 9931 5026 4905 829 4076 4892 366 4790 1981 271 1380 1119 286 513 165 2809 2669 463
is_linear=0
shrinkage=0.05


Tree=77
num_leaves=31
num_cat=0
split_feature=36 17 39 20 20 31 7 17 5 26 41 41 23 39 21 28 38 16 20 5 23 20 42 19 23 21 11 38 40 41
split_gain=0.693937 1.86188 1.78875 1.57698 2.22893 1.97286 1.35691 1.36728 2.04598 1.24006 1.03638 2.67812 2.03413 1.99435 1.86641 2.5146 1.35631 1.31725 1.26588 1.59553 1.26324 1.22833 1.08285 1.9372 1.67405 1.6092 1.4406 1.11244 1.23359 2.29406
threshold=2201.3649319239853 0.0023431879207198385 167.33500000000228 46.29000000000088 0.01000000000203727 104886.66250000002 -0.0015046981004846417 0.0028689115043675794 -0.00043604582281475717 105668.41309330212 325.44577508553431 297.99040123088599 -0.21579766643856504 241.80785714285648 6.0749999999970905 260.78933269903069 67.814018919707493 0.0023630680556706064 22.920000000005533 -2.8904637591513945e-05 -0.56062042353898878 50.424999999995642 116.81269910156369 173.36499999999799 -0.77320769081552843 41.724999999998552 0.0034370599989273116 62.700587559169506 16.091799326284676 -51.683531352684604
decision_type=2 2 2 2 2 2 2 2 2 2 2 2 2 2 2 2 2 2 2 2 2 2 2 2 2 2 2 2 2 2
left_child=10 2 -2 4 -4 -5 -3 -8 -9 -6 11 22 21 -14 16 17 -12 -16 -17 -20 -21 -13 -1 -24 25 -25 -26 -28 -29 -30
right_child=1 6 3 5 9 -7 7 8 -10 -11 14 12 13 -15 15 18 -18 -19 19 20 -22 -23 23 24 26 -27 27 28 29 -31
leaf_value=3.3950320567252935e-08 5.7624406572942098e-06 3.7139355361703542e-05 2.8551958112797326e-06 -1.2590678484137967e-05 -1.8718454268592502e-05 1.0958169996381805e-05 1.3490134415272164e-05 -3.7492493516466123e-05 2.7924148867767586e-07 -2.4082068830847933e-05 -2.878181253236928e-05 7.6774100840206703e-06 -3.3072204277216525e-05 -4.9283475519288903e-06 -1.6572208836389655e-05 1.6313384386630922e-06 5.0575550793443145e-06 1.204647697237373e-05 2.4979123214477371e-05 -8.0873769579673421e-06 2.2066169711419981e-05 -1.9028662370869512e-05 -3.2555582439277319e-05 -2.4980072262535807e-05 -2.9163910533994836e-05 3.3172879480047857e-05 2.9518113556379409e-05 -5.0326382712920903e-05 4.3905286591131341e-05 -1.240926234497143e-05
leaf_weight=84735 80 92 56 143 94 94 132 54 178 106 62 121 55 61 122 145 83 62 149 56 96 57 64 50 59 110 105 68 51 293
leaf_count=84735 80 92 56 143 94 94 132 54 178 106 62 121 55 61 122 145 83 62 149 56 96 57 64 50 59 110 105 68 51 293
internal_value=3.13809e-06 -0.00128766 -0.00318499 -0.00431034 -0.00703125 -0.00137131 0.00109649 -0.000274725 -0.00258621 -0.0095 1.84749e-05 2.03894e-06 -0.0047619 -0.00991379 0.00183871 0.00301587 -0.00327586 -0.00190217 0.00504484 0.00689369 0.00328947 -0.00140449 1.84135e-05 -0.0018125 -0.00108696 0.0034375 -0.00234375 -0.00149903 -0.0026699 -0.00145349
internal_weight=87633 1029 573 493 256 237 456 364 232 200 86604 85829 294 116 775 630 145 184 446 301 152 178 85535 800 736 160 576 517 412 344
internal_count=87633 1029 573 493 256 237 456 364 232 200 86604 85829 294 116 775 630 145 184 446 301 152 178 85535 800 736 160 576 517 412 344
is_linear=0
shrinkage=0.05


Tree=78
num_leaves=31
num_cat=0
split_feature=42 2 31 11 38 4 21 1 23 15 0 1 11 2 23 1 1 21 5 18 9 38 20 38 42 32 4 11 7 3
split_gain=0.728609 1.6439 2.44157 1.46338 1.86128 1.7749 1.77013 1.71397 1.7569 1.58105 1.38211 2.11254 1.97355 2.28317 2.80497 2.64812 2.88503 2.69465 2.35462 2.26964 2.07899 1.8994 1.87848 1.87176 2.77931 1.80132 1.81965 2.09463 3.26156 3.31195
threshold=-9.1366124429872215 118504.04500000001 119003.42730000001 0.0031745235186928064 67.814018919707493 59.828290000000003 132.07500000000439 107893.70000000001 -0.41155867167217836 0.00130626999255128 90605.10000000002 91368.765000000014 -0.0007661474850559094 87582.450000000026 -0.51811772587737759 88556.075000000012 89741.125000000015 74.840000000003798 0.00011340894400522837 106.51499999999943 -0.0016681593884042281 41.613819478809781 5.0250000000014561 64.208566887177113 35.978685750419295 -263.6597466768871 8.9746800000000011 0.00074653496583970062 -0.00057829590757879276 84664.795000000027
decision_type=2 2 2 2 2 2 2 2 2 2 2 2 2 2 2 2 2 2 2 2 2 2 2 2 2 2 2 2 2 2
left_child=1 2 3 4 -1 -6 7 8 -5 -7 12 -12 -2 20 -15 -16 17 -17 22 -20 21 -14 -18 -23 -25 -22 -27 28 29 -28
right_child=10 -3 -4 6 5 9 -8 -9 -10 -11 11 -13 13 14 15 16 18 -19 19 -21 25 23 -24 24 -26 26 27 -29 -30 -31
leaf_value=3.699090590460133e-07 -3.6166576981295081e-06 -2.2037258186195771e-06 3.1437021106635453e-05 -2.3066991018649355e-05 1.7176322619762024e-05 -1.733529200216208e-05 3.3366076710443877e-05 -1.5121690477245842e-05 5.1081090500786215e-06 1.9041529019461466e-05 3.0823586185963111e-06 -6.6007545283245313e-09 -9.8367287588888303e-06 5.901660793487752e-07 -1.0708282415580593e-05 2.6189271937477851e-06 3.2153556461788976e-06 -1.6306378569739026e-05 -9.2828329042076859e-06 -5.5536737495604455e-06 -1.1461739573886639e-05 1.468345727801067e-05 -3.2055008989505909e-06 -2.1322804263008849e-05 1.838682092779045e-05 -3.4702981694558715e-06 -7.5700204924793145e-06 -5.0578318572702922e-07 4.9049879332480322e-06 3.3576369397679795e-06
leaf_weight=30158 2462 2224 56 143 68 52 52 66 122 54 625 40499 65 828 483 381 90 71 189 140 713 376 212 53 73 218 301 5059 1579 221
leaf_count=30158 2462 2224 56 143 68 52 52 66 122 54 625 40499 65 828 483 381 90 71 189 140 713 376 212 53 73 218 301 5059 1579 221
internal_value=3.13809e-06 0.000188665 0.000283546 0.000264529 0.00030331 0.00545977 -0.00280679 -0.00415408 -0.00235849 0.00141509 -0.000108899 3.52592e-05 -0.00054758 -0.000262396 -0.00162907 -0.00287356 -0.00150046 0.00154867 -0.00368463 -0.00661094 0.0001155 0.00304233 -0.000496689 0.00408367 -0.00119048 -8.96057e-05 0.000142315 0.00027933 0.00160638 -0.00181992
internal_weight=87633 32995 30771 30715 30332 174 383 331 265 106 54638 41124 13514 11052 2394 1566 1083 452 631 329 8658 567 302 502 126 8091 7378 7160 2101 522
internal_count=87633 32995 30771 30715 30332 174 383 331 265 106 54638 41124 13514 11052 2394 1566 1083 452 631 329 8658 567 302 502 126 8091 7378 7160 2101 522
is_linear=0
shrinkage=0.05


Tree=79
num_leaves=31
num_cat=0
split_feature=42 0 18 19 11 24 21 7 31 4 4 7 13 41 32 36 4 25 32 19 9 28 42 7 34 38 15 9 36 36
split_gain=0.759875 1.41643 2.44001 2.98962 2.95307 3.12954 2.3228 2.30719 2.10259 1.96698 3.77142 2.09443 3.0479 2.21854 3.7475 2.0201 2.0138 1.88898 2.1723 1.87311 3.12129 2.74579 2.52324 2.75144 2.76688 2.94207 3.38633 2.49163 3.85999 2.38824
threshold=-9.1366124429872215 104467.12500000001 -20.329999999994467 151.14499999999683 -0.0052254782633499751 88.684078900000017 40.834999999999134 -0.00089536925580135571 104118.24430000001 212.59609000000003 204.75578500000003 -0.00093083317772046828 0.0013789103013649784 -164.97983271657924 -263.6597466768871 -621.44325231917162 63.087275000000012 -0.5979091838509939 143.78947036486355 82.555000000000305 -0.0016681593884042281 -81.894998687741449 -20.829874605257483 -0.0004993787801918782 107409.80378190243 26.527924979871425 0.00087059117621033038 0.00064908580907502148 486.16340125723224 288.83699341146718
decision_type=2 2 2 2 2 2 2 2 2 2 2 2 2 2 2 2 2 2 2 2 2 2 2 2 2 2 2 2 2 2
left_child=1 2 3 4 -1 -6 7 -7 9 10 11 12 -5 -13 15 16 -15 18 -9 20 -3 -21 23 -22 29 -26 27 28 -27 -25
right_child=-2 19 -4 8 5 6 -8 17 -10 -11 -12 13 -14 14 -16 -17 -18 -19 -20 21 22 -23 -24 24 25 26 -28 -29 -30 -31
leaf_value=2.4881712396438123e-05 -8.603035923370661e-08 -1.0127250309492959e-05 2.5153164060137557e-06 3.7839838271946388e-06 -1.0909052293351697e-06 -1.3417858853398655e-05 -2.5241212931692343e-05 -1.7005109701229424e-05 1.6303256792473319e-05 -3.9097077414373748e-06 4.0250455632435409e-05 -2.9375679705442317e-05 2.7813238410148543e-05 1.3815574159094945e-05 -7.8431047706454498e-06 2.4213827862017132e-05 -1.7161968917289826e-05 2.6188849643694001e-05 1.3290058708898811e-05 1.5552699592703732e-07 5.4035097900272357e-06 -3.1077140283308892e-06 1.9685731665553199e-08 -7.1739939216195298e-06 -3.9304843711704968e-06 6.6289793109076925e-06 -3.8475387059253057e-06 1.2013113936895254e-05 -3.2569112678764839e-06 3.5544112208145038e-06
leaf_weight=78 54638 260 8072 2022 2593 179 123 51 168 961 58 108 91 50 513 115 66 55 61 8239 592 4413 2777 145 172 506 159 112 151 105
leaf_count=78 54638 260 8072 2022 2593 179 123 51 168 961 58 108 91 50 513 115 66 55 61 8239 592 4413 2777 145 172 506 159 112 151 105
internal_value=1.28376e-05 0.000202303 0.000553241 -0.000109709 -0.00127389 -0.00151862 -0.00527719 -0.00317919 0.000770713 0.000539659 0.00116606 0.000919056 0.0017629 -0.00117371 -0.000201613 0.00508658 0.000431034 0.0010479 -0.00267857 -0.000103511 0.000718016 -0.00042681 0.00101187 0.00239444 0.00114815 0.00222727 0.00334052 0.00471391 0.00353881 -0.0036
internal_weight=87633 32995 15364 7292 3140 3062 469 346 4152 3984 3023 2965 2113 852 744 231 116 167 112 17631 4979 12652 4719 1942 1350 1100 928 769 657 250
internal_count=87633 32995 15364 7292 3140 3062 469 346 4152 3984 3023 2965 2113 852 744 231 116 167 112 17631 4979 12652 4719 1942 1350 1100 928 769 657 250
is_linear=0
shrinkage=0.05


Tree=80
num_leaves=31
num_cat=0
split_feature=18 5 11 11 25 16 39 16 28 20 13 13 26 24 9 17 24 11 40 11 35 15 13 1 24 16 34 23 18 41
split_gain=0.705934 2.23523 1.82225 2.707 2.40175 2.07675 1.78236 2.90792 1.75142 2.05969 2.37443 4.02005 2.46631 2.842 2.37149 2.32815 3.14851 2.29603 2.17083 2.64354 2.16902 2.20878 2.07022 2.69286 2.86087 2.72102 2.07252 1.98883 1.92534 1.88078
threshold=6.8799999999973815 4.9849225187465392e-05 -0.00083782524229252984 0.0013333681705912988 -0.57665922328097496 0.0011137449162442593 79.290714285714287 0.00038696699619135969 127.97769714408788 140.86499999999799 0.00062884593522708648 0.0010020961025498131 117996.78539959725 69.397095800000017 -0.0019812948143154187 0.0010035867885969908 87.879607400000012 0.00059577104394625097 57.978951385412081 0.00018645467598758978 83021.433575000017 0.00097054500266488162 0.0027114790471961937 111356.08500000001 95.904765299999994 0.0025830702241664539 103635.82108145989 2.2811519025676863 10.904999999998838 56.235018651179708
decision_type=2 2 2 2 2 2 2 2 2 2 2 2 2 2 2 2 2 2 2 2 2 2 2 2 2 2 2 2 2 2
left_child=1 -1 -3 5 -5 6 7 -4 9 10 14 18 22 -14 28 -11 -17 20 27 -20 21 -16 -13 24 -24 26 -26 29 -2 -12
right_child=8 2 3 4 -6 -7 -8 -9 -10 15 11 12 13 -15 17 16 -18 -19 19 -21 -22 -23 23 -25 25 -27 -28 -29 -30 -31
leaf_value=-7.7686263708486838e-08 -2.777445775245568e-05 -1.0313847630575454e-05 -4.2871234690702304e-06 5.5320238851651967e-06 -1.7606465136644964e-05 3.7047370091659277e-05 -4.0308211726015634e-06 9.1322748241780886e-06 -4.8797712361621176e-07 -2.5227524990268286e-05 2.9943720726101847e-06 -2.9785949633779829e-07 7.9554813595263142e-06 -7.431841462678318e-06 1.650949227012703e-05 2.5141178788189286e-05 7.7410406369236535e-06 -9.192454156299668e-07 4.5511440807689536e-06 -8.8068904563162859e-06 4.1085613164042484e-07 7.0986334256010255e-06 9.5967399794064558e-06 -7.5238999719963743e-06 -2.1760440194261632e-05 2.1887516250407178e-05 1.5778805087288235e-05 8.3787176844886035e-06 -5.3408982474815425e-06 1.896710622394225e-05
leaf_weight=46448 52 173 75 61 88 53 134 131 14197 81 1386 3890 264 80 111 138 633 4496 120 91 12437 287 536 123 139 89 57 64 1146 53
leaf_count=46448 52 173 75 61 88 53 134 131 14197 81 1386 3890 264 80 111 138 633 4496 120 91 12437 287 536 123 139 89 57 64 1146 53
internal_value=3.70865e-06 -0.000127748 -0.0029021 -0.00147601 -0.00721477 0.000699746 -0.000735294 0.00218447 0.000156906 0.000398698 0.000317651 0.00110998 0.000415218 0.00450581 2.2937e-05 0.0028169 0.00366407 0.000171658 0.00320887 -0.00154028 0.000512271 0.00414573 0.000124121 0.00222458 0.00325822 -0.000789474 -0.00408163 0.00387558 -0.00212855 0.00349201
internal_weight=87633 47163 715 542 149 393 340 206 40470 26273 25421 6892 5178 344 18529 852 771 17331 1714 211 12835 398 4834 944 821 285 196 1503 1198 1439
internal_count=87633 47163 715 542 149 393 340 206 40470 26273 25421 6892 5178 344 18529 852 771 17331 1714 211 12835 398 4834 944 821 285 196 1503 1198 1439
is_linear=0
shrinkage=0.05


Tree=81
num_leaves=31
num_cat=0
split_feature=20 20 38 13 15 36 15 4 38 16 4 5 16 26 1 5 22 1 28 21 5 13 38 5 7 18 38 28 28 41
split_gain=0.66354 1.69888 1.96091 2.23908 2.47646 3.42391 3.33426 2.48089 2.60952 3.0828 2.06247 2.01582 3.24413 3.21648 2.53849 2.10416 2.4478 2.26387 2.05919 2.01404 2.16741 1.98509 2.77458 2.02307 2.09622 2.50975 2.16527 2.30446 2.20297 2.09305
threshold=24.275000000001459 6.8499999999985457 50.718986892905868 -0.0012334049062589149 0.00056589476231719879 -275.14905436492694 0.0012084129282592217 43.939765000000001 48.026500568697706 0.0012797733805278435 63.730395000000009 0.0015237414607164911 0.00081160051960503814 114911.95212426332 118145.83500000002 0.00063442614810962493 105.47733900000001 82943.630000000019 635.80678927942802 10.049999999995636 0.00041368416769655124 -0.00026725992608316772 48.857574047388901 0.0006466115182166514 -0.00043290646512717917 -32.484999999993299 43.402843993369451 63.207267790785416 36.690348340678618 8.0333600066103514
decision_type=2 2 2 2 2 2 2 2 2 2 2 2 2 2 2 2 2 2 2 2 2 2 2 2 2 2 2 2 2 2
left_child=1 2 3 -1 5 -5 7 8 9 -6 21 15 -13 18 -15 17 -17 -4 -14 -10 -21 22 -7 24 -23 -26 29 28 -28 -27
right_child=-2 -3 11 4 6 10 -8 -9 19 -11 -12 12 13 14 -16 16 -18 -19 -20 20 -22 23 -24 -25 25 26 27 -29 -30 -31
leaf_value=2.6063283484678957e-07 2.496628280524736e-07 -6.8959885895977803e-07 1.7680085996581225e-05 5.1655033665531333e-06 -1.5303983871975715e-06 -8.4566409011337407e-07 1.9392233207840797e-06 -8.4832593051539481e-06 -7.174865895342012e-07 2.1716667293434634e-05 1.0296366641871293e-05 -1.5632542342444756e-05 -1.8963283477294118e-06 1.2836476546720944e-05 3.8765929955914547e-07 1.6812274805341831e-06 1.416136353858698e-05 1.5627313704365254e-07 -3.3117502107570807e-05 -5.7014613386238157e-06 -1.4813944851480823e-05 -2.7527455099360482e-06 1.8676054680464098e-06 -4.7256840528757699e-06 6.4397321537700482e-06 3.2948549163080547e-07 4.1770936693744303e-09 6.5063365153030314e-06 -6.1430527725159022e-06 8.7436900117165663e-06
leaf_weight=8439 37616 19001 199 340 1783 1796 786 840 287 59 54 123 805 71 87 2712 231 10625 95 282 100 225 124 68 116 175 380 69 81 64
leaf_count=8439 37616 19001 199 340 1783 1796 786 840 287 59 54 123 805 71 87 2712 231 10625 95 282 100 225 124 68 116 175 380 69 81 64
internal_value=8.55842e-07 -0.00011846 0.000109621 -0.000273836 -0.000894613 8.59107e-05 -0.00172226 -0.00240973 -0.00162286 -0.000651466 -0.000428299 0.000521809 -0.00146063 -0.000567108 0.00601266 0.000691872 0.00187734 0.000369549 -0.00172222 -0.00429746 -0.00667539 -0.000597159 -0.00158854 0.00101868 0.00153153 0.00262712 0.00159298 -0.000188679 -0.00146421 0.00554393
internal_weight=87633 50017 31016 16068 7629 3492 4137 3351 2511 1842 3152 14948 1181 1058 158 13767 2943 10824 900 669 382 3098 1920 1178 1110 885 769 530 461 239
internal_count=87633 50017 31016 16068 7629 3492 4137 3351 2511 1842 3152 14948 1181 1058 158 13767 2943 10824 900 669 382 3098 1920 1178 1110 885 769 530 461 239
is_linear=0
shrinkage=0.05


Tree=82
num_leaves=31
num_cat=0
split_feature=15 42 13 13 23 0 40 18 28 24 39 39 16 19 28 15 4 7 7 11 20 15 11 28 0 19 11 25 28 39
split_gain=0.678984 3.08861 3.28746 2.30187 2.26538 1.95344 2.60742 1.92575 1.9118 3.35368 2.05828 3.57872 3.24673 2.31217 2.25206 2.29754 3.52909 2.20034 2.74863 3.32059 3.70621 2.77792 2.59193 2.31667 2.16831 2.4225 2.63355 2.06696 2.05479 1.99351
threshold=0.00062355234878126286 19.646738561944069 0.0038416143437628061 0.0061911068707187896 3.5025591027643963 96513.240000000005 92.613054212524744 59.930000000000298 63.207267790785416 69.397095800000017 77.224285714283084 81.42642857142971 0.00053932784224258712 125.92499999999565 94.045050023385571 0.00050016512958244352 20.603560000000005 0.0010280279302877608 0.0002804967269687643 9.4266747671736191e-05 14.105000000003203 0.00056147627350595127 0.00032313881048573738 117.94161143968087 105686.79500000003 51.86499999999797 0.00070210412672636177 -0.69161848591225228 91.897329636813097 112.6042857142867
decision_type=2 2 2 2 2 2 2 2 2 2 2 2 2 2 2 2 2 2 2 2 2 2 2 2 2 2 2 2 2 2
left_child=1 2 4 -3 5 6 7 -1 29 10 12 -12 13 14 -10 24 -17 18 19 20 -13 -21 -20 -19 -16 -26 -27 -14 -29 -7
right_child=-2 3 -4 -5 -6 8 -8 -9 9 -11 11 17 27 -15 15 16 -18 23 22 21 -22 -23 -24 -25 25 26 -28 28 -30 -31
leaf_value=-3.8218820389772432e-07 1.2544547985644011e-07 -2.4031226469649307e-06 1.5110633201042182e-05 1.1280153012550552e-05 4.7040245768047723e-06 2.1366780553084567e-08 -1.0538426613694093e-05 -4.3040878945733205e-06 1.7137964754885392e-06 1.0675094781804369e-05 -6.6183537614226088e-06 -1.004364511835332e-06 5.3863506321624163e-07 9.7865266584204851e-06 -1.0220265428209929e-05 -5.2990104314155796e-06 6.3535774488613766e-06 -8.9814139626202447e-06 1.4124692515249112e-05 -2.0600181227101406e-06 -1.7962001973150449e-05 7.6253402341327916e-06 2.7482094205941776e-06 -1.5717633388736413e-06 -4.5345042767072744e-06 -7.7323171863257883e-06 3.0062311110634356e-06 8.6631779415665615e-06 4.9786980678784326e-06 -4.130475421007272e-06
leaf_weight=4177 63825 2815 60 52 191 11668 100 305 702 171 189 64 98 72 97 53 75 55 115 266 59 115 350 131 236 64 208 73 146 1101
leaf_count=4177 63825 2815 60 52 191 11668 100 305 702 171 189 64 98 72 97 53 75 55 115 266 59 115 350 131 236 64 208 73 146 1101
internal_value=-3.13809e-06 -0.000231015 -2.02951e-05 -0.00177014 -5.38767e-05 -0.000103915 -0.00101484 -0.00083668 0.000155202 0.00122043 0.000852273 -0.00063244 0.00194627 0.000978766 0.00054007 -0.00139836 0.0046875 0.000411255 0.00136739 -0.00119048 -0.00833333 0.00111549 0.00413978 -0.00456989 -0.00268595 -0.00137795 0.00183824 0.00654574 0.00924658 -0.000123346
internal_weight=87633 23808 20941 2867 20881 20690 4582 4482 16108 3339 3168 1344 1824 1507 1435 733 128 1155 969 504 123 381 465 186 605 508 272 317 219 12769
internal_count=87633 23808 20941 2867 20881 20690 4582 4482 16108 3339 3168 1344 1824 1507 1435 733 128 1155 969 504 123 381 465 186 605 508 272 317 219 12769
is_linear=0
shrinkage=0.05


Tree=83
num_leaves=31
num_cat=0
split_feature=23 40 41 28 28 22 11 28 35 16 9 38 36 16 7 38 32 21 11 21 42 22 0 38 7 0 38 11 9 23
split_gain=0.659198 3.04937 2.31484 1.86887 2.15972 2.71336 2.05884 2.42919 2.57872 2.89 1.50759 1.43203 1.62769 2.45932 1.73472 1.38078 1.11549 1.01847 1.01791 0.952744 0.784841 1.47428 1.4047 2.03887 1.69704 1.53302 1.47812 1.45551 2.08509 1.95739
threshold=-1.4051871840088521 165.39763165054322 126.82733374310426 21.761269853872367 -9.9782453389270795 25.08961949999998 -0.002322184621018858 -134.44311691233449 102569.7629 0.0012033981540899633 -0.00012193770034703881 63.134045777281401 -408.54539009124704 0.00092245036984060661 3.4581679318093795e-05 70.854425324432938 -321.19678807190934 4.2549999999973815 0.0012008403426195951 4.2549999999973815 -68.464285358841821 477.27365674999993 114534.43500000001 26.527924979871425 -0.0012940001239426921 118813.52500000001 35.075844474494225 -0.0045976854881208404 -0.001603280671933499 0.39575698475660509
decision_type=2 2 2 2 2 2 2 2 2 2 2 2 2 2 2 2 2 2 2 2 2 2 2 2 2 2 2 2 2 2
left_child=1 2 3 4 5 -1 -7 16 9 -9 -10 12 -5 14 -14 18 -8 -16 -13 -6 21 22 27 -24 26 -26 -25 28 -2 -30
right_child=20 -3 -4 11 19 6 7 8 10 -11 -12 15 13 -15 17 -17 -18 -19 -20 -21 -22 -23 23 24 25 -27 -28 -29 29 -31
leaf_value=-3.4817187322395522e-06 3.4256555809262142e-07 -2.7455308402049009e-05 3.2495330654286903e-05 -1.7585923679978829e-05 7.8611850996140388e-07 -7.5451784726956614e-06 9.618696871573056e-06 -1.8033398640853304e-05 1.0584453034028225e-05 1.3506061556181697e-05 6.9005433562204365e-07 2.5869351620022188e-06 2.1804391037923434e-06 1.1038020812448912e-05 -3.7337501151454518e-06 -6.4918514849388177e-06 2.8203524965127888e-05 -1.3741694193816495e-05 1.8822894526008188e-05 1.2826048028461259e-05 -4.3175471202703636e-08 4.6677649450148791e-05 1.417182297903504e-05 -2.1119694243033228e-05 1.8412291486147342e-05 -4.369098133751453e-06 8.1558826060692415e-06 -2.6057237563149269e-06 1.0729190368414282e-05 3.9947822741079267e-05
leaf_weight=83 1506 81 64 101 82 72 52 50 93 50 89 60 60 100 55 60 51 57 51 77 82453 82 213 76 142 99 51 1224 295 104
leaf_count=83 1506 81 64 101 82 72 52 50 93 50 89 60 60 100 55 60 51 57 51 77 82453 82 213 76 142 99 51 1224 295 104
internal_value=-2.85281e-07 0.00108069 0.00166412 0.00118665 0.002897 0.00138889 0.00289934 0.00435065 0.00195035 -0.0045 0.00549451 -0.00101103 -0.00274799 -0.000735294 -0.00436047 0.00277778 0.0109223 -0.00803571 0.00608108 0.00801887 -1.76822e-05 0.000685654 0.000539084 0.0027969 0.000543478 0.0030083 -0.00413386 0.000119847 0.000984252 0.00419799
internal_weight=87633 1388 1307 1243 699 540 457 385 282 100 182 544 373 272 172 171 103 112 111 159 86245 3792 3710 581 368 241 127 3129 1905 399
internal_count=87633 1388 1307 1243 699 540 457 385 282 100 182 544 373 272 172 171 103 112 111 159 86245 3792 3710 581 368 241 127 3129 1905 399
is_linear=0
shrinkage=0.05


Tree=84
num_leaves=31
num_cat=0
split_feature=23 40 41 9 21 39 15 21 15 40 36 24 19 19 4 34 35 40 20 18 4 19 25 32 32 17 23 23 9 5
split_gain=0.89231 2.64985 1.93675 1.83958 1.76543 1.53205 3.15345 2.68555 2.45127 2.37023 1.96625 1.44705 1.34035 1.32947 1.5675 1.2189 1.75648 2.13625 1.27724 1.15898 0.995312 0.731424 2.90534 2.17234 1.90635 2.25127 1.77633 1.77637 1.70525 1.67937
threshold=-1.4051871840088521 170.20442866468514 126.82733374310426 0.0013488211305524281 39.694999999999716 96.234999999997996 0.00055682591074386069 0.01000000000203727 0.00063678480296916354 68.490933909117317 -148.13454482553058 21.170854300000006 99.375000000000014 89.08000000000176 14.664185000000002 90405.968073177457 113315.86617500002 -14.582176958276248 17.549999999995638 4.4250000000029113 25.755765000000004 14.630000000004658 -1.2919276647340556 37.807201525218268 134.3938446889297 0.00054050996523375024 -0.78015757033981925 -0.97876786270252059 0.00042711107679011521 1.0000000180025095e-35
decision_type=2 2 2 2 2 2 2 2 2 2 2 2 2 2 2 2 2 2 2 2 2 2 2 2 2 2 2 2 2 2
left_child=1 2 3 5 12 6 11 -8 -7 10 15 -1 -5 14 -12 -10 17 18 -17 -13 -15 22 -2 26 25 28 27 -24 29 -25
right_child=21 -3 -4 4 -6 8 7 -9 9 -11 13 19 -14 20 -16 16 -18 -19 -20 -21 -22 -23 23 24 -26 -27 -28 -29 -30 -31
leaf_value=-2.4941088865540352e-06 -5.0230717847185283e-06 -2.6931819420588756e-05 2.915059293216829e-05 -5.9100448913332343e-06 1.7787819759422572e-05 1.0027161432301469e-05 -1.6139768868637343e-05 -1.7665832679049392e-06 -1.1355881664521639e-05 -6.8486757531463052e-06 1.3775999220166447e-06 1.0631679345885729e-06 -1.6335455213948051e-05 -6.2974748482522562e-07 2.3501340477003258e-05 1.3421798368989272e-05 -9.2134491598719068e-06 -6.5096809342407117e-06 1.7026479812769207e-05 1.1185226045179377e-05 1.6450352344974625e-05 -3.2554361747435691e-08 3.3248786110184183e-08 -3.9881957851748316e-08 -1.2784098815768083e-06 1.0787072356047278e-05 1.4650649613798074e-07 -3.7686691188635738e-06 6.6588918441424002e-06 5.5094924526023239e-06
leaf_weight=79 54 78 67 59 59 71 50 68 75 92 51 97 64 55 67 52 74 58 50 71 51 84959 170 140 118 53 449 126 64 112
leaf_count=79 54 78 67 59 59 71 50 68 75 92 51 97 64 55 67 52 74 58 50 71 51 84959 170 140 118 53 449 126 64 112
internal_value=3.13809e-06 0.00126081 0.00179389 0.00134755 -0.0032967 0.0021442 -0.000479452 -0.00720339 0.00352011 0.00252 0.00379925 0.00273279 -0.00670732 0.00736607 0.0110169 0.00121359 0.00299145 0.0059375 0.0102941 0.00535714 0.00330189 -1.71024e-05 0.00116641 0.00166396 0.00426078 0.00602981 -3.3557e-05 -0.00304054 0.00443038 0.00257937
internal_weight=87633 1388 1310 1243 182 1061 365 118 696 625 533 247 123 224 118 309 234 160 102 168 106 86245 1286 1232 487 369 745 296 316 252
internal_count=87633 1388 1310 1243 182 1061 365 118 696 625 533 247 123 224 118 309 234 160 102 168 106 86245 1286 1232 487 369 745 296 316 252
is_linear=0
shrinkage=0.05


Tree=85
num_leaves=31
num_cat=0
split_feature=19 25 20 26 21 20 18 9 9 9 38 32 11 9 32 36 9 16 38 21 40 7 32 13 19 22 18 39 3 21
split_gain=0.728601 2.56777 1.48342 1.81664 1.40953 1.42831 1.2862 1.77185 2.03383 1.27528 1.18806 1.44935 1.40377 1.18363 1.61444 2.63377 1.12037 1.11929 1.52439 1.09113 1.08257 1.08205 1.23915 1.5204 0.79374 2.40832 2.40213 2.26882 3.20069 3.23891
threshold=14.630000000004658 -1.1568993346562573 0.014999999999417925 115510.83836832781 1.0000000180025095e-35 3.3349999999991273 -1.0000000180025095e-35 0.00039739239878559162 -0.00031559444596402942 0.00016859102631433778 34.353697924535346 -21.448249844353992 0.00081393953414707072 -0.00019012182025307512 -26.907454354521175 49.337236834544463 -3.9145400027321203e-05 0.00020179967632945255 51.212943047668013 1.0000000180025095e-35 2.7750931154441791 0.0002804967269687643 73.094188165145184 0.00010128040996816512 32.495000000002626 15.273066749999989 -22.885000000002034 58.518214285714627 116790.62000000001 4.2549999999973815
decision_type=2 2 2 2 2 2 2 2 2 2 2 2 2 2 2 2 2 2 2 2 2 2 2 2 2 2 2 2 2 2
left_child=1 9 6 4 -4 -6 7 8 19 20 -8 16 21 -10 -15 -16 -12 18 -2 -3 -1 22 23 -13 26 -26 -19 -28 -29 -30
right_child=17 2 3 -5 5 -7 10 -9 13 -11 11 12 -14 14 15 -17 -18 24 -20 -21 -22 -23 -24 -25 25 -27 27 28 29 -31
leaf_value=-6.9269997576877719e-06 -1.0342234709432209e-06 -3.6294577023077442e-08 -5.5726167838213139e-06 3.8618433620180964e-06 -4.255399933046533e-06 5.0040518557766935e-07 4.3008794916341092e-06 4.6073287586685947e-06 -2.2871704722733129e-06 2.8430677792913235e-07 2.0605720993469879e-07 -3.8133201415272691e-07 -1.9258501993929787e-06 2.9604374259359245e-07 -4.5675227405653638e-06 6.0072044733855632e-08 -7.7644345373098675e-07 -1.9356164113110348e-06 -1.8328308368117474e-08 4.8174189140038155e-06 -7.3356412229528398e-07 6.8916114106177258e-06 6.1761977045051251e-06 4.1678228987836672e-06 1.1958556106293776e-06 -2.2250090102540908e-08 -5.8598740908784308e-07 1.9965188875010398e-06 -8.0769256562257423e-06 1.5486793738946882e-06
leaf_weight=67 59 55 56 58 51 66 64 52 54 58 54 72 60 85 54 84 54 431 91 77 57 70 66 69 2063 80307 1761 1298 127 113
leaf_count=67 59 55 56 58 51 66 64 52 54 58 54 72 60 85 54 84 54 431 91 77 57 70 66 69 2063 80307 1761 1298 127 113
internal_value=2.85281e-07 0.00113883 0.00197752 -0.00162338 -0.00419075 -0.00106838 0.00283505 0.000921909 -0.000183374 -0.0043956 0.00456778 0.00365169 0.00526706 -0.00261733 -0.00100897 -0.00434783 -0.00138889 -1.7971e-05 -0.00433333 0.00492424 -0.00725806 0.00676895 0.00495169 0.00230496 -1.0453e-05 2.18526e-05 -0.000723861 -0.000265232 0.00113784 -0.00416667
internal_weight=87633 1383 1201 231 173 117 970 461 409 182 509 445 337 277 223 138 108 86250 150 132 124 277 207 141 86100 82370 3730 3299 1538 240
internal_count=87633 1383 1201 231 173 117 970 461 409 182 509 445 337 277 223 138 108 86250 150 132 124 277 207 141 86100 82370 3730 3299 1538 240
is_linear=0
shrinkage=0.05


Tree=86
num_leaves=31
num_cat=0
split_feature=22 20 24 9 32 30 13 38 35 1 20 19 42 18 7 21 7 0 11 25 25 7 18 0 34 21 20 41 21 15
split_gain=0.681179 1.58817 1.59886 2.30524 1.29881 1.72771 2.21665 2.22343 3.25918 2.14759 2.30506 2.52638 2.14061 4.60145 2.57407 2.56125 2.03659 2.91589 1.95002 1.8692 1.85332 1.82739 3.28728 2.23138 2.06806 1.81079 3.69728 3.20385 2.1118 2.30927
threshold=164.05940024999998 264.3499999999986 94.884990400000007 4.4239329011190397e-05 -263.6597466768871 109727.57292804848 -0.0021401409196090339 39.121542357742122 108442.6303 109973.895 89.125000000000014 76.730000000003216 -0.78241857183479258 -16.904999999998832 -0.00074274635066540727 67.875000000000014 0.0022068344111078621 99411.190000000017 -0.0010677984645115284 0.9275743430301665 1.7963546921952689 -0.00045840989714314917 -31.579999999994467 90267.490000000005 90558.771956836848 54.004999999997388 81.45000000000438 -62.818774239649613 25.319999999999713 0.001730286589730417
decision_type=2 2 2 2 2 2 2 2 2 2 2 2 2 2 2 2 2 2 2 2 2 2 2 2 2 2 2 2 2 2
left_child=4 2 3 -2 5 6 12 8 19 -7 11 18 16 14 -14 -15 -1 -18 -11 21 -12 24 -23 -24 -8 27 -27 28 29 -9
right_child=1 -3 -4 -5 -6 9 7 25 -10 10 20 -13 13 15 -16 -17 17 -19 -20 -21 -22 22 23 -25 -26 26 -28 -29 -30 -31
leaf_value=1.1489092820488769e-06 4.3715129213324403e-06 1.6030240305696312e-05 -1.4938929147775685e-06 -4.4005625942480617e-05 -3.3303856164988491e-08 -8.346583277042245e-06 2.7721277073841831e-05 1.0942143672827425e-06 2.5853377391867605e-05 -7.3936281105177281e-06 -1.2441756628263747e-05 1.6425901630150566e-06 1.6166846631378892e-05 -2.1481199438427436e-05 -1.6822400004540917e-05 -2.0297523728077053e-07 3.3894018464101543e-05 -1.4543094186180876e-05 5.8439731656280487e-07 -7.058658505437354e-06 1.281188161934629e-05 -2.3186860480294356e-05 -9.7949971731235483e-06 1.5000705900834863e-05 7.6734239802507805e-06 -5.594935961654288e-06 2.3555311511908988e-05 -1.4378984237743158e-05 2.0434697820287483e-05 2.2711346465656403e-05
leaf_weight=5129 52 322 6469 57 67676 276 80 583 64 248 484 3564 246 159 143 70 125 54 233 71 113 56 50 88 156 438 59 142 314 112
leaf_count=5129 52 322 6469 57 67676 276 80 583 64 248 484 3564 246 159 143 70 125 54 233 71 113 56 50 88 156 438 59 142 314 112
internal_value=-1.4264e-06 -0.000478261 -0.000646093 -0.00665138 3.93272e-05 0.000495903 0.000942991 0.00229327 0.005 -0.000244002 1.07712e-05 0.000438813 0.000438745 -0.00234628 0.00096401 -0.00796943 0.000762999 0.00600559 -0.00296258 0.00364271 -0.00288945 0.00488372 0.00128866 0.00543478 0.00783898 0.00136529 -0.00115694 0.00245439 0.003444 0.00190647
internal_weight=87633 6900 6578 109 80733 13057 8139 2213 565 4918 4642 4045 5926 618 389 229 5308 179 481 501 597 430 194 138 236 1648 497 1151 1009 695
internal_count=87633 6900 6578 109 80733 13057 8139 2213 565 4918 4642 4045 5926 618 389 229 5308 179 481 501 597 430 194 138 236 1648 497 1151 1009 695
is_linear=0
shrinkage=0.05


Tree=87
num_leaves=31
num_cat=0
split_feature=16 11 28 15 5 9 32 25 7 25 17 25 23 9 22 24 11 15 23 26 13 17 17 38 32 9 22 5 11 32
split_gain=0.707268 1.3313 1.67534 1.37289 2.12571 1.24514 2.01151 1.15332 2.15712 0.874559 0.771962 1.82047 2.08535 1.5148 1.55238 1.40108 1.72549 1.84697 1.2795 1.58621 1.26281 1.29208 1.30774 1.24315 1.45175 1.49423 1.07887 3.27517 2.57826 1.94639
threshold=0.000243547540037346 -0.0004909557876794623 -26.862612563498256 0.00022648702410518005 0.00022007349000168503 0.00010207493156130398 16.073963190960061 -0.16328537861035736 -4.1306099826450932e-05 -0.13798160179298061 0.00033139879315124396 -0.76791858186647877 -0.83233192221756924 -0.00070079545725622923 9.030838000000001 17.939076500000002 -0.00051080077542966921 0.00032402676016119147 -1.0658638862440843 109401.61994598727 0.00012566114942817562 0.00027876170114349757 0.00031462982808675842 58.644274981009822 73.094188165145184 0.00044137622084315382 14.84736924999998 -0.00064833530892996407 -0.00013714393341355492 -74.12287710676172
decision_type=2 2 2 2 2 2 2 2 2 2 2 2 2 2 2 2 2 2 2 2 2 2 2 2 2 2 2 2 2 2
left_child=1 -1 -3 4 5 7 -7 8 -4 -5 11 18 -13 -14 -15 20 -17 -18 -2 -20 21 -16 -23 -22 -25 -26 27 -12 29 -29
right_child=10 2 3 9 -6 6 -8 -9 -10 -11 26 12 13 14 15 16 17 -19 19 -21 23 22 -24 24 25 -27 -28 28 -30 -31
leaf_value=1.5620216475557594e-06 -5.5502284582520136e-07 -1.997947555725722e-07 -1.0070778642637343e-06 2.9013348826594285e-06 -3.7565810915046604e-06 -3.7383801021284535e-07 6.6953514786455342e-07 2.0052609396812821e-06 4.6625625119094156e-07 2.4040396423085866e-07 5.3873730717626851e-06 3.6285293005355248e-06 2.7014800480418887e-06 2.3153633225603615e-06 -1.0657820881133983e-07 -3.8632542420975102e-06 5.298552432133399e-06 -1.5311631402819016e-06 -1.5289324740500793e-06 -7.7749707931448574e-06 1.22108269308523e-06 -4.9406165000100457e-06 -2.0662266845065965e-06 1.4138120276247504e-06 -6.4291563902886e-06 -5.2502879127501825e-07 -2.3769420381306156e-08 1.8106941372734295e-06 1.0396448701869566e-06 -1.745725150639137e-06
leaf_weight=83 67 79 61 65 53 52 98 76 64 61 127 56 97 54 99 51 75 61 51 65 73 110 76 70 77 72 83364 312 1379 605
leaf_count=83 67 79 61 65 53 52 98 76 64 61 127 56 97 54 99 51 75 61 51 65 73 110 76 70 77 72 83364 312 1379 605
internal_value=-2.56753e-06 0.0015896 0.000779967 0.00179245 0.000371287 0.00178063 -0.00166667 0.00435323 0.0014 0.00634921 -1.52402e-05 -0.00129983 -0.000437693 -0.00101093 -0.00171149 -0.00229058 0.00147059 0.00441176 -0.00587432 -0.00905172 -0.00350953 -0.00587719 -0.00833333 -0.00119863 -0.00308219 -0.00587248 2.03994e-06 0.0010421 0.000609756 -0.00144493
internal_weight=87633 692 609 530 404 351 150 201 125 126 86941 1154 971 915 818 764 187 136 183 116 577 285 186 292 219 149 85787 2423 2296 917
internal_count=87633 692 609 530 404 351 150 201 125 126 86941 1154 971 915 818 764 187 136 183 116 577 285 186 292 219 149 85787 2423 2296 917
is_linear=0
shrinkage=0.05


Tree=88
num_leaves=31
num_cat=0
split_feature=20 20 7 11 28 15 23 25 17 36 4 23 39 28 38 9 38 24 23 11 15 42 35 9 42 9 19 25 22 21
split_gain=0.681225 1.63214 1.92104 1.7715 1.76901 2.01705 1.9197 2.93291 4.21363 2.53408 3.63245 3.04109 2.52673 2.33318 3.60594 3.14418 2.48631 2.46044 3.71456 2.37102 3.27358 2.56673 2.24897 2.71956 3.30661 3.0967 2.57088 2.3005 2.39435 2.2743
threshold=24.275000000001459 0.014999999999417925 0.0038182284963771164 0.0040970530204149751 288.14168933151819 0.0028470984670103104 -1.1051942656190941 -0.54517033135387605 0.0011515360906003368 21.86030632554321 25.250785000000004 -0.56750414328970211 63.85714285714598 233.87581679454891 52.875706699760329 -0.0014737632072829865 55.480938221598159 43.673469300000008 0.69811801340826973 1.7914649290374035e-05 0.002760501127632764 -6.8104381098063334 93423.750150000022 -0.0037081017899297584 14.551371177811726 -1.0000000180025095e-35 24.555000000000295 -0.84795660922595084 39.458861500000005 37.019999999996806
decision_type=2 2 2 2 2 2 2 2 2 2 2 2 2 2 2 2 2 2 2 2 2 2 2 2 2 2 2 2 2 2
left_child=1 2 4 -4 6 -6 7 8 -1 10 11 12 -8 14 15 19 -16 18 -18 20 21 -12 23 -11 25 27 -27 28 -25 -28
right_child=-2 -3 3 -5 5 -7 9 -9 -10 22 13 -13 -14 -15 16 -17 17 -19 -20 -21 -22 -23 -24 24 -26 26 29 -29 -30 -31
leaf_value=2.1714098873698241e-07 2.4329302731809229e-07 -5.1503228464620318e-07 2.3225359189293038e-06 -3.0906585881772959e-05 3.6382121163918201e-06 3.6094579872002775e-05 -8.0666410036680301e-07 -1.3166817194835795e-05 1.3572281875199642e-05 1.0776248669806915e-05 2.6817405669508403e-06 2.4726587927930444e-06 1.9741904633886466e-06 -1.5051939025558447e-05 9.561421016903295e-06 -2.6224028446240933e-06 -6.5629192984475898e-06 5.6431385447276821e-06 4.1073871553491071e-06 1.7585714237149789e-05 -6.6354901822214679e-05 -5.552249041593579e-06 -1.0291883581968532e-07 -6.0289353093153911e-07 -7.8227740209239631e-06 7.8295295885881377e-06 -3.5209631574413939e-06 -2.0440152660405161e-06 -1.6972891534595504e-05 6.0156791110303763e-06
leaf_weight=1444 37616 26207 80 102 910 53 842 81 471 58 1262 2159 1451 104 288 2966 207 756 115 92 68 336 7942 51 420 58 450 764 70 210
leaf_count=1444 37616 26207 80 102 910 53 842 81 471 58 1262 2159 1451 104 288 2966 207 756 115 92 68 336 7942 51 420 58 450 764 70 210
internal_value=-6.56146e-06 -0.000127457 0.000172197 -0.00494505 0.000211613 0.00231049 0.000122435 0.00160321 0.00199739 -2.05622e-05 0.000516626 0.00160602 0.000337985 -0.000266387 -0.000139573 -0.000793819 0.00212299 0.00102041 -0.00263975 0.000881684 0.00045018 0.000907384 -0.00059114 -0.0020543 -0.00236036 -0.00132564 0.00111421 -0.00330508 -0.00971074 0.000227273
internal_weight=87633 50017 23810 182 23628 963 22665 1996 1915 20669 10646 4452 2293 6194 6090 4724 1366 1078 322 1758 1666 1598 10023 2081 2023 1603 718 885 121 660
internal_count=87633 50017 23810 182 23628 963 22665 1996 1915 20669 10646 4452 2293 6194 6090 4724 1366 1078 322 1758 1666 1598 10023 2081 2023 1603 718 885 121 660
is_linear=0
shrinkage=0.05


Tree=89
num_leaves=31
num_cat=0
split_feature=18 11 35 19 35 42 38 3 15 22 20 22 23 7 20 36 16 17 20 20 24 26 42 31 35 34 30 27 42 19
split_gain=0.782465 1.80658 1.66753 2.52513 2.19793 2.36731 3.29738 2.14192 2.00099 3.22501 2.37317 2.32216 2.29953 1.96227 1.90836 1.85461 1.81135 2.58168 1.78879 3.48161 2.92455 2.64537 2.18299 2.07037 2.71156 2.02384 2.70596 2.06612 1.86386 1.94344
threshold=9.3649999999979645 0.0039839741610291054 117127.41670000002 34.754999999997388 114375.67720000001 35.182044816797941 72.629375928985112 116523.11000000002 0.00077271168719483525 31.204130249999981 11.334999999999129 44.567713499999989 -1.1051942656190941 0.0010280279302877608 7.4800000000032023 151.27021225711363 0.00064125338805565721 0.00059642461783227494 7.0449999999982547 15.280000000006114 62.020061600000012 83388.935608512154 60.774990765501045 104809.79369999999 96120.048250000036 105252.28070011646 105199.29748451617 104974.51725000002 -5.942221965762946 19.239999999997966
decision_type=2 2 2 2 2 2 2 2 2 2 2 2 2 2 2 2 2 2 2 2 2 2 2 2 2 2 2 2 2 2
left_child=-1 2 4 -4 18 6 8 15 10 -10 11 12 -6 16 -14 -7 17 -12 20 21 28 -20 -23 24 -21 26 27 -25 29 -2
right_child=1 -3 3 -5 5 7 -8 -9 9 -11 13 -13 14 -15 -16 -17 -18 -19 19 23 -22 22 -24 25 -26 -27 -28 -29 -30 -31
leaf_value=-1.1223066526622547e-07 4.0091572651197298e-06 -1.6999107746635594e-06 -2.7859503670729356e-06 1.7274465944234045e-06 4.2617070633746496e-06 -8.5206277021788528e-06 4.5606780751557622e-06 3.1718048160972609e-06 1.1598117575977059e-05 -7.1883358396057365e-07 -2.0092422986125269e-06 -8.7316508615707987e-06 -3.9427370677770552e-07 -1.2898242710676517e-05 8.7698283713224324e-06 -2.1379925896525289e-05 7.0205872923874571e-08 -1.14721945687161e-05 9.24506878293484e-06 6.2339816458328377e-07 4.7592946895690147e-06 -2.1458362871023287e-06 -2.9234899994685959e-05 -8.9581702962159594e-06 4.7524914101227374e-06 -1.5425771268071243e-07 -1.4957827955833557e-05 1.0046746838449424e-05 -2.3634392704410857e-07 1.6446427490610546e-06
leaf_weight=48193 61 4020 209 4321 59 158 171 55 76 806 184 116 649 87 66 58 184 109 199 6985 2626 3123 64 138 2342 5606 156 114 4412 2286
leaf_count=48193 61 4020 209 4321 59 158 171 55 76 806 184 116 649 87 66 58 184 109 199 6985 2626 3123 64 138 2342 5606 156 114 4412 2286
internal_value=5.99089e-06 0.000171146 0.00028515 0.00118102 0.000153771 -0.0011879 -0.000708018 -0.00562731 -0.00119863 0.000680272 -0.00233838 -0.000730337 0.000258398 -0.00487589 -0.000524476 -0.00787037 -0.00361635 -0.00605802 0.000286355 4.00491e-06 0.00084976 -0.00144714 -0.00179636 0.000324294 0.000790715 -0.000399069 -0.00379902 -0.000595238 0.000299601 0.00143801
internal_weight=87633 39440 35420 4530 30890 2778 2507 271 2336 882 1454 890 774 564 715 216 477 293 28112 18727 9385 3386 3187 15341 9327 6014 408 252 6759 2347
internal_count=87633 39440 35420 4530 30890 2778 2507 271 2336 882 1454 890 774 564 715 216 477 293 28112 18727 9385 3386 3187 15341 9327 6014 408 252 6759 2347
is_linear=0
shrinkage=0.05


Tree=90
num_leaves=31
num_cat=0
split_feature=39 38 13 5 26 15 25 21 9 1 17 36 32 16 23 23 25 21 7 19 7 28 13 25 41 24 13 0 17 36
split_gain=0.703751 2.93233 2.46515 1.06318 1.03926 1.00145 3.47157 0.952713 1.0838 0.932217 1.23585 2.04376 1.53636 0.905794 0.722135 2.40722 2.26816 2.16155 4.31297 1.91629 2.82638 2.00238 1.91505 2.11855 1.82601 1.75827 1.74867 1.69848 1.67994 2.00667
threshold=543.28571428571388 75.222128740452959 -0.019812920051635863 -0.00046863570475292297 80644.747159944469 0.0039044610329373179 -0.34717115279224703 333.64499999999686 -0.0033981590331435903 101568.66500000002 0.003124742238146854 -1831.4614835076716 241.10610624266704 0.0018945294076738865 1.797103461761701 1.3458520584662452 0.52580382920737534 24.434999999990399 -0.0010558799120730558 95.745000000002634 0.00066947573602084973 95.947514730782146 0.0035201082589921984 0.75412361447425058 26.230515080442206 34.293219600000008 0.002399102942890266 112252.86500000001 0.0003575795420762686 296.11194559590518
decision_type=2 2 2 2 2 2 2 2 2 2 2 2 2 2 2 2 2 2 2 2 2 2 2 2 2 2 2 2 2 2
left_child=7 2 3 -2 -4 6 -6 14 -9 10 -7 -12 -13 -10 15 -1 17 18 -17 20 -16 -22 23 -18 27 -23 28 -20 -25 -30
right_child=1 -3 4 -5 5 9 -8 8 13 -11 11 12 -14 -15 19 16 22 -19 24 -21 21 25 -24 26 -26 -27 -28 -29 29 -31
leaf_value=-8.5302198677408229e-09 4.2924231630307041e-05 4.2822823839909023e-05 4.6630003433099351e-05 -3.4988208246927942e-06 5.9898324487588012e-05 7.0410857083880489e-07 -2.8155955187208928e-05 4.655848845754533e-05 2.3657411685480859e-05 -7.8645815721093039e-05 -3.0686259521364153e-06 -0.00013099045663906981 -4.9570494513006825e-05 -1.677036508345867e-05 5.9082398998867825e-08 1.581789042979006e-05 1.0092722763378941e-05 -6.2849117843580604e-06 6.022759088245997e-06 -1.4488092266780819e-06 1.385302014212159e-05 6.9135644137841218e-06 1.1355818343816467e-05 2.8642050571697023e-06 -6.8142783187044312e-06 -2.7656136294799696e-06 -1.241741317046317e-05 -5.8284091617800484e-06 2.5685525614787192e-07 8.2365222437369408e-06
leaf_weight=76999 76 64 51 60 52 58 94 77 51 50 73 55 55 63 807 80 206 335 152 5689 70 82 411 74 123 58 145 63 1144 316
leaf_count=76999 76 64 51 60 52 58 94 77 51 50 73 55 55 63 807 80 206 335 152 5689 70 82 411 74 123 58 145 63 1144 316
internal_value=-5.99089e-06 -0.00159884 -0.00264423 0.00330882 -0.00430328 -0.00509153 -0.00171233 6.61338e-06 0.00353403 -0.00678694 -0.00549793 -0.00751366 -0.0118182 0.000438596 -1.15268e-06 4.06006e-05 0.0014185 -0.000962815 0.00143541 -0.000499553 0.00149951 0.00666667 0.00219948 0.0015252 -0.0010355 0.00321429 0.000938058 0.00174419 0.00143416 0.00106164
internal_weight=87633 688 624 136 488 437 146 86945 191 291 241 183 110 114 86754 80048 3049 753 418 6706 1017 210 2296 1885 338 140 1679 215 1534 1460
internal_count=87633 688 624 136 488 437 146 86945 191 291 241 183 110 114 86754 80048 3049 753 418 6706 1017 210 2296 1885 338 140 1679 215 1534 1460
is_linear=0
shrinkage=0.05


Tree=91
num_leaves=31
num_cat=0
split_feature=24 42 36 4 23 16 4 5 19 39 22 7 7 41 11 32 38 17 16 19 0 23 7 28 25 18 40 16 16 13
split_gain=0.686395 1.89662 2.42089 2.40775 1.84539 1.61016 2.34473 2.94175 3.00783 3.39677 2.72241 2.26045 2.45217 2.12364 3.11189 2.16069 1.86214 1.83845 2.08074 1.78857 1.73292 2.1402 1.72715 2.36491 2.31229 2.37229 2.4357 2.72819 1.81828 1.68882
threshold=102.91398790000001 -135.76581181610317 -1680.343330987889 73.550455000000014 -0.5729968355516265 0.0011467355045766518 41.27799000000001 0.00058405722375952168 110.72499999999856 135.23571428571401 50.290562250000001 0.0009481142575767902 0.0014563310928240845 82.906573704783014 0.00076850067032699365 -37.801910627269528 58.297809615310463 0.0012848437148136479 0.0014103417618366056 126.78500000000351 87276.970000000016 -0.83233192221756924 -0.00024593453776276147 135.72359919597514 -0.58177778940731917 -70.409999999996202 -90.252104268663956 0.0012180833586595359 0.0011820261578558077 0.0080820750095621351
decision_type=2 2 2 2 2 2 2 2 2 2 2 2 2 2 2 2 2 2 2 2 2 2 2 2 2 2 2 2 2 2
left_child=1 -1 3 4 -3 29 7 10 9 -9 11 17 -13 14 15 20 -15 -7 -19 -16 -10 -22 23 -12 25 -24 -27 28 -28 -4
right_child=-2 2 5 -5 -6 6 -8 8 13 -11 22 12 -14 16 19 -17 -18 18 -20 -21 21 -23 24 -25 -26 26 27 -29 -30 -31
leaf_value=-4.0075246582985623e-05 -6.1911462591096777e-07 4.1586372767604149e-06 -6.4490534944971458e-08 1.2238363352629352e-05 -2.8381944561579138e-05 1.0515535020753702e-05 2.3817182367027005e-07 -2.3184474033729001e-05 -7.6504662919429794e-06 3.299377028733308e-06 2.0941120870848502e-07 -1.2071149049990148e-05 8.4910760924269918e-06 -1.5102444863683286e-05 1.9952423176425069e-05 2.1035711291607548e-05 1.1161669862525345e-05 -2.7999009970457163e-06 1.6736738298917452e-05 2.2648091650795516e-06 2.379458943146924e-05 8.9320006948994977e-06 -2.0893063714404915e-05 1.3504036580206378e-05 3.3029826289367473e-06 -1.8204436598535266e-05 -2.6194149787788135e-06 -6.2564149485505972e-06 2.7179222247852685e-05 1.2843693933159821e-05
leaf_weight=138 15525 73 55195 299 51 495 11561 53 52 188 981 98 73 93 68 144 123 276 104 361 65 133 105 168 381 124 53 427 59 167
leaf_count=138 15525 73 55195 299 51 495 11561 53 52 188 981 98 73 93 68 144 123 276 104 361 65 133 105 168 381 124 53 427 59 167
internal_value=-5.99089e-06 5.89394e-05 7.01681e-05 0.00384161 -0.00201613 4.78706e-05 0.000486562 0.00143815 0.00347656 -0.00155602 0.000657895 0.00277247 -0.00248538 0.00464389 0.00580194 0.00901015 0.000231481 0.0038 0.00118421 0.00285548 0.0062 0.00833333 -0.000304613 0.00106614 -0.00167537 -0.00325521 -0.00214932 -0.000695733 0.00625 -8.038e-05
internal_weight=87633 72108 71970 423 124 71547 16185 4624 1280 241 3344 1046 171 1039 823 394 216 875 380 429 250 198 2298 1149 1149 768 663 539 112 55362
internal_count=87633 72108 71970 423 124 71547 16185 4624 1280 241 3344 1046 171 1039 823 394 216 875 380 429 250 198 2298 1149 1149 768 663 539 112 55362
is_linear=0
shrinkage=0.05


Tree=92
num_leaves=31
num_cat=0
split_feature=42 13 35 3 30 20 11 9 28 9 7 22 13 20 11 15 11 22 34 38 23 23 35 32 15 15 39 7 41 18
split_gain=0.642616 1.70589 1.45119 2.55331 1.60052 1.54198 1.22942 2.20018 1.52474 1.79254 1.76211 2.72156 2.27199 2.05067 2.01978 1.50085 1.48976 2.16673 1.601 1.59214 1.47699 1.61747 1.46906 1.41303 1.95024 1.84955 1.4167 1.97717 2.20542 1.97465
threshold=-68.464285358841821 0.0016966820784975001 115799.29427500001 117994.95500000002 117774.41605129049 66.385000000002051 -0.0045976854881208404 -0.0015368713161275414 -313.56366524775507 -0.0038935797919243289 -0.0018206282145283095 111.53925099999999 -0.0071494018580381567 57.305000000000298 -0.0024206438465436981 0.00130626999255128 -0.0066557142960679081 117.37761150000001 93034.630794820114 10.29761642883898 0.79579697833202578 -0.26286544125365996 102408.35167500003 -234.99700557729372 0.0022125629841892635 0.00075956090497767564 188.33928571428473 0.00036717915234806469 170.91445388240746 -73.29999999999562
decision_type=2 2 2 2 2 2 2 2 2 2 2 2 2 2 2 2 2 2 2 2 2 2 2 2 2 2 2 2 2 2
left_child=1 2 6 4 5 -4 7 15 9 -8 11 -11 13 14 -12 -1 19 -18 -19 -17 21 -9 -23 -10 25 -25 29 -28 -29 -27
right_child=-2 -3 3 -5 -6 -7 8 20 23 10 12 -13 -14 -15 -16 16 17 18 -20 -21 -22 22 -24 24 -26 26 27 28 -30 -31
leaf_value=8.0725928536685993e-06 -3.1631495940855236e-08 -2.3416386784556498e-05 -9.093769586281881e-07 1.7522166076078176e-06 3.7679772406892938e-05 2.8743728923099034e-05 -4.7342210928657368e-05 2.1717110388996808e-05 1.5864879827324341e-05 -1.4452000376551563e-05 1.4843299361250971e-05 3.8131510554182751e-05 -2.6955787759521974e-05 -1.832954012863986e-05 -1.5237054874569806e-05 -3.5533270030818039e-05 -2.7477495634894432e-05 -2.0859112331482316e-05 3.5145682141321141e-05 3.1611753429229902e-06 3.9813780016002994e-05 2.9596963430990662e-05 -1.0666112064585756e-05 9.5013762438117639e-06 2.404694568440144e-05 -2.2609652888577809e-05 1.1043041998735059e-05 -2.6376034545106846e-05 7.1804475579479192e-06 -3.3194516348395759e-06
leaf_weight=238 83805 56 52 316 50 51 58 148 96 57 92 53 79 120 53 102 143 78 61 953 63 115 76 57 81 50 231 74 76 149
leaf_count=238 83805 56 52 316 50 51 58 148 96 57 92 53 79 120 53 102 143 78 61 953 63 115 76 57 81 50 231 74 76 149
internal_value=-6.56146e-06 0.000626959 0.000755567 0.00335821 0.00866013 0.00509709 0.000386013 0.00117602 -0.000791855 -0.00292969 -0.00187225 0.00363636 -0.00363372 -0.00141509 0.00258621 0.000333333 -0.000317876 -0.0035461 0.000899281 0.000545024 0.00447761 0.00317109 0.00013089 0.000552826 -0.000208914 -0.00113815 -0.00198276 -0.00019685 -0.00466667 -0.00540201
internal_weight=87633 3828 3772 469 153 103 3303 1977 1326 512 454 110 344 265 145 1575 1337 282 139 1055 402 339 191 814 718 637 580 381 150 199
internal_count=87633 3828 3772 469 153 103 3303 1977 1326 512 454 110 344 265 145 1575 1337 282 139 1055 402 339 191 814 718 637 580 381 150 199
is_linear=0
shrinkage=0.05


Tree=93
num_leaves=31
num_cat=0
split_feature=36 28 32 21 5 42 41 5 9 15 42 22 11 36 21 22 30 7 19 7 13 20 7 20 17 19 25 24 16 20
split_gain=0.648723 1.45976 1.32258 3.08111 1.32006 1.55434 1.62891 1.83547 1.52747 1.41965 1.40743 1.62442 1.23753 1.57578 2.25 1.48085 1.6525 1.19977 2.02276 1.46642 2.57639 2.3877 1.88853 2.39941 2.3128 2.57061 1.87831 1.85501 2.6592 3.84458
threshold=514.73798786249256 584.40291000365698 -378.09046546518215 24.095000000001168 -0.0041507023845241374 133.95024927074812 246.13589784278511 0.0015237414607164911 -0.0062052135587828293 0.0030628247512363978 106.19414660466397 159.56273175000004 0.0051867300372716377 -590.43219790889987 53.444999999999716 95.055474499999988 88020.76494704689 -0.0041525846981051049 355.65499999999162 -0.0015379668921345093 0.0076787843354583175 14.569999999999711 0.00012147613797752185 178.56500000000236 0.00064298435583577728 131.34999999999857 0.14632827998444106 85.497574900000004 0.00085797430986605139 0.01000000000203727
decision_type=2 2 2 2 2 2 2 2 2 2 2 2 2 2 2 2 2 2 2 2 2 2 2 2 2 2 2 2 2 2
left_child=1 -1 3 -2 -4 8 9 -8 -6 -7 17 -12 -3 14 -14 -15 -17 18 -10 20 21 26 23 -21 -24 27 -19 -26 -29 -30
right_child=2 12 4 -5 5 6 7 -9 10 -11 11 -13 13 15 -16 16 -18 19 -20 22 -22 -23 24 -25 25 -27 -28 28 29 -31
leaf_value=6.6717303903426537e-08 3.5915865025541198e-05 1.0448362749708654e-05 -4.9895451320605626e-05 -5.5508431506684533e-06 3.6050491744020654e-05 1.2531924988849563e-05 5.2570659756995096e-05 9.2290192990912313e-06 -4.0137929159385045e-05 -2.1056326955706883e-05 -7.8878570989811059e-06 -2.6463564419617845e-05 -3.9278777599336144e-05 5.0863411428839467e-07 4.6972307510877246e-05 -2.5514564905476428e-05 -5.12600026183445e-05 -4.2309199653884306e-06 1.0639767453373878e-05 -1.702106223044342e-06 -2.7173568280069587e-05 1.0002494606488046e-05 2.892321762489332e-06 -2.4347425175959967e-05 -3.0744344952012114e-06 8.8024512404777992e-07 4.8732203446819575e-06 1.3617939543172372e-05 1.3088783224124158e-05 -5.8266054799428776e-06
leaf_weight=67751 51 50 84 60 72 91 89 77 55 66 164 100 50 50 50 53 78 476 53 6596 112 1014 738 71 2765 5764 184 114 138 617
leaf_count=67751 51 50 84 60 72 91 89 77 55 66 164 100 50 50 50 53 78 476 53 6596 112 1014 738 71 2765 5764 184 114 138 617
internal_value=-8.27314e-06 6.46279e-05 -0.000262135 0.00518018 -0.00029321 -0.000266067 0.00317337 0.00662651 -0.000324437 -0.000477707 -0.000352038 -0.00397727 -0.00324773 -0.00453737 0.0005 -0.00732044 -0.0101145 -0.00030085 -0.00555556 -0.000270321 0.00109183 0.00158303 -0.000415104 -0.0010687 1.47987e-05 -0.00019685 -0.000757576 -0.0012383 0.000776755 -0.000298013
internal_weight=87633 68082 19551 111 19440 19356 323 166 19033 157 18961 264 331 281 100 181 131 18697 108 18589 1786 1674 16803 6667 10136 9398 660 3634 869 755
internal_count=87633 68082 19551 111 19440 19356 323 166 19033 157 18961 264 331 281 100 181 131 18697 108 18589 1786 1674 16803 6667 10136 9398 660 3634 869 755
is_linear=0
shrinkage=0.05


Tree=94
num_leaves=31
num_cat=0
split_feature=21 25 25 23 23 38 34 35 16 18 15 20 28 22 21 5 39 41 19 18 40 15 41 9 13 40 23 11 21 7
split_gain=0.734228 1.90522 3.1835 3.07115 2.41275 2.00818 1.88922 2.86882 2.22416 2.19093 2.14106 1.92856 1.97005 1.91928 1.59166 1.5824 4.64491 2.17934 2.74068 2.79644 2.36422 2.20341 2.35325 1.94287 2.21218 2.71609 2.64992 2.09788 1.83424 2.10493
threshold=44.819999999999716 -0.37059735822519685 -0.42874626816261541 -0.99848564548589769 -0.59689277250383999 31.377330674296704 118299.51824005919 118144.39087500003 0.0042044809085636783 -54.83499999999912 0.0031950776817317099 30.65999999999622 158.71507012420628 69.481510500000013 46.734999999993313 -0.0014399716980847599 347.87035714285804 124.13252115150381 290.98500000000791 -152.37499999999997 6.3924765418196339 0.0010405716263017473 156.89262080691898 0.0018457270578665823 -0.0029917568815740416 21.345513296881112 0.15530724112050792 -0.00078989283114409543 6.2949999999982547 -0.0017309991314373842
decision_type=2 2 2 2 2 2 2 2 2 2 2 2 2 2 2 2 2 2 2 2 2 2 2 2 2 2 2 2 2 2
left_child=15 2 6 -3 -5 -4 7 8 10 13 -2 -12 -13 -8 -6 16 17 20 19 21 -1 -19 -23 24 -22 27 -27 -26 -18 -30
right_child=1 3 5 4 14 -7 9 -9 -10 -11 11 12 -14 -15 -16 -17 28 18 -20 -21 23 22 -24 -25 25 26 -28 -29 29 -31
leaf_value=5.0956602378165244e-06 2.02609723876804e-07 3.3068358460343625e-05 2.0552229081498192e-05 -9.1494734870573707e-06 -5.8474517589796987e-06 5.983604744529028e-06 -2.0537016917340951e-05 1.6367799347472312e-05 -4.0317763202973476e-05 -1.7775907444395657e-06 4.6528240439930192e-05 7.3886481379824596e-05 -1.3748428064639394e-05 -5.0850730081355983e-06 -7.0262735141214343e-07 6.8314559992734292e-09 -3.3871219738789611e-05 -8.5066440429588052e-06 2.4447269734940037e-05 1.8305536220484145e-05 6.6254255038383288e-06 1.7325667183909971e-05 -1.0512891554380161e-06 1.09403315796226e-05 -2.530168881329581e-05 -8.0948395277548121e-06 4.8813788458195431e-06 -4.3498950495612709e-06 4.4608827376047911e-06 -1.9130402419348941e-05
leaf_weight=2361 6507 72 92 845 529 699 54 61 68 429 67 60 65 66 13732 59633 147 54 190 100 135 86 227 68 78 448 364 60 219 117
leaf_count=2361 6507 72 92 845 529 699 54 61 68 429 67 60 65 66 13732 59633 147 54 190 100 135 86 227 68 78 448 364 60 219 117
internal_value=-8.27314e-06 -0.000248437 0.000367287 -0.000579787 -0.000628889 0.0033818 4.40558e-05 0.000270943 0.000173637 -0.00277778 0.000264965 0.00546875 0.0018 -0.00875 -0.000475072 7.89429e-05 0.00096691 0.00150444 0.00414764 0.00208779 0.00101024 6.81199e-05 0.00167732 -0.00084562 -0.00135945 -0.00221053 -0.00110837 -0.00869565 -0.00367495 -0.0016369
internal_weight=87633 23346 8168 15178 15106 791 7377 6828 6767 549 6699 192 125 120 14261 64287 4654 4171 657 467 3514 367 313 1153 1085 950 812 138 483 336
internal_count=87633 23346 8168 15178 15106 791 7377 6828 6767 549 6699 192 125 120 14261 64287 4654 4171 657 467 3514 367 313 1153 1085 950 812 138 483 336
is_linear=0
shrinkage=0.05


Tree=95
num_leaves=31
num_cat=0
split_feature=36 20 20 17 9 19 9 19 41 38 38 21 21 38 22 21 42 9 19 32 21 41 21 15 25 21 32 18 16 16
split_gain=0.786608 2.17094 2.54432 2.50488 2.25775 1.87692 1.86563 1.46168 2.87118 1.27343 2.00066 1.9542 1.38727 1.35847 1.18234 1.14165 1.08385 1.94795 1.44786 1.28049 1.5992 1.56989 1.94408 2.7928 1.92464 1.54611 2.24345 1.80293 1.70582 1.60217
threshold=2201.3649319239853 47.254999999997388 63.455000000009029 0.0020771577841471657 0.0011083276805536183 381.83499999999918 0.0029128495858923706 267.3300000000018 352.28398312473217 58.297809615310463 45.827529116138628 54.004999999997388 28.724999999998548 74.302939063471399 121.62170725 108.17499999999565 116.81269910156369 -0.0028151599236128613 173.36499999999799 797.00568057114299 132.07500000000439 297.99040123088599 58.459999999999134 0.0014165864920896367 -0.18708983362275136 0.014999999999417925 899.13248836394644 124.72499999999128 0.0020751140189656674 0.0014999350265992798
decision_type=2 2 2 2 2 2 2 2 2 2 2 2 2 2 2 2 2 2 2 2 2 2 2 2 2 2 2 2 2 2
left_child=16 3 -3 4 14 7 -6 8 -5 10 -4 12 13 -11 -2 -13 19 -18 -19 21 25 -1 23 -23 -24 26 27 -21 -27 -28
right_child=1 2 9 5 6 -7 -8 -9 -10 11 -12 15 -14 -15 -16 -17 17 18 -20 20 -22 22 24 -25 -26 28 29 -29 -30 -31
leaf_value=7.9375585703461073e-09 -8.5727874209692319e-06 2.2955919852435269e-05 -3.2817833161517651e-06 1.5285307354425138e-05 9.3355312295798308e-06 -2.7992715661110897e-05 -2.0609282015719485e-05 1.9988070267249571e-05 -1.2926882933324426e-05 -3.2080497972563031e-05 2.9281729006854211e-05 1.3410892676320354e-05 -5.1609921378387811e-05 1.0490127242465406e-05 -2.7160668220620033e-05 -2.6203258169078878e-06 4.2743774491184727e-05 -3.1474716112735236e-05 -4.9571888968904748e-06 2.4235642848585959e-05 -1.7845682634893344e-05 -1.1617054315520964e-05 -1.5432658657703623e-06 1.898554098199387e-05 -2.647512526683766e-05 4.6869334847466696e-06 1.7541102699825133e-06 -1.27810118544473e-06 2.0189887164765088e-05 -2.6560247588204312e-05
leaf_weight=83772 59 86 54 61 65 52 51 51 86 58 72 68 50 63 76 77 65 65 714 54 145 103 52 94 74 813 91 69 370 123
leaf_count=83772 59 86 54 61 65 52 51 51 86 58 72 68 50 63 76 77 65 65 714 54 145 103 52 94 74 813 91 69 370 123
internal_value=-1.05554e-05 -0.00138484 0.000852273 -0.00374251 -0.00727092 -0.0002 -0.00215517 0.0020202 -0.000510204 -0.000678733 0.00357143 -0.00237342 -0.00599415 -0.00309917 -0.0116667 0.00189655 5.77341e-06 -0.00177725 -0.00247112 2.33209e-05 0.0013964 -3.86468e-06 -0.00348297 -0.000380711 -0.00833333 0.001875 -0.00111276 0.00426829 0.00272612 -0.00420561
internal_weight=87633 1029 528 501 251 250 116 198 147 442 126 316 171 121 135 145 86604 844 779 85760 1665 84095 323 197 126 1520 337 123 1183 214
internal_count=87633 1029 528 501 251 250 116 198 147 442 126 316 171 121 135 145 86604 844 779 85760 1665 84095 323 197 126 1520 337 123 1183 214
is_linear=0
shrinkage=0.05


Tree=96
num_leaves=31
num_cat=0
split_feature=18 11 34 34 36 26 42 21 17 19 15 36 41 21 2 19 15 25 25 28 36 9 30 25 21 18 17 21 17 20
split_gain=0.638982 1.74044 1.87857 2.12398 2.12312 2.23793 2.28028 2.05834 1.85908 2.79883 1.99193 2.30521 1.98831 1.75715 1.74743 2.26751 1.7857 1.99582 1.67895 1.58208 1.56272 1.54839 1.99231 2.50819 2.29382 1.88164 1.93195 3.03595 1.7797 1.64367
threshold=9.3649999999979645 0.0013631332844315834 92665.010362660498 87190.210147081394 -204.08913868968372 89958.78122404663 73.058081880592809 29.03499999999622 0.0004595450895280092 60.519999999996806 0.00044099830531735854 260.79333890854474 -12.895132986206184 112.54499999999827 91334.070000000022 107.76500000000671 0.00091118107949701482 0.14632827998444106 0.83381037612465514 167.7682642011205 -441.33290240413038 -0.0017033501827668342 84286.836357883803 0.17065664179889004 43.055000000000298 171.86000000000061 0.00084601120097416843 62.545000000005537 0.00068855042792358774 33.66500000000088
decision_type=2 2 2 2 2 2 2 2 2 2 2 2 2 2 2 2 2 2 2 2 2 2 2 2 2 2 2 2 2 2
left_child=-1 21 3 -3 7 -6 14 20 9 -4 11 12 -10 -9 16 -16 -7 -18 -17 -13 -5 25 23 -23 -25 26 27 28 -2 -24
right_child=1 2 8 4 5 6 -8 13 10 -11 -12 19 -14 -15 15 18 17 -19 -20 -21 -22 22 29 24 -26 -27 -28 -29 -30 -31
leaf_value=-1.1427576334419626e-07 -9.6371672144772104e-06 -5.291373367655099e-07 -1.4105777439966441e-06 -1.8792357731487528e-05 -1.3655723975805186e-05 -8.3399847679706558e-06 -2.5201370441565238e-05 1.9900430170228661e-05 2.4731255561942208e-07 5.3142082626099056e-06 1.7162640278648325e-07 2.9360662851892281e-06 -7.8797544561495152e-06 -2.1073118764830713e-05 -1.4286283690622055e-05 -9.4201045267558434e-06 1.4317653655975569e-05 -6.9219829499996749e-06 9.6729606367242389e-06 -7.0033088385754416e-06 4.4758950234162515e-06 2.0204498601648061e-06 5.8318437401068509e-08 1.5158223261085234e-05 1.0496283405914896e-06 9.5033418215449023e-06 -7.1957627059671349e-06 1.6963006821976967e-05 4.0034831054209016e-06 1.9226135382246622e-06
leaf_weight=48193 55 3134 79 173 424 76 75 196 56 175 8911 50 118 60 72 291 96 62 80 87 67 1440 15019 254 150 299 1576 52 102 6211
leaf_count=48193 55 3134 79 173 424 76 75 196 56 175 8911 50 118 60 72 291 96 62 80 87 67 1440 15019 254 150 299 1576 52 102 6211
internal_value=-5.99089e-06 0.000143256 -0.000297577 -0.00110279 -0.00254187 -0.00369898 -0.00206117 0.000201613 0.000110806 0.00433071 -5.42182e-06 -0.00393891 -0.00775862 0.00332031 -0.00114476 -0.00299097 0.00235043 0.00537975 -0.00141509 0.000912409 -0.003125 0.000393513 0.000511398 0.00208785 0.00556931 -0.000911708 -0.00152661 0.00299043 -0.000477707 0.00037447
internal_weight=87633 39440 14282 4806 1672 1176 752 496 9476 254 9222 311 174 256 677 443 234 158 371 137 240 25158 23074 1844 404 2084 1785 209 157 21230
internal_count=87633 39440 14282 4806 1672 1176 752 496 9476 254 9222 311 174 256 677 443 234 158 371 137 240 25158 23074 1844 404 2084 1785 209 157 21230
is_linear=0
shrinkage=0.05


Tree=97
num_leaves=31
num_cat=0
split_feature=21 21 1 16 23 5 9 39 7 5 4 42 19 21 7 35 20 39 19 34 18 20 41 42 21 28 11 23 7 25
split_gain=0.68698 1.81717 1.94313 1.97154 1.66563 2.49035 2.80037 1.96422 1.86125 2.51485 1.82326 1.88613 1.82051 2.20657 2.00853 2.08751 1.54709 2.05715 1.8041 1.52076 2.11981 1.86181 1.51236 1.77786 1.69185 2.94439 2.10269 1.72487 2.11458 1.50764
threshold=44.819999999999716 46.734999999993313 110190.95000000003 0.00098618424721311779 -0.82466073260737394 0.00053562859233641322 -0.00026014067176171409 113.80642857142917 0.0011586057814605294 0.00074730785249462362 108.44208500000002 27.351933596847946 247.21500000000381 132.07500000000439 0.0019198086872720445 118311.32657500001 0.014999999999417925 142.08785714285742 84.775000000001469 113510.98897160153 -40.349999999998538 104.02500000000147 -159.10561890848524 41.128935513907699 83.955000000009036 -86.05426758099928 -0.00036976495532264458 -1.0304652314476466 -0.00089536925580135571 -0.70888704875971464
decision_type=2 2 2 2 2 2 2 2 2 2 2 2 2 2 2 2 2 2 2 2 2 2 2 2 2 2 2 2 2 2
left_child=-1 2 -2 -4 5 6 7 -3 -7 -10 11 -11 13 14 15 16 17 18 -8 21 -21 22 23 -9 26 -26 27 -24 -29 -28
right_child=1 4 3 -5 -6 8 12 19 9 10 -12 -13 -14 -15 -16 -17 -18 -19 -20 20 -22 -23 24 -25 25 -27 29 28 -30 -31
leaf_value=5.9828736115530246e-08 -1.5759876107896172e-06 1.2238625894276654e-05 -3.2167217647509343e-06 -1.5161462785804193e-05 -6.12821345020417e-07 1.5946094601722367e-05 4.5067479375862841e-06 3.6209890450801864e-05 1.9188128493690582e-05 2.4130019411510065e-07 2.0929461378652357e-05 -1.8000075880357492e-05 -4.4308807536518459e-05 2.5990906105377789e-05 1.401315455901724e-05 -1.7230596654102528e-05 -5.9862339031915737e-06 1.3596304193353412e-05 -1.3978079008832085e-05 1.3293760523559889e-05 -1.4870958562292916e-05 -1.3860083551698881e-05 1.5252158509638785e-05 9.6857736832757537e-07 -8.9326835653651869e-06 2.913807323003561e-05 -1.4045341336841067e-05 2.049948728214597e-05 -1.2751287069870591e-05 1.6456530549080675e-06
leaf_weight=64287 676 63 228 118 19350 394 55 58 69 98 68 73 128 70 67 86 680 141 68 54 88 73 95 52 56 137 121 66 63 51
leaf_count=64287 676 63 228 118 19350 394 55 58 69 98 68 73 128 70 67 86 680 141 68 54 88 73 95 52 56 137 121 66 63 51
internal_value=-5.42033e-06 -0.000237728 -0.00229941 -0.00534682 -0.000143343 0.000958305 0.000154049 0.00217503 0.00356125 0.000649351 -0.00177824 -0.00453216 -0.00137066 -0.000749786 -0.001299 -0.00184466 -0.00116525 0.00208333 -0.00264228 0.00158643 -0.00316901 0.00246114 0.00325465 0.00863636 0.00224958 0.00608808 0.000378788 0.00357143 -0.000193798 -0.00377907
internal_weight=87633 23346 1022 346 22324 2974 2272 977 702 308 239 171 1295 1167 1097 1030 944 264 123 914 142 772 699 110 589 193 396 224 129 172
internal_count=87633 23346 1022 346 22324 2974 2272 977 702 308 239 171 1295 1167 1097 1030 944 264 123 914 142 772 699 110 589 193 396 224 129 172
is_linear=0
shrinkage=0.05


Tree=98
num_leaves=31
num_cat=0
split_feature=24 0 41 16 22 42 22 36 15 16 4 21 4 24 24 39 22 28 13 23 21 19 35 3 26 7 17 15 34 0
split_gain=0.70903 1.6692 2.33226 1.84267 1.4598 1.44529 1.77353 1.36042 2.40273 2.24285 1.86392 2.20887 1.24985 1.4262 3.06311 5.20743 2.44017 2.10178 1.86257 2.6296 1.75759 2.48664 2.07731 1.92029 2.40677 2.68331 1.88852 1.70723 1.81915 1.6312
threshold=102.91398790000001 81846.190000000017 -115.28761303304604 0.0016872752819591635 86.315340249999963 -135.76581181610317 178.31687250000002 -1680.343330987889 0.0019890416614966552 0.0011674263633366093 73.550455000000014 50.709999999999134 19.841620000000002 118.73512160000003 124.68410990000002 149.96142857142749 200.45271725000003 455.33880501882237 -0.0036923428877031765 -0.42419255779162685 1.9249999999956346 92.064999999995067 82532.85437500001 111198.81000000001 107239.14056899697 0.0016205734108887004 0.0017823696182041994 0.00094304328108650646 86486.48217006179 113261.83500000001
decision_type=2 2 2 2 2 2 2 2 2 2 2 2 2 2 2 2 2 2 2 2 2 2 2 2 2 2 2 2 2 2
left_child=1 2 -1 4 -4 -3 7 8 9 -7 -11 -12 -2 20 15 -15 17 18 19 -17 21 -14 -22 24 -24 26 -26 -23 -29 -25
right_child=12 5 3 -5 -6 6 -8 -9 -10 10 11 -13 13 14 -16 16 -18 -19 -20 -21 22 27 23 29 25 -27 -28 28 -30 -31
leaf_value=3.320910708812736e-05 9.6096947450804016e-06 -3.7984752367551771e-05 3.9188131301837075e-06 -2.2474347472646917e-05 2.8454350691358215e-05 1.2703203186582402e-05 1.87641354894306e-05 1.9562419171677063e-08 2.9386733984906331e-05 -2.1450415388077545e-05 1.9123981429038793e-05 -6.2075803564888532e-06 2.4171937067966733e-05 -1.5649754166346301e-05 -7.1774961237934011e-07 -1.6398259836398475e-05 2.7901339317741479e-05 -7.6004745810968145e-06 1.2026610805035766e-05 1.785810935133345e-05 -2.2895847968086773e-05 -1.2673726047892349e-05 -3.8274664243122853e-06 -2.0523806612406889e-05 7.5861967982905924e-06 -2.6018340024701663e-05 3.2955506371184206e-05 2.0074070103343399e-05 -2.5047340174436405e-08 -4.473198909404437e-06
leaf_weight=80 110 138 350 86 93 91 87 70860 67 80 79 97 55 123 11012 77 90 77 505 145 173 103 1731 123 244 58 61 81 342 415
leaf_count=80 110 138 350 86 93 91 87 70860 67 80 79 97 55 123 11012 77 90 77 505 145 173 103 1731 123 244 58 61 81 342 415
internal_value=-4.27921e-06 6.1713e-05 0.00266831 0.00146503 0.00276524 3.9511e-05 4.93967e-05 4.0688e-05 0.00289855 0.00122478 -0.00117188 0.00170455 -0.000310789 -0.000348686 -9.3524e-05 0.00253196 0.00385906 0.00298507 0.00381706 0 -0.00125517 0.00124785 -0.00177362 -0.00142477 -0.00074021 0.00296143 0.00483607 0.000190114 0.00159574 -0.00408922
internal_weight=87633 72108 609 529 443 71499 71361 71274 414 347 256 176 15525 15415 12029 1017 894 804 727 222 3386 581 2805 2632 2094 363 305 526 423 538
internal_count=87633 72108 609 529 443 71499 71361 71274 414 347 256 176 15525 15415 12029 1017 894 804 727 222 3386 581 2805 2632 2094 363 305 526 423 538
is_linear=0
shrinkage=0.05


Tree=99
num_leaves=31
num_cat=0
split_feature=24 24 24 0 11 25 19 1 11 39 25 9 7 15 36 23 26 3 28 3 15 32 20 22 17 22 0 23 31 30
split_gain=0.698949 1.95136 2.33453 2.07039 2.32805 1.90739 1.65047 1.82773 1.62039 1.72387 2.42338 1.52927 1.5105 2.15373 2.00875 1.58662 1.46459 1.63218 1.59128 1.48169 1.43449 2.8278 1.40741 1.37595 1.37418 1.9141 1.99989 1.83864 2.49428 3.0834
threshold=107.38355770000001 118.73512160000003 120.70044410000001 93779.790000000023 0.00013190347522015061 -0.39438243713655879 207.46500000000381 115592.00000000001 0.0042449697257474937 124.40392857142849 -0.69719933760129171 0.0012232973000976678 -0.0034092341484028049 0.00193264242687294 -1441.7912724145788 0.011678123500721603 90255.648226811041 85644.400000000009 100.2581885036707 114532.36500000001 0.00099812572512503282 128.03675916946671 24.840000000003787 178.31687250000002 0.001804044122374562 159.56273175000004 81846.190000000017 -1.1348590524047857 83132.178700000019 83763.881500161398
decision_type=2 2 2 2 2 2 2 2 2 2 2 2 2 2 2 2 2 2 2 2 2 2 2 2 2 2 2 2 2 2
left_child=23 6 3 5 -5 -3 7 8 9 -2 11 -11 13 -8 15 -14 17 -16 -19 -18 21 22 -12 24 25 26 -1 -26 -29 -30
right_child=1 2 -4 4 -6 -7 12 -9 -10 10 20 -13 14 -15 16 -17 19 18 -20 -21 -22 -23 -24 -25 27 -27 -28 28 29 -31
leaf_value=1.1526595551275231e-05 7.7349384195043886e-06 -2.270075199558746e-05 -4.2677246068020407e-07 5.3796359732680123e-06 2.3266472508201728e-05 1.6778983973787565e-05 2.8854256093328041e-05 -9.511518220382099e-06 1.6918565749940541e-05 -5.6139086279682592e-06 1.0858523885166668e-05 -2.3485295413750146e-05 -9.4755983397510264e-06 -1.7690011365837662e-05 -1.6561629656813627e-05 -5.9342797927304398e-05 -1.5452715635949487e-05 -2.728813635930752e-06 2.7376580562230086e-05 1.304202027447607e-07 6.0010118187859865e-06 -1.7803459186235536e-05 -5.5627352237429797e-06 1.2581008939261163e-05 1.4919187964786938e-05 -1.4128220128528684e-05 -2.9961200511638921e-09 -1.8327512184142282e-05 3.6847477916874974e-05 2.9389770884869559e-06
leaf_weight=542 102 78 11730 91 93 83 50 150 83 285 51 76 80 107 111 87 392 59 61 119 474 75 53 171 138 210 70135 154 63 1730
leaf_count=542 102 78 11730 91 93 83 50 150 83 285 51 76 80 107 111 87 392 59 61 119 474 75 53 171 138 210 70135 154 63 1730
internal_value=-1.05554e-05 -0.000327812 -6.8323e-05 0.00398551 0.0076087 -0.00015528 -0.00162526 -0.000463306 0.000187656 -0.00031362 -0.000936884 -0.00422438 -0.00309568 0.00143312 -0.00387789 -0.00883234 -0.0027628 0.000541126 0.00458333 -0.00425636 0.000880551 -0.00293296 0.00240385 5.22948e-05 4.17969e-05 4.58476e-06 1.87473e-05 0.00130695 0.000911659 0.00143614
internal_weight=87633 14490 12075 345 184 161 2415 1349 1199 1116 1014 361 1066 157 909 167 742 231 120 511 653 179 104 73143 72972 70887 70677 2085 1947 1793
internal_count=87633 14490 12075 345 184 161 2415 1349 1199 1116 1014 361 1066 157 909 167 742 231 120 511 653 179 104 73143 72972 70887 70677 2085 1947 1793
is_linear=0
shrinkage=0.05


Tree=100
num_leaves=31
num_cat=0
split_feature=20 9 30 25 5 11 7 42 20 0 16 2 7 9 21 7 23 35 19 21 40 42 2 24 25 16 24 36 38 38
split_gain=0.609665 1.68333 2.08579 1.2381 1.135 1.87597 1.54758 1.46996 1.37498 1.10099 1.06455 1.81404 2.06261 1.45217 1.09642 0.970268 0.939575 0.996361 1.71039 0.760188 1.72491 0.780869 2.12908 1.96394 1.76143 1.52821 1.2603 1.2746 1.47382 1.46155
threshold=237.06499999999508 -0.0035496510606225005 112813.20982674813 3.8971665511474192 0.00088337795794883546 -0.002040421088736141 -0.0004993787801918782 53.634038687160519 264.3499999999986 96970.275000000009 0.0042044809085636783 83782.095000000016 -0.0036100358579554182 -0.00056836501977602959 185.65000000000148 -0.0038591219202331788 0.070149675174360729 87394.101450000016 372.55500000000035 333.64499999999686 -191.10135243431429 116.81269910156369 92408.920000000013 85.497574900000004 -0.038907510757286774 0.0030176269963245001 350.37066820000007 -1298.0467346587463 68.099759269740062 79.808530577884525
decision_type=2 2 2 2 2 2 2 2 2 2 2 2 2 2 2 2 2 2 2 2 2 2 2 2 2 2 2 2 2 2
left_child=10 9 3 4 5 -3 -7 -8 -6 15 19 12 -12 -14 16 -2 17 -13 -19 21 -21 -1 26 -24 -25 -26 27 -23 -29 -30
right_child=1 2 -4 -5 8 6 7 -9 -10 -11 11 14 13 -15 -16 -17 -18 18 -20 20 -22 22 23 24 25 -27 -28 28 29 -31
leaf_value=1.4688260179013448e-09 -1.2221923673157756e-05 -3.1722496884365642e-05 -1.8449760006004337e-05 -4.5338634805127069e-05 -4.0303970239464074e-08 3.9113968880899423e-05 -2.7025640720737662e-05 1.0355410475485885e-05 3.9090549771836197e-05 6.0745060676586343e-05 5.8075868926642718e-05 -5.097243896774916e-05 -6.0875319100937638e-05 5.7323827973483632e-06 5.2493842581842355e-07 5.8119307111649998e-05 -0.00014536399839651888 -1.1921690420356465e-05 3.4513828272727673e-05 -3.0546470671131967e-05 3.5711327937196527e-05 -6.1172897036793983e-05 -2.6699923432544921e-05 -1.9859488547932661e-06 1.2525501496887528e-05 5.4744229731633039e-05 1.187002791982775e-05 5.1139788161217117e-06 -3.6147576127039675e-05 -3.4814171085684125e-06
leaf_weight=85400 61 67 61 70 63 53 71 83 103 53 60 68 70 101 76 53 51 73 58 68 107 51 83 174 137 53 51 52 76 86
leaf_count=85400 61 67 61 70 63 53 71 83 103 53 60 68 70 101 76 53 51 73 58 68 107 51 83 174 137 53 51 52 76 86
internal_value=-8.27314e-06 0.00142276 0.000131349 0.00117647 0.00215909 0.000182482 0.00253623 0 0.00542169 0.00583832 -2.0427e-05 -0.00219928 0.00119048 -0.00160819 -0.00460123 0.00307018 -0.0062 -0.00464824 -0.00209924 -6.37031e-06 0.00328571 -1.30566e-05 -0.0016055 0.000615213 0.0021978 0.00552632 -0.00474684 -0.00613208 -0.00443925 -0.00679012
internal_weight=87633 738 571 510 440 274 207 154 166 167 86895 557 231 171 326 114 250 199 131 86338 175 86163 763 447 364 190 316 265 214 162
internal_count=87633 738 571 510 440 274 207 154 166 167 86895 557 231 171 326 114 250 199 131 86338 175 86163 763 447 364 190 316 265 214 162
is_linear=0
shrinkage=0.05


Tree=101
num_leaves=31
num_cat=0
split_feature=9 20 38 17 9 2 5 41 31 17 21 2 25 7 24 17 7 42 22 5 4 19 39 36 17 36 21 9 15 11
split_gain=0.589498 1.38781 1.98728 1.56894 1.93539 2.04312 1.53881 1.45884 1.32276 1.59221 1.82567 1.24756 1.35827 1.86589 1.22708 1.04463 1.00354 1.34127 1.25111 1.10633 1.88784 1.46828 1.28932 2.26809 1.6615 1.38792 2.98344 3.04652 1.99158 3.22605
threshold=-0.0062052135587828293 1.0000000180025095e-35 26.081397904767829 0.0011767827974801914 -0.0090781227113223509 90319.415000000023 -0.0032223542035336333 -112.11001650906003 82889.614400000006 0.0015051253057674614 214.03499999998897 85322.670000000013 0.70641962686771864 -0.0045234860724532667 107.38355770000001 0.0027633931471618086 -0.0058932393811337528 -41.211054665850874 221.716443 -0.0025597514505375204 49.920830000000002 267.3300000000018 151.5925000000025 -550.33987954840984 0.0010322490920923035 -217.06739161006405 45.745000000002626 -0.0020291714518124379 0.0016121988687134421 -7.7975709967037415e-05
decision_type=2 2 2 2 2 2 2 2 2 2 2 2 2 2 2 2 2 2 2 2 2 2 2 2 2 2 2 2 2 2
left_child=1 2 -1 -3 5 6 15 -7 -6 -10 11 -11 13 -13 -14 -5 17 -2 -19 20 -18 -22 23 -23 -24 -26 27 -27 -28 -30
right_child=16 3 -4 4 8 7 -8 -9 9 10 -12 12 14 -15 -16 -17 19 18 -20 -21 21 22 24 -25 25 26 28 -29 29 -31
leaf_value=7.706837137303148e-06 -3.215361419169161e-06 -3.0774538247091944e-05 -5.1687613405091479e-05 -2.4606859957397902e-05 5.0032984130187842e-05 6.4240133321084907e-05 -7.4929003462186565e-05 -1.7882058841746575e-05 4.3387645096330341e-05 -2.7102766235832852e-05 3.0269414182345624e-05 4.9370982027428583e-05 -3.353125875263284e-05 -5.4170283602619942e-07 8.3025914766536993e-06 2.8221965647134659e-05 2.8439588891035142e-05 6.9298310098343392e-05 2.3258014077362516e-05 -2.5511012831426088e-09 -1.6082881194231485e-05 1.5489101660732418e-05 -2.6036769129541482e-05 -1.8780422823837486e-06 -1.2311424176364305e-05 3.0886519824687691e-05 2.2968233778671969e-05 -4.6593826137223448e-06 -5.1496761855863359e-05 1.814600760140214e-06
leaf_weight=50 77 54 56 51 96 50 89 52 80 72 54 61 52 72 85 67 62 69 52 84725 68 52 75 80 816 139 52 111 101 113
leaf_count=50 77 54 56 51 96 50 89 52 80 72 54 61 52 72 85 67 62 69 52 84725 68 52 75 80 816 139 52 111 101 113
internal_value=-5.99089e-06 0.00117675 -0.00424528 0.00179144 0.00229852 -0.000889968 -0.00374396 0.00490196 0.00402098 0.00294118 0.00164141 0.000292398 0.00185185 0.00545113 -0.00164234 0 -2.02097e-05 0.00353535 0.00681818 -2.83585e-05 -0.00130318 -0.00163348 -0.00131579 0.00340909 -0.00175906 -0.00135135 0.000678295 0.0046 -0.00300752 -0.00514019
internal_weight=87633 1041 106 935 881 309 207 102 572 476 396 342 270 133 137 118 86592 198 121 86394 1669 1607 1539 132 1407 1332 516 250 266 214
internal_count=87633 1041 106 935 881 309 207 102 572 476 396 342 270 133 137 118 86592 198 121 86394 1669 1607 1539 132 1407 1332 516 250 266 214
is_linear=0
shrinkage=0.05


Tree=102
num_leaves=31
num_cat=0
split_feature=39 38 13 7 7 18 5 9 36 5 41 39 17 15 22 23 21 20 13 18 5 4 19 13 7 38 25 9 24 15
split_gain=0.642443 2.06694 1.72331 1.37512 2.30753 2.03142 1.1055 1.05519 2.01095 1.64896 1.26021 1.69222 1.85734 1.16303 1.45098 1.40659 1.14089 1.3224 1.39474 1.05556 0.96821 1.70671 1.21265 1.28085 1.77802 1.73292 2.30492 1.8417 1.75823 2.73855
threshold=543.28571428571388 75.222128740452959 -0.019812920051635863 0.0026929257967747817 0.00085721901125101346 314.07499999999715 -0.00046863570475292297 -0.0062052135587828293 347.83159126761899 0.00078106961276740345 -328.8986431190059 236.55107142857173 0.0014013800591188162 0.0018559078443529848 183.37925699999997 0.90654792011447716 23.254999999997384 12.224999999998547 -0.013156019133084017 -479.18499999999761 -0.0025597514505375204 49.920830000000002 267.3300000000018 -0.0068613253474107613 -0.0045234860724532667 35.315100772555724 3.1326614075005081 -0.0047109307420402846 72.010259800000014 0.0015954463076699251
decision_type=2 2 2 2 2 2 2 2 2 2 2 2 2 2 2 2 2 2 2 2 2 2 2 2 2 2 2 2 2 2
left_child=7 2 6 4 -4 -5 -2 8 9 10 -1 12 -12 -13 16 -16 -15 -18 -19 -9 21 -21 -23 24 -24 27 28 -25 29 -27
right_child=1 -3 3 5 -6 -7 -8 19 -10 -11 11 13 -14 14 15 -17 17 18 -20 20 -22 22 23 25 -26 26 -28 -29 -30 -31
leaf_value=3.5112105994074485e-05 4.1180659341392148e-05 3.7423849162418235e-05 -1.8473937447942133e-05 3.0291737673788676e-05 -6.4954482955733052e-05 -4.2723973443640004e-05 -4.6964501526302529e-06 3.9405401194618271e-05 3.5111181403346896e-05 2.9691727031537411e-05 -2.04003265785836e-06 -3.8378222545387376e-05 2.9137294833842737e-05 -4.1542671678842519e-05 -3.1951061166775374e-07 -7.118255328907723e-05 -2.6080156520058342e-05 2.2444795225783786e-05 3.5692427776933698e-05 2.3528198360141073e-05 5.365273591623912e-09 -1.5278737134519909e-05 2.0367376458004343e-06 -5.2942286889202521e-06 -2.6000779299117006e-05 1.1053704872135341e-06 -4.2880985015612691e-05 2.2398404065370171e-05 1.4598012858037746e-06 -3.0546050402274851e-05
leaf_weight=124 76 64 282 78 64 64 60 105 97 64 86 51 72 53 91 91 61 57 65 61 84329 68 119 53 284 81 52 152 654 75
leaf_count=124 76 64 282 78 64 64 60 105 97 64 86 51 72 53 91 91 61 57 65 61 84329 68 119 53 284 81 52 152 654 75
internal_value=-4.27921e-06 -0.00152616 -0.00240385 -0.00379098 -0.00549133 0.000352113 0.00257353 7.76353e-06 0.00169956 0.000889571 0.000233023 -0.000677831 0.00379747 -0.0021855 -0.00131579 -0.00467033 0.00127119 0.00314208 0.00614754 -1.01705e-05 -1.62927e-05 -0.00123515 -0.00156047 -0.0012585 -0.00366005 -0.000351453 -0.00133411 0.00378049 -0.000679012 -0.00544872
internal_weight=87633 688 624 488 346 142 136 86945 912 815 751 627 158 469 418 182 236 183 122 86033 85928 1599 1538 1470 403 1067 862 205 810 156
internal_count=87633 688 624 488 346 142 136 86945 912 815 751 627 158 469 418 182 236 183 122 86033 85928 1599 1538 1470 403 1067 862 205 810 156
is_linear=0
shrinkage=0.05


Tree=103
num_leaves=31
num_cat=0
split_feature=39 4 19 9 19 20 28 3 0 15 13 42 36 4 40 21 23 39 22 36 11 17 9 22 21 19 5 11 32 13
split_gain=0.76838 1.78414 1.61099 2.36854 2.32448 1.35684 1.37249 1.89365 1.0026 0.900489 1.55468 1.8569 1.0904 0.826354 2.86081 1.9941 1.11259 1.50226 1.26048 2.02412 1.72157 1.6234 1.57409 1.24044 1.19946 1.10393 0.939908 1.06142 0.908388 1.94702
threshold=543.28571428571388 155.36735500000003 480.75000000000006 -0.00091686988775795673 402.81999999999977 237.06499999999508 -810.30748606637633 89431.10000000002 84902.895000000004 0.0043649083500650046 0.0076787843354583175 -65.824730557604354 -387.59057360051514 356.95968000000005 -606.86255595799582 333.64499999999686 1.3913124465895585 407.90785714285875 139.47232500000001 -2284.0497016947625 -0.0041041446479882599 0.0017823696182041994 0.0010388585077777334 200.45271725000003 44.819999999999716 567.40999999999633 -0.0051199951391565799 -0.0062157012085549421 -819.08481456708239 -0.0090249674893380996
decision_type=2 2 2 2 2 2 2 2 2 2 2 2 2 2 2 2 2 2 2 2 2 2 2 2 2 2 2 2 2 2
left_child=9 -2 3 -3 -5 6 -4 8 -8 13 11 -11 -13 15 -15 26 17 -16 -18 25 21 -21 -22 24 -24 -20 27 -1 -28 -30
right_child=1 2 5 4 -6 -7 7 -9 -10 10 -12 12 -14 14 16 -17 18 -19 19 20 22 -23 23 -25 -26 -27 28 -29 29 -31
leaf_value=5.2202612749339569e-06 -3.2584418662028472e-05 -1.3731391037060865e-05 3.5988580233040741e-06 6.6023661644777996e-06 0.00013984042857443079 3.3560774361875644e-05 -4.7346033335295526e-05 -1.5516960592123936e-07 -7.3412811043814039e-05 -9.7972060686952645e-06 -2.231198008417824e-05 9.7374746129362728e-05 1.1604503319986669e-05 4.8574154080077377e-05 -1.917869825050265e-05 4.3285354495826319e-05 -1.3571417962902452e-05 1.4654866204603437e-06 -3.5566271133140683e-06 3.3513163467856888e-05 -2.1904961300796722e-05 7.584016591436113e-06 -1.6874042948228857e-05 3.5427554214517721e-05 2.8644926139835544e-06 -5.1890375875920449e-05 -2.9864378779626872e-06 4.7712937523078484e-05 1.4186987077846301e-05 7.5457020645992964e-09
leaf_weight=67 92 98 88 70 52 107 63 67 51 74 97 63 50 70 193 72 388 120 61 67 64 94 50 75 52 57 2465 50 535 82181
leaf_count=67 92 98 88 70 52 107 63 67 51 74 97 63 50 70 193 72 388 120 61 67 64 94 50 75 52 57 2465 50 535 82181
internal_value=-7.13202e-06 -0.00167151 -0.000671141 0.00272727 0.00737705 -0.00265957 -0.0045539 -0.0070442 -0.0109649 6.0383e-06 0.0028169 0.00548128 0.00951327 -3.17328e-06 -0.00125871 1.58135e-05 -0.00182228 -0.00439297 -0.000936123 0.000673077 0.00236318 0.00636646 -0.000311203 0.00211864 -0.00147059 -0.00508475 8.7927e-06 0.00448718 2.64143e-06 3.08284e-05
internal_weight=87633 688 596 220 122 376 269 181 114 86945 284 187 113 86661 1291 85370 1221 313 908 520 402 161 241 177 102 118 85298 117 85181 82716
internal_count=87633 688 596 220 122 376 269 181 114 86945 284 187 113 86661 1291 85370 1221 313 908 520 402 161 241 177 102 118 85298 117 85181 82716
is_linear=0
shrinkage=0.05


Tree=104
num_leaves=31
num_cat=0
split_feature=42 38 7 7 18 23 38 16 7 20 25 27 31 23 26 13 36 27 23 36 18 17 5 11 41 32 40 40 42 7
split_gain=0.664684 1.47785 1.8297 3.40903 2.27099 2.43209 2.25553 2.39597 2.16099 1.80601 1.76638 1.73183 1.99502 1.99088 2.12867 1.69 1.63743 1.62319 1.60486 1.46716 1.46551 1.77717 1.37026 1.86932 1.67705 2.30107 1.79742 1.8799 1.69 1.63613
threshold=-9.1366124429872215 37.072852197427423 -0.00072797870588787853 -0.00080919623060057269 -22.885000000002034 1.3913124465895585 32.812029520919374 0.00092245036984060661 -0.00036773556038916221 6.8499999999985457 -0.38867162917361014 109159.5855 113850.41960000001 -0.52394379603572094 91253.441783393515 -0.0037795401197004649 -909.27133857628348 111794.66675000002 0.44985785543265705 169.19564917576648 -43.564999999995045 0.001890317994373321 -0.0051199951391565799 -0.0033221177348868088 111.42829405425572 245.83953416399166 -46.555067748857248 -84.677299205301082 16.408152277436617 -0.0015718228891359353
decision_type=2 2 2 2 2 2 2 2 2 2 2 2 2 2 2 2 2 2 2 2 2 2 2 2 2 2 2 2 2 2
left_child=-1 2 3 11 5 6 7 -4 9 -6 -11 13 17 20 -15 -9 -16 -13 -18 -10 21 -2 -3 24 26 -26 27 -24 -27 -28
right_child=1 22 4 -5 8 -7 -8 15 19 10 -12 12 -14 14 16 -17 18 -19 -20 -21 -22 -23 23 -25 25 28 29 -29 -30 -31
leaf_value=2.1959565425913882e-07 2.2619878260966141e-05 5.774144398477113e-05 -5.36186695654047e-06 1.1283957233046228e-05 -1.0507210086525826e-05 4.2962775576399779e-06 -1.0644751219982677e-05 -1.4109021833306606e-05 2.8982900241202147e-07 8.686379768847962e-06 -1.2852684739321754e-05 -5.1727357806251487e-06 -5.1340555561008169e-07 -1.1350687673980915e-05 -9.3716222676997709e-06 1.6183489749303846e-05 1.5086184665404998e-05 -1.7144581220135755e-05 -1.4033029832207426e-07 -6.1925116400934966e-06 -2.2002719783818457e-07 2.1946645663627013e-07 -1.5273348284322455e-05 -9.4747453975384697e-09 3.185498598983114e-05 -3.4892853101789336e-05 -1.3152380868662343e-05 1.6479837356503864e-05 1.0077188162486013e-05 -2.8615498503863151e-05
leaf_weight=32995 77 74 216 87 70 55 377 50 1076 54 61 67 183 187 88 50 77 51 64 108 64 53 320 50697 57 50 124 74 50 77
leaf_count=32995 77 74 216 87 70 55 377 50 1076 54 61 67 183 187 88 50 77 51 64 108 64 53 320 50697 57 50 124 74 50 77
internal_value=8.55842e-07 -0.000106153 -0.00116372 0.000601202 -0.00199575 -0.00421123 -0.00501443 -0.00189873 -0.000785245 -0.00581081 -0.00195652 -0.000301866 -0.00340532 0.00122951 -0.000721154 0.0045 0.00251092 -0.00847458 0.00585106 0 0.00541237 0.00846154 -4.22142e-05 -5.19932e-05 -0.0025266 0.00207006 -0.0037395 -0.00177665 -0.0025 -0.00758706
internal_weight=87633 54638 3115 998 2117 748 693 316 1369 185 115 911 301 610 416 100 229 118 141 1184 194 130 51523 51449 752 157 595 394 100 201
internal_count=87633 54638 3115 998 2117 748 693 316 1369 185 115 911 301 610 416 100 229 118 141 1184 194 130 51523 51449 752 157 595 394 100 201
is_linear=0
shrinkage=0.05


Tree=105
num_leaves=31
num_cat=0
split_feature=39 38 13 26 5 21 42 13 18 11 23 23 25 15 17 0 36 23 25 7 7 9 19 7 28 41 28 21 1 20
split_gain=0.712856 1.73882 1.47814 1.15482 0.951084 0.902881 1.79512 2.0524 1.68035 1.42102 0.842422 1.54582 1.4597 3.55299 1.39356 0.852171 0.84006 0.785077 2.38515 2.13422 4.04173 2.71511 1.95412 2.82638 2.00238 1.87456 3.24713 1.7909 2.37511 1.88418
threshold=543.28571428571388 75.222128740452959 -0.019812920051635863 80644.747159944469 -0.00046863570475292297 268.36000000000064 -61.344995183675678 -0.0096519141815665285 -63.689999999995045 -0.0011165561803539437 -0.18245028536975469 -0.35117833959663364 -0.35283178446363772 0.0039044610329373179 0.0039783480910729639 87391.12000000001 -5.7563856066844883 1.797103461761701 0.77845138759321497 0.0016988012260666094 0.0015218958349864245 0.0025088770507278499 95.745000000002634 0.00066947573602084973 95.947514730782146 111.42829405425572 543.09030256221024 12.200000000004367 108680.00500000002 47.769999999996806
decision_type=2 2 2 2 2 2 2 2 2 2 2 2 2 2 2 2 2 2 2 2 2 2 2 2 2 2 2 2 2 2
left_child=5 2 4 -4 -2 17 7 -7 -8 -10 11 12 13 -5 -14 -12 -11 18 -1 20 21 -20 23 -19 -25 26 -21 -23 29 -29
right_child=1 -3 3 10 -6 6 8 -9 9 16 15 -13 14 -15 -16 -17 -18 22 19 25 -22 27 -24 24 -26 -27 -28 28 -30 -31
leaf_value=-3.4900306185301262e-08 3.8106568078450753e-05 3.5900294457641753e-05 4.3233606039665566e-05 5.6001528968553687e-05 -4.9635204683645487e-06 8.9132871888391559e-06 -2.8465729595012002e-05 5.172563127084656e-05 -1.3090649965937217e-05 3.7287418590419119e-05 -0.00010145644708716858 3.5736054185900712e-05 -4.8052314662747295e-05 -4.6100146351870641e-05 -1.2689021227851569e-05 -2.4341529050386748e-05 3.7295610648939925e-06 5.8145680816634656e-08 1.456096707564883e-06 5.8052819095489397e-06 -1.3537437618456429e-05 -2.3039882234554597e-05 -1.4975182889922213e-06 1.3152835644281842e-05 4.0340990686358588e-06 1.8407110730322859e-05 -1.7783672427556303e-05 -3.2494518036124967e-05 7.0029313444418095e-06 -5.6966687472432967e-07
leaf_weight=72038 76 64 51 51 60 98 84 50 62 50 56 50 82 56 59 83 52 807 6032 969 159 50 5608 70 140 384 109 55 60 68
leaf_count=72038 76 64 51 51 60 98 84 50 62 50 56 50 82 56 59 83 52 807 6032 969 159 50 5608 70 140 384 109 55 60 68
internal_value=4.27921e-06 -0.00159884 -0.00240385 -0.00368852 0.00220588 1.69647e-05 0.00239899 0.00675676 -0.000201613 0.0027439 -0.00451945 -0.00302013 -0.0046371 -0.000233645 -0.00797872 -0.00773381 0.00637255 6.06593e-06 4.9422e-05 0.000874968 0.000482565 0.000682362 -0.000516981 0.00149951 0.00666667 0.00259918 0.00153061 -0.00461373 -0.0023224 -0.00630081
internal_weight=87633 688 624 488 136 86945 396 148 248 164 437 298 248 107 141 139 102 86549 79924 7886 6424 6265 6625 1017 210 1462 1078 233 183 123
internal_count=87633 688 624 488 136 86945 396 148 248 164 437 298 248 107 141 139 102 86549 79924 7886 6424 6265 6625 1017 210 1462 1078 233 183 123
is_linear=0
shrinkage=0.05


Tree=106
num_leaves=31
num_cat=0
split_feature=9 9 32 38 7 16 21 17 5 19 17 36 21 42 39 13 41 21 36 20 11 9 7 22 22 40 28 13 40 40
split_gain=0.656268 2.20859 1.69017 2.90577 2.92594 2.14084 2.98068 1.92266 1.72436 1.71692 2.26575 1.92191 1.75808 1.64511 1.8797 2.22144 2.06199 1.81721 1.59433 1.56064 1.54095 1.80331 1.89127 2.08759 2.10289 1.69052 2.05018 2.81256 2.12276 1.64861
threshold=0.00069778937662684796 0.00060004748628937133 92.324708820451647 49.196459311166976 -0.00030684651444377571 0.0012553016938890579 58.459999999999134 0.0014921632841607762 0.00071816573907157661 129.53000000000614 0.00080542010586652989 -377.70440394286555 21.069999999999713 5.8871325842301667 58.518214285714627 -0.00059044035337739713 124.13252115150381 1.0000000180025095e-35 103.48342039869023 44.904999999998843 0.0026211198411468157 0.00056609969995379005 0.00057114220310187198 49.953672749999996 68.340002249999984 -42.247556628142767 243.89418254936757 0.0061911068707187896 246.92377377067172 -318.6706814521603
decision_type=2 2 2 2 2 2 2 2 2 2 2 2 2 2 2 2 2 2 2 2 2 2 2 2 2 2 2 2 2 2
left_child=1 20 3 9 -5 13 7 -7 -6 10 12 -11 -3 14 -4 -16 -17 -15 -13 -19 -1 22 29 -24 -25 -26 -27 -28 -29 -22
right_child=-2 2 5 4 8 6 -8 -9 -10 11 -12 18 -14 17 15 16 -18 19 -20 -21 21 -23 23 24 25 26 27 28 -30 -31
leaf_value=-7.4194425763255952e-09 -2.7036717397631719e-07 -3.1891078313437169e-06 -3.509987594591738e-06 -9.2642301863742812e-06 8.5503215167180627e-06 2.5981284973946582e-05 -1.6099243001815413e-05 7.5266969405430411e-06 2.8438212789147618e-07 5.2468571683538135e-06 7.8444724997944579e-06 -1.4134052948066325e-05 6.4401104663713799e-06 7.0687732717873858e-06 -4.8829099903166738e-06 9.2670531360655663e-06 -2.6175673532160791e-06 -6.2244821496828735e-06 -7.4958371060788927e-07 5.6964638885806435e-06 3.9441214179866019e-05 -1.0935176081168546e-05 1.6036259625580776e-05 -9.4827504865953255e-06 -4.8958325586893861e-06 3.3036721828142418e-05 -6.399867417817957e-06 2.0353332958075146e-05 5.6585925252514911e-06 7.3331395131578927e-07
leaf_weight=55905 27440 164 53 59 362 58 57 50 87 106 165 59 69 78 57 181 55 295 50 53 54 57 95 73 113 79 84 54 74 1547
leaf_count=55905 27440 164 53 59 362 58 57 50 87 106 165 59 69 78 57 181 55 295 50 53 54 57 95 73 113 79 84 54 74 1547
internal_value=-1.4264e-06 9.09574e-05 0.00170068 0.0030107 0.00580709 0.000133404 0.00530303 0.0101852 0.00718263 0.000693312 0.00263819 -0.00290698 -0.000536481 -0.000971503 0.0015896 0.003157 0.00529661 -0.00305164 -0.00756881 -0.0045977 3.39726e-05 0.00132287 0.00155315 0.00402098 0.00267296 0.00408416 0.00609966 0.00353774 0.00820313 0.000671455
internal_weight=87633 60193 2058 1121 508 937 165 108 449 613 398 215 233 772 346 293 236 426 109 348 58135 2230 2173 572 477 404 291 212 128 1601
internal_count=87633 60193 2058 1121 508 937 165 108 449 613 398 215 233 772 346 293 236 426 109 348 58135 2230 2173 572 477 404 291 212 128 1601
is_linear=0
shrinkage=0.05


Tree=107
num_leaves=31
num_cat=0
split_feature=28 0 23 20 23 16 19 22 16 35 34 34 25 13 21 31 15 31 9 34 19 42 42 16 34 39 16 40 42 17
split_gain=0.664017 1.75061 2.32203 3.65313 3.19351 2.47065 2.45814 2.72463 2.53391 2.49171 3.08826 2.28568 2.25249 2.16095 1.95503 2.40755 2.09221 1.79487 1.69373 1.62578 1.84422 2.17705 3.2385 1.6233 2.42911 1.56654 2.43534 1.54784 1.69085 1.52646
threshold=100.2581885036707 114886.87000000001 -0.37811012892852386 1.0000000180025095e-35 -0.41155867167217836 0.00097538472444793321 92.064999999995067 92.887201750000003 0.0021913256170885522 120842.19352500002 118559.28419671334 114531.18605504167 -0.53972984147038583 -0.0011076226224778377 54.004999999997388 117566.77260000001 0.00075956090497767564 114530.24710000002 0.0033635573436442702 117066.88354482914 121.64499999999681 22.30636371446062 47.234261650505815 0.0011204945459910344 119182.94071702061 96.234999999997996 0.0012477177670966518 156.71724179455489 49.613652476934362 0.0008103400355208251
decision_type=2 2 2 2 2 2 2 2 2 2 2 2 2 2 2 2 2 2 2 2 2 2 2 2 2 2 2 2 2 2
left_child=-1 17 4 25 11 -6 12 14 9 10 27 -3 -5 -13 15 18 -16 29 19 20 -8 -22 -23 -17 -25 -4 -27 -9 -29 -2
right_child=1 2 3 6 5 -7 7 8 -10 -11 -12 13 -14 -15 16 23 -18 -19 -20 -21 21 22 -24 24 -26 26 -28 28 -30 -31
leaf_value=7.4076623170801181e-08 -1.7755945105156732e-06 1.1135328869402467e-05 6.3451286563395164e-06 8.0938600913467819e-06 -1.7346163590427069e-05 -4.9716556834328966e-07 1.5546345237068845e-05 -3.1282891005742968e-06 1.8331598740059808e-05 -3.5090124356431698e-05 1.1715215575294648e-05 -1.8547255976007979e-05 -5.2159913811801991e-06 -2.473362463537122e-07 -1.769413351785332e-07 -4.0306691942595725e-06 1.3916956523778141e-05 -1.7117448814736114e-05 2.1212544166310671e-05 7.3674030831438044e-06 6.4430872278391222e-06 -1.4861473605744326e-05 8.9675084474466303e-06 2.4620123904940596e-05 -1.0615264009254836e-05 2.2367021351324903e-06 2.2534022803371765e-05 -3.3909232107245597e-05 -5.8201210139249645e-06 -2.7569924009530482e-07
leaf_weight=62174 4107 112 123 52 57 50 98 87 82 50 97 60 474 1579 103 526 267 67 50 92 112 98 54 88 66 196 55 60 62 16535
leaf_count=62174 4107 112 123 52 57 50 98 87 82 50 97 60 474 1579 103 526 267 67 50 92 112 98 54 88 66 196 55 60 62 16535
internal_value=1.99696e-06 -0.000213088 0.000652632 0.00153873 -0.000726588 -0.00911215 0.000853852 0.00165663 -0.00182648 -0.00365169 -0.00196078 -0.000214163 -0.00218631 -0.000686394 0.00263835 0.00164696 0.00581081 -0.000411657 0.00426587 0.00330396 0.00179558 -0.000378788 -0.00427632 -0.000294118 0.00422078 0.00614973 0.00388446 -0.00538278 -0.00901639 -0.000385137
internal_weight=87633 25459 4750 2892 1858 107 2518 1992 438 356 306 1751 526 1639 1554 1184 370 20709 504 454 362 264 152 680 154 374 251 209 122 20642
internal_count=87633 25459 4750 2892 1858 107 2518 1992 438 356 306 1751 526 1639 1554 1184 370 20709 504 454 362 264 152 680 154 374 251 209 122 20642
is_linear=0
shrinkage=0.05


Tree=108
num_leaves=31
num_cat=0
split_feature=24 42 16 36 4 19 19 20 17 31 3 38 15 15 20 24 5 18 4 9 25 20 36 38 15 23 25 20 39 7
split_gain=0.712612 1.46021 1.65079 1.87575 1.789 2.38962 2.08735 1.93642 1.93244 2.5977 3.45097 2.44784 2.24852 3.07746 3.26504 2.26068 2.13585 2.5431 2.09198 1.9924 1.95636 2.35135 1.88782 2.92802 2.65495 1.86228 1.99411 1.95619 1.89337 1.8592
threshold=102.91398790000001 -135.76581181610317 0.0011467355045766518 -1753.1206271856643 39.487880000000011 151.14499999999683 229.53500000000352 76.935000000004962 0.0013013131941218769 111328.04410000001 117387.99500000001 44.45493669989375 0.0012772397273486437 0.00075956090497767564 10.534999999996218 75.963816900000012 0.00081360873466215322 24.495000000002623 27.244415000000004 0.00023983248837094597 -0.79375783693303659 29.694999999999713 -11.105902582537963 46.680979104526607 0.0014782959365385771 1.7443739688263815 0.23618207046837855 19.525000000001459 199.70535714285666 -0.00019917549993782245
decision_type=2 2 2 2 2 2 2 2 2 2 2 2 2 2 2 2 2 2 2 2 2 2 2 2 2 2 2 2 2 2
left_child=1 -1 3 -3 6 7 8 25 9 -4 18 16 13 -13 15 -15 17 29 19 -11 21 -16 -9 -24 -25 26 -6 28 -28 -10
right_child=-2 2 4 -5 5 -7 -8 22 11 10 -12 12 -14 14 20 -17 -18 -19 -20 -21 -22 -23 23 24 -26 -27 27 -29 -30 -31
leaf_value=-3.5998999167425531e-05 -5.5686046097513625e-07 1.6198432433204021e-05 6.6569130886228578e-06 -4.7208482927283638e-08 -2.3865461241676761e-06 1.5284286203699608e-06 1.3929063087049517e-05 -2.019479263515494e-05 3.7731182257427534e-07 -9.378158913830585e-06 5.8333953637879763e-06 1.1767213345032632e-05 9.4985924216013243e-06 -2.1320894656243849e-06 -1.69073149104743e-05 1.5923344184966904e-05 8.5426934182421701e-06 -2.3195971839548598e-05 -1.1985154479433387e-05 1.2685801650131728e-05 -1.2664765728048037e-05 1.0065380101098641e-05 1.3645999738969394e-05 -2.4400805783373585e-05 5.7994735656345791e-06 -1.4854236936363952e-05 -6.4691837482864129e-06 9.389098864196048e-06 1.4190123960854715e-05 -1.4976950145305686e-05
leaf_weight=138 15525 54 1666 55390 2247 9032 180 133 191 76 253 69 661 117 74 117 68 102 182 70 196 109 52 67 63 75 201 340 58 127
leaf_count=138 15525 54 1666 55390 2247 9032 180 133 191 76 253 69 661 117 74 117 68 102 182 70 196 109 52 67 63 75 201 340 58 127
internal_value=-2.85281e-07 6.58734e-05 7.5726e-05 -5.50105e-05 0.000514341 0.000207858 0.00139737 -0.000957973 0.00116479 0.00214731 -0.000731497 -4.09612e-05 0.00106106 -0.000953079 -0.00207993 0.0025641 -0.00307377 -0.00440476 -0.00411585 0.000342466 -0.00494723 -0.00122951 -0.00468254 -0.00137363 -0.00538462 -0.000556316 -0.00035137 0.00221202 -0.00106178 -0.00220126
internal_weight=87633 72108 71970 55444 16526 12268 4258 3236 4078 2247 581 1831 1343 682 613 234 488 420 328 146 379 183 315 182 130 2921 2846 599 259 318
internal_count=87633 72108 71970 55444 16526 12268 4258 3236 4078 2247 581 1831 1343 682 613 234 488 420 328 146 379 183 315 182 130 2921 2846 599 259 318
is_linear=0
shrinkage=0.05


Tree=109
num_leaves=31
num_cat=0
split_feature=13 0 39 21 0 17 28 15 17 25 39 1 16 13 9 5 11 21 20 34 36 4 25 15 39 16 38 38 23 23
split_gain=0.642546 2.08308 2.5501 2.27904 2.24908 2.26299 1.91958 2.08743 1.85911 2.47629 1.81805 1.92481 2.45863 1.70168 1.5784 2.68047 2.12905 2.39015 1.83232 1.86119 1.71003 1.62576 1.75173 2.75594 3.38478 2.60508 2.4757 2.19552 1.98108 1.86549
threshold=0.0035994810425758385 95336.765000000014 102.67142857142765 18.564999999995056 95020.365000000005 0.0008103400355208251 381.91583361106319 0.0016121988687134421 0.0009130464047045658 0.32808317017025979 77.922142857144692 97041.080000000016 0.0012981478605026081 0.0015149811030386029 -0.00031559444596402942 -0.00027336252505936266 0.00036139933605100987 10.280000000006114 7.7000000000043665 115757.51022753207 1056.4428437189347 24.534420000000004 0.32808317017025979 0.0026877050830305684 340.55678571428615 0.00085797430986605139 59.379394955402077 68.383190196931437 -0.43052443711207816 3.3341648539318722
decision_type=2 2 2 2 2 2 2 2 2 2 2 2 2 2 2 2 2 2 2 2 2 2 2 2 2 2 2 2 2 2
left_child=6 2 3 -2 5 -4 -1 -8 9 -7 -3 12 -12 -9 15 16 17 -13 -17 -20 -19 -16 25 24 26 28 -24 -25 -23 -28
right_child=1 10 4 -5 -6 8 7 13 -10 -11 11 14 -14 -15 21 18 -18 20 19 -21 -22 22 23 27 -26 -27 29 -29 -30 -31
leaf_value=5.7206638796246699e-08 -3.4909060699409729e-06 9.9619367488403551e-06 -1.2459354657475206e-05 -1.8667076741906093e-05 -2.6023937967823445e-05 1.6679124709863659e-05 8.1751779210492278e-07 -1.3052929938220003e-06 -2.2663053490934744e-06 -4.9986729757097139e-07 -1.7695546814346393e-06 1.4102595966393429e-05 2.3637986975336851e-05 -3.9549740150546548e-05 4.1250428372784754e-06 7.4715513412601435e-06 1.3732694314113432e-05 -1.4120773522223557e-05 -2.4123702810765879e-06 -1.4500402530456646e-05 2.1121609564613646e-05 1.6563752533288185e-06 -1.1702654023726414e-05 -3.7673428040471072e-05 2.9360459264984018e-05 -1.4265241266787185e-06 3.2989891004140504e-06 -2.5015627808703221e-06 -1.1345753895763139e-05 -1.2115469874623981e-05
leaf_weight=75674 165 69 56 99 51 66 151 52 4725 81 97 74 156 94 260 100 362 142 324 75 51 84 68 52 87 2320 1592 87 262 157
leaf_count=75674 165 69 56 99 51 66 151 52 4725 81 97 74 156 94 260 100 362 142 324 75 51 84 68 52 87 2320 1592 87 262 157
internal_value=2.56753e-06 -0.000342994 -0.0010824 -0.00587121 -0.00082848 -0.000720373 5.56133e-05 -0.00395623 -0.000605501 0.00493197 0.000260944 0.000173228 0.00444664 -0.00821918 -4.10038e-06 0.0016844 0.00385533 0.000468165 -0.0010521 -0.00256892 -0.00246114 -0.000387402 -0.000599915 0.000501713 0.000997899 -0.00144411 0.000536599 -0.00629496 -0.00549133 0.000900515
internal_weight=87633 11662 5243 264 4979 4928 75971 297 4872 147 6419 6350 253 146 6097 1128 629 267 499 399 193 4969 4709 2043 1904 2666 1817 139 346 1749
internal_count=87633 11662 5243 264 4979 4928 75971 297 4872 147 6419 6350 253 146 6097 1128 629 267 499 399 193 4969 4709 2043 1904 2666 1817 139 346 1749
is_linear=0
shrinkage=0.05


end of trees

feature_importances:
log_return_2=179
log_return_3=164
upper_wick=158
log_return_6=151
lower_wick=138
volume_zscore_20=138
volume_zscore_50=138
macd_hist=136
candle_range=131
price_minus_ema_200=130
vol_std_20=124
rsi=124
price_minus_ema_20=122
vol_std_10=117
vol_std_50=115
volume_mean_20=107
log_return_1=105
log_return_12=103
atr=100
candle_body=98
macd_signal=95
volume_mean_50=94
volume=89
price_minus_ema_50=84
macd=69
sma_200=50
open=41
ema_200=38
high=30
low=26
sma_50=26
ema_50=23
close=22
ema_20=19
sma_20=16

parameters:
[boosting: gbdt]
[objective: quantile]
[metric: quantile]
[tree_learner: serial]
[device_type: cpu]
[data_sample_strategy: bagging]
[data: ]
[valid: ]
[num_iterations: 600]
[learning_rate: 0.05]
[num_leaves: 31]
[num_threads: 0]
[seed: 42]
[deterministic: 0]
[force_col_wise: 0]
[force_row_wise: 0]
[histogram_pool_size: -1]
[max_depth: -1]
[min_data_in_leaf: 50]
[min_sum_hessian_in_leaf: 0.001]
[bagging_fraction: 1]
[pos_bagging_fraction: 1]
[neg_bagging_fraction: 1]
[bagging_freq: 0]
[bagging_seed: 400]
[bagging_by_query: 0]
[feature_fraction: 1]
[feature_fraction_bynode: 1]
[feature_fraction_seed: 30056]
[extra_trees: 0]
[extra_seed: 12879]
[early_stopping_round: 0]
[early_stopping_min_delta: 0]
[first_metric_only: 0]
[max_delta_step: 0]
[lambda_l1: 0]
[lambda_l2: 0]
[linear_lambda: 0]
[min_gain_to_split: 0]
[drop_rate: 0.1]
[max_drop: 50]
[skip_drop: 0.5]
[xgboost_dart_mode: 0]
[uniform_drop: 0]
[drop_seed: 17869]
[top_rate: 0.2]
[other_rate: 0.1]
[min_data_per_group: 100]
[max_cat_threshold: 32]
[cat_l2: 10]
[cat_smooth: 10]
[max_cat_to_onehot: 4]
[top_k: 20]
[monotone_constraints: ]
[monotone_constraints_method: basic]
[monotone_penalty: 0]
[feature_contri: ]
[forcedsplits_filename: ]
[refit_decay_rate: 0.9]
[cegb_tradeoff: 1]
[cegb_penalty_split: 0]
[cegb_penalty_feature_lazy: ]
[cegb_penalty_feature_coupled: ]
[path_smooth: 0]
[interaction_constraints: ]
[verbosity: -1]
[saved_feature_importance_type: 0]
[use_quantized_grad: 0]
[num_grad_quant_bins: 4]
[quant_train_renew_leaf: 0]
[stochastic_rounding: 1]
[linear_tree: 0]
[max_bin: 255]
[max_bin_by_feature: ]
[min_data_in_bin: 3]
[bin_construct_sample_cnt: 200000]
[data_random_seed: 175]
[is_enable_sparse: 1]
[enable_bundle: 1]
[use_missing: 1]
[zero_as_missing: 0]
[feature_pre_filter: 1]
[pre_partition: 0]
[two_round: 0]
[header: 0]
[label_column: ]
[weight_column: ]
[group_column: ]
[ignore_column: ]
[categorical_feature: ]
[forcedbins_filename: ]
[precise_float_parser: 0]
[parser_config_file: ]
[objective_seed: 16083]
[num_class: 1]
[is_unbalance: 0]
[scale_pos_weight: 1]
[sigmoid: 1]
[boost_from_average: 1]
[reg_sqrt: 0]
[alpha: 0.5]
[fair_c: 1]
[poisson_max_delta_step: 0.7]
[tweedie_variance_power: 1.5]
[lambdarank_truncation_level: 30]
[lambdarank_norm: 1]
[label_gain: ]
[lambdarank_position_bias_regularization: 0]
[eval_at: ]
[multi_error_top_k: 1]
[auc_mu_weights: ]
[num_machines: 1]
[local_listen_port: 12400]
[time_out: 120]
[machine_list_filename: ]
[machines: ]
[gpu_platform_id: -1]
[gpu_device_id: -1]
[gpu_use_dp: 0]
[num_gpu: 1]

end of parameters

pandas_categorical:[]
